gameId,driveId,id,driveNumber,playNumber,offense,offenseConference,offenseScore,defense,defenseConference,defenseScore,home,away,period,clock,offenseTimeouts,defenseTimeouts,yardline,yardsToGoal,down,distance,yardsGained,scoring,playType,playText,ppa,wallclock
401762522,4017625222,401762522101906101,2,1,South Florida,American Athletic,0,Boise State,Mountain West,0,South Florida,Boise State,1,"{'minutes': 9, 'seconds': 38}",3,3,39,61,1,10,-1,False,Pass Reception,Byrum Brown pass complete to Keshaun Singleton for a loss of 1 yard to the USF 38,-1.2959010674243847,2025-08-28T21:47:42.000Z
401762522,4017625222,401762522101907401,2,2,South Florida,American Athletic,0,Boise State,Mountain West,0,South Florida,Boise State,1,"{'minutes': 9, 'seconds': 25}",3,3,38,62,2,11,0,False,Pass Incompletion,Byrum Brown pass incomplete to Mudia Reuben,-0.6436049174721772,2025-08-28T21:47:55.000Z
401762522,4017625222,401762522101908601,2,3,South Florida,American Athletic,0,Boise State,Mountain West,0,South Florida,Boise State,1,"{'minutes': 9, 'seconds': 13}",3,3,38,62,3,11,-11,False,Sack,Byrum Brown sacked by Braxton Fely and Jayden Virgin-Morgan for a loss of 11 yards to the USF 27,-0.5737626319378446,2025-08-28T21:49:11.000Z
401762522,4017625222,401762522101917101,2,4,South Florida,American Athletic,0,Boise State,Mountain West,0,South Florida,Boise State,1,"{'minutes': 8, 'seconds': 28}",3,3,27,73,4,22,0,False,Punt,"Chase Leon punt for 46 yds, punt out-of-bounds at the BOIS 27",,2025-08-28T21:49:27.000Z
401762522,4017625223,401762522101918001,3,1,Boise State,Mountain West,0,South Florida,American Athletic,0,South Florida,Boise State,1,"{'minutes': 8, 'seconds': 19}",3,3,73,73,1,10,1,False,Pass Reception,Maddux Madsen pass complete to Quinton Brown for 1 yd to the BOIS 28,-0.638641687269482,2025-08-28T21:50:09.000Z
401762522,4017625223,401762522101924801,3,2,Boise State,Mountain West,0,South Florida,American Athletic,0,South Florida,Boise State,1,"{'minutes': 7, 'seconds': 51}",3,3,72,72,2,9,0,False,Pass Incompletion,Maddux Madsen pass incomplete to Malik Sherrod,-0.4553612583833839,2025-08-28T21:50:36.000Z
401762522,4017625223,401762522101925201,3,3,Boise State,Mountain West,0,South Florida,American Athletic,0,South Florida,Boise State,1,"{'minutes': 7, 'seconds': 47}",3,3,72,72,3,9,0,False,Pass Incompletion,Maddux Madsen pass incomplete to Cameron Bates,-0.21404973600507393,2025-08-28T21:51:20.000Z
401762522,4017625223,401762522101926801,3,4,Boise State,Mountain West,0,South Florida,American Athletic,0,South Florida,Boise State,1,"{'minutes': 7, 'seconds': 31}",3,3,72,72,4,9,8,False,Punt,"Oscar Doyle punt for 51 yds , Joshua Porter returns for 8 yds to the USF 29",,2025-08-28T21:53:52.000Z
401762522,4017625224,401762522101927601,4,1,South Florida,American Athletic,0,Boise State,Mountain West,0,South Florida,Boise State,1,"{'minutes': 7, 'seconds': 23}",3,3,29,71,1,10,4,False,Pass Reception,Byrum Brown pass complete to Mudia Reuben for 4 yds to the USF 33,-0.1350508541150131,2025-08-28T21:57:32.000Z
401762522,4017625224,401762522101929701,4,2,South Florida,American Athletic,0,Boise State,Mountain West,0,South Florida,Boise State,1,"{'minutes': 7, 'seconds': 2}",3,3,33,67,2,6,1,False,Rush,Sam Franklin run for 1 yd to the USF 34,-0.645991027923216,2025-08-28T21:57:52.000Z
401762522,4017625224,401762522101937101,4,3,South Florida,American Athletic,0,Boise State,Mountain West,0,South Florida,Boise State,1,"{'minutes': 6, 'seconds': 28}",3,3,34,66,3,5,4,False,Pass Reception,Byrum Brown pass complete to Keshaun Singleton for 4 yds to the USF 38,-0.08230800512180993,2025-08-28T21:58:30.000Z
401762522,4017625224,401762522101945401,4,4,South Florida,American Athletic,0,Boise State,Mountain West,0,South Florida,Boise State,1,"{'minutes': 5, 'seconds': 45}",3,3,38,62,4,1,0,False,Rush,Byrum Brown run for no gain to the USF 38,-0.36103324008499627,2025-08-28T21:59:19.000Z
401762522,4017625225,401762522101986901,5,10,Boise State,Mountain West,0,South Florida,American Athletic,0,South Florida,Boise State,1,"{'minutes': 1, 'seconds': 30}",3,3,1,1,3,0,-5,False,Penalty,"Boise State Penalty, False Start (-5 Yards) to the USF 6",,2025-08-28T22:06:51.000Z
401762522,4017625225,401762522101946901,5,2,Boise State,Mountain West,0,South Florida,American Athletic,0,South Florida,Boise State,1,"{'minutes': 5, 'seconds': 30}",3,3,38,38,2,10,13,False,Pass Reception,Maddux Madsen pass complete to Chris Marshall for 13 yds to the USF 25 for a 1ST down,1.177400538595439,2025-08-28T22:00:46.000Z
401762522,4017625225,401762522101945901,5,1,Boise State,Mountain West,0,South Florida,American Athletic,0,South Florida,Boise State,1,"{'minutes': 5, 'seconds': 40}",3,3,38,38,1,10,0,False,Pass Incompletion,Maddux Madsen pass incomplete to Chris Marshall,-0.7828922522763084,2025-08-28T22:00:09.000Z
401762522,4017625225,401762522101956701,5,3,Boise State,Mountain West,0,South Florida,American Athletic,0,South Florida,Boise State,1,"{'minutes': 4, 'seconds': 32}",3,3,25,25,1,10,0,False,Rush,Maddux Madsen run for no gain to the USF 25,-0.4522778946200265,2025-08-28T22:01:50.000Z
401762522,4017625225,401762522101958301,5,4,Boise State,Mountain West,0,South Florida,American Athletic,0,South Florida,Boise State,1,"{'minutes': 4, 'seconds': 16}",3,3,25,25,2,10,9,False,Rush,Sire Gaines run for 9 yds to the USF 16,0.492372996200846,2025-08-28T22:02:06.000Z
401762522,4017625225,401762522101966001,5,5,Boise State,Mountain West,0,South Florida,American Athletic,0,South Florida,Boise State,1,"{'minutes': 3, 'seconds': 39}",3,3,16,16,3,1,0,False,Rush,Malik Sherrod run for no gain to the USF 16,-0.5114664295485183,2025-08-28T22:02:55.000Z
401762522,4017625225,401762522101969501,5,6,Boise State,Mountain West,0,South Florida,American Athletic,0,South Florida,Boise State,1,"{'minutes': 3, 'seconds': 4}",3,3,16,16,4,1,2,False,Rush,Sire Gaines run for 2 yds to the USF 14 for a 1ST down,0.6231725150546747,2025-08-28T22:03:23.000Z
401762522,4017625225,401762522101976601,5,7,Boise State,Mountain West,0,South Florida,American Athletic,0,South Florida,Boise State,1,"{'minutes': 2, 'seconds': 33}",3,3,14,14,1,10,10,False,Penalty,"Madsen, Maddux pass incomplete to Marshall, Chris, PENALTY SOUFLA pass interference 10 yards to the SOUFLA4, NO PLAY, 1ST DOWN BOIS.",,2025-08-28T22:04:56.000Z
401762522,4017625225,401762522101977401,5,8,Boise State,Mountain West,0,South Florida,American Athletic,0,South Florida,Boise State,1,"{'minutes': 2, 'seconds': 25}",3,3,4,4,1,4,3,False,Rush,Sire Gaines run for 3 yds to the USF 1,-0.212161718759031,2025-08-28T22:05:16.000Z
401762522,4017625225,401762522101979901,5,9,Boise State,Mountain West,0,South Florida,American Athletic,0,South Florida,Boise State,1,"{'minutes': 2, 'seconds': 0}",3,3,1,1,2,1,0,False,Fumble Recovery (Own),"Maddux Madsen run for no gain to the USF 1 Maddux Madsen fumbled, recovered by BOIS Maddux Madsen",-0.553645991706544,2025-08-28T22:06:33.000Z
401762522,4017625225,401762522101988901,5,11,Boise State,Mountain West,7,South Florida,American Athletic,0,South Florida,Boise State,1,"{'minutes': 1, 'seconds': 10}",3,3,6,6,3,6,6,True,Passing Touchdown,Maddux Madsen pass complete to Chris Marshall for 6 yds for a TD (Colton Boomer KICK),2.823761850174648,2025-08-28T22:08:09.000Z
401762522,4017625226,401762522101988903,6,1,Boise State,Mountain West,7,South Florida,American Athletic,0,South Florida,Boise State,1,"{'minutes': 1, 'seconds': 10}",3,3,65,65,3,12,0,False,Kickoff,Colton Boomer kickoff for 65 yds for a touchback,,2025-08-28T22:08:09.000Z
401762522,4017625226,401762522101999802,6,5,South Florida,American Athletic,0,Boise State,Mountain West,7,South Florida,Boise State,1,"{'minutes': 0, 'seconds': 0}",3,3,18,82,0,17,37,False,End Period,End of 1st Quarter,,2025-08-28T22:14:56.000Z
401762522,4017625226,401762522101989701,6,2,South Florida,American Athletic,0,Boise State,Mountain West,7,South Florida,Boise State,1,"{'minutes': 1, 'seconds': 2}",3,3,25,75,1,10,1,False,Rush,Cartevious Norton run for 1 yd to the USF 26,-0.5874795431016855,2025-08-28T22:13:10.000Z
401762522,4017625226,401762522101996101,6,3,South Florida,American Athletic,0,Boise State,Mountain West,7,South Florida,Boise State,1,"{'minutes': 0, 'seconds': 38}",3,3,26,74,2,9,-8,False,Sack,Byrum Brown sacked by Braxton Fely and Jeremiah Earby for a loss of 8 yards to the USF 18,-0.6635025702537503,2025-08-28T22:13:48.000Z
401762522,4017625226,401762522101999801,6,4,South Florida,American Athletic,0,Boise State,Mountain West,7,South Florida,Boise State,1,"{'minutes': 0, 'seconds': 1}",3,3,18,82,3,17,37,False,Pass Reception,Byrum Brown pass complete to Chas Nimrod for 37 yds to the BOIS 45 for a 1ST down,3.8522231480096893,2025-08-28T22:14:44.000Z
401762522,4017625226,401762522102854401,6,6,South Florida,American Athletic,0,Boise State,Mountain West,7,South Florida,Boise State,2,"{'minutes': 14, 'seconds': 55}",3,3,55,45,1,10,0,False,Pass Incompletion,Byrum Brown pass incomplete to Chas Nimrod,-0.997770018980635,2025-08-28T22:19:12.000Z
401762522,4017625226,401762522102855201,6,7,South Florida,American Athletic,0,Boise State,Mountain West,7,South Florida,Boise State,2,"{'minutes': 14, 'seconds': 47}",3,3,55,45,2,10,4,False,Pass Reception,Byrum Brown pass complete to Chas Nimrod for 4 yds to the BOIS 41,-0.1609945635553165,2025-08-28T22:19:52.000Z
401762522,4017625226,401762522102857701,6,8,South Florida,American Athletic,0,Boise State,Mountain West,7,South Florida,Boise State,2,"{'minutes': 14, 'seconds': 22}",3,3,59,41,3,6,12,False,Rush,Byrum Brown run for 12 yds to the BOIS 29 for a 1ST down,1.8469774830049075,2025-08-28T22:20:17.000Z
401762522,4017625226,401762522102859201,6,9,South Florida,American Athletic,0,Boise State,Mountain West,7,South Florida,Boise State,2,"{'minutes': 14, 'seconds': 7}",3,3,71,29,1,10,-10,False,Penalty,"Brown, Byrum pass complete to Nimrod, Chas for 13 yards to the BOIS16, PENALTY SOUFLA holding 10 yards to the BOIS39, NO PLAY.",,2025-08-28T22:21:08.000Z
401762522,4017625226,401762522102866501,6,10,South Florida,American Athletic,0,Boise State,Mountain West,7,South Florida,Boise State,2,"{'minutes': 13, 'seconds': 34}",3,3,61,39,1,20,0,False,Pass Incompletion,Byrum Brown pass incomplete to Christian Neptune,-0.9761427966851174,2025-08-28T22:21:39.000Z
401762522,4017625226,401762522102866502,6,11,South Florida,American Athletic,0,Boise State,Mountain West,7,South Florida,Boise State,2,"{'minutes': 13, 'seconds': 34}",3,3,61,39,2,20,-10,False,Penalty,"Brown, Byrum rush for 39 yards to the BOIS0, PENALTY SOUFLA holding 10 yards to the BOIS49, NO PLAY.",,2025-08-28T22:21:39.000Z
401762522,4017625226,401762522102868801,6,12,South Florida,American Athletic,0,Boise State,Mountain West,7,South Florida,Boise State,2,"{'minutes': 13, 'seconds': 11}",3,3,51,49,2,30,15,False,Pass Reception,Byrum Brown pass complete to Alvon Isaac for 15 yds to the BOIS 34,1.697762717435876,2025-08-28T22:23:32.000Z
401762522,4017625226,401762522102875601,6,13,South Florida,American Athletic,0,Boise State,Mountain West,7,South Florida,Boise State,2,"{'minutes': 12, 'seconds': 43}",3,3,66,34,3,15,0,False,Pass Incompletion,Byrum Brown pass incomplete to JeyQuan Smith,-0.9570044822417643,2025-08-28T22:23:54.000Z
401762522,4017625226,401762522102876001,6,14,South Florida,American Athletic,3,Boise State,Mountain West,7,South Florida,Boise State,2,"{'minutes': 12, 'seconds': 39}",3,3,66,34,4,15,52,True,Field Goal Good,Nico Gramatica 52 yd FG GOOD,,2025-08-28T22:24:44.000Z
401762522,4017625227,401762522102876002,7,1,South Florida,American Athletic,3,Boise State,Mountain West,7,South Florida,Boise State,2,"{'minutes': 12, 'seconds': 39}",3,3,35,65,4,15,16,False,Kickoff Return (Offense),"Nico Gramatica kickoff for 65 yds , Malik Sherrod return for 16 yds to the BOIS 16",,2025-08-28T22:28:52.000Z
401762522,4017625227,401762522102877301,7,2,Boise State,Mountain West,7,South Florida,American Athletic,3,South Florida,Boise State,2,"{'minutes': 12, 'seconds': 26}",3,3,84,84,1,10,-2,False,Rush,Malik Sherrod run for a loss of 2 yards to the BOIS 14,-0.5746773025397305,2025-08-28T22:29:20.000Z
401762522,4017625227,401762522102884301,7,3,Boise State,Mountain West,7,South Florida,American Athletic,3,South Florida,Boise State,2,"{'minutes': 11, 'seconds': 56}",3,3,86,86,2,12,0,False,Pass Incompletion,Maddux Madsen pass incomplete to Chris Marshall,-0.1452955721585001,2025-08-28T22:29:55.000Z
401762522,4017625227,401762522102885501,7,4,Boise State,Mountain West,7,South Florida,American Athletic,3,South Florida,Boise State,2,"{'minutes': 11, 'seconds': 44}",3,3,86,86,3,12,15,False,Pass Reception,Maddux Madsen pass complete to Latrell Caples for 15 yds to the BOIS 29 for a 1ST down,1.5237253291469406,2025-08-28T22:30:58.000Z
401762522,4017625227,401762522102889101,7,5,Boise State,Mountain West,7,South Florida,American Athletic,3,South Florida,Boise State,2,"{'minutes': 11, 'seconds': 8}",3,3,71,71,1,10,0,False,Rush,Sire Gaines run for no gain to the BOIS 29,-0.8305196050291288,2025-08-28T22:31:40.000Z
401762522,4017625227,401762522102896701,7,6,Boise State,Mountain West,7,South Florida,American Athletic,3,South Florida,Boise State,2,"{'minutes': 10, 'seconds': 32}",3,3,71,71,2,10,0,False,Pass Incompletion,Maddux Madsen pass incomplete to Chris Marshall,-0.43555458427823446,2025-08-28T22:32:01.000Z
401762522,4017625227,401762522102898101,7,7,Boise State,Mountain West,7,South Florida,American Athletic,3,South Florida,Boise State,2,"{'minutes': 10, 'seconds': 18}",3,3,71,71,3,10,4,False,Pass Reception,Maddux Madsen pass complete to Sire Gaines for 4 yds to the BOIS 33,-0.039744911981046016,2025-08-28T22:32:46.000Z
401762522,4017625227,401762522102905501,7,8,Boise State,Mountain West,7,South Florida,American Athletic,3,South Florida,Boise State,2,"{'minutes': 9, 'seconds': 44}",3,3,67,67,4,6,0,False,Punt,"Oscar Doyle punt for 47 yds, fair catch by Joshua Porter at the USF 20",,2025-08-28T22:33:34.000Z
401762522,4017625228,401762522102935801,8,9,South Florida,American Athletic,3,Boise State,Mountain West,7,South Florida,Boise State,2,"{'minutes': 6, 'seconds': 41}",3,2,77,23,3,10,0,False,Timeout,"Timeout Boise State, clock 06:41",,2025-08-28T22:46:13.000Z
401762522,4017625228,401762522102906201,8,1,South Florida,American Athletic,3,Boise State,Mountain West,7,South Florida,Boise State,2,"{'minutes': 9, 'seconds': 37}",3,3,20,80,1,10,0,False,Rush,Arkese Parks run for no gain to the USF 20,-0.5586693796725282,2025-08-28T22:37:35.000Z
401762522,4017625228,401762522102907901,8,2,South Florida,American Athletic,3,Boise State,Mountain West,7,South Florida,Boise State,2,"{'minutes': 9, 'seconds': 20}",3,3,20,80,2,10,2,False,Rush,Byrum Brown run for 2 yds to the USF 22,-0.17173991087276086,2025-08-28T22:37:59.000Z
401762522,4017625228,401762522102914901,8,3,South Florida,American Athletic,3,Boise State,Mountain West,7,South Florida,Boise State,2,"{'minutes': 8, 'seconds': 50}",3,3,22,78,3,8,8,False,Sack,"Byrum Brown sacked by Braxton Fely and Max Stege for a loss of 7 yards to the USF 15 for a 1ST down Boise State Penalty, Unnecessary Roughness (15 Yards) to the USF 30 for a 1ST down",1.4236805672460484,2025-08-28T22:39:26.000Z
401762522,4017625228,401762522102918301,8,4,South Florida,American Athletic,3,Boise State,Mountain West,7,South Florida,Boise State,2,"{'minutes': 8, 'seconds': 16}",3,3,30,70,1,10,10,False,Rush,Byrum Brown run for 10 yds to the USF 40 for a 1ST down,0.935885914760668,2025-08-28T22:39:37.000Z
401762522,4017625228,401762522102924301,8,5,South Florida,American Athletic,3,Boise State,Mountain West,7,South Florida,Boise State,2,"{'minutes': 7, 'seconds': 56}",3,3,40,60,1,10,37,False,Pass Reception,Byrum Brown pass complete to Keshaun Singleton for 37 yds to the BOIS 23 for a 1ST down,2.092922926072447,2025-08-28T22:40:04.000Z
401762522,4017625228,401762522102926401,8,6,South Florida,American Athletic,3,Boise State,Mountain West,7,South Florida,Boise State,2,"{'minutes': 7, 'seconds': 35}",3,3,77,23,1,10,5,False,Pass Reception,Byrum Brown pass complete to Joshua Porter for 5 yds to the BOIS 18,0.0748292871583285,2025-08-28T22:40:30.000Z
401762522,4017625228,401762522102928701,8,7,South Florida,American Athletic,3,Boise State,Mountain West,7,South Florida,Boise State,2,"{'minutes': 7, 'seconds': 12}",3,3,82,18,2,5,-5,False,Penalty,"South Florida Penalty, False Start (-5 Yards) to the BOIS 23",,2025-08-28T22:41:24.000Z
401762522,4017625228,401762522102929901,8,8,South Florida,American Athletic,3,Boise State,Mountain West,7,South Florida,Boise State,2,"{'minutes': 7, 'seconds': 0}",3,3,77,23,2,10,0,False,Pass Incompletion,Byrum Brown pass incomplete to Jeremiah Koger,-0.550474767221999,2025-08-28T22:45:30.000Z
401762522,4017625228,401762522102936501,8,10,South Florida,American Athletic,10,Boise State,Mountain West,7,South Florida,Boise State,2,"{'minutes': 6, 'seconds': 34}",3,2,77,23,3,10,23,True,Rushing Touchdown,Byrum Brown run for 23 yds for a TD (Nico Gramatica KICK),3.632570503420835,2025-08-28T22:48:03.000Z
401762522,4017625229,401762522102936503,9,1,South Florida,American Athletic,10,Boise State,Mountain West,7,South Florida,Boise State,2,"{'minutes': 6, 'seconds': 34}",3,2,35,65,3,10,0,False,Kickoff,Adam Zouagui kickoff for 65 yds for a touchback,,2025-08-28T22:49:47.000Z
401762522,4017625229,401762522102936504,9,2,Boise State,Mountain West,7,South Florida,American Athletic,10,South Florida,Boise State,2,"{'minutes': 6, 'seconds': 34}",2,3,75,75,1,10,5,False,Penalty,"South Florida Penalty, Defensive Offside (5 Yards) to the BOIS 30",,2025-08-28T22:49:47.000Z
401762522,4017625229,401762522102937201,9,3,Boise State,Mountain West,7,South Florida,American Athletic,10,South Florida,Boise State,2,"{'minutes': 6, 'seconds': 27}",2,3,70,70,1,5,14,False,Rush,Sire Gaines run for 14 yds to the BOIS 44 for a 1ST down,0.2902520671670742,2025-08-28T22:51:28.000Z
401762522,4017625229,401762522102944801,9,4,Boise State,Mountain West,7,South Florida,American Athletic,10,South Florida,Boise State,2,"{'minutes': 5, 'seconds': 51}",2,3,56,56,1,10,9,False,Rush,Sire Gaines run for 9 yds to the USF 47,1.257116610962765,2025-08-28T22:52:08.000Z
401762522,4017625229,401762522102948401,9,5,Boise State,Mountain West,7,South Florida,American Athletic,10,South Florida,Boise State,2,"{'minutes': 5, 'seconds': 15}",2,3,47,47,2,1,5,False,Rush,Malik Sherrod run for 5 yds to the USF 42 for a 1ST down,-0.181869301155583,2025-08-28T22:52:38.000Z
401762522,4017625229,401762522102956601,9,6,Boise State,Mountain West,7,South Florida,American Athletic,10,South Florida,Boise State,2,"{'minutes': 4, 'seconds': 33}",2,3,42,42,1,10,31,False,Pass Reception,"Maddux Madsen pass complete to Matt Lauter for 20 yds to the USF 22 for a 1ST down South Florida Penalty, Roughing Passer (11 Yards) to the USF 11 for a 1ST down",0.773196058204199,2025-08-28T22:53:19.000Z
401762522,4017625229,401762522102959402,9,7,Boise State,Mountain West,7,South Florida,American Athletic,10,South Florida,Boise State,2,"{'minutes': 4, 'seconds': 5}",2,3,11,11,1,10,0,False,Rush,Malik Sherrod run for no gain to the USF 11,-0.291297448934314,2025-08-28T22:54:30.000Z
401762522,4017625229,401762522102966001,9,8,Boise State,Mountain West,7,South Florida,American Athletic,10,South Florida,Boise State,2,"{'minutes': 3, 'seconds': 39}",2,3,11,11,2,10,-5,False,Penalty,"Boise State Penalty, False Start (-5 Yards) to the USF 16",,2025-08-28T22:57:18.000Z
401762522,4017625229,401762522102968901,9,9,Boise State,Mountain West,7,South Florida,American Athletic,10,South Florida,Boise State,2,"{'minutes': 3, 'seconds': 10}",2,3,16,16,2,14,22,False,Fumble Recovery (Opponent),"Sire Gaines run for 2 yds to the USF 36 Sire Gaines fumbled, forced by Jonas Duclona, recovered by USF Ira Singleton  , return for 22 yds to the USF 36",-3.9134195404052914,2025-08-28T22:57:21.000Z
401762522,40176252210,401762522102974501,10,1,South Florida,American Athletic,10,Boise State,Mountain West,7,South Florida,Boise State,2,"{'minutes': 2, 'seconds': 54}",3,2,36,64,1,10,2,False,Rush,Byrum Brown run for 2 yds to the USF 38,-0.6439997383019928,2025-08-28T22:57:27.000Z
401762522,40176252210,401762522102977401,10,2,South Florida,American Athletic,10,Boise State,Mountain West,7,South Florida,Boise State,2,"{'minutes': 2, 'seconds': 25}",3,2,38,62,2,8,-2,False,Rush,Alvon Isaac run for a loss of 2 yards to the USF 36,-1.0281934158680635,2025-08-28T22:57:47.000Z
401762522,40176252210,401762522102984201,10,3,South Florida,American Athletic,10,Boise State,Mountain West,7,South Florida,Boise State,2,"{'minutes': 1, 'seconds': 57}",3,2,36,64,3,10,0,False,Pass Incompletion,Byrum Brown pass incomplete to Wyatt Sullivan,-0.32221199814427326,2025-08-28T23:02:04.000Z
401762522,40176252210,401762522102984801,10,4,South Florida,American Athletic,10,Boise State,Mountain West,7,South Florida,Boise State,2,"{'minutes': 1, 'seconds': 51}",3,2,36,64,4,10,0,False,Punt,"Chase Leon punt for 41 yds, fair catch by Malik Sherrod at the BOIS 23",,2025-08-28T23:02:51.000Z
401762522,40176252211,401762522102995502,11,5,Boise State,Mountain West,7,South Florida,American Athletic,10,South Florida,Boise State,2,"{'minutes': 0, 'seconds': 44}",1,3,65,65,2,9,0,False,Timeout,"Timeout Boise State, clock 00:44",,2025-08-28T23:09:22.000Z
401762522,40176252211,401762522102985401,11,1,Boise State,Mountain West,7,South Florida,American Athletic,10,South Florida,Boise State,2,"{'minutes': 1, 'seconds': 45}",2,3,77,77,1,10,2,False,Rush,Malik Sherrod run for 2 yds to the BOIS 25,-0.41522254917671025,2025-08-28T23:03:24.000Z
401762522,40176252211,401762522102989201,11,2,Boise State,Mountain West,7,South Florida,American Athletic,10,South Florida,Boise State,2,"{'minutes': 1, 'seconds': 7}",2,3,75,75,2,8,7,False,Pass Reception,Maddux Madsen pass complete to Ben Ford for 7 yds to the BOIS 32,0.39912720905309484,2025-08-28T23:08:05.000Z
401762522,40176252211,401762522102994401,11,3,Boise State,Mountain West,7,South Florida,American Athletic,10,South Florida,Boise State,2,"{'minutes': 0, 'seconds': 55}",2,3,68,68,3,1,2,False,Rush,Maddux Madsen run for 2 yds to the BOIS 34 for a 1ST down,0.8896830445833981,2025-08-28T23:08:45.000Z
401762522,40176252211,401762522102995501,11,4,Boise State,Mountain West,7,South Florida,American Athletic,10,South Florida,Boise State,2,"{'minutes': 0, 'seconds': 44}",2,3,66,66,1,10,1,False,Pass Reception,Maddux Madsen pass complete to Malik Sherrod for 1 yd to the BOIS 35,-0.8121551588526277,2025-08-28T23:09:22.000Z
401762522,40176252211,401762522102996001,11,6,Boise State,Mountain West,7,South Florida,American Athletic,10,South Florida,Boise State,2,"{'minutes': 0, 'seconds': 39}",1,3,65,65,2,9,24,False,Pass Reception,Maddux Madsen pass complete to Ben Ford for 24 yds to the USF 41 for a 1ST down,2.9084049226857225,2025-08-28T23:09:39.000Z
401762522,40176252211,401762522102996901,11,7,Boise State,Mountain West,7,South Florida,American Athletic,10,South Florida,Boise State,2,"{'minutes': 0, 'seconds': 30}",1,3,41,41,1,10,0,False,Pass Incompletion,Maddux Madsen pass incomplete to Matt Lauter,-0.8772679222659558,2025-08-28T23:09:53.000Z
401762522,40176252211,401762522102997401,11,8,Boise State,Mountain West,7,South Florida,American Athletic,10,South Florida,Boise State,2,"{'minutes': 0, 'seconds': 25}",1,3,41,41,2,10,0,False,Pass Incompletion,Maddux Madsen pass incomplete to Ben Ford,-1.0411051963664768,2025-08-28T23:10:35.000Z
401762522,40176252211,401762522102997402,11,9,Boise State,Mountain West,7,South Florida,American Athletic,10,South Florida,Boise State,2,"{'minutes': 0, 'seconds': 25}",1,3,41,41,3,10,-5,False,Penalty,"Boise State Penalty, False Start (-5 Yards) to the USF 46",,2025-08-28T23:10:35.000Z
401762522,40176252211,401762522102997901,11,10,Boise State,Mountain West,7,South Florida,American Athletic,10,South Florida,Boise State,2,"{'minutes': 0, 'seconds': 20}",1,3,46,46,3,15,5,False,Pass Reception,Maddux Madsen pass complete to Malik Sherrod for 5 yds to the USF 41,0.0394583965339636,2025-08-28T23:11:59.000Z
401762522,40176252211,401762522102997902,11,11,Boise State,Mountain West,7,South Florida,American Athletic,10,South Florida,Boise State,2,"{'minutes': 0, 'seconds': 20}",1,3,41,41,4,10,-5,False,Penalty,"Boise State Penalty, Delay of Game (-5 Yards) to the USF 46",,2025-08-28T23:12:49.000Z
401762522,40176252211,401762522102998601,11,12,Boise State,Mountain West,7,South Florida,American Athletic,10,South Florida,Boise State,2,"{'minutes': 0, 'seconds': 13}",1,3,46,46,4,15,0,False,Punt,Oscar Doyle punt for 46 yds for a touchback,,2025-08-28T23:13:25.000Z
401762522,40176252212,401762522102999202,12,2,South Florida,American Athletic,10,Boise State,Mountain West,7,South Florida,Boise State,2,"{'minutes': 0, 'seconds': 0}",3,1,20,80,0,10,0,False,End of Half,End of 2nd Quarter,,2025-08-28T23:14:53.000Z
401762522,40176252212,401762522102999201,12,1,South Florida,American Athletic,10,Boise State,Mountain West,7,South Florida,Boise State,2,"{'minutes': 0, 'seconds': 7}",3,1,20,80,1,10,0,False,Rush,Cartevious Norton run for no gain to the USF 20,-0.5586693796725282,2025-08-28T23:14:27.000Z
401762522,4017625221,401762522101849902,1,1,South Florida,American Athletic,0,Boise State,Mountain West,0,South Florida,Boise State,1,"{'minutes': 15, 'seconds': 0}",3,3,35,65,1,10,17,False,Kickoff Return (Offense),"Adam Zouagui kickoff for 62 yds , Malik Sherrod return for 17 yds to the BOIS 20",,2025-08-28T21:37:01.000Z
401762522,4017625221,401762522101855001,1,2,Boise State,Mountain West,0,South Florida,American Athletic,0,South Florida,Boise State,1,"{'minutes': 14, 'seconds': 49}",3,3,80,80,1,10,4,False,Rush,Malik Sherrod run for 4 yds to the BOIS 24,-0.0884321258012219,2025-08-28T21:38:01.000Z
401762522,4017625221,401762522101858901,1,3,Boise State,Mountain West,0,South Florida,American Athletic,0,South Florida,Boise State,1,"{'minutes': 14, 'seconds': 10}",3,3,76,76,2,6,12,False,Pass Reception,Maddux Madsen pass complete to Latrell Caples for 12 yds to the BOIS 36 for a 1ST down,1.3272973136309938,2025-08-28T21:38:44.000Z
401762522,4017625221,401762522101866601,1,4,Boise State,Mountain West,0,South Florida,American Athletic,0,South Florida,Boise State,1,"{'minutes': 13, 'seconds': 33}",3,3,64,64,1,10,2,False,Pass Reception,Maddux Madsen pass complete to Cameron Bates for 2 yds to the BOIS 38,-0.6439997383019928,2025-08-28T21:39:15.000Z
401762522,4017625221,401762522101874001,1,5,Boise State,Mountain West,0,South Florida,American Athletic,0,South Florida,Boise State,1,"{'minutes': 12, 'seconds': 59}",3,3,62,62,2,8,7,False,Pass Reception,Maddux Madsen pass complete to Sire Gaines for 7 yds to the BOIS 45,0.5897118200313614,2025-08-28T21:39:55.000Z
401762522,4017625221,401762522101877401,1,6,Boise State,Mountain West,0,South Florida,American Athletic,0,South Florida,Boise State,1,"{'minutes': 12, 'seconds': 25}",3,3,55,55,3,1,2,False,Rush,Sire Gaines run for 2 yds to the BOIS 47 for a 1ST down,1.1061810924726547,2025-08-28T21:40:23.000Z
401762522,4017625221,401762522101885001,1,7,Boise State,Mountain West,0,South Florida,American Athletic,0,South Florida,Boise State,1,"{'minutes': 11, 'seconds': 49}",3,3,53,53,1,10,5,False,Pass Reception,Maddux Madsen pass complete to Matt Wagner for 5 yds to the USF 48,0.1057711896973057,2025-08-28T21:41:01.000Z
401762522,4017625221,401762522101888501,1,8,Boise State,Mountain West,0,South Florida,American Athletic,0,South Florida,Boise State,1,"{'minutes': 11, 'seconds': 14}",3,3,48,48,2,5,9,False,Rush,Malik Sherrod run for 9 yds to the USF 39 for a 1ST down,0.849089688944451,2025-08-28T21:41:36.000Z
401762522,4017625221,401762522101896301,1,9,Boise State,Mountain West,0,South Florida,American Athletic,0,South Florida,Boise State,1,"{'minutes': 10, 'seconds': 36}",3,3,39,39,1,10,0,False,Pass Incompletion,Maddux Madsen pass incomplete to Matt Lauter,-0.814236079442537,2025-08-28T21:42:17.000Z
401762522,4017625221,401762522101896901,1,10,Boise State,Mountain West,0,South Florida,American Athletic,0,South Florida,Boise State,1,"{'minutes': 10, 'seconds': 30}",3,3,39,39,2,10,0,False,Rush,Dylan Riley run for no gain to the USF 39,-1.008878077670078,2025-08-28T21:42:52.000Z
401762522,4017625221,401762522101905401,1,11,Boise State,Mountain West,0,South Florida,American Athletic,0,South Florida,Boise State,1,"{'minutes': 9, 'seconds': 45}",3,3,39,39,3,10,0,False,Fumble Recovery (Opponent),"Maddux Madsen pass complete to Malik Sherrod for no gain Malik Sherrod fumbled, forced by Mac Harris, recovered by USF Jhalyn Shuler",-2.036447287955834,2025-08-28T21:46:04.000Z
401762522,40176252213,401762522103849901,13,1,Boise State,Mountain West,7,South Florida,American Athletic,10,South Florida,Boise State,3,"{'minutes': 15, 'seconds': 0}",3,3,65,65,1,10,0,False,Kickoff,Colton Boomer kickoff for 65 yds for a touchback,,2025-08-28T23:35:54.000Z
401762522,40176252213,401762522103854701,13,2,South Florida,American Athletic,10,Boise State,Mountain West,7,South Florida,Boise State,3,"{'minutes': 14, 'seconds': 52}",3,3,25,75,1,10,7,False,Pass Reception,Byrum Brown pass complete to Weston Wolff for 7 yds to the USF 32,0.604642460086338,2025-08-28T23:36:37.000Z
401762522,40176252213,401762522103856401,13,3,South Florida,American Athletic,10,Boise State,Mountain West,7,South Florida,Boise State,3,"{'minutes': 14, 'seconds': 35}",3,3,32,68,2,3,2,False,Rush,Byrum Brown run for 2 yds to the USF 34,-0.6276763220352857,2025-08-28T23:36:56.000Z
401762522,40176252213,401762522103857901,13,4,South Florida,American Athletic,10,Boise State,Mountain West,7,South Florida,Boise State,3,"{'minutes': 14, 'seconds': 20}",3,3,34,66,3,1,2,False,Rush,Cartevious Norton run for 2 yds to the USF 36 for a 1ST down,0.9535963738949382,2025-08-28T23:37:10.000Z
401762522,40176252213,401762522103864501,13,5,South Florida,American Athletic,10,Boise State,Mountain West,7,South Florida,Boise State,3,"{'minutes': 13, 'seconds': 54}",3,3,36,64,1,10,-1,False,Sack,Byrum Brown sacked by Dion Washington for a loss of 1 yard to the USF 35,-1.2088420704637137,2025-08-28T23:39:09.000Z
401762522,40176252213,401762522103866501,13,6,South Florida,American Athletic,10,Boise State,Mountain West,7,South Florida,Boise State,3,"{'minutes': 13, 'seconds': 34}",3,3,35,65,2,11,2,False,Rush,Cartevious Norton run for 2 yds to the USF 37,-0.3599328869227145,2025-08-28T23:39:20.000Z
401762522,40176252213,401762522103868201,13,7,South Florida,American Athletic,10,Boise State,Mountain West,7,South Florida,Boise State,3,"{'minutes': 13, 'seconds': 17}",3,3,37,63,3,9,-5,False,Penalty,"South Florida Penalty, False Start (-5 Yards) to the USF 32",,2025-08-28T23:40:15.000Z
401762522,40176252213,401762522103875301,13,8,South Florida,American Athletic,10,Boise State,Mountain West,7,South Florida,Boise State,3,"{'minutes': 12, 'seconds': 46}",3,3,32,68,3,14,8,False,Pass Reception,Byrum Brown pass complete to Keshaun Singleton for 8 yds to the USF 40,0.2232655795971059,2025-08-28T23:40:43.000Z
401762522,40176252213,401762522103879601,13,9,South Florida,American Athletic,10,Boise State,Mountain West,7,South Florida,Boise State,3,"{'minutes': 12, 'seconds': 3}",3,3,40,60,4,6,0,False,Punt,"Chase Leon punt for 50 yds, fair catch by Malik Sherrod at the BOIS 10",,2025-08-28T23:41:38.000Z
401762522,40176252214,401762522103884301,14,1,Boise State,Mountain West,7,South Florida,American Athletic,10,South Florida,Boise State,3,"{'minutes': 11, 'seconds': 56}",3,3,90,90,1,10,-2,False,Rush,Malik Sherrod run for a loss of 2 yards to the BOIS 8,-0.4333196845754248,2025-08-28T23:42:32.000Z
401762522,40176252214,401762522103888801,14,2,Boise State,Mountain West,7,South Florida,American Athletic,10,South Florida,Boise State,3,"{'minutes': 11, 'seconds': 11}",3,3,92,92,2,12,-5,False,Sack,Maddux Madsen sacked by Rico Watson III for a loss of 5 yards to the BOIS 3,-0.15237034073232003,2025-08-28T23:43:11.000Z
401762522,40176252214,401762522103897101,14,3,Boise State,Mountain West,7,South Florida,American Athletic,10,South Florida,Boise State,3,"{'minutes': 10, 'seconds': 28}",3,3,97,97,3,17,-1,False,Penalty,"Boise State Penalty, Delay of Game (-1 Yards) to the BOIS 2",,2025-08-28T23:43:54.000Z
401762522,40176252214,401762522103899901,14,4,Boise State,Mountain West,7,South Florida,American Athletic,10,South Florida,Boise State,3,"{'minutes': 10, 'seconds': 0}",3,3,98,98,3,18,0,False,Pass Incompletion,Maddux Madsen pass incomplete to Chris Marshall,-0.01443471917726666,2025-08-28T23:44:31.000Z
401762522,40176252214,401762522103904601,14,5,Boise State,Mountain West,7,South Florida,American Athletic,10,South Florida,Boise State,3,"{'minutes': 9, 'seconds': 53}",3,3,98,98,4,18,0,False,Punt,"Oscar Doyle punt for 47 yds, punt out-of-bounds at the BOIS 49",,2025-08-28T23:45:20.000Z
401762522,40176252215,401762522103904901,15,1,South Florida,American Athletic,10,Boise State,Mountain West,7,South Florida,Boise State,3,"{'minutes': 9, 'seconds': 50}",3,3,51,49,1,10,0,False,Pass Incompletion,Byrum Brown pass incomplete to Chas Nimrod,-1.0955888671820908,2025-08-28T23:49:05.000Z
401762522,40176252215,401762522103905801,15,2,South Florida,American Athletic,10,Boise State,Mountain West,7,South Florida,Boise State,3,"{'minutes': 9, 'seconds': 41}",3,3,51,49,2,10,1,False,Rush,Sam Franklin run for 1 yd to the BOIS 48,-0.8390161847307863,2025-08-28T23:49:32.000Z
401762522,40176252215,401762522103909701,15,3,South Florida,American Athletic,10,Boise State,Mountain West,7,South Florida,Boise State,3,"{'minutes': 9, 'seconds': 2}",3,3,52,48,3,9,3,False,Pass Reception,Byrum Brown pass complete to Wyatt Sullivan for 3 yds to the BOIS 45,-0.3386664291446824,2025-08-28T23:50:22.000Z
401762522,40176252215,401762522103918101,15,4,South Florida,American Athletic,17,Boise State,Mountain West,7,South Florida,Boise State,3,"{'minutes': 8, 'seconds': 18}",3,3,55,45,4,6,45,True,Passing Touchdown,Locklan Hewlett pass complete to Keshaun Singleton for 45 yds for a TD (Nico Gramatica KICK),6.035602032694808,2025-08-28T23:52:59.000Z
401762522,40176252216,401762522103918103,16,1,South Florida,American Athletic,17,Boise State,Mountain West,7,South Florida,Boise State,3,"{'minutes': 8, 'seconds': 18}",3,3,35,65,4,6,0,False,Kickoff,Adam Zouagui kickoff for 65 yds for a touchback,,2025-08-28T23:52:59.000Z
401762522,40176252216,401762522103958301,16,10,Boise State,Mountain West,7,South Florida,American Athletic,17,South Florida,Boise State,3,"{'minutes': 4, 'seconds': 16}",3,2,31,31,1,10,0,False,Timeout,"Timeout South Florida, clock 04:16",,2025-08-29T00:06:26.000Z
401762522,40176252216,401762522103918901,16,2,Boise State,Mountain West,7,South Florida,American Athletic,17,South Florida,Boise State,3,"{'minutes': 8, 'seconds': 10}",3,3,75,75,1,10,9,False,Pass Reception,Maddux Madsen pass complete to Ben Ford for 9 yds to the BOIS 34,1.252308359788624,2025-08-28T23:57:14.000Z
401762522,40176252216,401762522103925901,16,3,Boise State,Mountain West,7,South Florida,American Athletic,17,South Florida,Boise State,3,"{'minutes': 7, 'seconds': 40}",3,3,66,66,2,1,1,False,Rush,Dylan Riley run for 1 yd to the BOIS 35 for a 1ST down,-0.4172702507586372,2025-08-28T23:57:37.000Z
401762522,40176252216,401762522103929601,16,4,Boise State,Mountain West,7,South Florida,American Athletic,17,South Florida,Boise State,3,"{'minutes': 7, 'seconds': 3}",3,3,65,65,1,10,0,False,Pass Incompletion,Maddux Madsen pass incomplete to Dylan Riley,-1.0146424556055624,2025-08-28T23:58:16.000Z
401762522,40176252216,401762522103934401,16,5,Boise State,Mountain West,7,South Florida,American Athletic,17,South Florida,Boise State,3,"{'minutes': 6, 'seconds': 55}",3,3,65,65,2,10,5,False,Rush,Maddux Madsen run for 5 yds to the BOIS 40,0.0590155037822537,2025-08-28T23:58:50.000Z
401762522,40176252216,401762522103939701,16,6,Boise State,Mountain West,7,South Florida,American Athletic,17,South Florida,Boise State,3,"{'minutes': 6, 'seconds': 2}",3,3,60,60,3,5,4,False,Pass Reception,Maddux Madsen pass complete to Ben Ford for 4 yds to the BOIS 44,-0.1131828115915763,2025-08-28T23:59:57.000Z
401762522,40176252216,401762522103946901,16,7,Boise State,Mountain West,7,South Florida,American Athletic,17,South Florida,Boise State,3,"{'minutes': 5, 'seconds': 30}",3,3,56,56,4,1,8,False,Rush,Maddux Madsen run for 8 yds to the USF 48 for a 1ST down,2.625292937826263,2025-08-29T00:00:27.000Z
401762522,40176252216,401762522103954601,16,8,Boise State,Mountain West,7,South Florida,American Athletic,17,South Florida,Boise State,3,"{'minutes': 4, 'seconds': 53}",3,3,48,48,1,10,6,False,Pass Reception,Maddux Madsen pass complete to Sire Gaines for 6 yds to the USF 42,0.3287785418261394,2025-08-29T00:01:01.000Z
401762522,40176252216,401762522103957001,16,9,Boise State,Mountain West,7,South Florida,American Athletic,17,South Florida,Boise State,3,"{'minutes': 4, 'seconds': 29}",3,3,42,42,2,4,11,False,Rush,Maddux Madsen run for 11 yds to the USF 31 for a 1ST down,0.5155091243808696,2025-08-29T00:05:29.000Z
401762522,40176252216,401762522103959001,16,11,Boise State,Mountain West,7,South Florida,American Athletic,17,South Florida,Boise State,3,"{'minutes': 4, 'seconds': 9}",3,2,31,31,1,10,-1,False,Rush,Malik Sherrod run for a loss of 1 yard to the USF 32,-0.7303141396785955,2025-08-29T00:06:58.000Z
401762522,40176252216,401762522103967001,16,12,Boise State,Mountain West,7,South Florida,American Athletic,17,South Florida,Boise State,3,"{'minutes': 3, 'seconds': 29}",3,2,32,32,2,11,9,False,Rush,Malik Sherrod run for 9 yds to the USF 23,0.6195921723952025,2025-08-29T00:07:39.000Z
401762522,40176252216,401762522103974801,16,13,Boise State,Mountain West,7,South Florida,American Athletic,17,South Florida,Boise State,3,"{'minutes': 2, 'seconds': 51}",3,2,23,23,3,2,0,False,Pass Incompletion,Maddux Madsen pass incomplete to Matt Wagner,-0.6731048347927824,2025-08-29T00:08:24.000Z
401762522,40176252216,401762522103975201,16,14,Boise State,Mountain West,7,South Florida,American Athletic,17,South Florida,Boise State,3,"{'minutes': 2, 'seconds': 47}",3,2,23,23,4,2,0,False,Pass Incompletion,Maddux Madsen pass incomplete to Sire Gaines,-3.3742270278508766,2025-08-29T00:09:03.000Z
401762522,40176252217,401762522103976101,17,1,South Florida,American Athletic,17,Boise State,Mountain West,7,South Florida,Boise State,3,"{'minutes': 2, 'seconds': 38}",2,3,23,77,1,10,1,False,Rush,Byrum Brown run for 1 yd to the USF 24,-0.5380287086286026,2025-08-29T00:10:05.000Z
401762522,40176252217,401762522103977801,17,2,South Florida,American Athletic,17,Boise State,Mountain West,7,South Florida,Boise State,3,"{'minutes': 2, 'seconds': 21}",2,3,24,76,2,9,6,False,Penalty,"Brown, Byrum pass incomplete to Singleton, Keshaun, PENALTY BOIS pass interference 6 yards to the SOUFLA30, NO PLAY, 1ST DOWN SOUFLA.",,2025-08-29T00:11:14.000Z
401762522,40176252217,401762522103979401,17,3,South Florida,American Athletic,17,Boise State,Mountain West,7,South Florida,Boise State,3,"{'minutes': 2, 'seconds': 5}",2,3,30,70,1,10,55,False,Pass Reception,Byrum Brown pass complete to Chas Nimrod for 55 yds to the BOIS 15 for a 1ST down,3.1345874293392604,2025-08-29T00:11:26.000Z
401762522,40176252217,401762522103985501,17,4,South Florida,American Athletic,24,Boise State,Mountain West,7,South Florida,Boise State,3,"{'minutes': 1, 'seconds': 44}",2,3,85,15,1,10,15,True,Rushing Touchdown,Byrum Brown run for 15 yds for a TD (Nico Gramatica KICK),2.558199089565083,2025-08-29T00:12:09.000Z
401762522,40176252218,401762522103985503,18,1,South Florida,American Athletic,24,Boise State,Mountain West,7,South Florida,Boise State,3,"{'minutes': 1, 'seconds': 44}",2,3,35,65,1,10,0,False,Kickoff,Adam Zouagui kickoff for 65 yds for a touchback,,2025-08-29T00:15:27.000Z
401762522,40176252218,401762522103995902,18,6,Boise State,Mountain West,7,South Florida,American Athletic,24,South Florida,Boise State,3,"{'minutes': 0, 'seconds': 40}",2,2,57,57,4,7,0,False,Timeout,"Timeout Boise State, clock 00:40",,2025-08-29T00:19:46.000Z
401762522,40176252218,401762522103986401,18,2,Boise State,Mountain West,7,South Florida,American Athletic,24,South Florida,Boise State,3,"{'minutes': 1, 'seconds': 35}",3,2,75,75,1,10,15,False,Pass Reception,Maddux Madsen pass complete to Latrell Caples for 15 yds to the BOIS 40 for a 1ST down,1.320854515577646,2025-08-29T00:16:20.000Z
401762522,40176252218,401762522103988901,18,3,Boise State,Mountain West,7,South Florida,American Athletic,24,South Florida,Boise State,3,"{'minutes': 1, 'seconds': 10}",3,2,60,60,1,10,3,False,Rush,Sire Gaines run for 3 yds to the BOIS 43,-0.4315308590496248,2025-08-29T00:16:43.000Z
401762522,40176252218,401762522103995601,18,4,Boise State,Mountain West,7,South Florida,American Athletic,24,South Florida,Boise State,3,"{'minutes': 0, 'seconds': 43}",3,2,57,57,2,7,0,False,Pass Incompletion,Maddux Madsen pass incomplete to Latrell Caples,-1.0130007081040446,2025-08-29T00:17:23.000Z
401762522,40176252218,401762522103995901,18,5,Boise State,Mountain West,7,South Florida,American Athletic,24,South Florida,Boise State,3,"{'minutes': 0, 'seconds': 40}",3,2,57,57,3,7,0,False,Pass Incompletion,Maddux Madsen pass incomplete to Matt Lauter,-0.6217208272072918,2025-08-29T00:19:13.000Z
401762522,40176252218,401762522103996401,18,7,Boise State,Mountain West,7,South Florida,American Athletic,24,South Florida,Boise State,3,"{'minutes': 0, 'seconds': 35}",2,2,57,57,4,7,0,False,Pass Incompletion,Maddux Madsen pass incomplete to Cameron Bates,-0.17684700149536337,2025-08-29T00:20:50.000Z
401762522,40176252219,401762522103997002,19,2,South Florida,American Athletic,24,Boise State,Mountain West,7,South Florida,Boise State,3,"{'minutes': 0, 'seconds': 0}",2,2,57,43,0,10,3,False,End Period,End of 3rd Quarter,,2025-08-29T00:22:21.000Z
401762522,40176252219,401762522103997001,19,1,South Florida,American Athletic,24,Boise State,Mountain West,7,South Florida,Boise State,3,"{'minutes': 0, 'seconds': 29}",2,2,57,43,1,10,3,False,Rush,Cartevious Norton run for 3 yds to the BOIS 40,-0.3057652594509188,2025-08-29T00:21:30.000Z
401762522,40176252219,401762522104858501,19,3,South Florida,American Athletic,24,Boise State,Mountain West,7,South Florida,Boise State,4,"{'minutes': 14, 'seconds': 14}",2,2,60,40,2,7,24,False,Fumble Recovery (Own),"Byrum Brown pass complete to Cartevious Norton for 24 yds Cartevious Norton fumbled, forced by Jayden Virgin-Morgan, recovered by USF Cartevious Norton for a 1ST down",1.0894126260893986,2025-08-29T00:27:56.000Z
401762522,40176252219,401762522104859902,19,4,South Florida,American Athletic,24,Boise State,Mountain West,7,South Florida,Boise State,4,"{'minutes': 14, 'seconds': 0}",2,2,84,16,1,10,2,False,Pass Reception,Byrum Brown pass complete to Mudia Reuben for 2 yds to the BOIS 14,-0.1838209433726501,2025-08-29T00:28:07.000Z
401762522,40176252219,401762522104866001,19,5,South Florida,American Athletic,24,Boise State,Mountain West,7,South Florida,Boise State,4,"{'minutes': 13, 'seconds': 39}",2,2,86,14,2,8,6,False,Pass Reception,Byrum Brown pass complete to Mudia Reuben for 6 yds to the BOIS 8,0.1406793750541695,2025-08-29T00:28:44.000Z
401762522,40176252219,401762522104867301,19,6,South Florida,American Athletic,31,Boise State,Mountain West,7,South Florida,Boise State,4,"{'minutes': 13, 'seconds': 26}",2,2,92,8,3,2,8,True,Rushing Touchdown,Cartevious Norton run for 8 yds for a TD (Nico Gramatica KICK),2.611864289610855,2025-08-29T00:29:30.000Z
401762522,40176252219,401762522104867303,19,7,South Florida,American Athletic,24,Boise State,Mountain West,7,South Florida,Boise State,4,"{'minutes': 13, 'seconds': 26}",2,2,35,65,3,2,15,False,Penalty,"Boise State Penalty, Unsportsmanlike Conduct (15 Yards) to the 50 yard line",,2025-08-29T00:29:30.000Z
401762522,40176252220,401762522104867304,20,1,South Florida,American Athletic,31,Boise State,Mountain West,7,South Florida,Boise State,4,"{'minutes': 13, 'seconds': 26}",2,2,50,50,3,-13,6,False,Kickoff Return (Offense),"Nico Gramatica kickoff for 31 yds , Luke Voorhees return for 6 yds to the BOIS 25",,2025-08-29T00:31:03.000Z
401762522,40176252220,401762522104868101,20,2,Boise State,Mountain West,7,South Florida,American Athletic,31,South Florida,Boise State,4,"{'minutes': 13, 'seconds': 18}",2,2,75,75,1,10,0,False,Pass Incompletion,Maddux Madsen pass incomplete to Latrell Caples,-0.7029700220436519,2025-08-29T00:34:17.000Z
401762522,40176252220,401762522104869601,20,3,Boise State,Mountain West,7,South Florida,American Athletic,31,South Florida,Boise State,4,"{'minutes': 13, 'seconds': 3}",2,2,75,75,2,10,16,False,Pass Reception,Maddux Madsen pass complete to Latrell Caples for 16 yds to the BOIS 41 for a 1ST down,2.121712791966546,2025-08-29T00:34:53.000Z
401762522,40176252220,401762522104874301,20,4,Boise State,Mountain West,7,South Florida,American Athletic,31,South Florida,Boise State,4,"{'minutes': 12, 'seconds': 56}",2,2,59,59,1,10,0,False,Pass Incompletion,Maddux Madsen pass incomplete to Latrell Caples,-1.1387859939569847,2025-08-29T00:35:08.000Z
401762522,40176252220,401762522104875001,20,5,Boise State,Mountain West,7,South Florida,American Athletic,31,South Florida,Boise State,4,"{'minutes': 12, 'seconds': 49}",2,2,59,59,2,10,5,False,Pass Reception,Maddux Madsen pass complete to Matt Lauter for 5 yds to the BOIS 46,0.068045000244542,2025-08-29T00:35:45.000Z
401762522,40176252220,401762522104878101,20,6,Boise State,Mountain West,7,South Florida,American Athletic,31,South Florida,Boise State,4,"{'minutes': 12, 'seconds': 18}",2,2,54,54,3,5,6,False,Pass Reception,Maddux Madsen pass complete to Matt Lauter for 6 yds to the USF 48 for a 1ST down,2.043519507230913,2025-08-29T00:36:20.000Z
401762522,40176252220,401762522104885301,20,7,Boise State,Mountain West,7,South Florida,American Athletic,31,South Florida,Boise State,4,"{'minutes': 11, 'seconds': 46}",2,2,48,48,1,10,31,False,Pass Reception,Maddux Madsen pass complete to Cameron Bates for 31 yds to the USF 17 for a 1ST down,1.106330733495543,2025-08-29T00:37:03.000Z
401762522,40176252220,401762522104886901,20,8,Boise State,Mountain West,7,South Florida,American Athletic,31,South Florida,Boise State,4,"{'minutes': 11, 'seconds': 30}",2,2,17,17,1,10,0,False,Pass Incompletion,Maddux Madsen pass incomplete to Latrell Caples,-0.340019558909725,2025-08-29T00:37:16.000Z
401762522,40176252220,401762522104887401,20,9,Boise State,Mountain West,7,South Florida,American Athletic,31,South Florida,Boise State,4,"{'minutes': 11, 'seconds': 25}",2,2,17,17,2,10,0,False,Pass Incompletion,Maddux Madsen pass incomplete to Sire Gaines,-0.4016550456030307,2025-08-29T00:37:55.000Z
401762522,40176252220,401762522104888401,20,10,Boise State,Mountain West,7,South Florida,American Athletic,31,South Florida,Boise State,4,"{'minutes': 11, 'seconds': 15}",2,2,17,17,3,10,5,False,Rush,Maddux Madsen run for 5 yds to the USF 12,0.0328517270456512,2025-08-29T00:38:45.000Z
401762522,40176252220,401762522104896501,20,11,Boise State,Mountain West,7,South Florida,American Athletic,31,South Florida,Boise State,4,"{'minutes': 10, 'seconds': 34}",2,2,12,12,4,5,-13,False,Fumble Recovery (Opponent),"Maddux Madsen run for a loss of 13 yards to the USF 25 Maddux Madsen fumbled, recovered by USF Ira Singleton",-3.7112740197484815,2025-08-29T00:41:15.000Z
401762522,40176252221,401762522104897101,21,1,South Florida,American Athletic,31,Boise State,Mountain West,7,South Florida,Boise State,4,"{'minutes': 10, 'seconds': 28}",2,2,25,75,1,10,5,False,Rush,Sam Franklin run for 5 yds to the USF 30,0.0945451165334843,2025-08-29T00:43:33.000Z
401762522,40176252221,401762522104905301,21,2,South Florida,American Athletic,31,Boise State,Mountain West,7,South Florida,Boise State,4,"{'minutes': 9, 'seconds': 46}",2,2,30,70,2,5,0,False,Pass Reception,Byrum Brown pass complete to Joshua Porter for no gain to the USF 30,-0.7537324720659102,2025-08-29T00:44:23.000Z
401762522,40176252221,401762522104908901,21,3,South Florida,American Athletic,31,Boise State,Mountain West,7,South Florida,Boise State,4,"{'minutes': 9, 'seconds': 10}",2,2,30,70,3,5,0,False,Pass Incompletion,Byrum Brown pass incomplete to Sam Franklin,-0.3716239049161505,2025-08-29T00:44:59.000Z
401762522,40176252221,401762522104909901,21,4,South Florida,American Athletic,31,Boise State,Mountain West,7,South Florida,Boise State,4,"{'minutes': 9, 'seconds': 0}",2,2,30,70,4,5,0,False,Punt,"Chase Leon punt for 32 yds, downed at the BOIS 38",,2025-08-29T00:46:07.000Z
401762522,40176252222,401762522104928402,22,6,Boise State,Mountain West,7,South Florida,American Athletic,31,South Florida,Boise State,4,"{'minutes': 7, 'seconds': 15}",2,1,33,33,3,6,0,False,Timeout,"Timeout South Florida, clock 07:15",,2025-08-29T00:48:09.000Z
401762522,40176252222,401762522104915301,22,1,Boise State,Mountain West,7,South Florida,American Athletic,31,South Florida,Boise State,4,"{'minutes': 8, 'seconds': 46}",2,2,62,62,1,10,7,False,Pass Reception,Maddux Madsen pass complete to Chase Penry for 7 yds to the BOIS 45,0.7103851122578037,2025-08-29T00:46:41.000Z
401762522,40176252222,401762522104917101,22,2,Boise State,Mountain West,7,South Florida,American Athletic,31,South Florida,Boise State,4,"{'minutes': 8, 'seconds': 28}",2,2,55,55,2,3,4,False,Rush,Maddux Madsen run for 4 yds to the BOIS 49 for a 1ST down,0.319251324528748,2025-08-29T00:46:59.000Z
401762522,40176252222,401762522104919701,22,3,Boise State,Mountain West,7,South Florida,American Athletic,31,South Florida,Boise State,4,"{'minutes': 8, 'seconds': 2}",2,2,51,51,1,10,14,False,Rush,Maddux Madsen run for 14 yds to the USF 37 for a 1ST down,0.8719585724161958,2025-08-29T00:47:23.000Z
401762522,40176252222,401762522104927401,22,4,Boise State,Mountain West,7,South Florida,American Athletic,31,South Florida,Boise State,4,"{'minutes': 7, 'seconds': 25}",2,2,37,37,1,10,4,False,Pass Reception,Maddux Madsen pass complete to Matt Lauter for 4 yds to the USF 33,-0.0758857249965158,2025-08-29T00:47:56.000Z
401762522,40176252222,401762522104928401,22,5,Boise State,Mountain West,7,South Florida,American Athletic,31,South Florida,Boise State,4,"{'minutes': 7, 'seconds': 15}",2,2,33,33,2,6,0,False,Pass Incompletion,Maddux Madsen pass incomplete to Ben Ford,-0.8041261298364634,2025-08-29T00:48:09.000Z
401762522,40176252222,401762522104929001,22,7,Boise State,Mountain West,7,South Florida,American Athletic,31,South Florida,Boise State,4,"{'minutes': 7, 'seconds': 9}",2,1,33,33,3,6,3,False,Rush,Malik Sherrod run for 3 yds to the USF 30,-0.3455520897623039,2025-08-29T00:52:43.000Z
401762522,40176252222,401762522104936501,22,8,Boise State,Mountain West,7,South Florida,American Athletic,31,South Florida,Boise State,4,"{'minutes': 6, 'seconds': 34}",2,1,30,30,4,3,0,False,Pass Incompletion,Maddux Madsen pass incomplete to Sire Gaines,-2.7230274239279737,2025-08-29T00:53:03.000Z
401762522,40176252223,401762522104966501,23,5,South Florida,American Athletic,31,Boise State,Mountain West,7,South Florida,Boise State,4,"{'minutes': 3, 'seconds': 34}",0,2,86,14,4,3,0,False,Timeout,"Timeout South Florida, clock 03:34",,2025-08-29T00:57:18.000Z
401762522,40176252223,401762522104937601,23,1,South Florida,American Athletic,31,Boise State,Mountain West,7,South Florida,Boise State,4,"{'minutes': 6, 'seconds': 23}",1,2,30,70,1,10,49,False,Rush,Alvon Isaac run for 49 yds to the BOIS 21 for a 1ST down,3.0604897051088504,2025-08-29T00:54:16.000Z
401762522,40176252223,401762522104946301,23,2,South Florida,American Athletic,31,Boise State,Mountain West,7,South Florida,Boise State,4,"{'minutes': 5, 'seconds': 36}",1,2,79,21,1,10,3,False,Rush,Byrum Brown run for 3 yds to the BOIS 18,-0.122124214578021,2025-08-29T00:55:03.000Z
401762522,40176252223,401762522104954201,23,3,South Florida,American Athletic,31,Boise State,Mountain West,7,South Florida,Boise State,4,"{'minutes': 4, 'seconds': 57}",1,2,82,18,2,7,5,False,Rush,Alvon Isaac run for 5 yds to the BOIS 13,0.063626893453119,2025-08-29T00:55:43.000Z
401762522,40176252223,401762522104958601,23,4,South Florida,American Athletic,31,Boise State,Mountain West,7,South Florida,Boise State,4,"{'minutes': 4, 'seconds': 13}",1,2,87,13,3,2,-1,False,Rush,Cartevious Norton run for a loss of 1 yard to the BOIS 14,-0.5482062637231684,2025-08-29T00:56:40.000Z
401762522,40176252223,401762522104967001,23,6,South Florida,American Athletic,34,Boise State,Mountain West,7,South Florida,Boise State,4,"{'minutes': 3, 'seconds': 29}",0,2,86,14,4,3,33,True,Field Goal Good,Nico Gramatica 33 yd FG GOOD,,2025-08-29T00:58:27.000Z
401762522,40176252224,401762522104967002,24,1,South Florida,American Athletic,34,Boise State,Mountain West,7,South Florida,Boise State,4,"{'minutes': 3, 'seconds': 29}",0,2,35,65,4,3,0,False,Kickoff,Adam Zouagui kickoff for 65 yds for a touchback,,2025-08-29T00:59:56.000Z
401762522,40176252224,401762522104967003,24,2,Boise State,Mountain West,7,South Florida,American Athletic,34,South Florida,Boise State,4,"{'minutes': 3, 'seconds': 29}",1,0,75,75,1,10,0,False,Timeout,"Timeout Boise State, clock 03:29",,2025-08-29T00:59:56.000Z
401762522,40176252224,401762522104998302,24,10,Boise State,Mountain West,7,South Florida,American Athletic,34,South Florida,Boise State,4,"{'minutes': 0, 'seconds': 0}",1,0,32,32,0,5,7,False,End of Game,End of 4th Quarter,,2025-08-29T01:09:03.000Z
401762522,40176252224,401762522104967601,24,3,Boise State,Mountain West,7,South Florida,American Athletic,34,South Florida,Boise State,4,"{'minutes': 3, 'seconds': 23}",1,0,75,75,1,10,4,False,Rush,Dylan Riley run for 4 yds to the BOIS 29,-0.1142886249388964,2025-08-29T01:01:21.000Z
401762522,40176252224,401762522104975701,24,4,Boise State,Mountain West,7,South Florida,American Athletic,34,South Florida,Boise State,4,"{'minutes': 2, 'seconds': 42}",1,0,71,71,2,6,-1,False,Rush,Dylan Riley run for a loss of 1 yard to the BOIS 28,-0.7409105172171424,2025-08-29T01:01:58.000Z
401762522,40176252224,401762522104979901,24,5,Boise State,Mountain West,7,South Florida,American Athletic,34,South Florida,Boise State,4,"{'minutes': 2, 'seconds': 0}",1,0,72,72,3,7,19,False,Pass Reception,Max Cutforth pass complete to Quinton Brown for 19 yds to the BOIS 47 for a 1ST down,2.8376548283040526,2025-08-29T01:02:54.000Z
401762522,40176252224,401762522104984601,24,6,Boise State,Mountain West,7,South Florida,American Athletic,34,South Florida,Boise State,4,"{'minutes': 1, 'seconds': 53}",1,0,53,53,1,10,4,False,Rush,Dylan Riley run for 4 yds to the USF 49,-0.1543469215353017,2025-08-29T01:06:45.000Z
401762522,40176252224,401762522104988201,24,7,Boise State,Mountain West,7,South Florida,American Athletic,34,South Florida,Boise State,4,"{'minutes': 1, 'seconds': 17}",1,0,49,49,2,6,12,False,Pass Reception,Max Cutforth pass complete to Demetric Whitlock Jr. for 12 yds to the USF 37 for a 1ST down,1.1982377236318662,2025-08-29T01:07:28.000Z
401762522,40176252224,401762522104994701,24,8,Boise State,Mountain West,7,South Florida,American Athletic,34,South Florida,Boise State,4,"{'minutes': 0, 'seconds': 52}",1,0,37,37,1,10,5,False,Rush,Dylan Riley run for 5 yds to the USF 32,0.0836657996975912,2025-08-29T01:07:49.000Z
401762522,40176252224,401762522104998301,24,9,Boise State,Mountain West,7,South Florida,American Athletic,34,South Florida,Boise State,4,"{'minutes': 0, 'seconds': 16}",1,0,32,32,2,5,7,False,Rush,Dylan Riley run for 7 yds to the USF 25 for a 1ST down,0.2676584695130945,2025-08-29T01:08:29.000Z
401760363,4017603631,401760363101849903,1,1,Eastern Washington,Big Sky,0,Boise State,Mountain West,0,Boise State,Eastern Washington,1,"{'minutes': 15, 'seconds': 0}",3,3,65,65,1,10,0,False,Kickoff,Landon Ogles kickoff for 65 yds for a touchback,,2025-09-06T01:09:01.000Z
401760363,4017603631,401760363101855001,1,2,Boise State,Mountain West,0,Eastern Washington,Big Sky,0,Boise State,Eastern Washington,1,"{'minutes': 14, 'seconds': 49}",3,3,25,75,1,10,46,False,Rush,Sire Gaines run for 46 yds to the EWU 29 for a 1ST down,3.2894539351232095,2025-09-06T01:09:01.000Z
401760363,4017603631,401760363101858301,1,3,Boise State,Mountain West,0,Eastern Washington,Big Sky,0,Boise State,Eastern Washington,1,"{'minutes': 14, 'seconds': 16}",3,3,71,29,1,10,9,False,Rush,Malik Sherrod run for 9 yds to the EWU 20,0.678252223692433,2025-09-06T01:09:01.000Z
401760363,4017603631,401760363101864901,1,4,Boise State,Mountain West,6,Eastern Washington,Big Sky,0,Boise State,Eastern Washington,1,"{'minutes': 13, 'seconds': 50}",3,3,80,20,2,1,20,True,Rushing Touchdown,Malik Sherrod run for 20 yds for a TD (Colton Boomer PAT BLOCKED),2.110048960905679,2025-09-06T01:09:01.000Z
401760363,4017603632,401760363101864903,2,1,Boise State,Mountain West,6,Eastern Washington,Big Sky,0,Boise State,Eastern Washington,1,"{'minutes': 13, 'seconds': 50}",3,3,35,65,1,10,0,False,Kickoff,Colton Boomer kickoff for 65 yds for a touchback,,2025-09-06T01:11:20.000Z
401760363,4017603632,401760363101865701,2,2,Eastern Washington,Big Sky,0,Boise State,Mountain West,6,Boise State,Eastern Washington,1,"{'minutes': 13, 'seconds': 42}",3,3,75,75,1,10,14,False,Rush,Jared Taylor run for 14 yds to the EWU 39 for a 1ST down,1.2227390832564555,2025-09-06T01:12:40.000Z
401760363,4017603632,401760363101869001,2,3,Eastern Washington,Big Sky,0,Boise State,Mountain West,6,Boise State,Eastern Washington,1,"{'minutes': 13, 'seconds': 9}",3,3,61,61,1,10,-2,False,Rush,Marceese Yetts run for a loss of 2 yards to the EWU 37,-1.4648790767761521,2025-09-06T01:13:12.000Z
401760363,4017603632,401760363101875801,2,4,Eastern Washington,Big Sky,0,Boise State,Mountain West,6,Boise State,Eastern Washington,1,"{'minutes': 12, 'seconds': 41}",3,3,63,63,2,12,6,False,Pass Reception,Jared Taylor pass complete to Noah Cronquist for 6 yds to the EWU 43,0.2257239373552196,2025-09-06T01:13:38.000Z
401760363,4017603632,401760363101879501,2,5,Eastern Washington,Big Sky,0,Boise State,Mountain West,6,Boise State,Eastern Washington,1,"{'minutes': 12, 'seconds': 4}",3,3,57,57,3,6,2,False,Fumble Recovery (Own),"Jared Taylor pass complete to Jaxon Branch for 2 yds Jaxon Branch fumbled, recovered by BOIS Jaden Mickey",-0.4328679013079073,2025-09-06T01:14:46.000Z
401760363,4017603633,401760363101884101,3,1,Boise State,Mountain West,6,Eastern Washington,Big Sky,0,Boise State,Eastern Washington,1,"{'minutes': 11, 'seconds': 58}",3,3,59,41,1,10,0,False,Pass Incompletion,Maddux Madsen pass incomplete,-0.8772679222659558,2025-09-06T01:15:12.000Z
401760363,4017603633,401760363101885001,3,2,Boise State,Mountain West,6,Eastern Washington,Big Sky,0,Boise State,Eastern Washington,1,"{'minutes': 11, 'seconds': 49}",3,3,59,41,2,10,1,False,Rush,Sire Gaines run for 1 yd to the EWU 40,-0.8173311387372735,2025-09-06T01:15:55.000Z
401760363,4017603633,401760363101888801,3,3,Boise State,Mountain West,6,Eastern Washington,Big Sky,0,Boise State,Eastern Washington,1,"{'minutes': 11, 'seconds': 11}",3,3,60,40,3,9,15,False,Pass Reception,Maddux Madsen pass complete to Matt Lauter for 15 yds to the EWU 25 for a 1ST down,2.2350343246336912,2025-09-06T01:16:45.000Z
401760363,4017603633,401760363101895701,3,4,Boise State,Mountain West,6,Eastern Washington,Big Sky,0,Boise State,Eastern Washington,1,"{'minutes': 10, 'seconds': 42}",3,3,75,25,1,10,0,False,Pass Incompletion,Maddux Madsen pass incomplete to Matt Lauter,-0.4522778946200265,2025-09-06T01:16:59.000Z
401760363,4017603633,401760363101896901,3,5,Boise State,Mountain West,6,Eastern Washington,Big Sky,0,Boise State,Eastern Washington,1,"{'minutes': 10, 'seconds': 30}",3,3,75,25,2,10,17,False,Pass Reception,Maddux Madsen pass complete to Matt Lauter for 17 yds to the EWU 8 for a 1ST down,0.832762688186392,2025-09-06T01:18:04.000Z
401760363,4017603633,401760363101899801,3,6,Boise State,Mountain West,13,Eastern Washington,Big Sky,0,Boise State,Eastern Washington,1,"{'minutes': 10, 'seconds': 1}",3,3,92,8,1,8,8,True,Rushing Touchdown,Sire Gaines run for 8 yds for a TD (Colton Boomer KICK),2.319599568699692,2025-09-06T01:18:25.000Z
401760363,4017603634,401760363101899803,4,1,Boise State,Mountain West,13,Eastern Washington,Big Sky,0,Boise State,Eastern Washington,1,"{'minutes': 10, 'seconds': 1}",3,3,35,65,1,10,0,False,Kickoff,Colton Boomer kickoff for 65 yds for a touchback,,2025-09-06T01:19:00.000Z
401760363,4017603634,401760363101904301,4,2,Eastern Washington,Big Sky,0,Boise State,Mountain West,13,Boise State,Eastern Washington,1,"{'minutes': 9, 'seconds': 56}",3,3,75,75,1,10,0,False,Pass Incompletion,Jared Taylor pass incomplete to Miles Williams,-0.7029700220436519,2025-09-06T01:23:03.000Z
401760363,4017603634,401760363101904901,4,3,Eastern Washington,Big Sky,0,Boise State,Mountain West,13,Boise State,Eastern Washington,1,"{'minutes': 9, 'seconds': 50}",3,3,75,75,2,10,5,False,Rush,Jared Taylor run for 5 yds to the EWU 30,0.04378266651122598,2025-09-06T01:23:26.000Z
401760363,4017603634,401760363101908801,4,4,Eastern Washington,Big Sky,0,Boise State,Mountain West,13,Boise State,Eastern Washington,1,"{'minutes': 9, 'seconds': 11}",3,3,70,70,3,5,9,False,Rush,Jared Taylor run for 9 yds to the EWU 39 for a 1ST down,1.8819264387888814,2025-09-06T01:24:07.000Z
401760363,4017603634,401760363101915501,4,5,Eastern Washington,Big Sky,0,Boise State,Mountain West,13,Boise State,Eastern Washington,1,"{'minutes': 8, 'seconds': 44}",3,3,61,61,1,10,0,False,Pass Incompletion,Jared Taylor pass incomplete to Noah Cronquist,-1.1077677360468863,2025-09-06T01:24:37.000Z
401760363,4017603634,401760363101916101,4,6,Eastern Washington,Big Sky,0,Boise State,Mountain West,13,Boise State,Eastern Washington,1,"{'minutes': 8, 'seconds': 38}",3,3,61,61,2,10,3,False,Rush,Jared Taylor run for 3 yds to the EWU 42,-0.3079777569559656,2025-09-06T01:25:16.000Z
401760363,4017603634,401760363101918701,4,7,Eastern Washington,Big Sky,0,Boise State,Mountain West,13,Boise State,Eastern Washington,1,"{'minutes': 8, 'seconds': 12}",3,3,58,58,3,7,-5,False,Penalty,PENALTY EWU False Start 5 yards from EWU42 to EWU37. NO PLAY.,,2025-09-06T01:26:04.000Z
401760363,4017603634,401760363101924201,4,8,Eastern Washington,Big Sky,0,Boise State,Mountain West,13,Boise State,Eastern Washington,1,"{'minutes': 7, 'seconds': 57}",3,3,63,63,3,12,3,False,Pass Reception,Jared Taylor pass complete to Marceese Yetts for 3 yds to the EWU 34,-0.12961095596452044,2025-09-06T01:26:25.000Z
401760363,4017603634,401760363101927901,4,9,Eastern Washington,Big Sky,0,Boise State,Mountain West,13,Boise State,Eastern Washington,1,"{'minutes': 7, 'seconds': 20}",3,3,66,66,4,15,0,False,Punt,Landon Ogles punt for 62 yds,,2025-09-06T01:27:21.000Z
401760363,4017603635,401760363101928501,5,1,Boise State,Mountain West,13,Eastern Washington,Big Sky,0,Boise State,Eastern Washington,1,"{'minutes': 7, 'seconds': 14}",3,3,4,96,1,10,4,False,Rush,Sire Gaines run for 4 yds to the BOIS 8,-0.032198235345455295,2025-09-06T01:30:22.000Z
401760363,4017603635,401760363101936001,5,2,Boise State,Mountain West,13,Eastern Washington,Big Sky,0,Boise State,Eastern Washington,1,"{'minutes': 6, 'seconds': 39}",3,3,8,92,2,6,0,False,Pass Incompletion,Maddux Madsen pass incomplete to Ben Ford,-0.25276746181921883,2025-09-06T01:31:23.000Z
401760363,4017603635,401760363101936501,5,3,Boise State,Mountain West,13,Eastern Washington,Big Sky,0,Boise State,Eastern Washington,1,"{'minutes': 6, 'seconds': 34}",3,3,8,92,3,6,5,False,Pass Reception,Maddux Madsen pass complete to Matt Lauter for 5 yds to the BOIS 13,0.02537017295729527,2025-09-06T01:32:00.000Z
401760363,4017603635,401760363101939201,5,4,Boise State,Mountain West,13,Eastern Washington,Big Sky,0,Boise State,Eastern Washington,1,"{'minutes': 6, 'seconds': 7}",3,3,13,87,4,1,0,False,Punt,"Oscar Doyle punt for 48 yds, fair catch by Noah Cronquist at the EWU 39",,2025-09-06T01:32:20.000Z
401760363,4017603636,401760363101939601,6,1,Eastern Washington,Big Sky,0,Boise State,Mountain West,13,Boise State,Eastern Washington,1,"{'minutes': 6, 'seconds': 3}",3,3,61,61,1,10,0,False,Pass Incompletion,Jared Taylor pass incomplete to Noah Cronquist,-1.1077677360468863,2025-09-06T01:33:38.000Z
401760363,4017603636,401760363101944501,6,2,Eastern Washington,Big Sky,0,Boise State,Mountain West,13,Boise State,Eastern Washington,1,"{'minutes': 5, 'seconds': 54}",3,3,61,61,2,10,3,False,Rush,Jared Taylor run for 3 yds to the EWU 42,-0.3079777569559656,2025-09-06T01:34:14.000Z
401760363,4017603636,401760363101948901,6,3,Eastern Washington,Big Sky,0,Boise State,Mountain West,13,Boise State,Eastern Washington,1,"{'minutes': 5, 'seconds': 10}",3,3,58,58,3,7,13,False,Pass Reception,Jared Taylor pass complete to Noah Cronquist for 13 yds to the BOIS 45 for a 1ST down,2.79424744440065,2025-09-06T01:35:16.000Z
401760363,4017603636,401760363101955401,6,4,Eastern Washington,Big Sky,0,Boise State,Mountain West,13,Boise State,Eastern Washington,1,"{'minutes': 4, 'seconds': 45}",3,3,45,45,1,10,2,False,Rush,Jared Taylor run for 2 yds to the BOIS 43,-0.548127712470997,2025-09-06T01:35:39.000Z
401760363,4017603636,401760363101959401,6,5,Eastern Washington,Big Sky,0,Boise State,Mountain West,13,Boise State,Eastern Washington,1,"{'minutes': 4, 'seconds': 5}",3,3,43,43,2,8,-5,False,Sack,Jared Taylor sacked by Lopez Sanusi for a loss of 5 yards to the BOIS 48,-2.096289941369002,2025-09-06T01:36:10.000Z
401760363,4017603636,401760363101968001,6,6,Eastern Washington,Big Sky,0,Boise State,Mountain West,13,Boise State,Eastern Washington,1,"{'minutes': 3, 'seconds': 19}",3,3,48,48,3,13,8,False,Pass Reception,Jared Taylor pass complete to Jaxon Branch for 8 yds to the BOIS 40,0.6349993041616555,2025-09-06T01:37:00.000Z
401760363,4017603636,401760363101974201,6,7,Eastern Washington,Big Sky,0,Boise State,Mountain West,13,Boise State,Eastern Washington,1,"{'minutes': 2, 'seconds': 57}",3,3,40,40,4,5,0,False,Pass Incompletion,Jared Taylor pass incomplete to Landon Cooper,-1.5140675652545887,2025-09-06T01:37:27.000Z
401760363,4017603636,401760363101974202,6,8,Eastern Washington,Big Sky,0,Boise State,Mountain West,13,Boise State,Eastern Washington,1,"{'minutes': 2, 'seconds': 57}",3,3,40,40,4,5,0,False,Pass Incompletion,Jared Taylor pass incomplete to Landon Cooper,-1.5140675652545887,2025-09-06T01:39:20.000Z
401760363,4017603637,401760363101975001,7,1,Boise State,Mountain West,20,Eastern Washington,Big Sky,0,Boise State,Eastern Washington,1,"{'minutes': 2, 'seconds': 49}",3,3,40,60,1,10,60,True,Passing Touchdown,Maddux Madsen pass complete to Ben Ford for 60 yds for a TD (Colton Boomer KICK),4.756900604143675,2025-09-06T01:40:51.000Z
401760363,4017603638,401760363101975003,8,1,Boise State,Mountain West,20,Eastern Washington,Big Sky,0,Boise State,Eastern Washington,1,"{'minutes': 2, 'seconds': 49}",3,3,35,65,1,10,0,False,Kickoff,Colton Boomer kickoff for 65 yds for a touchback,,2025-09-06T01:40:51.000Z
401760363,4017603638,401760363101976901,8,2,Eastern Washington,Big Sky,0,Boise State,Mountain West,20,Boise State,Eastern Washington,1,"{'minutes': 2, 'seconds': 30}",3,3,75,75,1,10,5,False,Pass Reception,Jared Taylor pass complete to Landon Cooper for 5 yds to the EWU 30,0.0945451165334843,2025-09-06T01:43:46.000Z
401760363,4017603638,401760363101977802,8,3,Eastern Washington,Big Sky,0,Boise State,Mountain West,20,Boise State,Eastern Washington,1,"{'minutes': 2, 'seconds': 21}",3,3,70,70,2,5,-10,False,Penalty,"(02:23) No Huddle-Shotgun Taylor,Jared pass incomplete short left to Bell,Nate thrown to EWU35 PENALTY EWU Holding 10 yards from EWU30 to EWU20. NO PLAY.",,2025-09-06T01:43:48.000Z
401760363,4017603638,401760363101978201,8,4,Eastern Washington,Big Sky,0,Boise State,Mountain West,20,Boise State,Eastern Washington,1,"{'minutes': 2, 'seconds': 17}",3,3,80,80,2,15,0,False,Pass Incompletion,Jared Taylor pass incomplete to Marceese Yetts,-0.14903888205704785,2025-09-06T01:44:44.000Z
401760363,4017603638,401760363101978801,8,5,Eastern Washington,Big Sky,0,Boise State,Mountain West,20,Boise State,Eastern Washington,1,"{'minutes': 2, 'seconds': 11}",3,3,80,80,3,15,9,False,Rush,Jared Taylor run for 9 yds to the EWU 29,0.1362292357488597,2025-09-06T01:45:22.000Z
401760363,4017603638,401760363101986801,8,6,Eastern Washington,Big Sky,0,Boise State,Mountain West,20,Boise State,Eastern Washington,1,"{'minutes': 1, 'seconds': 31}",3,3,71,71,4,6,0,False,Punt,"Landon Ogles punt for 35 yds, fair catch by Malik Sherrod at the BOIS 36",,2025-09-06T01:46:03.000Z
401760363,4017603639,401760363101999902,9,5,Boise State,Mountain West,20,Eastern Washington,Big Sky,0,Boise State,Eastern Washington,1,"{'minutes': 0, 'seconds': 0}",3,3,54,46,0,4,17,False,End Period,End of 1st Quarter,,2025-09-06T01:48:26.000Z
401760363,4017603639,401760363101987401,9,1,Boise State,Mountain West,20,Eastern Washington,Big Sky,0,Boise State,Eastern Washington,1,"{'minutes': 1, 'seconds': 25}",3,3,36,64,1,10,5,False,Rush,Malik Sherrod run for 5 yds to the BOIS 41,0.1095374979928448,2025-09-06T01:46:58.000Z
401760363,4017603639,401760363101994801,9,2,Boise State,Mountain West,20,Eastern Washington,Big Sky,0,Boise State,Eastern Washington,1,"{'minutes': 0, 'seconds': 51}",3,3,41,59,2,5,7,False,Rush,Malik Sherrod run for 7 yds to the BOIS 48 for a 1ST down,1.0296008210720553,2025-09-06T01:47:20.000Z
401760363,4017603639,401760363101997101,9,3,Boise State,Mountain West,20,Eastern Washington,Big Sky,0,Boise State,Eastern Washington,1,"{'minutes': 0, 'seconds': 28}",3,3,48,52,1,10,6,False,Rush,Malik Sherrod run for 6 yds to the EWU 46,0.3608772046980507,2025-09-06T01:47:48.000Z
401760363,4017603639,401760363101999901,9,4,Boise State,Mountain West,20,Eastern Washington,Big Sky,0,Boise State,Eastern Washington,1,"{'minutes': 0, 'seconds': 0}",3,3,54,46,2,4,17,False,Pass Reception,Maddux Madsen pass complete to Matt Wagner for 17 yds to the EWU 29 for a 1ST down,0.8588758994142683,2025-09-06T01:48:26.000Z
401760363,4017603639,401760363102857101,9,6,Boise State,Mountain West,20,Eastern Washington,Big Sky,0,Boise State,Eastern Washington,2,"{'minutes': 14, 'seconds': 28}",3,3,71,29,1,10,-1,False,Fumble Recovery (Own),"Sire Gaines run for a loss of 1 yard to the EWU 30 Sire Gaines fumbled, recovered by BOIS Sire Gaines",-0.6692583470430705,2025-09-06T01:52:07.000Z
401760363,4017603639,401760363102858701,9,7,Boise State,Mountain West,20,Eastern Washington,Big Sky,0,Boise State,Eastern Washington,2,"{'minutes': 14, 'seconds': 12}",3,3,70,30,2,11,2,False,Rush,Maddux Madsen run for 2 yds to the EWU 28,-0.4192763389756385,2025-09-06T01:52:29.000Z
401760363,4017603639,401760363102865801,9,8,Boise State,Mountain West,20,Eastern Washington,Big Sky,0,Boise State,Eastern Washington,2,"{'minutes': 13, 'seconds': 41}",3,3,72,28,3,9,0,False,Pass Incompletion,Maddux Madsen pass incomplete to Malik Sherrod,-0.9349809031928374,2025-09-06T01:52:52.000Z
401760363,4017603639,401760363102866301,9,9,Boise State,Mountain West,20,Eastern Washington,Big Sky,0,Boise State,Eastern Washington,2,"{'minutes': 13, 'seconds': 36}",3,3,72,28,4,9,46,False,Field Goal Missed,Colton Boomer 46 yd FG MISSED,,2025-09-06T01:53:50.000Z
401760363,40176036310,401760363102867001,10,1,Eastern Washington,Big Sky,0,Boise State,Mountain West,20,Boise State,Eastern Washington,2,"{'minutes': 13, 'seconds': 29}",3,3,72,72,1,10,5,False,Rush,Marceese Yetts run for 5 yds to the EWU 33,0.0997589035143243,2025-09-06T01:56:33.000Z
401760363,40176036310,401760363102874901,10,2,Eastern Washington,Big Sky,0,Boise State,Mountain West,20,Boise State,Eastern Washington,2,"{'minutes': 12, 'seconds': 50}",3,3,67,67,2,5,6,False,Rush,Nate Bell run for 6 yds to the EWU 39 for a 1ST down,0.900857772286862,2025-09-06T01:57:19.000Z
401760363,40176036310,401760363102878301,10,3,Eastern Washington,Big Sky,0,Boise State,Mountain West,20,Boise State,Eastern Washington,2,"{'minutes': 12, 'seconds': 16}",3,3,61,61,1,10,10,False,Rush,Nate Bell run for 10 yds to the EWU 49 for a 1ST down,0.931648832571927,2025-09-06T01:57:57.000Z
401760363,40176036310,401760363102885601,10,4,Eastern Washington,Big Sky,0,Boise State,Mountain West,20,Boise State,Eastern Washington,2,"{'minutes': 11, 'seconds': 43}",3,3,51,51,1,10,1,False,Rush,Nate Bell run for 1 yd to the 50 yard line,-0.889254676573113,2025-09-06T01:58:35.000Z
401760363,40176036310,401760363102888701,10,5,Eastern Washington,Big Sky,0,Boise State,Mountain West,20,Boise State,Eastern Washington,2,"{'minutes': 11, 'seconds': 12}",3,3,50,50,2,9,0,False,Pass Incompletion,Jared Taylor pass incomplete to Marceese Yetts,-1.058309403945206,2025-09-06T01:59:07.000Z
401760363,40176036310,401760363102894901,10,6,Eastern Washington,Big Sky,0,Boise State,Mountain West,20,Boise State,Eastern Washington,2,"{'minutes': 10, 'seconds': 50}",3,3,50,50,3,9,36,False,Pass Reception,Jared Taylor pass complete to Miles Williams for 36 yds to the BOIS 14 for a 1ST down,3.3226481092321762,2025-09-06T01:59:50.000Z
401760363,40176036310,401760363102896501,10,7,Eastern Washington,Big Sky,0,Boise State,Mountain West,20,Boise State,Eastern Washington,2,"{'minutes': 10, 'seconds': 34}",3,3,14,14,1,10,4,False,Pass Reception,Jared Taylor pass complete to Marceese Yetts for 4 yds to the BOIS 10,-0.0183111493425885,2025-09-06T02:00:30.000Z
401760363,40176036310,401760363102899601,10,8,Eastern Washington,Big Sky,0,Boise State,Mountain West,20,Boise State,Eastern Washington,2,"{'minutes': 10, 'seconds': 3}",3,3,10,10,2,6,5,False,Pass Reception,Jared Taylor pass complete to Nolan Ulm for 5 yds to the BOIS 5,0.074148333503494,2025-09-06T02:00:52.000Z
401760363,40176036310,401760363102907201,10,9,Eastern Washington,Big Sky,0,Boise State,Mountain West,20,Boise State,Eastern Washington,2,"{'minutes': 9, 'seconds': 27}",3,3,5,5,3,1,0,False,Rush,Jared Taylor run for no gain to the BOIS 5,-0.361126152882802,2025-09-06T02:01:48.000Z
401760363,40176036310,401760363102914601,10,10,Eastern Washington,Big Sky,7,Boise State,Mountain West,20,Boise State,Eastern Washington,2,"{'minutes': 8, 'seconds': 53}",3,3,5,5,4,1,5,True,Rushing Touchdown,Jared Taylor run for 5 yds for a TD (Soren McKee KICK),2.853572143900978,2025-09-06T02:02:13.000Z
401760363,40176036311,401760363102915401,11,1,Eastern Washington,Big Sky,7,Boise State,Mountain West,20,Boise State,Eastern Washington,2,"{'minutes': 8, 'seconds': 45}",3,3,65,65,1,10,20,False,Kickoff Return (Offense),"Landon Ogles kickoff for 65 yds , Malik Sherrod return for 20 yds to the BOIS 20",,2025-09-06T02:06:33.000Z
401760363,40176036311,401760363102915701,11,2,Boise State,Mountain West,20,Eastern Washington,Big Sky,7,Boise State,Eastern Washington,2,"{'minutes': 8, 'seconds': 42}",3,3,20,80,1,10,5,False,Rush,Sire Gaines run for 5 yds to the BOIS 25,0.0855067756440384,2025-09-06T02:07:15.000Z
401760363,40176036311,401760363102919201,11,3,Boise State,Mountain West,20,Eastern Washington,Big Sky,7,Boise State,Eastern Washington,2,"{'minutes': 8, 'seconds': 7}",3,3,25,75,2,5,21,False,Rush,Sire Gaines run for 21 yds to the BOIS 46 for a 1ST down,2.1156534822758566,2025-09-06T02:08:04.000Z
401760363,40176036311,401760363102926001,11,4,Boise State,Mountain West,20,Eastern Washington,Big Sky,7,Boise State,Eastern Washington,2,"{'minutes': 7, 'seconds': 39}",3,3,46,54,1,10,14,False,Rush,Maddux Madsen run for 14 yds to the EWU 40 for a 1ST down,0.995848393747867,2025-09-06T02:08:24.000Z
401760363,40176036311,401760363102926002,11,5,Boise State,Mountain West,20,Eastern Washington,Big Sky,7,Boise State,Eastern Washington,2,"{'minutes': 7, 'seconds': 39}",3,3,60,40,1,10,29,False,Pass Reception,Maddux Madsen pass complete to Chris Marshall for 29 yds to the EWU 11 for a 1ST down,0.667309730569416,2025-09-06T02:08:24.000Z
401760363,40176036311,401760363102937301,11,6,Boise State,Mountain West,27,Eastern Washington,Big Sky,7,Boise State,Eastern Washington,2,"{'minutes': 6, 'seconds': 26}",3,3,89,11,1,10,11,True,Rushing Touchdown,Maddux Madsen run for 11 yds for a TD (Canaan Moore KICK),2.521739413367925,2025-09-06T02:09:41.000Z
401760363,40176036312,401760363102937303,12,1,Boise State,Mountain West,27,Eastern Washington,Big Sky,7,Boise State,Eastern Washington,2,"{'minutes': 6, 'seconds': 26}",3,3,35,65,1,10,0,False,Kickoff,Colton Boomer kickoff for 65 yds for a touchback,,2025-09-06T02:10:04.000Z
401760363,40176036312,401760363102937901,12,2,Eastern Washington,Big Sky,7,Boise State,Mountain West,27,Boise State,Eastern Washington,2,"{'minutes': 6, 'seconds': 20}",3,3,75,75,1,10,0,False,Pass Incompletion,Jared Taylor pass incomplete,-0.7029700220436519,2025-09-06T02:14:13.000Z
401760363,40176036312,401760363102938501,12,3,Eastern Washington,Big Sky,7,Boise State,Mountain West,27,Boise State,Eastern Washington,2,"{'minutes': 6, 'seconds': 14}",3,3,75,75,2,10,1,False,Rush,Marceese Yetts run for 1 yd to the EWU 26,-0.29282347426074384,2025-09-06T02:14:53.000Z
401760363,40176036312,401760363102946401,12,4,Eastern Washington,Big Sky,7,Boise State,Mountain West,27,Boise State,Eastern Washington,2,"{'minutes': 5, 'seconds': 35}",3,3,74,74,3,9,5,False,Rush,Jared Taylor run for 5 yds to the EWU 31,0.02335959259791131,2025-09-06T02:15:15.000Z
401760363,40176036312,401760363102949401,12,5,Eastern Washington,Big Sky,7,Boise State,Mountain West,27,Boise State,Eastern Washington,2,"{'minutes': 5, 'seconds': 5}",3,3,69,69,4,4,-5,False,Penalty,"PENALTY EWU False Start (Pruett,Cole) 5 yards from EWU31 to EWU26. NO PLAY.",,2025-09-06T02:16:21.000Z
401760363,40176036312,401760363102955203,12,6,Eastern Washington,Big Sky,7,Boise State,Mountain West,27,Boise State,Eastern Washington,2,"{'minutes': 4, 'seconds': 47}",3,3,74,74,4,9,16,False,Punt,"Landon Ogles punt for 42 yds, punt out-of-bounds at the BOIS 38 , Malik Sherrod returns for 16 yds to the BOIS 42 Boise State Penalty, Offensive Holding (Syncere Brackett-Lambey) declined",,2025-09-06T02:17:39.000Z
401760363,40176036313,401760363102959801,13,3,Boise State,Mountain West,27,Eastern Washington,Big Sky,7,Boise State,Eastern Washington,2,"{'minutes': 4, 'seconds': 1}",3,3,33,67,2,15,4,False,Rush,Dylan Riley run for 4 yds to the BOIS 37,-0.07039794859002857,2025-09-06T02:19:48.000Z
401760363,40176036313,401760363102955801,13,1,Boise State,Mountain West,27,Eastern Washington,Big Sky,7,Boise State,Eastern Washington,2,"{'minutes': 4, 'seconds': 41}",3,3,38,62,1,10,-10,False,Penalty,"(04:40) Shotgun Madsen,Maddux pass incomplete deep middle to Caples,Latrell thrown to EWU25 PENALTY BSU Holding (Schmidt,Hall) 10 yards from BSU38 to BSU28. NO PLAY.",,2025-09-06T02:18:20.000Z
401760363,40176036313,401760363102956601,13,2,Boise State,Mountain West,27,Eastern Washington,Big Sky,7,Boise State,Eastern Washington,2,"{'minutes': 4, 'seconds': 33}",3,3,28,72,1,20,5,False,Pass Reception,Maddux Madsen pass complete to Dylan Riley for 5 yds to the BOIS 33,0.02743530860700449,2025-09-06T02:19:08.000Z
401760363,40176036313,401760363102967004,13,4,Boise State,Mountain West,27,Eastern Washington,Big Sky,7,Boise State,Eastern Washington,2,"{'minutes': 3, 'seconds': 29}",3,3,37,63,3,11,25,False,Penalty,"(03:29) Shotgun Madsen,Maddux pass complete deep right to Ford,Ben caught at EWU40, for 25 yards to the EWU38, End Of Play PENALTY BSU Illegal Shift offsetting EWU Offside offsetting. NO PLAY.",,2025-09-06T02:21:09.000Z
401760363,40176036313,401760363102968201,13,5,Boise State,Mountain West,27,Eastern Washington,Big Sky,7,Boise State,Eastern Washington,2,"{'minutes': 3, 'seconds': 17}",3,3,37,63,3,11,0,False,Pass Incompletion,Maddux Madsen pass incomplete to Latrell Caples,-0.3134404920154985,2025-09-06T02:21:50.000Z
401760363,40176036313,401760363102969301,13,6,Boise State,Mountain West,27,Eastern Washington,Big Sky,7,Boise State,Eastern Washington,2,"{'minutes': 3, 'seconds': 6}",3,3,37,63,4,11,0,False,Punt,Oscar Doyle punt for 59 yds,,2025-09-06T02:22:45.000Z
401760363,40176036314,401760363102979901,14,3,Eastern Washington,Big Sky,7,Boise State,Mountain West,27,Boise State,Eastern Washington,2,"{'minutes': 2, 'seconds': 0}",3,2,94,94,3,8,0,False,Timeout,"Timeout Boise State, clock 02:00",,2025-09-06T01:52:07.000Z
401760363,40176036314,401760363102969901,14,1,Eastern Washington,Big Sky,7,Boise State,Mountain West,27,Boise State,Eastern Washington,2,"{'minutes': 3, 'seconds': 0}",3,3,96,96,1,10,1,False,Rush,Jared Taylor run for 1 yd to the EWU 5,-0.22726448953281242,2025-09-06T02:23:40.000Z
401760363,40176036314,401760363102977001,14,2,Eastern Washington,Big Sky,7,Boise State,Mountain West,27,Boise State,Eastern Washington,2,"{'minutes': 2, 'seconds': 29}",3,3,95,95,2,9,1,False,Rush,Jared Taylor run for 1 yd to the EWU 6,-0.11826985197628037,2025-09-06T02:24:18.000Z
401760363,40176036314,401760363102984401,14,4,Eastern Washington,Big Sky,7,Boise State,Mountain West,27,Boise State,Eastern Washington,2,"{'minutes': 1, 'seconds': 55}",3,2,94,94,3,8,0,False,Penalty,"Eastern Washington Penalty, Offensive Holding (Tylin Jackson) declined",,2025-09-06T02:28:21.000Z
401760363,40176036314,401760363102985003,14,5,Eastern Washington,Big Sky,7,Boise State,Mountain West,27,Boise State,Eastern Washington,2,"{'minutes': 1, 'seconds': 49}",3,2,94,94,4,8,5,False,Penalty,"(01:52) Ogles,Landon punt 35 yards to the EWU41, out of bounds at EWU41 PENALTY BSU Running Into The Kicker (Gaines,Sire) 5 yards from EWU06 to EWU11. NO PLAY.",,2025-09-06T02:28:59.000Z
401760363,40176036314,401760363102985601,14,6,Eastern Washington,Big Sky,7,Boise State,Mountain West,27,Boise State,Eastern Washington,2,"{'minutes': 1, 'seconds': 43}",3,2,89,89,4,3,0,False,Punt,"Landon Ogles punt for 37 yds, fair catch by Malik Sherrod at the EWU 48",,2025-09-06T02:30:25.000Z
401760363,40176036315,401760363102986601,15,1,Boise State,Mountain West,27,Eastern Washington,Big Sky,7,Boise State,Eastern Washington,2,"{'minutes': 1, 'seconds': 33}",2,3,52,48,1,10,37,False,Pass Reception,Maddux Madsen pass complete to Chris Marshall for 37 yds to the EWU 11 for a 1ST down,1.164494422912032,2025-09-06T02:31:27.000Z
401760363,40176036315,401760363102989501,15,2,Boise State,Mountain West,27,Eastern Washington,Big Sky,7,Boise State,Eastern Washington,2,"{'minutes': 1, 'seconds': 4}",2,3,89,11,1,10,-6,False,Rush,Malik Sherrod run for a loss of 6 yards to the EWU 17,-0.688365064159365,2025-09-06T02:31:48.000Z
401760363,40176036315,401760363102994401,15,3,Boise State,Mountain West,27,Eastern Washington,Big Sky,7,Boise State,Eastern Washington,2,"{'minutes': 0, 'seconds': 55}",2,3,83,17,2,16,0,False,Pass Incompletion,Maddux Madsen pass incomplete to Ben Ford,-0.5222156940942178,2025-09-06T02:33:22.000Z
401760363,40176036315,401760363102994501,15,4,Boise State,Mountain West,27,Eastern Washington,Big Sky,7,Boise State,Eastern Washington,2,"{'minutes': 0, 'seconds': 54}",2,3,83,17,3,16,0,False,Pass Incompletion,Maddux Madsen pass incomplete to Latrell Caples,-0.8265214755905992,2025-09-06T02:34:03.000Z
401760363,40176036315,401760363102994901,15,5,Boise State,Mountain West,30,Eastern Washington,Big Sky,7,Boise State,Eastern Washington,2,"{'minutes': 0, 'seconds': 50}",2,3,83,17,4,16,35,True,Field Goal Good,Canaan Moore 35 yd FG GOOD,,2025-09-06T02:34:48.000Z
401760363,40176036316,401760363102994902,16,1,Boise State,Mountain West,30,Eastern Washington,Big Sky,7,Boise State,Eastern Washington,2,"{'minutes': 0, 'seconds': 50}",2,3,35,65,1,10,0,False,Kickoff,Colton Boomer kickoff for 65 yds for a touchback,,2025-09-06T02:36:11.000Z
401760363,40176036316,401760363102996802,16,4,Eastern Washington,Big Sky,7,Boise State,Mountain West,30,Boise State,Eastern Washington,2,"{'minutes': 0, 'seconds': 31}",3,1,76,76,3,11,0,False,Timeout,"Timeout Boise State, clock 00:31",,2025-09-06T02:37:59.000Z
401760363,40176036316,401760363102995601,16,2,Eastern Washington,Big Sky,7,Boise State,Mountain West,30,Boise State,Eastern Washington,2,"{'minutes': 0, 'seconds': 43}",3,2,75,75,1,10,0,False,Pass Incompletion,Jared Taylor pass incomplete to Jaxon Branch,-0.7029700220436519,2025-09-06T02:37:03.000Z
401760363,40176036316,401760363102996801,16,3,Eastern Washington,Big Sky,7,Boise State,Mountain West,30,Boise State,Eastern Washington,2,"{'minutes': 0, 'seconds': 31}",3,2,75,75,2,10,-1,False,Pass Reception,Jared Taylor pass complete to Noah Cronquist for a loss of 1 yard to the EWU 24,-0.3927938356308358,2025-09-06T02:37:59.000Z
401760363,40176036316,401760363102997302,16,5,Eastern Washington,Big Sky,7,Boise State,Mountain West,30,Boise State,Eastern Washington,2,"{'minutes': 0, 'seconds': 26}",3,1,76,76,3,11,-10,False,Penalty,"(00:27) Shotgun Taylor,Jared rush left for 11 yards gain to the EWU35 (Notarainni,Marco) PENALTY EWU Holding 10 yards from EWU24 to EWU14. NO PLAY.",,2025-09-06T02:39:08.000Z
401760363,40176036316,401760363102997701,16,6,Eastern Washington,Big Sky,7,Boise State,Mountain West,30,Boise State,Eastern Washington,2,"{'minutes': 0, 'seconds': 22}",3,1,86,86,3,21,0,False,Pass Incompletion,Jared Taylor pass incomplete to Zander Turner,-0.02256584589687983,2025-09-06T02:40:08.000Z
401760363,40176036316,401760363102998701,16,7,Eastern Washington,Big Sky,7,Boise State,Mountain West,30,Boise State,Eastern Washington,2,"{'minutes': 0, 'seconds': 12}",3,1,86,86,4,21,0,False,Punt,"Landon Ogles punt for 50 yds , Malik Sherrod returns for no gain to the BOIS 36",,2025-09-06T02:41:03.000Z
401760363,40176036316,401760363102998702,16,8,Eastern Washington,Big Sky,7,Boise State,Mountain West,30,Boise State,Eastern Washington,2,"{'minutes': 0, 'seconds': 12}",3,1,86,86,4,21,0,False,Punt,"Landon Ogles punt for 50 yds , Malik Sherrod returns for no gain to the BOIS 36",,2025-09-06T02:41:03.000Z
401760363,40176036317,401760363102999902,17,2,Boise State,Mountain West,30,Eastern Washington,Big Sky,7,Boise State,Eastern Washington,2,"{'minutes': 0, 'seconds': 0}",1,3,36,64,0,10,-1,False,End of Half,End of 2nd Quarter,,2025-09-06T02:41:54.000Z
401760363,40176036317,401760363102999901,17,1,Boise State,Mountain West,30,Eastern Washington,Big Sky,7,Boise State,Eastern Washington,2,"{'minutes': 0, 'seconds': 0}",1,3,36,64,1,10,-1,False,Rush,M. Madsen takes a knee,-1.2088420704637137,2025-09-06T02:41:54.000Z
401760363,40176036318,401760363103849903,18,1,Boise State,Mountain West,30,Eastern Washington,Big Sky,7,Boise State,Eastern Washington,3,"{'minutes': 15, 'seconds': 0}",3,3,35,65,1,10,0,False,Kickoff,Colton Boomer kickoff for 65 yds for a touchback,,2025-09-06T03:02:26.000Z
401760363,40176036318,401760363103879901,18,8,Eastern Washington,Big Sky,7,Boise State,Mountain West,30,Boise State,Eastern Washington,3,"{'minutes': 12, 'seconds': 0}",3,2,40,40,1,10,0,False,Timeout,"Timeout Boise State, clock 12:00",,2025-09-06T03:02:26.000Z
401760363,40176036318,401760363103854801,18,2,Eastern Washington,Big Sky,7,Boise State,Mountain West,30,Boise State,Eastern Washington,3,"{'minutes': 14, 'seconds': 51}",3,3,75,75,1,10,9,False,Pass Reception,Jared Taylor pass complete to Nolan Ulm for 9 yds to the EWU 34,1.252308359788624,2025-09-06T03:03:13.000Z
401760363,40176036318,401760363103857301,18,3,Eastern Washington,Big Sky,7,Boise State,Mountain West,30,Boise State,Eastern Washington,3,"{'minutes': 14, 'seconds': 26}",3,3,66,66,2,1,0,False,Rush,Jared Taylor run for no gain to the EWU 34,-1.2753422217375716,2025-09-06T03:03:54.000Z
401760363,40176036318,401760363103865501,18,4,Eastern Washington,Big Sky,7,Boise State,Mountain West,30,Boise State,Eastern Washington,3,"{'minutes': 13, 'seconds': 44}",3,3,66,66,3,1,8,False,Rush,Nate Bell run for 8 yds to the EWU 42 for a 1ST down,1.5390857696309537,2025-09-06T03:04:42.000Z
401760363,40176036318,401760363103867801,18,5,Eastern Washington,Big Sky,7,Boise State,Mountain West,30,Boise State,Eastern Washington,3,"{'minutes': 13, 'seconds': 21}",3,3,58,58,1,10,2,False,Rush,Marceese Yetts run for 2 yds to the EWU 44,-0.686234543960909,2025-09-06T03:04:45.000Z
401760363,40176036318,401760363103875401,18,6,Eastern Washington,Big Sky,7,Boise State,Mountain West,30,Boise State,Eastern Washington,3,"{'minutes': 12, 'seconds': 45}",3,3,56,56,2,8,0,False,Rush,Jared Taylor run for no gain to the EWU 44,-0.9833047280384468,2025-09-06T03:05:25.000Z
401760363,40176036318,401760363103879701,18,7,Eastern Washington,Big Sky,7,Boise State,Mountain West,30,Boise State,Eastern Washington,3,"{'minutes': 12, 'seconds': 2}",3,3,56,56,3,8,16,False,Pass Reception,Jared Taylor pass complete to Nolan Ulm for 16 yds to the BOIS 40 for a 1ST down,3.0421933401013304,2025-09-06T03:06:21.000Z
401760363,40176036318,401760363103885901,18,9,Eastern Washington,Big Sky,7,Boise State,Mountain West,30,Boise State,Eastern Washington,3,"{'minutes': 11, 'seconds': 40}",3,2,40,40,1,10,2,False,Pass Reception,Jared Taylor pass complete to Marceese Yetts for 2 yds to the BOIS 38,-0.4549295700351248,2025-09-06T03:07:26.000Z
401760363,40176036318,401760363103888901,18,10,Eastern Washington,Big Sky,7,Boise State,Mountain West,30,Boise State,Eastern Washington,3,"{'minutes': 11, 'seconds': 10}",3,2,38,38,2,8,3,False,Rush,Nate Bell run for 3 yds to the BOIS 35,-0.3241110608303579,2025-09-06T03:08:00.000Z
401760363,40176036318,401760363103897001,18,11,Eastern Washington,Big Sky,7,Boise State,Mountain West,30,Boise State,Eastern Washington,3,"{'minutes': 10, 'seconds': 29}",3,2,35,35,3,5,0,False,Rush,Nate Bell run for no gain to the BOIS 35,-1.0353479355691633,2025-09-06T03:08:41.000Z
401760363,40176036318,401760363103905101,18,12,Eastern Washington,Big Sky,7,Boise State,Mountain West,30,Boise State,Eastern Washington,3,"{'minutes': 9, 'seconds': 48}",3,2,35,35,4,5,0,False,Pass Incompletion,Jared Taylor pass incomplete to Noah Cronquist,-1.996562289628013,2025-09-06T03:09:20.000Z
401760363,40176036318,401760363103905102,18,13,Eastern Washington,Big Sky,7,Boise State,Mountain West,30,Boise State,Eastern Washington,3,"{'minutes': 9, 'seconds': 48}",3,2,35,35,4,5,0,False,Pass Incompletion,Jared Taylor pass incomplete to Noah Cronquist,-1.996562289628013,2025-09-06T03:09:20.000Z
401760363,40176036319,401760363103906201,19,1,Boise State,Mountain West,30,Eastern Washington,Big Sky,7,Boise State,Eastern Washington,3,"{'minutes': 9, 'seconds': 37}",2,3,35,65,1,10,-5,False,Rush,Sire Gaines run for a loss of 5 yards to the BOIS 30,-1.6411798070728363,2025-09-06T03:12:38.000Z
401760363,40176036319,401760363103914901,19,2,Boise State,Mountain West,30,Eastern Washington,Big Sky,7,Boise State,Eastern Washington,3,"{'minutes': 8, 'seconds': 50}",2,3,30,70,2,15,11,False,Pass Reception,Maddux Madsen pass complete to Sire Gaines for 11 yds to the BOIS 41,0.8765961343782722,2025-09-06T03:13:29.000Z
401760363,40176036319,401760363103918601,19,3,Boise State,Mountain West,30,Eastern Washington,Big Sky,7,Boise State,Eastern Washington,3,"{'minutes': 8, 'seconds': 13}",2,3,41,59,3,4,11,False,Pass Reception,Maddux Madsen pass complete to Latrell Caples for 11 yds to the EWU 48 for a 1ST down,2.321066847105942,2025-09-06T03:13:58.000Z
401760363,40176036319,401760363103925701,19,4,Boise State,Mountain West,30,Eastern Washington,Big Sky,7,Boise State,Eastern Washington,3,"{'minutes': 7, 'seconds': 42}",2,3,52,48,1,10,8,False,Pass Reception,Maddux Madsen pass complete to Matt Lauter for 8 yds to the EWU 40,0.795102575020074,2025-09-06T03:14:29.000Z
401760363,40176036319,401760363103929001,19,5,Boise State,Mountain West,30,Eastern Washington,Big Sky,7,Boise State,Eastern Washington,3,"{'minutes': 7, 'seconds': 9}",2,3,60,40,2,2,3,False,Rush,Sire Gaines run for 3 yds to the EWU 37 for a 1ST down,-0.1602773702168602,2025-09-06T03:15:12.000Z
401760363,40176036319,401760363103937301,19,6,Boise State,Mountain West,30,Eastern Washington,Big Sky,7,Boise State,Eastern Washington,3,"{'minutes': 6, 'seconds': 26}",2,3,63,37,1,10,0,False,Pass Incompletion,Maddux Madsen pass incomplete to Ben Ford,-0.7519361608312708,2025-09-06T03:15:49.000Z
401760363,40176036319,401760363103937901,19,7,Boise State,Mountain West,30,Eastern Washington,Big Sky,7,Boise State,Eastern Washington,3,"{'minutes': 6, 'seconds': 20}",2,3,63,37,2,10,1,False,Rush,Malik Sherrod run for 1 yd to the EWU 36,-0.7477138654088477,2025-09-06T03:16:29.000Z
401760363,40176036319,401760363103946501,19,8,Boise State,Mountain West,30,Eastern Washington,Big Sky,7,Boise State,Eastern Washington,3,"{'minutes': 5, 'seconds': 34}",2,3,64,36,3,9,16,False,Pass Reception,Maddux Madsen pass complete to Ben Ford for 16 yds to the EWU 20 for a 1ST down,1.9331309286851628,2025-09-06T03:17:11.000Z
401760363,40176036319,401760363103954401,19,9,Boise State,Mountain West,37,Eastern Washington,Big Sky,7,Boise State,Eastern Washington,3,"{'minutes': 4, 'seconds': 55}",2,3,80,20,1,10,20,True,Rushing Touchdown,Cameron Bates run for 20 yds for a TD (Canaan Moore KICK),2.617927729031699,2025-09-06T03:18:00.000Z
401760363,40176036320,401760363103954403,20,1,Boise State,Mountain West,37,Eastern Washington,Big Sky,7,Boise State,Eastern Washington,3,"{'minutes': 4, 'seconds': 55}",2,3,35,65,1,10,0,False,Kickoff,Colton Boomer kickoff for 65 yds for a touchback,,2025-09-06T03:20:06.000Z
401760363,40176036320,401760363103955901,20,2,Eastern Washington,Big Sky,7,Boise State,Mountain West,37,Boise State,Eastern Washington,3,"{'minutes': 4, 'seconds': 40}",3,2,75,75,1,10,18,False,Rush,Jared Taylor run for 18 yds to the EWU 43 for a 1ST down,1.612438422209995,2025-09-06T03:22:46.000Z
401760363,40176036320,401760363103958001,20,3,Eastern Washington,Big Sky,7,Boise State,Mountain West,37,Boise State,Eastern Washington,3,"{'minutes': 4, 'seconds': 19}",3,2,57,57,1,10,-1,False,Rush,Marceese Yetts run for a loss of 1 yard to the EWU 42,-1.3694998851390174,2025-09-06T03:23:05.000Z
401760363,40176036320,401760363103965201,20,4,Eastern Washington,Big Sky,7,Boise State,Mountain West,37,Boise State,Eastern Washington,3,"{'minutes': 3, 'seconds': 47}",3,2,58,58,2,11,0,False,Pass Incompletion,Jared Taylor pass incomplete to Nolan Ulm,-0.7705368945789397,2025-09-06T03:23:59.000Z
401760363,40176036320,401760363103966801,20,5,Eastern Washington,Big Sky,7,Boise State,Mountain West,37,Boise State,Eastern Washington,3,"{'minutes': 3, 'seconds': 31}",3,2,58,58,3,11,4,False,Pass Reception,Jared Taylor pass complete to Marceese Yetts for 4 yds to the EWU 46,-0.08591780218584863,2025-09-06T03:24:22.000Z
401760363,40176036320,401760363103974101,20,6,Eastern Washington,Big Sky,7,Boise State,Mountain West,37,Boise State,Eastern Washington,3,"{'minutes': 2, 'seconds': 58}",3,2,54,54,4,7,0,False,Punt,"Landon Ogles punt for 44 yds, fair catch by Malik Sherrod at the BOIS 10",,2025-09-06T03:24:58.000Z
401760363,40176036321,401760363103999902,21,7,Boise State,Mountain West,37,Eastern Washington,Big Sky,7,Boise State,Eastern Washington,3,"{'minutes': 0, 'seconds': 0}",2,3,42,58,0,10,0,False,End Period,End of 3rd Quarter,,2025-09-06T03:31:31.000Z
401760363,40176036321,401760363103974801,21,1,Boise State,Mountain West,37,Eastern Washington,Big Sky,7,Boise State,Eastern Washington,3,"{'minutes': 2, 'seconds': 51}",2,3,10,90,1,10,0,False,Rush,Sire Gaines run for no gain to the BOIS 10,-0.34929852451643395,2025-09-06T03:27:57.000Z
401760363,40176036321,401760363103978701,21,2,Boise State,Mountain West,37,Eastern Washington,Big Sky,7,Boise State,Eastern Washington,3,"{'minutes': 2, 'seconds': 12}",2,3,10,90,2,10,0,False,Pass Incompletion,Maddux Madsen pass incomplete to Cameron Bates,-0.15260394363025487,2025-09-06T03:28:47.000Z
401760363,40176036321,401760363103979401,21,3,Boise State,Mountain West,37,Eastern Washington,Big Sky,7,Boise State,Eastern Washington,3,"{'minutes': 2, 'seconds': 5}",2,3,10,90,3,10,20,False,Pass Reception,Maddux Madsen pass complete to Chris Marshall for 20 yds to the BOIS 30 for a 1ST down,1.60296020237955,2025-09-06T03:29:21.000Z
401760363,40176036321,401760363103987201,21,4,Boise State,Mountain West,37,Eastern Washington,Big Sky,7,Boise State,Eastern Washington,3,"{'minutes': 1, 'seconds': 27}",2,3,30,70,1,10,8,False,Rush,Maddux Madsen run for 8 yds to the BOIS 38,0.9979151532889787,2025-09-06T03:30:23.000Z
401760363,40176036321,401760363103995401,21,5,Boise State,Mountain West,37,Eastern Washington,Big Sky,7,Boise State,Eastern Washington,3,"{'minutes': 0, 'seconds': 45}",2,3,38,62,2,2,4,False,Pass Reception,Maddux Madsen pass complete to Matt Wagner for 4 yds to the BOIS 42 for a 1ST down,0.1331681535760492,2025-09-06T03:30:49.000Z
401760363,40176036321,401760363103999901,21,6,Boise State,Mountain West,37,Eastern Washington,Big Sky,7,Boise State,Eastern Washington,3,"{'minutes': 0, 'seconds': 0}",2,3,42,58,1,10,0,False,Rush,Sire Gaines run for no gain to the BOIS 42,-1.1496266880203319,2025-09-06T03:31:31.000Z
401760363,40176036321,401760363104855501,21,8,Boise State,Mountain West,37,Eastern Washington,Big Sky,7,Boise State,Eastern Washington,4,"{'minutes': 14, 'seconds': 44}",2,3,42,58,2,10,46,False,Pass Reception,Maddux Madsen pass complete to Chris Marshall for 46 yds to the EWU 12 for a 1ST down,3.181235358023722,2025-09-06T03:35:18.000Z
401760363,40176036321,401760363104859901,21,9,Boise State,Mountain West,37,Eastern Washington,Big Sky,7,Boise State,Eastern Washington,4,"{'minutes': 14, 'seconds': 0}",2,3,88,12,1,10,5,False,Rush,Sire Gaines run for 5 yds to the EWU 7,0.0748456356820665,2025-09-06T03:35:56.000Z
401760363,40176036321,401760363104868101,21,10,Boise State,Mountain West,37,Eastern Washington,Big Sky,7,Boise State,Eastern Washington,4,"{'minutes': 13, 'seconds': 18}",2,3,93,7,2,5,6,False,Rush,Sire Gaines run for 6 yds to the EWU 1 for a 1ST down,1.517227631233416,2025-09-06T03:36:47.000Z
401760363,40176036321,401760363104875202,21,11,Boise State,Mountain West,37,Eastern Washington,Big Sky,7,Boise State,Eastern Washington,4,"{'minutes': 12, 'seconds': 47}",2,3,99,1,1,1,-10,False,Penalty,"(12:47) Shotgun Gaines,Sire rush left for 1 yard gain to the EWU00 TOUCHDOWN nullified by penalty, clock 12:47 PENALTY BSU Holding (Carreon,Roger) 10 yards from EWU01 to EWU11. NO PLAY.",,2025-09-06T03:37:26.000Z
401760363,40176036321,401760363104875701,21,12,Boise State,Mountain West,37,Eastern Washington,Big Sky,7,Boise State,Eastern Washington,4,"{'minutes': 12, 'seconds': 42}",2,3,89,11,1,11,0,False,Pass Incompletion,Maddux Madsen pass incomplete to Cameron Bates,-0.2650703709670095,2025-09-06T03:38:09.000Z
401760363,40176036321,401760363104876701,21,13,Boise State,Mountain West,37,Eastern Washington,Big Sky,7,Boise State,Eastern Washington,4,"{'minutes': 12, 'seconds': 32}",2,3,89,11,2,11,5,False,Rush,Sire Gaines run for 5 yds to the EWU 6,0.0326442006507685,2025-09-06T03:39:04.000Z
401760363,40176036321,401760363104884301,21,14,Boise State,Mountain West,44,Eastern Washington,Big Sky,7,Boise State,Eastern Washington,4,"{'minutes': 11, 'seconds': 56}",2,3,94,6,3,6,6,True,Passing Touchdown,Maddux Madsen pass complete to Ben Ford for 6 yds for a TD (Canaan Moore KICK),2.823761850174648,2025-09-06T03:39:29.000Z
401760363,40176036323,401760363104894701,23,1,Boise State,Mountain West,44,Eastern Washington,Big Sky,7,Boise State,Eastern Washington,4,"{'minutes': 10, 'seconds': 52}",2,3,50,50,1,10,6,False,Rush,Dylan Riley run for 6 yds to the EWU 44,0.345257937612164,2025-09-06T03:49:15.000Z
401760363,40176036323,401760363104897901,23,2,Boise State,Mountain West,44,Eastern Washington,Big Sky,7,Boise State,Eastern Washington,4,"{'minutes': 10, 'seconds': 20}",2,3,56,44,2,4,0,False,Pass Incompletion,Max Cutforth pass incomplete to Qumonte Williams Jr.,-1.138581943654328,2025-09-06T03:49:58.000Z
401760363,40176036323,401760363104898701,23,3,Boise State,Mountain West,44,Eastern Washington,Big Sky,7,Boise State,Eastern Washington,4,"{'minutes': 10, 'seconds': 12}",2,3,56,44,3,4,34,False,Rush,Dylan Riley run for 34 yds to the EWU 10 for a 1ST down,2.120909095914095,2025-09-06T03:50:32.000Z
401760363,40176036323,401760363104907201,23,4,Boise State,Mountain West,44,Eastern Washington,Big Sky,7,Boise State,Eastern Washington,4,"{'minutes': 9, 'seconds': 27}",2,3,90,10,1,10,-2,False,Rush,Max Cutforth run for a loss of 2 yards to the EWU 12,-0.399699048962297,2025-09-06T03:51:11.000Z
401760363,40176036323,401760363104909901,23,5,Boise State,Mountain West,44,Eastern Washington,Big Sky,7,Boise State,Eastern Washington,4,"{'minutes': 9, 'seconds': 0}",2,3,88,12,2,12,6,False,Rush,Dylan Riley run for 6 yds to the EWU 6,0.089764041037091,2025-09-06T03:51:50.000Z
401760363,40176036323,401760363104917901,23,6,Boise State,Mountain West,44,Eastern Washington,Big Sky,7,Boise State,Eastern Washington,4,"{'minutes': 8, 'seconds': 20}",2,3,94,6,3,6,0,False,Pass Incompletion,Max Cutforth pass incomplete to Demetric Whitlock Jr.,-0.3038593850582816,2025-09-06T03:52:32.000Z
401760363,40176036323,401760363104918301,23,7,Boise State,Mountain West,44,Eastern Washington,Big Sky,7,Boise State,Eastern Washington,4,"{'minutes': 8, 'seconds': 16}",2,3,94,6,4,6,24,False,Field Goal Missed,Canaan Moore 24 yd FG MISSED,,2025-09-06T03:53:13.000Z
401760363,40176036322,401760363104884303,22,1,Boise State,Mountain West,44,Eastern Washington,Big Sky,7,Boise State,Eastern Washington,4,"{'minutes': 11, 'seconds': 56}",2,3,35,65,1,10,0,False,Kickoff,Jarrett Reeser kickoff for 65 yds for a touchback,,2025-09-06T03:41:49.000Z
401760363,40176036322,401760363104885001,22,2,Eastern Washington,Big Sky,7,Boise State,Mountain West,44,Boise State,Eastern Washington,4,"{'minutes': 11, 'seconds': 49}",3,2,75,75,1,10,0,False,Pass Incompletion,Jared Taylor pass incomplete to Landon Cooper,-0.7029700220436519,2025-09-06T03:44:13.000Z
401760363,40176036322,401760363104885801,22,3,Eastern Washington,Big Sky,7,Boise State,Mountain West,44,Boise State,Eastern Washington,4,"{'minutes': 11, 'seconds': 41}",3,2,75,75,2,10,0,False,Rush,Nate Bell run for no gain to the EWU 25,-0.34710487712173865,2025-09-06T03:45:05.000Z
401760363,40176036322,401760363104889401,22,4,Eastern Washington,Big Sky,7,Boise State,Mountain West,44,Boise State,Eastern Washington,4,"{'minutes': 11, 'seconds': 5}",3,2,75,75,3,10,0,False,Pass Incompletion,Jared Taylor pass incomplete to Nolan Ulm,-0.15871308844886392,2025-09-06T03:45:42.000Z
401760363,40176036322,401760363104894001,22,5,Eastern Washington,Big Sky,7,Boise State,Mountain West,44,Boise State,Eastern Washington,4,"{'minutes': 10, 'seconds': 59}",3,2,75,75,4,10,0,False,Punt,"Landon Ogles punt for 25 yds, punt out-of-bounds at the 50 yard line",,2025-09-06T03:46:23.000Z
401760363,40176036324,401760363104939306,24,7,Eastern Washington,Big Sky,7,Boise State,Mountain West,44,Boise State,Eastern Washington,4,"{'minutes': 6, 'seconds': 6}",3,1,13,13,1,13,0,False,Timeout,"Timeout Boise State, clock 06:06",,2025-09-05T04:15:30.000Z
401760363,40176036324,401760363104918901,24,1,Eastern Washington,Big Sky,7,Boise State,Mountain West,44,Boise State,Eastern Washington,4,"{'minutes': 8, 'seconds': 10}",3,2,80,80,1,10,6,False,Rush,Jared Taylor run for 6 yds to the EWU 26,0.2888240217992033,2025-09-06T03:56:02.000Z
401760363,40176036324,401760363104926002,24,2,Eastern Washington,Big Sky,7,Boise State,Mountain West,44,Boise State,Eastern Washington,4,"{'minutes': 7, 'seconds': 39}",3,2,74,74,2,4,15,False,Penalty,"(07:44) No Huddle-Shotgun Bell,Nate pass incomplete deep left to Ulm,Nolan thrown to EWU48 PENALTY BSU Pass Interference (Freeney,Demetrius) 15 yards from EWU26 to EWU41, 1ST DOWN. NO PLAY.",,2025-09-06T03:56:47.000Z
401760363,40176036324,401760363104926301,24,3,Eastern Washington,Big Sky,7,Boise State,Mountain West,44,Boise State,Eastern Washington,4,"{'minutes': 7, 'seconds': 36}",3,2,59,59,1,10,0,False,Pass Incompletion,Nate Bell pass incomplete,-1.1387859939569847,2025-09-06T03:57:49.000Z
401760363,40176036324,401760363104927901,24,4,Eastern Washington,Big Sky,7,Boise State,Mountain West,44,Boise State,Eastern Washington,4,"{'minutes': 7, 'seconds': 20}",3,2,59,59,2,10,6,False,Rush,Nate Bell run for 6 yds to the EWU 47,0.2959747330734342,2025-09-06T03:58:32.000Z
401760363,40176036324,401760363104936801,24,5,Eastern Washington,Big Sky,7,Boise State,Mountain West,44,Boise State,Eastern Washington,4,"{'minutes': 6, 'seconds': 31}",3,2,53,53,3,4,49,False,Pass Reception,Nate Bell pass complete to Noah Cronquist for 49 yds to the BOIS 4 for a 1ST down,3.813633091968003,2025-09-06T03:59:17.000Z
401760363,40176036324,401760363104939302,24,6,Eastern Washington,Big Sky,7,Boise State,Mountain West,44,Boise State,Eastern Washington,4,"{'minutes': 6, 'seconds': 6}",3,2,4,4,1,4,-9,False,Penalty,"(06:05) No Huddle-Shotgun Bell,Nate rush right for 4 yards gain to the BSU00 TOUCHDOWN nullified by penalty, clock 06:06 PENALTY EWU Holding (Corning,Aidan) 9 yards from BSU04 to BSU13. NO PLAY.",,2025-09-05T04:15:30.000Z
401760363,40176036324,401760363104964501,24,8,Eastern Washington,Big Sky,7,Boise State,Mountain West,44,Boise State,Eastern Washington,4,"{'minutes': 3, 'seconds': 54}",3,1,13,13,1,13,11,False,Pass Reception,Nate Bell pass complete to Kevin Allen III for 11 yds to the BOIS 2,0.65281939371269,2025-09-05T04:20:05.000Z
401760363,40176036324,401760363104964502,24,9,Eastern Washington,Big Sky,14,Boise State,Mountain West,44,Boise State,Eastern Washington,4,"{'minutes': 3, 'seconds': 54}",3,1,2,2,2,2,2,True,Rushing Touchdown,Nate Bell run for 2 yds for a TD (Soren McKee KICK),2.067936525322223,2025-09-06T03:35:18.000Z
401760363,40176036325,401760363104964504,25,1,Eastern Washington,Big Sky,14,Boise State,Mountain West,44,Boise State,Eastern Washington,4,"{'minutes': 3, 'seconds': 54}",3,1,65,65,1,10,0,False,Kickoff,Landon Ogles kickoff for 65 yds,,2025-09-05T04:20:05.000Z
401760363,40176036325,401760363104964506,25,2,Boise State,Mountain West,44,Eastern Washington,Big Sky,14,Boise State,Eastern Washington,4,"{'minutes': 3, 'seconds': 54}",1,3,25,75,1,10,2,False,Pass Reception,Max Cutforth pass complete to Jaylen Webb for 2 yds to the BOIS 27,-0.45260367932203766,2025-09-05T04:20:05.000Z
401760363,40176036325,401760363104964507,25,3,Boise State,Mountain West,44,Eastern Washington,Big Sky,14,Boise State,Eastern Washington,4,"{'minutes': 3, 'seconds': 54}",1,3,27,73,2,8,-4,False,Rush,Dylan Riley run for a loss of 4 yards to the BOIS 23,-0.6815630453468771,2025-09-05T04:20:05.000Z
401760363,40176036325,401760363104964508,25,4,Boise State,Mountain West,51,Eastern Washington,Big Sky,14,Boise State,Eastern Washington,4,"{'minutes': 3, 'seconds': 54}",1,3,23,77,3,12,77,True,Rushing Touchdown,Dylan Riley run for 77 yds for a TD (Canaan Moore KICK),7.211921844390236,2025-09-05T04:20:05.000Z
401760363,40176036326,401760363104964510,26,1,Boise State,Mountain West,51,Eastern Washington,Big Sky,14,Boise State,Eastern Washington,4,"{'minutes': 3, 'seconds': 54}",1,3,35,65,1,10,0,False,Kickoff,Jarrett Reeser kickoff for 65 yds for a touchback,,2025-09-05T04:20:05.000Z
401760363,40176036326,401760363104968501,26,3,Eastern Washington,Big Sky,14,Boise State,Mountain West,51,Boise State,Eastern Washington,4,"{'minutes': 3, 'seconds': 14}",2,1,76,76,2,11,0,False,Timeout,"Timeout Eastern Washington, clock 03:14",,2025-09-06T03:35:18.000Z
401760363,40176036326,401760363104966601,26,2,Eastern Washington,Big Sky,14,Boise State,Mountain West,51,Boise State,Eastern Washington,4,"{'minutes': 3, 'seconds': 33}",3,1,75,75,1,10,-1,False,Pass Reception,Nate Bell pass complete to Kevin Allen III for a loss of 1 yard to the EWU 24,-0.8014893508157099,2025-09-05T04:22:23.000Z
401760363,40176036326,401760363104969401,26,4,Eastern Washington,Big Sky,14,Boise State,Mountain West,51,Boise State,Eastern Washington,4,"{'minutes': 3, 'seconds': 5}",2,1,76,76,2,11,21,False,Pass Interception Return,Nate Bell pass intercepted Trey Tolmaire return for 21 yds to the EWU 16,-0.12075552946296852,2025-09-05T04:24:01.000Z
401760363,40176036327,401760363104979901,27,3,Boise State,Mountain West,51,Eastern Washington,Big Sky,14,Boise State,Eastern Washington,4,"{'minutes': 2, 'seconds': 0}",0,2,90,10,3,4,0,False,Timeout,"Timeout Boise State, clock 02:00",,2025-09-06T03:35:18.000Z
401760363,40176036327,401760363104974401,27,1,Boise State,Mountain West,51,Eastern Washington,Big Sky,14,Boise State,Eastern Washington,4,"{'minutes': 2, 'seconds': 55}",1,2,84,16,1,10,3,False,Rush,Seth Knothe run for 3 yds to the EWU 13,-0.1055990016463056,2025-09-05T04:24:42.000Z
401760363,40176036327,401760363104978801,27,2,Boise State,Mountain West,51,Eastern Washington,Big Sky,14,Boise State,Eastern Washington,4,"{'minutes': 2, 'seconds': 11}",1,2,87,13,2,7,3,False,Rush,Seth Knothe run for 3 yds to the EWU 10,-0.106598165970175,2025-09-05T04:25:39.000Z
401760363,40176036327,401760363104979902,27,4,Boise State,Mountain West,51,Eastern Washington,Big Sky,14,Boise State,Eastern Washington,4,"{'minutes': 2, 'seconds': 0}",0,2,90,10,3,4,-5,False,Penalty,"PENALTY BSU False Start (Steele,Jake) 5 yards from EWU10 to EWU15. NO PLAY.",,2025-09-05T04:28:18.000Z
401760363,40176036327,401760363104984901,27,5,Boise State,Mountain West,51,Eastern Washington,Big Sky,14,Boise State,Eastern Washington,4,"{'minutes': 1, 'seconds': 50}",0,2,85,15,3,9,4,False,Rush,Seth Knothe run for 4 yds to the EWU 11,-0.0636489708374677,2025-09-05T04:29:11.000Z
401760363,40176036327,401760363104989201,27,6,Boise State,Mountain West,51,Eastern Washington,Big Sky,14,Boise State,Eastern Washington,4,"{'minutes': 1, 'seconds': 7}",0,2,89,11,4,5,4,False,Rush,Seth Knothe run for 4 yds to the EWU 7,-3.7519953863347713,2025-09-05T04:30:05.000Z
401760363,40176036328,401760363104994301,28,1,Eastern Washington,Big Sky,14,Boise State,Mountain West,51,Boise State,Eastern Washington,4,"{'minutes': 0, 'seconds': 56}",2,0,93,93,1,10,15,False,Pass Reception,Nate Bell pass complete to Wesley Garrett for 15 yds to the EWU 22 for a 1ST down,0.6015224095609284,2025-09-05T04:31:10.000Z
401760363,40176036328,401760363104994302,28,2,Eastern Washington,Big Sky,14,Boise State,Mountain West,51,Boise State,Eastern Washington,4,"{'minutes': 0, 'seconds': 56}",2,0,78,78,1,10,0,False,Pass Incompletion,Nate Bell pass incomplete to Wesley Garrett,-0.6135902757979226,2025-09-05T04:31:10.000Z
401760363,40176036328,401760363104996401,28,3,Eastern Washington,Big Sky,14,Boise State,Mountain West,51,Boise State,Eastern Washington,4,"{'minutes': 0, 'seconds': 35}",2,0,78,78,2,10,0,False,Pass Reception,Nate Bell pass complete to Kevin Allen III for no gain to the EWU 22,-0.29227926870296894,2025-09-05T04:31:43.000Z
401760363,40176036328,401760363104998601,28,4,Eastern Washington,Big Sky,14,Boise State,Mountain West,51,Boise State,Eastern Washington,4,"{'minutes': 0, 'seconds': 13}",2,0,78,78,3,10,0,False,Pass Incompletion,Nate Bell pass incomplete to Jaxon Branch,-0.13124731563151393,2025-09-05T04:32:08.000Z
401760363,40176036328,401760363104999301,28,5,Eastern Washington,Big Sky,14,Boise State,Mountain West,51,Boise State,Eastern Washington,4,"{'minutes': 0, 'seconds': 6}",2,0,78,78,4,10,0,False,Punt,"Landon Ogles punt for 23 yds, punt out-of-bounds at the EWU 45",,2025-09-05T04:33:05.000Z
401760363,40176036329,401760363104999902,29,2,Boise State,Mountain West,51,Eastern Washington,Big Sky,14,Boise State,Eastern Washington,4,"{'minutes': 0, 'seconds': 0}",0,2,55,45,0,10,-1,False,End of Game,End of 4th Quarter,,2025-09-05T04:33:53.000Z
401760363,40176036329,401760363104999901,29,1,Boise State,Mountain West,51,Eastern Washington,Big Sky,14,Boise State,Eastern Washington,4,"{'minutes': 0, 'seconds': 0}",0,2,55,45,1,10,-1,False,Rush,M. Cutforth takes a knee,-1.2270097040600767,2025-09-05T04:33:53.000Z
401760372,4017603721,401760372101854401,1,1,Air Force,Mountain West,0,Boise State,Mountain West,0,Air Force,Boise State,1,"{'minutes': 14, 'seconds': 55}",3,3,35,65,1,10,23,False,Kickoff Return (Offense),"Reagan Tubbs kickoff for 64 yds , Malik Sherrod return for 23 yds to the BOIS 24",,2025-09-20T23:04:45.000Z
401760372,4017603721,401760372101859801,1,5,Boise State,Mountain West,0,Air Force,Mountain West,0,Air Force,Boise State,1,"{'minutes': 14, 'seconds': 1}",3,3,75,75,4,9,0,False,Punt,"Oscar Doyle punt for 49 yds, fair catch by Cade Harris at the AF 26",,2025-09-20T23:07:27.000Z
401760372,4017603721,401760372101855001,1,2,Boise State,Mountain West,0,Air Force,Mountain West,0,Air Force,Boise State,1,"{'minutes': 14, 'seconds': 49}",3,3,76,76,1,10,1,False,Rush,Malik Sherrod run for 1 yd to the BOIS 25,-0.5624807137180827,2025-09-20T23:04:45.000Z
401760372,4017603721,401760372101858501,1,3,Boise State,Mountain West,0,Air Force,Mountain West,0,Air Force,Boise State,1,"{'minutes': 14, 'seconds': 14}",3,3,75,75,2,9,0,False,Pass Incompletion,Maddux Madsen pass incomplete to Latrell Caples,-0.3864776799238472,2025-09-20T23:05:05.000Z
401760372,4017603721,401760372101859001,1,4,Boise State,Mountain West,0,Air Force,Mountain West,0,Air Force,Boise State,1,"{'minutes': 14, 'seconds': 9}",3,3,75,75,3,9,0,False,Pass Incompletion,Max Cutforth pass incomplete to Latrell Caples,-0.17734118262685516,2025-09-20T23:06:45.000Z
401760372,4017603722,401760372101884504,2,6,Boise State,Mountain West,0,Air Force,Mountain West,0,Air Force,Boise State,1,"{'minutes': 11, 'seconds': 54}",3,2,75,75,1,10,0,False,Timeout,"Timeout Air Force, clock 11:54",,2025-09-20T23:14:19.000Z
401760372,4017603722,401760372101864101,2,1,Air Force,Mountain West,0,Boise State,Mountain West,0,Air Force,Boise State,1,"{'minutes': 13, 'seconds': 58}",3,3,26,74,1,10,0,False,Pass Incompletion,Josh Johnson pass incomplete to Cade Harris,-0.7342478781140684,2025-09-20T23:08:02.000Z
401760372,4017603722,401760372101865601,2,2,Air Force,Mountain West,0,Boise State,Mountain West,0,Air Force,Boise State,1,"{'minutes': 13, 'seconds': 43}",3,3,26,74,2,10,64,False,Rush,Dylan Carson run for 64 yds to the BOIS 10 for a 1ST down,4.227197348325593,2025-09-20T23:08:49.000Z
401760372,4017603722,401760372101869801,2,3,Air Force,Mountain West,0,Boise State,Mountain West,0,Air Force,Boise State,1,"{'minutes': 13, 'seconds': 1}",3,3,90,10,1,10,6,False,Rush,Kade Frew run for 6 yds to the BOIS 4,0.1799366018014815,2025-09-20T23:04:45.000Z
401760372,4017603722,401760372101877501,2,4,Air Force,Mountain West,0,Boise State,Mountain West,0,Air Force,Boise State,1,"{'minutes': 12, 'seconds': 24}",3,3,96,4,2,4,2,False,Rush,Kemper Hodges run for 2 yds to the BOIS 2,-0.2109400436149005,2025-09-20T23:10:17.000Z
401760372,4017603722,401760372101884501,2,5,Air Force,Mountain West,7,Boise State,Mountain West,0,Air Force,Boise State,1,"{'minutes': 11, 'seconds': 54}",3,3,98,2,3,2,2,True,Rushing Touchdown,Dylan Carson run for 2 yds for a TD (Jacob Medina KICK),2.544830284062861,2025-09-20T23:04:45.000Z
401760372,4017603723,401760372101884505,3,1,Air Force,Mountain West,7,Boise State,Mountain West,0,Air Force,Boise State,1,"{'minutes': 11, 'seconds': 54}",2,3,35,65,1,10,0,False,Kickoff,Reagan Tubbs kickoff for 65 yds for a touchback,,2025-09-20T23:14:19.000Z
401760372,4017603723,401760372101925402,3,9,Boise State,Mountain West,0,Air Force,Mountain West,7,Air Force,Boise State,1,"{'minutes': 7, 'seconds': 45}",3,2,16,16,1,10,8,False,Penalty,"(07:46) Cutforth,Max pass incomplete short right to Ford,Ben thrown to AF12 QB hurried by Grobe,Daniel PENALTY AF Personal Foul (Grobe,Daniel) 8 yards from AF16 to AF08, 1ST DOWN. NO PLAY.",,2025-09-20T23:19:13.000Z
401760372,4017603723,401760372101885301,3,2,Boise State,Mountain West,0,Air Force,Mountain West,7,Air Force,Boise State,1,"{'minutes': 11, 'seconds': 46}",3,2,75,75,1,10,3,False,Rush,Dylan Riley run for 3 yds to the BOIS 28,-0.2957674139440157,2025-09-20T23:15:07.000Z
401760372,4017603723,401760372101888101,3,3,Boise State,Mountain West,0,Air Force,Mountain West,7,Air Force,Boise State,1,"{'minutes': 11, 'seconds': 18}",3,2,72,72,2,7,0,False,Rush,Dylan Riley run for no gain to the BOIS 28,-0.5594317282120231,2025-09-20T23:15:34.000Z
401760372,4017603723,401760372101896601,3,4,Boise State,Mountain West,0,Air Force,Mountain West,7,Air Force,Boise State,1,"{'minutes': 10, 'seconds': 33}",3,2,72,72,3,7,13,False,Pass Reception,Max Cutforth pass complete to Latrell Caples for 13 yds to the BOIS 41 for a 1ST down,2.273941912078933,2025-09-20T23:16:15.000Z
401760372,4017603723,401760372101904001,3,5,Boise State,Mountain West,0,Air Force,Mountain West,7,Air Force,Boise State,1,"{'minutes': 9, 'seconds': 59}",3,2,59,59,1,10,4,False,Pass Reception,Max Cutforth pass complete to Matt Wagner for 4 yds to the BOIS 45,-0.1673002614345122,2025-09-20T23:16:47.000Z
401760372,4017603723,401760372101906501,3,6,Boise State,Mountain West,0,Air Force,Mountain West,7,Air Force,Boise State,1,"{'minutes': 9, 'seconds': 34}",3,2,55,55,2,6,10,False,Rush,Sire Gaines run for 10 yds to the AF 45 for a 1ST down,1.3497985261658716,2025-09-20T23:17:45.000Z
401760372,4017603723,401760372101914601,3,7,Boise State,Mountain West,0,Air Force,Mountain West,7,Air Force,Boise State,1,"{'minutes': 8, 'seconds': 53}",3,2,45,45,1,10,12,False,Rush,Dylan Riley run for 12 yds to the AF 33 for a 1ST down,0.57343931156508,2025-09-20T23:18:01.000Z
401760372,4017603723,401760372101919201,3,8,Boise State,Mountain West,0,Air Force,Mountain West,7,Air Force,Boise State,1,"{'minutes': 8, 'seconds': 7}",3,2,33,33,1,10,17,False,Pass Reception,Max Cutforth pass complete to Latrell Caples for 17 yds to the AF 16 for a 1ST down,0.3343520522096136,2025-09-20T23:18:40.000Z
401760372,4017603723,401760372101926201,3,10,Boise State,Mountain West,0,Air Force,Mountain West,7,Air Force,Boise State,1,"{'minutes': 7, 'seconds': 37}",3,2,8,8,1,8,4,False,Rush,Dylan Riley run for 4 yds to the AF 4,-0.0142906717482685,2025-09-20T23:21:13.000Z
401760372,4017603723,401760372101929001,3,11,Boise State,Mountain West,7,Air Force,Mountain West,7,Air Force,Boise State,1,"{'minutes': 7, 'seconds': 9}",3,2,4,4,2,4,4,True,Rushing Touchdown,Dylan Riley run for 4 yds for a TD (Colton Boomer KICK),2.3338902404479605,2025-09-20T23:21:33.000Z
401760372,4017603724,401760372101937602,4,4,Air Force,Mountain West,7,Boise State,Mountain West,7,Air Force,Boise State,1,"{'minutes': 6, 'seconds': 23}",2,3,38,62,1,10,-10,False,Penalty,"(06:25) Frew,Kade rush right for 6 yards gain to the AF44 (Benefield,Ty) PENALTY AF Holding (Fleischmann,Bruin) 10 yards from AF38 to AF28. NO PLAY.",,2025-09-20T23:27:48.000Z
401760372,4017603724,401760372101929003,4,1,Boise State,Mountain West,7,Air Force,Mountain West,7,Air Force,Boise State,1,"{'minutes': 7, 'seconds': 9}",3,2,65,65,1,10,0,False,Kickoff,Colton Boomer kickoff for 65 yds for a touchback,,2025-09-20T23:21:38.000Z
401760372,4017603724,401760372101937102,4,3,Air Force,Mountain West,7,Boise State,Mountain West,7,Air Force,Boise State,1,"{'minutes': 6, 'seconds': 28}",2,3,23,77,2,12,15,False,Penalty,"(06:29) Roberson,Tre pass incomplete deep right to Smith,Quin thrown to BS50 PENALTY BS Roughing The Passer (Stege,Max) 15 yards from AF23 to AF38, 1ST DOWN. NO PLAY.",,2025-09-20T23:26:55.000Z
401760372,4017603724,401760372101956601,4,8,Air Force,Mountain West,7,Boise State,Mountain West,7,Air Force,Boise State,1,"{'minutes': 4, 'seconds': 33}",2,3,33,67,4,15,7,False,Punt,"Luke Freer punt for 42 yds , Malik Sherrod returns for 7 yds to the BOIS 32",,2025-09-20T23:30:56.000Z
401760372,4017603724,401760372101929601,4,2,Air Force,Mountain West,7,Boise State,Mountain West,7,Air Force,Boise State,1,"{'minutes': 7, 'seconds': 3}",2,3,25,75,1,10,-2,False,Rush,Cade Harris run for a loss of 2 yards to the AF 23,-0.8852575132705454,2025-09-20T23:26:19.000Z
401760372,4017603724,401760372101944501,4,5,Air Force,Mountain West,7,Boise State,Mountain West,7,Air Force,Boise State,1,"{'minutes': 5, 'seconds': 54}",2,3,28,72,1,20,2,False,Rush,Cade Harris run for 2 yds to the AF 30,-0.22198186609684267,2025-09-20T23:29:00.000Z
401760372,4017603724,401760372101948201,4,6,Air Force,Mountain West,7,Boise State,Mountain West,7,Air Force,Boise State,1,"{'minutes': 5, 'seconds': 17}",2,3,30,70,2,18,3,False,Rush,Josh Johnson run for 3 yds to the AF 33,-0.09988327424947308,2025-09-20T23:29:36.000Z
401760372,4017603724,401760372101955601,4,7,Air Force,Mountain West,7,Boise State,Mountain West,7,Air Force,Boise State,1,"{'minutes': 4, 'seconds': 43}",2,3,33,67,3,15,0,False,Pass Incompletion,Josh Johnson pass incomplete to Kade Frew,-0.1648305772087042,2025-09-20T23:30:22.000Z
401760372,4017603725,401760372101957501,5,2,Boise State,Mountain West,7,Air Force,Mountain West,7,Air Force,Boise State,1,"{'minutes': 4, 'seconds': 24}",3,1,68,68,1,10,-5,False,Penalty,"PENALTY BS False Start (Riley,Dylan) 5 yards from BS32 to BS27. NO PLAY.",,2025-09-20T23:34:31.000Z
401760372,4017603725,401760372101956604,5,1,Boise State,Mountain West,7,Air Force,Mountain West,7,Air Force,Boise State,1,"{'minutes': 4, 'seconds': 33}",3,1,73,73,1,15,0,False,Timeout,"Timeout Air Force, clock 04:33",,2025-09-20T23:31:47.000Z
401760372,4017603725,401760372101976104,5,8,Air Force,Mountain West,7,Boise State,Mountain West,7,Air Force,Boise State,1,"{'minutes': 2, 'seconds': 38}",0,3,25,75,1,10,0,False,Timeout,"Timeout Air Force, clock 02:38",,2025-09-20T23:36:51.000Z
401760372,4017603725,401760372101958201,5,3,Boise State,Mountain West,7,Air Force,Mountain West,7,Air Force,Boise State,1,"{'minutes': 4, 'seconds': 17}",3,1,73,73,1,15,6,False,Rush,Dylan Riley run for 6 yds to the BOIS 33,0.2088695306584283,2025-09-20T23:34:42.000Z
401760372,4017603725,401760372101964601,5,4,Boise State,Mountain West,7,Air Force,Mountain West,7,Air Force,Boise State,1,"{'minutes': 3, 'seconds': 53}",3,1,67,67,2,9,13,False,Pass Reception,Maddux Madsen pass complete to Chris Marshall for 13 yds to the BOIS 46 for a 1ST down,2.100238774779981,2025-09-20T23:35:11.000Z
401760372,4017603725,401760372101968401,5,5,Boise State,Mountain West,7,Air Force,Mountain West,7,Air Force,Boise State,1,"{'minutes': 3, 'seconds': 15}",3,1,54,54,1,10,20,False,Pass Reception,Maddux Madsen pass complete to Matt Lauter for 20 yds to the AF 34 for a 1ST down,1.248171376771538,2025-09-20T23:35:51.000Z
401760372,4017603725,401760372101975401,5,6,Boise State,Mountain West,7,Air Force,Mountain West,7,Air Force,Boise State,1,"{'minutes': 2, 'seconds': 45}",3,1,34,34,1,10,0,False,Pass Incompletion,Maddux Madsen pass incomplete to Quinton Brown,-0.6630222646782312,2025-09-20T23:36:25.000Z
401760372,4017603725,401760372101976101,5,7,Boise State,Mountain West,14,Air Force,Mountain West,7,Air Force,Boise State,1,"{'minutes': 2, 'seconds': 38}",3,1,34,34,2,10,34,True,Rushing Touchdown,Dylan Riley run for 34 yds for a TD (Colton Boomer KICK),3.5997484255919012,2025-09-20T23:36:51.000Z
401760372,4017603726,401760372101997302,6,6,Air Force,Mountain West,7,Boise State,Mountain West,14,Air Force,Boise State,1,"{'minutes': 0, 'seconds': 0}",0,3,51,49,0,3,0,False,End Period,End of 1st Quarter,,2025-09-20T23:44:52.000Z
401760372,4017603726,401760372101976105,6,1,Boise State,Mountain West,14,Air Force,Mountain West,7,Air Force,Boise State,1,"{'minutes': 2, 'seconds': 38}",3,0,65,65,1,10,0,False,Kickoff,Colton Boomer kickoff for 65 yds for a touchback,,2025-09-20T23:36:51.000Z
401760372,4017603726,401760372101984402,6,3,Air Force,Mountain West,7,Boise State,Mountain West,14,Air Force,Boise State,1,"{'minutes': 1, 'seconds': 55}",0,3,34,66,2,1,10,False,Penalty,"(01:57) Johnson,Josh pass incomplete short middle to Harris,Cade thrown to BS50 broken up by Benefield,Ty PENALTY BS Holding (Benefield,Ty) 10 yards from AF34 to AF44, 1ST DOWN. NO PLAY.",,2025-09-20T23:42:05.000Z
401760372,4017603726,401760372101976701,6,2,Air Force,Mountain West,7,Boise State,Mountain West,14,Air Force,Boise State,1,"{'minutes': 2, 'seconds': 32}",0,3,25,75,1,10,9,False,Rush,Dylan Carson run for 9 yds to the AF 34,1.252308359788624,2025-09-20T23:41:30.000Z
401760372,4017603726,401760372101985001,6,4,Air Force,Mountain West,7,Boise State,Mountain West,14,Air Force,Boise State,1,"{'minutes': 1, 'seconds': 49}",0,3,44,56,1,10,4,False,Rush,Dylan Carson run for 4 yds to the AF 48,-0.1632332623875107,2025-09-20T23:43:02.000Z
401760372,4017603726,401760372101989101,6,5,Air Force,Mountain West,7,Boise State,Mountain West,14,Air Force,Boise State,1,"{'minutes': 1, 'seconds': 8}",0,3,48,52,2,6,3,False,Rush,Josh Johnson run for 3 yds to the BOIS 49,-0.4320124779068771,2025-09-20T23:43:42.000Z
401760372,4017603726,401760372101999901,6,7,Air Force,Mountain West,7,Boise State,Mountain West,14,Air Force,Boise State,1,"{'minutes': 0, 'seconds': 0}",0,3,51,49,3,3,1,False,Rush,Dylan Carson run for 1 yd to the BOIS 48,-0.8665975729438635,2025-09-20T23:44:52.000Z
401760372,4017603726,401760372102854201,6,8,Air Force,Mountain West,7,Boise State,Mountain West,14,Air Force,Boise State,2,"{'minutes': 14, 'seconds': 57}",0,3,52,48,4,2,0,False,Rush,Dylan Carson run for no gain to the BOIS 48,-1.1679739053824427,2025-09-20T23:48:57.000Z
401760372,4017603727,401760372102874201,7,5,Boise State,Mountain West,14,Air Force,Mountain West,7,Air Force,Boise State,2,"{'minutes': 12, 'seconds': 57}",3,0,17,17,1,10,-5,False,Penalty,"PENALTY BS False Start (Wagner,Matt) 5 yards from AF17 to AF22. NO PLAY.",,2025-09-20T23:52:18.000Z
401760372,4017603727,401760372102875201,7,6,Boise State,Mountain West,14,Air Force,Mountain West,7,Air Force,Boise State,2,"{'minutes': 12, 'seconds': 47}",3,0,22,22,1,15,-5,False,Penalty,"PENALTY BS False Start (Holmes,Zach) 5 yards from AF22 to AF27. NO PLAY.",,2025-09-20T23:52:59.000Z
401760372,4017603727,401760372102855001,7,1,Boise State,Mountain West,14,Air Force,Mountain West,7,Air Force,Boise State,2,"{'minutes': 14, 'seconds': 49}",3,0,52,52,1,10,17,False,Rush,Malik Sherrod run for 17 yds to the AF 35 for a 1ST down,1.035465504933475,2025-09-20T23:49:44.000Z
401760372,4017603727,401760372102858601,7,2,Boise State,Mountain West,14,Air Force,Mountain West,7,Air Force,Boise State,2,"{'minutes': 14, 'seconds': 13}",3,0,35,35,1,10,0,False,Pass Incompletion,Maddux Madsen pass incomplete to Matt Wagner,-0.6918622905019662,2025-09-20T23:50:22.000Z
401760372,4017603727,401760372102859101,7,3,Boise State,Mountain West,14,Air Force,Mountain West,7,Air Force,Boise State,2,"{'minutes': 14, 'seconds': 8}",3,0,35,35,2,10,1,False,Rush,Malik Sherrod run for 1 yd to the AF 34,-0.7032689720266774,2025-09-20T23:51:05.000Z
401760372,4017603727,401760372102868301,7,4,Boise State,Mountain West,14,Air Force,Mountain West,7,Air Force,Boise State,2,"{'minutes': 13, 'seconds': 16}",3,0,34,34,3,9,17,False,Pass Reception,Maddux Madsen pass complete to Chase Penry for 17 yds to the AF 17 for a 1ST down,1.7878169435211857,2025-09-20T23:51:46.000Z
401760372,4017603727,401760372102876201,7,7,Boise State,Mountain West,14,Air Force,Mountain West,7,Air Force,Boise State,2,"{'minutes': 12, 'seconds': 37}",3,0,27,27,1,20,0,False,Pass Incompletion,Maddux Madsen pass incomplete to Ben Ford,-0.653986390455515,2025-09-20T23:53:19.000Z
401760372,4017603727,401760372102879701,7,8,Boise State,Mountain West,14,Air Force,Mountain West,7,Air Force,Boise State,2,"{'minutes': 12, 'seconds': 2}",3,0,37,37,2,30,9,False,Pass Reception,Maddux Madsen pass complete to Dylan Riley for 9 yds to the AF 28,0.8328271720725509,2025-09-20T23:55:17.000Z
401760372,4017603727,401760372102886601,7,9,Boise State,Mountain West,14,Air Force,Mountain West,7,Air Force,Boise State,2,"{'minutes': 11, 'seconds': 33}",3,0,28,28,3,21,24,False,Pass Reception,Maddux Madsen pass complete to Matt Wagner for 24 yds to the AF 4 for a 1ST down,3.492439437360995,2025-09-20T23:55:41.000Z
401760372,4017603727,401760372102889601,7,10,Boise State,Mountain West,14,Air Force,Mountain West,7,Air Force,Boise State,2,"{'minutes': 11, 'seconds': 3}",3,0,4,4,1,4,1,False,Rush,Dylan Riley run for 1 yd to the AF 3,-0.523234095246118,2025-09-20T23:56:18.000Z
401760372,4017603727,401760372102897101,7,11,Boise State,Mountain West,14,Air Force,Mountain West,7,Air Force,Boise State,2,"{'minutes': 10, 'seconds': 28}",3,0,3,3,2,3,0,False,Pass Incompletion,Maddux Madsen pass incomplete to Luke Voorhees,-0.413137785818898,2025-09-20T23:56:47.000Z
401760372,4017603727,401760372102897401,7,12,Boise State,Mountain West,21,Air Force,Mountain West,7,Air Force,Boise State,2,"{'minutes': 10, 'seconds': 25}",3,0,3,3,3,3,3,True,Passing Touchdown,Maddux Madsen pass complete to Matt Lauter for 3 yds for a TD (Colton Boomer KICK),2.624562399778991,2025-09-20T23:57:37.000Z
401760372,4017603728,401760372102897403,8,1,Boise State,Mountain West,21,Air Force,Mountain West,7,Air Force,Boise State,2,"{'minutes': 10, 'seconds': 25}",3,0,65,65,1,10,0,False,Kickoff,Colton Boomer kickoff for 65 yds for a touchback,,2025-09-21T00:01:20.000Z
401760372,4017603728,401760372102904501,8,3,Air Force,Mountain West,7,Boise State,Mountain West,21,Air Force,Boise State,2,"{'minutes': 9, 'seconds': 54}",0,3,28,72,2,7,-5,False,Penalty,"PENALTY AF Offside (Spencer,Gage) 5 yards from AF28 to AF23. NO PLAY.",,2025-09-21T00:03:09.000Z
401760372,4017603728,401760372102947502,8,12,Air Force,Mountain West,7,Boise State,Mountain West,21,Air Force,Boise State,2,"{'minutes': 5, 'seconds': 24}",-1,3,97,3,3,3,0,False,Timeout,"Timeout Air Force, clock 05:24",,2025-09-21T00:08:34.000Z
401760372,4017603728,401760372102898001,8,2,Air Force,Mountain West,7,Boise State,Mountain West,21,Air Force,Boise State,2,"{'minutes': 10, 'seconds': 19}",0,3,25,75,1,10,3,False,Rush,Dylan Carson run for 3 yds to the AF 28,-0.2957674139440157,2025-09-21T00:02:05.000Z
401760372,4017603728,401760372102908401,8,4,Air Force,Mountain West,7,Boise State,Mountain West,21,Air Force,Boise State,2,"{'minutes': 9, 'seconds': 15}",0,3,23,77,2,12,38,False,Rush,Liam Szarka run for 38 yds to the BOIS 39 for a 1ST down,3.822574078060316,2025-09-21T00:04:04.000Z
401760372,4017603728,401760372102914501,8,5,Air Force,Mountain West,7,Boise State,Mountain West,21,Air Force,Boise State,2,"{'minutes': 8, 'seconds': 54}",0,3,61,39,1,10,9,False,Rush,Dylan Carson run for 9 yds to the BOIS 30,0.819805400875158,2025-09-21T00:04:15.000Z
401760372,4017603728,401760372102918001,8,6,Air Force,Mountain West,7,Boise State,Mountain West,21,Air Force,Boise State,2,"{'minutes': 8, 'seconds': 19}",0,3,70,30,2,1,2,False,Rush,Dylan Carson run for 2 yds to the BOIS 28 for a 1ST down,-0.443381320082038,2025-09-21T00:04:57.000Z
401760372,4017603728,401760372102926201,8,7,Air Force,Mountain West,7,Boise State,Mountain West,21,Air Force,Boise State,2,"{'minutes': 7, 'seconds': 37}",0,3,72,28,1,10,4,False,Rush,Rocco Conti run for 4 yds to the BOIS 24,-0.043244644569821,2025-09-21T00:05:35.000Z
401760372,4017603728,401760372102929701,8,8,Air Force,Mountain West,7,Boise State,Mountain West,21,Air Force,Boise State,2,"{'minutes': 7, 'seconds': 2}",0,3,76,24,2,6,10,False,Rush,Cade Harris run for 10 yds to the BOIS 14 for a 1ST down,0.2589759435291705,2025-09-21T00:06:12.000Z
401760372,4017603728,401760372102937101,8,9,Air Force,Mountain West,7,Boise State,Mountain West,21,Air Force,Boise State,2,"{'minutes': 6, 'seconds': 28}",0,3,86,14,1,10,10,False,Pass Reception,"Liam Szarka pass complete to Cade Harris for 3 yds to the BOIS 11 for a 1ST down Boise State Penalty, (7 Yards) to the BOIS 7 for a 1ST down",0.8600926564651065,2025-09-21T00:08:02.000Z
401760372,4017603728,401760372102945201,8,10,Air Force,Mountain West,7,Boise State,Mountain West,21,Air Force,Boise State,2,"{'minutes': 5, 'seconds': 47}",0,3,93,7,1,7,2,False,Rush,Liam Szarka run for 2 yds to the BOIS 5,-0.241823061202709,2025-09-21T00:08:10.000Z
401760372,4017603728,401760372102947501,8,11,Air Force,Mountain West,7,Boise State,Mountain West,21,Air Force,Boise State,2,"{'minutes': 5, 'seconds': 24}",0,3,95,5,2,5,2,False,Rush,Liam Szarka run for 2 yds to the BOIS 3,-0.185984708249071,2025-09-21T00:08:34.000Z
401760372,4017603728,401760372102954701,8,13,Air Force,Mountain West,14,Boise State,Mountain West,21,Air Force,Boise State,2,"{'minutes': 4, 'seconds': 52}",-1,3,97,3,3,3,3,True,Rushing Touchdown,Kemper Hodges run for 3 yds for a TD (Jacob Medina KICK),2.624562399778991,2025-09-21T00:10:50.000Z
401760372,4017603729,401760372102967002,9,4,Boise State,Mountain West,21,Air Force,Mountain West,14,Air Force,Boise State,2,"{'minutes': 3, 'seconds': 29}",3,-1,62,62,1,10,-10,False,Penalty,"(03:34) Shotgun Madsen,Maddux pass incomplete deep left to Bates,Cameron thrown to AF15 PENALTY BS Holding 10 yards from BS38 to BS28. NO PLAY.",,2025-09-21T00:17:05.000Z
401760372,4017603729,401760372102955301,9,1,Air Force,Mountain West,14,Boise State,Mountain West,21,Air Force,Boise State,2,"{'minutes': 4, 'seconds': 46}",-1,3,35,65,1,10,15,False,Kickoff Return (Offense),"Reagan Tubbs kickoff for 65 yds , Malik Sherrod return for 15 yds to the BOIS 15",,2025-09-21T00:14:36.000Z
401760372,4017603729,401760372102975202,9,6,Boise State,Mountain West,21,Air Force,Mountain West,14,Air Force,Boise State,2,"{'minutes': 2, 'seconds': 47}",3,-1,62,62,2,10,-15,False,Penalty,"Boise State Penalty, (-15 Yards) to the BOIS 25",,2025-09-21T00:18:15.000Z
401760372,4017603729,401760372102977902,9,9,Boise State,Mountain West,21,Air Force,Mountain West,14,Air Force,Boise State,2,"{'minutes': 2, 'seconds': 20}",3,-2,63,63,4,11,0,False,Timeout,"Timeout Air Force, clock 02:20",,2025-09-21T00:20:06.000Z
401760372,4017603729,401760372102978701,9,10,Boise State,Mountain West,21,Air Force,Mountain West,14,Air Force,Boise State,2,"{'minutes': 2, 'seconds': 12}",3,-2,63,63,4,11,0,False,Punt,"Oscar Doyle punt for 51 yds, fair catch by Cade Harris at the AF 12",,2025-09-21T00:21:12.000Z
401760372,4017603729,401760372102956001,9,2,Boise State,Mountain West,21,Air Force,Mountain West,14,Air Force,Boise State,2,"{'minutes': 4, 'seconds': 39}",3,-1,85,85,1,10,1,False,Rush,Dylan Riley run for 1 yd to the BOIS 16,-0.3702817605862583,2025-09-21T00:15:10.000Z
401760372,4017603729,401760372102964501,9,3,Boise State,Mountain West,21,Air Force,Mountain West,14,Air Force,Boise State,2,"{'minutes': 3, 'seconds': 54}",3,-1,84,84,2,9,22,False,Pass Reception,Maddux Madsen pass complete to Ben Ford for 22 yds to the BOIS 38 for a 1ST down,2.0382396697819773,2025-09-21T00:15:48.000Z
401760372,4017603729,401760372102967601,9,5,Boise State,Mountain West,21,Air Force,Mountain West,14,Air Force,Boise State,2,"{'minutes': 3, 'seconds': 23}",3,-1,72,72,1,20,10,False,Rush,Dylan Riley run for 10 yds to the BOIS 38,0.7510550738572066,2025-09-21T00:17:32.000Z
401760372,4017603729,401760372102976705,9,7,Boise State,Mountain West,21,Air Force,Mountain West,14,Air Force,Boise State,2,"{'minutes': 2, 'seconds': 32}",3,-1,75,75,2,23,0,False,Pass Incompletion,Maddux Madsen pass incomplete to Chris Marshall,-0.0952854464365025,2025-09-21T00:19:14.000Z
401760372,4017603729,401760372102977901,9,8,Boise State,Mountain West,21,Air Force,Mountain West,14,Air Force,Boise State,2,"{'minutes': 2, 'seconds': 20}",3,-1,75,75,3,23,12,False,Pass Reception,Maddux Madsen pass complete to Malik Sherrod for 12 yds to the BOIS 37,0.18710240299971392,2025-09-21T00:20:30.000Z
401760372,40176037210,401760372102988802,10,4,Air Force,Mountain West,14,Boise State,Mountain West,21,Air Force,Boise State,2,"{'minutes': 1, 'seconds': 11}",-3,3,21,79,4,1,0,False,Timeout,"Timeout Air Force, clock 01:11",,2025-09-21T00:29:28.000Z
401760372,40176037210,401760372102989401,10,5,Air Force,Mountain West,14,Boise State,Mountain West,21,Air Force,Boise State,2,"{'minutes': 1, 'seconds': 5}",-3,3,21,79,4,1,46,False,Punt,"Luke Freer punt for 46 yds, punt out-of-bounds at the BOIS 33 Air Force Penalty, Defensive Holding (Blake Fletcher) to the BOIS 33",,2025-09-21T00:30:58.000Z
401760372,40176037210,401760372102989403,10,6,Air Force,Mountain West,14,Boise State,Mountain West,21,Air Force,Boise State,2,"{'minutes': 1, 'seconds': 5}",-3,3,21,79,4,1,36,False,Punt,"Luke Freer punt for 46 yds, punt out-of-bounds at the BOIS 33 Air Force Penalty, Defensive Holding (Blake Fletcher) to the BOIS 43",,2025-09-21T00:30:58.000Z
401760372,40176037210,401760372102979201,10,1,Air Force,Mountain West,14,Boise State,Mountain West,21,Air Force,Boise State,2,"{'minutes': 2, 'seconds': 7}",-2,3,12,88,1,10,6,False,Rush,Dylan Carson run for 6 yds to the AF 18,0.22481186304046563,2025-09-21T00:25:15.000Z
401760372,40176037210,401760372102984501,10,2,Air Force,Mountain West,14,Boise State,Mountain West,21,Air Force,Boise State,2,"{'minutes': 1, 'seconds': 54}",-2,3,18,82,2,4,2,False,Rush,Owen Allen run for 2 yds to the AF 20,-0.3281680825693085,2025-09-21T00:28:36.000Z
401760372,40176037210,401760372102988801,10,3,Air Force,Mountain West,14,Boise State,Mountain West,21,Air Force,Boise State,2,"{'minutes': 1, 'seconds': 11}",-2,3,20,80,3,2,1,False,Rush,Owen Allen run for 1 yd to the AF 21,-0.2751681207235128,2025-09-21T00:29:28.000Z
401760372,40176037211,401760372102995602,11,3,Boise State,Mountain West,21,Air Force,Mountain West,14,Air Force,Boise State,2,"{'minutes': 0, 'seconds': 43}",3,-3,9,9,1,9,-5,False,Penalty,"(00:46) Shotgun Madsen,Maddux pass incomplete short left to Ford,Ben thrown to AF00 PENALTY BS Illegal Formation 5 yards from AF09 to AF14. NO PLAY.",,2025-09-21T00:33:44.000Z
401760372,40176037211,401760372102996102,11,5,Boise State,Mountain West,21,Air Force,Mountain West,14,Air Force,Boise State,2,"{'minutes': 0, 'seconds': 38}",3,-4,12,12,2,12,0,False,Timeout,"Timeout Air Force, clock 00:38",,2025-09-21T00:34:09.000Z
401760372,40176037211,401760372102997903,11,8,Boise State,Mountain West,21,Air Force,Mountain West,14,Air Force,Boise State,2,"{'minutes': 0, 'seconds': 20}",3,-4,5,5,1,5,-10,False,Penalty,"(00:24) Shotgun Madsen,Maddux pass complete short right to Ford,Ben caught at AF05, for 0 yards to the AF05, out of bounds at AF05 PENALTY BS Holding 10 yards from AF05 to AF15. NO PLAY.",,2025-09-21T00:37:22.000Z
401760372,40176037211,401760372102997302,11,7,Boise State,Mountain West,21,Air Force,Mountain West,14,Air Force,Boise State,2,"{'minutes': 0, 'seconds': 26}",3,-4,12,12,3,12,7,False,Penalty,"(00:27) Shotgun Madsen,Maddux pass incomplete short left to Marshall,Chris thrown to AF01 PENALTY AF Pass Interference (Johnson,Korey) 7 yards from AF12 to AF05, 1ST DOWN. NO PLAY.",,2025-09-21T00:36:32.000Z
401760372,40176037211,401760372102994201,11,1,Boise State,Mountain West,21,Air Force,Mountain West,14,Air Force,Boise State,2,"{'minutes': 0, 'seconds': 57}",3,-3,57,57,1,10,24,False,Pass Reception,Maddux Madsen pass complete to Latrell Caples for 24 yds to the AF 33 for a 1ST down,1.5622419240093386,2025-09-21T00:32:24.000Z
401760372,40176037211,401760372102995201,11,2,Boise State,Mountain West,21,Air Force,Mountain West,14,Air Force,Boise State,2,"{'minutes': 0, 'seconds': 47}",3,-3,33,33,1,10,24,False,Pass Reception,Maddux Madsen pass complete to Malik Sherrod for 24 yds to the AF 9 for a 1ST down,0.47883694985552,2025-09-21T00:32:37.000Z
401760372,40176037211,401760372102996101,11,4,Boise State,Mountain West,21,Air Force,Mountain West,14,Air Force,Boise State,2,"{'minutes': 0, 'seconds': 38}",3,-3,14,14,1,14,2,False,Rush,Malik Sherrod run for 2 yds to the AF 12,-0.136150994200181,2025-09-21T00:34:09.000Z
401760372,40176037211,401760372102996901,11,6,Boise State,Mountain West,21,Air Force,Mountain West,14,Air Force,Boise State,2,"{'minutes': 0, 'seconds': 30}",3,-4,12,12,2,12,0,False,Pass Incompletion,Maddux Madsen pass incomplete to Matt Wagner,-0.321457751896638,2025-09-21T00:36:00.000Z
401760372,40176037211,401760372102998302,11,9,Boise State,Mountain West,21,Air Force,Mountain West,14,Air Force,Boise State,2,"{'minutes': 0, 'seconds': 16}",3,-4,15,15,1,15,0,False,Pass Incompletion,Maddux Madsen pass incomplete to Latrell Caples,-0.2708740164564478,2025-09-21T00:38:11.000Z
401760372,40176037211,401760372102998702,11,10,Boise State,Mountain West,21,Air Force,Mountain West,14,Air Force,Boise State,2,"{'minutes': 0, 'seconds': 12}",3,-4,15,15,2,15,0,False,Pass Incompletion,Maddux Madsen pass incomplete to Chris Marshall,-0.4405163964238577,2025-09-21T00:39:46.000Z
401760372,40176037211,401760372102999101,11,11,Boise State,Mountain West,21,Air Force,Mountain West,14,Air Force,Boise State,2,"{'minutes': 0, 'seconds': 8}",3,-4,15,15,3,15,0,False,Pass Interception Return,"Maddux Madsen pass intercepted, touchback. Max Mustell return for no gain",-3.457227105681744,2025-09-21T00:40:44.000Z
401760372,40176037212,401760372102999106,12,1,Air Force,Mountain West,14,Boise State,Mountain West,21,Air Force,Boise State,2,"{'minutes': 0, 'seconds': 0}",-4,3,20,80,0,10,0,False,End of Half,End of 2nd Quarter,,2025-09-21T00:40:52.000Z
401760372,40176037212,401760372102999901,12,2,Air Force,Mountain West,14,Boise State,Mountain West,21,Air Force,Boise State,2,"{'minutes': 0, 'seconds': 0}",-4,3,20,80,1,10,-1,False,Rush,(00:05) Kneel down by Air Force at AF19 for loss of 1 yard.,-0.6343354265717327,2025-09-21T00:40:52.000Z
401760372,40176037213,401760372103849903,13,1,Boise State,Mountain West,21,Air Force,Mountain West,14,Air Force,Boise State,3,"{'minutes': 15, 'seconds': 0}",3,3,65,65,1,10,0,False,Kickoff,Colton Boomer kickoff for 65 yds for a touchback,,2025-09-21T01:02:13.000Z
401760372,40176037213,401760372103864704,13,5,Boise State,Mountain West,21,Air Force,Mountain West,14,Air Force,Boise State,3,"{'minutes': 13, 'seconds': 52}",3,2,75,75,1,10,0,False,Timeout,"Timeout Air Force, clock 13:52",,2025-09-21T01:10:04.000Z
401760372,40176037213,401760372103854301,13,2,Air Force,Mountain West,14,Boise State,Mountain West,21,Air Force,Boise State,3,"{'minutes': 14, 'seconds': 56}",3,3,25,75,1,10,0,False,Rush,Dylan Carson run for no gain to the AF 25,-0.7029700220436519,2025-09-21T01:02:51.000Z
401760372,40176037213,401760372103858801,13,3,Air Force,Mountain West,14,Boise State,Mountain West,21,Air Force,Boise State,3,"{'minutes': 14, 'seconds': 11}",3,3,25,75,2,10,74,False,Pass Reception,Liam Szarka pass complete to Cade Harris for 74 yds to the BOIS 1 for a 1ST down,5.842703866644531,2025-09-21T01:03:35.000Z
401760372,40176037213,401760372103864701,13,4,Air Force,Mountain West,21,Boise State,Mountain West,21,Air Force,Boise State,3,"{'minutes': 13, 'seconds': 52}",3,3,99,1,1,1,1,True,Rushing Touchdown,Liam Szarka run for 1 yd for a TD (Jacob Medina KICK),0.938021275120443,2025-09-21T01:06:30.000Z
401760372,40176037214,401760372103864705,14,1,Air Force,Mountain West,21,Boise State,Mountain West,21,Air Force,Boise State,3,"{'minutes': 13, 'seconds': 52}",2,3,35,65,1,10,0,False,Kickoff,Reagan Tubbs kickoff for 65 yds for a touchback,,2025-09-21T01:10:04.000Z
401760372,40176037214,401760372103865901,14,2,Boise State,Mountain West,21,Air Force,Mountain West,21,Air Force,Boise State,3,"{'minutes': 13, 'seconds': 40}",3,2,75,75,1,10,5,False,Rush,Dylan Riley run for 5 yds to the BOIS 30,0.0945451165334843,2025-09-21T01:10:50.000Z
401760372,40176037214,401760372103869101,14,3,Boise State,Mountain West,21,Air Force,Mountain West,21,Air Force,Boise State,3,"{'minutes': 13, 'seconds': 8}",3,2,70,70,2,5,-1,False,Rush,Dylan Riley run for a loss of 1 yard to the BOIS 29,-0.8597386283834778,2025-09-21T01:11:31.000Z
401760372,40176037214,401760372103877001,14,4,Boise State,Mountain West,21,Air Force,Mountain West,21,Air Force,Boise State,3,"{'minutes': 12, 'seconds': 29}",3,2,71,71,3,6,31,False,Pass Reception,Maddux Madsen pass complete to Latrell Caples for 31 yds to the AF 40 for a 1ST down,3.653899487633974,2025-09-21T01:12:08.000Z
401760372,40176037214,401760372103884801,14,5,Boise State,Mountain West,28,Air Force,Mountain West,21,Air Force,Boise State,3,"{'minutes': 11, 'seconds': 51}",3,2,40,40,1,10,40,True,Rushing Touchdown,Malik Sherrod run for 40 yds for a TD (Colton Boomer KICK),3.189049143937341,2025-09-21T01:12:48.000Z
401760372,40176037215,401760372103884803,15,1,Boise State,Mountain West,28,Air Force,Mountain West,21,Air Force,Boise State,3,"{'minutes': 11, 'seconds': 51}",3,2,65,65,1,10,0,False,Kickoff,Colton Boomer kickoff for 65 yds for a touchback,,2025-09-21T01:16:51.000Z
401760372,40176037215,401760372103926401,15,9,Air Force,Mountain West,21,Boise State,Mountain West,28,Air Force,Boise State,3,"{'minutes': 7, 'seconds': 35}",2,3,58,42,3,3,-5,False,Penalty,"PENALTY AF False Start (Cooley,Costen) 5 yards from BS42 to BS47. NO PLAY.",,2025-09-21T01:21:57.000Z
401760372,40176037215,401760372103988901,15,21,Air Force,Mountain West,24,Boise State,Mountain West,28,Air Force,Boise State,3,"{'minutes': 1, 'seconds': 10}",2,3,92,8,4,4,25,True,Field Goal Good,Jacob Medina 25 yd FG GOOD,,2025-09-21T01:29:24.000Z
401760372,40176037215,401760372103959301,15,16,Air Force,Mountain West,21,Boise State,Mountain West,28,Air Force,Boise State,3,"{'minutes': 4, 'seconds': 6}",2,3,82,18,3,3,2,False,Rush,Dylan Carson run for 2 yds to the BOIS 16,-0.2852699389810043,2025-09-21T01:26:23.000Z
401760372,40176037215,401760372103967201,15,17,Air Force,Mountain West,21,Boise State,Mountain West,28,Air Force,Boise State,3,"{'minutes': 3, 'seconds': 27}",2,3,84,16,4,1,2,False,Rush,Liam Szarka run for 2 yds to the BOIS 14 for a 1ST down,0.6231725150546747,2025-09-21T01:27:01.000Z
401760372,40176037215,401760372103974701,15,18,Air Force,Mountain West,21,Boise State,Mountain West,28,Air Force,Boise State,3,"{'minutes': 2, 'seconds': 52}",2,3,86,14,1,10,5,False,Rush,Liam Szarka run for 5 yds to the BOIS 9,0.0745432474784075,2025-09-21T01:27:36.000Z
401760372,40176037215,401760372103978801,15,19,Air Force,Mountain West,21,Boise State,Mountain West,28,Air Force,Boise State,3,"{'minutes': 2, 'seconds': 11}",2,3,91,9,2,5,2,False,Rush,Dylan Carson run for 2 yds to the BOIS 7,-0.197442184224519,2025-09-21T01:28:35.000Z
401760372,40176037215,401760372103985801,15,20,Air Force,Mountain West,21,Boise State,Mountain West,28,Air Force,Boise State,3,"{'minutes': 1, 'seconds': 41}",2,3,93,7,3,3,-1,False,Rush,Cade Harris run for a loss of 1 yard to the BOIS 8,-0.416538808155655,2025-09-21T01:29:18.000Z
401760372,40176037215,401760372103885601,15,2,Air Force,Mountain West,21,Boise State,Mountain West,28,Air Force,Boise State,3,"{'minutes': 11, 'seconds': 43}",2,3,25,75,1,10,-1,False,Pass Reception,Liam Szarka pass complete to Kade Frew for a loss of 1 yard to the AF 24,-0.8014893508157099,2025-09-21T01:17:21.000Z
401760372,40176037215,401760372103888201,15,3,Air Force,Mountain West,21,Boise State,Mountain West,28,Air Force,Boise State,3,"{'minutes': 11, 'seconds': 17}",2,3,24,76,2,11,10,False,Rush,Liam Szarka run for 10 yds to the AF 34,0.7784554888667623,2025-09-21T01:17:51.000Z
401760372,40176037215,401760372103895301,15,4,Air Force,Mountain West,21,Boise State,Mountain West,28,Air Force,Boise State,3,"{'minutes': 10, 'seconds': 46}",2,3,34,66,3,1,3,False,Rush,Liam Szarka run for 3 yds to the AF 37 for a 1ST down,1.050278188092519,2025-09-21T01:18:22.000Z
401760372,40176037215,401760372103898501,15,5,Air Force,Mountain West,21,Boise State,Mountain West,28,Air Force,Boise State,3,"{'minutes': 10, 'seconds': 14}",2,3,37,63,1,10,2,False,Rush,Dylan Carson run for 2 yds to the AF 39,-0.6556647600661254,2025-09-21T01:18:55.000Z
401760372,40176037215,401760372103906601,15,6,Air Force,Mountain West,21,Boise State,Mountain West,28,Air Force,Boise State,3,"{'minutes': 9, 'seconds': 33}",2,3,39,61,2,8,12,False,Pass Reception,Liam Szarka pass complete to Cade Harris for 12 yds to the BOIS 49 for a 1ST down,1.9438450020066274,2025-09-21T01:19:32.000Z
401760372,40176037215,401760372103914401,15,7,Air Force,Mountain West,21,Boise State,Mountain West,28,Air Force,Boise State,3,"{'minutes': 8, 'seconds': 55}",2,3,51,49,1,10,3,False,Rush,Owen Allen run for 3 yds to the BOIS 46,-0.375732386813203,2025-09-21T01:20:14.000Z
401760372,40176037215,401760372103918701,15,8,Air Force,Mountain West,21,Boise State,Mountain West,28,Air Force,Boise State,3,"{'minutes': 8, 'seconds': 12}",2,3,54,46,2,7,4,False,Rush,Liam Szarka run for 4 yds to the BOIS 42,-0.153679545314846,2025-09-21T01:20:52.000Z
401760372,40176037215,401760372103928001,15,10,Air Force,Mountain West,21,Boise State,Mountain West,28,Air Force,Boise State,3,"{'minutes': 7, 'seconds': 19}",2,3,53,47,3,8,11,False,Rush,Liam Szarka run for 11 yds to the BOIS 36 for a 1ST down,2.472718918907214,2025-09-21T01:22:34.000Z
401760372,40176037215,401760372103935701,15,11,Air Force,Mountain West,21,Boise State,Mountain West,28,Air Force,Boise State,3,"{'minutes': 6, 'seconds': 42}",2,3,64,36,1,10,1,False,Rush,Owen Allen run for 1 yd to the BOIS 35,-0.549055779913328,2025-09-21T01:23:08.000Z
401760372,40176037215,401760372103939601,15,12,Air Force,Mountain West,21,Boise State,Mountain West,28,Air Force,Boise State,3,"{'minutes': 6, 'seconds': 3}",2,3,65,35,2,9,0,False,Pass Incompletion,Liam Szarka pass incomplete to Cade Harris,-0.898580349128384,2025-09-21T01:23:49.000Z
401760372,40176037215,401760372103944301,15,13,Air Force,Mountain West,21,Boise State,Mountain West,28,Air Force,Boise State,3,"{'minutes': 5, 'seconds': 56}",2,3,65,35,3,9,10,False,Rush,Kade Frew run for 10 yds to the BOIS 25 for a 1ST down,1.7583298617894505,2025-09-21T01:24:31.000Z
401760372,40176037215,401760372103948001,15,14,Air Force,Mountain West,21,Boise State,Mountain West,28,Air Force,Boise State,3,"{'minutes': 5, 'seconds': 19}",2,3,75,25,1,10,0,False,Rush,Liam Szarka run for no gain to the BOIS 25,-0.4522778946200265,2025-09-21T01:25:08.000Z
401760372,40176037215,401760372103955601,15,15,Air Force,Mountain West,21,Boise State,Mountain West,28,Air Force,Boise State,3,"{'minutes': 4, 'seconds': 43}",2,3,75,25,2,10,7,False,Pass Reception,Liam Szarka pass complete to Cade Harris for 7 yds to the BOIS 18,0.266176505633332,2025-09-21T01:25:49.000Z
401760372,40176037216,401760372103994104,16,3,Air Force,Mountain West,24,Boise State,Mountain West,28,Air Force,Boise State,3,"{'minutes': 0, 'seconds': 58}",1,3,25,75,1,10,0,False,Timeout,"Timeout Air Force, clock 00:58",,2025-09-21T01:33:32.000Z
401760372,40176037216,401760372103988902,16,1,Air Force,Mountain West,24,Boise State,Mountain West,28,Air Force,Boise State,3,"{'minutes': 1, 'seconds': 10}",2,3,35,65,1,10,0,False,Kickoff,Reagan Tubbs kickoff for 65 yds for a touchback,,2025-09-21T01:29:24.000Z
401760372,40176037216,401760372103994101,16,2,Boise State,Mountain West,35,Air Force,Mountain West,24,Air Force,Boise State,3,"{'minutes': 0, 'seconds': 58}",3,2,75,75,1,10,75,True,Passing Touchdown,Maddux Madsen pass complete to Dylan Riley for 75 yds for a TD (Colton Boomer KICK),6.0777551197213215,2025-09-21T01:33:32.000Z
401760372,40176037221,401760372104979103,21,1,Boise State,Mountain West,49,Air Force,Mountain West,37,Air Force,Boise State,4,"{'minutes': 2, 'seconds': 8}",3,-1,65,65,1,10,0,False,Kickoff,Colton Boomer kickoff for 65 yds for a touchback,,2025-09-21T02:14:26.000Z
401760372,40176037221,401760372104986602,21,7,Air Force,Mountain West,37,Boise State,Mountain West,49,Air Force,Boise State,4,"{'minutes': 1, 'seconds': 33}",-2,3,55,45,2,11,0,False,Timeout,"Timeout Air Force, clock 01:33",,2025-09-21T02:22:09.000Z
401760372,40176037221,401760372104979601,21,2,Air Force,Mountain West,37,Boise State,Mountain West,49,Air Force,Boise State,4,"{'minutes': 2, 'seconds': 3}",-1,3,25,75,1,10,20,False,Pass Reception,Liam Szarka pass complete to Cade Harris for 20 yds to the AF 45 for a 1ST down,1.8011418824049565,2025-09-21T02:20:16.000Z
401760372,40176037221,401760372104984301,21,3,Air Force,Mountain West,37,Boise State,Mountain West,49,Air Force,Boise State,4,"{'minutes': 1, 'seconds': 56}",-1,3,45,55,1,10,0,False,Pass Incompletion,Liam Szarka pass incomplete to Quin Smith,-1.1618692012952412,2025-09-21T02:20:26.000Z
401760372,40176037221,401760372104984901,21,4,Air Force,Mountain West,37,Boise State,Mountain West,49,Air Force,Boise State,4,"{'minutes': 1, 'seconds': 50}",-1,3,45,55,2,10,0,False,Pass Incompletion,Liam Szarka pass incomplete to Tre Roberson,-0.9098186366856273,2025-09-21T02:21:03.000Z
401760372,40176037221,401760372104985401,21,5,Air Force,Mountain West,37,Boise State,Mountain West,49,Air Force,Boise State,4,"{'minutes': 1, 'seconds': 45}",-1,3,45,55,3,10,11,False,Pass Reception,Liam Szarka pass complete to Cade Harris for 11 yds to the BOIS 44 for a 1ST down,2.935418717787212,2025-09-21T02:21:49.000Z
401760372,40176037221,401760372104986601,21,6,Air Force,Mountain West,37,Boise State,Mountain West,49,Air Force,Boise State,4,"{'minutes': 1, 'seconds': 33}",-1,3,56,44,1,10,-1,False,Sack,Liam Szarka sacked by Malakai Williams for a loss of 1 yard to the BOIS 45,-1.1949447420126127,2025-09-21T02:22:09.000Z
401760372,40176037221,401760372104987301,21,8,Air Force,Mountain West,37,Boise State,Mountain West,49,Air Force,Boise State,4,"{'minutes': 1, 'seconds': 26}",-2,3,55,45,2,11,12,False,Rush,Liam Szarka run for 12 yds to the BOIS 33 for a 1ST down,1.704752326020646,2025-09-21T02:23:25.000Z
401760372,40176037221,401760372104989501,21,9,Air Force,Mountain West,37,Boise State,Mountain West,49,Air Force,Boise State,4,"{'minutes': 1, 'seconds': 4}",-2,3,67,33,1,10,0,False,Pass Incompletion,Liam Szarka pass incomplete to Cade Harris,-0.6351269961541294,2025-09-21T02:24:10.000Z
401760372,40176037221,401760372104994401,21,10,Air Force,Mountain West,37,Boise State,Mountain West,49,Air Force,Boise State,4,"{'minutes': 0, 'seconds': 55}",-2,3,67,33,2,10,23,False,Pass Interception Return,Liam Szarka pass intercepted Ty Benefield return for 23 yds to the BOIS 38,-3.4617982303438826,2025-09-21T02:25:42.000Z
401760372,40176037222,401760372104997502,22,2,Boise State,Mountain West,49,Air Force,Mountain West,37,Air Force,Boise State,4,"{'minutes': 0, 'seconds': 0}",3,-2,63,63,0,11,0,False,End of Game,End of 4th Quarter,,2025-09-21T02:26:41.000Z
401760372,40176037222,401760372104996401,22,1,Boise State,Mountain West,49,Air Force,Mountain West,37,Air Force,Boise State,4,"{'minutes': 0, 'seconds': 35}",3,-2,62,62,1,10,-1,False,Rush,(00:42) Kneel down by Boise St. at BS37 for loss of 1 yard.,-1.26942490973284,2025-09-21T02:26:00.000Z
401760372,40176037222,401760372104999901,22,3,Boise State,Mountain West,49,Air Force,Mountain West,37,Air Force,Boise State,4,"{'minutes': 0, 'seconds': 0}",3,-2,63,63,2,11,-2,False,Rush,(00:28) Kneel down by Boise St. at BS35 for loss of 2 yards.,-0.7734714259645941,2025-09-21T02:26:41.000Z
401760372,40176037217,401760372103998502,17,3,Air Force,Mountain West,24,Boise State,Mountain West,35,Air Force,Boise State,3,"{'minutes': 0, 'seconds': 0}",1,3,26,74,0,9,0,False,End Period,End of 3rd Quarter,,2025-09-21T01:38:50.000Z
401760372,40176037217,401760372103994105,17,1,Boise State,Mountain West,35,Air Force,Mountain West,24,Air Force,Boise State,3,"{'minutes': 0, 'seconds': 58}",3,1,65,65,1,10,0,False,Kickoff,Colton Boomer kickoff for 65 yds for a touchback,,2025-09-21T01:33:32.000Z
401760372,40176037217,401760372103994601,17,2,Air Force,Mountain West,24,Boise State,Mountain West,35,Air Force,Boise State,3,"{'minutes': 0, 'seconds': 53}",1,3,25,75,1,10,1,False,Rush,Dylan Carson run for 1 yd to the AF 26,-0.5874795431016855,2025-09-21T01:37:59.000Z
401760372,40176037217,401760372103999901,17,4,Air Force,Mountain West,24,Boise State,Mountain West,35,Air Force,Boise State,3,"{'minutes': 0, 'seconds': 0}",1,3,26,74,2,9,-5,False,Rush,Kade Frew run for a loss of 5 yards to the AF 21,-0.6059700021280943,2025-09-21T01:38:50.000Z
401760372,40176037217,401760372104855001,17,5,Air Force,Mountain West,24,Boise State,Mountain West,35,Air Force,Boise State,4,"{'minutes': 14, 'seconds': 49}",1,3,21,79,3,14,21,False,Pass Reception,Liam Szarka pass complete to Quin Smith for 21 yds to the AF 42 for a 1ST down,2.709501452911786,2025-09-21T01:42:47.000Z
401760372,40176037217,401760372104858501,17,6,Air Force,Mountain West,24,Boise State,Mountain West,35,Air Force,Boise State,4,"{'minutes': 14, 'seconds': 14}",1,3,42,58,1,10,2,False,Rush,Kade Frew run for 2 yds to the AF 44,-0.686234543960909,2025-09-21T01:43:25.000Z
401760372,40176037217,401760372104866301,17,7,Air Force,Mountain West,24,Boise State,Mountain West,35,Air Force,Boise State,4,"{'minutes': 13, 'seconds': 36}",1,3,44,56,2,8,5,False,Rush,Liam Szarka run for 5 yds to the AF 49,0.0878707813590243,2025-09-21T01:44:07.000Z
401760372,40176037217,401760372104867601,17,8,Air Force,Mountain West,24,Boise State,Mountain West,35,Air Force,Boise State,4,"{'minutes': 13, 'seconds': 23}",1,3,49,51,3,3,4,False,Rush,Liam Szarka run for 4 yds to the BOIS 47 for a 1ST down,1.5468647333747703,2025-09-21T01:47:35.000Z
401760372,40176037217,401760372104875501,17,9,Air Force,Mountain West,24,Boise State,Mountain West,35,Air Force,Boise State,4,"{'minutes': 12, 'seconds': 44}",1,3,53,47,1,10,23,False,Pass Reception,Liam Szarka pass complete to Cade Harris for 23 yds to the BOIS 24 for a 1ST down,0.931764292659455,2025-09-21T01:48:13.000Z
401760372,40176037217,401760372104879901,17,10,Air Force,Mountain West,24,Boise State,Mountain West,35,Air Force,Boise State,4,"{'minutes': 12, 'seconds': 0}",1,3,76,24,1,10,2,False,Rush,Dylan Carson run for 2 yds to the BOIS 22,-0.234690741470521,2025-09-21T01:49:03.000Z
401760372,40176037217,401760372104886701,17,11,Air Force,Mountain West,24,Boise State,Mountain West,35,Air Force,Boise State,4,"{'minutes': 11, 'seconds': 32}",1,3,78,22,2,8,6,False,Rush,Liam Szarka run for 6 yds to the BOIS 16,0.163940668249122,2025-09-21T01:49:25.000Z
401760372,40176037217,401760372104894501,17,12,Air Force,Mountain West,24,Boise State,Mountain West,35,Air Force,Boise State,4,"{'minutes': 10, 'seconds': 54}",1,3,84,16,3,2,1,False,Rush,Liam Szarka run for 1 yd to the BOIS 15,-0.3799373917913603,2025-09-21T01:50:08.000Z
401760372,40176037217,401760372104898001,17,13,Air Force,Mountain West,24,Boise State,Mountain West,35,Air Force,Boise State,4,"{'minutes': 10, 'seconds': 19}",1,3,85,15,4,1,3,False,Rush,Liam Szarka run for 3 yds to the BOIS 12 for a 1ST down,0.6020308715838087,2025-09-21T01:50:47.000Z
401760372,40176037217,401760372104905501,17,14,Air Force,Mountain West,30,Boise State,Mountain West,35,Air Force,Boise State,4,"{'minutes': 9, 'seconds': 44}",1,3,88,12,1,10,12,True,Passing Touchdown,Liam Szarka pass complete to Quin Smith for 12 yds for a TD (Two-Point Conversion failed),2.5300945420359255,2025-09-21T01:51:22.000Z
401760372,40176037218,401760372104917801,18,4,Boise State,Mountain West,35,Air Force,Mountain West,30,Air Force,Boise State,4,"{'minutes': 8, 'seconds': 21}",3,1,45,45,1,10,-10,False,Penalty,"Boise State Penalty, (-10 Yards) to the BOIS 49",,2025-09-21T01:57:37.000Z
401760372,40176037218,401760372104905503,18,1,Air Force,Mountain West,30,Boise State,Mountain West,35,Air Force,Boise State,4,"{'minutes': 9, 'seconds': 44}",1,3,35,65,1,10,0,False,Kickoff,Reagan Tubbs kickoff for 65 yds for a touchback,,2025-09-21T01:51:22.000Z
401760372,40176037218,401760372104906301,18,2,Boise State,Mountain West,35,Air Force,Mountain West,30,Air Force,Boise State,4,"{'minutes': 9, 'seconds': 36}",3,1,75,75,1,10,3,False,Rush,Dylan Riley run for 3 yds to the BOIS 28,-0.2957674139440157,2025-09-21T01:56:19.000Z
401760372,40176037218,401760372104909801,18,3,Boise State,Mountain West,35,Air Force,Mountain West,30,Air Force,Boise State,4,"{'minutes': 9, 'seconds': 1}",3,1,72,72,2,7,27,False,Rush,Dylan Riley run for 27 yds to the AF 45 for a 1ST down,2.8970084485982692,2025-09-21T01:56:59.000Z
401760372,40176037218,401760372104926502,18,5,Boise State,Mountain West,35,Air Force,Mountain West,30,Air Force,Boise State,4,"{'minutes': 7, 'seconds': 34}",3,1,51,51,2,16,15,False,Rush,Malik Sherrod run for 15 yds to the AF 36,2.300772986878899,2025-09-21T01:59:00.000Z
401760372,40176037218,401760372104928401,18,6,Boise State,Mountain West,35,Air Force,Mountain West,30,Air Force,Boise State,4,"{'minutes': 7, 'seconds': 15}",3,1,36,36,3,1,13,False,Rush,Sire Gaines run for 13 yds to the AF 23 for a 1ST down,0.8320427412513836,2025-09-21T01:59:14.000Z
401760372,40176037218,401760372104935801,18,7,Boise State,Mountain West,35,Air Force,Mountain West,30,Air Force,Boise State,4,"{'minutes': 6, 'seconds': 41}",3,1,23,23,1,10,11,False,Rush,Sire Gaines run for 11 yds to the AF 12 for a 1ST down,0.133883136035303,2025-09-21T01:59:57.000Z
401760372,40176037218,401760372104944301,18,8,Boise State,Mountain West,35,Air Force,Mountain West,30,Air Force,Boise State,4,"{'minutes': 5, 'seconds': 56}",3,1,12,12,1,10,4,False,Rush,Dylan Riley run for 4 yds to the AF 8,-0.016436925799308,2025-09-21T02:00:39.000Z
401760372,40176037218,401760372104948101,18,9,Boise State,Mountain West,42,Air Force,Mountain West,30,Air Force,Boise State,4,"{'minutes': 5, 'seconds': 18}",3,1,8,8,2,6,8,True,Rushing Touchdown,Dylan Riley run for 8 yds for a TD (Colton Boomer KICK),2.5465314678352335,2025-09-21T02:01:24.000Z
401760372,40176037219,401760372104948103,19,1,Boise State,Mountain West,42,Air Force,Mountain West,30,Air Force,Boise State,4,"{'minutes': 5, 'seconds': 18}",3,1,65,65,1,10,0,False,Kickoff,Colton Boomer kickoff for 65 yds for a touchback,,2025-09-21T02:01:24.000Z
401760372,40176037219,401760372104948701,19,2,Air Force,Mountain West,30,Boise State,Mountain West,42,Air Force,Boise State,4,"{'minutes': 5, 'seconds': 12}",1,3,25,75,1,10,6,False,Rush,Cade Harris run for 6 yds to the AF 31,0.3333748010525683,2025-09-21T02:06:01.000Z
401760372,40176037219,401760372104957301,19,3,Air Force,Mountain West,30,Boise State,Mountain West,42,Air Force,Boise State,4,"{'minutes': 4, 'seconds': 26}",1,3,31,69,2,4,29,False,Pass Reception,Liam Szarka pass complete to Cade Harris for 29 yds to the BOIS 40 for a 1ST down,2.5553311747314122,2025-09-21T02:06:46.000Z
401760372,40176037219,401760372104959401,19,4,Air Force,Mountain West,30,Boise State,Mountain West,42,Air Force,Boise State,4,"{'minutes': 4, 'seconds': 5}",1,3,60,40,1,10,4,False,Rush,Liam Szarka run for 4 yds to the BOIS 36,-0.090113775884788,2025-09-21T02:07:11.000Z
401760372,40176037219,401760372104967801,19,5,Air Force,Mountain West,30,Boise State,Mountain West,42,Air Force,Boise State,4,"{'minutes': 3, 'seconds': 21}",1,3,64,36,2,6,32,False,Pass Reception,Liam Szarka pass complete to Quin Smith for 32 yds to the BOIS 4 for a 1ST down,1.590972401108154,2025-09-21T02:07:56.000Z
401760372,40176037219,401760372104974201,19,6,Air Force,Mountain West,30,Boise State,Mountain West,42,Air Force,Boise State,4,"{'minutes': 2, 'seconds': 57}",1,3,96,4,1,4,-1,False,Rush,Liam Szarka run for a loss of 1 yard to the BOIS 5,-0.750387172815945,2025-09-21T02:08:21.000Z
401760372,40176037219,401760372104977301,19,7,Air Force,Mountain West,37,Boise State,Mountain West,42,Air Force,Boise State,4,"{'minutes': 2, 'seconds': 26}",1,3,95,5,2,5,5,True,Passing Touchdown,Liam Szarka pass complete to Bruin Fleischmann for 5 yds for a TD (Jacob Medina KICK),2.43857769152992,2025-09-21T02:09:02.000Z
401760372,40176037220,401760372104977504,20,1,Air Force,Mountain West,37,Boise State,Mountain West,42,Air Force,Boise State,4,"{'minutes': 2, 'seconds': 24}",1,3,35,65,1,10,0,False,Kickoff,Reagan Tubbs kickoff for 10 yds,,2025-09-21T02:11:33.000Z
401760372,40176037220,401760372104978002,20,3,Boise State,Mountain West,42,Air Force,Mountain West,37,Air Force,Boise State,4,"{'minutes': 2, 'seconds': 19}",3,0,45,45,2,5,0,False,Timeout,"Timeout Air Force, clock 02:19",,2025-09-21T02:12:06.000Z
401760372,40176037220,401760372104978402,20,5,Boise State,Mountain West,42,Air Force,Mountain West,37,Air Force,Boise State,4,"{'minutes': 2, 'seconds': 15}",3,-1,43,43,3,3,0,False,Timeout,"Timeout Air Force, clock 02:15",,2025-09-21T02:13:12.000Z
401760372,40176037220,401760372104978001,20,2,Boise State,Mountain West,42,Air Force,Mountain West,37,Air Force,Boise State,4,"{'minutes': 2, 'seconds': 19}",3,1,50,50,1,10,5,False,Rush,Dylan Riley run for 5 yds to the AF 45,0.1018198743557602,2025-09-21T02:12:06.000Z
401760372,40176037220,401760372104978401,20,4,Boise State,Mountain West,42,Air Force,Mountain West,37,Air Force,Boise State,4,"{'minutes': 2, 'seconds': 15}",3,0,45,45,2,5,2,False,Rush,Dylan Riley run for 2 yds to the AF 43,-0.6449448318989308,2025-09-21T02:13:12.000Z
401760372,40176037220,401760372104979101,20,6,Boise State,Mountain West,49,Air Force,Mountain West,37,Air Force,Boise State,4,"{'minutes': 2, 'seconds': 8}",3,-1,43,43,3,3,43,True,Rushing Touchdown,Dylan Riley run for 43 yds for a TD (Colton Boomer KICK),4.384536889664544,2025-09-21T02:14:26.000Z
401760379,4017603791,401760379101849903,1,1,App State,Sun Belt,0,Boise State,Mountain West,0,Boise State,App State,1,"{'minutes': 15, 'seconds': 0}",3,3,65,65,1,10,0,False,Kickoff,Cash McVay kickoff for 65 yds,,2025-09-27T23:36:08.000Z
401760379,4017603791,401760379101899201,1,11,Boise State,Mountain West,0,App State,Sun Belt,0,Boise State,App State,1,"{'minutes': 10, 'seconds': 7}",3,3,86,14,3,6,4,False,Penalty,PENALTY APP Offside 4 yards from APP14 to APP10. NO PLAY.,,2025-09-27T23:42:18.000Z
401760379,4017603791,401760379101896001,1,10,Boise State,Mountain West,0,App State,Sun Belt,0,Boise State,App State,1,"{'minutes': 10, 'seconds': 39}",3,3,82,18,2,10,4,False,Rush,Sire Gaines run for 4 yds to the APP 14,-0.042624560178281,2025-09-27T23:41:28.000Z
401760379,4017603791,401760379101895301,1,9,Boise State,Mountain West,0,App State,Sun Belt,0,Boise State,App State,1,"{'minutes': 10, 'seconds': 46}",3,3,82,18,1,10,0,False,Pass Incompletion,Maddux Madsen pass incomplete to Chris Marshall,-0.350740748439042,2025-09-27T23:40:41.000Z
401760379,4017603791,401760379101854601,1,2,Boise State,Mountain West,0,App State,Sun Belt,0,Boise State,App State,1,"{'minutes': 14, 'seconds': 53}",3,3,25,75,1,10,4,False,Rush,Dylan Riley run for 4 yds to the BOIS 29,-0.1142886249388964,2025-09-27T23:36:45.000Z
401760379,4017603791,401760379101858401,1,3,Boise State,Mountain West,0,App State,Sun Belt,0,Boise State,App State,1,"{'minutes': 14, 'seconds': 15}",3,3,29,71,2,6,0,False,Pass Reception,Maddux Madsen pass complete to Dylan Riley for no gain to the BOIS 29,-0.6509048869110972,2025-09-27T23:37:02.000Z
401760379,4017603791,401760379101866301,1,4,Boise State,Mountain West,0,App State,Sun Belt,0,Boise State,App State,1,"{'minutes': 13, 'seconds': 36}",3,3,29,71,3,6,16,False,Pass Reception,Maddux Madsen pass complete to Latrell Caples for 16 yds to the BOIS 45 for a 1ST down,2.56633539425495,2025-09-27T23:36:08.000Z
401760379,4017603791,401760379101869001,1,5,Boise State,Mountain West,0,App State,Sun Belt,0,Boise State,App State,1,"{'minutes': 13, 'seconds': 9}",3,3,45,55,1,10,5,False,Rush,Dylan Riley run for 5 yds to the 50 yard line,0.1079044232439195,2025-09-27T23:38:32.000Z
401760379,4017603791,401760379101876401,1,6,Boise State,Mountain West,0,App State,Sun Belt,0,Boise State,App State,1,"{'minutes': 12, 'seconds': 35}",3,3,50,50,2,5,22,False,Rush,Malik Sherrod run for 22 yds to the APP 28 for a 1ST down,1.4046943399340146,2025-09-27T23:39:18.000Z
401760379,4017603791,401760379101884301,1,7,Boise State,Mountain West,0,App State,Sun Belt,0,Boise State,App State,1,"{'minutes': 11, 'seconds': 56}",3,3,72,28,1,10,6,False,Pass Reception,Maddux Madsen pass complete to Malik Sherrod for 6 yds to the APP 22,0.204023160418757,2025-09-27T23:39:59.000Z
401760379,4017603791,401760379101888001,1,8,Boise State,Mountain West,0,App State,Sun Belt,0,Boise State,App State,1,"{'minutes': 11, 'seconds': 19}",3,3,78,22,2,4,4,False,Rush,Sire Gaines run for 4 yds to the APP 18 for a 1ST down,-0.031801395350917,2025-09-27T23:40:38.000Z
401760379,4017603791,401760379101905001,1,12,Boise State,Mountain West,7,App State,Sun Belt,0,Boise State,App State,1,"{'minutes': 9, 'seconds': 49}",3,3,90,10,3,2,10,True,Passing Touchdown,"Maddux Madsen pass complete to Latrell Caples for 10 yds for a TD App State Penalty, Defensive Holding (Ethan Johnson) declined (Colton Boomer KICK)",2.640402832185558,2025-09-27T23:42:59.000Z
401760379,4017603792,401760379101905003,2,1,Boise State,Mountain West,7,App State,Sun Belt,0,Boise State,App State,1,"{'minutes': 9, 'seconds': 49}",3,3,35,65,1,10,0,False,Kickoff,Colton Boomer kickoff for 65 yds for a touchback,,2025-09-27T23:42:59.000Z
401760379,4017603792,401760379101927901,2,8,App State,Sun Belt,0,Boise State,Mountain West,7,Boise State,App State,1,"{'minutes': 7, 'seconds': 20}",3,3,41,41,2,6,-5,False,Penalty,"PENALTY APP False Start (Flowers,Will) 5 yards from BSU41 to BSU46. NO PLAY.",,2025-09-27T23:52:00.000Z
401760379,4017603792,401760379101937901,2,11,App State,Sun Belt,0,Boise State,Mountain West,7,Boise State,App State,1,"{'minutes': 6, 'seconds': 20}",3,3,39,39,4,4,-15,False,Penalty,"(06:36) No Huddle-Shotgun Swann,AJ pass complete short right to Stroman,Dalton caught at BSU36, for 0 yards to the BSU39 PENALTY APP Pass Interference (Dozier,Davion) 15 yards from BSU39 to APP46. NO PLAY.",,2025-09-27T23:53:55.000Z
401760379,4017603792,401760379101939902,2,12,App State,Sun Belt,0,Boise State,Mountain West,7,Boise State,App State,1,"{'minutes': 6, 'seconds': 0}",3,3,54,54,4,19,0,False,Punt,Ian Ratliff punt for 54 yds for a touchback,,2025-09-27T23:54:39.000Z
401760379,4017603792,401760379101939906,2,13,App State,Sun Belt,0,Boise State,Mountain West,7,Boise State,App State,1,"{'minutes': 6, 'seconds': 0}",3,3,54,54,4,19,0,False,Punt,Ian Ratliff punt for 54 yds for a touchback,,2025-09-27T23:54:39.000Z
401760379,4017603792,401760379101905901,2,2,App State,Sun Belt,0,Boise State,Mountain West,7,Boise State,App State,1,"{'minutes': 9, 'seconds': 40}",3,3,75,75,1,10,3,False,Rush,Rashod Dubinion run for 3 yds to the APP 28,-0.2957674139440157,2025-09-27T23:47:35.000Z
401760379,4017603792,401760379101907801,2,3,App State,Sun Belt,0,Boise State,Mountain West,7,Boise State,App State,1,"{'minutes': 9, 'seconds': 21}",3,3,72,72,2,7,12,False,Pass Reception,AJ Swann pass complete to William Fowles for 12 yds to the APP 40 for a 1ST down,1.6166219295216617,2025-09-27T23:48:57.000Z
401760379,4017603792,401760379101914101,2,4,App State,Sun Belt,0,Boise State,Mountain West,7,Boise State,App State,1,"{'minutes': 8, 'seconds': 58}",3,3,60,60,1,10,7,False,Rush,Rashod Dubinion run for 7 yds to the APP 47,0.7032387839448688,2025-09-27T23:49:37.000Z
401760379,4017603792,401760379101917301,2,5,App State,Sun Belt,0,Boise State,Mountain West,7,Boise State,App State,1,"{'minutes': 8, 'seconds': 26}",3,3,53,53,2,3,2,False,Pass Reception,AJ Swann pass complete to AJ Swann for 2 yds to the APP 49,-0.7604178938581772,2025-09-27T23:50:24.000Z
401760379,4017603792,401760379101924101,2,6,App State,Sun Belt,0,Boise State,Mountain West,7,Boise State,App State,1,"{'minutes': 7, 'seconds': 58}",3,3,51,51,3,1,6,False,Rush,Rashod Dubinion run for 6 yds to the BOIS 45 for a 1ST down,1.3375656289899158,2025-09-27T23:50:26.000Z
401760379,4017603792,401760379101925701,2,7,App State,Sun Belt,0,Boise State,Mountain West,7,Boise State,App State,1,"{'minutes': 7, 'seconds': 42}",3,3,45,45,1,10,4,False,Rush,Rashod Dubinion run for 4 yds to the BOIS 41,-0.1162027181056828,2025-09-27T23:51:11.000Z
401760379,4017603792,401760379101929801,2,9,App State,Sun Belt,0,Boise State,Mountain West,7,Boise State,App State,1,"{'minutes': 7, 'seconds': 1}",3,3,46,46,2,11,7,False,Rush,Jaquari Lewis run for 7 yds to the BOIS 39,0.5327783579942622,2025-09-27T23:52:02.000Z
401760379,4017603792,401760379101936301,2,10,App State,Sun Belt,0,Boise State,Mountain West,7,Boise State,App State,1,"{'minutes': 6, 'seconds': 36}",3,3,39,39,3,4,0,False,Pass Incompletion,AJ Swann pass incomplete to Jaden Barnes,-1.0936385382884737,2025-09-27T23:52:41.000Z
401760379,4017603793,401760379101967501,3,7,Boise State,Mountain West,7,App State,Sun Belt,0,Boise State,App State,1,"{'minutes': 3, 'seconds': 24}",3,3,50,50,4,7,0,False,Punt,"Oscar Doyle punt for 41 yds, fair catch by Jaden Barnes at the APP 9",,2025-09-28T00:02:03.000Z
401760379,4017603793,401760379101944401,3,1,Boise State,Mountain West,7,App State,Sun Belt,0,Boise State,App State,1,"{'minutes': 5, 'seconds': 55}",3,3,10,90,1,10,6,False,Rush,Dylan Riley run for 6 yds to the BOIS 16,0.21149361044027692,2025-09-27T23:58:24.000Z
401760379,4017603793,401760379101947501,3,2,Boise State,Mountain West,7,App State,Sun Belt,0,Boise State,App State,1,"{'minutes': 5, 'seconds': 24}",3,3,16,84,2,4,3,False,Rush,Dylan Riley run for 3 yds to the BOIS 19,-0.19190540161241465,2025-09-27T23:58:37.000Z
401760379,4017603793,401760379101955201,3,3,Boise State,Mountain West,7,App State,Sun Belt,0,Boise State,App State,1,"{'minutes': 4, 'seconds': 47}",3,3,19,81,3,1,28,False,Rush,Sire Gaines run for 28 yds to the BOIS 47 for a 1ST down,2.6789566107360345,2025-09-28T00:00:03.000Z
401760379,4017603793,401760379101958401,3,4,Boise State,Mountain West,7,App State,Sun Belt,0,Boise State,App State,1,"{'minutes': 4, 'seconds': 15}",3,3,47,53,1,10,0,False,Pass Incompletion,Maddux Madsen pass incomplete to Latrell Caples,-1.1527089917962545,2025-09-28T00:00:06.000Z
401760379,4017603793,401760379101959201,3,5,Boise State,Mountain West,7,App State,Sun Belt,0,Boise State,App State,1,"{'minutes': 4, 'seconds': 7}",3,3,47,53,2,10,3,False,Rush,Malik Sherrod run for 3 yds to the 50 yard line,-0.3855613765341542,2025-09-28T00:01:11.000Z
401760379,4017603793,401760379101966801,3,6,Boise State,Mountain West,7,App State,Sun Belt,0,Boise State,App State,1,"{'minutes': 3, 'seconds': 31}",3,3,50,50,3,7,0,False,Pass Incompletion,Maddux Madsen pass incomplete to Latrell Caples,-0.8416804570969809,2025-09-28T00:01:52.000Z
401760379,4017603794,401760379101968001,4,1,App State,Sun Belt,0,Boise State,Mountain West,7,Boise State,App State,1,"{'minutes': 3, 'seconds': 19}",3,3,91,91,1,10,0,False,Pass Incompletion,AJ Swann pass incomplete to Dalton Stroman,-0.334056406101074,2025-09-28T00:05:04.000Z
401760379,4017603794,401760379101968501,4,2,App State,Sun Belt,0,Boise State,Mountain West,7,Boise State,App State,1,"{'minutes': 3, 'seconds': 14}",3,3,91,91,2,10,7,False,Pass Reception,AJ Swann pass complete to Izayah Cummings for 7 yds to the APP 16,0.16122729571275674,2025-09-28T00:05:55.000Z
401760379,4017603794,401760379101976101,4,3,App State,Sun Belt,0,Boise State,Mountain West,7,Boise State,App State,1,"{'minutes': 2, 'seconds': 38}",3,3,84,84,3,3,4,False,Pass Reception,AJ Swann pass complete to Izayah Cummings for 4 yds to the APP 20 for a 1ST down,0.6089572708080926,2025-09-28T00:06:34.000Z
401760379,4017603794,401760379101978601,4,4,App State,Sun Belt,0,Boise State,Mountain West,7,Boise State,App State,1,"{'minutes': 2, 'seconds': 13}",3,3,80,80,1,10,2,False,Rush,Rashod Dubinion run for 2 yds to the APP 22,-0.3623882030735057,2025-09-27T23:36:08.000Z
401760379,4017603794,401760379101984401,4,5,App State,Sun Belt,0,Boise State,Mountain West,7,Boise State,App State,1,"{'minutes': 1, 'seconds': 55}",3,3,78,78,2,8,0,False,Pass Incompletion,AJ Swann pass incomplete to Davion Dozier,-0.3680210874717833,2025-09-28T00:07:21.000Z
401760379,4017603794,401760379101985001,4,6,App State,Sun Belt,0,Boise State,Mountain West,14,Boise State,App State,1,"{'minutes': 1, 'seconds': 49}",3,3,78,78,3,8,26,True,Interception Return Touchdown,AJ Swann pass intercepted A'Marion McCoy return for 26 yds for a TD (Colton Boomer KICK),-6.883532913849608,2025-09-28T00:08:58.000Z
401760379,4017603795,401760379101985003,5,1,Boise State,Mountain West,14,App State,Sun Belt,0,Boise State,App State,1,"{'minutes': 1, 'seconds': 49}",3,3,35,65,1,10,0,False,Kickoff,Colton Boomer kickoff for 65 yds for a touchback,,2025-09-28T00:11:42.000Z
401760379,4017603795,401760379101995501,5,5,App State,Sun Belt,0,Boise State,Mountain West,14,Boise State,App State,1,"{'minutes': 0, 'seconds': 44}",3,3,67,67,4,2,0,False,Punt,"Ian Ratliff punt for 40 yds, fair catch by Malik Sherrod at the BOIS 27",,2025-09-28T00:14:08.000Z
401760379,4017603795,401760379101985701,5,2,App State,Sun Belt,0,Boise State,Mountain West,14,Boise State,App State,1,"{'minutes': 1, 'seconds': 42}",3,3,75,75,1,10,4,False,Rush,Rashod Dubinion run for 4 yds to the APP 29,-0.1142886249388964,2025-09-28T00:12:30.000Z
401760379,4017603795,401760379101988301,5,3,App State,Sun Belt,0,Boise State,Mountain West,14,Boise State,App State,1,"{'minutes': 1, 'seconds': 16}",3,3,71,71,2,6,4,False,Rush,Rashod Dubinion run for 4 yds to the APP 33,-0.1052988296867126,2025-09-28T00:12:34.000Z
401760379,4017603795,401760379101994901,5,4,App State,Sun Belt,0,Boise State,Mountain West,14,Boise State,App State,1,"{'minutes': 0, 'seconds': 50}",3,3,67,67,3,2,0,False,Pass Incompletion,AJ Swann pass incomplete to Jaden Barnes,-0.6013143962559822,2025-09-28T00:13:19.000Z
401760379,4017603796,401760379101999901,6,4,Boise State,Mountain West,14,App State,Sun Belt,0,Boise State,App State,1,"{'minutes': 0, 'seconds': 0}",3,3,33,67,4,4,0,False,Punt,"Oscar Doyle punt for 44 yds, fair catch by Jaden Barnes at the APP 23",,2025-09-28T00:16:46.000Z
401760379,4017603796,401760379101999903,6,5,Boise State,Mountain West,14,App State,Sun Belt,0,Boise State,App State,1,"{'minutes': 0, 'seconds': 0}",3,3,33,67,0,4,0,False,End Period,End of 1st Quarter,,2025-09-28T00:17:26.000Z
401760379,4017603796,401760379101995701,6,1,Boise State,Mountain West,14,App State,Sun Belt,0,Boise State,App State,1,"{'minutes': 0, 'seconds': 42}",3,3,27,73,1,10,0,False,Pass Incompletion,Maddux Madsen pass incomplete to Chris Marshall,-0.766047035673644,2025-09-28T00:14:19.000Z
401760379,4017603796,401760379101996501,6,2,Boise State,Mountain West,14,App State,Sun Belt,0,Boise State,App State,1,"{'minutes': 0, 'seconds': 34}",3,3,27,73,2,10,6,False,Pass Reception,Maddux Madsen pass complete to Sire Gaines for 6 yds to the BOIS 33,0.18319163556008974,2025-09-28T00:16:01.000Z
401760379,4017603796,401760379101999701,6,3,Boise State,Mountain West,14,App State,Sun Belt,0,Boise State,App State,1,"{'minutes': 0, 'seconds': 2}",3,3,33,67,3,4,0,False,Pass Incompletion,Maddux Madsen pass incomplete to Ben Ford,-0.4860476194764969,2025-09-28T00:16:06.000Z
401760379,4017603797,401760379102869901,7,4,App State,Sun Belt,0,Boise State,Mountain West,14,Boise State,App State,2,"{'minutes': 13, 'seconds': 0}",3,3,73,73,4,6,0,False,Punt,"Ian Ratliff punt for 53 yds, fair catch by Malik Sherrod at the BOIS 20",,2025-09-28T00:22:10.000Z
401760379,4017603797,401760379102849903,7,1,App State,Sun Belt,0,Boise State,Mountain West,14,Boise State,App State,2,"{'minutes': 15, 'seconds': 0}",3,3,77,77,1,10,-8,False,Sack,AJ Swann sacked by Braxton Fely for a loss of 8 yards to the APP 15,-1.0636546908634523,2025-09-28T00:19:39.000Z
401760379,4017603797,401760379102849904,7,2,App State,Sun Belt,0,Boise State,Mountain West,14,Boise State,App State,2,"{'minutes': 15, 'seconds': 0}",3,3,85,85,2,18,5,False,Pass Reception,AJ Swann pass complete to Jose Leon for 5 yds to the APP 20,0.00879185160849974,2025-09-28T00:21:02.000Z
401760379,4017603797,401760379102849905,7,3,App State,Sun Belt,0,Boise State,Mountain West,14,Boise State,App State,2,"{'minutes': 15, 'seconds': 0}",3,3,80,80,3,13,7,False,Pass Reception,AJ Swann pass complete to Jose Leon for 7 yds to the APP 27,0.0770846713527673,2025-09-28T00:21:02.000Z
401760379,4017603798,401760379102904001,8,6,Boise State,Mountain West,14,App State,Sun Belt,0,Boise State,App State,2,"{'minutes': 9, 'seconds': 59}",3,3,39,61,3,4,5,False,Penalty,"(09:59) PENALTY APP Offside (Littlejohn,Brayshawn) 5 yards from BSU39 to BSU44, 1ST DOWN. NO PLAY.",,2025-09-28T00:25:50.000Z
401760379,4017603798,401760379102875701,8,1,Boise State,Mountain West,14,App State,Sun Belt,0,Boise State,App State,2,"{'minutes': 12, 'seconds': 42}",3,3,20,80,1,10,4,False,Rush,Dylan Riley run for 4 yds to the BOIS 24,-0.0884321258012219,2025-09-28T00:23:04.000Z
401760379,4017603798,401760379102878801,8,2,Boise State,Mountain West,14,App State,Sun Belt,0,Boise State,App State,2,"{'minutes': 12, 'seconds': 11}",3,3,24,76,2,6,4,False,Rush,Dylan Riley run for 4 yds to the BOIS 28,-0.08028538836854975,2025-09-28T00:23:07.000Z
401760379,4017603798,401760379102886301,8,3,Boise State,Mountain West,14,App State,Sun Belt,0,Boise State,App State,2,"{'minutes': 11, 'seconds': 36}",3,3,28,72,3,2,5,False,Rush,Sire Gaines run for 5 yds to the BOIS 33 for a 1ST down,1.1257186406337256,2025-09-28T00:24:10.000Z
401760379,4017603798,401760379102894201,8,4,Boise State,Mountain West,14,App State,Sun Belt,0,Boise State,App State,2,"{'minutes': 10, 'seconds': 57}",3,3,33,67,1,10,5,False,Pass Reception,Maddux Madsen pass complete to Matt Wagner for 5 yds to the BOIS 38,0.1068735075937823,2025-09-28T00:24:58.000Z
401760379,4017603798,401760379102897101,8,5,Boise State,Mountain West,14,App State,Sun Belt,0,Boise State,App State,2,"{'minutes': 10, 'seconds': 28}",3,3,38,62,2,5,1,False,Rush,Malik Sherrod run for 1 yd to the BOIS 39,-0.8308401139162731,2025-09-28T00:25:02.000Z
401760379,4017603798,401760379102907201,8,7,Boise State,Mountain West,14,App State,Sun Belt,0,Boise State,App State,2,"{'minutes': 9, 'seconds': 27}",3,3,44,56,1,10,18,False,Pass Reception,Maddux Madsen pass complete to Ben Ford for 18 yds to the APP 38 for a 1ST down,1.275590132794118,2025-09-28T00:26:44.000Z
401760379,4017603798,401760379102914001,8,8,Boise State,Mountain West,14,App State,Sun Belt,0,Boise State,App State,2,"{'minutes': 8, 'seconds': 59}",3,3,62,38,1,10,3,False,Rush,Malik Sherrod run for 3 yds to the APP 35,-0.247403115532039,2025-09-28T00:26:53.000Z
401760379,4017603798,401760379102918001,8,9,Boise State,Mountain West,14,App State,Sun Belt,0,Boise State,App State,2,"{'minutes': 8, 'seconds': 19}",3,3,65,35,2,7,20,False,Pass Reception,Maddux Madsen pass complete to Chris Marshall for 20 yds to the APP 15 for a 1ST down,0.783796674552144,2025-09-28T00:27:44.000Z
401760379,4017603798,401760379102925901,8,10,Boise State,Mountain West,14,App State,Sun Belt,0,Boise State,App State,2,"{'minutes': 7, 'seconds': 40}",3,3,85,15,1,10,1,False,Rush,Dylan Riley run for 1 yd to the APP 14,-0.25132662671843,2025-09-28T00:28:30.000Z
401760379,4017603798,401760379102929201,8,11,Boise State,Mountain West,21,App State,Sun Belt,0,Boise State,App State,2,"{'minutes': 7, 'seconds': 7}",3,3,86,14,2,9,14,True,Passing Touchdown,Maddux Madsen pass complete to Ben Ford for 14 yds for a TD (Colton Boomer KICK),2.809525716283513,2025-09-28T00:29:18.000Z
401760379,4017603799,401760379102929203,9,1,Boise State,Mountain West,21,App State,Sun Belt,0,Boise State,App State,2,"{'minutes': 7, 'seconds': 7}",3,3,35,65,1,10,0,False,Kickoff,Colton Boomer kickoff for 65 yds for a touchback,,2025-09-28T00:30:56.000Z
401760379,4017603799,401760379102937901,9,3,App State,Sun Belt,0,Boise State,Mountain West,21,Boise State,App State,2,"{'minutes': 6, 'seconds': 20}",3,3,81,81,2,16,-7,False,Penalty,"App State Penalty, Offensive Holding (Yards) declined",,2025-09-28T00:34:09.000Z
401760379,4017603799,401760379102939402,9,4,App State,Sun Belt,0,Boise State,Mountain West,21,Boise State,App State,2,"{'minutes': 6, 'seconds': 5}",3,3,88,88,3,23,15,False,Penalty,"Boise State Penalty, Roughing The Passer (Max Stege) to the APP 37 for a 1ST down",,2025-09-28T00:35:46.000Z
401760379,4017603799,401760379102977901,9,12,App State,Sun Belt,0,Boise State,Mountain West,21,Boise State,App State,2,"{'minutes': 2, 'seconds': 20}",3,3,31,31,2,8,15,False,Penalty,"(02:26) No Huddle-Shotgun Swann,AJ pass incomplete short left to Fowles,William thrown to BSU23 QB hurried by Benefield,Ty PENALTY BSU Face Mask (Stege,Max) 15 yards from BSU31 to BSU16, 1ST DOWN. NO PLAY.",,2025-09-28T00:43:18.000Z
401760379,4017603799,401760379102979901,9,14,App State,Sun Belt,0,Boise State,Mountain West,21,Boise State,App State,2,"{'minutes': 2, 'seconds': 0}",3,2,15,15,2,9,0,False,Timeout,"Timeout Boise State, clock 02:00",,2025-09-28T00:21:02.000Z
401760379,4017603799,401760379102987902,9,17,App State,Sun Belt,0,Boise State,Mountain West,21,Boise State,App State,2,"{'minutes': 1, 'seconds': 20}",3,1,2,2,2,2,0,False,Timeout,"Timeout Boise State, clock 01:20",,2025-09-28T00:49:03.000Z
401760379,4017603799,401760379102987903,9,18,App State,Sun Belt,0,Boise State,Mountain West,21,Boise State,App State,2,"{'minutes': 1, 'seconds': 20}",3,1,2,2,2,2,-5,False,Penalty,"PENALTY APP False Start (Sweatt,Cayden) 5 yards from BSU02 to BSU07. NO PLAY.",,2025-09-28T00:49:03.000Z
401760379,4017603799,401760379102988303,9,20,App State,Sun Belt,0,Boise State,Mountain West,21,Boise State,App State,2,"{'minutes': 1, 'seconds': 16}",3,1,65,65,1,10,60,False,Kickoff,"Cash McVay kickoff for 65 yds for a touchback App State Penalty, Defensive Offside (Jaelin Willis)",,2025-09-28T00:55:10.000Z
401760379,4017603799,401760379102934001,9,2,App State,Sun Belt,0,Boise State,Mountain West,21,Boise State,App State,2,"{'minutes': 6, 'seconds': 59}",3,3,75,75,1,10,-6,False,Sack,AJ Swann sacked by Jayden Virgin-Morgan for a loss of 6 yards to the APP 19,-1.1098077151473014,2025-09-28T00:33:11.000Z
401760379,4017603799,401760379102946003,9,5,App State,Sun Belt,0,Boise State,Mountain West,21,Boise State,App State,2,"{'minutes': 5, 'seconds': 39}",3,3,63,63,1,10,4,False,Rush,Rashod Dubinion run for 4 yds to the APP 41,-0.1644248613169578,2025-09-28T00:38:14.000Z
401760379,4017603799,401760379102947201,9,6,App State,Sun Belt,0,Boise State,Mountain West,21,Boise State,App State,2,"{'minutes': 5, 'seconds': 27}",3,3,59,59,2,6,16,False,Rush,Rashod Dubinion run for 16 yds to the BOIS 43 for a 1ST down,1.862565566963854,2025-09-28T00:39:45.000Z
401760379,4017603799,401760379102954501,9,7,App State,Sun Belt,0,Boise State,Mountain West,21,Boise State,App State,2,"{'minutes': 4, 'seconds': 54}",3,3,43,43,1,10,0,False,Pass Incompletion,AJ Swann pass incomplete to Davion Dozier,-0.9391692565688832,2025-09-28T00:39:47.000Z
401760379,4017603799,401760379102955101,9,8,App State,Sun Belt,0,Boise State,Mountain West,21,Boise State,App State,2,"{'minutes': 4, 'seconds': 48}",3,3,43,43,2,10,5,False,Rush,Jaquari Lewis run for 5 yds to the BOIS 38,0.0703475885513392,2025-09-28T00:40:33.000Z
401760379,4017603799,401760379102959001,9,9,App State,Sun Belt,0,Boise State,Mountain West,21,Boise State,App State,2,"{'minutes': 4, 'seconds': 9}",3,3,38,38,3,5,4,False,Rush,Jaquari Lewis run for 4 yds to the BOIS 34,-0.1534717857623491,2025-09-28T00:41:26.000Z
401760379,4017603799,401760379102966301,9,10,App State,Sun Belt,0,Boise State,Mountain West,21,Boise State,App State,2,"{'minutes': 3, 'seconds': 36}",3,3,34,34,4,1,1,False,Rush,Rashod Dubinion run for 1 yd to the BOIS 33 for a 1ST down,1.4715887682087594,2025-09-28T00:41:41.000Z
401760379,4017603799,401760379102974701,9,11,App State,Sun Belt,0,Boise State,Mountain West,21,Boise State,App State,2,"{'minutes': 2, 'seconds': 52}",3,3,33,33,1,10,2,False,Rush,Rashod Dubinion run for 2 yds to the BOIS 31,-0.3377843039747627,2025-09-28T00:42:35.000Z
401760379,4017603799,401760379102978501,9,13,App State,Sun Belt,0,Boise State,Mountain West,21,Boise State,App State,2,"{'minutes': 2, 'seconds': 14}",3,3,16,16,1,10,1,False,Rush,Jaquari Lewis run for 1 yd to the BOIS 15,-0.2578378787201336,2025-09-28T00:44:59.000Z
401760379,4017603799,401760379102985101,9,15,App State,Sun Belt,0,Boise State,Mountain West,21,Boise State,App State,2,"{'minutes': 1, 'seconds': 48}",3,2,15,15,2,9,9,False,Pass Reception,AJ Swann pass complete to Izayah Cummings for 9 yds to the BOIS 6 for a 1ST down,0.774070828947231,2025-09-28T00:48:15.000Z
401760379,4017603799,401760379102987901,9,16,App State,Sun Belt,0,Boise State,Mountain West,21,Boise State,App State,2,"{'minutes': 1, 'seconds': 20}",3,2,6,6,1,6,4,False,Rush,Rashod Dubinion run for 4 yds to the BOIS 2,-0.015446754256946,2025-09-28T00:49:03.000Z
401760379,4017603799,401760379102988301,9,19,App State,Sun Belt,7,Boise State,Mountain West,21,Boise State,App State,2,"{'minutes': 1, 'seconds': 16}",3,1,7,7,2,7,7,True,Passing Touchdown,AJ Swann pass complete to Dalton Stroman for 7 yds for a TD (Dominic De Freitas KICK),2.607148468017737,2025-09-28T00:50:35.000Z
401760379,40176037910,401760379102994502,10,2,Boise State,Mountain West,21,App State,Sun Belt,7,Boise State,App State,2,"{'minutes': 0, 'seconds': 54}",1,3,35,65,2,5,15,False,Penalty,"(00:54) No Huddle-Shotgun Madsen,Maddux pass incomplete deep right to Marshall,Chris thrown to APP37 broken up by Floyd,Emory PENALTY APP Pass Interference 15 yards from BSU35 to BSU50, 1ST DOWN. NO PLAY.",,2025-09-28T00:55:16.000Z
401760379,40176037910,401760379102998901,10,9,Boise State,Mountain West,21,App State,Sun Belt,7,Boise State,App State,2,"{'minutes': 0, 'seconds': 10}",1,2,92,8,4,8,0,False,Timeout,"Timeout App State, clock 00:10",,2025-09-28T00:21:02.000Z
401760379,40176037910,401760379102999401,10,11,Boise State,Mountain West,24,App State,Sun Belt,7,Boise State,App State,2,"{'minutes': 0, 'seconds': 5}",1,2,92,8,4,8,25,True,Field Goal Good,Colton Boomer 25 yd FG GOOD,,2025-09-28T01:03:14.000Z
401760379,40176037910,401760379102989901,10,1,Boise State,Mountain West,21,App State,Sun Belt,7,Boise State,App State,2,"{'minutes': 1, 'seconds': 0}",1,3,30,70,1,10,5,False,Rush,Dylan Riley run for 5 yds to the BOIS 35,0.1029188553265588,2025-09-28T00:55:12.000Z
401760379,40176037910,401760379102995101,10,3,Boise State,Mountain West,21,App State,Sun Belt,7,Boise State,App State,2,"{'minutes': 0, 'seconds': 48}",1,3,50,50,1,10,26,False,Pass Reception,Maddux Madsen pass complete to Chris Marshall for 26 yds to the APP 24 for a 1ST down,1.159973983514398,2025-09-28T00:57:00.000Z
401760379,40176037910,401760379102996001,10,4,Boise State,Mountain West,21,App State,Sun Belt,7,Boise State,App State,2,"{'minutes': 0, 'seconds': 39}",1,3,76,24,1,10,0,False,Pass Incompletion,Maddux Madsen pass incomplete to Matt Lauter,-0.4346450377339437,2025-09-28T00:57:04.000Z
401760379,40176037910,401760379102996201,10,5,Boise State,Mountain West,21,App State,Sun Belt,7,Boise State,App State,2,"{'minutes': 0, 'seconds': 37}",1,3,76,24,2,10,6,False,Pass Reception,Maddux Madsen pass complete to Chris Marshall for 6 yds to the APP 18,0.1515767532271057,2025-09-28T00:57:57.000Z
401760379,40176037910,401760379102996801,10,6,Boise State,Mountain West,21,App State,Sun Belt,7,Boise State,App State,2,"{'minutes': 0, 'seconds': 31}",1,3,82,18,3,4,13,False,Pass Reception,Maddux Madsen pass complete to Ben Ford for 13 yds to the APP 5 for a 1ST down,1.080725392554939,2025-09-28T00:58:47.000Z
401760379,40176037910,401760379102997901,10,7,Boise State,Mountain West,21,App State,Sun Belt,7,Boise State,App State,2,"{'minutes': 0, 'seconds': 20}",1,3,95,5,1,5,-15,False,Fumble Recovery (Own),"Maddux Madsen sacked by Kevin Abrams-Verwayne for a loss of 15 yards to the APP 20 Maddux Madsen fumbled, recovered by BOIS Maddux Madsen , return for 0 yards",-1.687887204747481,2025-09-28T00:59:41.000Z
401760379,40176037910,401760379102998701,10,8,Boise State,Mountain West,21,App State,Sun Belt,7,Boise State,App State,2,"{'minutes': 0, 'seconds': 12}",1,3,80,20,2,20,12,False,Pass Reception,Maddux Madsen pass complete to Matt Lauter for 12 yds to the APP 8,0.6255818611151,2025-09-28T01:00:32.000Z
401760379,40176037910,401760379102999101,10,10,Boise State,Mountain West,21,App State,Sun Belt,7,Boise State,App State,2,"{'minutes': 0, 'seconds': 8}",1,2,92,8,3,8,0,False,Pass Incompletion,Maddux Madsen pass incomplete to Chris Marshall,-0.354205173792517,2025-09-28T01:01:21.000Z
401760379,40176037911,401760379102999402,11,1,Boise State,Mountain West,24,App State,Sun Belt,7,Boise State,App State,2,"{'minutes': 0, 'seconds': 5}",1,2,35,65,1,10,0,False,Kickoff,Colton Boomer kickoff for 65 yds for a touchback,,2025-09-28T01:03:14.000Z
401760379,40176037911,401760379102999901,11,2,App State,Sun Belt,7,Boise State,Mountain West,24,Boise State,App State,2,"{'minutes': 0, 'seconds': 0}",2,1,75,75,1,10,7,False,Penalty,"App State Penalty, Offensive Holding (Yards) declined",,2025-09-28T01:05:41.000Z
401760379,40176037911,401760379102999902,11,3,App State,Sun Belt,7,Boise State,Mountain West,24,Boise State,App State,2,"{'minutes': 0, 'seconds': 0}",2,1,75,75,0,10,7,False,End of Half,End of 2nd Quarter,,2025-09-28T01:05:41.000Z
401760379,40176037912,401760379103849903,12,1,Boise State,Mountain West,24,App State,Sun Belt,7,Boise State,App State,3,"{'minutes': 15, 'seconds': 0}",3,3,35,65,1,10,0,False,Kickoff,Colton Boomer kickoff for 65 yds for a touchback,,2025-09-27T00:00:00.000Z
401760379,40176037912,401760379103858301,12,5,App State,Sun Belt,7,Boise State,Mountain West,24,Boise State,App State,3,"{'minutes': 14, 'seconds': 16}",3,3,70,70,4,5,0,False,Punt,"Ian Ratliff punt for 46 yds, fair catch by Malik Sherrod at the BOIS 24",,2025-09-28T01:29:07.000Z
401760379,40176037912,401760379103849905,12,2,App State,Sun Belt,7,Boise State,Mountain West,24,Boise State,App State,3,"{'minutes': 15, 'seconds': 0}",3,3,75,75,1,10,5,False,Rush,Rashod Dubinion run for 5 yds to the APP 30,0.0945451165334843,2025-09-27T00:00:00.000Z
401760379,40176037912,401760379103849906,12,3,App State,Sun Belt,7,Boise State,Mountain West,24,Boise State,App State,3,"{'minutes': 15, 'seconds': 0}",3,3,70,70,2,5,0,False,Pass Incompletion,AJ Swann pass incomplete to Izayah Cummings,-0.7537324720659102,2025-09-27T00:00:00.000Z
401760379,40176037912,401760379103849907,12,4,App State,Sun Belt,7,Boise State,Mountain West,24,Boise State,App State,3,"{'minutes': 15, 'seconds': 0}",3,3,70,70,3,5,0,False,Pass Incompletion,AJ Swann pass incomplete to Davion Dozier,-0.3716239049161505,2025-09-27T00:00:00.000Z
401760379,40176037913,401760379103887301,13,7,Boise State,Mountain West,24,App State,Sun Belt,7,Boise State,App State,3,"{'minutes': 11, 'seconds': 26}",3,3,45,55,4,6,45,False,Punt,"Oscar Doyle punt for 42 yds , Juan Berchal returns for 45 yds to the BOIS 42",,2025-09-28T01:35:53.000Z
401760379,40176037913,401760379103858303,13,1,Boise State,Mountain West,24,App State,Sun Belt,7,Boise State,App State,3,"{'minutes': 14, 'seconds': 16}",3,3,24,76,1,10,2,False,Rush,Malik Sherrod run for 2 yds to the BOIS 26,-0.43374920863139543,2025-09-28T01:29:07.000Z
401760379,40176037913,401760379103858304,13,2,Boise State,Mountain West,24,App State,Sun Belt,7,Boise State,App State,3,"{'minutes': 14, 'seconds': 16}",3,3,26,74,2,8,0,False,Pass Incompletion,Maddux Madsen pass incomplete to Latrell Caples,-0.45441051725962467,2025-09-28T01:29:07.000Z
401760379,40176037913,401760379103858305,13,3,Boise State,Mountain West,24,App State,Sun Belt,7,Boise State,App State,3,"{'minutes': 14, 'seconds': 16}",3,3,26,74,3,8,15,False,Pass Reception,Maddux Madsen pass complete to Matt Wagner for 15 yds to the BOIS 41 for a 1ST down,2.3747657195083836,2025-09-28T01:29:07.000Z
401760379,40176037913,401760379103858306,13,4,Boise State,Mountain West,24,App State,Sun Belt,7,Boise State,App State,3,"{'minutes': 14, 'seconds': 16}",3,3,41,59,1,10,-1,False,Rush,Dylan Riley run for a loss of 1 yard to the BOIS 40,-1.339680578309613,2025-09-28T01:29:07.000Z
401760379,40176037913,401760379103858307,13,5,Boise State,Mountain West,24,App State,Sun Belt,7,Boise State,App State,3,"{'minutes': 14, 'seconds': 16}",3,3,40,60,2,11,5,False,Rush,Dylan Riley run for 5 yds to the BOIS 45,0.0597558626935956,2025-09-28T01:29:07.000Z
401760379,40176037913,401760379103858308,13,6,Boise State,Mountain West,24,App State,Sun Belt,7,Boise State,App State,3,"{'minutes': 14, 'seconds': 16}",3,3,45,55,3,6,0,False,Pass Incompletion,Maddux Madsen pass incomplete to Chris Marshall,-0.7351396050304411,2025-09-28T01:33:56.000Z
401760379,40176037914,401760379103895903,14,4,App State,Sun Belt,7,Boise State,Mountain West,24,Boise State,App State,3,"{'minutes': 10, 'seconds': 40}",3,3,65,65,1,10,-15,False,Penalty,"PENALTY APP UNS: Unsportsmanlike Conduct (Swann,AJ) 15 yards from APP35 to APP20. NO PLAY.",,2025-09-28T01:40:10.000Z
401760379,40176037914,401760379103888101,14,1,App State,Sun Belt,7,Boise State,Mountain West,24,Boise State,App State,3,"{'minutes': 11, 'seconds': 18}",3,3,42,42,1,10,0,False,Pass Incompletion,AJ Swann pass incomplete to William Fowles,-0.908489395271188,2025-09-28T01:37:26.000Z
401760379,40176037914,401760379103888701,14,2,App State,Sun Belt,7,Boise State,Mountain West,24,Boise State,App State,3,"{'minutes': 11, 'seconds': 12}",3,3,42,42,2,10,39,False,Rush,Rashod Dubinion run for 39 yds to the BOIS 3 for a 1ST down,2.738973134111975,2025-09-28T01:38:19.000Z
401760379,40176037914,401760379103895901,14,3,App State,Sun Belt,14,Boise State,Mountain West,24,Boise State,App State,3,"{'minutes': 10, 'seconds': 40}",3,3,3,3,1,3,3,True,Rushing Touchdown,Jaquari Lewis run for 3 yds for a TD (Dominic De Freitas KICK),1.464451732731337,2025-09-28T01:39:13.000Z
401760379,40176037915,401760379103944001,15,12,Boise State,Mountain West,27,App State,Sun Belt,14,Boise State,App State,3,"{'minutes': 5, 'seconds': 59}",3,3,78,22,4,7,40,True,Field Goal Good,Colton Boomer 40 yd FG GOOD,,2025-09-28T01:51:43.000Z
401760379,40176037915,401760379103896501,15,1,App State,Sun Belt,14,Boise State,Mountain West,24,Boise State,App State,3,"{'minutes': 10, 'seconds': 34}",3,3,80,80,1,10,10,False,Kickoff Return (Offense),"Cash McVay kickoff for 73 yds , Malik Sherrod return for 10 yds to the BOIS 20",,2025-09-28T01:44:38.000Z
401760379,40176037915,401760379103897501,15,2,Boise State,Mountain West,24,App State,Sun Belt,14,Boise State,App State,3,"{'minutes': 10, 'seconds': 24}",3,3,20,80,1,10,4,False,Rush,Sire Gaines run for 4 yds to the BOIS 24,-0.0884321258012219,2025-09-28T01:44:44.000Z
401760379,40176037915,401760379103904601,15,3,Boise State,Mountain West,24,App State,Sun Belt,14,Boise State,App State,3,"{'minutes': 9, 'seconds': 53}",3,3,24,76,2,6,15,False,Rush,Sire Gaines run for 15 yds to the BOIS 39 for a 1ST down,1.6194738849414587,2025-09-28T01:45:30.000Z
401760379,40176037915,401760379103907101,15,4,Boise State,Mountain West,24,App State,Sun Belt,14,Boise State,App State,3,"{'minutes': 9, 'seconds': 28}",3,3,39,61,1,10,0,False,Pass Incompletion,Maddux Madsen pass incomplete,-1.1077677360468863,2025-09-28T01:45:36.000Z
401760379,40176037915,401760379103908301,15,5,Boise State,Mountain West,24,App State,Sun Belt,14,Boise State,App State,3,"{'minutes': 9, 'seconds': 16}",3,3,39,61,2,10,15,False,Pass Reception,Maddux Madsen pass complete to Latrell Caples for 15 yds to the APP 46 for a 1ST down,2.419496364377288,2025-09-28T01:46:34.000Z
401760379,40176037915,401760379103915501,15,6,Boise State,Mountain West,24,App State,Sun Belt,14,Boise State,App State,3,"{'minutes': 8, 'seconds': 44}",3,3,54,46,1,10,1,False,Rush,Maddux Madsen run for 1 yd to the APP 45,-0.7942209074247197,2025-09-28T01:47:24.000Z
401760379,40176037915,401760379103918601,15,7,Boise State,Mountain West,24,App State,Sun Belt,14,Boise State,App State,3,"{'minutes': 8, 'seconds': 13}",3,3,55,45,2,9,0,False,Pass Incompletion,Maddux Madsen pass incomplete to Ben Ford,-1.082436343843854,2025-09-28T01:47:28.000Z
401760379,40176037915,401760379103919401,15,8,Boise State,Mountain West,24,App State,Sun Belt,14,Boise State,App State,3,"{'minutes': 8, 'seconds': 5}",3,3,55,45,3,9,20,False,Pass Reception,Maddux Madsen pass complete to Matt Lauter for 20 yds to the APP 25 for a 1ST down,2.7198602971369805,2025-09-28T01:49:02.000Z
401760379,40176037915,401760379103927301,15,9,Boise State,Mountain West,24,App State,Sun Belt,14,Boise State,App State,3,"{'minutes': 7, 'seconds': 26}",3,3,75,25,1,10,-1,False,Rush,Malik Sherrod run for a loss of 1 yard to the APP 26,-0.5636556424854965,2025-09-28T01:49:51.000Z
401760379,40176037915,401760379103935801,15,10,Boise State,Mountain West,24,App State,Sun Belt,14,Boise State,App State,3,"{'minutes': 6, 'seconds': 41}",3,3,74,26,2,11,4,False,Pass Reception,Maddux Madsen pass complete to Malik Sherrod for 4 yds to the APP 22,-0.0770436874072474,2025-09-28T01:49:57.000Z
401760379,40176037915,401760379103939501,15,11,Boise State,Mountain West,24,App State,Sun Belt,14,Boise State,App State,3,"{'minutes': 6, 'seconds': 4}",3,3,78,22,3,7,0,False,Pass Incompletion,Maddux Madsen pass incomplete to Matt Lauter,-0.7134165372465588,2025-09-28T01:50:44.000Z
401760379,40176037916,401760379103944501,16,1,Boise State,Mountain West,27,App State,Sun Belt,14,Boise State,App State,3,"{'minutes': 5, 'seconds': 54}",3,3,35,65,1,10,12,False,Kickoff Return (Offense),"Colton Boomer kickoff for 61 yds , Khamani Alexander return for 12 yds to the APP 16",,2025-09-28T01:54:52.000Z
401760379,40176037916,401760379103956801,16,5,App State,Sun Belt,14,Boise State,Mountain West,27,Boise State,App State,3,"{'minutes': 4, 'seconds': 31}",3,3,83,83,4,9,0,False,Punt,"Ian Ratliff punt for 41 yds, fair catch by Malik Sherrod at the BOIS 42",,2025-09-28T01:58:07.000Z
401760379,40176037916,401760379103956001,16,4,App State,Sun Belt,14,Boise State,Mountain West,27,Boise State,App State,3,"{'minutes': 4, 'seconds': 39}",3,3,83,83,3,9,0,False,Pass Incompletion,AJ Swann pass incomplete,-0.1096970719214587,2025-09-28T01:56:53.000Z
401760379,40176037916,401760379103944901,16,2,App State,Sun Belt,14,Boise State,Mountain West,27,Boise State,App State,3,"{'minutes': 5, 'seconds': 50}",3,3,84,84,1,10,1,False,Rush,Rashod Dubinion run for 1 yd to the APP 17,-0.3882045720730636,2025-09-28T01:55:53.000Z
401760379,40176037916,401760379103949501,16,3,App State,Sun Belt,14,Boise State,Mountain West,27,Boise State,App State,3,"{'minutes': 5, 'seconds': 4}",3,3,83,83,2,9,0,False,Pass Reception,AJ Swann pass complete to Jose Leon for no gain to the APP 17,-0.2498430998379,2025-09-28T01:56:42.000Z
401760379,40176037917,401760379103957501,17,1,Boise State,Mountain West,27,App State,Sun Belt,14,Boise State,App State,3,"{'minutes': 4, 'seconds': 24}",3,3,42,58,1,10,13,False,Pass Reception,Maddux Madsen pass complete to Matt Lauter for 13 yds to the APP 45 for a 1ST down,1.0851891269722476,2025-09-28T02:01:02.000Z
401760379,40176037917,401760379103959802,17,2,Boise State,Mountain West,27,App State,Sun Belt,14,Boise State,App State,3,"{'minutes': 4, 'seconds': 1}",3,3,55,45,1,10,-5,False,Rush,"Sire Gaines run for 5 yds to the APP 40 Boise State Penalty, Offensive Holding (Matt Lauter) to the 50 yard line",-2.1179584248948107,2025-09-28T02:03:05.000Z
401760379,40176037917,401760379103966401,17,3,Boise State,Mountain West,27,App State,Sun Belt,14,Boise State,App State,3,"{'minutes': 3, 'seconds': 35}",3,3,50,50,1,15,9,False,Pass Reception,Maddux Madsen pass complete to Latrell Caples for 9 yds to the APP 41,0.9488408361708256,2025-09-28T02:03:57.000Z
401760379,40176037917,401760379103967801,17,4,Boise State,Mountain West,27,App State,Sun Belt,14,Boise State,App State,3,"{'minutes': 3, 'seconds': 21}",3,3,59,41,2,6,2,False,Rush,Sire Gaines run for 2 yds to the APP 39,-0.5780286279601315,2025-09-28T02:04:01.000Z
401760379,40176037917,401760379103977101,17,5,Boise State,Mountain West,27,App State,Sun Belt,14,Boise State,App State,3,"{'minutes': 2, 'seconds': 28}",3,3,61,39,3,4,-1,False,Pass Reception,Maddux Madsen pass complete to Sire Gaines for a loss of 1 yard to the APP 40,-1.3151870036125288,2025-09-28T02:04:58.000Z
401760379,40176037917,401760379103984601,17,6,Boise State,Mountain West,27,App State,Sun Belt,14,Boise State,App State,3,"{'minutes': 1, 'seconds': 53}",3,3,60,40,4,5,11,False,Pass Reception,Maddux Madsen pass complete to Malik Sherrod for 11 yds to the APP 29 for a 1ST down,2.697631250147299,2025-09-28T02:05:10.000Z
401760379,40176037917,401760379103987501,17,7,Boise State,Mountain West,33,App State,Sun Belt,14,Boise State,App State,3,"{'minutes': 1, 'seconds': 24}",3,3,71,29,1,10,29,True,Passing Touchdown,Maddux Madsen pass complete to Quinton Brown for 29 yds for a TD (Two-Point Conversion failed),2.788301184598112,2025-09-28T02:06:10.000Z
401760379,40176037918,401760379103999902,18,6,App State,Sun Belt,14,Boise State,Mountain West,33,Boise State,App State,3,"{'minutes': 0, 'seconds': 0}",3,3,81,81,0,14,0,False,End Period,End of 3rd Quarter,,2025-09-28T02:17:58.000Z
401760379,40176037918,401760379103988101,18,1,Boise State,Mountain West,33,App State,Sun Belt,14,Boise State,App State,3,"{'minutes': 1, 'seconds': 18}",3,3,35,65,1,10,20,False,Kickoff Return (Offense),"Jarrett Reeser kickoff for 62 yds , Khamani Alexander return for 20 yds to the APP 23",,2025-09-28T02:09:20.000Z
401760379,40176037918,401760379103997201,18,4,App State,Sun Belt,14,Boise State,Mountain West,33,Boise State,App State,3,"{'minutes': 0, 'seconds': 27}",3,3,76,76,3,9,-5,False,Penalty,(00:29) PENALTY APP Delay Of Game 5 yards from APP24 to APP19. NO PLAY.,,2025-09-28T02:17:42.000Z
401760379,40176037918,401760379104854501,18,7,App State,Sun Belt,14,Boise State,Mountain West,33,Boise State,App State,4,"{'minutes': 14, 'seconds': 54}",3,3,81,81,4,14,0,False,Punt,"Ian Ratliff punt for 50 yds, fair catch by Malik Sherrod at the BOIS 31",,2025-09-28T02:22:27.000Z
401760379,40176037918,401760379103988401,18,2,App State,Sun Belt,14,Boise State,Mountain West,33,Boise State,App State,3,"{'minutes': 1, 'seconds': 15}",3,3,77,77,1,10,0,False,Pass Incompletion,AJ Swann pass incomplete,-0.6425305871127751,2025-09-28T02:16:39.000Z
401760379,40176037918,401760379103989301,18,3,App State,Sun Belt,14,Boise State,Mountain West,33,Boise State,App State,3,"{'minutes': 1, 'seconds': 6}",3,3,77,77,2,10,1,False,Pass Reception,AJ Swann pass complete to David Larkins for 1 yd to the APP 24,-0.2612558105223357,2025-09-28T02:16:45.000Z
401760379,40176037918,401760379103999901,18,5,App State,Sun Belt,14,Boise State,Mountain West,33,Boise State,App State,3,"{'minutes': 0, 'seconds': 0}",3,3,81,81,3,14,0,False,Pass Incompletion,AJ Swann pass incomplete,-0.0686304859562741,2025-09-28T02:17:58.000Z
401760379,40176037919,401760379104855001,19,1,Boise State,Mountain West,33,App State,Sun Belt,14,Boise State,App State,4,"{'minutes': 14, 'seconds': 49}",3,3,31,69,1,10,9,False,Rush,Malik Sherrod run for 9 yds to the BOIS 40,1.3649000856171405,2025-09-28T02:23:20.000Z
401760379,40176037919,401760379104858601,19,2,Boise State,Mountain West,33,App State,Sun Belt,14,Boise State,App State,4,"{'minutes': 14, 'seconds': 13}",3,3,40,60,2,1,8,False,Rush,Malik Sherrod run for 8 yds to the BOIS 48 for a 1ST down,0.2343366307874783,2025-09-28T02:23:24.000Z
401760379,40176037919,401760379104859801,19,3,Boise State,Mountain West,33,App State,Sun Belt,14,Boise State,App State,4,"{'minutes': 14, 'seconds': 1}",3,3,48,52,1,10,2,False,Rush,Malik Sherrod run for 2 yds to the 50 yard line,-0.6553095017301357,2025-09-28T02:27:27.000Z
401760379,40176037919,401760379104867601,19,4,Boise State,Mountain West,33,App State,Sun Belt,14,Boise State,App State,4,"{'minutes': 13, 'seconds': 23}",3,3,50,50,2,8,-1,False,Rush,Dylan Riley run for a loss of 1 yard to the BOIS 49,-1.2907012381714136,2025-09-28T02:28:14.000Z
401760379,40176037919,401760379104876601,19,5,Boise State,Mountain West,33,App State,Sun Belt,14,Boise State,App State,4,"{'minutes': 12, 'seconds': 33}",3,3,49,51,3,9,11,False,Pass Reception,Maddux Madsen pass complete to Cameron Bates for 11 yds to the APP 40 for a 1ST down,2.7650158846746393,2025-09-28T02:29:13.000Z
401760379,40176037919,401760379104884901,19,6,Boise State,Mountain West,33,App State,Sun Belt,14,Boise State,App State,4,"{'minutes': 11, 'seconds': 50}",3,3,60,40,1,10,9,False,Pass Reception,Maddux Madsen pass complete to Matt Wagner for 9 yds to the APP 31,0.839961749584607,2025-09-28T02:29:18.000Z
401760379,40176037919,401760379104887301,19,7,Boise State,Mountain West,33,App State,Sun Belt,14,Boise State,App State,4,"{'minutes': 11, 'seconds': 26}",3,3,69,31,2,1,-3,False,Rush,Sire Gaines run for a loss of 3 yards to the APP 34,-1.4162555492624258,2025-09-28T02:30:13.000Z
401760379,40176037920,401760379104895203,20,1,Boise State,Mountain West,47,App State,Sun Belt,14,Boise State,App State,4,"{'minutes': 10, 'seconds': 47}",3,3,35,65,1,10,0,False,Kickoff,Colton Boomer kickoff for 65 yds for a touchback,,2025-09-28T02:34:01.000Z
401760379,40176037920,401760379104895701,20,2,App State,Sun Belt,14,Boise State,Mountain West,47,Boise State,App State,4,"{'minutes': 10, 'seconds': 42}",3,3,75,75,1,10,4,False,Rush,Rashod Dubinion run for 4 yds to the APP 29,-0.1142886249388964,2025-09-28T02:34:55.000Z
401760379,40176037920,401760379104897801,20,3,App State,Sun Belt,14,Boise State,Mountain West,47,Boise State,App State,4,"{'minutes': 10, 'seconds': 21}",3,3,71,71,2,6,33,True,Interception Return Touchdown,Boen Phelps 33 Yd Interception Return (Colton Boomer Kick),-7.807956255339782,2025-09-28T02:36:43.000Z
401760379,40176037921,401760379104897803,21,1,Boise State,Mountain West,47,App State,Sun Belt,14,Boise State,App State,4,"{'minutes': 10, 'seconds': 21}",3,3,35,65,1,10,0,False,Kickoff,Colton Boomer kickoff for 65 yds for a touchback,,2025-09-28T02:36:43.000Z
401760379,40176037921,401760379104897901,21,2,App State,Sun Belt,14,Boise State,Mountain West,47,Boise State,App State,4,"{'minutes': 10, 'seconds': 20}",3,3,75,75,1,10,-5,False,Penalty,PENALTY APP Delay Of Game 5 yards from APP25 to APP20. NO PLAY.,,2025-09-28T02:22:27.000Z
401760379,40176037921,401760379104906801,21,6,App State,Sun Belt,14,Boise State,Mountain West,47,Boise State,App State,4,"{'minutes': 9, 'seconds': 31}",3,3,79,79,4,14,0,False,Punt,"Ian Ratliff punt for 48 yds , Malik Sherrod returns for no gain to the BOIS 31",,2025-09-28T02:41:19.000Z
401760379,40176037921,401760379104898401,21,3,App State,Sun Belt,14,Boise State,Mountain West,47,Boise State,App State,4,"{'minutes': 10, 'seconds': 15}",3,3,80,80,1,15,1,False,Rush,Jaquari Lewis run for 1 yd to the APP 21,-0.2749427738489141,2025-09-28T02:22:27.000Z
401760379,40176037921,401760379104905701,21,4,App State,Sun Belt,14,Boise State,Mountain West,47,Boise State,App State,4,"{'minutes': 9, 'seconds': 42}",3,3,79,79,2,14,0,False,Pass Incompletion,Noah Gillon pass incomplete to Jaden Barnes,-0.17708879313121795,2025-09-28T02:22:27.000Z
401760379,40176037921,401760379104906001,21,5,App State,Sun Belt,14,Boise State,Mountain West,47,Boise State,App State,4,"{'minutes': 9, 'seconds': 39}",3,3,79,79,3,14,0,False,Pass Incompletion,Noah Gillon pass incomplete to Jaquari Lewis,-0.07856677894290696,2025-09-28T02:22:27.000Z
401760379,40176037922,401760379104915201,22,2,Boise State,Mountain West,47,App State,Sun Belt,14,Boise State,App State,4,"{'minutes': 8, 'seconds': 47}",3,3,29,71,2,12,15,False,Penalty,"App State Penalty, UNR: Unnecessary Roughness (Jordan Favors) to the BOIS 47 for a 1ST down",,2025-09-28T02:43:24.000Z
401760379,40176037922,401760379104934501,22,6,Boise State,Mountain West,47,App State,Sun Belt,14,Boise State,App State,4,"{'minutes': 6, 'seconds': 54}",3,3,49,51,4,8,0,False,Punt,"Oscar Doyle punt for 37 yds, fair catch by Jaden Barnes at the APP 14",,2025-09-28T02:46:13.000Z
401760379,40176037922,401760379104907401,22,1,Boise State,Mountain West,47,App State,Sun Belt,14,Boise State,App State,4,"{'minutes': 9, 'seconds': 25}",3,3,31,69,1,10,-2,False,Rush,Sire Gaines run for a loss of 2 yards to the BOIS 29,-1.1443707554732638,2025-09-28T02:42:15.000Z
401760379,40176037922,401760379104917801,22,3,Boise State,Mountain West,47,App State,Sun Belt,14,Boise State,App State,4,"{'minutes': 8, 'seconds': 21}",3,3,47,53,1,10,-2,False,Rush,Dylan Riley run for a loss of 2 yards to the BOIS 45,-1.598627696551306,2025-09-28T02:44:17.000Z
401760379,40176037922,401760379104925601,22,4,Boise State,Mountain West,47,App State,Sun Belt,14,Boise State,App State,4,"{'minutes': 7, 'seconds': 43}",3,3,45,55,2,12,4,False,Rush,Dylan Riley run for 4 yds to the BOIS 49,-0.1480706588619913,2025-09-28T02:44:22.000Z
401760379,40176037922,401760379104934001,22,5,Boise State,Mountain West,47,App State,Sun Belt,14,Boise State,App State,4,"{'minutes': 6, 'seconds': 59}",3,3,49,51,3,8,0,False,Pass Incompletion,Max Cutforth pass incomplete to Demetric Whitlock Jr.,-0.7635961392334023,2025-09-28T02:45:16.000Z
401760379,40176037923,401760379104935401,23,1,App State,Sun Belt,14,Boise State,Mountain West,47,Boise State,App State,4,"{'minutes': 6, 'seconds': 45}",3,3,86,86,1,10,1,False,Pass Reception,Billy Wiles pass complete to Jaquari Lewis for 1 yd to the APP 15,-0.35325258158203354,2025-09-28T02:49:06.000Z
401760379,40176037923,401760379104938001,23,2,App State,Sun Belt,14,Boise State,Mountain West,47,Boise State,App State,4,"{'minutes': 6, 'seconds': 19}",3,3,85,85,2,9,-5,False,Fumble Recovery (Own),"Billy Wiles sacked by Malakai Williams for a loss of 5 yards to the APP 20 Billy Wiles fumbled, recovered by BOIS Mana Tuioti , return for 0 yards",-0.32902587493843427,2025-09-28T02:50:05.000Z
401760379,40176037924,401760379104938401,24,1,Boise State,Mountain West,47,App State,Sun Belt,14,Boise State,App State,4,"{'minutes': 6, 'seconds': 15}",3,3,80,20,1,10,2,False,Rush,Dylan Riley run for 2 yds to the APP 18,-0.205294804469698,2025-09-28T02:50:58.000Z
401760379,40176037924,401760379104946201,24,2,Boise State,Mountain West,47,App State,Sun Belt,14,Boise State,App State,4,"{'minutes': 5, 'seconds': 37}",3,3,82,18,2,8,6,False,Rush,Dylan Riley run for 6 yds to the APP 12,0.150336485423885,2025-09-28T02:51:52.000Z
401760379,40176037924,401760379104954401,24,3,Boise State,Mountain West,47,App State,Sun Belt,14,Boise State,App State,4,"{'minutes': 4, 'seconds': 55}",3,3,88,12,3,2,1,False,Rush,Dylan Riley run for 1 yd to the APP 11,-0.3250373919040895,2025-09-28T02:51:57.000Z
401760379,40176037924,401760379104958901,24,4,Boise State,Mountain West,47,App State,Sun Belt,14,Boise State,App State,4,"{'minutes': 4, 'seconds': 10}",3,3,89,11,4,1,-9,False,Sack,Max Cutforth sacked by Joseph Bakhole for a loss of 9 yards to the APP 20,-4.0020765600183985,2025-09-28T02:52:53.000Z
401760379,40176037925,401760379104959901,25,1,App State,Sun Belt,14,Boise State,Mountain West,47,Boise State,App State,4,"{'minutes': 4, 'seconds': 0}",3,3,80,80,1,10,-1,False,Sack,Billy Wiles sacked by Sterling Lane II for a loss of 1 yard to the APP 19,-0.6343354265717327,2025-09-28T02:53:46.000Z
401760379,40176037925,401760379104966001,25,2,App State,Sun Belt,14,Boise State,Mountain West,47,Boise State,App State,4,"{'minutes': 3, 'seconds': 39}",3,3,81,81,2,11,2,False,Rush,Jaquari Lewis run for 2 yds to the APP 21,-0.1445850941829585,2025-09-28T02:54:39.000Z
401760379,40176037925,401760379104969501,25,3,App State,Sun Belt,14,Boise State,Mountain West,47,Boise State,App State,4,"{'minutes': 3, 'seconds': 4}",3,3,79,79,3,9,-2,False,Pass Interception Return,Billy Wiles pass intercepted Sherrod Smith return for a loss of 2 yards to the APP 45,0.164978316359794,2025-09-28T02:54:44.000Z
401760379,40176037926,401760379104969503,26,1,Boise State,Mountain West,47,App State,Sun Belt,14,Boise State,App State,4,"{'minutes': 3, 'seconds': 4}",3,3,55,45,1,10,-5,False,Penalty,"PENALTY BSU False Start (Steele,Jake) 5 yards from APP45 to APP50. NO PLAY.",,2025-09-28T02:54:44.000Z
401760379,40176037926,401760379104999903,26,8,Boise State,Mountain West,47,App State,Sun Belt,14,Boise State,App State,4,"{'minutes': 0, 'seconds': 0}",2,3,65,35,0,11,0,False,End of Game,End of 4th Quarter,,2025-09-28T03:06:41.000Z
401760379,40176037926,401760379104979901,26,4,Boise State,Mountain West,47,App State,Sun Belt,14,Boise State,App State,4,"{'minutes': 2, 'seconds': 0}",2,3,59,41,3,6,0,False,Timeout,"Timeout Boise State, clock 02:00",,2025-09-28T02:22:27.000Z
401760379,40176037926,401760379104969901,26,2,Boise State,Mountain West,47,App State,Sun Belt,14,Boise State,App State,4,"{'minutes': 3, 'seconds': 0}",3,3,50,50,1,15,4,False,Rush,Sire Gaines run for 4 yds to the APP 46,-0.1619661497835682,2025-09-28T02:56:38.000Z
401760379,40176037926,401760379104978801,26,3,Boise State,Mountain West,47,App State,Sun Belt,14,Boise State,App State,4,"{'minutes': 2, 'seconds': 11}",3,3,54,46,2,11,5,False,Rush,Seth Knothe run for 5 yds to the APP 41,0.0682451215241251,2025-09-28T02:56:44.000Z
401760379,40176037926,401760379104984701,26,5,Boise State,Mountain West,47,App State,Sun Belt,14,Boise State,App State,4,"{'minutes': 1, 'seconds': 52}",2,3,59,41,3,6,4,False,Rush,Seth Knothe run for 4 yds to the APP 37,-0.1644384676477825,2025-09-28T03:00:26.000Z
401760379,40176037926,401760379104988901,26,6,Boise State,Mountain West,47,App State,Sun Belt,14,Boise State,App State,4,"{'minutes': 1, 'seconds': 10}",2,3,63,37,4,2,3,False,Rush,Seth Knothe run for 3 yds to the APP 34 for a 1ST down,1.862990974337132,2025-09-28T03:01:18.000Z
401760379,40176037926,401760379104999901,26,7,Boise State,Mountain West,47,App State,Sun Belt,14,Boise State,App State,4,"{'minutes': 0, 'seconds': 0}",2,3,66,34,1,10,-1,False,Rush,(00:30) Kneel down by Boise State at APP35 for loss of 1 yard.,-0.83111511535939,2025-09-28T03:06:41.000Z
401757165,4017571651,401757165101849903,1,1,Boise State,Mountain West,0,Notre Dame,FBS Independents,0,Notre Dame,Boise State,1,"{'minutes': 15, 'seconds': 0}",3,3,65,65,1,10,0,False,Kickoff,Colton Boomer kickoff for 65 yds for a touchback,,2025-10-04T19:38:30.000Z
401757165,4017571651,401757165101889201,1,10,Notre Dame,FBS Independents,0,Boise State,Mountain West,0,Notre Dame,Boise State,1,"{'minutes': 11, 'seconds': 7}",2,3,99,1,3,1,0,False,Timeout,"Timeout Notre Dame, clock 11:07",,2025-10-04T19:38:30.000Z
401757165,4017571651,401757165101894101,1,11,Notre Dame,FBS Independents,0,Boise State,Mountain West,0,Notre Dame,Boise State,1,"{'minutes': 10, 'seconds': 58}",2,3,99,1,3,1,-5,False,Penalty,"PENALTY UND False Start (Schrauth,Billy) 5 yards from BSU01 to BSU06. NO PLAY.",,2025-10-04T19:42:56.000Z
401757165,4017571651,401757165101854501,1,2,Notre Dame,FBS Independents,0,Boise State,Mountain West,0,Notre Dame,Boise State,1,"{'minutes': 14, 'seconds': 54}",3,3,25,75,1,10,9,False,Rush,Jeremiyah Love run for 9 yds to the ND 34,1.252308359788624,2025-10-04T19:38:30.000Z
401757165,4017571651,401757165101857401,1,3,Notre Dame,FBS Independents,0,Boise State,Mountain West,0,Notre Dame,Boise State,1,"{'minutes': 14, 'seconds': 25}",3,3,34,66,2,1,10,False,Pass Reception,CJ Carr pass complete to Jordan Faison for 10 yds to the ND 44 for a 1ST down,0.4552639785533916,2025-10-04T19:38:30.000Z
401757165,4017571651,401757165101864801,1,4,Notre Dame,FBS Independents,0,Boise State,Mountain West,0,Notre Dame,Boise State,1,"{'minutes': 13, 'seconds': 51}",3,3,44,56,1,10,-3,False,Rush,Jeremiyah Love run for a loss of 3 yards to the ND 41,-1.764260484993918,2025-10-04T19:38:30.000Z
401757165,4017571651,401757165101868401,1,5,Notre Dame,FBS Independents,0,Boise State,Mountain West,0,Notre Dame,Boise State,1,"{'minutes': 13, 'seconds': 15}",3,3,41,59,2,13,3,False,Fumble Recovery (Own),"Jeremiyah Love run for 3 yds to the ND 44 Jeremiyah Love fumbled, recovered by ND Jeremiyah Love",-0.278276329005883,2025-10-04T19:38:30.000Z
401757165,4017571651,401757165101875101,1,6,Notre Dame,FBS Independents,0,Boise State,Mountain West,0,Notre Dame,Boise State,1,"{'minutes': 12, 'seconds': 48}",3,3,44,56,3,10,24,False,Pass Reception,CJ Carr pass complete to Will Pauling for 24 yds to the BOIS 32 for a 1ST down,3.5412001697901445,2025-10-04T19:38:30.000Z
401757165,4017571651,401757165101878501,1,7,Notre Dame,FBS Independents,0,Boise State,Mountain West,0,Notre Dame,Boise State,1,"{'minutes': 12, 'seconds': 14}",3,3,68,32,1,10,24,False,Pass Reception,CJ Carr pass complete to Jordan Faison for 24 yds to the BOIS 8 for a 1ST down,0.5519198568892704,2025-10-04T19:38:30.000Z
401757165,4017571651,401757165101884601,1,8,Notre Dame,FBS Independents,0,Boise State,Mountain West,0,Notre Dame,Boise State,1,"{'minutes': 11, 'seconds': 53}",3,3,92,8,1,8,3,False,Rush,Jeremiyah Love run for 3 yds to the BOIS 5,-0.118978122830228,2025-10-04T19:39:49.000Z
401757165,4017571651,401757165101888701,1,9,Notre Dame,FBS Independents,0,Boise State,Mountain West,0,Notre Dame,Boise State,1,"{'minutes': 11, 'seconds': 12}",3,3,95,5,2,5,4,False,Rush,Jeremiyah Love run for 4 yds to the BOIS 1,-0.01542053764963,2025-10-04T19:40:41.000Z
401757165,4017571651,401757165101896701,1,12,Notre Dame,FBS Independents,0,Boise State,Mountain West,0,Notre Dame,Boise State,1,"{'minutes': 10, 'seconds': 32}",2,3,94,6,3,6,5,False,Pass Reception,CJ Carr pass complete to Eli Raridon for 5 yds to the BOIS 1,0.038007875318547,2025-10-04T19:43:29.000Z
401757165,4017571651,401757165101899201,1,13,Notre Dame,FBS Independents,0,Boise State,Mountain West,0,Notre Dame,Boise State,1,"{'minutes': 10, 'seconds': 7}",2,3,99,1,4,1,-1,False,Rush,Jeremiyah Love run for a loss of 1 yard to the BOIS 2,-4.214246025143899,2025-10-04T19:44:17.000Z
401757165,4017571652,401757165101928701,2,10,Boise State,Mountain West,0,Notre Dame,FBS Independents,0,Notre Dame,Boise State,1,"{'minutes': 7, 'seconds': 12}",3,2,86,86,4,11,0,False,Punt,Oscar Doyle punt for 50 yds,,2025-10-04T19:54:36.000Z
401757165,4017571652,401757165101925001,2,7,Boise State,Mountain West,0,Notre Dame,FBS Independents,0,Notre Dame,Boise State,1,"{'minutes': 7, 'seconds': 49}",3,2,91,91,2,16,5,False,Penalty,"PENALTY UND Offside (Tuihalamaka,Junior) 5 yards from BSU09 to BSU14. NO PLAY.",,2025-10-04T19:52:26.000Z
401757165,4017571652,401757165101904201,2,1,Boise State,Mountain West,0,Notre Dame,FBS Independents,0,Notre Dame,Boise State,1,"{'minutes': 9, 'seconds': 57}",3,2,98,98,1,10,-1,False,Penalty,"PENALTY BSU Illegal Snap (Holmes,Zach) 1 yard from BSU02 to BSU01. NO PLAY.",,2025-10-04T19:48:25.000Z
401757165,4017571652,401757165101915202,2,4,Boise State,Mountain West,0,Notre Dame,FBS Independents,0,Notre Dame,Boise State,1,"{'minutes': 8, 'seconds': 47}",3,2,95,95,3,7,10,False,Penalty,"(08:50) Shotgun Madsen,Maddux pass incomplete short right to Caples,Latrell thrown to BSU15 broken up by Fields,Malachi PENALTY UND Holding (Smith,DeVonta) 10 yards from BSU05 to BSU15, 1ST DOWN. NO PLAY.",,2025-10-04T19:50:07.000Z
401757165,4017571652,401757165101915802,2,5,Boise State,Mountain West,0,Notre Dame,FBS Independents,0,Notre Dame,Boise State,1,"{'minutes': 8, 'seconds': 41}",3,2,85,85,1,10,-7,False,Penalty,"(08:45) Shotgun Gaines,Sire rush left for 6 yards gain to the BSU21 (Smith,DeVonta) PENALTY BSU Holding (Holmes,Zach) 7 yards from BSU15 to BSU08. NO PLAY.",,2025-10-04T19:50:33.000Z
401757165,4017571652,401757165101905001,2,2,Boise State,Mountain West,0,Notre Dame,FBS Independents,0,Notre Dame,Boise State,1,"{'minutes': 9, 'seconds': 49}",3,2,99,99,1,11,2,False,Rush,Maddux Madsen run for 2 yds to the BOIS 3,-0.13266934932755614,2025-10-04T19:48:45.000Z
401757165,4017571652,401757165101907401,2,3,Boise State,Mountain West,0,Notre Dame,FBS Independents,0,Notre Dame,Boise State,1,"{'minutes': 9, 'seconds': 25}",3,2,97,97,2,9,2,False,Rush,Sire Gaines run for 2 yds to the BOIS 5,-0.08365835594715597,2025-10-04T19:49:06.000Z
401757165,4017571652,401757165101918101,2,6,Boise State,Mountain West,0,Notre Dame,FBS Independents,0,Notre Dame,Boise State,1,"{'minutes': 8, 'seconds': 18}",3,2,92,92,1,17,1,False,Rush,Maddux Madsen run for 1 yd to the BOIS 9,-0.10688319518109336,2025-10-04T19:51:31.000Z
401757165,4017571652,401757165101927201,2,8,Boise State,Mountain West,0,Notre Dame,FBS Independents,0,Notre Dame,Boise State,1,"{'minutes': 7, 'seconds': 27}",3,2,86,86,2,11,0,False,Pass Incompletion,Maddux Madsen pass incomplete to Ben Ford,-0.1647664831316833,2025-10-04T19:52:53.000Z
401757165,4017571652,401757165101927701,2,9,Boise State,Mountain West,0,Notre Dame,FBS Independents,0,Notre Dame,Boise State,1,"{'minutes': 7, 'seconds': 22}",3,2,86,86,3,11,0,False,Pass Incompletion,Maddux Madsen pass incomplete to Latrell Caples,-0.07157057106613783,2025-10-04T19:53:36.000Z
401757165,4017571653,401757165101928704,3,1,Notre Dame,FBS Independents,0,Boise State,Mountain West,0,Notre Dame,Boise State,1,"{'minutes': 7, 'seconds': 12}",1,3,34,66,2,7,0,False,Timeout,"Timeout Notre Dame, clock 07:12",,2025-10-04T19:54:36.000Z
401757165,4017571653,401757165101955204,3,8,Boise State,Mountain West,0,Notre Dame,FBS Independents,0,Notre Dame,Boise State,1,"{'minutes': 4, 'seconds': 47}",3,0,75,75,1,10,0,False,Timeout,"Timeout Notre Dame, clock 04:47",,2025-10-04T20:06:34.000Z
401757165,4017571653,401757165101929301,3,2,Notre Dame,FBS Independents,0,Boise State,Mountain West,0,Notre Dame,Boise State,1,"{'minutes': 7, 'seconds': 6}",1,3,31,69,1,10,3,False,Pass Reception,CJ Carr pass complete to Eli Raridon for 3 yds to the ND 34,-0.367641675563645,2025-10-04T19:57:46.000Z
401757165,4017571653,401757165101936101,3,3,Notre Dame,FBS Independents,0,Boise State,Mountain West,0,Notre Dame,Boise State,1,"{'minutes': 6, 'seconds': 38}",1,3,34,66,2,7,36,False,Rush,Jeremiyah Love run for 36 yds to the BOIS 30 for a 1ST down,3.160689547755924,2025-10-04T19:58:09.000Z
401757165,4017571653,401757165101939801,3,4,Notre Dame,FBS Independents,0,Boise State,Mountain West,0,Notre Dame,Boise State,1,"{'minutes': 6, 'seconds': 1}",1,3,70,30,1,10,0,False,Pass Incompletion,CJ Carr pass incomplete to Will Pauling,-0.557844891990525,2025-10-04T19:58:43.000Z
401757165,4017571653,401757165101944201,3,5,Notre Dame,FBS Independents,0,Boise State,Mountain West,0,Notre Dame,Boise State,1,"{'minutes': 5, 'seconds': 57}",1,3,70,30,2,10,7,False,Rush,Jeremiyah Love run for 7 yds to the BOIS 23,0.32246240533739,2025-10-04T19:59:27.000Z
401757165,4017571653,401757165101947101,3,6,Notre Dame,FBS Independents,0,Boise State,Mountain West,0,Notre Dame,Boise State,1,"{'minutes': 5, 'seconds': 28}",1,3,77,23,3,3,4,False,Rush,Jadarian Price run for 4 yds to the BOIS 19 for a 1ST down,0.445177990938383,2025-10-04T20:01:07.000Z
401757165,4017571653,401757165101955201,3,7,Notre Dame,FBS Independents,6,Boise State,Mountain West,0,Notre Dame,Boise State,1,"{'minutes': 4, 'seconds': 47}",1,3,81,19,1,10,19,True,Passing Touchdown,CJ Carr pass complete to Will Pauling for 19 yds for a TD (Erik Schmidt PAT BLOCKED),2.604447628637523,2025-10-04T20:01:57.000Z
401757165,4017571654,401757165101999601,4,11,Boise State,Mountain West,0,Notre Dame,FBS Independents,6,Notre Dame,Boise State,1,"{'minutes': 0, 'seconds': 3}",3,0,66,66,4,23,23,False,Punt,"Oscar Doyle punt for 47 yds, punt out-of-bounds at the ND 42 , Jordan Faison returns for 23 yds to the ND 42",,2025-10-04T20:13:28.000Z
401757165,4017571654,401757165101955205,4,1,Notre Dame,FBS Independents,6,Boise State,Mountain West,0,Notre Dame,Boise State,1,"{'minutes': 4, 'seconds': 47}",0,3,35,65,1,10,0,False,Kickoff,Erik Schmidt kickoff for 65 yds for a touchback,,2025-10-04T20:06:34.000Z
401757165,4017571654,401757165101979702,4,7,Boise State,Mountain West,0,Notre Dame,FBS Independents,6,Notre Dame,Boise State,1,"{'minutes': 2, 'seconds': 2}",3,0,53,53,2,10,-10,False,Penalty,"(02:08) Shotgun Gaines,Sire rush middle for 2 yards gain to the BSU49 (Viliamu-Asa,Kyngstonn) PENALTY BSU Holding (Metoyer,Daylon) 10 yards from BSU47 to BSU37. NO PLAY.",,2025-10-04T20:10:32.000Z
401757165,4017571654,401757165101984801,4,8,Boise State,Mountain West,0,Notre Dame,FBS Independents,6,Notre Dame,Boise State,1,"{'minutes': 1, 'seconds': 51}",3,0,63,63,2,20,-5,False,Penalty,"PENALTY BSU False Start (Penry,Chase) 5 yards from BSU37 to BSU32. NO PLAY.",,2025-10-04T20:11:23.000Z
401757165,4017571654,401757165101956101,4,2,Boise State,Mountain West,0,Notre Dame,FBS Independents,6,Notre Dame,Boise State,1,"{'minutes': 4, 'seconds': 38}",3,0,75,75,1,10,3,False,Pass Reception,Maddux Madsen pass complete to Latrell Caples for 3 yds to the BOIS 28,-0.2957674139440157,2025-10-04T20:07:11.000Z
401757165,4017571654,401757165101964601,4,3,Boise State,Mountain West,0,Notre Dame,FBS Independents,6,Notre Dame,Boise State,1,"{'minutes': 3, 'seconds': 53}",3,0,72,72,2,7,8,False,Pass Reception,Maddux Madsen pass complete to Chris Marshall for 8 yds to the BOIS 36 for a 1ST down,1.2263299258900062,2025-10-04T20:07:57.000Z
401757165,4017571654,401757165101967701,4,4,Boise State,Mountain West,0,Notre Dame,FBS Independents,6,Notre Dame,Boise State,1,"{'minutes': 3, 'seconds': 22}",3,0,64,64,1,10,2,False,Rush,Sire Gaines run for 2 yds to the BOIS 38,-0.6439997383019928,2025-10-04T20:08:30.000Z
401757165,4017571654,401757165101975101,4,5,Boise State,Mountain West,0,Notre Dame,FBS Independents,6,Notre Dame,Boise State,1,"{'minutes': 2, 'seconds': 48}",3,0,62,62,2,8,9,False,Rush,Sire Gaines run for 9 yds to the BOIS 47 for a 1ST down,1.695892912504016,2025-10-04T20:09:16.000Z
401757165,4017571654,401757165101978901,4,6,Boise State,Mountain West,0,Notre Dame,FBS Independents,6,Notre Dame,Boise State,1,"{'minutes': 2, 'seconds': 10}",3,0,53,53,1,10,0,False,Pass Incompletion,Maddux Madsen pass incomplete to Latrell Caples,-1.1527089917962545,2025-10-04T20:09:40.000Z
401757165,4017571654,401757165101988301,4,9,Boise State,Mountain West,0,Notre Dame,FBS Independents,6,Notre Dame,Boise State,1,"{'minutes': 1, 'seconds': 16}",3,0,68,68,2,25,10,False,Pass Reception,Maddux Madsen pass complete to Malik Sherrod for 10 yds to the BOIS 42,0.32708120340663527,2025-10-04T20:12:13.000Z
401757165,4017571654,401757165101995501,4,10,Boise State,Mountain West,0,Notre Dame,FBS Independents,6,Notre Dame,Boise State,1,"{'minutes': 0, 'seconds': 44}",3,0,58,58,3,15,-8,False,Sack,Maddux Madsen sacked for a loss of 8 yards to the BOIS 34,-0.501063929748895,2025-10-04T20:12:39.000Z
401757165,4017571655,401757165101999902,5,2,Notre Dame,FBS Independents,6,Boise State,Mountain West,0,Notre Dame,Boise State,1,"{'minutes': 0, 'seconds': 0}",0,3,42,58,0,10,0,False,End Period,End of 1st Quarter,,2025-10-04T20:14:17.000Z
401757165,4017571655,401757165102858201,5,4,Notre Dame,FBS Independents,6,Boise State,Mountain West,0,Notre Dame,Boise State,2,"{'minutes': 14, 'seconds': 17}",0,3,37,63,3,15,-5,False,Penalty,"PENALTY UND False Start (Lambert,Guerby) 5 yards from UND37 to UND32. NO PLAY.",,2025-10-04T20:18:53.000Z
401757165,4017571655,401757165102869001,5,6,Notre Dame,FBS Independents,6,Boise State,Mountain West,0,Notre Dame,Boise State,2,"{'minutes': 13, 'seconds': 9}",0,3,41,59,4,11,0,False,Punt,"James Rendell punt for 44 yds, punt out-of-bounds at the BOIS 15",,2025-10-04T20:20:14.000Z
401757165,4017571655,401757165101999901,5,1,Notre Dame,FBS Independents,6,Boise State,Mountain West,0,Notre Dame,Boise State,1,"{'minutes': 0, 'seconds': 0}",0,3,42,58,1,10,0,False,Pass Incompletion,CJ Carr pass incomplete to Jordan Faison,-1.1496266880203319,2025-10-04T20:14:17.000Z
401757165,4017571655,401757165102854901,5,3,Notre Dame,FBS Independents,6,Boise State,Mountain West,0,Notre Dame,Boise State,2,"{'minutes': 14, 'seconds': 50}",0,3,42,58,2,10,-5,False,Rush,CJ Carr run for a loss of 5 yards to the ND 37,-1.3025899957897709,2025-10-04T20:18:10.000Z
401757165,4017571655,401757165102864301,5,5,Notre Dame,FBS Independents,6,Boise State,Mountain West,0,Notre Dame,Boise State,2,"{'minutes': 13, 'seconds': 56}",0,3,32,68,3,20,9,False,Pass Reception,CJ Carr pass complete to Malachi Fields for 9 yds to the ND 41,0.17984310853455465,2025-10-04T20:19:23.000Z
401757165,4017571656,401757165102868802,6,1,Boise State,Mountain West,0,Notre Dame,FBS Independents,6,Notre Dame,Boise State,2,"{'minutes': 13, 'seconds': 11}",3,-1,84,84,2,9,0,False,Timeout,"Timeout Notre Dame, clock 13:11",,2025-10-04T20:18:44.000Z
401757165,4017571656,401757165102886301,6,5,Boise State,Mountain West,0,Notre Dame,FBS Independents,6,Notre Dame,Boise State,2,"{'minutes': 11, 'seconds': 36}",3,-1,80,80,4,5,0,False,Punt,Oscar Doyle punt for 38 yds,,2025-10-04T20:25:32.000Z
401757165,4017571656,401757165102869401,6,2,Boise State,Mountain West,0,Notre Dame,FBS Independents,6,Notre Dame,Boise State,2,"{'minutes': 13, 'seconds': 5}",3,-1,85,85,1,10,1,False,Rush,Sire Gaines run for 1 yd to the BOIS 16,-0.3702817605862583,2025-10-04T20:23:24.000Z
401757165,4017571656,401757165102877401,6,3,Boise State,Mountain West,0,Notre Dame,FBS Independents,6,Notre Dame,Boise State,2,"{'minutes': 12, 'seconds': 25}",3,-1,84,84,2,9,4,False,Rush,Sire Gaines run for 4 yds to the BOIS 20,-0.037040546122184104,2025-10-04T20:24:05.000Z
401757165,4017571656,401757165102885401,6,4,Boise State,Mountain West,0,Notre Dame,FBS Independents,6,Notre Dame,Boise State,2,"{'minutes': 11, 'seconds': 45}",3,-1,80,80,3,5,0,False,Pass Incompletion,Maddux Madsen pass incomplete to Latrell Caples,-0.21681328149032897,2025-10-04T20:24:43.000Z
401757165,4017571657,401757165102887601,7,1,Notre Dame,FBS Independents,6,Boise State,Mountain West,0,Notre Dame,Boise State,2,"{'minutes': 11, 'seconds': 23}",-1,3,42,58,1,10,28,False,Rush,CJ Carr run for 28 yds to the BOIS 30 for a 1ST down,1.7474600791165444,2025-10-04T20:26:21.000Z
401757165,4017571657,401757165102894601,7,2,Notre Dame,FBS Independents,6,Boise State,Mountain West,0,Notre Dame,Boise State,2,"{'minutes': 10, 'seconds': 53}",-1,3,70,30,1,10,0,False,Rush,Jeremiyah Love run for no gain to the BOIS 30,-0.557844891990525,2025-10-04T20:26:50.000Z
401757165,4017571657,401757165102898501,7,3,Notre Dame,FBS Independents,6,Boise State,Mountain West,0,Notre Dame,Boise State,2,"{'minutes': 10, 'seconds': 14}",-1,3,70,30,2,10,0,False,Pass Incompletion,CJ Carr pass incomplete to Malachi Fields,-0.7638433871567597,2025-10-04T20:27:32.000Z
401757165,4017571657,401757165102899301,7,4,Notre Dame,FBS Independents,6,Boise State,Mountain West,0,Notre Dame,Boise State,2,"{'minutes': 10, 'seconds': 6}",-1,3,70,30,3,10,2,False,Rush,CJ Carr run for 2 yds to the BOIS 28,-0.5580115420463815,2025-10-04T20:28:11.000Z
401757165,4017571657,401757165102907201,7,5,Notre Dame,FBS Independents,6,Boise State,Mountain West,0,Notre Dame,Boise State,2,"{'minutes': 9, 'seconds': 27}",-1,3,72,28,4,8,0,False,Pass Incompletion,CJ Carr pass incomplete to Will Pauling,-2.3060570458835628,2025-10-04T20:28:53.000Z
401757165,4017571657,401757165102907202,7,6,Notre Dame,FBS Independents,6,Boise State,Mountain West,0,Notre Dame,Boise State,2,"{'minutes': 9, 'seconds': 27}",-1,3,72,28,4,8,0,False,Pass Incompletion,CJ Carr pass incomplete to Will Pauling,-2.3060570458835628,2025-10-04T20:28:53.000Z
401757165,4017571658,401757165102907204,8,1,Boise State,Mountain West,0,Notre Dame,FBS Independents,6,Notre Dame,Boise State,2,"{'minutes': 9, 'seconds': 27}",3,-2,65,65,2,3,0,False,Timeout,"Timeout Notre Dame, clock 09:27",,2025-10-04T20:31:57.000Z
401757165,4017571658,401757165102924101,8,4,Boise State,Mountain West,0,Notre Dame,FBS Independents,6,Notre Dame,Boise State,2,"{'minutes': 7, 'seconds': 58}",3,-3,63,63,3,1,0,False,Timeout,"Timeout Notre Dame, clock 07:58",,2025-10-04T20:18:44.000Z
401757165,4017571658,401757165102936002,8,8,Boise State,Mountain West,0,Notre Dame,FBS Independents,6,Notre Dame,Boise State,2,"{'minutes': 6, 'seconds': 39}",3,-4,61,61,3,10,0,False,Timeout,"Timeout Notre Dame, clock 06:39",,2025-10-04T20:18:44.000Z
401757165,4017571658,401757165102959604,8,14,Notre Dame,FBS Independents,6,Boise State,Mountain West,0,Notre Dame,Boise State,2,"{'minutes': 4, 'seconds': 3}",-5,3,25,75,1,10,0,False,Timeout,"Timeout Notre Dame, clock 04:03",,2025-10-04T20:41:52.000Z
401757165,4017571658,401757165102907901,8,2,Boise State,Mountain West,0,Notre Dame,FBS Independents,6,Notre Dame,Boise State,2,"{'minutes': 9, 'seconds': 20}",3,-2,72,72,1,10,7,False,Rush,Cameron Bates run for 7 yds to the BOIS 35,0.6473671294139649,2025-10-04T20:32:24.000Z
401757165,4017571658,401757165102915701,8,3,Boise State,Mountain West,0,Notre Dame,FBS Independents,6,Notre Dame,Boise State,2,"{'minutes': 8, 'seconds': 42}",3,-2,65,65,2,3,2,False,Rush,Sire Gaines run for 2 yds to the BOIS 37,-0.6807443278403706,2025-10-04T20:32:58.000Z
401757165,4017571658,401757165102924501,8,5,Boise State,Mountain West,0,Notre Dame,FBS Independents,6,Notre Dame,Boise State,2,"{'minutes': 7, 'seconds': 54}",3,-3,63,63,3,1,2,False,Rush,Dylan Riley run for 2 yds to the BOIS 39 for a 1ST down,1.033993874227592,2025-10-04T20:35:03.000Z
401757165,4017571658,401757165102928601,8,6,Boise State,Mountain West,0,Notre Dame,FBS Independents,6,Notre Dame,Boise State,2,"{'minutes': 7, 'seconds': 13}",3,-3,61,61,1,10,0,False,Rush,Malik Sherrod run for no gain to the BOIS 39,-1.1077677360468863,2025-10-04T20:35:40.000Z
401757165,4017571658,401757165102936001,8,7,Boise State,Mountain West,0,Notre Dame,FBS Independents,6,Notre Dame,Boise State,2,"{'minutes': 6, 'seconds': 39}",3,-3,61,61,2,10,0,False,Pass Incompletion,Maddux Madsen pass incomplete to Latrell Caples,-0.7257152293373617,2025-10-04T20:18:44.000Z
401757165,4017571658,401757165102937301,8,9,Boise State,Mountain West,0,Notre Dame,FBS Independents,6,Notre Dame,Boise State,2,"{'minutes': 6, 'seconds': 26}",3,-4,61,61,3,10,13,False,Pass Reception,Maddux Madsen pass complete to Ben Ford for 13 yds to the ND 48 for a 1ST down,3.002265165569157,2025-10-04T20:38:09.000Z
401757165,4017571658,401757165102945102,8,10,Boise State,Mountain West,0,Notre Dame,FBS Independents,6,Notre Dame,Boise State,2,"{'minutes': 5, 'seconds': 48}",3,-4,48,48,1,10,38,False,Pass Reception,"Maddux Madsen pass complete to Chris Marshall for 28 yds to the ND 20 for a 1ST down Notre Dame Penalty, UNR: Unnecessary Roughness (Tae Johnson) to the ND 10 for a 1ST down",1.172406994030515,2025-10-04T20:38:47.000Z
401757165,4017571658,401757165102947501,8,11,Boise State,Mountain West,0,Notre Dame,FBS Independents,6,Notre Dame,Boise State,2,"{'minutes': 5, 'seconds': 24}",3,-4,10,10,1,10,4,False,Rush,Maddux Madsen run for 4 yds to the ND 6,-0.014840150532496,2025-10-04T20:39:56.000Z
401757165,4017571658,401757165102955901,8,12,Boise State,Mountain West,0,Notre Dame,FBS Independents,6,Notre Dame,Boise State,2,"{'minutes': 4, 'seconds': 40}",3,-4,6,6,2,6,5,False,Rush,Sire Gaines run for 5 yds to the ND 1,0.074668763602388,2025-10-04T20:40:39.000Z
401757165,4017571658,401757165102959601,8,13,Boise State,Mountain West,7,Notre Dame,FBS Independents,6,Notre Dame,Boise State,2,"{'minutes': 4, 'seconds': 3}",3,-4,1,1,3,1,1,True,Rushing Touchdown,Maddux Madsen run for 1 yd for a TD (Colton Boomer KICK),2.45399822917955,2025-10-04T20:41:21.000Z
401757165,4017571659,401757165102959605,9,1,Boise State,Mountain West,7,Notre Dame,FBS Independents,6,Notre Dame,Boise State,2,"{'minutes': 4, 'seconds': 3}",3,-5,65,65,1,10,0,False,Kickoff,Colton Boomer kickoff for 65 yds for a touchback,,2025-10-04T20:41:52.000Z
401757165,4017571659,401757165102984602,9,7,Notre Dame,FBS Independents,6,Boise State,Mountain West,7,Notre Dame,Boise State,2,"{'minutes': 1, 'seconds': 53}",-6,3,77,23,3,5,0,False,Timeout,"Timeout Notre Dame, clock 01:53",,2025-10-04T20:48:24.000Z
401757165,4017571659,401757165102994302,9,10,Notre Dame,FBS Independents,6,Boise State,Mountain West,7,Notre Dame,Boise State,2,"{'minutes': 0, 'seconds': 56}",-6,3,92,8,2,2,4,False,Penalty,"(00:59) No Huddle-Shotgun Carr,CJ pass incomplete short right to Pauling,Will thrown to BSU02 PENALTY BSU Holding (Banks,Davon) 4 yards from BSU08 to BSU04, 1ST DOWN. NO PLAY.",,2025-10-04T20:53:13.000Z
401757165,4017571659,401757165102995102,9,13,Notre Dame,FBS Independents,6,Boise State,Mountain West,7,Notre Dame,Boise State,2,"{'minutes': 0, 'seconds': 48}",-7,3,97,3,1,10,0,False,Timeout,"Timeout Notre Dame, clock 00:48",,2025-10-04T20:55:18.000Z
401757165,4017571659,401757165102964501,9,2,Notre Dame,FBS Independents,6,Boise State,Mountain West,7,Notre Dame,Boise State,2,"{'minutes': 3, 'seconds': 54}",-5,3,25,75,1,10,22,False,Pass Reception,CJ Carr pass complete to Malachi Fields for 22 yds to the ND 47 for a 1ST down,1.9824556861480138,2025-10-04T20:46:25.000Z
401757165,4017571659,401757165102967001,9,3,Notre Dame,FBS Independents,6,Boise State,Mountain West,7,Notre Dame,Boise State,2,"{'minutes': 3, 'seconds': 29}",-5,3,47,53,1,10,14,False,Rush,Jeremiyah Love run for 14 yds to the BOIS 39 for a 1ST down,0.9548608786417567,2025-10-04T20:46:51.000Z
401757165,4017571659,401757165102975301,9,4,Notre Dame,FBS Independents,6,Boise State,Mountain West,7,Notre Dame,Boise State,2,"{'minutes': 2, 'seconds': 46}",-5,3,61,39,1,10,11,False,Pass Reception,CJ Carr pass complete to Jeremiyah Love for 11 yds to the BOIS 28 for a 1ST down,0.37642408079312,2025-10-04T20:47:34.000Z
401757165,4017571659,401757165102977601,9,5,Notre Dame,FBS Independents,6,Boise State,Mountain West,7,Notre Dame,Boise State,2,"{'minutes': 2, 'seconds': 23}",-5,3,72,28,1,10,5,False,Rush,Jeremiyah Love run for 5 yds to the BOIS 23,0.076570349594624,2025-10-04T20:47:58.000Z
401757165,4017571659,401757165102984601,9,6,Notre Dame,FBS Independents,6,Boise State,Mountain West,7,Notre Dame,Boise State,2,"{'minutes': 1, 'seconds': 53}",-5,3,77,23,2,5,0,False,Pass Incompletion,CJ Carr pass incomplete to Will Pauling,-0.5385192074771585,2025-10-04T20:48:24.000Z
401757165,4017571659,401757165102985601,9,8,Notre Dame,FBS Independents,6,Boise State,Mountain West,7,Notre Dame,Boise State,2,"{'minutes': 1, 'seconds': 43}",-6,3,77,23,3,5,7,False,Pass Reception,CJ Carr pass complete to Malachi Fields for 7 yds to the BOIS 16 for a 1ST down,0.6572406107285911,2025-10-04T20:52:23.000Z
401757165,4017571659,401757165102987501,9,9,Notre Dame,FBS Independents,6,Boise State,Mountain West,7,Notre Dame,Boise State,2,"{'minutes': 1, 'seconds': 24}",-6,3,84,16,1,10,8,False,Rush,Jeremiyah Love run for 8 yds to the BOIS 8,0.4495267930851924,2025-10-04T20:52:44.000Z
401757165,4017571659,401757165102994901,9,11,Notre Dame,FBS Independents,6,Boise State,Mountain West,7,Notre Dame,Boise State,2,"{'minutes': 0, 'seconds': 50}",-6,3,96,4,1,4,0,False,Pass Incompletion,CJ Carr pass incomplete,-0.6456997217339855,2025-10-04T20:54:10.000Z
401757165,4017571659,401757165102995101,9,12,Notre Dame,FBS Independents,14,Boise State,Mountain West,7,Notre Dame,Boise State,2,"{'minutes': 0, 'seconds': 48}",-6,3,96,4,2,4,4,True,Rushing Touchdown,Jeremiyah Love run for 4 yds for a TD (Will Pauling pass to for Two-Point Conversion),2.3338902404479605,2025-10-04T20:54:48.000Z
401757165,40175716510,401757165102995104,10,1,Notre Dame,FBS Independents,14,Boise State,Mountain West,7,Notre Dame,Boise State,2,"{'minutes': 0, 'seconds': 48}",-7,3,35,65,1,10,0,False,Kickoff,Erik Schmidt kickoff for 65 yds for a touchback,,2025-10-04T20:59:23.000Z
401757165,40175716510,401757165102996001,10,2,Boise State,Mountain West,7,Notre Dame,FBS Independents,14,Notre Dame,Boise State,2,"{'minutes': 0, 'seconds': 39}",3,-7,75,75,1,10,20,False,Rush,Dylan Riley run for 20 yds to the BOIS 45 for a 1ST down,1.8011418824049565,2025-10-04T21:00:23.000Z
401757165,40175716510,401757165102996901,10,3,Boise State,Mountain West,7,Notre Dame,FBS Independents,14,Notre Dame,Boise State,2,"{'minutes': 0, 'seconds': 30}",3,-7,55,55,1,10,0,False,Pass Incompletion,Maddux Madsen pass incomplete to Chris Marshall,-1.1618692012952412,2025-10-04T21:00:33.000Z
401757165,40175716510,401757165102997401,10,4,Boise State,Mountain West,7,Notre Dame,FBS Independents,14,Notre Dame,Boise State,2,"{'minutes': 0, 'seconds': 25}",3,-7,55,55,2,10,8,False,Pass Reception,Maddux Madsen pass complete to Latrell Caples for 8 yds to the ND 47,0.8364735679467916,2025-10-04T21:01:15.000Z
401757165,40175716510,401757165102998102,10,5,Boise State,Mountain West,7,Notre Dame,FBS Independents,14,Notre Dame,Boise State,2,"{'minutes': 0, 'seconds': 18}",3,-7,47,47,3,2,1,False,Rush,"Maddux Madsen run for 1 yd to the ND 46 for a 1ST down Notre Dame Penalty, Defensive Holding (Kyngstonn Viliamu-Asa) declined for a 1ST down",-0.9228545866466434,2025-10-04T21:02:30.000Z
401757165,40175716510,401757165102999101,10,6,Boise State,Mountain West,7,Notre Dame,FBS Independents,14,Notre Dame,Boise State,2,"{'minutes': 0, 'seconds': 8}",3,-7,31,31,1,10,27,False,Pass Interception Return,"Maddux Madsen pass intercepted Tae Johnson return for 27 yds to the ND 4 Notre Dame Penalty, Illegal Block (Cam Williams) to the ND 35",-4.158053829927052,2025-10-04T21:04:05.000Z
401757165,40175716510,401757165102999103,10,7,Boise State,Mountain West,7,Notre Dame,FBS Independents,14,Notre Dame,Boise State,2,"{'minutes': 0, 'seconds': 8}",3,-7,31,31,1,10,47,False,Pass Interception Return,"Maddux Madsen pass intercepted Tae Johnson return for 37 yds to the ND 0 Notre Dame Penalty, Illegal Block (Cam Williams) to the ND 25",-4.158053829927052,2025-10-04T21:04:05.000Z
401757165,40175716511,401757165102999902,11,2,Notre Dame,FBS Independents,14,Boise State,Mountain West,7,Notre Dame,Boise State,2,"{'minutes': 0, 'seconds': 0}",-7,3,25,75,0,10,-1,False,End of Half,End of 2nd Quarter,,2025-10-04T21:05:19.000Z
401757165,40175716511,401757165102999901,11,1,Notre Dame,FBS Independents,14,Boise State,Mountain West,7,Notre Dame,Boise State,2,"{'minutes': 0, 'seconds': 0}",-7,3,25,75,1,10,-1,False,Rush,C. Carr takes a knee,-0.8014893508157099,2025-10-04T20:18:44.000Z
401757165,40175716512,401757165103849903,12,1,Notre Dame,FBS Independents,14,Boise State,Mountain West,7,Notre Dame,Boise State,3,"{'minutes': 15, 'seconds': 0}",3,3,35,65,1,10,0,False,Kickoff,Erik Schmidt kickoff for 65 yds for a touchback,,2025-10-04T00:00:00.000Z
401757165,40175716512,401757165103897901,12,10,Boise State,Mountain West,7,Notre Dame,FBS Independents,14,Notre Dame,Boise State,3,"{'minutes': 10, 'seconds': 20}",3,3,41,41,4,11,0,False,Punt,Oscar Doyle punt for 20 yds,,2025-10-04T21:32:55.000Z
401757165,40175716512,401757165103854901,12,2,Boise State,Mountain West,7,Notre Dame,FBS Independents,14,Notre Dame,Boise State,3,"{'minutes': 14, 'seconds': 50}",3,3,75,75,1,10,10,False,Rush,Cameron Bates run for 10 yds to the BOIS 35 for a 1ST down,0.8350381090299867,2025-10-04T00:00:00.000Z
401757165,40175716512,401757165103858001,12,3,Boise State,Mountain West,7,Notre Dame,FBS Independents,14,Notre Dame,Boise State,3,"{'minutes': 14, 'seconds': 19}",3,3,65,65,1,10,0,False,Rush,Dylan Riley run for no gain to the BOIS 35,-1.0146424556055624,2025-10-04T21:27:15.000Z
401757165,40175716512,401757165103866901,12,4,Boise State,Mountain West,7,Notre Dame,FBS Independents,14,Notre Dame,Boise State,3,"{'minutes': 13, 'seconds': 30}",3,3,65,65,2,10,4,False,Rush,Maddux Madsen run for 4 yds to the BOIS 39,-0.1103335900264737,2025-10-04T21:28:07.000Z
401757165,40175716512,401757165103874401,12,5,Boise State,Mountain West,7,Notre Dame,FBS Independents,14,Notre Dame,Boise State,3,"{'minutes': 12, 'seconds': 55}",3,3,61,61,3,6,8,False,Pass Reception,Maddux Madsen pass complete to Ben Ford for 8 yds to the BOIS 47 for a 1ST down,2.272393622750063,2025-10-04T21:28:45.000Z
401757165,40175716512,401757165103879002,12,6,Boise State,Mountain West,7,Notre Dame,FBS Independents,14,Notre Dame,Boise State,3,"{'minutes': 12, 'seconds': 9}",3,3,53,53,1,10,13,False,Pass Reception,"Maddux Madsen pass complete to Matt Wagner for 28 yds to the ND 25 for a 1ST down Boise State Penalty, Personal Foul (Latrell Caples) to the ND 40 for a 1ST down",0.9062502896359667,2025-10-04T21:29:33.000Z
401757165,40175716512,401757165103884601,12,7,Boise State,Mountain West,7,Notre Dame,FBS Independents,14,Notre Dame,Boise State,3,"{'minutes': 11, 'seconds': 53}",3,3,40,40,1,10,7,False,Rush,Dylan Riley run for 7 yds to the ND 33,0.4473056556699185,2025-10-04T21:30:46.000Z
401757165,40175716512,401757165103888701,12,8,Boise State,Mountain West,7,Notre Dame,FBS Independents,14,Notre Dame,Boise State,3,"{'minutes': 11, 'seconds': 12}",3,3,33,33,2,3,-8,False,Sack,Maddux Madsen sacked by Jaylen Sneed for a loss of 8 yards to the ND 41,-2.5400742334017075,2025-10-04T21:31:22.000Z
401757165,40175716512,401757165103896801,12,9,Boise State,Mountain West,7,Notre Dame,FBS Independents,14,Notre Dame,Boise State,3,"{'minutes': 10, 'seconds': 31}",3,3,41,41,3,11,0,False,Pass Incompletion,Maddux Madsen pass incomplete,-0.9249174587559335,2025-10-04T21:32:11.000Z
401757165,40175716513,401757165103897904,13,1,Notre Dame,FBS Independents,14,Boise State,Mountain West,7,Notre Dame,Boise State,3,"{'minutes': 10, 'seconds': 20}",2,3,18,82,2,13,0,False,Timeout,"Timeout Notre Dame, clock 10:20",,2025-10-04T21:36:05.000Z
401757165,40175716513,401757165103945004,13,12,Boise State,Mountain West,7,Notre Dame,FBS Independents,14,Notre Dame,Boise State,3,"{'minutes': 5, 'seconds': 49}",3,1,75,75,1,10,0,False,Timeout,"Timeout Notre Dame, clock 05:49",,2025-10-04T21:49:34.000Z
401757165,40175716513,401757165103898601,13,2,Notre Dame,FBS Independents,14,Boise State,Mountain West,7,Notre Dame,Boise State,3,"{'minutes': 10, 'seconds': 13}",2,3,21,79,1,10,-3,False,Rush,Jadarian Price run for a loss of 3 yards to the ND 18,-0.789060058576041,2025-10-04T21:36:24.000Z
401757165,40175716513,401757165103905401,13,3,Notre Dame,FBS Independents,14,Boise State,Mountain West,7,Notre Dame,Boise State,3,"{'minutes': 9, 'seconds': 45}",2,3,18,82,2,13,6,False,Rush,Jadarian Price run for 6 yds to the ND 24,0.08281155413118313,2025-10-04T21:37:27.000Z
401757165,40175716513,401757165103909001,13,4,Notre Dame,FBS Independents,14,Boise State,Mountain West,7,Notre Dame,Boise State,3,"{'minutes': 9, 'seconds': 9}",2,3,24,76,3,7,8,False,Pass Reception,CJ Carr pass complete to Jordan Faison for 8 yds to the ND 32 for a 1ST down,1.5174725786201542,2025-10-04T21:37:58.000Z
401757165,40175716513,401757165103915301,13,5,Notre Dame,FBS Independents,14,Boise State,Mountain West,7,Notre Dame,Boise State,3,"{'minutes': 8, 'seconds': 46}",2,3,32,68,1,10,11,False,Pass Reception,CJ Carr pass complete to Jordan Faison for 11 yds to the ND 43 for a 1ST down,1.053994018130533,2025-10-04T21:38:29.000Z
401757165,40175716513,401757165103918901,13,6,Notre Dame,FBS Independents,14,Boise State,Mountain West,7,Notre Dame,Boise State,3,"{'minutes': 8, 'seconds': 10}",2,3,43,57,1,10,5,False,Rush,Jadarian Price run for 5 yds to the ND 48,0.1094877032207345,2025-10-04T21:39:06.000Z
401757165,40175716513,401757165103926601,13,7,Notre Dame,FBS Independents,14,Boise State,Mountain West,7,Notre Dame,Boise State,3,"{'minutes': 7, 'seconds': 33}",2,3,48,52,2,5,14,False,Rush,Jadarian Price run for 14 yds to the BOIS 38 for a 1ST down,1.261236345705404,2025-10-04T21:39:43.000Z
401757165,40175716513,401757165103934101,13,8,Notre Dame,FBS Independents,14,Boise State,Mountain West,7,Notre Dame,Boise State,3,"{'minutes': 6, 'seconds': 58}",2,3,62,38,1,10,0,False,Pass Incompletion,CJ Carr pass incomplete,-0.7828922522763084,2025-10-04T21:40:21.000Z
401757165,40175716513,401757165103934601,13,9,Notre Dame,FBS Independents,14,Boise State,Mountain West,7,Notre Dame,Boise State,3,"{'minutes': 6, 'seconds': 53}",2,3,62,38,2,10,12,False,Pass Reception,CJ Carr pass complete to Jordan Faison for 12 yds to the BOIS 26 for a 1ST down,1.157482778453316,2025-10-04T21:41:08.000Z
401757165,40175716513,401757165103937101,13,10,Notre Dame,FBS Independents,14,Boise State,Mountain West,7,Notre Dame,Boise State,3,"{'minutes': 6, 'seconds': 28}",2,3,74,26,1,10,5,False,Rush,Jadarian Price run for 5 yds to the BOIS 21,0.0757087852917575,2025-10-04T21:41:34.000Z
401757165,40175716513,401757165103945001,13,11,Notre Dame,FBS Independents,21,Boise State,Mountain West,7,Notre Dame,Boise State,3,"{'minutes': 5, 'seconds': 49}",2,3,94,6,1,6,6,True,Passing Touchdown,CJ Carr pass complete to Malachi Fields for 6 yds for a TD (Marcello Diomede KICK),2.052489771065277,2025-10-04T21:45:36.000Z
401757165,40175716514,401757165103945005,14,1,Notre Dame,FBS Independents,21,Boise State,Mountain West,7,Notre Dame,Boise State,3,"{'minutes': 5, 'seconds': 49}",1,3,35,65,1,10,0,False,Kickoff,Erik Schmidt kickoff for 65 yds for a touchback,,2025-10-04T21:49:34.000Z
401757165,40175716514,401757165103945008,14,2,Boise State,Mountain West,7,Notre Dame,FBS Independents,21,Notre Dame,Boise State,3,"{'minutes': 5, 'seconds': 49}",3,0,73,73,2,8,0,False,Timeout,"Timeout Notre Dame, clock 05:49",,2025-10-04T21:49:34.000Z
401757165,40175716514,401757165103984201,14,9,Boise State,Mountain West,7,Notre Dame,FBS Independents,21,Notre Dame,Boise State,3,"{'minutes': 1, 'seconds': 57}",3,-1,52,52,1,10,0,False,Timeout,"Timeout Notre Dame, clock 01:57",,2025-10-04T21:26:51.000Z
401757165,40175716514,401757165103946201,14,3,Boise State,Mountain West,7,Notre Dame,FBS Independents,21,Notre Dame,Boise State,3,"{'minutes': 5, 'seconds': 37}",3,0,75,75,1,10,2,False,Pass Reception,Maddux Madsen pass complete to Dylan Riley for 2 yds to the BOIS 27,-0.45260367932203766,2025-10-04T21:53:09.000Z
401757165,40175716514,401757165103954001,14,4,Boise State,Mountain West,7,Notre Dame,FBS Independents,21,Notre Dame,Boise State,3,"{'minutes': 4, 'seconds': 59}",3,0,73,73,2,8,7,False,Pass Reception,Maddux Madsen pass complete to Chase Penry for 7 yds to the BOIS 34,0.4295698173730899,2025-10-04T21:53:44.000Z
401757165,40175716514,401757165103957501,14,5,Boise State,Mountain West,7,Notre Dame,FBS Independents,21,Notre Dame,Boise State,3,"{'minutes': 4, 'seconds': 24}",3,0,66,66,3,1,1,False,Rush,Sire Gaines run for 1 yd to the BOIS 35 for a 1ST down,0.8580719709789344,2025-10-04T21:54:25.000Z
401757165,40175716514,401757165103965201,14,6,Boise State,Mountain West,7,Notre Dame,FBS Independents,21,Notre Dame,Boise State,3,"{'minutes': 3, 'seconds': 47}",3,0,65,65,1,10,2,False,Rush,Malik Sherrod run for 2 yds to the BOIS 37,-0.63079683335922,2025-10-04T21:55:07.000Z
401757165,40175716514,401757165103969101,14,7,Boise State,Mountain West,7,Notre Dame,FBS Independents,21,Notre Dame,Boise State,3,"{'minutes': 3, 'seconds': 8}",3,0,63,63,2,8,4,False,Rush,Malik Sherrod run for 4 yds to the BOIS 41,-0.133786839335344,2025-10-04T21:55:42.000Z
401757165,40175716514,401757165103978201,14,8,Boise State,Mountain West,7,Notre Dame,FBS Independents,21,Notre Dame,Boise State,3,"{'minutes': 2, 'seconds': 17}",3,0,59,59,3,4,7,False,Pass Reception,Maddux Madsen pass complete to Luke Voorhees for 7 yds to the BOIS 48 for a 1ST down,1.9992463946754677,2025-10-04T21:58:11.000Z
401757165,40175716514,401757165103985901,14,10,Boise State,Mountain West,7,Notre Dame,FBS Independents,21,Notre Dame,Boise State,3,"{'minutes': 1, 'seconds': 40}",3,-1,52,52,1,10,1,False,Pass Interception Return,Maddux Madsen pass intercepted Leonard Moore return for 1 yd to the ND 37,-2.991945711289569,2025-10-04T22:00:31.000Z
401757165,40175716515,401757165103985903,15,1,Notre Dame,FBS Independents,21,Boise State,Mountain West,7,Notre Dame,Boise State,3,"{'minutes': 1, 'seconds': 40}",-1,3,37,63,1,10,15,False,Penalty,"PENALTY BSU Personal Foul (Caples,Latrell) 15 yards from UND37 to BSU48, 1ST DOWN. NO PLAY.",,2025-10-04T22:00:31.000Z
401757165,40175716515,401757165103994001,15,3,Notre Dame,FBS Independents,21,Boise State,Mountain West,7,Notre Dame,Boise State,3,"{'minutes': 0, 'seconds': 59}",-1,3,52,48,2,10,-10,False,Penalty,"(01:00) No Huddle-Shotgun Carr,CJ pass incomplete short left thrown to BSU47 QB hurried by Virgin-Morgan,Jayden PENALTY UND Holding (Knapp,Anthonie) 10 yards from BSU48 to UND42. NO PLAY.",,2025-10-04T22:01:49.000Z
401757165,40175716515,401757165103994602,15,4,Notre Dame,FBS Independents,21,Boise State,Mountain West,7,Notre Dame,Boise State,3,"{'minutes': 0, 'seconds': 53}",-1,3,42,58,2,20,-15,False,Penalty,"(00:59) No Huddle-Shotgun Carr,CJ pass complete short left to Raridon,Eli caught at BSU45, for 21 yards to the BSU37 (Washington,Zion), out of bounds PENALTY UND Pass Interference (Raridon,Eli) 15 yards from UND42 to UND27. NO PLAY.",,2025-10-04T22:02:51.000Z
401757165,40175716515,401757165103997002,15,5,Notre Dame,FBS Independents,21,Boise State,Mountain West,7,Notre Dame,Boise State,3,"{'minutes': 0, 'seconds': 0}",-1,3,27,73,0,35,0,False,End Period,End of 3rd Quarter,,2025-10-04T21:26:51.000Z
401757165,40175716515,401757165104858301,15,8,Notre Dame,FBS Independents,21,Boise State,Mountain West,7,Notre Dame,Boise State,4,"{'minutes': 14, 'seconds': 16}",-1,3,55,45,4,7,0,False,Punt,James Rendell punt for 45 yds for a touchback,,2025-10-04T22:09:22.000Z
401757165,40175716515,401757165103986601,15,2,Notre Dame,FBS Independents,21,Boise State,Mountain West,7,Notre Dame,Boise State,3,"{'minutes': 1, 'seconds': 33}",-1,3,52,48,1,10,0,False,Rush,Jeremiyah Love run for no gain to the BOIS 48,-1.0742999147475647,2025-10-04T22:01:23.000Z
401757165,40175716515,401757165103999901,15,6,Notre Dame,FBS Independents,21,Boise State,Mountain West,7,Notre Dame,Boise State,3,"{'minutes': 0, 'seconds': 0}",-1,3,27,73,2,35,10,False,Rush,Jeremiyah Love run for 10 yds to the ND 37,0.0930372466395486,2025-10-04T22:08:17.000Z
401757165,40175716515,401757165104854901,15,7,Notre Dame,FBS Independents,21,Boise State,Mountain West,7,Notre Dame,Boise State,4,"{'minutes': 14, 'seconds': 50}",-1,3,37,63,3,25,18,False,Pass Reception,CJ Carr pass complete to Jordan Faison for 18 yds to the BOIS 45,1.1177683799468303,2025-10-04T22:08:17.000Z
401757165,40175716516,401757165104885601,16,5,Boise State,Mountain West,7,Notre Dame,FBS Independents,21,Notre Dame,Boise State,4,"{'minutes': 11, 'seconds': 43}",3,-1,54,54,1,10,-15,False,Penalty,"(11:49) Shotgun Madsen,Maddux pass complete deep right to Marshall,Chris caught at UND31, for 0 yards to the BSU46 PENALTY BSU Pass Interference (Marshall,Chris) 15 yards from BSU46 to BSU31. NO PLAY.",,2025-10-04T22:12:49.000Z
401757165,40175716516,401757165104887501,16,6,Boise State,Mountain West,7,Notre Dame,FBS Independents,21,Notre Dame,Boise State,4,"{'minutes': 11, 'seconds': 24}",3,-1,69,69,1,25,-5,False,Penalty,"PENALTY BSU False Start (Metoyer,Daylon) 5 yards from BSU31 to BSU26. NO PLAY.",,2025-10-04T22:13:43.000Z
401757165,40175716516,401757165104897904,16,9,Boise State,Mountain West,7,Notre Dame,FBS Independents,21,Notre Dame,Boise State,4,"{'minutes': 10, 'seconds': 20}",3,-1,71,71,2,27,15,False,Penalty,"(10:24) Shotgun Madsen,Maddux pass intercepted by Sneed,Jaylen at BSU34, End Of Play PENALTY UND Roughing The Passer (Onye,Jason) 15 yards from BSU29 to BSU44, 1ST DOWN. NO PLAY.",,2025-10-04T22:15:29.000Z
401757165,40175716516,401757165104859001,16,1,Boise State,Mountain West,7,Notre Dame,FBS Independents,21,Notre Dame,Boise State,4,"{'minutes': 14, 'seconds': 9}",3,-1,80,80,1,10,4,False,Rush,Dylan Riley run for 4 yds to the BOIS 24,-0.0884321258012219,2025-10-04T22:10:10.000Z
401757165,40175716516,401757165104867001,16,2,Boise State,Mountain West,7,Notre Dame,FBS Independents,21,Notre Dame,Boise State,4,"{'minutes': 13, 'seconds': 29}",3,-1,76,76,2,6,11,False,Pass Reception,Maddux Madsen pass complete to Latrell Caples for 11 yds to the BOIS 35 for a 1ST down,1.23177291071499,2025-10-04T22:10:45.000Z
401757165,40175716516,401757165104874701,16,3,Boise State,Mountain West,7,Notre Dame,FBS Independents,21,Notre Dame,Boise State,4,"{'minutes': 12, 'seconds': 52}",3,-1,65,65,1,10,6,False,Rush,Sire Gaines run for 6 yds to the BOIS 41,0.3983464844048346,2025-10-04T22:11:25.000Z
401757165,40175716516,401757165104876801,16,4,Boise State,Mountain West,7,Notre Dame,FBS Independents,21,Notre Dame,Boise State,4,"{'minutes': 12, 'seconds': 31}",3,-1,59,59,2,4,5,False,Rush,Sire Gaines run for 5 yds to the BOIS 46 for a 1ST down,0.6594729886012922,2025-10-04T22:11:52.000Z
401757165,40175716516,401757165104894201,16,7,Boise State,Mountain West,7,Notre Dame,FBS Independents,21,Notre Dame,Boise State,4,"{'minutes': 10, 'seconds': 57}",3,-1,74,74,1,30,3,False,Pass Reception,Maddux Madsen pass complete to Malik Sherrod for 3 yds to the BOIS 29,-0.05552648729537782,2025-10-04T22:14:27.000Z
401757165,40175716516,401757165104897901,16,8,Boise State,Mountain West,7,Notre Dame,FBS Independents,21,Notre Dame,Boise State,4,"{'minutes': 10, 'seconds': 20}",3,-1,71,71,2,27,0,False,Pass Interception Return,Maddux Madsen pass intercepted Jaylen Sneed return for no gain to the BOIS 34,0.2520720356018771,2025-10-04T22:15:29.000Z
401757165,40175716516,401757165104899301,16,10,Boise State,Mountain West,7,Notre Dame,FBS Independents,21,Notre Dame,Boise State,4,"{'minutes': 10, 'seconds': 6}",3,-1,56,56,1,10,2,False,Rush,Sire Gaines run for 2 yds to the BOIS 46,-0.6840321413406637,2025-10-04T22:16:20.000Z
401757165,40175716516,401757165104907201,16,11,Boise State,Mountain West,7,Notre Dame,FBS Independents,21,Notre Dame,Boise State,4,"{'minutes': 9, 'seconds': 27}",3,-1,54,54,2,8,0,False,Pass Incompletion,Maddux Madsen pass incomplete to Matt Wagner,-1.0302301559913971,2025-10-04T22:16:56.000Z
401757165,40175716516,401757165104908501,16,12,Boise State,Mountain West,7,Notre Dame,FBS Independents,21,Notre Dame,Boise State,4,"{'minutes': 9, 'seconds': 14}",3,-1,54,54,3,8,6,False,Rush,Maddux Madsen run for 6 yds to the ND 48,0.2524189840938096,2025-10-04T22:17:47.000Z
401757165,40175716516,401757165104916201,16,13,Boise State,Mountain West,7,Notre Dame,FBS Independents,21,Notre Dame,Boise State,4,"{'minutes': 8, 'seconds': 37}",3,-1,48,48,4,2,0,False,Pass Incompletion,Maddux Madsen pass incomplete to Matt Wagner,-1.1679739053824427,2025-10-04T22:18:24.000Z
401757165,40175716516,401757165104916202,16,14,Boise State,Mountain West,7,Notre Dame,FBS Independents,21,Notre Dame,Boise State,4,"{'minutes': 8, 'seconds': 37}",3,-1,48,48,4,2,0,False,Pass Incompletion,Maddux Madsen pass incomplete to Matt Wagner,-1.1679739053824427,2025-10-04T22:18:24.000Z
401757165,40175716517,401757165104916204,17,1,Notre Dame,FBS Independents,21,Boise State,Mountain West,7,Notre Dame,Boise State,4,"{'minutes': 8, 'seconds': 37}",-2,3,51,49,2,7,0,False,Timeout,"Timeout Notre Dame, clock 08:37",,2025-10-04T22:18:24.000Z
401757165,40175716517,401757165104924504,17,4,Boise State,Mountain West,7,Notre Dame,FBS Independents,21,Notre Dame,Boise State,4,"{'minutes': 7, 'seconds': 54}",3,-3,75,75,1,10,0,False,Timeout,"Timeout Notre Dame, clock 07:54",,2025-10-04T22:23:08.000Z
401757165,40175716517,401757165104916801,17,2,Notre Dame,FBS Independents,21,Boise State,Mountain West,7,Notre Dame,Boise State,4,"{'minutes': 8, 'seconds': 31}",-2,3,48,52,1,10,3,False,Rush,Jadarian Price run for 3 yds to the BOIS 49,-0.4041069346079117,2025-10-04T22:21:51.000Z
401757165,40175716517,401757165104924501,17,3,Notre Dame,FBS Independents,28,Boise State,Mountain West,7,Notre Dame,Boise State,4,"{'minutes': 7, 'seconds': 54}",-2,3,51,49,2,7,49,True,Rushing Touchdown,Jadarian Price run for 49 yds for a TD (Marcello Diomede KICK),4.412161223318343,2025-10-04T22:22:22.000Z
401757165,40175716518,401757165104924505,18,1,Notre Dame,FBS Independents,28,Boise State,Mountain West,7,Notre Dame,Boise State,4,"{'minutes': 7, 'seconds': 54}",-3,3,35,65,1,10,0,False,Kickoff,Erik Schmidt kickoff for 65 yds for a touchback,,2025-10-04T22:23:08.000Z
401757165,40175716518,401757165104934402,18,5,Boise State,Mountain West,7,Notre Dame,FBS Independents,28,Notre Dame,Boise State,4,"{'minutes': 6, 'seconds': 55}",3,-3,56,56,2,3,-10,False,Penalty,"(06:58) No Huddle-Shotgun Madsen,Maddux pass incomplete short right to Marshall,Chris thrown to UND40 broken up by Faraimo,Madden PENALTY BSU Holding (Holmes,Zach) 10 yards from BSU44 to BSU34. NO PLAY.",,2025-10-04T22:28:06.000Z
401757165,40175716518,401757165104945101,18,9,Boise State,Mountain West,7,Notre Dame,FBS Independents,28,Notre Dame,Boise State,4,"{'minutes': 5, 'seconds': 48}",3,-3,46,46,1,10,12,False,Penalty,"(05:52) Shotgun Madsen,Maddux pass incomplete short right to Wagner,Matt thrown to UND36, 1ST DOWN, PENALTY UND Pass Interference (Talich,Luke) 12 yards from UND46 to UND34, 1ST DOWN. NO PLAY.",,2025-10-04T22:08:17.000Z
401757165,40175716518,401757165104947802,18,12,Boise State,Mountain West,7,Notre Dame,FBS Independents,28,Notre Dame,Boise State,4,"{'minutes': 5, 'seconds': 21}",3,-3,42,42,3,18,-5,False,Penalty,PENALTY BSU Illegal Substitution 5 yards from UND42 to UND47. NO PLAY.,,2025-10-04T22:33:45.000Z
401757165,40175716518,401757165104925601,18,2,Boise State,Mountain West,7,Notre Dame,FBS Independents,28,Notre Dame,Boise State,4,"{'minutes': 7, 'seconds': 43}",3,-3,75,75,1,10,2,False,Pass Reception,Maddux Madsen pass complete to Matt Wagner for 2 yds to the BOIS 27,-0.45260367932203766,2025-10-04T22:27:18.000Z
401757165,40175716518,401757165104928201,18,3,Boise State,Mountain West,7,Notre Dame,FBS Independents,28,Notre Dame,Boise State,4,"{'minutes': 7, 'seconds': 17}",3,-3,73,73,2,8,10,False,Pass Reception,Maddux Madsen pass complete to Latrell Caples for 10 yds to the BOIS 37 for a 1ST down,1.479848005465609,2025-10-04T22:27:39.000Z
401757165,40175716518,401757165104929401,18,4,Boise State,Mountain West,7,Notre Dame,FBS Independents,28,Notre Dame,Boise State,4,"{'minutes': 7, 'seconds': 5}",3,-3,63,63,1,10,7,False,Pass Reception,Maddux Madsen pass complete to Ben Ford for 7 yds to the BOIS 44,0.7113806413121412,2025-10-04T22:27:53.000Z
401757165,40175716518,401757165104935001,18,6,Boise State,Mountain West,7,Notre Dame,FBS Independents,28,Notre Dame,Boise State,4,"{'minutes': 6, 'seconds': 49}",3,-3,66,66,2,13,0,False,Pass Incompletion,Maddux Madsen pass incomplete to Qumonte Williams Jr.,-0.4414369064806207,2025-10-04T22:29:04.000Z
401757165,40175716518,401757165104937001,18,7,Boise State,Mountain West,7,Notre Dame,FBS Independents,28,Notre Dame,Boise State,4,"{'minutes': 6, 'seconds': 29}",3,-3,66,66,3,13,9,False,Rush,Maddux Madsen run for 9 yds to the BOIS 43,0.39199176865911767,2025-10-04T22:30:28.000Z
401757165,40175716518,401757165104939201,18,8,Boise State,Mountain West,7,Notre Dame,FBS Independents,28,Notre Dame,Boise State,4,"{'minutes': 6, 'seconds': 7}",3,-3,57,57,4,4,11,False,Fumble Recovery (Own),"Maddux Madsen pass complete to Chris Marshall for 11 yds Chris Marshall fumbled, recovered by BOIS Latrell Caples for a 1ST down",3.088991415260182,2025-10-04T22:30:58.000Z
401757165,40175716518,401757165104945601,18,10,Boise State,Mountain West,7,Notre Dame,FBS Independents,28,Notre Dame,Boise State,4,"{'minutes': 5, 'seconds': 43}",3,-3,34,34,1,10,-8,False,Sack,Maddux Madsen sacked for a loss of 8 yards to the ND 42,-2.246930394057813,2025-10-04T22:32:50.000Z
401757165,40175716518,401757165104947801,18,11,Boise State,Mountain West,7,Notre Dame,FBS Independents,28,Notre Dame,Boise State,4,"{'minutes': 5, 'seconds': 21}",3,-3,42,42,2,18,0,False,Pass Incompletion,Maddux Madsen pass incomplete to Ben Ford,-0.9386709707983673,2025-10-04T22:33:22.000Z
401757165,40175716518,401757165104948901,18,13,Boise State,Mountain West,7,Notre Dame,FBS Independents,28,Notre Dame,Boise State,4,"{'minutes': 5, 'seconds': 10}",3,-3,47,47,3,23,13,False,Pass Reception,Maddux Madsen pass complete to Latrell Caples for 13 yds to the ND 34,1.2734851821901252,2025-10-04T22:34:39.000Z
401757165,40175716518,401757165104957301,18,14,Boise State,Mountain West,7,Notre Dame,FBS Independents,28,Notre Dame,Boise State,4,"{'minutes': 4, 'seconds': 26}",3,-3,34,34,4,10,0,False,Pass Incompletion,Maddux Madsen pass incomplete to Luke Voorhees,-1.4902738190953873,2025-10-04T22:37:39.000Z
401757165,40175716519,401757165104957309,19,1,Notre Dame,FBS Independents,28,Boise State,Mountain West,7,Notre Dame,Boise State,4,"{'minutes': 4, 'seconds': 26}",-4,3,19,81,2,18,0,False,Timeout,"Timeout Notre Dame, clock 04:26",,2025-10-04T22:37:39.000Z
401757165,40175716519,401757165104958701,19,3,Notre Dame,FBS Independents,28,Boise State,Mountain West,7,Notre Dame,Boise State,4,"{'minutes': 4, 'seconds': 12}",-5,3,23,77,3,14,0,False,Timeout,"Timeout Notre Dame, clock 04:12",,2025-10-04T22:08:17.000Z
401757165,40175716519,401757165104964201,19,6,Notre Dame,FBS Independents,28,Boise State,Mountain West,7,Notre Dame,Boise State,4,"{'minutes': 3, 'seconds': 57}",-5,3,23,77,4,14,0,False,Punt,"James Rendell punt for 44 yds, fair catch by Malik Sherrod at the BOIS 33",,2025-10-04T22:42:04.000Z
401757165,40175716519,401757165104964202,19,7,Notre Dame,FBS Independents,28,Boise State,Mountain West,7,Notre Dame,Boise State,4,"{'minutes': 3, 'seconds': 57}",-5,3,23,77,4,14,0,False,Punt,"James Rendell punt for 44 yds, fair catch by Malik Sherrod at the BOIS 33",,2025-10-04T22:42:04.000Z
401757165,40175716519,401757165104958001,19,2,Notre Dame,FBS Independents,28,Boise State,Mountain West,7,Notre Dame,Boise State,4,"{'minutes': 4, 'seconds': 19}",-4,3,27,73,1,10,-8,False,Rush,"Jordan Faison run for a loss of 8 yards to the ND 19 Notre Dame Penalty, Faison,Jordan at UND16 Face Mask (Yards) declined",-1.2974140587704763,2025-10-04T22:39:45.000Z
401757165,40175716519,401757165104958801,19,4,Notre Dame,FBS Independents,28,Boise State,Mountain West,7,Notre Dame,Boise State,4,"{'minutes': 4, 'seconds': 11}",-5,3,19,81,2,18,4,False,Rush,Jeremiyah Love run for 4 yds to the ND 23,-0.02032993713879705,2025-10-04T22:40:00.000Z
401757165,40175716519,401757165104959801,19,5,Notre Dame,FBS Independents,28,Boise State,Mountain West,7,Notre Dame,Boise State,4,"{'minutes': 4, 'seconds': 1}",-5,3,23,77,3,14,0,False,Pass Incompletion,CJ Carr pass incomplete to Micah Gilbert,-0.09011178722793203,2025-10-04T22:41:25.000Z
401757165,40175716520,401757165104984302,20,7,Boise State,Mountain West,7,Notre Dame,FBS Independents,28,Notre Dame,Boise State,4,"{'minutes': 1, 'seconds': 56}",3,-6,26,26,2,1,0,False,Timeout,"Timeout Notre Dame, clock 01:56",,2025-10-04T22:08:17.000Z
401757165,40175716520,401757165104964301,20,1,Boise State,Mountain West,7,Notre Dame,FBS Independents,28,Notre Dame,Boise State,4,"{'minutes': 3, 'seconds': 56}",3,-5,67,67,1,10,-5,False,Penalty,"PENALTY BSU False Start (Metoyer,Daylon) 5 yards from BSU33 to BSU28. NO PLAY.",,2025-10-04T22:43:00.000Z
401757165,40175716520,401757165104984301,20,6,Boise State,Mountain West,7,Notre Dame,FBS Independents,28,Notre Dame,Boise State,4,"{'minutes': 1, 'seconds': 56}",3,-5,35,35,1,10,9,False,Pass Reception,Maddux Madsen pass complete to Dylan Riley for 9 yds to the ND 26,0.750522367763128,2025-10-04T22:08:17.000Z
401757165,40175716520,401757165104965101,20,2,Boise State,Mountain West,7,Notre Dame,FBS Independents,28,Notre Dame,Boise State,4,"{'minutes': 3, 'seconds': 48}",3,-5,72,72,1,15,10,False,Rush,Maddux Madsen run for 10 yds to the BOIS 38,1.1137906590258346,2025-10-04T22:43:34.000Z
401757165,40175716520,401757165104969401,20,3,Boise State,Mountain West,7,Notre Dame,FBS Independents,28,Notre Dame,Boise State,4,"{'minutes': 3, 'seconds': 5}",3,-5,62,62,2,5,7,False,Pass Reception,Maddux Madsen pass complete to Latrell Caples for 7 yds to the BOIS 45 for a 1ST down,1.0455699242310015,2025-10-04T22:44:19.000Z
401757165,40175716520,401757165104975601,20,4,Boise State,Mountain West,7,Notre Dame,FBS Independents,28,Notre Dame,Boise State,4,"{'minutes': 2, 'seconds': 43}",3,-5,55,55,1,10,9,False,Pass Reception,Maddux Madsen pass complete to Malik Sherrod for 9 yds to the ND 46,1.2321065178353567,2025-10-04T22:44:43.000Z
401757165,40175716520,401757165104978101,20,5,Boise State,Mountain West,7,Notre Dame,FBS Independents,28,Notre Dame,Boise State,4,"{'minutes': 2, 'seconds': 18}",3,-5,46,46,2,1,11,False,Pass Reception,Maddux Madsen pass complete to Chris Marshall for 11 yds to the ND 35 for a 1ST down,0.0719179357040523,2025-10-04T22:45:04.000Z
401757165,40175716520,401757165104985401,20,8,Boise State,Mountain West,7,Notre Dame,FBS Independents,28,Notre Dame,Boise State,4,"{'minutes': 1, 'seconds': 45}",3,-6,26,26,2,1,-9,False,Sack,Maddux Madsen sacked by Jaiden Ausberry for a loss of 9 yards to the ND 35,-2.356882673936924,2025-10-04T22:48:46.000Z
401757165,40175716520,401757165104987601,20,9,Boise State,Mountain West,7,Notre Dame,FBS Independents,28,Notre Dame,Boise State,4,"{'minutes': 1, 'seconds': 23}",3,-6,35,35,3,10,3,False,Pass Interception Return,Maddux Madsen pass intercepted Leonard Moore return for 3 yds to the ND 25,-2.4210509100492477,2025-10-04T22:49:46.000Z
401757165,40175716521,401757165104999902,21,3,Notre Dame,FBS Independents,28,Boise State,Mountain West,7,Notre Dame,Boise State,4,"{'minutes': 0, 'seconds': 0}",-6,3,24,76,0,11,-1,False,End of Game,End of 4th Quarter,,2025-10-04T22:51:35.000Z
401757165,40175716521,401757165104999901,21,2,Notre Dame,FBS Independents,28,Boise State,Mountain West,7,Notre Dame,Boise State,4,"{'minutes': 0, 'seconds': 0}",-6,3,24,76,2,11,-1,False,Rush,C. Carr takes a knee,-0.3326773738532047,2025-10-04T22:51:35.000Z
401757165,40175716521,401757165104988501,21,1,Notre Dame,FBS Independents,28,Boise State,Mountain West,7,Notre Dame,Boise State,4,"{'minutes': 1, 'seconds': 14}",-6,3,25,75,1,10,-1,False,Rush,C. Carr takes a knee,-0.8014893508157099,2025-10-04T22:50:18.000Z
401760387,40176038718,401760387104926805,18,1,Boise State,Mountain West,34,New Mexico,Mountain West,17,Boise State,New Mexico,4,"{'minutes': 7, 'seconds': 31}",1,2,35,65,1,10,0,False,Kickoff,Colton Boomer kickoff for 65 yds for a touchback,,2025-10-11T04:48:11.000Z
401760387,40176038718,401760387104926807,18,2,New Mexico,Mountain West,17,Boise State,Mountain West,34,Boise State,New Mexico,4,"{'minutes': 7, 'seconds': 31}",2,1,75,75,1,10,-5,False,Penalty,PENALTY UNM Delay Of Game 5 yards from UNM25 to UNM20. NO PLAY.,,2025-10-11T04:48:11.000Z
401760387,40176038718,401760387104927401,18,3,New Mexico,Mountain West,17,Boise State,Mountain West,34,Boise State,New Mexico,4,"{'minutes': 7, 'seconds': 25}",2,1,80,80,1,15,-6,False,Sack,Jack Layne sacked by Braxton Fely for a loss of 6 yards to the UNM 14,-0.49906770151844704,2025-10-11T04:53:13.000Z
401760387,40176038718,401760387104934001,18,4,New Mexico,Mountain West,17,Boise State,Mountain West,34,Boise State,New Mexico,4,"{'minutes': 6, 'seconds': 59}",2,1,86,86,2,21,0,False,Pass Incompletion,Jack Layne pass incomplete to Keagan Johnson,-0.0519881775853026,2025-10-11T04:53:51.000Z
401760387,40176038718,401760387104934901,18,5,New Mexico,Mountain West,17,Boise State,Mountain West,34,Boise State,New Mexico,4,"{'minutes': 6, 'seconds': 50}",2,1,86,86,3,21,14,False,Pass Interception Return,Jack Layne pass intercepted Ty Benefield return for 14 yds to the UNM 33,0.3702289770747189,2025-10-11T04:55:25.000Z
401760387,40176038719,401760387104947901,19,3,Boise State,Mountain West,34,New Mexico,Mountain West,17,Boise State,New Mexico,4,"{'minutes': 5, 'seconds': 20}",1,1,75,25,4,2,0,False,Timeout,"Timeout New Mexico, clock 05:20",,2025-10-11T04:27:47.000Z
401760387,40176038719,401760387104935601,19,1,Boise State,Mountain West,34,New Mexico,Mountain West,17,Boise State,New Mexico,4,"{'minutes': 6, 'seconds': 43}",1,2,67,33,1,10,7,False,Rush,Dylan Riley run for 7 yds to the UNM 26,0.376233844475481,2025-10-11T04:57:42.000Z
401760387,40176038719,401760387104939601,19,2,Boise State,Mountain West,34,New Mexico,Mountain West,17,Boise State,New Mexico,4,"{'minutes': 6, 'seconds': 3}",1,2,74,26,2,3,1,False,Rush,Dylan Riley run for 1 yd to the UNM 25,-0.501721298388459,2025-10-11T04:58:29.000Z
401760387,40176038719,401760387104948001,19,4,Boise State,Mountain West,34,New Mexico,Mountain West,17,Boise State,New Mexico,4,"{'minutes': 5, 'seconds': 19}",1,1,75,25,3,2,0,False,Rush,Sire Gaines run for no gain to the UNM 25,-0.732272140603719,2025-10-11T04:59:15.000Z
401760387,40176038719,401760387104948501,19,5,Boise State,Mountain West,41,New Mexico,Mountain West,17,Boise State,New Mexico,4,"{'minutes': 5, 'seconds': 14}",1,1,75,25,4,2,25,True,Passing Touchdown,Ben Ford 25 Yd pass from Maddux Madsen (Colton Boomer Kick),3.760834368018685,2025-10-11T05:00:52.000Z
401760387,40176038720,401760387104948503,20,1,Boise State,Mountain West,41,New Mexico,Mountain West,17,Boise State,New Mexico,4,"{'minutes': 5, 'seconds': 14}",1,1,35,65,1,10,0,False,Kickoff,Colton Boomer kickoff for 65 yds for a touchback,,2025-10-11T05:00:52.000Z
401760387,40176038720,401760387104975901,20,9,New Mexico,Mountain West,17,Boise State,Mountain West,41,Boise State,New Mexico,4,"{'minutes': 2, 'seconds': 40}",1,1,32,32,1,10,-10,False,Penalty,"New Mexico Penalty, Offensive Holding (-10 Yards) to the BOIS 38",,2025-10-11T05:06:57.000Z
401760387,40176038720,401760387104987001,20,15,New Mexico,Mountain West,17,Boise State,Mountain West,41,Boise State,New Mexico,4,"{'minutes': 1, 'seconds': 29}",1,0,4,4,1,4,0,False,Timeout,"Timeout Boise State, clock 01:29",,2025-10-11T04:27:47.000Z
401760387,40176038720,401760387104949201,20,2,New Mexico,Mountain West,17,Boise State,Mountain West,41,Boise State,New Mexico,4,"{'minutes': 5, 'seconds': 7}",1,1,75,75,1,10,2,False,Rush,Scottre Humphrey run for 2 yds to the UNM 27,-0.45260367932203766,2025-10-11T05:03:33.000Z
401760387,40176038720,401760387104955401,20,3,New Mexico,Mountain West,17,Boise State,Mountain West,41,Boise State,New Mexico,4,"{'minutes': 4, 'seconds': 45}",1,1,73,73,2,8,6,False,Pass Reception,James Laubstein pass complete to Scottre Humphrey for 6 yds to the UNM 33,0.23301622469642863,2025-10-11T05:03:55.000Z
401760387,40176038720,401760387104957101,20,4,New Mexico,Mountain West,17,Boise State,Mountain West,41,Boise State,New Mexico,4,"{'minutes': 4, 'seconds': 28}",1,1,67,67,3,2,3,False,Rush,Scottre Humphrey run for 3 yds to the UNM 36 for a 1ST down,1.1501499665715995,2025-10-11T05:04:17.000Z
401760387,40176038720,401760387104965401,20,5,New Mexico,Mountain West,17,Boise State,Mountain West,41,Boise State,New Mexico,4,"{'minutes': 3, 'seconds': 45}",1,1,64,64,1,10,6,False,Pass Reception,James Laubstein pass complete to Keagan Johnson for 6 yds to the UNM 42,0.4008542507084805,2025-10-11T05:04:58.000Z
401760387,40176038720,401760387104966301,20,6,New Mexico,Mountain West,17,Boise State,Mountain West,41,Boise State,New Mexico,4,"{'minutes': 3, 'seconds': 36}",1,1,58,58,2,4,0,False,Pass Incompletion,James Laubstein pass incomplete to Keagan Johnson,-1.183536719019184,2025-10-11T05:05:14.000Z
401760387,40176038720,401760387104967401,20,7,New Mexico,Mountain West,17,Boise State,Mountain West,41,Boise State,New Mexico,4,"{'minutes': 3, 'seconds': 25}",1,1,58,58,3,4,0,False,Pass Reception,James Laubstein pass complete to Keagan Johnson for no gain to the UNM 42,-0.7506486965406971,2025-10-11T05:05:55.000Z
401760387,40176038720,401760387104974001,20,8,New Mexico,Mountain West,17,Boise State,Mountain West,41,Boise State,New Mexico,4,"{'minutes': 2, 'seconds': 59}",1,1,58,58,4,4,26,False,Pass Reception,James Laubstein pass complete to Dorian Thomas for 26 yds to the BOIS 32 for a 1ST down,3.809004347037769,2025-10-11T05:06:21.000Z
401760387,40176038720,401760387104978602,20,10,New Mexico,Mountain West,17,Boise State,Mountain West,41,Boise State,New Mexico,4,"{'minutes': 2, 'seconds': 13}",1,1,38,38,1,16,3,False,Pass Reception,James Laubstein pass complete to Shawn Miller for 3 yds to the BOIS 35,-0.290783526532982,2025-10-11T05:08:16.000Z
401760387,40176038720,401760387104984002,20,11,New Mexico,Mountain West,17,Boise State,Mountain West,41,Boise State,New Mexico,4,"{'minutes': 1, 'seconds': 59}",1,1,35,35,2,13,9,False,Pass Reception,James Laubstein pass complete to Cade Keith for 9 yds to the BOIS 26,0.699348294504908,2025-10-11T05:10:28.000Z
401760387,40176038720,401760387104984501,20,12,New Mexico,Mountain West,17,Boise State,Mountain West,41,Boise State,New Mexico,4,"{'minutes': 1, 'seconds': 54}",1,1,26,26,3,4,0,False,Pass Incompletion,James Laubstein pass incomplete to Keagan Johnson,-0.781217181701596,2025-10-11T05:12:03.000Z
401760387,40176038720,401760387104985301,20,13,New Mexico,Mountain West,17,Boise State,Mountain West,41,Boise State,New Mexico,4,"{'minutes': 1, 'seconds': 46}",1,1,26,26,4,4,9,False,Rush,James Laubstein run for 9 yds to the BOIS 17 for a 1ST down,1.476428748748999,2025-10-11T05:12:25.000Z
401760387,40176038720,401760387104986701,20,14,New Mexico,Mountain West,17,Boise State,Mountain West,41,Boise State,New Mexico,4,"{'minutes': 1, 'seconds': 32}",1,1,17,17,1,10,13,False,Pass Reception,James Laubstein pass complete to Cade Keith for 13 yds to the BOIS 4 for a 1ST down,0.891712584070439,2025-10-11T05:12:54.000Z
401760387,40176038720,401760387104987901,20,16,New Mexico,Mountain West,17,Boise State,Mountain West,41,Boise State,New Mexico,4,"{'minutes': 1, 'seconds': 20}",1,0,4,4,1,4,0,False,Pass Incompletion,James Laubstein pass incomplete to Zhaiel Smith,-0.6456997217339855,2025-10-11T05:14:29.000Z
401760387,40176038720,401760387104988301,20,17,New Mexico,Mountain West,25,Boise State,Mountain West,41,Boise State,New Mexico,4,"{'minutes': 1, 'seconds': 16}",1,0,4,4,2,4,4,True,Passing Touchdown,Keagan Johnson 4 Yd pass from James Laubstein (James Laubstein Run for Two-Point Conversion),2.3338902404479605,2025-10-11T05:15:11.000Z
401760387,40176038721,401760387104999902,21,4,Boise State,Mountain West,41,New Mexico,Mountain West,25,Boise State,New Mexico,4,"{'minutes': 0, 'seconds': 0}",0,1,49,51,0,11,-1,False,End of Game,End of 4th Quarter,,2025-10-11T05:19:24.000Z
401760387,40176038721,401760387104988401,21,1,New Mexico,Mountain West,25,Boise State,Mountain West,41,Boise State,New Mexico,4,"{'minutes': 1, 'seconds': 15}",1,0,65,65,1,10,0,False,Kickoff,Grant Glasgow kickoff for 15 yds,,2025-10-11T05:17:41.000Z
401760387,40176038721,401760387104989501,21,2,Boise State,Mountain West,41,New Mexico,Mountain West,25,Boise State,New Mexico,4,"{'minutes': 1, 'seconds': 4}",0,1,50,50,1,10,-1,False,Rush,(01:09) Kneel down by Boise State at BSU49 for loss of 1 yard.,-1.3492622133523626,2025-10-11T05:18:19.000Z
401760387,40176038721,401760387104999901,21,3,Boise State,Mountain West,41,New Mexico,Mountain West,25,Boise State,New Mexico,4,"{'minutes': 0, 'seconds': 0}",0,1,49,51,2,11,-1,False,Rush,(00:36) Kneel down by Boise State at BSU48 for loss of 1 yard.,-1.1297417850579086,2025-10-11T05:19:24.000Z
401760387,4017603871,401760387101849903,1,1,Boise State,Mountain West,0,New Mexico,Mountain West,0,Boise State,New Mexico,1,"{'minutes': 15, 'seconds': 0}",3,3,35,65,1,10,0,False,Kickoff,Colton Boomer kickoff for 65 yds for a touchback,,2025-10-12T02:00:55.000Z
401760387,4017603871,401760387101849905,1,2,New Mexico,Mountain West,0,Boise State,Mountain West,0,Boise State,New Mexico,1,"{'minutes': 15, 'seconds': 0}",3,3,75,75,1,10,-5,False,Penalty,PENALTY UNM Delay Of Game 5 yards from UNM25 to UNM20. NO PLAY.,,2025-10-12T02:00:55.000Z
401760387,4017603871,401760387101855101,1,3,New Mexico,Mountain West,0,Boise State,Mountain West,0,Boise State,New Mexico,1,"{'minutes': 14, 'seconds': 48}",3,3,80,80,1,15,-2,False,Fumble Recovery (Own),"Jack Layne sacked by Jayden Virgin-Morgan for a loss of 2 yards to the UNM 18 Jack Layne fumbled, recovered by BOIS Marco Notarainni , return for 0 yards",-0.4043481718438606,2025-10-12T02:03:08.000Z
401760387,4017603872,401760387101888001,2,8,Boise State,Mountain West,3,New Mexico,Mountain West,0,Boise State,New Mexico,1,"{'minutes': 11, 'seconds': 19}",3,3,94,6,4,6,24,True,Field Goal Good,Colton Boomer 24 yd FG GOOD,,2025-10-12T02:07:49.000Z
401760387,4017603872,401760387101855501,2,1,Boise State,Mountain West,0,New Mexico,Mountain West,0,Boise State,New Mexico,1,"{'minutes': 14, 'seconds': 44}",3,3,82,18,1,10,0,False,Pass Incompletion,Maddux Madsen pass incomplete to Malik Sherrod,-0.350740748439042,2025-10-12T02:03:17.000Z
401760387,4017603872,401760387101856101,2,2,Boise State,Mountain West,0,New Mexico,Mountain West,0,Boise State,New Mexico,1,"{'minutes': 14, 'seconds': 38}",3,3,82,18,2,10,5,False,Rush,Dylan Riley run for 5 yds to the UNM 13,0.041046352184617,2025-10-12T02:04:05.000Z
401760387,4017603872,401760387101859601,2,3,Boise State,Mountain West,0,New Mexico,Mountain West,0,Boise State,New Mexico,1,"{'minutes': 14, 'seconds': 3}",3,3,87,13,3,5,4,False,Rush,Dylan Riley run for 4 yds to the UNM 9,-0.041600754239342,2025-10-12T02:04:29.000Z
401760387,4017603872,401760387101866701,2,4,Boise State,Mountain West,0,New Mexico,Mountain West,0,Boise State,New Mexico,1,"{'minutes': 13, 'seconds': 32}",3,3,91,9,4,1,2,False,Rush,Sire Gaines run for 2 yds to the UNM 7 for a 1ST down,0.746333229237147,2025-10-12T02:05:15.000Z
401760387,4017603872,401760387101875301,2,5,Boise State,Mountain West,0,New Mexico,Mountain West,0,Boise State,New Mexico,1,"{'minutes': 12, 'seconds': 46}",3,3,93,7,1,7,1,False,Rush,Sire Gaines run for 1 yd to the UNM 6,-0.331912362454727,2025-10-12T02:05:56.000Z
401760387,4017603872,401760387101884301,2,6,Boise State,Mountain West,0,New Mexico,Mountain West,0,Boise State,New Mexico,1,"{'minutes': 11, 'seconds': 56}",3,3,94,6,2,6,0,False,Rush,Maddux Madsen run for no gain to the UNM 6,-0.29509485739271,2025-10-12T02:06:40.000Z
401760387,4017603872,401760387101887901,2,7,Boise State,Mountain West,0,New Mexico,Mountain West,0,Boise State,New Mexico,1,"{'minutes': 11, 'seconds': 20}",3,3,94,6,3,6,0,False,Pass Incompletion,Maddux Madsen pass incomplete to Matt Wagner,-0.3038593850582816,2025-10-12T02:07:13.000Z
401760387,4017603873,401760387101888002,3,1,Boise State,Mountain West,3,New Mexico,Mountain West,0,Boise State,New Mexico,1,"{'minutes': 11, 'seconds': 19}",3,3,35,65,1,10,0,False,Kickoff,Colton Boomer kickoff for 65 yds for a touchback,,2025-10-12T02:07:49.000Z
401760387,4017603873,401760387101888401,3,2,New Mexico,Mountain West,0,Boise State,Mountain West,3,Boise State,New Mexico,1,"{'minutes': 11, 'seconds': 15}",3,3,75,75,1,10,10,False,Pass Reception,Jack Layne pass complete to Dorian Thomas for 10 yds to the UNM 35 for a 1ST down,0.8350381090299867,2025-10-12T02:10:03.000Z
401760387,4017603873,401760387101895001,3,3,New Mexico,Mountain West,0,Boise State,Mountain West,3,Boise State,New Mexico,1,"{'minutes': 10, 'seconds': 49}",3,3,65,65,1,10,3,False,Rush,Damon Bankston run for 3 yds to the UNM 38,-0.4062307312880424,2025-10-12T02:10:34.000Z
401760387,4017603873,401760387101898701,3,4,New Mexico,Mountain West,0,Boise State,Mountain West,3,Boise State,New Mexico,1,"{'minutes': 10, 'seconds': 12}",3,3,62,62,2,7,2,False,Rush,Damon Bankston run for 2 yds to the UNM 40,-0.5493962205352663,2025-10-12T02:11:15.000Z
401760387,4017603873,401760387101906201,3,5,New Mexico,Mountain West,0,Boise State,Mountain West,3,Boise State,New Mexico,1,"{'minutes': 9, 'seconds': 37}",3,3,60,60,3,5,-4,False,Pass Interception Return,Jack Layne pass intercepted A'Marion McCoy return for a loss of 4 yards to the BOIS 37,-0.8016560374853565,2025-10-12T02:13:29.000Z
401760387,4017603873,401760387101906202,3,6,New Mexico,Mountain West,0,Boise State,Mountain West,3,Boise State,New Mexico,1,"{'minutes': 9, 'seconds': 37}",3,3,60,60,3,5,-4,False,Pass Interception Return,Jack Layne pass intercepted A'Marion McCoy return for a loss of 4 yards to the BOIS 37,-0.8016560374853565,2025-10-12T02:13:29.000Z
401760387,4017603874,401760387101927101,4,6,Boise State,Mountain West,3,New Mexico,Mountain West,0,Boise State,New Mexico,1,"{'minutes': 7, 'seconds': 28}",3,3,73,27,4,5,0,False,Penalty,"Boise State Penalty, Defensive Holding (Yards) declined",,2025-10-12T02:18:18.000Z
401760387,4017603874,401760387101906901,4,1,Boise State,Mountain West,3,New Mexico,Mountain West,0,Boise State,New Mexico,1,"{'minutes': 9, 'seconds': 30}",3,3,37,63,1,10,4,False,Rush,Sire Gaines run for 4 yds to the BOIS 41,-0.1644248613169578,2025-10-12T02:15:01.000Z
401760387,4017603874,401760387101909702,4,2,Boise State,Mountain West,3,New Mexico,Mountain West,0,Boise State,New Mexico,1,"{'minutes': 9, 'seconds': 2}",3,3,41,59,2,6,27,False,Rush,"Sire Gaines run for 12 yds to the UNM 47 for a 1ST down New Mexico Penalty, Face Mask (15 yards) (Drew Speech) to the UNM 32 for a 1ST down",2.3434162293057454,2025-10-12T02:15:31.000Z
401760387,4017603874,401760387101915401,4,3,Boise State,Mountain West,3,New Mexico,Mountain West,0,Boise State,New Mexico,1,"{'minutes': 8, 'seconds': 45}",3,3,68,32,1,10,-1,False,Rush,Sire Gaines run for a loss of 1 yard to the UNM 33,-0.7627693809348699,2025-10-12T02:16:27.000Z
401760387,4017603874,401760387101915402,4,4,Boise State,Mountain West,3,New Mexico,Mountain West,0,Boise State,New Mexico,1,"{'minutes': 8, 'seconds': 45}",3,3,67,33,2,11,0,False,Pass Incompletion,Maddux Madsen pass incomplete to Chris Marshall,-0.8769225645980647,2025-10-12T02:16:27.000Z
401760387,4017603874,401760387101919501,4,5,Boise State,Mountain West,3,New Mexico,Mountain West,0,Boise State,New Mexico,1,"{'minutes': 8, 'seconds': 4}",3,3,67,33,3,11,6,False,Pass Reception,Maddux Madsen pass complete to Chris Marshall for 6 yds to the UNM 27,0.258088215325017,2025-10-12T02:17:41.000Z
401760387,4017603875,401760387101936201,5,4,New Mexico,Mountain West,0,Boise State,Mountain West,3,Boise State,New Mexico,1,"{'minutes': 6, 'seconds': 37}",3,3,65,65,4,7,0,False,Punt,"Daniel Hughes punt for 39 yds, fair catch by Malik Sherrod at the BOIS 26",,2025-10-12T02:23:45.000Z
401760387,4017603875,401760387101927901,5,1,New Mexico,Mountain West,0,Boise State,Mountain West,3,Boise State,New Mexico,1,"{'minutes': 7, 'seconds': 20}",3,3,68,68,1,10,3,False,Rush,Scottre Humphrey run for 3 yds to the UNM 35,-0.3783931239488095,2025-10-12T02:22:02.000Z
401760387,4017603875,401760387101935301,5,2,New Mexico,Mountain West,0,Boise State,Mountain West,3,Boise State,New Mexico,1,"{'minutes': 6, 'seconds': 46}",3,3,65,65,2,7,0,False,Pass Incompletion,Jack Layne pass incomplete to Keagan Johnson,-0.7715709570940418,2025-10-12T02:22:21.000Z
401760387,4017603875,401760387101935701,5,3,New Mexico,Mountain West,0,Boise State,Mountain West,3,Boise State,New Mexico,1,"{'minutes': 6, 'seconds': 42}",3,3,65,65,3,7,0,False,Pass Incompletion,Jack Layne pass incomplete to Keagan Johnson,-0.4020165304219372,2025-10-12T02:23:04.000Z
401760387,4017603876,401760387101999903,6,14,Boise State,Mountain West,10,New Mexico,Mountain West,0,Boise State,New Mexico,1,"{'minutes': 0, 'seconds': 0}",3,3,97,3,0,10,3,False,End Period,End of 1st Quarter,,2025-10-12T02:35:04.000Z
401760387,4017603876,401760387101936701,6,1,Boise State,Mountain West,3,New Mexico,Mountain West,0,Boise State,New Mexico,1,"{'minutes': 6, 'seconds': 32}",3,3,26,74,1,10,4,False,Rush,Malik Sherrod run for 4 yds to the BOIS 30,-0.119587621105615,2025-10-12T02:26:51.000Z
401760387,4017603876,401760387101944001,6,2,Boise State,Mountain West,3,New Mexico,Mountain West,0,Boise State,New Mexico,1,"{'minutes': 5, 'seconds': 59}",3,3,30,70,2,6,-1,False,Rush,Malik Sherrod run for a loss of 1 yard to the BOIS 29,-0.7758682396766226,2025-10-12T02:27:20.000Z
401760387,4017603876,401760387101947801,6,3,Boise State,Mountain West,3,New Mexico,Mountain West,0,Boise State,New Mexico,1,"{'minutes': 5, 'seconds': 21}",3,3,29,71,3,7,6,False,Pass Reception,Maddux Madsen pass complete to Malik Sherrod for 6 yds to the BOIS 35,0.13766756445599082,2025-10-12T02:27:54.000Z
401760387,4017603876,401760387101955001,6,4,Boise State,Mountain West,3,New Mexico,Mountain West,0,Boise State,New Mexico,1,"{'minutes': 4, 'seconds': 49}",3,3,35,65,4,1,2,False,Rush,Maddux Madsen run for 2 yds to the BOIS 37 for a 1ST down,1.7140538152094624,2025-10-12T02:28:44.000Z
401760387,4017603876,401760387101958301,6,5,Boise State,Mountain West,3,New Mexico,Mountain West,0,Boise State,New Mexico,1,"{'minutes': 4, 'seconds': 16}",3,3,37,63,1,10,4,False,Pass Reception,Maddux Madsen pass complete to Matt Lauter for 4 yds to the BOIS 41,-0.1644248613169578,2025-10-12T02:29:10.000Z
401760387,4017603876,401760387101959201,6,6,Boise State,Mountain West,3,New Mexico,Mountain West,0,Boise State,New Mexico,1,"{'minutes': 4, 'seconds': 7}",3,3,41,59,2,6,2,False,Rush,Sire Gaines run for 2 yds to the BOIS 43,-0.634587784400617,2025-10-12T02:29:53.000Z
401760387,4017603876,401760387101968401,6,7,Boise State,Mountain West,3,New Mexico,Mountain West,0,Boise State,New Mexico,1,"{'minutes': 3, 'seconds': 15}",3,3,43,57,3,4,4,False,Pass Reception,Maddux Madsen pass complete to Sire Gaines for 4 yds to the BOIS 47 for a 1ST down,1.7542240057220173,2025-10-12T02:00:55.000Z
401760387,4017603876,401760387101976901,6,8,Boise State,Mountain West,3,New Mexico,Mountain West,0,Boise State,New Mexico,1,"{'minutes': 2, 'seconds': 30}",3,3,47,53,1,10,23,False,Pass Reception,Maddux Madsen pass complete to Chris Marshall for 23 yds to the UNM 30 for a 1ST down,1.2810563006505367,2025-10-12T02:31:15.000Z
401760387,4017603876,401760387101979301,6,9,Boise State,Mountain West,3,New Mexico,Mountain West,0,Boise State,New Mexico,1,"{'minutes': 2, 'seconds': 6}",3,3,70,30,1,10,4,False,Rush,Dylan Riley run for 4 yds to the UNM 26,-0.049162128193405,2025-10-12T02:31:54.000Z
401760387,4017603876,401760387101987302,6,10,Boise State,Mountain West,3,New Mexico,Mountain West,0,Boise State,New Mexico,1,"{'minutes': 1, 'seconds': 26}",3,3,74,26,2,6,17,False,Pass Reception,"Maddux Madsen pass complete to Chris Marshall for 7 yds to the UNM 19 for a 1ST down New Mexico Penalty, Face Mask (10 yards) (Frankie Edwards III) to the UNM 9 for a 1ST down",0.439167437469708,2025-10-12T02:32:31.000Z
401760387,4017603876,401760387101989901,6,11,Boise State,Mountain West,3,New Mexico,Mountain West,0,Boise State,New Mexico,1,"{'minutes': 1, 'seconds': 0}",3,3,91,9,1,9,5,False,Rush,Malik Sherrod run for 5 yds to the UNM 4,0.0903475831985075,2025-10-12T02:33:41.000Z
401760387,4017603876,401760387101996701,6,12,Boise State,Mountain West,3,New Mexico,Mountain West,0,Boise State,New Mexico,1,"{'minutes': 0, 'seconds': 32}",3,3,96,4,2,4,2,False,Rush,Sire Gaines run for 2 yds to the UNM 2,-0.2109400436149005,2025-10-12T02:34:50.000Z
401760387,4017603876,401760387101999901,6,13,Boise State,Mountain West,10,New Mexico,Mountain West,0,Boise State,New Mexico,1,"{'minutes': 0, 'seconds': 0}",3,3,98,2,3,2,2,True,Rushing Touchdown,Sire Gaines run for 2 yds for a TD (Colton Boomer KICK),2.544830284062861,2025-10-12T02:35:04.000Z
401760387,4017603876,401760387102855201,6,15,Boise State,Mountain West,10,New Mexico,Mountain West,7,Boise State,New Mexico,2,"{'minutes': 14, 'seconds': 47}",3,3,35,65,1,10,100,True,Kickoff Return Touchdown,Damon Bankston 100 Yd Kickoff Return (Luke Drzewiecki Kick),,2025-10-12T02:39:26.000Z
401760387,4017603877,401760387102855801,7,1,New Mexico,Mountain West,14,Boise State,Mountain West,10,Boise State,New Mexico,2,"{'minutes': 14, 'seconds': 41}",3,3,65,65,1,10,19,False,Kickoff Return (Offense),"Charles Steinkamp kickoff for 65 yds , Malik Sherrod return for 19 yds to the BOIS 19",,2025-10-12T02:43:29.000Z
401760387,4017603877,401760387102867901,7,5,Boise State,Mountain West,10,New Mexico,Mountain West,14,Boise State,New Mexico,2,"{'minutes': 13, 'seconds': 20}",3,3,16,84,4,13,0,False,Punt,"Oscar Doyle punt for 42 yds, fair catch by Shawn Miller at the UNM 42",,2025-10-12T02:46:05.000Z
401760387,4017603877,401760387102856101,7,2,Boise State,Mountain West,10,New Mexico,Mountain West,14,Boise State,New Mexico,2,"{'minutes': 14, 'seconds': 38}",3,3,19,81,1,10,0,False,Pass Incompletion,Maddux Madsen pass incomplete to Chris Marshall,-0.5327945515514214,2025-10-12T02:44:10.000Z
401760387,4017603877,401760387102856801,7,3,Boise State,Mountain West,10,New Mexico,Mountain West,14,Boise State,New Mexico,2,"{'minutes': 14, 'seconds': 31}",3,3,19,81,2,10,-8,False,Sack,Maddux Madsen sacked by Jalen McIver for a loss of 8 yards to the BOIS 11,-0.393826193706845,2025-10-12T02:44:47.000Z
401760387,4017603877,401760387102864901,7,4,Boise State,Mountain West,10,New Mexico,Mountain West,14,Boise State,New Mexico,2,"{'minutes': 13, 'seconds': 50}",3,3,11,89,3,18,5,False,Pass Reception,Maddux Madsen pass complete to Malik Sherrod for 5 yds to the BOIS 16,0.0031716559287052,2025-10-12T02:45:37.000Z
401760387,4017603878,401760387102875302,8,4,New Mexico,Mountain West,14,Boise State,Mountain West,10,Boise State,New Mexico,2,"{'minutes': 12, 'seconds': 46}",3,3,54,54,4,6,15,False,Penalty,"PENALTY BSU UNS: Unsportsmanlike Conduct (Virgin-Morgan,Jayden) 15 yards from UNM46 to BSU39, 1ST DOWN. NO PLAY.",,2025-10-12T02:51:14.000Z
401760387,4017603878,401760387102896501,8,9,New Mexico,Mountain West,14,Boise State,Mountain West,10,Boise State,New Mexico,2,"{'minutes': 10, 'seconds': 34}",3,2,1,1,2,1,0,False,Timeout,"Timeout Boise State, clock 10:34",,2025-10-12T02:39:21.000Z
401760387,4017603878,401760387102896904,8,11,Boise State,Mountain West,10,New Mexico,Mountain West,7,Boise State,New Mexico,2,"{'minutes': 10, 'seconds': 30}",1,3,25,75,1,10,0,False,Timeout,"Timeout Boise State, clock 10:30",,2025-10-12T02:56:17.000Z
401760387,4017603878,401760387102868301,8,1,New Mexico,Mountain West,14,Boise State,Mountain West,10,Boise State,New Mexico,2,"{'minutes': 13, 'seconds': 16}",3,3,58,58,1,10,4,False,Rush,Damon Bankston run for 4 yds to the UNM 46,-0.1665264279012551,2025-10-12T02:49:11.000Z
401760387,4017603878,401760387102874901,8,2,New Mexico,Mountain West,14,Boise State,Mountain West,10,Boise State,New Mexico,2,"{'minutes': 12, 'seconds': 50}",3,3,54,54,2,6,0,False,Pass Incompletion,D.J. McKinney pass incomplete to Jack Layne,-1.1287444411219418,2025-10-12T02:50:37.000Z
401760387,4017603878,401760387102875301,8,3,New Mexico,Mountain West,14,Boise State,Mountain West,10,Boise State,New Mexico,2,"{'minutes': 12, 'seconds': 46}",3,3,54,54,3,6,0,False,Pass Incompletion,Jack Layne pass incomplete to Keagan Johnson,-0.767058733604892,2025-10-12T02:51:14.000Z
401760387,4017603878,401760387102875701,8,5,New Mexico,Mountain West,14,Boise State,Mountain West,10,Boise State,New Mexico,2,"{'minutes': 12, 'seconds': 42}",3,3,39,39,1,10,12,False,Rush,D.J. McKinney run for 12 yds to the BOIS 27 for a 1ST down,0.399157713540065,2025-10-12T02:52:23.000Z
401760387,4017603878,401760387102879001,8,6,New Mexico,Mountain West,14,Boise State,Mountain West,10,Boise State,New Mexico,2,"{'minutes': 12, 'seconds': 9}",3,3,27,27,1,10,2,False,Rush,D.J. McKinney run for 2 yds to the BOIS 25,-0.262946006262057,2025-10-12T02:52:59.000Z
401760387,4017603878,401760387102887101,8,7,New Mexico,Mountain West,14,Boise State,Mountain West,10,Boise State,New Mexico,2,"{'minutes': 11, 'seconds': 28}",3,3,25,25,2,8,24,False,Pass Reception,Jack Layne pass complete to Dorian Thomas for 24 yds to the BOIS 1 for a 1ST down,2.0662055725331,2025-10-12T02:53:49.000Z
401760387,4017603878,401760387102889701,8,8,New Mexico,Mountain West,14,Boise State,Mountain West,10,Boise State,New Mexico,2,"{'minutes': 11, 'seconds': 2}",3,3,1,1,1,1,0,False,Rush,Deshaun Buchanan run for no gain to the BOIS 1,-0.962330962352563,2025-10-12T02:54:09.000Z
401760387,4017603878,401760387102896901,8,10,New Mexico,Mountain West,14,Boise State,Mountain West,10,Boise State,New Mexico,2,"{'minutes': 10, 'seconds': 30}",3,2,1,1,2,1,1,True,Passing Touchdown,Dorian Thomas 1 Yd pass from Jack Layne (Luke Drzewiecki Kick),1.900352237473006,2025-10-12T02:56:17.000Z
401760387,4017603879,401760387102896905,9,1,New Mexico,Mountain West,14,Boise State,Mountain West,10,Boise State,New Mexico,2,"{'minutes': 10, 'seconds': 30}",3,1,65,65,1,10,0,False,Kickoff,Charles Steinkamp kickoff for 65 yds for a touchback,,2025-10-12T02:56:17.000Z
401760387,4017603879,401760387102919001,9,7,Boise State,Mountain West,10,New Mexico,Mountain West,14,Boise State,New Mexico,2,"{'minutes': 8, 'seconds': 9}",1,3,38,62,3,10,10,False,Penalty,"(08:16) Shotgun Madsen,Maddux sacked for loss of 3 yards to the BSU35 (Slayton,Xavier) PENALTY UNM Holding (Levells,Azariah) 10 yards from BSU38 to BSU48, 1ST DOWN. NO PLAY.",,2025-10-12T03:03:36.000Z
401760387,4017603879,401760387102934302,9,10,Boise State,Mountain West,10,New Mexico,Mountain West,14,Boise State,New Mexico,2,"{'minutes': 6, 'seconds': 56}",1,3,79,21,1,10,0,False,Penalty,"Boise State Penalty, False Start (Yards) declined",,
401760387,4017603879,401760387102958801,9,15,Boise State,Mountain West,10,New Mexico,Mountain West,14,Boise State,New Mexico,2,"{'minutes': 4, 'seconds': 11}",1,3,88,12,2,12,-5,False,Penalty,"PENALTY BSU False Start (Steele,Jason) 5 yards from UNM12 to UNM17. NO PLAY.",,2025-10-12T03:09:17.000Z
401760387,4017603879,401760387102968801,9,18,Boise State,Mountain West,10,New Mexico,Mountain West,14,Boise State,New Mexico,2,"{'minutes': 3, 'seconds': 11}",1,3,35,65,1,10,31,False,Kickoff Return (Offense),"Colton Boomer kickoff for 65 yds , Damon Bankston return for 31 yds to the UNM 34 New Mexico Penalty, Illegal Block (9 Yards) to the UNM 9",,2025-10-12T03:14:58.000Z
401760387,4017603879,401760387102897601,9,2,Boise State,Mountain West,10,New Mexico,Mountain West,14,Boise State,New Mexico,2,"{'minutes': 10, 'seconds': 23}",1,3,25,75,1,10,9,False,Rush,Sire Gaines run for 9 yds to the BOIS 34,1.252308359788624,2025-10-12T03:00:44.000Z
401760387,4017603879,401760387102904901,9,3,Boise State,Mountain West,10,New Mexico,Mountain West,14,Boise State,New Mexico,2,"{'minutes': 9, 'seconds': 50}",1,3,34,66,2,1,-1,False,Rush,Sire Gaines run for a loss of 1 yard to the BOIS 33,-1.471895814414233,2025-10-12T03:01:21.000Z
401760387,4017603879,401760387102909101,9,4,Boise State,Mountain West,10,New Mexico,Mountain West,14,Boise State,New Mexico,2,"{'minutes': 9, 'seconds': 8}",1,3,33,67,3,2,5,False,Pass Reception,Maddux Madsen pass complete to Ben Ford for 5 yds to the BOIS 38 for a 1ST down,1.3443389336674398,2025-10-12T03:02:03.000Z
401760387,4017603879,401760387102915301,9,5,Boise State,Mountain West,10,New Mexico,Mountain West,14,Boise State,New Mexico,2,"{'minutes': 8, 'seconds': 46}",1,3,38,62,1,10,0,False,Rush,Maddux Madsen run for no gain to the BOIS 38,-1.087995077167328,2025-10-12T03:02:25.000Z
401760387,4017603879,401760387102918101,9,6,Boise State,Mountain West,10,New Mexico,Mountain West,14,Boise State,New Mexico,2,"{'minutes': 8, 'seconds': 18}",1,3,38,62,2,10,0,False,Pass Incompletion,Maddux Madsen pass incomplete to Chris Marshall,-0.6938325521359872,2025-10-12T03:03:00.000Z
401760387,4017603879,401760387102925801,9,8,Boise State,Mountain West,10,New Mexico,Mountain West,14,Boise State,New Mexico,2,"{'minutes': 7, 'seconds': 41}",1,3,48,52,1,10,17,False,Pass Reception,Maddux Madsen pass complete to Matt Lauter for 17 yds to the UNM 35 for a 1ST down,1.035465504933475,2025-10-12T03:04:42.000Z
401760387,4017603879,401760387102929201,9,9,Boise State,Mountain West,10,New Mexico,Mountain West,14,Boise State,New Mexico,2,"{'minutes': 7, 'seconds': 7}",1,3,65,35,1,10,14,False,Pass Reception,Maddux Madsen pass complete to Dylan Riley for 14 yds to the UNM 21 for a 1ST down,0.340291969981463,2025-10-12T03:05:22.000Z
401760387,4017603879,401760387102936501,9,11,Boise State,Mountain West,10,New Mexico,Mountain West,14,Boise State,New Mexico,2,"{'minutes': 6, 'seconds': 34}",1,3,78,22,2,11,7,False,Rush,Dylan Riley run for 7 yds to the UNM 15,0.228524225921218,2025-10-12T03:06:47.000Z
401760387,4017603879,401760387102939901,9,12,Boise State,Mountain West,10,New Mexico,Mountain West,14,Boise State,New Mexico,2,"{'minutes': 6, 'seconds': 0}",1,3,85,15,3,4,3,False,Rush,Malik Sherrod run for 3 yds to the UNM 12,-0.144468303494547,2025-10-12T03:07:28.000Z
401760387,4017603879,401760387102948101,9,13,Boise State,Mountain West,10,New Mexico,Mountain West,14,Boise State,New Mexico,2,"{'minutes': 5, 'seconds': 18}",1,3,88,12,4,1,2,False,Rush,Sire Gaines run for 2 yds to the UNM 10 for a 1ST down,0.514409959021968,2025-10-12T03:08:02.000Z
401760387,4017603879,401760387102955901,9,14,Boise State,Mountain West,10,New Mexico,Mountain West,14,Boise State,New Mexico,2,"{'minutes': 4, 'seconds': 40}",1,3,90,10,1,10,-2,False,Rush,Dylan Riley run for a loss of 2 yards to the UNM 12,-0.399699048962297,2025-10-12T03:08:45.000Z
401760387,4017603879,401760387102964501,9,16,Boise State,Mountain West,10,New Mexico,Mountain West,14,Boise State,New Mexico,2,"{'minutes': 3, 'seconds': 54}",1,3,83,17,2,17,11,False,Rush,Dylan Riley run for 11 yds to the UNM 6,0.435430715328151,2025-10-12T03:09:51.000Z
401760387,4017603879,401760387102967901,9,17,Boise State,Mountain West,17,New Mexico,Mountain West,14,Boise State,New Mexico,2,"{'minutes': 3, 'seconds': 20}",1,3,94,6,3,6,6,True,Passing Touchdown,Ben Ford 6 Yd pass from Maddux Madsen (Colton Boomer Kick),2.823761850174648,2025-10-12T03:10:30.000Z
401760387,40176038710,401760387102974901,10,2,New Mexico,Mountain West,14,Boise State,Mountain West,17,Boise State,New Mexico,2,"{'minutes': 2, 'seconds': 50}",3,1,91,91,2,10,3,False,Penalty,"New Mexico Penalty, Offensive Holding (Yards) declined",,2025-10-12T03:18:00.000Z
401760387,40176038710,401760387102976801,10,3,New Mexico,Mountain West,14,Boise State,Mountain West,17,Boise State,New Mexico,2,"{'minutes': 2, 'seconds': 31}",3,1,88,88,3,7,1,False,Penalty,"New Mexico Penalty, Illegal Formation (Yards) declined",,2025-10-12T03:19:10.000Z
401760387,40176038710,401760387102979301,10,4,New Mexico,Mountain West,14,Boise State,Mountain West,17,Boise State,New Mexico,2,"{'minutes': 2, 'seconds': 6}",3,1,87,87,4,6,24,False,Punt,"Daniel Hughes punt for 54 yds , Malik Sherrod returns for 24 yds to the UNM 43",,2025-10-12T03:20:30.000Z
401760387,40176038710,401760387102979303,10,5,New Mexico,Mountain West,14,Boise State,Mountain West,17,Boise State,New Mexico,2,"{'minutes': 2, 'seconds': 6}",3,1,87,87,4,6,24,False,Punt,"Daniel Hughes punt for 54 yds , Malik Sherrod returns for 24 yds to the BOIS 30",,2025-10-12T03:20:30.000Z
401760387,40176038710,401760387102979304,10,6,New Mexico,Mountain West,14,Boise State,Mountain West,17,Boise State,New Mexico,2,"{'minutes': 2, 'seconds': 6}",3,1,87,87,4,6,24,False,Punt,"Daniel Hughes punt for 54 yds , Malik Sherrod returns for 24 yds to the BOIS 30",,2025-10-12T03:20:30.000Z
401760387,40176038710,401760387102974001,10,1,New Mexico,Mountain West,14,Boise State,Mountain West,17,Boise State,New Mexico,2,"{'minutes': 2, 'seconds': 59}",3,1,91,91,1,10,0,False,Rush,Jack Layne run for no gain to the UNM 9,-0.334056406101074,2025-10-12T03:16:07.000Z
401760387,40176038711,401760387102979901,11,1,Boise State,Mountain West,17,New Mexico,Mountain West,14,Boise State,New Mexico,2,"{'minutes': 2, 'seconds': 0}",0,3,29,71,2,11,0,False,Timeout,"Timeout Boise State, clock 02:00",,2025-10-12T02:39:21.000Z
401760387,40176038711,401760387102987302,11,7,Boise State,Mountain West,17,New Mexico,Mountain West,14,Boise State,New Mexico,2,"{'minutes': 1, 'seconds': 26}",-1,3,54,46,4,3,0,False,Timeout,"Timeout Boise State, clock 01:26",,2025-10-12T03:26:39.000Z
401760387,40176038711,401760387102987702,11,9,Boise State,Mountain West,17,New Mexico,Mountain West,14,Boise State,New Mexico,2,"{'minutes': 1, 'seconds': 22}",-1,3,61,39,1,10,-5,False,Penalty,"PENALTY BSU False Start (Carreon,Roger) 5 yards from UNM39 to UNM44. NO PLAY.",,2025-10-12T03:28:43.000Z
401760387,40176038711,401760387102998001,11,13,Boise State,Mountain West,17,New Mexico,Mountain West,14,Boise State,New Mexico,2,"{'minutes': 0, 'seconds': 19}",-1,1,53,47,4,18,0,False,Timeout,"Timeout New Mexico, clock 00:19",,2025-10-12T02:39:21.000Z
401760387,40176038711,401760387102998901,11,15,Boise State,Mountain West,17,New Mexico,Mountain West,14,Boise State,New Mexico,2,"{'minutes': 0, 'seconds': 10}",-1,1,53,47,4,18,0,False,Punt,Oscar Doyle punt for 44 yds,,2025-10-12T03:33:18.000Z
401760387,40176038711,401760387102997501,11,12,Boise State,Mountain West,17,New Mexico,Mountain West,14,Boise State,New Mexico,2,"{'minutes': 0, 'seconds': 24}",-1,2,59,41,3,12,0,False,Timeout,"Timeout New Mexico, clock 00:24",,2025-10-12T02:39:21.000Z
401760387,40176038711,401760387102984001,11,2,Boise State,Mountain West,17,New Mexico,Mountain West,14,Boise State,New Mexico,2,"{'minutes': 1, 'seconds': 59}",0,3,30,70,1,10,-1,False,Rush,Dylan Riley run for a loss of 1 yard to the BOIS 29,-0.990133578060151,2025-10-12T03:21:34.000Z
401760387,40176038711,401760387102984401,11,3,Boise State,Mountain West,17,New Mexico,Mountain West,14,Boise State,New Mexico,2,"{'minutes': 1, 'seconds': 55}",0,3,29,71,2,11,18,False,Pass Reception,"Maddux Madsen pass complete to Chris Marshall for 18 yds to the BOIS 47 for a 1ST down New Mexico Penalty, Illegal Substitution (Damon Bankston) declined for a 1ST down",2.5876206633911867,2025-10-12T03:24:33.000Z
401760387,40176038711,401760387102985201,11,4,Boise State,Mountain West,17,New Mexico,Mountain West,14,Boise State,New Mexico,2,"{'minutes': 1, 'seconds': 47}",0,3,47,53,1,10,0,False,Pass Incompletion,Maddux Madsen pass incomplete to Matt Lauter,-1.1527089917962545,2025-10-12T03:25:44.000Z
401760387,40176038711,401760387102986101,11,5,Boise State,Mountain West,17,New Mexico,Mountain West,14,Boise State,New Mexico,2,"{'minutes': 1, 'seconds': 38}",0,3,47,53,2,10,7,False,Pass Reception,Maddux Madsen pass complete to Malik Sherrod for 7 yds to the UNM 46,0.5762190096355492,2025-10-12T03:26:23.000Z
401760387,40176038711,401760387102987301,11,6,Boise State,Mountain West,17,New Mexico,Mountain West,14,Boise State,New Mexico,2,"{'minutes': 1, 'seconds': 26}",0,3,54,46,3,3,0,False,Pass Incompletion,Maddux Madsen pass incomplete to Matt Lauter,-1.1119298595815224,2025-10-12T03:26:39.000Z
401760387,40176038711,401760387102987701,11,8,Boise State,Mountain West,17,New Mexico,Mountain West,14,Boise State,New Mexico,2,"{'minutes': 1, 'seconds': 22}",-1,3,54,46,4,3,7,False,Pass Reception,Maddux Madsen pass complete to Ben Ford for 7 yds to the UNM 39 for a 1ST down,2.6432807203839843,2025-10-12T03:28:43.000Z
401760387,40176038711,401760387102988701,11,10,Boise State,Mountain West,17,New Mexico,Mountain West,14,Boise State,New Mexico,2,"{'minutes': 1, 'seconds': 12}",-1,3,56,44,1,15,5,False,Pass Reception,Maddux Madsen pass complete to Matt Lauter for 5 yds to the UNM 39,0.060715399294905,2025-10-12T03:29:43.000Z
401760387,40176038711,401760387102994801,11,11,Boise State,Mountain West,17,New Mexico,Mountain West,14,Boise State,New Mexico,2,"{'minutes': 0, 'seconds': 51}",-1,3,61,39,2,10,-2,False,Sack,Maddux Madsen sacked by Keyshawn James-Newby for a loss of 2 yards to the UNM 41,-1.4468572462703337,2025-10-12T03:30:06.000Z
401760387,40176038711,401760387102998301,11,14,Boise State,Mountain West,17,New Mexico,Mountain West,14,Boise State,New Mexico,2,"{'minutes': 0, 'seconds': 16}",-1,1,59,41,3,12,-6,False,Sack,Maddux Madsen sacked by Xavier Slayton for a loss of 6 yards to the UNM 47,-1.557114540825637,2025-10-12T03:31:39.000Z
401760387,40176038712,401760387102999902,12,2,New Mexico,Mountain West,14,Boise State,Mountain West,17,Boise State,New Mexico,2,"{'minutes': 0, 'seconds': 0}",1,-1,97,97,0,10,-1,False,End of Half,End of 2nd Quarter,,2025-10-12T03:34:39.000Z
401760387,40176038712,401760387102999901,12,1,New Mexico,Mountain West,14,Boise State,Mountain West,17,Boise State,New Mexico,2,"{'minutes': 0, 'seconds': 0}",1,-1,97,97,1,10,-1,False,Rush,J. Laubstein takes a knee,-0.294385571663633,2025-10-12T03:34:39.000Z
401760387,40176038713,401760387103849903,13,1,New Mexico,Mountain West,14,Boise State,Mountain West,17,Boise State,New Mexico,3,"{'minutes': 15, 'seconds': 0}",3,3,65,65,1,10,0,False,Kickoff,Charles Steinkamp kickoff for 65 yds for a touchback,,2025-10-11T00:00:00.000Z
401760387,40176038713,401760387103905401,13,11,Boise State,Mountain West,17,New Mexico,Mountain West,14,Boise State,New Mexico,3,"{'minutes': 9, 'seconds': 45}",3,3,78,22,3,5,-5,False,Penalty,"PENALTY BSU False Start (Metoyer,Daylon) 5 yards from UNM22 to UNM27. NO PLAY.",,2025-10-11T04:01:31.000Z
401760387,40176038713,401760387103906401,13,12,Boise State,Mountain West,17,New Mexico,Mountain West,14,Boise State,New Mexico,3,"{'minutes': 9, 'seconds': 35}",3,3,73,27,3,10,-5,False,Penalty,"PENALTY BSU False Start (Casey,Kage) 5 yards from UNM27 to UNM32. NO PLAY.",,2025-10-11T04:02:14.000Z
401760387,40176038713,401760387103907703,13,14,Boise State,Mountain West,20,New Mexico,Mountain West,14,Boise State,New Mexico,3,"{'minutes': 9, 'seconds': 22}",3,3,68,32,4,15,50,True,Field Goal Good,Colton Boomer 50 Yd Field Goal ,,2025-10-11T04:23:02.000Z
401760387,40176038713,401760387103854601,13,2,Boise State,Mountain West,17,New Mexico,Mountain West,14,Boise State,New Mexico,3,"{'minutes': 14, 'seconds': 53}",3,3,25,75,1,10,1,False,Rush,Sire Gaines run for 1 yd to the BOIS 26,-0.5874795431016855,2025-10-11T00:00:00.000Z
401760387,40176038713,401760387103858601,13,3,Boise State,Mountain West,17,New Mexico,Mountain West,14,Boise State,New Mexico,3,"{'minutes': 14, 'seconds': 13}",3,3,26,74,2,9,18,False,Pass Reception,Maddux Madsen pass complete to Ben Ford for 18 yds to the BOIS 44 for a 1ST down,2.295051881443701,2025-10-12T03:56:20.000Z
401760387,40176038713,401760387103865201,13,4,Boise State,Mountain West,17,New Mexico,Mountain West,14,Boise State,New Mexico,3,"{'minutes': 13, 'seconds': 47}",3,3,44,56,1,10,2,False,Rush,Sire Gaines run for 2 yds to the BOIS 46,-0.6840321413406637,2025-10-12T03:56:53.000Z
401760387,40176038713,401760387103869501,13,5,Boise State,Mountain West,17,New Mexico,Mountain West,14,Boise State,New Mexico,3,"{'minutes': 13, 'seconds': 4}",3,3,46,54,2,8,6,False,Rush,Sire Gaines run for 6 yds to the UNM 48,0.3546286381769157,2025-10-12T03:57:35.000Z
401760387,40176038713,401760387103877701,13,6,Boise State,Mountain West,17,New Mexico,Mountain West,14,Boise State,New Mexico,3,"{'minutes': 12, 'seconds': 22}",3,3,52,48,3,2,4,False,Rush,Sire Gaines run for 4 yds to the UNM 44 for a 1ST down,1.2867039270330327,2025-10-12T03:58:36.000Z
401760387,40176038713,401760387103885301,13,7,Boise State,Mountain West,17,New Mexico,Mountain West,14,Boise State,New Mexico,3,"{'minutes': 11, 'seconds': 46}",3,3,56,44,1,10,1,False,Rush,Malik Sherrod run for 1 yd to the UNM 43,-0.7468552089852203,2025-10-12T03:58:53.000Z
401760387,40176038713,401760387103889601,13,8,Boise State,Mountain West,17,New Mexico,Mountain West,14,Boise State,New Mexico,3,"{'minutes': 11, 'seconds': 3}",3,3,57,43,2,9,16,False,Pass Reception,Maddux Madsen pass complete to Chris Marshall for 16 yds to the UNM 27 for a 1ST down,1.4184567251037556,2025-10-12T03:59:32.000Z
401760387,40176038713,401760387103897401,13,9,Boise State,Mountain West,17,New Mexico,Mountain West,14,Boise State,New Mexico,3,"{'minutes': 10, 'seconds': 25}",3,3,73,27,1,10,0,False,Pass Incompletion,Maddux Madsen pass incomplete to Dylan Riley,-0.490975886965904,2025-10-11T04:00:09.000Z
401760387,40176038713,401760387103897901,13,10,Boise State,Mountain West,17,New Mexico,Mountain West,14,Boise State,New Mexico,3,"{'minutes': 10, 'seconds': 20}",3,3,73,27,2,10,5,False,Rush,Dylan Riley run for 5 yds to the UNM 22,0.0489574981444694,2025-10-11T04:00:44.000Z
401760387,40176038713,401760387103907201,13,13,Boise State,Mountain West,17,New Mexico,Mountain West,14,Boise State,New Mexico,3,"{'minutes': 9, 'seconds': 27}",3,3,68,32,3,15,0,False,Pass Incompletion,Maddux Madsen pass incomplete to Dylan Riley,-0.9847812486459091,2025-10-11T04:02:50.000Z
401760387,40176038714,401760387103957803,14,12,New Mexico,Mountain West,17,Boise State,Mountain West,20,Boise State,New Mexico,3,"{'minutes': 4, 'seconds': 21}",3,3,11,11,4,8,29,True,Field Goal Good,Luke Drzewiecki 29 Yd Field Goal ,,2025-10-12T03:55:52.000Z
401760387,40176038714,401760387103907701,14,1,Boise State,Mountain West,20,New Mexico,Mountain West,14,Boise State,New Mexico,3,"{'minutes': 9, 'seconds': 22}",3,3,35,65,1,10,0,False,Kickoff,Colton Boomer kickoff for 65 yds for a touchback,,2025-10-12T03:55:52.000Z
401760387,40176038714,401760387103936001,14,7,New Mexico,Mountain West,14,Boise State,Mountain West,20,Boise State,New Mexico,3,"{'minutes': 6, 'seconds': 39}",3,3,29,29,3,3,-5,False,Penalty,"PENALTY UNM False Start (Lawrence,Tyler) 5 yards from BSU29 to BSU34. NO PLAY.",,2025-10-11T04:10:54.000Z
401760387,40176038714,401760387103908201,14,2,New Mexico,Mountain West,14,Boise State,Mountain West,20,Boise State,New Mexico,3,"{'minutes': 9, 'seconds': 17}",3,3,75,75,1,10,-4,False,Rush,Damon Bankston run for a loss of 4 yards to the UNM 21,-1.0163607520985618,2025-10-11T04:07:18.000Z
401760387,40176038714,401760387103916901,14,3,New Mexico,Mountain West,14,Boise State,Mountain West,20,Boise State,New Mexico,3,"{'minutes': 8, 'seconds': 30}",3,3,79,79,2,14,7,False,Pass Reception,Jack Layne pass complete to Keagan Johnson for 7 yds to the UNM 28,0.16116160994252304,2025-10-11T04:08:01.000Z
401760387,40176038714,401760387103924501,14,4,New Mexico,Mountain West,14,Boise State,Mountain West,20,Boise State,New Mexico,3,"{'minutes': 7, 'seconds': 54}",3,3,72,72,3,7,36,False,Pass Reception,Jack Layne pass complete to Damon Bankston for 36 yds to the BOIS 36 for a 1ST down,3.922176166863564,2025-10-11T04:08:47.000Z
401760387,40176038714,401760387103927801,14,5,New Mexico,Mountain West,14,Boise State,Mountain West,20,Boise State,New Mexico,3,"{'minutes': 7, 'seconds': 21}",3,3,36,36,1,10,0,False,Pass Incompletion,Jack Layne pass incomplete to Cade Keith,-0.7215426143188567,2025-10-11T04:09:19.000Z
401760387,40176038714,401760387103928201,14,6,New Mexico,Mountain West,14,Boise State,Mountain West,20,Boise State,New Mexico,3,"{'minutes': 7, 'seconds': 17}",3,3,36,36,2,10,7,False,Rush,Damon Bankston run for 7 yds to the BOIS 29,0.4061519175082164,2025-10-11T04:09:59.000Z
401760387,40176038714,401760387103938401,14,8,New Mexico,Mountain West,14,Boise State,Mountain West,20,Boise State,New Mexico,3,"{'minutes': 6, 'seconds': 15}",3,3,34,34,3,8,21,False,Pass Reception,Jack Layne pass complete to Keagan Johnson for 21 yds to the BOIS 13 for a 1ST down,1.7103589850171415,2025-10-11T04:11:34.000Z
401760387,40176038714,401760387103944801,14,9,New Mexico,Mountain West,14,Boise State,Mountain West,20,Boise State,New Mexico,3,"{'minutes': 5, 'seconds': 51}",3,3,13,13,1,10,1,False,Rush,Damon Bankston run for 1 yd to the BOIS 12,-0.239885200119727,2025-10-11T04:11:55.000Z
401760387,40176038714,401760387103949001,14,10,New Mexico,Mountain West,14,Boise State,Mountain West,20,Boise State,New Mexico,3,"{'minutes': 5, 'seconds': 9}",3,3,12,12,2,9,0,False,Pass Incompletion,D.J. McKinney pass incomplete to Jack Layne,-0.309497634970851,2025-10-11T04:12:31.000Z
401760387,40176038714,401760387103954601,14,11,New Mexico,Mountain West,14,Boise State,Mountain West,20,Boise State,New Mexico,3,"{'minutes': 4, 'seconds': 53}",3,3,12,12,3,9,1,False,Rush,Jack Layne run for 1 yd to the BOIS 11,-0.3457046672389054,2025-10-11T04:13:32.000Z
401760387,40176038715,401760387103957801,15,1,New Mexico,Mountain West,17,Boise State,Mountain West,20,Boise State,New Mexico,3,"{'minutes': 4, 'seconds': 21}",3,3,65,65,1,10,0,False,Kickoff,Charles Steinkamp kickoff for 65 yds for a touchback,,2025-10-12T03:55:52.000Z
401760387,40176038715,401760387103975401,15,5,Boise State,Mountain West,20,New Mexico,Mountain West,17,Boise State,New Mexico,3,"{'minutes': 2, 'seconds': 45}",3,3,75,25,2,5,-5,False,Penalty,"PENALTY BSU False Start (Metoyer,Daylon) 5 yards from UNM25 to UNM30. NO PLAY.",,2025-10-11T04:20:03.000Z
401760387,40176038715,401760387103997102,15,9,Boise State,Mountain West,20,New Mexico,Mountain West,17,Boise State,New Mexico,3,"{'minutes': 0, 'seconds': 0}",3,3,85,15,0,7,0,False,End Period,End of 3rd Quarter,,2025-10-12T03:55:52.000Z
401760387,40176038715,401760387104849902,15,11,Boise State,Mountain West,20,New Mexico,Mountain West,17,Boise State,New Mexico,4,"{'minutes': 15, 'seconds': 0}",3,2,96,4,2,4,0,False,Timeout,"Timeout New Mexico, clock 15:00",,2025-10-11T00:00:00.000Z
401760387,40176038715,401760387104857704,15,14,New Mexico,Mountain West,17,Boise State,Mountain West,20,Boise State,New Mexico,4,"{'minutes': 14, 'seconds': 22}",2,2,75,75,1,10,0,False,Timeout,"Timeout Boise State, clock 14:22",,2025-10-11T04:28:23.000Z
401760387,40176038715,401760387103958601,15,2,Boise State,Mountain West,20,New Mexico,Mountain West,17,Boise State,New Mexico,3,"{'minutes': 4, 'seconds': 13}",3,3,25,75,1,10,28,False,Rush,Dylan Riley run for 28 yds to the UNM 47 for a 1ST down,2.4645528784548913,2025-10-11T04:18:23.000Z
401760387,40176038715,401760387103966401,15,3,Boise State,Mountain West,20,New Mexico,Mountain West,17,Boise State,New Mexico,3,"{'minutes': 3, 'seconds': 35}",3,3,53,47,1,10,17,False,Pass Reception,Maddux Madsen pass complete to Ben Ford for 17 yds to the UNM 30 for a 1ST down,0.798959108343659,2025-10-11T04:19:07.000Z
401760387,40176038715,401760387103969201,15,4,Boise State,Mountain West,20,New Mexico,Mountain West,17,Boise State,New Mexico,3,"{'minutes': 3, 'seconds': 7}",3,3,70,30,1,10,5,False,Pass Reception,Maddux Madsen pass complete to Matt Lauter for 5 yds to the UNM 25,0.077675021178715,2025-10-11T04:19:48.000Z
401760387,40176038715,401760387103978001,15,6,Boise State,Mountain West,20,New Mexico,Mountain West,17,Boise State,New Mexico,3,"{'minutes': 2, 'seconds': 19}",3,3,70,30,2,10,1,False,Rush,Malik Sherrod run for 1 yd to the UNM 29,-0.5793886161083873,2025-10-11T04:20:46.000Z
401760387,40176038715,401760387103986801,15,7,Boise State,Mountain West,20,New Mexico,Mountain West,17,Boise State,New Mexico,3,"{'minutes': 1, 'seconds': 31}",3,3,71,29,3,9,11,False,Pass Reception,Maddux Madsen pass complete to Cameron Bates for 11 yds to the UNM 18 for a 1ST down,1.3596839319510923,2025-10-11T04:21:27.000Z
401760387,40176038715,401760387103989501,15,8,Boise State,Mountain West,20,New Mexico,Mountain West,17,Boise State,New Mexico,3,"{'minutes': 1, 'seconds': 4}",3,3,82,18,1,10,3,False,Rush,Sire Gaines run for 3 yds to the UNM 15,-0.111402529616803,2025-10-11T04:22:03.000Z
401760387,40176038715,401760387103999901,15,10,Boise State,Mountain West,20,New Mexico,Mountain West,17,Boise State,New Mexico,3,"{'minutes': 0, 'seconds': 0}",3,3,85,15,2,7,7,False,Rush,Sire Gaines run for 7 yds to the UNM 8 for a 1ST down,0.383595669987702,2025-10-11T04:23:02.000Z
401760387,40176038715,401760387104854601,15,12,Boise State,Mountain West,20,New Mexico,Mountain West,17,Boise State,New Mexico,4,"{'minutes': 14, 'seconds': 53}",3,2,92,8,1,8,4,False,Rush,Sire Gaines run for 4 yds to the UNM 4,-0.0142906717482685,2025-10-11T00:00:00.000Z
401760387,40176038715,401760387104857701,15,13,Boise State,Mountain West,27,New Mexico,Mountain West,17,Boise State,New Mexico,4,"{'minutes': 14, 'seconds': 22}",3,2,96,4,2,4,4,True,Rushing Touchdown,Sire Gaines 4 Yd Run (Colton Boomer Kick),2.3338902404479605,2025-10-11T04:28:23.000Z
401760387,40176038716,401760387104857705,16,1,Boise State,Mountain West,27,New Mexico,Mountain West,17,Boise State,New Mexico,4,"{'minutes': 14, 'seconds': 22}",2,2,35,65,1,10,0,False,Kickoff,Colton Boomer kickoff for 65 yds for a touchback,,2025-10-11T04:28:23.000Z
401760387,40176038716,401760387104858901,16,3,New Mexico,Mountain West,17,Boise State,Mountain West,27,Boise State,New Mexico,4,"{'minutes': 14, 'seconds': 10}",2,2,75,75,2,10,-1,False,Rush,Damon Bankston run for a loss of 1 yard to the UNM 24,-0.3927938356308358,2025-10-11T04:33:28.000Z
401760387,40176038716,401760387104866601,16,4,New Mexico,Mountain West,17,Boise State,Mountain West,27,Boise State,New Mexico,4,"{'minutes': 13, 'seconds': 33}",2,2,76,76,3,11,16,False,Pass Reception,Jack Layne pass complete to Damon Bankston for 16 yds to the UNM 40 for a 1ST down,2.416618373252134,2025-10-11T04:34:01.000Z
401760387,40176038716,401760387104869401,16,5,New Mexico,Mountain West,17,Boise State,Mountain West,27,Boise State,New Mexico,4,"{'minutes': 13, 'seconds': 5}",2,2,60,60,1,10,8,False,Rush,Damon Bankston run for 8 yds to the UNM 48,1.0159674518504005,2025-10-11T04:34:39.000Z
401760387,40176038716,401760387104876601,16,6,New Mexico,Mountain West,17,Boise State,Mountain West,27,Boise State,New Mexico,4,"{'minutes': 12, 'seconds': 33}",2,2,52,52,2,2,-2,False,Rush,Damon Bankston run for a loss of 2 yards to the UNM 46,-1.8513852739586056,2025-10-11T04:35:08.000Z
401760387,40176038716,401760387104884401,16,7,New Mexico,Mountain West,17,Boise State,Mountain West,27,Boise State,New Mexico,4,"{'minutes': 11, 'seconds': 55}",2,2,54,54,3,4,0,False,Pass Incompletion,Jack Layne pass incomplete to Keagan Johnson,-0.8775745478085017,2025-10-11T04:35:47.000Z
401760387,40176038716,401760387104885001,16,8,New Mexico,Mountain West,17,Boise State,Mountain West,27,Boise State,New Mexico,4,"{'minutes': 11, 'seconds': 49}",2,2,54,54,4,4,0,False,Pass Incompletion,Jack Layne pass incomplete to Dorian Thomas,-0.5301070259396177,2025-10-11T04:36:23.000Z
401760387,40176038716,401760387104885002,16,9,New Mexico,Mountain West,17,Boise State,Mountain West,27,Boise State,New Mexico,4,"{'minutes': 11, 'seconds': 49}",2,2,54,54,4,4,0,False,Pass Incompletion,Jack Layne pass incomplete to Dorian Thomas,-0.5301070259396177,2025-10-11T04:36:23.000Z
401760387,40176038716,401760387104858301,16,2,New Mexico,Mountain West,17,Boise State,Mountain West,27,Boise State,New Mexico,4,"{'minutes': 14, 'seconds': 16}",2,2,75,75,1,10,0,False,Pass Incompletion,Jack Layne pass incomplete to Keagan Johnson,-0.7029700220436519,2025-10-11T04:32:41.000Z
401760387,40176038717,401760387104926804,17,10,New Mexico,Mountain West,17,Boise State,Mountain West,27,Boise State,New Mexico,4,"{'minutes': 7, 'seconds': 31}",2,1,75,75,1,10,0,False,Timeout,"Timeout Boise State, clock 07:31",,2025-10-11T04:48:11.000Z
401760387,40176038717,401760387104885401,17,1,Boise State,Mountain West,27,New Mexico,Mountain West,17,Boise State,New Mexico,4,"{'minutes': 11, 'seconds': 45}",2,2,54,46,1,10,7,False,Rush,Dylan Riley run for 7 yds to the UNM 39,0.529748291879379,2025-10-11T04:39:39.000Z
401760387,40176038717,401760387104886901,17,2,Boise State,Mountain West,27,New Mexico,Mountain West,17,Boise State,New Mexico,4,"{'minutes': 11, 'seconds': 30}",2,2,61,39,2,3,2,False,Rush,Dylan Riley run for 2 yds to the UNM 37,-0.5530601370156472,2025-10-11T04:43:09.000Z
401760387,40176038717,401760387104894401,17,3,Boise State,Mountain West,27,New Mexico,Mountain West,17,Boise State,New Mexico,4,"{'minutes': 10, 'seconds': 55}",2,2,63,37,3,1,11,False,Rush,Dylan Riley run for 11 yds to the UNM 26 for a 1ST down,0.846597130862552,2025-10-11T04:27:47.000Z
401760387,40176038717,401760387104898301,17,4,Boise State,Mountain West,27,New Mexico,Mountain West,17,Boise State,New Mexico,4,"{'minutes': 10, 'seconds': 16}",2,2,74,26,1,10,3,False,Rush,Dylan Riley run for 3 yds to the UNM 23,-0.1464938748677045,2025-10-11T04:44:13.000Z
401760387,40176038717,401760387104906201,17,5,Boise State,Mountain West,27,New Mexico,Mountain West,17,Boise State,New Mexico,4,"{'minutes': 9, 'seconds': 37}",2,2,77,23,2,7,11,False,Rush,Dylan Riley run for 11 yds to the UNM 12 for a 1ST down,0.3364014552399595,2025-10-11T04:44:53.000Z
401760387,40176038717,401760387104914501,17,6,Boise State,Mountain West,27,New Mexico,Mountain West,17,Boise State,New Mexico,4,"{'minutes': 8, 'seconds': 54}",2,2,88,12,1,10,-1,False,Rush,Dylan Riley run for a loss of 1 yard to the UNM 13,-0.35941883203094,2025-10-11T04:45:33.000Z
401760387,40176038717,401760387104918201,17,7,Boise State,Mountain West,27,New Mexico,Mountain West,17,Boise State,New Mexico,4,"{'minutes': 8, 'seconds': 17}",2,2,87,13,2,11,3,False,Rush,Malik Sherrod run for 3 yds to the UNM 10,-0.0999118135849205,2025-10-11T04:46:11.000Z
401760387,40176038717,401760387104926301,17,8,Boise State,Mountain West,27,New Mexico,Mountain West,17,Boise State,New Mexico,4,"{'minutes': 7, 'seconds': 36}",2,2,90,10,3,8,0,False,Pass Incompletion,Maddux Madsen pass incomplete to Latrell Caples,-0.3972581304738693,2025-10-11T04:46:49.000Z
401760387,40176038717,401760387104926801,17,9,Boise State,Mountain West,34,New Mexico,Mountain West,17,Boise State,New Mexico,4,"{'minutes': 7, 'seconds': 31}",2,2,90,10,4,8,10,True,Passing Touchdown,Troy Grizzle 10 Yd pass from Oscar Doyle (Colton Boomer Kick),3.3866833181256553,2025-10-11T04:47:58.000Z
401760393,4017603931,401760393101849903,1,1,Boise State,Mountain West,0,UNLV,Mountain West,0,Boise State,UNLV,1,"{'minutes': 15, 'seconds': 0}",3,3,35,65,1,10,0,False,Kickoff,Colton Boomer kickoff for 65 yds for a touchback,,2025-10-18T19:36:01.000Z
401760393,4017603931,401760393101866001,1,5,UNLV,Mountain West,0,Boise State,Mountain West,0,Boise State,UNLV,1,"{'minutes': 13, 'seconds': 39}",3,3,72,72,4,7,0,False,Punt,"Cameron Brown punt for 32 yds, punt out-of-bounds at the BOIS 40",,2025-10-18T19:38:38.000Z
401760393,4017603931,401760393101855101,1,2,UNLV,Mountain West,0,Boise State,Mountain West,0,Boise State,UNLV,1,"{'minutes': 14, 'seconds': 48}",3,3,75,75,1,10,-7,False,Sack,Anthony Colandrea sacked by Marco Notarainni for a loss of 7 yards to the UNLV 18,-1.1457661500935084,2025-10-18T19:36:45.000Z
401760393,4017603931,401760393101857801,1,3,UNLV,Mountain West,0,Boise State,Mountain West,0,Boise State,UNLV,1,"{'minutes': 14, 'seconds': 21}",3,3,82,82,2,17,10,False,Rush,Jai'Den Thomas run for 10 yds to the UNLV 28,0.2905670079374696,2025-10-18T19:37:30.000Z
401760393,4017603931,401760393101865601,1,4,UNLV,Mountain West,0,Boise State,Mountain West,0,Boise State,UNLV,1,"{'minutes': 13, 'seconds': 43}",3,3,72,72,3,7,0,False,Pass Incompletion,Anthony Colandrea pass incomplete to Jaden Bradley,-0.26587881160037785,2025-10-18T19:37:54.000Z
401760393,4017603932,401760393101887304,2,7,UNLV,Mountain West,0,Boise State,Mountain West,7,Boise State,UNLV,1,"{'minutes': 11, 'seconds': 26}",3,2,75,75,1,10,0,False,Timeout,"Timeout Boise State, clock 11:26",,2025-10-18T19:42:39.000Z
401760393,4017603932,401760393101866501,2,1,Boise State,Mountain West,0,UNLV,Mountain West,0,Boise State,UNLV,1,"{'minutes': 13, 'seconds': 34}",3,3,40,60,1,10,0,False,Pass Incompletion,Maddux Madsen pass incomplete to Latrell Caples,-1.1247712359915258,2025-10-18T19:38:58.000Z
401760393,4017603932,401760393101866801,2,2,Boise State,Mountain West,0,UNLV,Mountain West,0,Boise State,UNLV,1,"{'minutes': 13, 'seconds': 31}",3,3,40,60,2,10,1,False,Rush,Dylan Riley run for 1 yd to the BOIS 41,-0.6294708353139953,2025-10-18T19:39:42.000Z
401760393,4017603932,401760393101876301,2,3,Boise State,Mountain West,0,UNLV,Mountain West,0,Boise State,UNLV,1,"{'minutes': 12, 'seconds': 36}",3,3,41,59,3,9,26,False,Pass Reception,Maddux Madsen pass complete to Ben Ford for 26 yds to the UNLV 33 for a 1ST down,3.6080679019472086,2025-10-18T19:40:31.000Z
401760393,4017603932,401760393101879301,2,4,Boise State,Mountain West,0,UNLV,Mountain West,0,Boise State,UNLV,1,"{'minutes': 12, 'seconds': 6}",3,3,67,33,1,10,0,False,Pass Incompletion,Maddux Madsen pass incomplete to Latrell Caples,-0.6351269961541294,2025-10-18T19:41:00.000Z
401760393,4017603932,401760393101879801,2,5,Boise State,Mountain West,0,UNLV,Mountain West,0,Boise State,UNLV,1,"{'minutes': 12, 'seconds': 1}",3,3,67,33,2,10,31,False,Rush,Dylan Riley run for 31 yds to the UNLV 2 for a 1ST down,2.3249664719840193,2025-10-18T19:41:36.000Z
401760393,4017603932,401760393101887301,2,6,Boise State,Mountain West,7,UNLV,Mountain West,0,Boise State,UNLV,1,"{'minutes': 11, 'seconds': 26}",3,3,98,2,1,2,2,True,Rushing Touchdown,Sire Gaines run for 2 yds for a TD (Colton Boomer KICK),1.213235297672098,2025-10-18T19:42:19.000Z
401760393,4017603933,401760393101887201,3,1,Boise State,Mountain West,7,UNLV,Mountain West,0,Boise State,UNLV,1,"{'minutes': 11, 'seconds': 27}",2,3,35,65,1,10,0,False,Kickoff,Colton Boomer kickoff for 65 yds for a touchback,,2025-10-18T19:36:01.000Z
401760393,4017603933,401760393101926001,3,9,UNLV,Mountain West,0,Boise State,Mountain West,7,Boise State,UNLV,1,"{'minutes': 7, 'seconds': 39}",3,2,47,47,4,11,0,False,Punt,"Cameron Brown punt for 34 yds, fair catch by Malik Sherrod at the BOIS 13",,2025-10-18T19:51:31.000Z
401760393,4017603933,401760393101887901,3,2,UNLV,Mountain West,0,Boise State,Mountain West,7,Boise State,UNLV,1,"{'minutes': 11, 'seconds': 20}",3,2,75,75,1,10,15,False,Rush,Anthony Colandrea run for 15 yds to the UNLV 40 for a 1ST down,1.320854515577646,2025-10-18T19:47:10.000Z
401760393,4017603933,401760393101895001,3,3,UNLV,Mountain West,0,Boise State,Mountain West,7,Boise State,UNLV,1,"{'minutes': 10, 'seconds': 49}",3,2,60,60,1,10,3,False,Rush,Jai'Den Thomas run for 3 yds to the UNLV 43,-0.4315308590496248,2025-10-18T19:48:01.000Z
401760393,4017603933,401760393101898701,3,4,UNLV,Mountain West,0,Boise State,Mountain West,7,Boise State,UNLV,1,"{'minutes': 10, 'seconds': 12}",3,2,57,57,2,7,6,False,Rush,Keyvone Lee run for 6 yds to the UNLV 49,0.3743517491363164,2025-10-18T19:48:40.000Z
401760393,4017603933,401760393101906301,3,5,UNLV,Mountain West,0,Boise State,Mountain West,7,Boise State,UNLV,1,"{'minutes': 9, 'seconds': 36}",3,2,51,51,3,1,5,False,Rush,Keyvone Lee run for 5 yds to the BOIS 46 for a 1ST down,1.2707923059225195,2025-10-18T19:49:15.000Z
401760393,4017603933,401760393101909901,3,6,UNLV,Mountain West,0,Boise State,Mountain West,7,Boise State,UNLV,1,"{'minutes': 9, 'seconds': 0}",3,2,46,46,1,10,0,False,Pass Incompletion,Anthony Colandrea pass incomplete to Jaden Bradley,-1.0250974847844603,2025-10-18T19:49:34.000Z
401760393,4017603933,401760393101914601,3,7,UNLV,Mountain West,0,Boise State,Mountain West,7,Boise State,UNLV,1,"{'minutes': 8, 'seconds': 53}",3,2,46,46,2,10,0,False,Rush,Jai'Den Thomas run for no gain to the BOIS 46,-1.0652839330421227,2025-10-18T19:50:15.000Z
401760393,4017603933,401760393101918901,3,8,UNLV,Mountain West,0,Boise State,Mountain West,7,Boise State,UNLV,1,"{'minutes': 8, 'seconds': 10}",3,2,46,46,3,10,-1,False,Pass Reception,Anthony Colandrea pass complete to JoJo Earle for a loss of 1 yard to the BOIS 47,-0.9589882350578414,2025-10-18T19:50:58.000Z
401760393,4017603934,401760393101925802,4,1,Boise State,Mountain West,7,UNLV,Mountain West,0,Boise State,UNLV,1,"{'minutes': 7, 'seconds': 41}",1,3,16,84,2,7,0,False,Timeout,"Timeout Boise State, clock 07:41",,2025-10-18T19:36:01.000Z
401760393,4017603934,401760393101934002,4,4,Boise State,Mountain West,7,UNLV,Mountain West,0,Boise State,UNLV,1,"{'minutes': 6, 'seconds': 59}",0,3,16,84,3,7,0,False,Timeout,"Timeout Boise State, clock 06:59",,2025-10-18T19:55:08.000Z
401760393,4017603934,401760393101938401,4,6,Boise State,Mountain West,7,UNLV,Mountain West,0,Boise State,UNLV,1,"{'minutes': 6, 'seconds': 15}",0,3,8,92,4,15,0,False,Punt,"Oscar Doyle punt for 47 yds, fair catch by DeAngelo Irvin Jr. at the UNLV 45",,2025-10-18T19:59:55.000Z
401760393,4017603934,401760393101926401,4,2,Boise State,Mountain West,7,UNLV,Mountain West,0,Boise State,UNLV,1,"{'minutes': 7, 'seconds': 35}",1,3,13,87,1,10,3,False,Rush,Dylan Riley run for 3 yds to the BOIS 16,-0.16846587405937985,2025-10-18T19:54:40.000Z
401760393,4017603934,401760393101934001,4,3,Boise State,Mountain West,7,UNLV,Mountain West,0,Boise State,UNLV,1,"{'minutes': 6, 'seconds': 59}",1,3,16,84,2,7,0,False,Pass Incompletion,Maddux Madsen pass incomplete to Ben Ford,-0.30847303980734697,2025-10-18T19:55:08.000Z
401760393,4017603934,401760393101934401,4,5,Boise State,Mountain West,7,UNLV,Mountain West,0,Boise State,UNLV,1,"{'minutes': 6, 'seconds': 55}",0,3,16,84,3,7,-8,False,Sack,Maddux Madsen sacked by Tunmise Adeleye for a loss of 8 yards to the BOIS 8,-0.21361051338536985,2025-10-18T19:58:44.000Z
401760393,4017603935,401760393101947701,5,3,UNLV,Mountain West,0,Boise State,Mountain West,7,Boise State,UNLV,1,"{'minutes': 5, 'seconds': 22}",3,0,23,23,1,10,-5,False,Penalty,"PENALTY NLV False Start (Makihele,Alani) 5 yards from BOI23 to BOI28. NO PLAY.",,2025-10-18T20:02:19.000Z
401760393,4017603935,401760393101965501,5,6,UNLV,Mountain West,0,Boise State,Mountain West,7,Boise State,UNLV,1,"{'minutes': 3, 'seconds': 44}",3,0,15,15,3,2,-5,False,Penalty,(03:44) PENALTY NLV False Start 5 yards from BOI15 to BOI20. NO PLAY.,,2025-10-18T20:04:17.000Z
401760393,4017603935,401760393101968901,5,8,UNLV,Mountain West,3,Boise State,Mountain West,7,Boise State,UNLV,1,"{'minutes': 3, 'seconds': 10}",3,0,20,20,4,7,38,True,Field Goal Good,Ramon Villela 38 yd FG GOOD,,2025-10-18T20:05:44.000Z
401760393,4017603935,401760393101939401,5,1,UNLV,Mountain West,0,Boise State,Mountain West,7,Boise State,UNLV,1,"{'minutes': 6, 'seconds': 5}",3,0,55,55,1,10,0,False,Rush,Koy Moore run for no gain to the UNLV 45,-1.1618692012952412,2025-10-18T20:00:14.000Z
401760393,4017603935,401760393101946102,5,2,UNLV,Mountain West,0,Boise State,Mountain West,7,Boise State,UNLV,1,"{'minutes': 5, 'seconds': 38}",3,0,55,55,2,10,32,False,Rush,"Anthony Colandrea run for 22 yds to the BOIS 33 for a 1ST down Boise State Penalty, Defensive Holding (A'Marion McCoy) to the BOIS 23 for a 1ST down",2.7745047605403776,2025-10-18T20:00:46.000Z
401760393,4017603935,401760393101954301,5,4,UNLV,Mountain West,0,Boise State,Mountain West,7,Boise State,UNLV,1,"{'minutes': 4, 'seconds': 56}",3,0,28,28,1,15,0,False,Rush,Keyvone Lee run for no gain to the BOIS 28,-0.5495750572974937,2025-10-18T20:02:43.000Z
401760393,4017603935,401760393101958701,5,5,UNLV,Mountain West,0,Boise State,Mountain West,7,Boise State,UNLV,1,"{'minutes': 4, 'seconds': 12}",3,0,28,28,2,15,13,False,Pass Reception,Anthony Colandrea pass complete to Koy Moore for 13 yds to the BOIS 15,0.941271837704647,2025-10-18T20:03:26.000Z
401760393,4017603935,401760393101968201,5,7,UNLV,Mountain West,0,Boise State,Mountain West,7,Boise State,UNLV,1,"{'minutes': 3, 'seconds': 17}",3,0,20,20,3,7,0,False,Pass Incompletion,Anthony Colandrea pass incomplete to Quandarius Keyes,-0.6506133652668744,2025-10-18T20:04:52.000Z
401760393,4017603936,401760393101968902,6,1,UNLV,Mountain West,3,Boise State,Mountain West,7,Boise State,UNLV,1,"{'minutes': 3, 'seconds': 10}",3,0,65,65,1,10,0,False,Kickoff,Caden Costa kickoff for 65 yds for a touchback,,2025-10-18T20:05:49.000Z
401760393,4017603936,401760393101974901,6,2,Boise State,Mountain West,7,UNLV,Mountain West,3,Boise State,UNLV,1,"{'minutes': 2, 'seconds': 50}",0,3,25,75,1,10,14,False,Pass Reception,Maddux Madsen pass complete to Demetric Whitlock Jr. for 14 yds to the BOIS 39 for a 1ST down,1.2227390832564555,2025-10-18T20:09:46.000Z
401760393,4017603936,401760393101977201,6,3,Boise State,Mountain West,7,UNLV,Mountain West,3,Boise State,UNLV,1,"{'minutes': 2, 'seconds': 27}",0,3,39,61,1,10,7,False,Rush,Sire Gaines run for 7 yds to the BOIS 46,0.7076562230979297,2025-10-18T20:10:10.000Z
401760393,4017603936,401760393101985401,6,4,Boise State,Mountain West,7,UNLV,Mountain West,3,Boise State,UNLV,1,"{'minutes': 1, 'seconds': 45}",0,3,46,54,2,3,19,False,Pass Reception,Maddux Madsen pass complete to Chris Marshall for 19 yds to the UNLV 35 for a 1ST down,1.1747710295899803,2025-10-18T20:11:02.000Z
401760393,4017603936,401760393101988501,6,5,Boise State,Mountain West,14,UNLV,Mountain West,3,Boise State,UNLV,1,"{'minutes': 1, 'seconds': 14}",0,3,65,35,1,10,35,True,Rushing Touchdown,Cameron Bates run for 35 yds for a TD (Colton Boomer KICK),2.972588783776956,2025-10-18T20:11:25.000Z
401760393,4017603937,401760393101988503,7,1,Boise State,Mountain West,14,UNLV,Mountain West,3,Boise State,UNLV,1,"{'minutes': 1, 'seconds': 14}",0,3,35,65,1,10,0,False,Kickoff,Colton Boomer kickoff for 65 yds for a touchback,,2025-10-18T20:11:28.000Z
401760393,4017603937,401760393101999902,7,5,UNLV,Mountain West,3,Boise State,Mountain West,14,Boise State,UNLV,1,"{'minutes': 0, 'seconds': 0}",3,0,66,66,0,1,0,False,End Period,End of 1st Quarter,,2025-10-18T20:15:33.000Z
401760393,4017603937,401760393102854801,7,6,UNLV,Mountain West,3,Boise State,Mountain West,14,Boise State,UNLV,2,"{'minutes': 14, 'seconds': 51}",3,0,66,66,4,1,0,False,Punt,"Cameron Brown punt for 45 yds , Malik Sherrod returns for no gain to the BOIS 21",,2025-10-18T20:19:19.000Z
401760393,4017603937,401760393101989001,7,2,UNLV,Mountain West,3,Boise State,Mountain West,14,Boise State,UNLV,1,"{'minutes': 1, 'seconds': 9}",3,0,75,75,1,10,3,False,Rush,Jai'Den Thomas run for 3 yds to the UNLV 28,-0.2957674139440157,2025-10-18T20:14:16.000Z
401760393,4017603937,401760393101995801,7,3,UNLV,Mountain West,3,Boise State,Mountain West,14,Boise State,UNLV,1,"{'minutes': 0, 'seconds': 41}",3,0,72,72,2,7,6,False,Rush,Jai'Den Thomas run for 6 yds to the UNLV 34,0.272733551995068,2025-10-18T20:14:43.000Z
401760393,4017603937,401760393101999901,7,4,UNLV,Mountain West,3,Boise State,Mountain West,14,Boise State,UNLV,1,"{'minutes': 0, 'seconds': 0}",3,0,66,66,3,1,0,False,Rush,Jai'Den Thomas run for no gain to the UNLV 34,-0.7006464561644021,2025-10-18T20:15:33.000Z
401760393,4017603938,401760393102855401,8,1,Boise State,Mountain West,14,UNLV,Mountain West,3,Boise State,UNLV,2,"{'minutes': 14, 'seconds': 45}",0,3,21,79,1,10,0,False,Pass Incompletion,Maddux Madsen pass incomplete to Chase Penry,-0.585616097616759,2025-10-18T20:19:31.000Z
401760393,4017603938,401760393102856201,8,2,Boise State,Mountain West,14,UNLV,Mountain West,3,Boise State,UNLV,2,"{'minutes': 14, 'seconds': 37}",0,3,21,79,2,10,9,False,Pass Reception,Maddux Madsen pass complete to Chase Penry for 9 yds to the BOIS 30,0.5762600220667844,2025-10-18T20:20:12.000Z
401760393,4017603938,401760393102858901,8,3,Boise State,Mountain West,14,UNLV,Mountain West,3,Boise State,UNLV,2,"{'minutes': 14, 'seconds': 10}",0,3,30,70,3,1,6,False,Rush,Sire Gaines run for 6 yds to the BOIS 36 for a 1ST down,1.1926982575917995,2025-10-18T20:20:38.000Z
401760393,4017603938,401760393102866201,8,4,Boise State,Mountain West,14,UNLV,Mountain West,3,Boise State,UNLV,2,"{'minutes': 13, 'seconds': 37}",0,3,36,64,1,10,0,False,Pass Incompletion,Maddux Madsen pass incomplete to Matt Lauter,-1.041155320344064,2025-10-18T20:21:04.000Z
401760393,4017603938,401760393102867001,8,5,Boise State,Mountain West,14,UNLV,Mountain West,3,Boise State,UNLV,2,"{'minutes': 13, 'seconds': 29}",0,3,36,64,2,10,3,False,Rush,Sire Gaines run for 3 yds to the BOIS 39,-0.2715344290511279,2025-10-18T20:21:45.000Z
401760393,4017603938,401760393102874301,8,6,Boise State,Mountain West,14,UNLV,Mountain West,3,Boise State,UNLV,2,"{'minutes': 12, 'seconds': 56}",0,3,39,61,3,7,0,False,Pass Interception Return,Maddux Madsen pass intercepted Laterrance Welch return for no gain to the BOIS 46,-0.5401176428294772,2025-10-18T20:22:42.000Z
401760393,4017603939,401760393102888401,9,4,UNLV,Mountain West,3,Boise State,Mountain West,14,Boise State,UNLV,2,"{'minutes': 11, 'seconds': 15}",3,0,39,39,4,3,-5,False,Penalty,"PENALTY NLV False Start (Thomas,Will) 5 yards from BOI39 to BOI44. NO PLAY.",,2025-10-18T20:24:57.000Z
401760393,4017603939,401760393102889801,9,5,UNLV,Mountain West,3,Boise State,Mountain West,14,Boise State,UNLV,2,"{'minutes': 11, 'seconds': 1}",3,0,44,44,4,8,28,False,Punt,Cameron Brown punt for 30 yds,,2025-10-18T20:25:54.000Z
401760393,4017603939,401760393102875301,9,1,UNLV,Mountain West,3,Boise State,Mountain West,14,Boise State,UNLV,2,"{'minutes': 12, 'seconds': 46}",3,0,46,46,1,10,1,False,Rush,Keyvone Lee run for 1 yd to the BOIS 45,-0.7942209074247197,2025-10-18T20:23:07.000Z
401760393,4017603939,401760393102878601,9,2,UNLV,Mountain West,3,Boise State,Mountain West,14,Boise State,UNLV,2,"{'minutes': 12, 'seconds': 13}",3,0,45,45,2,9,6,False,Pass Reception,Anthony Colandrea pass complete to Daejon Reynolds for 6 yds to the BOIS 39,0.3113765703569984,2025-10-18T20:23:39.000Z
401760393,4017603939,401760393102885001,9,3,UNLV,Mountain West,3,Boise State,Mountain West,14,Boise State,UNLV,2,"{'minutes': 11, 'seconds': 49}",3,0,39,39,3,3,0,False,Rush,Keyvone Lee run for no gain to the BOIS 39,-1.1062801759678038,2025-10-18T20:24:13.000Z
401760393,40176039310,401760393102906201,10,4,UNLV,Mountain West,3,Boise State,Mountain West,14,Boise State,UNLV,2,"{'minutes': 9, 'seconds': 37}",3,0,1,1,1,1,0,False,Penalty,"PENALTY BOI UNS: Unsportsmanlike Conduct (McCoy,A'Marion), 1ST DOWN. NO PLAY.",,2025-10-18T20:29:24.000Z
401760393,40176039310,401760393102894701,10,1,UNLV,Mountain West,3,Boise State,Mountain West,14,Boise State,UNLV,2,"{'minutes': 10, 'seconds': 52}",3,0,16,16,1,10,-1,False,Rush,Anthony Colandrea run for a loss of 1 yard to the BOIS 17,-0.4029360320644906,2025-10-18T20:26:37.000Z
401760393,40176039310,401760393102898301,10,2,UNLV,Mountain West,3,Boise State,Mountain West,14,Boise State,UNLV,2,"{'minutes': 10, 'seconds': 16}",3,0,17,17,2,11,4,False,Pass Reception,Anthony Colandrea pass complete to Aamaris Brown for 4 yds to the BOIS 13,-0.0428353735774923,2025-10-18T20:27:14.000Z
401760393,40176039310,401760393102905902,10,3,UNLV,Mountain West,3,Boise State,Mountain West,14,Boise State,UNLV,2,"{'minutes': 9, 'seconds': 40}",3,0,13,13,3,7,12,False,Rush,"Anthony Colandrea run for 10 yds to the BOIS 3 for a 1ST down Boise State Penalty, Personal Foul (A'Marion McCoy) to the BOIS 1 for a 1ST down",2.0764728518139144,2025-10-18T20:27:55.000Z
401760393,40176039310,401760393102906601,10,5,UNLV,Mountain West,10,Boise State,Mountain West,14,Boise State,UNLV,2,"{'minutes': 9, 'seconds': 33}",3,0,1,1,1,1,1,True,Rushing Touchdown,Jai'Den Thomas run for 1 yd for a TD (Ramon Villela KICK),0.938021275120443,2025-10-18T20:29:37.000Z
401760393,40176039322,401760393103946101,22,1,Boise State,Mountain West,35,UNLV,Mountain West,24,Boise State,UNLV,3,"{'minutes': 5, 'seconds': 38}",3,3,12,88,1,10,2,False,Rush,Dylan Riley run for 2 yds to the BOIS 14,-0.24856252157946201,2025-10-18T22:07:18.000Z
401760393,40176039322,401760393103954101,22,2,Boise State,Mountain West,35,UNLV,Mountain West,24,Boise State,UNLV,3,"{'minutes': 4, 'seconds': 58}",3,3,14,86,2,8,25,False,Rush,Maddux Madsen run for 25 yds to the BOIS 39 for a 1ST down,2.1248064766989128,2025-10-18T22:08:00.000Z
401760393,40176039322,401760393103959401,22,3,Boise State,Mountain West,35,UNLV,Mountain West,24,Boise State,UNLV,3,"{'minutes': 4, 'seconds': 5}",3,3,39,61,1,10,25,False,Pass Reception,Maddux Madsen pass complete to Cameron Bates for 25 yds to the UNLV 36 for a 1ST down,1.84423794145107,2025-10-18T22:09:39.000Z
401760393,40176039322,401760393103966001,22,4,Boise State,Mountain West,35,UNLV,Mountain West,24,Boise State,UNLV,3,"{'minutes': 3, 'seconds': 39}",3,3,64,36,1,10,4,False,Rush,Dylan Riley run for 4 yds to the UNLV 32,-0.0714896390997507,2025-10-18T22:10:08.000Z
401760393,40176039322,401760393103974301,22,5,Boise State,Mountain West,35,UNLV,Mountain West,24,Boise State,UNLV,3,"{'minutes': 2, 'seconds': 56}",3,3,68,32,2,6,0,False,Rush,Maddux Madsen run for no gain to the UNLV 32,-0.7728792342011417,2025-10-18T22:10:47.000Z
401760393,40176039322,401760393103977801,22,6,Boise State,Mountain West,42,UNLV,Mountain West,24,Boise State,UNLV,3,"{'minutes': 2, 'seconds': 21}",3,3,68,32,3,6,32,True,Passing Touchdown,Maddux Madsen pass complete to Chris Marshall for 32 yds for a TD (Colton Boomer KICK),3.8551469683146884,2025-10-18T22:11:29.000Z
401760393,40176039323,401760393103977803,23,1,Boise State,Mountain West,42,UNLV,Mountain West,24,Boise State,UNLV,3,"{'minutes': 2, 'seconds': 21}",3,3,35,65,1,10,0,False,Kickoff,Colton Boomer kickoff for 65 yds for a touchback,,2025-10-18T22:11:29.000Z
401760393,40176039323,401760393103978401,23,2,UNLV,Mountain West,24,Boise State,Mountain West,42,Boise State,UNLV,3,"{'minutes': 2, 'seconds': 15}",3,3,75,75,1,10,1,False,Rush,Jai'Den Thomas run for 1 yd to the UNLV 26,-0.5874795431016855,2025-10-18T22:15:52.000Z
401760393,40176039323,401760393103986301,23,3,UNLV,Mountain West,24,Boise State,Mountain West,42,Boise State,UNLV,3,"{'minutes': 1, 'seconds': 36}",3,3,74,74,2,9,28,False,Rush,Anthony Colandrea run for 28 yds to the BOIS 46 for a 1ST down,3.1219472546885427,2025-10-18T22:16:39.000Z
401760393,40176039323,401760393103989401,23,4,UNLV,Mountain West,24,Boise State,Mountain West,42,Boise State,UNLV,3,"{'minutes': 1, 'seconds': 5}",3,3,46,46,1,10,0,False,Pass Incompletion,Anthony Colandrea pass incomplete to DeAngelo Irvin Jr.,-1.0250974847844603,2025-10-18T22:17:15.000Z
401760393,40176039323,401760393103994501,23,5,UNLV,Mountain West,24,Boise State,Mountain West,49,Boise State,UNLV,3,"{'minutes': 0, 'seconds': 54}",3,3,46,46,2,10,60,True,Interception Return Touchdown,Anthony Colandrea pass intercepted A'Marion McCoy return for 60 yds for a TD (Colton Boomer KICK),-9.431615107081075,2025-10-18T22:18:25.000Z
401760393,40176039324,401760393103994503,24,1,Boise State,Mountain West,49,UNLV,Mountain West,24,Boise State,UNLV,3,"{'minutes': 0, 'seconds': 54}",3,3,35,65,1,10,0,False,Kickoff,Colton Boomer kickoff for 65 yds for a touchback,,2025-10-18T22:18:25.000Z
401760393,40176039324,401760393103998102,24,3,UNLV,Mountain West,24,Boise State,Mountain West,49,Boise State,UNLV,3,"{'minutes': 0, 'seconds': 0}",3,3,70,70,0,5,0,False,End Period,End of 3rd Quarter,,2025-10-18T21:40:36.000Z
401760393,40176039324,401760393103996501,24,2,UNLV,Mountain West,24,Boise State,Mountain West,49,Boise State,UNLV,3,"{'minutes': 0, 'seconds': 34}",3,3,75,75,1,10,5,False,Pass Reception,Anthony Colandrea pass complete to Jaylon Glover for 5 yds to the UNLV 30,0.0945451165334843,2025-10-18T22:21:10.000Z
401760393,40176039324,401760393103999901,24,4,UNLV,Mountain West,24,Boise State,Mountain West,49,Boise State,UNLV,3,"{'minutes': 0, 'seconds': 0}",3,3,70,70,2,5,13,False,Rush,Jaylon Glover run for 13 yds to the UNLV 43 for a 1ST down,1.5178933056765107,2025-10-18T22:21:54.000Z
401760393,40176039324,401760393104854601,24,5,UNLV,Mountain West,24,Boise State,Mountain West,49,Boise State,UNLV,4,"{'minutes': 14, 'seconds': 53}",3,3,57,57,1,10,0,False,Pass Incompletion,Anthony Colandrea pass incomplete to Jaden Bradley,-1.15714755134967,2025-10-18T22:25:04.000Z
401760393,40176039324,401760393104855501,24,6,UNLV,Mountain West,24,Boise State,Mountain West,49,Boise State,UNLV,4,"{'minutes': 14, 'seconds': 44}",3,3,57,57,2,10,37,False,Rush,Jaylon Glover run for 37 yds to the BOIS 20 for a 1ST down,3.0045365198292977,2025-10-18T22:26:04.000Z
401760393,40176039324,401760393104856701,24,7,UNLV,Mountain West,24,Boise State,Mountain West,49,Boise State,UNLV,4,"{'minutes': 14, 'seconds': 32}",3,3,20,20,1,10,0,False,Pass Incompletion,Anthony Colandrea pass incomplete to Taeshaun Lyons,-0.374805786232315,2025-10-18T22:26:40.000Z
401760393,40176039324,401760393104857501,24,8,UNLV,Mountain West,24,Boise State,Mountain West,49,Boise State,UNLV,4,"{'minutes': 14, 'seconds': 24}",3,3,20,20,2,10,4,False,Rush,Jai'Den Thomas run for 4 yds to the BOIS 16,-0.048801019176272,2025-10-18T22:25:04.000Z
401760393,40176039324,401760393104865201,24,9,UNLV,Mountain West,24,Boise State,Mountain West,49,Boise State,UNLV,4,"{'minutes': 13, 'seconds': 47}",3,3,16,16,3,6,-2,False,Rush,Anthony Colandrea run for a loss of 2 yards to the BOIS 18,-0.808554260731157,2025-10-18T22:28:02.000Z
401760393,40176039324,401760393104869601,24,10,UNLV,Mountain West,24,Boise State,Mountain West,49,Boise State,UNLV,4,"{'minutes': 13, 'seconds': 3}",3,3,18,18,4,8,0,False,Pass Incompletion,Anthony Colandrea pass incomplete to JoJo Earle,-3.149911204828557,2025-10-18T22:28:35.000Z
401760393,40176039324,401760393104869602,24,11,UNLV,Mountain West,24,Boise State,Mountain West,49,Boise State,UNLV,4,"{'minutes': 13, 'seconds': 3}",3,3,18,18,4,8,0,False,Pass Incompletion,Anthony Colandrea pass incomplete to JoJo Earle,-3.149911204828557,2025-10-18T22:28:35.000Z
401760393,40176039325,401760393104906101,25,6,Boise State,Mountain West,49,UNLV,Mountain West,24,Boise State,UNLV,4,"{'minutes': 9, 'seconds': 38}",3,3,55,45,4,2,-5,False,Penalty,"PENALTY BOI False Start (Wagner,Matt) 5 yards from NLV45 to NLV50. NO PLAY.",,2025-10-18T22:36:07.000Z
401760393,40176039325,401760393104948803,25,14,Boise State,Mountain West,56,UNLV,Mountain West,24,Boise State,UNLV,4,"{'minutes': 5, 'seconds': 11}",3,3,35,65,1,10,-15,False,Penalty,PENALTY BOI UNS: Unsportsmanlike Conduct 15 yards from BOI35 to BOI20. NO PLAY.,,2025-10-18T22:42:19.000Z
401760393,40176039325,401760393104899401,25,5,Boise State,Mountain West,49,UNLV,Mountain West,24,Boise State,UNLV,4,"{'minutes': 10, 'seconds': 5}",3,3,52,48,3,5,3,False,Rush,Dylan Riley run for 3 yds to the UNLV 45,-0.3940801027152645,2025-10-18T22:34:56.000Z
401760393,40176039325,401760393104874301,25,1,Boise State,Mountain West,49,UNLV,Mountain West,24,Boise State,UNLV,4,"{'minutes': 12, 'seconds': 56}",3,3,18,82,1,10,2,False,Rush,Dylan Riley run for 2 yds to the BOIS 20,-0.3300044670451081,2025-10-18T22:32:03.000Z
401760393,40176039325,401760393104878601,25,2,Boise State,Mountain West,49,UNLV,Mountain West,24,Boise State,UNLV,4,"{'minutes': 12, 'seconds': 13}",3,3,20,80,2,8,27,False,Rush,Dylan Riley run for 27 yds to the BOIS 47 for a 1ST down,2.723003282764651,2025-10-18T22:32:44.000Z
401760393,40176039325,401760393104887001,25,3,Boise State,Mountain West,49,UNLV,Mountain West,24,Boise State,UNLV,4,"{'minutes': 11, 'seconds': 29}",3,3,47,53,1,10,3,False,Rush,Malik Sherrod run for 3 yds to the 50 yard line,-0.4117922810157673,2025-10-18T22:33:56.000Z
401760393,40176039325,401760393104895001,25,4,Boise State,Mountain West,49,UNLV,Mountain West,24,Boise State,UNLV,4,"{'minutes': 10, 'seconds': 49}",3,3,50,50,2,7,2,False,Rush,Malik Sherrod run for 2 yds to the UNLV 48,-0.6672380123554777,2025-10-18T22:34:07.000Z
401760393,40176039325,401760393104914601,25,7,Boise State,Mountain West,49,UNLV,Mountain West,24,Boise State,UNLV,4,"{'minutes': 8, 'seconds': 53}",3,3,50,50,4,7,11,False,Pass Reception,Oscar Doyle pass complete to Matt Wagner for 11 yds to the UNLV 39 for a 1ST down,3.3348117040691463,2025-10-18T22:37:13.000Z
401760393,40176039325,401760393104918401,25,8,Boise State,Mountain West,49,UNLV,Mountain West,24,Boise State,UNLV,4,"{'minutes': 8, 'seconds': 15}",3,3,61,39,1,10,6,False,Pass Reception,Maddux Madsen pass complete to Matt Lauter for 6 yds to the UNLV 33,0.258293699621337,2025-10-18T22:37:54.000Z
401760393,40176039325,401760393104919901,25,9,Boise State,Mountain West,49,UNLV,Mountain West,24,Boise State,UNLV,4,"{'minutes': 8, 'seconds': 0}",3,3,67,33,2,4,3,False,Rush,Dylan Riley run for 3 yds to the UNLV 30,-0.255537139233873,2025-10-18T22:38:21.000Z
401760393,40176039325,401760393104928101,25,10,Boise State,Mountain West,49,UNLV,Mountain West,24,Boise State,UNLV,4,"{'minutes': 7, 'seconds': 18}",3,3,70,30,3,1,5,False,Rush,Sire Gaines run for 5 yds to the UNLV 25 for a 1ST down,0.4375976322780295,2025-10-18T22:38:54.000Z
401760393,40176039325,401760393104936201,25,11,Boise State,Mountain West,49,UNLV,Mountain West,24,Boise State,UNLV,4,"{'minutes': 6, 'seconds': 37}",3,3,75,25,1,10,3,False,Rush,Dylan Riley run for 3 yds to the UNLV 22,-0.1408898471373875,2025-10-18T22:39:41.000Z
401760393,40176039325,401760393104944301,25,12,Boise State,Mountain West,49,UNLV,Mountain West,24,Boise State,UNLV,4,"{'minutes': 5, 'seconds': 56}",3,3,78,22,2,7,1,False,Rush,Sire Gaines run for 1 yd to the UNLV 21,-0.3789902815676473,2025-10-18T22:40:17.000Z
401760393,40176039325,401760393104948801,25,13,Boise State,Mountain West,56,UNLV,Mountain West,24,Boise State,UNLV,4,"{'minutes': 5, 'seconds': 11}",3,3,79,21,3,6,21,True,Passing Touchdown,Maddux Madsen pass complete to Malik Sherrod for 21 yds for a TD (Colton Boomer KICK),3.2199644909710923,2025-10-18T22:41:03.000Z
401760393,40176039326,401760393104949601,26,1,Boise State,Mountain West,56,UNLV,Mountain West,24,Boise State,UNLV,4,"{'minutes': 5, 'seconds': 3}",3,3,20,80,1,10,19,False,Kickoff Return (Offense),"Colton Boomer kickoff for 71 yds , Jaylon Glover return for 19 yds to the UNLV 28",,2025-10-18T22:45:36.000Z
401760393,40176039326,401760393104949801,26,2,UNLV,Mountain West,24,Boise State,Mountain West,56,Boise State,UNLV,4,"{'minutes': 5, 'seconds': 1}",3,3,72,72,1,10,-5,False,Penalty,(05:03) PENALTY NLV False Start 5 yards from NLV28 to NLV23. NO PLAY.,,2025-10-18T22:46:24.000Z
401760393,40176039326,401760393104955401,26,3,UNLV,Mountain West,24,Boise State,Mountain West,56,Boise State,UNLV,4,"{'minutes': 4, 'seconds': 45}",3,3,77,77,1,15,4,False,Rush,Jaylon Glover run for 4 yds to the UNLV 27,-0.07265511738922913,2025-10-18T22:46:47.000Z
401760393,40176039326,401760393104957301,26,4,UNLV,Mountain West,24,Boise State,Mountain West,56,Boise State,UNLV,4,"{'minutes': 4, 'seconds': 26}",3,3,73,73,2,11,11,False,Rush,Jaylon Glover run for 11 yds to the UNLV 38 for a 1ST down,1.8159637355306195,2025-10-18T22:47:18.000Z
401760393,40176039326,401760393104965401,26,5,UNLV,Mountain West,24,Boise State,Mountain West,56,Boise State,UNLV,4,"{'minutes': 3, 'seconds': 45}",3,3,62,62,1,10,43,False,Rush,Jaylon Glover run for 43 yds to the BOIS 19 for a 1ST down,2.3485560120419677,2025-10-18T22:47:59.000Z
401760393,40176039326,401760393104968601,26,6,UNLV,Mountain West,24,Boise State,Mountain West,56,Boise State,UNLV,4,"{'minutes': 3, 'seconds': 13}",3,3,19,19,1,10,2,False,Rush,Keyvone Lee run for 2 yds to the BOIS 17,-0.199249940829709,2025-10-18T22:48:24.000Z
401760393,40176039326,401760393104975401,26,7,UNLV,Mountain West,31,Boise State,Mountain West,56,Boise State,UNLV,4,"{'minutes': 2, 'seconds': 45}",3,3,17,17,2,8,17,True,Passing Touchdown,Anthony Colandrea pass complete to Troy Omeire for 17 yds for a TD (Ramon Villela KICK),2.803697569467232,2025-10-18T22:49:02.000Z
401760393,40176039327,401760393104975501,27,1,UNLV,Mountain West,31,Boise State,Mountain West,56,Boise State,UNLV,4,"{'minutes': 2, 'seconds': 44}",3,3,65,65,1,10,0,False,Kickoff,Caden Costa kickoff for 18 yds,,2025-10-18T22:53:29.000Z
401760393,40176039327,401760393104979901,27,3,Boise State,Mountain West,56,UNLV,Mountain West,31,Boise State,UNLV,4,"{'minutes': 2, 'seconds': 0}",2,3,50,50,2,7,0,False,Timeout,"Timeout Boise State, clock 02:00",,2025-10-18T22:25:04.000Z
401760393,40176039327,401760393104997602,27,6,Boise State,Mountain West,56,UNLV,Mountain West,31,Boise State,UNLV,4,"{'minutes': 0, 'seconds': 0}",2,3,56,44,0,11,0,False,End of Game,End of 4th Quarter,,2025-10-18T22:59:22.000Z
401760393,40176039327,401760393104976701,27,2,Boise State,Mountain West,56,UNLV,Mountain West,31,Boise State,UNLV,4,"{'minutes': 2, 'seconds': 32}",3,3,47,53,1,10,3,False,Rush,Jambres Dubar run for 3 yds to the 50 yard line,-0.4117922810157673,2025-10-18T22:53:55.000Z
401760393,40176039327,401760393104984601,27,4,Boise State,Mountain West,56,UNLV,Mountain West,31,Boise State,UNLV,4,"{'minutes': 1, 'seconds': 53}",2,3,50,50,2,7,7,False,Rush,Jambres Dubar run for 7 yds to the UNLV 43 for a 1ST down,1.1547216266582208,2025-10-18T22:57:34.000Z
401760393,40176039327,401760393104988801,27,5,Boise State,Mountain West,56,UNLV,Mountain West,31,Boise State,UNLV,4,"{'minutes': 1, 'seconds': 11}",2,3,57,43,1,10,-1,False,Rush,(01:17) Kneel down by Boise State at NLV44 for loss of 1 yard.,-1.1611287423243868,2025-10-18T22:58:18.000Z
401760393,40176039327,401760393104999901,27,7,Boise State,Mountain West,56,UNLV,Mountain West,31,Boise State,UNLV,4,"{'minutes': 0, 'seconds': 0}",2,3,56,44,2,11,-1,False,Rush,(00:28) Kneel down by Boise State at NLV45 for loss of 1 yard.,-1.2567909969407578,2025-10-18T22:59:22.000Z
401760393,40176039311,401760393102907201,11,1,UNLV,Mountain West,10,Boise State,Mountain West,14,Boise State,UNLV,2,"{'minutes': 9, 'seconds': 27}",3,0,65,65,1,10,21,False,Kickoff Return (Offense),"Caden Costa kickoff for 62 yds , Malik Sherrod return for 21 yds to the BOIS 24",,2025-10-18T20:35:24.000Z
401760393,40176039311,401760393102925301,11,5,Boise State,Mountain West,14,UNLV,Mountain West,10,Boise State,UNLV,2,"{'minutes': 7, 'seconds': 46}",0,2,93,7,3,6,0,False,Timeout,"Timeout UNLV, clock 07:46",,2025-10-18T20:19:27.000Z
401760393,40176039311,401760393102908201,11,2,Boise State,Mountain West,14,UNLV,Mountain West,10,Boise State,UNLV,2,"{'minutes': 9, 'seconds': 17}",0,3,24,76,1,10,65,False,Rush,Dylan Riley run for 65 yds to the UNLV 11 for a 1ST down,3.6238789300478658,2025-10-18T20:37:38.000Z
401760393,40176039311,401760393102909901,11,3,Boise State,Mountain West,14,UNLV,Mountain West,10,Boise State,UNLV,2,"{'minutes': 9, 'seconds': 0}",0,3,89,11,1,10,-2,False,Rush,Malik Sherrod run for a loss of 2 yards to the UNLV 13,-0.41030529891556,2025-10-18T20:39:36.000Z
401760393,40176039311,401760393102918201,11,4,Boise State,Mountain West,14,UNLV,Mountain West,10,Boise State,UNLV,2,"{'minutes': 8, 'seconds': 17}",0,3,87,13,2,12,6,False,Rush,Maddux Madsen run for 6 yds to the UNLV 7,0.092710254275946,2025-10-18T20:40:21.000Z
401760393,40176039311,401760393102925901,11,6,Boise State,Mountain West,21,UNLV,Mountain West,10,Boise State,UNLV,2,"{'minutes': 7, 'seconds': 40}",0,2,93,7,3,6,7,True,Passing Touchdown,Maddux Madsen pass complete to Latrell Caples for 7 yds for a TD (Colton Boomer KICK),2.839334458007539,2025-10-18T20:42:19.000Z
401760393,40176039312,401760393102925903,12,1,Boise State,Mountain West,21,UNLV,Mountain West,10,Boise State,UNLV,2,"{'minutes': 7, 'seconds': 40}",0,2,35,65,1,10,0,False,Kickoff,Colton Boomer kickoff for 65 yds for a touchback,,2025-10-18T20:42:55.000Z
401760393,40176039312,401760393102927101,12,2,UNLV,Mountain West,10,Boise State,Mountain West,21,Boise State,UNLV,2,"{'minutes': 7, 'seconds': 28}",2,0,75,75,1,10,2,False,Pass Reception,Anthony Colandrea pass complete to DeAngelo Irvin Jr. for 2 yds to the UNLV 27,-0.45260367932203766,2025-10-18T20:46:52.000Z
401760393,40176039312,401760393102934101,12,3,UNLV,Mountain West,10,Boise State,Mountain West,21,Boise State,UNLV,2,"{'minutes': 6, 'seconds': 58}",2,0,73,73,2,8,27,False,Pass Reception,Anthony Colandrea pass complete to DeAngelo Irvin Jr. for 27 yds to the BOIS 46 for a 1ST down,2.987071390908895,2025-10-18T20:47:35.000Z
401760393,40176039312,401760393102936401,12,4,UNLV,Mountain West,10,Boise State,Mountain West,21,Boise State,UNLV,2,"{'minutes': 6, 'seconds': 35}",2,0,46,46,1,10,5,False,Pass Reception,Anthony Colandrea pass complete to Jaylon Glover for 5 yds to the BOIS 41,0.095856923095079,2025-10-18T20:47:54.000Z
401760393,40176039312,401760393102937901,12,5,UNLV,Mountain West,10,Boise State,Mountain West,21,Boise State,UNLV,2,"{'minutes': 6, 'seconds': 20}",2,0,41,41,2,5,4,False,Rush,Jaylon Glover run for 4 yds to the BOIS 37,-0.1191687682313472,2025-10-18T20:49:20.000Z
401760393,40176039312,401760393102946001,12,6,UNLV,Mountain West,10,Boise State,Mountain West,21,Boise State,UNLV,2,"{'minutes': 5, 'seconds': 39}",2,0,37,37,3,1,2,False,Rush,Anthony Colandrea run for 2 yds to the BOIS 35 for a 1ST down,0.5940104694937764,2025-10-18T20:50:00.000Z
401760393,40176039312,401760393102949001,12,7,UNLV,Mountain West,17,Boise State,Mountain West,21,Boise State,UNLV,2,"{'minutes': 5, 'seconds': 9}",2,0,35,35,1,10,35,True,Passing Touchdown,Anthony Colandrea pass complete to Jaden Bradley for 35 yds for a TD (Ramon Villela KICK),2.972588783776956,2025-10-18T20:50:34.000Z
401760393,40176039313,401760393102949003,13,1,UNLV,Mountain West,17,Boise State,Mountain West,21,Boise State,UNLV,2,"{'minutes': 5, 'seconds': 9}",2,0,65,65,1,10,0,False,Kickoff,Caden Costa kickoff for 65 yds for a touchback,,2025-10-18T20:52:45.000Z
401760393,40176039313,401760393102954501,13,2,Boise State,Mountain West,21,UNLV,Mountain West,17,Boise State,UNLV,2,"{'minutes': 4, 'seconds': 54}",0,2,25,75,1,10,26,False,Pass Reception,Maddux Madsen pass complete to Cameron Bates for 26 yds to the UNLV 49 for a 1ST down,2.3154245680840733,2025-10-18T20:19:27.000Z
401760393,40176039313,401760393102957501,13,3,Boise State,Mountain West,28,UNLV,Mountain West,17,Boise State,UNLV,2,"{'minutes': 4, 'seconds': 24}",0,2,51,49,1,10,49,True,Rushing Touchdown,Dylan Riley run for 49 yds for a TD (Colton Boomer KICK),3.7623305516372483,2025-10-18T20:54:04.000Z
401760393,40176039314,401760393102957503,14,1,Boise State,Mountain West,28,UNLV,Mountain West,17,Boise State,UNLV,2,"{'minutes': 4, 'seconds': 24}",0,2,35,65,1,10,0,False,Kickoff,Colton Boomer kickoff for 65 yds for a touchback,,2025-10-18T20:54:04.000Z
401760393,40176039314,401760393102979901,14,6,UNLV,Mountain West,17,Boise State,Mountain West,28,Boise State,UNLV,2,"{'minutes': 2, 'seconds': 0}",2,-1,46,46,4,8,0,False,Timeout,"Timeout Boise State, clock 02:00",,2025-10-18T20:19:27.000Z
401760393,40176039314,401760393102984701,14,7,UNLV,Mountain West,17,Boise State,Mountain West,28,Boise State,UNLV,2,"{'minutes': 1, 'seconds': 52}",2,-1,46,46,4,8,0,False,Punt,Cameron Brown punt for 46 yds for a touchback,,2025-10-18T21:04:20.000Z
401760393,40176039314,401760393102958801,14,2,UNLV,Mountain West,17,Boise State,Mountain West,28,Boise State,UNLV,2,"{'minutes': 4, 'seconds': 11}",2,0,75,75,1,10,27,False,Rush,Anthony Colandrea run for 27 yds to the BOIS 48 for a 1ST down,2.3915212834413646,2025-10-18T20:57:24.000Z
401760393,40176039314,401760393102966001,14,3,UNLV,Mountain West,17,Boise State,Mountain West,28,Boise State,UNLV,2,"{'minutes': 3, 'seconds': 39}",2,0,48,48,1,10,-12,False,Sack,Anthony Colandrea sacked by Jaden Mickey for a loss of 12 yards to the UNLV 40,-3.1560517130095596,2025-10-18T20:57:47.000Z
401760393,40176039314,401760393102974601,14,4,UNLV,Mountain West,17,Boise State,Mountain West,28,Boise State,UNLV,2,"{'minutes': 2, 'seconds': 53}",2,0,60,60,2,22,6,False,Pass Reception,Anthony Colandrea pass complete to Nick Elksnis for 6 yds to the UNLV 46,0.12014946307328957,2025-10-18T20:58:36.000Z
401760393,40176039314,401760393102977201,14,5,UNLV,Mountain West,17,Boise State,Mountain West,28,Boise State,UNLV,2,"{'minutes': 2, 'seconds': 27}",2,0,54,54,3,16,8,False,Pass Reception,Anthony Colandrea pass complete to Daejon Reynolds for 8 yds to the BOIS 46,0.42238321979486315,2025-10-18T21:00:51.000Z
401760393,40176039315,401760393102987202,15,3,Boise State,Mountain West,28,UNLV,Mountain West,17,Boise State,UNLV,2,"{'minutes': 1, 'seconds': 27}",-2,2,22,78,3,8,0,False,Timeout,"Timeout Boise State, clock 01:27",,2025-10-18T21:04:20.000Z
401760393,40176039315,401760393102988601,15,5,Boise State,Mountain West,28,UNLV,Mountain West,17,Boise State,UNLV,2,"{'minutes': 1, 'seconds': 13}",-2,2,22,78,4,8,0,False,Punt,"Oscar Doyle punt for 45 yds, fair catch by DeAngelo Irvin Jr. at the UNLV 33",,2025-10-18T21:08:00.000Z
401760393,40176039315,401760393102984901,15,1,Boise State,Mountain West,28,UNLV,Mountain West,17,Boise State,UNLV,2,"{'minutes': 1, 'seconds': 50}",-1,2,20,80,1,10,2,False,Rush,Dylan Riley run for 2 yds to the BOIS 22,-0.3623882030735057,2025-10-18T21:04:20.000Z
401760393,40176039315,401760393102987201,15,2,Boise State,Mountain West,28,UNLV,Mountain West,17,Boise State,UNLV,2,"{'minutes': 1, 'seconds': 27}",-1,2,22,78,2,8,0,False,Pass Incompletion,Maddux Madsen pass incomplete to Dylan Riley,-0.3680210874717833,2025-10-18T21:04:20.000Z
401760393,40176039315,401760393102988001,15,4,Boise State,Mountain West,28,UNLV,Mountain West,17,Boise State,UNLV,2,"{'minutes': 1, 'seconds': 19}",-2,2,22,78,3,8,0,False,Pass Incompletion,Maddux Madsen pass incomplete to Chris Marshall,-0.16596300296032848,2025-10-18T21:04:20.000Z
401760393,40176039316,401760393102995103,16,6,UNLV,Mountain West,17,Boise State,Mountain West,28,Boise State,UNLV,2,"{'minutes': 0, 'seconds': 48}",1,-2,3,3,2,3,-5,False,Penalty,"PENALTY NLV False Start (Elksnis,Nick) 5 yards from BOI03 to BOI08. NO PLAY.",,2025-10-18T21:04:20.000Z
401760393,40176039316,401760393102994701,16,3,UNLV,Mountain West,17,Boise State,Mountain West,28,Boise State,UNLV,2,"{'minutes': 0, 'seconds': 52}",2,-2,7,7,2,7,5,False,Penalty,"Boise State Penalty, Defensive Pass Interference (Ty Benefield) to the BOIS 2 for a 1ST down",,2025-10-18T21:10:17.000Z
401760393,40176039316,401760393102995101,16,4,UNLV,Mountain West,17,Boise State,Mountain West,28,Boise State,UNLV,2,"{'minutes': 0, 'seconds': 48}",1,-2,3,3,2,3,0,False,Timeout,"Timeout UNLV, clock 00:48",,2025-10-18T21:04:20.000Z
401760393,40176039316,401760393102989601,16,1,UNLV,Mountain West,17,Boise State,Mountain West,28,Boise State,UNLV,2,"{'minutes': 1, 'seconds': 3}",2,-2,67,67,1,10,60,False,Pass Reception,Anthony Colandrea pass complete to DeAngelo Irvin Jr. for 60 yds to the BOIS 7 for a 1ST down,3.2323020388139376,2025-10-18T21:09:03.000Z
401760393,40176039316,401760393102994101,16,2,UNLV,Mountain West,17,Boise State,Mountain West,28,Boise State,UNLV,2,"{'minutes': 0, 'seconds': 58}",2,-2,7,7,1,7,0,False,Pass Incompletion,Anthony Colandrea pass incomplete to Jaden Bradley,-0.410393837690526,2025-10-18T21:09:35.000Z
401760393,40176039316,401760393102995102,16,5,UNLV,Mountain West,17,Boise State,Mountain West,28,Boise State,UNLV,2,"{'minutes': 0, 'seconds': 48}",1,-2,2,2,1,2,-1,False,Rush,Keyvone Lee run for a loss of 1 yard to the BOIS 3,-0.998189316287995,2025-10-18T21:04:20.000Z
401760393,40176039316,401760393102995601,16,7,UNLV,Mountain West,24,Boise State,Mountain West,28,Boise State,UNLV,2,"{'minutes': 0, 'seconds': 43}",1,-2,8,8,2,8,8,True,Rushing Touchdown,Anthony Colandrea run for 8 yds for a TD (Ramon Villela KICK),2.676770954733065,2025-10-18T21:14:36.000Z
401760393,40176039317,401760393102995603,17,1,UNLV,Mountain West,24,Boise State,Mountain West,28,Boise State,UNLV,2,"{'minutes': 0, 'seconds': 43}",1,-2,65,65,1,10,0,False,Kickoff,Caden Costa kickoff for 65 yds for a touchback,,2025-10-18T21:16:31.000Z
401760393,40176039317,401760393102999902,17,3,Boise State,Mountain West,28,UNLV,Mountain West,24,Boise State,UNLV,2,"{'minutes': 0, 'seconds': 0}",-2,1,25,75,0,10,6,False,End of Half,End of 2nd Quarter,,2025-10-18T21:18:04.000Z
401760393,40176039317,401760393102999901,17,2,Boise State,Mountain West,28,UNLV,Mountain West,24,Boise State,UNLV,2,"{'minutes': 0, 'seconds': 0}",-2,1,25,75,1,10,6,False,Rush,Dylan Riley run for 6 yds to the BOIS 31,0.3333748010525683,2025-10-18T21:04:20.000Z
401760393,40176039318,401760393103854701,18,1,UNLV,Mountain West,24,Boise State,Mountain West,28,Boise State,UNLV,3,"{'minutes': 14, 'seconds': 52}",3,3,65,65,1,10,40,False,Kickoff Return (Offense),"Caden Costa kickoff for 65 yds , Malik Sherrod return for 40 yds to the BOIS 40",,2025-10-18T00:00:00.000Z
401760393,40176039318,401760393103865601,18,5,Boise State,Mountain West,28,UNLV,Mountain West,24,Boise State,UNLV,3,"{'minutes': 13, 'seconds': 43}",3,3,40,60,4,10,0,False,Punt,"Oscar Doyle punt for 44 yds, fair catch by DeAngelo Irvin Jr. at the UNLV 16",,2025-10-18T21:43:04.000Z
401760393,40176039318,401760393103855501,18,2,Boise State,Mountain West,28,UNLV,Mountain West,24,Boise State,UNLV,3,"{'minutes': 14, 'seconds': 44}",3,3,40,60,1,10,0,False,Rush,Dylan Riley run for no gain to the BOIS 40,-1.1247712359915258,2025-10-18T00:00:00.000Z
401760393,40176039318,401760393103859001,18,3,Boise State,Mountain West,28,UNLV,Mountain West,24,Boise State,UNLV,3,"{'minutes': 14, 'seconds': 9}",3,3,40,60,2,10,0,False,Pass Reception,Maddux Madsen pass complete to Malik Sherrod for no gain to the BOIS 40,-0.7576599502448165,2025-10-18T21:41:56.000Z
401760393,40176039318,401760393103865001,18,4,Boise State,Mountain West,28,UNLV,Mountain West,24,Boise State,UNLV,3,"{'minutes': 13, 'seconds': 49}",3,3,40,60,3,10,0,False,Pass Incompletion,Maddux Madsen pass incomplete to Matt Wagner,-0.41258781688897184,2025-10-18T21:42:25.000Z
401760393,40176039319,401760393103895704,19,6,UNLV,Mountain West,24,Boise State,Mountain West,28,Boise State,UNLV,3,"{'minutes': 10, 'seconds': 42}",3,3,63,63,4,1,0,False,Punt,Cameron Brown punt for 51 yds for a 1ST down,,2025-10-18T21:48:48.000Z
401760393,40176039319,401760393103866901,19,1,UNLV,Mountain West,24,Boise State,Mountain West,28,Boise State,UNLV,3,"{'minutes': 13, 'seconds': 30}",3,3,84,84,1,10,9,False,Pass Reception,Anthony Colandrea pass complete to JoJo Earle for 9 yds to the UNLV 25,0.9934753748705925,2025-10-18T21:43:57.000Z
401760393,40176039319,401760393103874301,19,2,UNLV,Mountain West,24,Boise State,Mountain West,28,Boise State,UNLV,3,"{'minutes': 12, 'seconds': 56}",3,3,75,75,2,1,3,False,Rush,Jai'Den Thomas run for 3 yds to the UNLV 28 for a 1ST down,-0.2697387599329701,2025-10-18T21:44:26.000Z
401760393,40176039319,401760393103877701,19,3,UNLV,Mountain West,24,Boise State,Mountain West,28,Boise State,UNLV,3,"{'minutes': 12, 'seconds': 22}",3,3,72,72,1,10,0,False,Pass Incompletion,Anthony Colandrea pass incomplete to Daejon Reynolds,-0.7982008475508557,2025-10-18T21:45:05.000Z
401760393,40176039319,401760393103878701,19,4,UNLV,Mountain West,24,Boise State,Mountain West,28,Boise State,UNLV,3,"{'minutes': 12, 'seconds': 12}",3,3,72,72,2,10,7,False,Rush,Jai'Den Thomas run for 7 yds to the UNLV 35,0.35656078520897166,2025-10-18T21:45:38.000Z
401760393,40176039319,401760393103886401,19,5,UNLV,Mountain West,24,Boise State,Mountain West,28,Boise State,UNLV,3,"{'minutes': 11, 'seconds': 35}",3,3,65,65,3,3,2,False,Pass Reception,Anthony Colandrea pass complete to Jai'Den Thomas for 2 yds to the UNLV 37,-0.3861663890110041,2025-10-18T21:46:41.000Z
401760393,40176039320,401760393103899501,20,2,Boise State,Mountain West,28,UNLV,Mountain West,24,Boise State,UNLV,3,"{'minutes': 10, 'seconds': 4}",3,3,77,23,1,10,3,False,Pass Reception,Maddux Madsen pass complete to Cameron Bates for 3 yds to the UNLV 20,-0.1308110107399085,2025-10-18T21:55:50.000Z
401760393,40176039320,401760393103906101,20,3,Boise State,Mountain West,35,UNLV,Mountain West,24,Boise State,UNLV,3,"{'minutes': 9, 'seconds': 38}",3,3,80,20,2,7,20,True,Passing Touchdown,Maddux Madsen pass complete to Sire Gaines for 20 yds for a TD (Colton Boomer KICK),2.794788688811137,2025-10-18T21:56:23.000Z
401760393,40176039320,401760393103896901,20,1,Boise State,Mountain West,28,UNLV,Mountain West,24,Boise State,UNLV,3,"{'minutes': 10, 'seconds': 30}",3,3,32,68,1,10,45,False,Pass Reception,Maddux Madsen pass complete to Chris Marshall for 45 yds to the UNLV 23 for a 1ST down,2.855333037570631,2025-10-18T21:52:10.000Z
401760393,40176039321,401760393103906103,21,1,Boise State,Mountain West,35,UNLV,Mountain West,24,Boise State,UNLV,3,"{'minutes': 9, 'seconds': 38}",3,3,35,65,1,10,0,False,Kickoff,Colton Boomer kickoff for 65 yds for a touchback,,2025-10-18T21:56:35.000Z
401760393,40176039321,401760393103945101,21,10,UNLV,Mountain West,24,Boise State,Mountain West,35,Boise State,UNLV,3,"{'minutes': 5, 'seconds': 48}",3,3,50,50,4,13,0,False,Punt,"Cameron Brown punt for 38 yds, fair catch by Malik Sherrod at the BOIS 12",,2025-10-18T22:04:00.000Z
401760393,40176039321,401760393103906801,21,2,UNLV,Mountain West,24,Boise State,Mountain West,35,Boise State,UNLV,3,"{'minutes': 9, 'seconds': 31}",3,3,75,75,1,10,3,False,Rush,Keyvone Lee run for 3 yds to the UNLV 28,-0.2957674139440157,2025-10-18T21:59:04.000Z
401760393,40176039321,401760393103914901,21,3,UNLV,Mountain West,24,Boise State,Mountain West,35,Boise State,UNLV,3,"{'minutes': 8, 'seconds': 50}",3,3,72,72,2,7,1,False,Pass Reception,Anthony Colandrea pass complete to DeAngelo Irvin Jr. for 1 yd to the UNLV 29,-0.46942609790597783,2025-10-18T21:59:54.000Z
401760393,40176039321,401760393103919901,21,4,UNLV,Mountain West,24,Boise State,Mountain West,35,Boise State,UNLV,3,"{'minutes': 8, 'seconds': 0}",3,3,71,71,3,6,8,False,Pass Reception,Anthony Colandrea pass complete to Koy Moore for 8 yds to the UNLV 37 for a 1ST down,1.7924378379935648,2025-10-18T22:00:35.000Z
401760393,40176039321,401760393103925301,21,5,UNLV,Mountain West,24,Boise State,Mountain West,35,Boise State,UNLV,3,"{'minutes': 7, 'seconds': 46}",3,3,63,63,1,10,8,False,Rush,Keyvone Lee run for 8 yds to the UNLV 45,1.0359877217814513,2025-10-18T22:01:07.000Z
401760393,40176039321,401760393103929201,21,6,UNLV,Mountain West,24,Boise State,Mountain West,35,Boise State,UNLV,3,"{'minutes': 7, 'seconds': 7}",3,3,55,55,2,2,8,False,Pass Reception,Anthony Colandrea pass complete to Koy Moore for 8 yds to the BOIS 47 for a 1ST down,0.401320830529869,2025-10-18T22:01:42.000Z
401760393,40176039321,401760393103935501,21,7,UNLV,Mountain West,24,Boise State,Mountain West,35,Boise State,UNLV,3,"{'minutes': 6, 'seconds': 44}",3,3,47,47,1,10,0,False,Pass Incompletion,Anthony Colandrea pass incomplete to Jaden Bradley,-1.0507069190375147,2025-10-18T22:01:58.000Z
401760393,40176039321,401760393103936601,21,8,UNLV,Mountain West,24,Boise State,Mountain West,35,Boise State,UNLV,3,"{'minutes': 6, 'seconds': 33}",3,3,47,47,2,10,-9,False,Sack,Anthony Colandrea sacked for a loss of 9 yards to the UNLV 44,-2.2858461713041303,2025-10-18T22:02:33.000Z
401760393,40176039321,401760393103944401,21,9,UNLV,Mountain West,24,Boise State,Mountain West,35,Boise State,UNLV,3,"{'minutes': 5, 'seconds': 55}",3,3,56,56,3,19,6,False,Rush,Anthony Colandrea run for 6 yds to the 50 yard line,0.10000539372537709,2025-10-18T22:03:32.000Z
401760397,4017603972,4017603973,1,1,Boise State,Mountain West,0,Nevada,Mountain West,0,Nevada,Boise State,1,"{'minutes': 15, 'seconds': 0}",3,3,65,65,1,10,0,False,Kickoff,"(15:00) #35 C.Boomer kickoff 65 yards to the Nevada00, Touchback",,2025-10-25T02:01:36.000Z
401760397,4017603972,40176039712,1,2,Nevada,Mountain West,0,Boise State,Mountain West,0,Nevada,Boise State,1,"{'minutes': 14, 'seconds': 51}",3,3,25,75,1,10,14,False,Pass Reception,"(14:55) No Huddle-Shotgun #6 C.Jones pass complete short right to #20 C.Ramseur caught at Nevada24, for 14 yards to the Nevada39 (#53 M.Notarainni), out of bounds, 1ST DOWN",1.2227390832564555,2025-10-25T02:04:48.000Z
401760397,4017603972,40176039717,1,3,Nevada,Mountain West,0,Boise State,Mountain West,0,Nevada,Boise State,1,"{'minutes': 14, 'seconds': 33}",3,3,39,61,1,10,0,False,Rush,(14:38) No Huddle-Shotgun #20 C.Ramseur rush middle for 0 yards to the Nevada39 (#90 B.Fely),-1.1077677360468863,2025-10-25T02:05:11.000Z
401760397,4017603972,40176039721,1,4,Nevada,Mountain West,0,Boise State,Mountain West,0,Nevada,Boise State,1,"{'minutes': 14, 'seconds': 2}",3,3,39,61,2,10,0,False,Interception,"(14:08) Shotgun #6 C.Jones pass intercepted by #7 A.McCoy at BSU38, End Of Play",-1.0372162274882477,2025-10-25T02:05:44.000Z
401760397,4017603973,40176039737,3,3,Nevada,Mountain West,0,Boise State,Mountain West,0,Nevada,Boise State,1,"{'minutes': 13, 'seconds': 10}",2,3,61,39,2,9,0,False,Timeout,"Timeout Nevada, clock 13:10",,2025-10-25T02:07:53.000Z
401760397,4017603973,40176039751,3,8,Boise State,Mountain West,0,Nevada,Mountain West,0,Nevada,Boise State,1,"{'minutes': 11, 'seconds': 15}",3,2,43,43,4,7,5,False,Penalty,PENALTY BSU Delay Of Game (#4 M.Madsen) 5 yards from Nevada43 to Nevada48. NO PLAY,,2025-10-25T02:11:22.000Z
401760397,4017603973,40176039754,3,9,Boise State,Mountain West,0,Nevada,Mountain West,0,Nevada,Boise State,1,"{'minutes': 11, 'seconds': 6}",3,2,48,48,4,12,0,False,Punt,"(11:07) #37 O.Doyle punt 48 yards to the Nevada00, Touchback",,2025-10-25T02:11:55.000Z
401760397,4017603973,40176039726,3,1,Boise State,Mountain West,0,Nevada,Mountain West,0,Nevada,Boise State,1,"{'minutes': 13, 'seconds': 55}",3,3,62,62,1,10,1,False,Rush,(14:01) No Huddle-Shotgun #24 D.Riley rush middle for 1 yard gain to the BSU39 (#43 N.Ropati),-0.8867433222723466,2025-10-25T02:06:31.000Z
401760397,4017603973,40176039730,3,2,Boise State,Mountain West,0,Nevada,Mountain West,0,Nevada,Boise State,1,"{'minutes': 13, 'seconds': 10}",3,3,61,61,2,9,6,False,Pass Reception,"(13:24) Shotgun #4 M.Madsen pass complete short right to #24 D.Riley caught at BSU43, for 6 yards to the BSU45 (#33 S.Combs)",0.3052283588613119,2025-10-25T02:07:08.000Z
401760397,4017603973,40176039735,3,4,Boise State,Mountain West,0,Nevada,Mountain West,0,Nevada,Boise State,1,"{'minutes': 12, 'seconds': 45}",3,2,55,55,3,3,9,False,Rush,"(12:51) Shotgun #8 M.Sherrod rush middle for 9 yards gain to the Nevada46 (#32 D.Labarbera; #99 T.Witte), 1ST DOWN",1.9912311959560611,2025-10-25T02:08:50.000Z
401760397,4017603973,40176039740,3,5,Boise State,Mountain West,0,Nevada,Mountain West,0,Nevada,Boise State,1,"{'minutes': 12, 'seconds': 8}",3,2,46,46,1,10,1,False,Rush,"(12:16) No Huddle #4 M.Madsen rush left for 1 yard gain to the Nevada45 (#32 D.Labarbera), out of bounds",-0.7942209074247197,2025-10-25T02:09:27.000Z
401760397,4017603973,40176039744,3,6,Boise State,Mountain West,0,Nevada,Mountain West,0,Nevada,Boise State,1,"{'minutes': 11, 'seconds': 44}",3,2,45,45,2,9,2,False,Rush,(11:52) No Huddle #24 D.Riley rush middle for 2 yards gain to the Nevada43 (#32 D.Labarbera),-0.6286884367981675,2025-10-25T02:09:54.000Z
401760397,4017603973,40176039748,3,7,Boise State,Mountain West,0,Nevada,Mountain West,0,Nevada,Boise State,1,"{'minutes': 11, 'seconds': 15}",3,2,43,43,3,7,0,False,Pass Incompletion,(11:18) Shotgun #4 M.Madsen pass incomplete short right to #5 C.Marshall thrown to Nevada29,-1.0117773993157453,2025-10-25T02:10:31.000Z
401760397,4017603974,40176039787,4,7,Nevada,Mountain West,0,Boise State,Mountain West,0,Nevada,Boise State,1,"{'minutes': 7, 'seconds': 2}",1,3,61,39,1,10,0,False,Timeout,"Timeout Nevada, clock 07:02",,2025-10-25T02:19:53.000Z
401760397,4017603974,401760397111,4,13,Boise State,Mountain West,0,Nevada,Mountain West,0,Nevada,Boise State,1,"{'minutes': 4, 'seconds': 24}",2,1,78,78,3,3,0,False,Timeout,"Timeout Boise State, clock 04:24",,2025-10-25T02:26:41.000Z
401760397,4017603974,401760397109,4,14,Nevada,Mountain West,3,Boise State,Mountain West,0,Nevada,Boise State,1,"{'minutes': 3, 'seconds': 50}",1,2,77,23,4,4,40,True,Field Goal Good,"(03:53) #84 J.McFadden field goal attempt from 40 yards GOOD (H: #10 A.Bianco, LS: #51 C.Stack), clock 03:50",,2025-10-25T02:27:43.000Z
401760397,4017603974,40176039758,4,1,Nevada,Mountain West,0,Boise State,Mountain West,0,Nevada,Boise State,1,"{'minutes': 10, 'seconds': 39}",2,3,20,80,1,10,13,False,Pass Reception,"(11:04) No Huddle-Shotgun #6 C.Jones pass complete short right to #13 C.Purdy caught at Nevada30, for 13 yards to the Nevada33 (#20 J.Mickey), 1ST DOWN",0.957001126463954,2025-10-25T02:15:05.000Z
401760397,4017603974,40176039763,4,2,Nevada,Mountain West,0,Boise State,Mountain West,0,Nevada,Boise State,1,"{'minutes': 10, 'seconds': 12}",2,3,33,67,1,10,1,False,Rush,(10:19) Shotgun #2 H.Turner rush middle for 1 yard gain to the Nevada34 (#53 M.Notarainni),-0.7895437741198555,2025-10-25T02:15:48.000Z
401760397,4017603974,40176039767,4,3,Nevada,Mountain West,0,Boise State,Mountain West,0,Nevada,Boise State,1,"{'minutes': 9, 'seconds': 29}",2,3,34,66,2,9,8,False,Rush,(09:37) Shotgun #2 H.Turner rush right for 8 yards gain to the Nevada42 (#10 D.Ganter Jr.),0.7412508093650905,2025-10-25T02:16:30.000Z
401760397,4017603974,40176039771,4,4,Nevada,Mountain West,0,Boise State,Mountain West,0,Nevada,Boise State,1,"{'minutes': 8, 'seconds': 47}",2,3,42,58,3,1,5,False,Rush,"(08:53) Shotgun #20 C.Ramseur rush middle for 5 yards gain to the Nevada47 (#41 B.Phelps), 1ST DOWN",1.382050200322606,2025-10-25T02:17:13.000Z
401760397,4017603974,40176039775,4,5,Nevada,Mountain West,0,Boise State,Mountain West,0,Nevada,Boise State,1,"{'minutes': 7, 'seconds': 57}",2,3,47,53,1,10,14,False,Pass Reception,"(08:15) Shotgun #6 C.Jones pass complete short middle to #41 D.Thomas caught at BSU40, for 14 yards to the BSU39 (#7 A.McCoy), 1ST DOWN",0.9548608786417567,2025-10-25T02:17:53.000Z
401760397,4017603974,40176039780,4,6,Nevada,Mountain West,0,Boise State,Mountain West,0,Nevada,Boise State,1,"{'minutes': 7, 'seconds': 2}",2,3,61,39,1,10,3,False,Pass Completion,"(07:22) Shotgun #13 C.Purdy pass complete short middle to #18 M.Bellon caught at BSU39, for 3 yards to the BSU36 (#41 B.Phelps; #10 D.Ganter Jr.)",-0.2585563392598456,2025-10-25T02:18:43.000Z
401760397,4017603974,40176039785,4,8,Nevada,Mountain West,0,Boise State,Mountain West,0,Nevada,Boise State,1,"{'minutes': 6, 'seconds': 38}",1,3,64,36,2,7,-4,False,Sack,"(06:45) Shotgun #6 C.Jones sacked for loss of 7 yards to the BSU43 (#5 J.Virgin-Morgan, #15 M.Williams)",-1.785762610364369,2025-10-25T02:22:31.000Z
401760397,4017603974,40176039790,4,9,Nevada,Mountain West,0,Boise State,Mountain West,0,Nevada,Boise State,1,"{'minutes': 5, 'seconds': 57}",1,3,57,43,3,14,14,False,Pass Reception,"(06:07) Shotgun #6 C.Jones pass complete short right to #9 M.Brown caught at BSU35, for 14 yards to the BSU29 (#10 D.Ganter Jr.; #0 T.Benefield), 1ST DOWN",3.0217379476300343,2025-10-25T02:23:08.000Z
401760397,4017603974,40176039795,4,10,Nevada,Mountain West,0,Boise State,Mountain West,0,Nevada,Boise State,1,"{'minutes': 5, 'seconds': 36}",1,3,71,29,1,10,2,False,Rush,(05:38) Shotgun #13 C.Purdy rush left for 2 yards gain to the BSU27 (#10 D.Ganter Jr.),-0.285086032247587,2025-10-25T02:24:37.000Z
401760397,4017603974,401760397731,4,11,Nevada,Mountain West,3,Boise State,Mountain West,3,Nevada,Boise State,1,"{'minutes': 5, 'seconds': 9}",1,3,73,27,2,8,5,False,Rush,"(05:09) Shotgun #6 C.Jones rush middle for 5 yards gain to the BSU22, End Of Play",0.0607987160504777,2025-10-25T06:29:06.000Z
401760397,4017603974,401760397103,4,12,Nevada,Mountain West,0,Boise State,Mountain West,0,Nevada,Boise State,1,"{'minutes': 4, 'seconds': 24}",1,3,78,22,3,3,-1,False,Rush,(04:28) Shotgun #20 C.Ramseur rush middle for 1 yard loss to the BSU23 (#53 M.Notarainni),-0.8149322008538054,2025-10-25T02:25:57.000Z
401760397,4017603976,401760397166,2,13,Boise State,Mountain West,0,Nevada,Mountain West,3,Nevada,Boise State,1,"{'minutes': 2, 'seconds': 39}",3,3,3,3,3,3,0,False,Rush,#26 S.Gaines rush right for 0 yards to the Nevada03 (#32 D.Labarbera; #15 B.Turner),-0.291784144723391,2025-10-25T02:46:03.000Z
401760397,4017603976,401760397170,2,15,Boise State,Mountain West,3,Nevada,Mountain West,3,Nevada,Boise State,1,"{'minutes': 0, 'seconds': 0}",3,3,3,3,4,3,21,True,Field Goal Good,Colton Boomer 21 Yd Field Goal ,,2025-10-25T02:47:04.000Z
401760397,4017603976,401760397113,2,3,Nevada,Mountain West,3,Boise State,Mountain West,0,Nevada,Boise State,1,"{'minutes': 3, 'seconds': 50}",3,3,35,65,1,10,0,False,Kickoff,"(03:50) #97 K.Emmett kickoff 65 yards to the BSU00, Touchback",,2025-10-25T02:27:47.000Z
401760397,4017603976,401760397125,2,6,Boise State,Mountain West,0,Nevada,Mountain West,3,Nevada,Boise State,1,"{'minutes': 2, 'seconds': 39}",3,3,57,57,1,10,14,False,Penalty,"(02:39) #4 M.Madsen pass incomplete short middle to #3 L.Caples thrown to BSU45 PENALTY Nevada Pass Interference (#1 A.Odums) 14 yards from BSU43 to Nevada43, 1ST DOWN. NO PLAY",,2025-10-25T02:39:09.000Z
401760397,4017603976,401760397173,2,16,Boise State,Mountain West,6,Nevada,Mountain West,3,Nevada,Boise State,1,"{'minutes': 0, 'seconds': 0}",3,3,97,97,4,3,32,False,End Period,End of 1st quarter.,2.0599725934853694,2025-10-25T02:47:13.000Z
401760397,4017603976,401760397743,2,1,Boise State,Mountain West,3,Nevada,Mountain West,3,Nevada,Boise State,1,"{'minutes': 15, 'seconds': 0}",3,3,4,4,1,4,0,False,Rush,(15:00) #26 S.Gaines rush middle for 0 yards to the Nevada04 (#32 D.Labarbera),-0.6456997217339855,2025-10-25T06:39:29.000Z
401760397,4017603976,401760397735,2,2,Boise State,Mountain West,3,Nevada,Mountain West,3,Nevada,Boise State,1,"{'minutes': 5, 'seconds': 9}",3,3,43,43,1,10,2,False,Rush,#24 D.Riley rush middle for 2 yards gain to the Nevada41 (#44 A.Harnetiaux; #0 N.Jackson),-0.5109950870570472,2025-10-25T06:33:11.000Z
401760397,4017603976,401760397116,2,4,Boise State,Mountain West,0,Nevada,Mountain West,3,Nevada,Boise State,1,"{'minutes': 3, 'seconds': 44}",3,3,75,75,1,10,2,False,Rush,(03:50) Shotgun #24 D.Riley rush middle for 2 yards gain to the BSU27 (#32 D.Labarbera; #0 N.Jackson),-0.45260367932203766,2025-10-25T02:31:54.000Z
401760397,4017603976,401760397120,2,5,Boise State,Mountain West,0,Nevada,Mountain West,3,Nevada,Boise State,1,"{'minutes': 3, 'seconds': 4}",3,3,73,73,2,8,16,False,Pass Reception,"(03:16) Shotgun #4 M.Madsen pass complete short to #5 C.Marshall caught at BSU39, for 16 yards to the BSU43 (#4 E.Rhambo; #44 A.Harnetiaux), 1ST DOWN",2.0650421015320326,2025-10-25T02:32:28.000Z
401760397,4017603976,401760397134,2,7,Boise State,Mountain West,0,Nevada,Mountain West,3,Nevada,Boise State,1,"{'minutes': 2, 'seconds': 39}",3,3,41,41,2,8,0,False,Pass Incompletion,#4 M.Madsen pass incomplete short left to #5 C.Marshall thrown to Nevada41,-1.040284951748589,2025-10-25T02:40:49.000Z
401760397,4017603976,401760397137,2,8,Boise State,Mountain West,0,Nevada,Mountain West,3,Nevada,Boise State,1,"{'minutes': 2, 'seconds': 39}",3,3,41,41,3,8,11,False,Pass Reception,"#4 M.Madsen pass complete short to #5 C.Marshall caught at Nevada30, for 11 yards to the Nevada30 (#4 E.Rhambo), 1ST DOWN",2.0894069938137196,2025-10-25T02:41:05.000Z
401760397,4017603976,401760397142,2,9,Boise State,Mountain West,0,Nevada,Mountain West,3,Nevada,Boise State,1,"{'minutes': 2, 'seconds': 39}",3,3,30,30,1,10,0,False,Pass Incompletion,#4 M.Madsen pass incomplete short right to #3 L.Caples thrown to Nevada30,-0.557844891990525,2025-10-25T02:41:55.000Z
401760397,4017603976,401760397145,2,10,Boise State,Mountain West,0,Nevada,Mountain West,3,Nevada,Boise State,1,"{'minutes': 2, 'seconds': 39}",3,3,30,30,2,10,2,False,Rush,#26 S.Gaines rush middle for 2 yards gain to the Nevada28 (#96 T.Vaughan),-0.405951292164332,2025-10-25T02:42:26.000Z
401760397,4017603976,401760397149,2,11,Boise State,Mountain West,0,Nevada,Mountain West,3,Nevada,Boise State,1,"{'minutes': 2, 'seconds': 39}",3,3,28,28,3,8,11,False,Pass Reception,"#4 M.Madsen pass complete short to #3 L.Caples for 11 yards to the Nevada17 (#17 Z.Abercrombie), 1ST DOWN",1.198136214293214,2025-10-25T02:43:14.000Z
401760397,4017603976,401760397162,2,12,Boise State,Mountain West,0,Nevada,Mountain West,3,Nevada,Boise State,1,"{'minutes': 2, 'seconds': 39}",3,3,4,4,2,4,1,False,Rush,#26 S.Gaines rush right for 1 yard gain to the Nevada03 (#32 D.Labarbera; #15 B.Turner),-0.2906721593310305,2025-10-25T02:45:41.000Z
401760397,4017603976,401760397739,2,14,Boise State,Mountain West,3,Nevada,Mountain West,3,Nevada,Boise State,1,"{'minutes': 0, 'seconds': 29}",3,3,17,17,1,10,13,False,Rush,"(00:29) #26 S.Gaines rush left for 13 yards gain to the Nevada04 (#1 A.Odums), 1ST DOWN",0.891712584070439,2025-10-25T06:39:00.000Z
401760397,4017603979,401760397203,5,4,Boise State,Mountain West,6,Nevada,Mountain West,3,Nevada,Boise State,2,"{'minutes': 11, 'seconds': 40}",2,1,86,86,4,9,0,False,Punt,(11:40) #37 O.Doyle punt 36 yards to the BSU50 fair catch by #18 M.Bellon at Nevada50,,2025-10-25T02:54:57.000Z
401760397,4017603979,401760397193,5,1,Boise State,Mountain West,6,Nevada,Mountain West,3,Nevada,Boise State,2,"{'minutes': 12, 'seconds': 26}",2,1,87,87,1,10,1,False,Rush,(12:32) Shotgun #8 M.Sherrod rush middle for 1 yard gain to the BSU14 (#0 N.Jackson; #5 M.Kenion III),-0.3371041738193785,2025-10-25T02:52:54.000Z
401760397,4017603979,401760397197,5,2,Boise State,Mountain West,6,Nevada,Mountain West,3,Nevada,Boise State,2,"{'minutes': 11, 'seconds': 53}",2,1,86,86,2,9,0,False,Pass Incompletion,(11:54) Shotgun #4 M.Madsen pass incomplete short left to #13 C.Penry thrown to BSU19,-0.21376129491922757,2025-10-25T02:53:32.000Z
401760397,4017603979,401760397200,5,3,Boise State,Mountain West,6,Nevada,Mountain West,3,Nevada,Boise State,2,"{'minutes': 11, 'seconds': 47}",2,1,86,86,3,9,0,False,Pass Incompletion,(11:53) Shotgun #4 M.Madsen pass incomplete deep left to #88 M.Wagner thrown to BSU38 broken up by #44 A.Harnetiaux,-0.09281302057629047,2025-10-25T02:54:13.000Z
401760397,40176039710,401760397226,6,5,Nevada,Mountain West,3,Boise State,Mountain West,6,Nevada,Boise State,2,"{'minutes': 9, 'seconds': 31}",1,2,83,17,1,10,10,False,Penalty,(09:31) Shotgun #13 C.Purdy rush left for 14 yards gain to the BSU03 () PENALTY Nevada Holding (#85 J.Carpenter) 10 yards from BSU17 to BSU27. NO PLAY,,2025-10-25T03:02:34.000Z
401760397,40176039710,401760397207,6,1,Nevada,Mountain West,3,Boise State,Mountain West,6,Nevada,Boise State,2,"{'minutes': 11, 'seconds': 32}",1,2,50,50,1,10,3,False,Rush,(11:38) Shotgun #13 C.Purdy rush left for 3 yards gain to the BSU47 (#41 B.Phelps),-0.385960016074776,2025-10-25T02:58:03.000Z
401760397,40176039710,401760397211,6,2,Nevada,Mountain West,3,Boise State,Mountain West,6,Nevada,Boise State,2,"{'minutes': 10, 'seconds': 57}",1,2,53,47,2,7,12,False,Pass Reception,"(11:03) Shotgun #6 C.Jones pass complete short left to #85 J.Carpenter caught at Nevada50, for 12 yards to the BSU35 (#0 T.Benefield), 1ST DOWN",1.254783164419193,2025-10-25T02:58:37.000Z
401760397,40176039710,401760397216,6,3,Nevada,Mountain West,3,Boise State,Mountain West,6,Nevada,Boise State,2,"{'minutes': 10, 'seconds': 42}",1,2,65,35,1,10,6,False,Pass Reception,"(10:47) Shotgun #6 C.Jones pass complete short right to #9 M.Brown caught at BSU27, for 6 yards to the BSU29 (#6 J.Earby)",0.233934295436585,2025-10-25T03:00:25.000Z
401760397,40176039710,401760397747,6,4,Nevada,Mountain West,3,Boise State,Mountain West,10,Nevada,Boise State,2,"{'minutes': 10, 'seconds': 18}",1,2,71,29,2,4,13,False,Pass Reception,"(10:18) Shotgun #6 C.Jones pass complete short middle to #41 D.Thomas caught at BSU18, for 13 yards to the BSU16 (#6 J.Earby), 1ST DOWN",0.1699317670479966,2025-10-25T06:43:23.000Z
401760397,40176039710,401760397232,6,6,Nevada,Mountain West,3,Boise State,Mountain West,3,Nevada,Boise State,2,"{'minutes': 9, 'seconds': 15}",1,2,74,26,1,20,0,False,Pass Incompletion,(09:15) Shotgun #6 C.Jones pass incomplete short middle to #41 D.Thomas thrown to BSU09,-0.6225064634602653,2025-10-25T03:03:33.000Z
401760397,40176039710,401760397235,6,7,Nevada,Mountain West,3,Boise State,Mountain West,6,Nevada,Boise State,2,"{'minutes': 9, 'seconds': 11}",1,2,74,26,2,19,0,False,Pass Incompletion,(09:11) Shotgun #6 C.Jones pass incomplete short right to #2 H.Turner thrown to BSU28,-0.886723786307229,2025-10-25T03:03:52.000Z
401760397,40176039710,401760397238,6,8,Nevada,Mountain West,3,Boise State,Mountain West,6,Nevada,Boise State,2,"{'minutes': 9, 'seconds': 4}",1,2,74,26,3,19,2,False,Rush,(09:08) Shotgun #20 C.Ramseur rush left for 2 yards gain to the BSU24 (#99 M.Madrie; #5 J.Virgin-Morgan),-0.5856760225120112,2025-10-25T03:04:21.000Z
401760397,40176039710,401760397244,6,9,Nevada,Mountain West,3,Boise State,Mountain West,6,Nevada,Boise State,2,"{'minutes': 8, 'seconds': 30}",1,2,76,24,4,17,0,False,Pass Completion,"(08:30) Shotgun #10 A.Bianco pass complete short left to #85 J.Carpenter caught at BSU24, for 0 yards to the BSU24 (#5 J.Virgin-Morgan), TURNOVER ON DOWNS",-1.6547857235867038,2025-10-25T03:05:37.000Z
401760397,40176039711,401760397752,7,1,Boise State,Mountain West,10,Nevada,Mountain West,3,Nevada,Boise State,2,"{'minutes': 8, 'seconds': 30}",2,1,76,76,1,10,2,False,Pass Interception Return,"(08:30) #4 M.Madsen pass intercepted by #15 B.Turner at BSU43 #15 B.Turner return 2 yards to the BSU41, End Of Play",-0.8543816565842093,2025-10-25T06:47:02.000Z
401760397,40176039712,401760397266,8,4,Nevada,Mountain West,3,Boise State,Mountain West,6,Nevada,Boise State,2,"{'minutes': 7, 'seconds': 28}",1,2,61,39,4,9,0,False,Punt,(07:34) #39 B.Ettridge punt 33 yards to the BSU06,,2025-10-25T03:11:28.000Z
401760397,40176039712,401760397757,8,1,Nevada,Mountain West,3,Boise State,Mountain West,10,Nevada,Boise State,2,"{'minutes': 7, 'seconds': 59}",1,2,59,41,1,10,2,False,Rush,(07:59) Shotgun #20 C.Ramseur rush middle for 2 yards gain to the BSU39 (#95 M.Stege),-0.4734810315767391,2025-10-25T06:47:40.000Z
401760397,40176039712,401760397260,8,2,Nevada,Mountain West,3,Boise State,Mountain West,6,Nevada,Boise State,2,"{'minutes': 7, 'seconds': 39}",1,2,61,39,2,9,0,False,Pass Incompletion,(07:39) Shotgun #6 C.Jones pass incomplete short left to #20 C.Ramseur thrown to BSU35,-1.0021401723725314,2025-10-25T03:10:06.000Z
401760397,40176039712,401760397263,8,3,Nevada,Mountain West,3,Boise State,Mountain West,6,Nevada,Boise State,2,"{'minutes': 7, 'seconds': 35}",1,2,61,39,3,9,0,False,Pass Incompletion,(07:35) Shotgun #6 C.Jones pass incomplete short left to #20 C.Ramseur thrown to BSU37,-1.013792814087953,2025-10-25T03:10:49.000Z
401760397,40176039713,401760397278,9,3,Boise State,Mountain West,6,Nevada,Mountain West,3,Nevada,Boise State,2,"{'minutes': 6, 'seconds': 17}",2,1,78,78,1,10,0,False,Rush,(06:22) Shotgun #24 D.Riley rush middle for 0 yards to the BSU22 (#5 M.Kenion III),-0.6135902757979226,2025-10-25T03:13:22.000Z
401760397,40176039713,401760397322,9,13,Boise State,Mountain West,6,Nevada,Mountain West,3,Nevada,Boise State,2,"{'minutes': 1, 'seconds': 55}",2,1,4,4,2,4,0,False,Rush,(02:00) #26 S.Gaines rush middle for 0 yards to the Nevada04 (#0 N.Jackson),-0.362082681028621,2025-10-25T03:25:49.000Z
401760397,40176039713,401760397282,9,4,Boise State,Mountain West,6,Nevada,Mountain West,3,Nevada,Boise State,2,"{'minutes': 5, 'seconds': 53}",2,1,78,78,2,10,5,False,Penalty,"(05:53) Shotgun #4 M.Madsen pass complete short right to #24 D.Riley caught at BSU27, for 8 yards to the BSU30 (#2 E.Smith) PENALTY Nevada Offside (#33 S.Combs) 5 yards from BSU22 to BSU27. NO PLAY",,2025-10-25T03:14:43.000Z
401760397,40176039713,401760397327,9,14,Boise State,Mountain West,13,Nevada,Mountain West,3,Nevada,Boise State,2,"{'minutes': 1, 'seconds': 55}",2,1,4,4,3,4,2,False,Penalty,"PENALTY Nevada UNR: Unnecessary Roughness (#0 N.Jackson) 2 yards from Nevada04 to Nevada02, 1ST DOWN. NO PLAY",,2025-10-25T03:28:55.000Z
401760397,40176039713,401760397330,9,15,Boise State,Mountain West,10,Nevada,Mountain West,3,Nevada,Boise State,2,"{'minutes': 1, 'seconds': 35}",2,1,1,1,1,2,2,True,Rushing Touchdown,Sire Gaines 2 Yd Run (Colton Boomer Kick),,2025-10-25T03:27:27.000Z
401760397,40176039713,401760397270,9,1,Boise State,Mountain West,6,Nevada,Mountain West,3,Nevada,Boise State,2,"{'minutes': 7, 'seconds': 14}",2,1,94,94,1,10,9,False,Rush,(07:20) #26 S.Gaines rush middle for 9 yards gain to the BSU15 (#43 N.Ropati; #33 S.Combs),0.7353971396359595,2025-10-25T03:12:17.000Z
401760397,40176039713,401760397274,9,2,Boise State,Mountain West,6,Nevada,Mountain West,3,Nevada,Boise State,2,"{'minutes': 6, 'seconds': 44}",2,1,85,85,2,1,7,False,Rush,"(06:48) #26 S.Gaines rush right for 7 yards gain to the BSU22 (#4 E.Rhambo), 1ST DOWN",-0.1106884811960551,2025-10-25T03:12:49.000Z
401760397,40176039713,401760397761,9,5,Boise State,Mountain West,10,Nevada,Mountain West,3,Nevada,Boise State,2,"{'minutes': 5, 'seconds': 22}",2,1,73,73,2,5,5,False,Pass Reception,"(05:22) Shotgun #4 M.Madsen pass complete short left to #85 M.Lauter caught at BSU31, for 5 yards to the BSU32 (#33 S.Combs), 1ST DOWN",0.663570026225563,2025-10-25T06:50:41.000Z
401760397,40176039713,401760397293,9,6,Boise State,Mountain West,6,Nevada,Mountain West,3,Nevada,Boise State,2,"{'minutes': 4, 'seconds': 58}",2,1,68,68,1,10,0,False,Pass Incompletion,(04:58) Shotgun #4 M.Madsen pass incomplete short left to #85 M.Lauter thrown to BSU34,-0.9262377870973815,2025-10-25T03:15:41.000Z
401760397,40176039713,401760397296,9,7,Boise State,Mountain West,6,Nevada,Mountain West,3,Nevada,Boise State,2,"{'minutes': 4, 'seconds': 50}",2,1,68,68,2,10,7,False,Rush,(04:58) Shotgun #8 M.Sherrod rush right for 7 yards gain to the BSU39 (#33 S.Combs; #96 T.Vaughan),0.4177688714086419,2025-10-25T03:16:19.000Z
401760397,40176039713,401760397300,9,8,Boise State,Mountain West,6,Nevada,Mountain West,3,Nevada,Boise State,2,"{'minutes': 4, 'seconds': 11}",2,1,61,61,3,3,5,False,Rush,"(04:18) #8 M.Sherrod rush right for 5 yards gain to the BSU44 (#4 E.Rhambo; #2 E.Smith), 1ST DOWN",1.6575968499512932,2025-10-25T03:17:00.000Z
401760397,40176039713,401760397304,9,9,Boise State,Mountain West,6,Nevada,Mountain West,3,Nevada,Boise State,2,"{'minutes': 3, 'seconds': 30}",2,1,56,56,1,10,2,False,Rush,(03:35) Shotgun #8 M.Sherrod rush right for 2 yards gain to the BSU46 (#44 A.Harnetiaux; #0 N.Jackson),-0.6840321413406637,2025-10-25T03:17:40.000Z
401760397,40176039713,401760397308,9,10,Boise State,Mountain West,6,Nevada,Mountain West,3,Nevada,Boise State,2,"{'minutes': 3, 'seconds': 5}",2,1,54,54,2,8,37,False,Pass Reception,"(03:16) Shotgun #4 M.Madsen pass complete deep right to #80 C.Bates caught at Nevada17, for 37 yards to the Nevada17 (#4 E.Rhambo), 1ST DOWN",2.4743118199355556,2025-10-25T03:19:49.000Z
401760397,40176039713,401760397766,9,11,Boise State,Mountain West,10,Nevada,Mountain West,3,Nevada,Boise State,2,"{'minutes': 2, 'seconds': 58}",2,1,17,17,1,10,10,False,Pass Reception,"(02:58) #4 M.Madsen pass complete short right to #13 C.Penry caught at Nevada07, for 10 yards to the Nevada07, out of bounds at Nevada07, 1ST DOWN",0.383148472457203,2025-10-25T06:52:50.000Z
401760397,40176039713,401760397318,9,12,Boise State,Mountain West,6,Nevada,Mountain West,3,Nevada,Boise State,2,"{'minutes': 2, 'seconds': 22}",2,1,7,7,1,7,3,False,Rush,(02:28) #26 S.Gaines rush middle for 3 yards gain to the Nevada04 (#0 N.Jackson),-0.1371356101207495,2025-10-25T03:22:18.000Z
401760397,40176039715,401760397337,10,1,Boise State,Mountain West,10,Nevada,Mountain West,3,Nevada,Boise State,2,"{'minutes': 1, 'seconds': 35}",2,1,65,65,1,10,0,False,Kickoff,"(01:35) #35 C.Boomer kickoff 65 yards to the Nevada00, Touchback",,2025-10-25T03:28:14.000Z
401760397,40176039715,401760397771,10,7,Nevada,Mountain West,3,Boise State,Mountain West,10,Nevada,Boise State,2,"{'minutes': 1, 'seconds': 2}",1,1,38,62,4,8,0,False,Punt,"(01:02) #39 B.Ettridge punt 47 yards to the BSU15 PENALTY Nevada Personal Foul (#45 C.Smalley) 15 yards from BSU15 to BSU30, 1ST DOWN",,2025-10-25T06:54:39.000Z
401760397,40176039715,401760397359,10,6,Boise State,Mountain West,10,Nevada,Mountain West,3,Nevada,Boise State,2,"{'minutes': 1, 'seconds': 3}",1,1,37,37,3,9,0,False,Timeout,"Timeout Boise State, clock 01:03",,2025-10-25T03:32:07.000Z
401760397,40176039715,401760397341,10,2,Nevada,Mountain West,3,Boise State,Mountain West,10,Nevada,Boise State,2,"{'minutes': 1, 'seconds': 29}",1,2,25,75,1,10,11,False,Rush,"(01:35) Shotgun #20 C.Ramseur rush middle for 11 yards gain to the Nevada36 (#0 T.Benefield), 1ST DOWN",0.9305625119459905,2025-10-25T03:30:01.000Z
401760397,40176039715,401760397345,10,3,Nevada,Mountain West,3,Boise State,Mountain West,10,Nevada,Boise State,2,"{'minutes': 1, 'seconds': 15}",1,2,36,64,1,10,1,False,Pass Reception,"(01:18) Shotgun #6 C.Jones pass complete short left to #20 C.Ramseur caught at Nevada36, for 1 yard to the Nevada37 (#41 B.Phelps), out of bounds",-0.8530905486726476,2025-10-25T03:30:25.000Z
401760397,40176039715,401760397350,10,4,Nevada,Mountain West,3,Boise State,Mountain West,10,Nevada,Boise State,2,"{'minutes': 1, 'seconds': 10}",1,2,37,63,2,9,0,False,Pass Incompletion,(01:15) Shotgun #6 C.Jones pass incomplete deep left to #18 M.Bellon thrown to BSU39,-0.7156844087137806,2025-10-25T03:31:01.000Z
401760397,40176039715,401760397353,10,5,Nevada,Mountain West,3,Boise State,Mountain West,10,Nevada,Boise State,2,"{'minutes': 1, 'seconds': 3}",1,2,37,63,3,9,1,False,Rush,(01:10) Shotgun #20 C.Ramseur rush left for 1 yard gain to the Nevada38 (#99 M.Madrie),-0.3169268504278806,2025-10-25T03:31:45.000Z
401760397,40176039716,401760397775,11,5,Boise State,Mountain West,10,Nevada,Mountain West,3,Nevada,Boise State,2,"{'minutes': 1, 'seconds': 2}",1,1,70,70,1,10,5,False,Penalty,PENALTY BSU False Start (#75 D.Metoyer) 5 yards from BSU30 to BSU25. NO PLAY,,2025-10-25T06:56:42.000Z
401760397,40176039716,401760397395,11,6,Boise State,Mountain West,10,Nevada,Mountain West,3,Nevada,Boise State,2,"{'minutes': 0, 'seconds': 0}",1,1,39,39,4,11,0,False,End Period,End of 2nd quarter.,-0.946788888610814,2025-10-25T03:41:53.000Z
401760397,40176039716,401760397378,11,1,Boise State,Mountain West,10,Nevada,Mountain West,3,Nevada,Boise State,2,"{'minutes': 1, 'seconds': 2}",1,1,65,65,1,15,0,False,Pass Incompletion,#4 M.Madsen pass incomplete deep left to #5 C.Marshall thrown to Nevada35,-0.7293198696158293,2025-10-25T03:39:39.000Z
401760397,40176039716,401760397381,11,2,Boise State,Mountain West,10,Nevada,Mountain West,3,Nevada,Boise State,2,"{'minutes': 1, 'seconds': 2}",1,1,75,75,2,15,-4,False,Sack,Shotgun #4 M.Madsen sacked for loss of 4 yards to the BSU29 (#9 J.Maldonado),-0.291132776192085,2025-10-25T03:40:32.000Z
401760397,40176039716,401760397385,11,3,Boise State,Mountain West,10,Nevada,Mountain West,3,Nevada,Boise State,2,"{'minutes': 1, 'seconds': 2}",1,1,71,71,3,21,10,False,Rush,Shotgun #26 S.Gaines rush middle for 10 yards gain to the BSU39 (#2 E.Smith),0.17967334772787336,2025-10-25T03:40:53.000Z
401760397,40176039716,401760397389,11,4,Boise State,Mountain West,10,Nevada,Mountain West,3,Nevada,Boise State,2,"{'minutes': 1, 'seconds': 2}",1,1,61,61,4,11,0,False,Pass Incompletion,"Shotgun #4 M.Madsen pass incomplete deep right to #3 L.Caples thrown to Nevada20, TURNOVER ON DOWNS",0.10735640387715861,2025-10-25T03:41:24.000Z
401760397,40176039718,401760397402,12,1,Nevada,Mountain West,3,Boise State,Mountain West,10,Nevada,Boise State,3,"{'minutes': 15, 'seconds': 0}",3,3,35,65,1,10,0,False,Kickoff,"(15:00) #97 K.Emmett kickoff 65 yards to the BSU00, Touchback",,2025-10-25T04:00:24.000Z
401760397,40176039718,401760397425,12,7,Boise State,Mountain West,10,Nevada,Mountain West,3,Nevada,Boise State,3,"{'minutes': 12, 'seconds': 5}",3,3,57,57,4,4,0,False,Punt,(12:09) #37 O.Doyle punt 42 yards to the Nevada15 fair catch by #18 M.Bellon at Nevada15,,2025-10-25T04:04:43.000Z
401760397,40176039718,401760397405,12,2,Boise State,Mountain West,10,Nevada,Mountain West,3,Nevada,Boise State,3,"{'minutes': 14, 'seconds': 55}",3,3,75,75,1,10,4,False,Rush,(15:00) Shotgun #26 S.Gaines rush middle for 4 yards gain to the BSU29 (#0 N.Jackson),-0.1142886249388964,2025-10-25T04:01:12.000Z
401760397,40176039718,401760397409,12,3,Boise State,Mountain West,10,Nevada,Mountain West,3,Nevada,Boise State,3,"{'minutes': 14, 'seconds': 19}",3,3,71,71,2,6,8,False,Rush,"(14:26) Shotgun #26 S.Gaines rush middle for 8 yards gain to the BSU37 (#0 N.Jackson), 1ST DOWN",1.1415329510824677,2025-10-25T04:01:46.000Z
401760397,40176039718,401760397413,12,4,Boise State,Mountain West,10,Nevada,Mountain West,3,Nevada,Boise State,3,"{'minutes': 13, 'seconds': 35}",3,3,63,63,1,10,2,False,Rush,(13:40) Shotgun #26 S.Gaines rush right for 2 yards gain to the BSU39 (#0 N.Jackson; #33 S.Combs),-0.6556647600661254,2025-10-25T04:02:33.000Z
401760397,40176039718,401760397417,12,5,Boise State,Mountain West,10,Nevada,Mountain West,3,Nevada,Boise State,3,"{'minutes': 13, 'seconds': 0}",3,3,61,61,2,8,0,False,Pass Incompletion,(13:03) Shotgun #4 M.Madsen pass incomplete short right to #5 C.Marshall thrown to BSU49 broken up by #1 A.Odums,-0.8373064649049704,2025-10-25T04:03:10.000Z
401760397,40176039718,401760397420,12,6,Boise State,Mountain West,10,Nevada,Mountain West,3,Nevada,Boise State,3,"{'minutes': 12, 'seconds': 33}",3,3,61,61,3,8,4,False,Rush,(13:00) Shotgun #4 M.Madsen rush left for 4 yards gain to the BSU43 (#0 N.Jackson),-0.0887968048458001,2025-10-25T04:04:12.000Z
401760397,40176039719,401760397464,13,10,Nevada,Mountain West,3,Boise State,Mountain West,10,Nevada,Boise State,3,"{'minutes': 7, 'seconds': 24}",3,3,39,61,4,8,0,False,Punt,"(07:29) #39 B.Ettridge punt 50 yards to the BSU11 fair catch by #8 M.Sherrod at BSU11 PENALTY Nevada Personal Foul (#3 C.Brown) 15 yards from BSU11 to BSU26, 1ST DOWN",,2025-10-25T04:14:30.000Z
401760397,40176039719,401760397429,13,1,Nevada,Mountain West,3,Boise State,Mountain West,10,Nevada,Boise State,3,"{'minutes': 11, 'seconds': 59}",3,3,15,85,1,10,4,False,Rush,(12:04) Shotgun #25 K.Woods rush left for 4 yards gain to the Nevada19 (#53 M.Notarainni),-0.0658646968869041,2025-10-25T04:07:53.000Z
401760397,40176039719,401760397433,13,2,Nevada,Mountain West,3,Boise State,Mountain West,10,Nevada,Boise State,3,"{'minutes': 11, 'seconds': 25}",3,3,19,81,2,6,0,False,Pass Incompletion,(11:27) Shotgun #6 C.Jones pass incomplete short left to #25 K.Woods thrown to Nevada29,-0.4060245273248624,2025-10-25T04:08:34.000Z
401760397,40176039719,401760397436,13,3,Nevada,Mountain West,3,Boise State,Mountain West,10,Nevada,Boise State,3,"{'minutes': 11, 'seconds': 11}",3,3,19,81,3,6,7,False,Pass Reception,"(11:25) Shotgun #6 C.Jones pass complete short left to #85 J.Carpenter caught at Nevada26, for 7 yards to the Nevada26 (#10 D.Ganter Jr.), 1ST DOWN",1.0860744616260103,2025-10-25T04:09:13.000Z
401760397,40176039719,401760397441,13,4,Nevada,Mountain West,3,Boise State,Mountain West,10,Nevada,Boise State,3,"{'minutes': 10, 'seconds': 38}",3,3,26,74,1,10,0,False,Pass Incompletion,(10:41) Shotgun #6 C.Jones pass incomplete short right to #85 J.Carpenter thrown to Nevada28 broken up by #53 M.Notarainni,-0.7342478781140684,2025-10-25T04:09:56.000Z
401760397,40176039719,401760397444,13,5,Nevada,Mountain West,3,Boise State,Mountain West,10,Nevada,Boise State,3,"{'minutes': 10, 'seconds': 25}",3,3,26,74,2,10,5,False,Rush,(10:37) Shotgun #6 C.Jones rush right for 5 yards gain to the Nevada31 (#6 J.Earby),0.04513520019185166,2025-10-25T04:10:39.000Z
401760397,40176039719,401760397448,13,6,Nevada,Mountain West,3,Boise State,Mountain West,10,Nevada,Boise State,3,"{'minutes': 9, 'seconds': 36}",3,3,31,69,3,5,6,False,Pass Completion,"(09:52) Shotgun #6 C.Jones pass complete short right to #18 M.Bellon caught at Nevada37, for 6 yards to the Nevada37 (#6 J.Earby), 1ST DOWN",1.6453781968054324,2025-10-25T04:11:22.000Z
401760397,40176039719,401760397453,13,7,Nevada,Mountain West,3,Boise State,Mountain West,10,Nevada,Boise State,3,"{'minutes': 9, 'seconds': 0}",3,3,37,63,1,10,7,False,Rush,(09:06) Shotgun #2 H.Turner rush left for 7 yards gain to the Nevada44 (#51 R.Caywood),0.7113806413121412,2025-10-25T04:12:06.000Z
401760397,40176039719,401760397457,13,8,Nevada,Mountain West,3,Boise State,Mountain West,10,Nevada,Boise State,3,"{'minutes': 8, 'seconds': 16}",3,3,44,56,2,3,-3,False,Sack,"(08:22) Shotgun #6 C.Jones sacked for loss of 5 yards to the Nevada39 (#90 B.Fely, #92 D.Latu)",-1.8980740631944606,2025-10-25T04:12:53.000Z
401760397,40176039719,401760397461,13,9,Nevada,Mountain West,3,Boise State,Mountain West,10,Nevada,Boise State,3,"{'minutes': 7, 'seconds': 31}",3,3,39,61,3,8,0,False,Pass Incompletion,(07:36) Shotgun #6 C.Jones pass incomplete deep right to #41 D.Thomas thrown to BSU31 broken up by #31 C.Miller,-0.46204865532895845,2025-10-25T04:13:36.000Z
401760397,40176039720,401760397500,14,8,Boise State,Mountain West,10,Nevada,Mountain West,3,Nevada,Boise State,3,"{'minutes': 3, 'seconds': 49}",3,3,46,46,4,12,1,False,Punt,"(03:58) #37 O.Doyle punt 41 yards to the Nevada05 muffed by Nevada at Nevada05 recovered by BSU #55 M.Tuioti at Nevada06, End Of Play",,2025-10-25T04:23:55.000Z
401760397,40176039720,401760397469,14,1,Boise State,Mountain West,10,Nevada,Mountain West,3,Nevada,Boise State,3,"{'minutes': 7, 'seconds': 14}",3,3,74,74,1,10,11,False,Pass Reception,"(07:24) Shotgun #4 M.Madsen pass complete short middle to #3 L.Caples caught at BSU34, for 11 yards to the BSU37 (#22 H.McDonald), 1ST DOWN",0.9562655188832156,2025-10-25T04:18:40.000Z
401760397,40176039720,401760397474,14,2,Boise State,Mountain West,10,Nevada,Mountain West,3,Nevada,Boise State,3,"{'minutes': 6, 'seconds': 47}",3,3,63,63,1,10,0,False,Pass Incompletion,(06:51) Shotgun #4 M.Madsen pass incomplete deep right to #3 L.Caples thrown to Nevada31,-1.065701080215459,2025-10-25T04:19:12.000Z
401760397,40176039720,401760397477,14,3,Boise State,Mountain West,10,Nevada,Mountain West,3,Nevada,Boise State,3,"{'minutes': 6, 'seconds': 40}",3,3,63,63,2,10,4,False,Rush,(06:47) #24 D.Riley rush right for 4 yards gain to the BSU41 (#32 D.Labarbera),-0.1209923416668603,2025-10-25T04:19:53.000Z
401760397,40176039720,401760397481,14,4,Boise State,Mountain West,10,Nevada,Mountain West,3,Nevada,Boise State,3,"{'minutes': 5, 'seconds': 50}",3,3,59,59,3,6,15,False,Pass Reception,"(06:02) Shotgun #4 M.Madsen pass complete short middle to #13 C.Penry caught at BSU44, for 15 yards to the Nevada44 (#4 E.Rhambo), 1ST DOWN",2.824321857950048,2025-10-25T04:20:36.000Z
401760397,40176039720,401760397486,14,5,Boise State,Mountain West,10,Nevada,Mountain West,3,Nevada,Boise State,3,"{'minutes': 4, 'seconds': 37}",3,3,44,44,1,10,-3,False,Fumble Recovery (Own),"(05:21) Shotgun Boise State rush middle for 3 yards loss to the Nevada47 fumbled by Boise State at recovered by BSU #4 M.Madsen at Nevada47, End Of Play",-1.6493521153216388,2025-10-25T04:21:45.000Z
401760397,40176039720,401760397492,14,6,Boise State,Mountain West,10,Nevada,Mountain West,3,Nevada,Boise State,3,"{'minutes': 4, 'seconds': 19}",3,3,47,47,2,13,1,False,Pass Reception,"(04:29) Shotgun #4 M.Madsen pass complete short right to #8 M.Sherrod caught at Nevada46, for 1 yard to the Nevada46 (#0 N.Jackson; #99 T.Witte)",-0.7950194347940228,2025-10-25T04:22:08.000Z
401760397,40176039720,401760397497,14,7,Boise State,Mountain West,10,Nevada,Mountain West,3,Nevada,Boise State,3,"{'minutes': 4, 'seconds': 0}",3,3,46,46,3,12,0,False,Pass Incompletion,(04:00) Shotgun #4 M.Madsen pass incomplete short right to #3 L.Caples thrown to Nevada30 broken up by #4 E.Rhambo,-0.7473486405308584,2025-10-25T04:22:41.000Z
401760397,40176039721,401760397525,15,5,Boise State,Mountain West,17,Nevada,Mountain West,3,Nevada,Boise State,3,"{'minutes': 1, 'seconds': 41}",3,3,1,1,4,1,1,True,Rush,"(01:45) #4 M.Madsen rush middle for 1 yard gain to the Nevada00 TOUCHDOWN, clock 01:41 #35 C.Boomer kick attempt good (H: #37 O.Doyle, LS: #42 M.Hutton)",2.785753974856101,2025-10-25T04:29:15.000Z
401760397,40176039721,401760397520,15,4,Boise State,Mountain West,10,Nevada,Mountain West,3,Nevada,Boise State,3,"{'minutes': 1, 'seconds': 47}",3,3,1,1,4,1,0,False,Penalty,(01:47) #26 S.Gaines rush middle for 0 yards to the Nevada01 (#32 D.Labarbera) PENALTY Nevada Offside. NO PLAY,-4.214246025143899,2025-10-25T04:28:50.000Z
401760397,40176039721,401760397508,15,1,Boise State,Mountain West,10,Nevada,Mountain West,3,Nevada,Boise State,3,"{'minutes': 3, 'seconds': 31}",3,3,6,6,1,6,5,False,Rush,(03:47) #4 M.Madsen rush right for 5 yards gain to the Nevada01 (#43 N.Ropati),0.152137533592271,2025-10-25T04:26:09.000Z
401760397,40176039721,401760397516,15,3,Boise State,Mountain West,10,Nevada,Mountain West,3,Nevada,Boise State,3,"{'minutes': 2, 'seconds': 11}",3,3,1,1,3,1,0,False,Rush,(02:32) #26 S.Gaines rush middle for 0 yards to the Nevada01 (#33 S.Combs),-0.331755745676551,2025-10-25T04:27:22.000Z
401760397,40176039721,401760397512,15,2,Boise State,Mountain West,10,Nevada,Mountain West,3,Nevada,Boise State,3,"{'minutes': 2, 'seconds': 58}",3,3,1,1,2,1,0,False,Rush,(03:05) #26 S.Gaines rush middle for 0 yards to the Nevada01 (#0 N.Jackson; #98 D.Paine Jr.),-0.553645991706544,2025-10-25T04:26:49.000Z
401760397,40176039723,401760397532,16,1,Boise State,Mountain West,17,Nevada,Mountain West,3,Nevada,Boise State,3,"{'minutes': 1, 'seconds': 41}",3,3,65,65,1,10,0,False,Kickoff,"(01:41) #35 C.Boomer kickoff 65 yards to the Nevada00, Touchback",,2025-10-25T04:30:07.000Z
401760397,40176039723,401760397781,16,2,Nevada,Mountain West,3,Boise State,Mountain West,17,Nevada,Boise State,3,"{'minutes': 1, 'seconds': 41}",3,3,25,75,1,10,10,False,Penalty,(01:41) Shotgun #6 C.Jones pass incomplete short right to #85 J.Carpenter thrown to Nevada30 PENALTY Nevada Holding (#11 J.Henry) 10 yards from Nevada25 to Nevada15. NO PLAY,,2025-10-25T07:01:03.000Z
401760397,40176039723,401760397552,16,6,Nevada,Mountain West,3,Boise State,Mountain West,17,Nevada,Boise State,3,"{'minutes': 0, 'seconds': 2}",3,3,27,73,4,8,0,False,Punt Return,(00:02) #39 B.Ettridge punt 53 yards to the BSU20 #8 M.Sherrod return 0 yards to the BSU20,,2025-10-25T04:37:04.000Z
401760397,40176039723,401760397539,16,3,Nevada,Mountain West,3,Boise State,Mountain West,17,Nevada,Boise State,3,"{'minutes': 1, 'seconds': 4}",3,3,15,85,1,20,1,False,Pass Reception,"(01:35) Shotgun #6 C.Jones pass complete short right to #13 C.Purdy caught at Nevada16, for 1 yard to the Nevada16 (#53 M.Notarainni)",-0.1191798600878693,2025-10-25T04:34:52.000Z
401760397,40176039723,401760397544,16,4,Nevada,Mountain West,3,Boise State,Mountain West,17,Nevada,Boise State,3,"{'minutes': 0, 'seconds': 37}",3,3,16,84,2,19,11,False,Pass Reception,"(00:45) Shotgun #6 C.Jones pass complete short right to #85 J.Carpenter caught at Nevada19, for 11 yards to the Nevada27 (#0 T.Benefield)",0.26994757251242607,2025-10-25T04:35:39.000Z
401760397,40176039723,401760397549,16,5,Nevada,Mountain West,3,Boise State,Mountain West,17,Nevada,Boise State,3,"{'minutes': 0, 'seconds': 4}",3,3,27,73,3,8,0,False,Pass Incompletion,(00:09) Shotgun #6 C.Jones pass incomplete short right to #41 D.Thomas thrown to Nevada35,-0.22421028645399854,2025-10-25T04:36:17.000Z
401760397,40176039723,401760397559,16,7,Nevada,Mountain West,3,Boise State,Mountain West,17,Nevada,Boise State,3,"{'minutes': 0, 'seconds': 0}",3,3,27,73,4,8,-7,False,End Period,End of 3rd quarter.,0.23337660163398688,2025-10-25T04:37:25.000Z
401760397,40176039724,401760397578,17,4,Boise State,Mountain West,17,Nevada,Mountain West,3,Nevada,Boise State,4,"{'minutes': 14, 'seconds': 1}",3,3,72,72,4,2,3,False,Punt,(14:07) #37 O.Doyle punt 47 yards to the Nevada25 #18 M.Bellon return 3 yards to the Nevada28 (#20 J.Mickey),,2025-10-25T04:43:17.000Z
401760397,40176039724,401760397564,17,1,Boise State,Mountain West,17,Nevada,Mountain West,3,Nevada,Boise State,4,"{'minutes': 14, 'seconds': 50}",3,3,80,80,1,10,9,False,Rush,"(15:00) #4 M.Madsen rush left for 9 yards gain to the BSU29 (#5 M.Kenion III), out of bounds",1.1127415828278746,2025-10-25T04:41:06.000Z
401760397,40176039724,401760397571,17,2,Boise State,Mountain West,17,Nevada,Mountain West,3,Nevada,Boise State,4,"{'minutes': 14, 'seconds': 22}",3,3,71,71,2,1,-1,False,Rush,(14:23) #8 M.Sherrod rush left for 1 yard loss to the BSU28 (#99 T.Witte),-1.2814590969976463,2025-10-25T04:41:41.000Z
401760397,40176039724,401760397575,17,3,Boise State,Mountain West,17,Nevada,Mountain West,3,Nevada,Boise State,4,"{'minutes': 14, 'seconds': 9}",3,3,72,72,3,2,0,False,Pass Incompletion,(14:10) #4 M.Madsen pass incomplete short left to #83 Q.Williams Jr. thrown to BSU35,-0.4742502762282106,2025-10-25T04:42:38.000Z
401760397,40176039725,401760397584,18,1,Nevada,Mountain West,3,Boise State,Mountain West,17,Nevada,Boise State,4,"{'minutes': 13, 'seconds': 51}",3,3,28,72,1,10,24,False,Rush,"(14:01) Shotgun #2 H.Turner rush right for 24 yards gain to the BSU48 (#7 A.McCoy), out of bounds, 1ST DOWN",2.1693988759860954,2025-10-25T04:46:24.000Z
401760397,40176039725,401760397588,18,2,Nevada,Mountain West,3,Boise State,Mountain West,17,Nevada,Boise State,4,"{'minutes': 13, 'seconds': 17}",3,3,52,48,1,10,23,False,Rush,"(13:23) Shotgun #2 H.Turner rush right for 23 yards gain to the BSU25 (#0 T.Benefield), 1ST DOWN",0.9861494740138995,2025-10-25T04:47:05.000Z
401760397,40176039725,401760397592,18,3,Nevada,Mountain West,3,Boise State,Mountain West,17,Nevada,Boise State,4,"{'minutes': 12, 'seconds': 24}",3,3,75,25,1,10,-3,False,Rush,(12:40) Shotgun #13 C.Purdy rush middle for 3 yards loss to the BSU28 (#0 T.Benefield),-0.8112740449883925,2025-10-25T04:47:52.000Z
401760397,40176039725,401760397596,18,4,Nevada,Mountain West,3,Boise State,Mountain West,17,Nevada,Boise State,4,"{'minutes': 11, 'seconds': 48}",3,3,72,28,2,13,3,False,Pass Reception,"(12:00) Shotgun #6 C.Jones pass complete short right to #9 M.Brown caught at BSU25, for 3 yards to the BSU25 (#7 A.McCoy), out of bounds",-0.2494043644964014,2025-10-25T04:48:31.000Z
401760397,40176039725,401760397601,18,5,Nevada,Mountain West,3,Boise State,Mountain West,17,Nevada,Boise State,4,"{'minutes': 11, 'seconds': 27}",3,3,75,25,3,10,0,False,Interception,"(11:32) Shotgun #6 C.Jones pass intercepted by #6 J.Earby at BSU00, Touchback",-3.2392372282491486,2025-10-25T04:49:11.000Z
401760397,40176039726,401760397665,19,14,Nevada,Mountain West,3,Boise State,Mountain West,17,Nevada,Boise State,4,"{'minutes': 3, 'seconds': 42}",2,3,19,81,3,7,0,False,Timeout,"Timeout Nevada, clock 03:42",,2025-10-25T05:00:38.000Z
401760397,40176039726,401760397658,19,13,Boise State,Mountain West,17,Nevada,Mountain West,3,Nevada,Boise State,4,"{'minutes': 3, 'seconds': 42}",3,3,19,19,3,7,10,False,Pass Reception,"(03:54) Shotgun #4 M.Madsen pass complete short left to #24 D.Riley caught at Nevada16, for 10 yards to the Nevada09 (#22 H.McDonald), 1ST DOWN",0.7862315424487606,2025-10-25T05:00:08.000Z
401760397,40176039726,401760397670,19,15,Boise State,Mountain West,17,Nevada,Mountain West,3,Nevada,Boise State,4,"{'minutes': 3, 'seconds': 40}",3,2,9,9,1,9,8,False,Rush,(03:40) #24 D.Riley rush middle for 8 yards gain to the Nevada01 (#98 D.Paine Jr.; #25 A.Ambush),0.523885586173462,2025-10-25T05:06:24.000Z
401760397,40176039726,401760397674,19,16,Boise State,Mountain West,24,Nevada,Mountain West,3,Nevada,Boise State,4,"{'minutes': 3, 'seconds': 9}",3,2,1,1,2,1,1,True,Rush,"(03:09) #24 D.Riley rush middle for 1 yard gain to the Nevada00 TOUCHDOWN, clock 03:09 #35 C.Boomer kick attempt good (H: #37 O.Doyle, LS: #42 M.Hutton)",1.900352237473006,2025-10-25T05:06:49.000Z
401760397,40176039726,401760397605,19,1,Boise State,Mountain West,17,Nevada,Mountain West,3,Nevada,Boise State,4,"{'minutes': 11, 'seconds': 15}",3,3,80,80,1,10,8,False,Pass Reception,"(11:27) Shotgun #4 M.Madsen pass complete short right to #13 C.Penry caught at BSU28, for 8 yards to the BSU28 (#1 A.Odums)",0.7987441096809142,2025-10-25T04:52:33.000Z
401760397,40176039726,401760397610,19,2,Boise State,Mountain West,17,Nevada,Mountain West,3,Nevada,Boise State,4,"{'minutes': 10, 'seconds': 55}",3,3,72,72,2,2,13,False,Pass Reception,"(11:04) Shotgun #4 M.Madsen pass complete short to #3 L.Caples caught at BSU31, for 13 yards to the BSU41 (#9 J.Maldonado), 1ST DOWN",0.9283013361257612,2025-10-25T04:52:53.000Z
401760397,40176039726,401760397615,19,3,Boise State,Mountain West,17,Nevada,Mountain West,3,Nevada,Boise State,4,"{'minutes': 10, 'seconds': 22}",3,3,59,59,1,10,12,False,Pass Reception,"(10:35) Shotgun #4 M.Madsen pass complete short right to #85 M.Lauter caught at BSU50, for 12 yards to the Nevada47 (#1 A.Odums), 1ST DOWN",1.0458101085319973,2025-10-25T04:53:28.000Z
401760397,40176039726,401760397620,19,4,Boise State,Mountain West,17,Nevada,Mountain West,3,Nevada,Boise State,4,"{'minutes': 9, 'seconds': 44}",3,3,47,47,1,10,-4,False,Sack,(09:56) Shotgun #4 M.Madsen sacked for loss of 4 yards to the BSU49 (#32 D.Labarbera),-1.956307856102079,2025-10-25T04:54:12.000Z
401760397,40176039726,401760397624,19,5,Boise State,Mountain West,17,Nevada,Mountain West,3,Nevada,Boise State,4,"{'minutes': 9, 'seconds': 10}",3,3,51,51,2,14,4,False,Rush,(09:15) Shotgun #8 M.Sherrod rush left for 4 yards gain to the Nevada47 (#44 A.Harnetiaux),-0.15422263730661,2025-10-25T04:54:44.000Z
401760397,40176039726,401760397628,19,6,Boise State,Mountain West,17,Nevada,Mountain West,3,Nevada,Boise State,4,"{'minutes': 8, 'seconds': 19}",3,3,47,47,3,10,8,False,Pass Reception,"(08:29) Shotgun #4 M.Madsen pass complete short middle to #88 M.Wagner caught at Nevada44, for 8 yards to the Nevada39 (#14 D.Warnell; #0 N.Jackson)",0.7285688175361997,2025-10-25T04:55:30.000Z
401760397,40176039726,401760397633,19,7,Boise State,Mountain West,17,Nevada,Mountain West,3,Nevada,Boise State,4,"{'minutes': 7, 'seconds': 37}",3,3,39,39,4,2,5,False,Rush,"(07:52) #4 M.Madsen rush left for 5 yards gain to the Nevada34 (#33 S.Combs), out of bounds, 1ST DOWN",2.058437756225249,2025-10-25T04:56:14.000Z
401760397,40176039726,401760397638,19,8,Boise State,Mountain West,17,Nevada,Mountain West,3,Nevada,Boise State,4,"{'minutes': 6, 'seconds': 53}",3,3,34,34,1,10,1,False,Rush,(07:04) Shotgun #26 S.Gaines rush middle for 1 yard gain to the Nevada33 (#98 D.Paine Jr.),-0.504093995421519,2025-10-25T04:56:54.000Z
401760397,40176039726,401760397642,19,9,Boise State,Mountain West,17,Nevada,Mountain West,3,Nevada,Boise State,4,"{'minutes': 6, 'seconds': 28}",3,3,33,33,2,9,6,False,Rush,(06:33) #24 D.Riley rush middle for 6 yards gain to the Nevada27 (#0 N.Jackson; #96 T.Vaughan),0.217881476092153,2025-10-25T04:57:27.000Z
401760397,40176039726,401760397646,19,10,Boise State,Mountain West,17,Nevada,Mountain West,3,Nevada,Boise State,4,"{'minutes': 5, 'seconds': 43}",3,3,27,27,3,3,5,False,Rush,"(05:48) Shotgun #24 D.Riley rush middle for 5 yards gain to the Nevada22 (#32 D.Labarbera), 1ST DOWN",0.575315913594576,2025-10-25T04:58:12.000Z
401760397,40176039726,401760397650,19,11,Boise State,Mountain West,17,Nevada,Mountain West,3,Nevada,Boise State,4,"{'minutes': 5, 'seconds': 14}",3,3,22,22,1,10,-1,False,Rush,(05:18) #24 D.Riley rush middle for 1 yard loss to the Nevada23 (#5 M.Kenion III),-0.4989426720254894,2025-10-25T04:58:41.000Z
401760397,40176039726,401760397654,19,12,Boise State,Mountain West,17,Nevada,Mountain West,3,Nevada,Boise State,4,"{'minutes': 4, 'seconds': 33}",3,3,23,23,2,11,4,False,Rush,(04:38) #24 D.Riley rush middle for 4 yards gain to the Nevada19 (#32 D.Labarbera),-0.0639039274212792,2025-10-25T04:59:22.000Z
401760397,40176039728,401760397681,20,1,Boise State,Mountain West,24,Nevada,Mountain West,3,Nevada,Boise State,4,"{'minutes': 3, 'seconds': 9}",3,2,65,65,1,10,0,False,Kickoff,"(03:09) #35 C.Boomer kickoff 65 yards to the Nevada00, Touchback",,2025-10-25T05:07:05.000Z
401760397,40176039728,401760397707,20,7,Nevada,Mountain West,3,Boise State,Mountain West,24,Nevada,Boise State,4,"{'minutes': 1, 'seconds': 49}",1,3,51,49,3,6,0,False,Timeout,"Timeout Nevada, clock 01:49",,2025-10-25T05:16:28.000Z
401760397,40176039728,401760397684,20,2,Nevada,Mountain West,3,Boise State,Mountain West,24,Nevada,Boise State,4,"{'minutes': 3, 'seconds': 2}",2,3,25,75,1,10,10,False,Rush,"(03:08) No Huddle-Shotgun #2 H.Turner rush middle for 10 yards gain to the Nevada35 (#18 S.Brooks), 1ST DOWN",0.8350381090299867,2025-10-25T05:10:54.000Z
401760397,40176039728,401760397688,20,3,Nevada,Mountain West,3,Boise State,Mountain West,24,Nevada,Boise State,4,"{'minutes': 2, 'seconds': 31}",2,3,35,65,1,10,12,False,Pass Reception,"(02:43) No Huddle-Shotgun #6 C.Jones pass complete short right to #9 M.Brown caught at Nevada47, for 12 yards to the Nevada47 (#16 F.Johnson Jr.), 1ST DOWN",1.147417577118027,2025-10-25T05:11:21.000Z
401760397,40176039728,401760397693,20,4,Nevada,Mountain West,3,Boise State,Mountain West,24,Nevada,Boise State,4,"{'minutes': 2, 'seconds': 19}",2,3,47,53,1,10,0,False,Pass Incompletion,(02:21) No Huddle-Shotgun #6 C.Jones pass incomplete deep right to #12 N.Burleson II thrown to BSU33 broken up by #23 S.Smith,-1.1527089917962545,2025-10-25T05:11:50.000Z
401760397,40176039728,401760397696,20,5,Nevada,Mountain West,3,Boise State,Mountain West,24,Nevada,Boise State,4,"{'minutes': 2, 'seconds': 12}",2,3,47,53,2,10,4,False,Rush,(02:16) Shotgun #2 H.Turner rush middle for 4 yards gain to the BSU49 (#43 J.Ripp),-0.1624133674396635,2025-10-25T05:12:25.000Z
401760397,40176039728,401760397708,20,6,Nevada,Mountain West,3,Boise State,Mountain West,24,Nevada,Boise State,4,"{'minutes': 2, 'seconds': 0}",2,3,51,49,3,6,0,False,Fumble Recovery (Opponent),"(02:00) Shotgun #6 C.Jones pass complete short right to #18 M.Bellon caught at BSU47, for 0 yards to the BSU49 fumbled by #18 M.Bellon at BSU49 forced by #14 D.Freeney recovered by BSU #41 B.Phelps at BSU49, End Of Play",-1.5895782071907743,2025-10-25T05:20:10.000Z
401760397,40176039729,401760397719,21,1,Boise State,Mountain West,24,Nevada,Mountain West,3,Nevada,Boise State,4,"{'minutes': 2, 'seconds': 0}",3,1,49,49,2,8,-3,False,Rush,(00:00) Kneel down by #4 M.Madsen at BSU48 for loss of 3 yards,-1.6643953060885028,2025-10-25T05:22:03.000Z
401760397,40176039729,401760397785,21,2,Boise State,Mountain West,24,Nevada,Mountain West,3,Nevada,Boise State,4,"{'minutes': 0, 'seconds': 0}",3,1,51,51,1,10,2,False,Rush,(00:00) #1 J.Dubar rush left for 2 yards gain to the Nevada49 (#0 N.Jackson),-0.643630697434087,2025-10-25T07:03:55.000Z
401760402,4017604022,4017604023,1,1,Fresno State,Mountain West,0,Boise State,Mountain West,0,Boise State,Fresno State,1,"{'minutes': 15, 'seconds': 0}",3,3,65,65,1,10,0,False,Kickoff,"(15:00) #46 D.Lynch kickoff 65 yards to the BOI00, Touchback",,2025-11-01T19:34:05.000Z
401760402,4017604022,40176040222,1,5,Boise State,Mountain West,0,Fresno State,Mountain West,0,Boise State,Fresno State,1,"{'minutes': 14, 'seconds': 12}",3,3,31,69,4,4,0,False,Punt,(14:18) #37 O.Doyle punt 42 yards to the FS 27 fair catch by #10 J.Malau’ulu at FS 27,,2025-11-01T19:38:29.000Z
401760402,4017604022,40176040212,1,2,Boise State,Mountain West,0,Fresno State,Mountain West,0,Boise State,Fresno State,1,"{'minutes': 14, 'seconds': 54}",3,3,25,75,1,10,6,False,Rush,(15:00) #24 D.Riley rush middle for 6 yards gain to the BOI31 (#5 S.Harris),0.3333748010525683,2025-11-01T19:36:37.000Z
401760402,4017604022,40176040216,1,3,Boise State,Mountain West,0,Fresno State,Mountain West,0,Boise State,Fresno State,1,"{'minutes': 14, 'seconds': 23}",3,3,31,69,2,4,0,False,Pass Incompletion,(14:27) #4 M.Madsen pass incomplete short left to #24 D.Riley thrown to BOI34,-0.8681070846083454,2025-11-01T19:37:12.000Z
401760402,4017604022,40176040219,1,4,Boise State,Mountain West,0,Fresno State,Mountain West,0,Boise State,Fresno State,1,"{'minutes': 14, 'seconds': 18}",3,3,31,69,3,4,0,False,Pass Incompletion,(14:23) Shotgun #4 M.Madsen pass incomplete deep right to #80 C.Bates thrown to FS 48 QB hurried by #19 F.Claypool,-0.43770162015070735,2025-11-01T19:37:51.000Z
401760402,4017604023,40176040234,2,3,Fresno State,Mountain West,0,Boise State,Mountain West,0,Boise State,Fresno State,1,"{'minutes': 13, 'seconds': 0}",3,3,76,76,3,13,5,False,Penalty,PENALTY FS  False Start (#72 E.Fonua) 5 yards from FS 24 to FS 19. NO PLAY,,2025-11-01T19:40:40.000Z
401760402,4017604023,40176040241,2,5,Fresno State,Mountain West,0,Boise State,Mountain West,0,Boise State,Fresno State,1,"{'minutes': 12, 'seconds': 5}",3,3,84,84,4,21,0,False,Punt,(12:16) #41 N.Verdugo punt 46 yards to the BOI38,,2025-11-01T19:42:23.000Z
401760402,4017604023,40176040226,2,1,Fresno State,Mountain West,0,Boise State,Mountain West,0,Boise State,Fresno State,1,"{'minutes': 13, 'seconds': 59}",3,3,73,73,1,10,1,False,Rush,(14:12) Shotgun #6 B.Donelson rush middle for 1 yard gain to the FS 28 (#0 T.Benefield),-0.638641687269482,2025-11-01T19:39:15.000Z
401760402,4017604023,40176040230,2,2,Fresno State,Mountain West,0,Boise State,Mountain West,0,Boise State,Fresno State,1,"{'minutes': 13, 'seconds': 30}",3,3,72,72,2,9,-4,False,Rush,"(13:34) Shotgun #17 C.Conklin rush left for 4 yards loss to the FS 24 (#7 A.McCoy), out of bounds",-0.6482931480271814,2025-11-01T19:39:51.000Z
401760402,4017604023,40176040237,2,4,Fresno State,Mountain West,0,Boise State,Mountain West,0,Boise State,Fresno State,1,"{'minutes': 12, 'seconds': 48}",3,3,81,81,3,18,-3,False,Rush,(12:53) Shotgun #2 R.Luke rush middle for 3 yards loss to the FS 16 (#95 M.Stege),-0.05855089173465354,2025-11-01T19:41:12.000Z
401760402,4017604024,40176040245,3,1,Boise State,Mountain West,0,Fresno State,Mountain West,0,Boise State,Fresno State,1,"{'minutes': 12, 'seconds': 3}",3,3,38,62,1,10,10,False,Penalty,(12:03) #24 D.Riley rush right for 13 yards gain to the FS 49 (#22 C.Bracha) PENALTY BOI Holding (#67 J.Steele) 10 yards from BOI38 to BOI28. NO PLAY,,2025-11-01T19:46:08.000Z
401760402,4017604024,40176040250,3,2,Boise State,Mountain West,0,Fresno State,Mountain West,0,Boise State,Fresno State,1,"{'minutes': 11, 'seconds': 51}",3,3,28,72,1,20,5,False,Penalty,PENALTY BOI False Start (#3 L.Caples) 5 yards from BOI28 to BOI23. NO PLAY,,2025-11-01T19:46:42.000Z
401760402,4017604024,40176040253,3,3,Boise State,Mountain West,0,Fresno State,Mountain West,0,Boise State,Fresno State,1,"{'minutes': 11, 'seconds': 30}",3,3,23,77,1,25,5,False,Penalty,PENALTY BOI False Start (#3 L.Caples) 5 yards from BOI23 to BOI18. NO PLAY,,2025-11-01T19:47:14.000Z
401760402,4017604024,40176040269,3,7,Boise State,Mountain West,0,Fresno State,Mountain West,0,Boise State,Fresno State,1,"{'minutes': 9, 'seconds': 21}",3,3,26,74,4,22,0,False,Punt Return,(09:27) #37 O.Doyle punt 45 yards to the FS 29 #10 J.Malau’ulu return 0 yards to the FS 29 (#24 D.Riley) PENALTY FS  Illegal Substitution declined,,2025-11-01T19:49:49.000Z
401760402,4017604024,40176040256,3,4,Boise State,Mountain West,0,Fresno State,Mountain West,0,Boise State,Fresno State,1,"{'minutes': 11, 'seconds': 8}",3,3,18,82,1,30,-4,False,Pass Reception,"(11:20) Shotgun #4 M.Madsen pass complete short right to #24 D.Riley caught at BOI14, for 4 yards loss to the BOI14 (#5 S.Harris)",-0.09017887377708524,2025-11-01T19:47:48.000Z
401760402,4017604024,40176040261,3,5,Boise State,Mountain West,0,Fresno State,Mountain West,0,Boise State,Fresno State,1,"{'minutes': 10, 'seconds': 33}",3,3,14,86,2,34,0,False,Rush,(10:39) Shotgun #24 D.Riley rush right for 0 yards to the BOI14 (#39 J.Pearson),-0.01411581885568492,2025-11-01T19:48:31.000Z
401760402,4017604024,40176040265,3,6,Boise State,Mountain West,0,Fresno State,Mountain West,0,Boise State,Fresno State,1,"{'minutes': 9, 'seconds': 55}",3,3,14,86,3,34,12,False,Rush,(10:00) Shotgun #8 M.Sherrod rush middle for 12 yards gain to the BOI26 (#1 J.Embry),0.02772943842496646,2025-11-01T19:49:07.000Z
401760402,4017604025,40176040288,4,4,Fresno State,Mountain West,0,Boise State,Mountain West,0,Boise State,Fresno State,1,"{'minutes': 7, 'seconds': 52}",3,3,65,65,4,4,0,False,Punt,(07:59) #41 N.Verdugo punt 50 yards to the BOI15 fair catch by #8 M.Sherrod at BOI15,,2025-11-01T19:55:24.000Z
401760402,4017604025,40176040276,4,1,Fresno State,Mountain West,0,Boise State,Mountain West,0,Boise State,Fresno State,1,"{'minutes': 9, 'seconds': 15}",3,3,71,71,1,10,4,False,Rush,(09:21) Shotgun #2 R.Luke rush right for 4 yards gain to the FS 33 (#10 D.Ganter Jr.),-0.1350508541150131,2025-11-01T19:53:26.000Z
401760402,4017604025,40176040280,4,2,Fresno State,Mountain West,0,Boise State,Mountain West,0,Boise State,Fresno State,1,"{'minutes': 8, 'seconds': 33}",3,3,67,67,2,6,2,False,Pass Reception,"(08:44) Shotgun #17 C.Conklin pass complete short right to #11 J.Farrar caught at FS 30, for 2 yards to the FS 35 (#0 T.Benefield)",-0.49634845029684,2025-11-01T19:54:03.000Z
401760402,4017604025,40176040285,4,3,Fresno State,Mountain West,0,Boise State,Mountain West,0,Boise State,Fresno State,1,"{'minutes': 7, 'seconds': 59}",3,3,65,65,3,4,0,False,Pass Incompletion,(08:02) Shotgun #17 C.Conklin pass incomplete short left to #6 B.Donelson thrown to FS 32,-0.5387821653708009,2025-11-01T19:54:46.000Z
401760402,4017604026,401760402103,5,4,Boise State,Mountain West,0,Fresno State,Mountain West,0,Boise State,Fresno State,1,"{'minutes': 6, 'seconds': 44}",3,3,13,87,4,12,0,False,Punt Return,(06:51) #37 O.Doyle punt 42 yards to the FS 45 #10 J.Malau’ulu return 0 yards to the FS 45 (#0 T.Benefield),,2025-11-01T20:02:07.000Z
401760402,4017604026,40176040292,5,1,Boise State,Mountain West,0,Fresno State,Mountain West,0,Boise State,Fresno State,1,"{'minutes': 7, 'seconds': 47}",3,3,15,85,1,10,0,False,Pass Incompletion,(07:52) #4 M.Madsen pass incomplete short left to #13 C.Penry thrown to BOI27,-0.4404078956667625,2025-11-01T19:58:30.000Z
401760402,4017604026,40176040295,5,2,Boise State,Mountain West,0,Fresno State,Mountain West,0,Boise State,Fresno State,1,"{'minutes': 7, 'seconds': 38}",3,3,15,85,2,10,-6,False,Sack,(07:47) Shotgun #4 M.Madsen sacked for loss of 6 yards to the BOI09 (#0 K.Foreman),-0.298931095796938,2025-11-01T19:59:07.000Z
401760402,4017604026,40176040299,5,3,Boise State,Mountain West,0,Fresno State,Mountain West,0,Boise State,Fresno State,1,"{'minutes': 7, 'seconds': 21}",3,3,9,91,3,16,4,False,Rush,(07:26) Shotgun #8 M.Sherrod rush middle for 4 yards gain to the BOI13 (#35 T.Khajavi),-0.0050115038721099,2025-11-01T20:01:26.000Z
401760402,4017604027,401760402125,6,5,Fresno State,Mountain West,0,Boise State,Mountain West,0,Boise State,Fresno State,1,"{'minutes': 4, 'seconds': 50}",3,3,45,45,2,10,5,False,Penalty,(04:50) PENALTY FS  False Start (#71 R.Fullwood) 5 yards from BOI45 to BOI50. NO PLAY,,2025-11-01T20:05:26.000Z
401760402,4017604027,401760402128,6,6,Fresno State,Mountain West,0,Boise State,Mountain West,0,Boise State,Fresno State,1,"{'minutes': 4, 'seconds': 50}",3,3,50,50,2,15,15,False,Penalty,"(04:50) Shotgun #17 C.Conklin pass incomplete short left to #6 B.Donelson thrown to BOI49 QB hurried by #90 B.Fely PENALTY BOI Roughing The Passer (#90 B.Fely) 15 yards from BOI50 to BOI35, 1ST DOWN. NO PLAY",,2025-11-01T20:07:18.000Z
401760402,4017604027,401760402109,6,1,Fresno State,Mountain West,0,Boise State,Mountain West,0,Boise State,Fresno State,1,"{'minutes': 6, 'seconds': 40}",3,3,55,55,1,10,1,False,Rush,(06:44) Shotgun #2 R.Luke rush middle for 1 yard gain to the FS 46 (#43 J.Ripp),-0.9265072803619887,2025-11-01T20:02:57.000Z
401760402,4017604027,401760402113,6,2,Fresno State,Mountain West,0,Boise State,Mountain West,0,Boise State,Fresno State,1,"{'minutes': 5, 'seconds': 52}",3,3,54,54,2,9,8,False,Pass Reception,"(06:08) Shotgun #17 C.Conklin pass complete short right to #5 J.Freeman caught at BOI47, for 8 yards to the BOI46 (#6 J.Earby)",0.8748083262959787,2025-11-01T20:03:34.000Z
401760402,4017604027,401760402118,6,3,Fresno State,Mountain West,0,Boise State,Mountain West,0,Boise State,Fresno State,1,"{'minutes': 5, 'seconds': 27}",3,3,46,46,3,1,1,False,Rush,"(05:30) #31 B.Ramirez rush right for 1 yard gain to the BOI45 (#0 T.Benefield; #38 T.Anderson), 1ST DOWN",0.851798106315307,2025-11-01T20:04:10.000Z
401760402,4017604027,401760402122,6,4,Fresno State,Mountain West,0,Boise State,Mountain West,0,Boise State,Fresno State,1,"{'minutes': 4, 'seconds': 50}",3,3,45,45,1,10,0,False,Pass Incompletion,(04:56) Shotgun #17 C.Conklin pass incomplete short right thrown to BOI30 QB hurried by #15 M.Williams,-0.997770018980635,2025-11-01T20:04:49.000Z
401760402,4017604027,401760402132,6,7,Fresno State,Mountain West,0,Boise State,Mountain West,0,Boise State,Fresno State,1,"{'minutes': 4, 'seconds': 39}",3,3,35,35,1,10,6,False,Rush,(04:43) Shotgun #6 B.Donelson rush right for 6 yards gain to the BOI29 (#10 D.Ganter Jr.; #5 J.Virgin-Morgan),0.233934295436585,2025-11-01T20:07:51.000Z
401760402,4017604027,401760402136,6,8,Fresno State,Mountain West,0,Boise State,Mountain West,0,Boise State,Fresno State,1,"{'minutes': 3, 'seconds': 59}",3,3,29,29,2,4,12,False,Rush,"(04:06) Shotgun #2 R.Luke rush middle for 12 yards gain to the BOI17 (#20 J.Mickey), out of bounds, 1ST DOWN, PENALTY BOI UNR: Unnecessary Roughness (#20 J.Mickey) 9 yards from BOI17 to BOI08, 1ST DOWN",0.158751385555957,2025-11-01T20:08:29.000Z
401760402,4017604027,401760402141,6,9,Fresno State,Mountain West,0,Boise State,Mountain West,0,Boise State,Fresno State,1,"{'minutes': 3, 'seconds': 48}",3,3,8,8,1,8,6,False,Rush,(03:51) Shotgun #6 B.Donelson rush middle for 6 yards gain to the BOI02 (#38 T.Anderson),0.251663043377469,2025-11-01T20:09:41.000Z
401760402,4017604027,401760402145,6,10,Fresno State,Mountain West,0,Boise State,Mountain West,0,Boise State,Fresno State,1,"{'minutes': 3, 'seconds': 10}",3,3,2,2,2,2,1,False,Rush,(03:17) Shotgun #6 B.Donelson rush left for 1 yard gain to the BOI01 (#41 B.Phelps),-0.386061703857327,2025-11-01T20:10:17.000Z
401760402,4017604027,401760402149,6,11,Fresno State,Mountain West,7,Boise State,Mountain West,0,Boise State,Fresno State,1,"{'minutes': 2, 'seconds': 28}",3,3,1,1,3,1,1,True,Rushing Touchdown,Elijah Gilliam 1 Yd Run (Dylan Lynch Kick),2.45399822917955,2025-11-01T20:11:07.000Z
401760402,4017604029,401760402156,7,1,Fresno State,Mountain West,7,Boise State,Mountain West,0,Boise State,Fresno State,1,"{'minutes': 2, 'seconds': 28}",3,3,65,65,1,10,0,False,Kickoff,"(02:28) #46 D.Lynch kickoff 65 yards to the BOI00, Touchback",,2025-11-01T20:11:53.000Z
401760402,4017604029,401760402171,7,5,Boise State,Mountain West,0,Fresno State,Mountain West,7,Boise State,Fresno State,1,"{'minutes': 0, 'seconds': 43}",3,3,71,29,2,11,5,False,Penalty,PENALTY BOI False Start (#72 Z.Holmes) 5 yards from FS 29 to FS 34. NO PLAY,,2025-11-01T20:19:08.000Z
401760402,4017604029,401760402191,7,9,Boise State,Mountain West,0,Fresno State,Mountain West,7,Boise State,Fresno State,2,"{'minutes': 14, 'seconds': 52}",3,3,72,28,4,10,45,False,Blocked Field Goal,"(14:51) #35 C.Boomer field goal attempt from 45 yards NO GOOD blocked by #6 J.Jacks (H: #37 O.Doyle, LS: #42 M.Hutton), clock 14:52 recovered by BOI #35 C.Boomer at FS 41, End Of Play",,2025-11-01T20:24:36.000Z
401760402,4017604029,401760402182,7,7,Boise State,Mountain West,0,Fresno State,Mountain West,7,Boise State,Fresno State,1,"{'minutes': 0, 'seconds': 0}",3,3,66,34,2,16,0,False,End Period,End of 1st quarter.,-0.9860437558686677,2025-11-01T20:20:42.000Z
401760402,4017604029,401760402159,7,2,Boise State,Mountain West,0,Fresno State,Mountain West,7,Boise State,Fresno State,1,"{'minutes': 2, 'seconds': 21}",3,3,25,75,1,10,3,False,Rush,(02:28) Shotgun #26 S.Gaines rush left for 3 yards gain to the BOI28 (#99 M.Jordan Jr.),-0.2957674139440157,2025-11-01T20:15:32.000Z
401760402,4017604029,401760402163,7,3,Boise State,Mountain West,0,Fresno State,Mountain West,7,Boise State,Fresno State,1,"{'minutes': 1, 'seconds': 56}",3,3,28,72,2,7,44,False,Rush,"(02:09) Shotgun #8 M.Sherrod rush left for 44 yards gain to the FS 28 (#22 C.Bracha), 1ST DOWN",3.609508059526906,2025-11-01T20:17:42.000Z
401760402,4017604029,401760402167,7,4,Boise State,Mountain West,0,Fresno State,Mountain West,7,Boise State,Fresno State,1,"{'minutes': 1, 'seconds': 17}",3,3,72,28,1,10,-1,False,Rush,(01:23) #8 M.Sherrod rush right for 1 yard loss to the FS 29 (#5 S.Harris),-0.6407618928355917,2025-11-01T20:18:26.000Z
401760402,4017604029,401760402174,7,6,Boise State,Mountain West,0,Fresno State,Mountain West,7,Boise State,Fresno State,1,"{'minutes': 0, 'seconds': 30}",3,3,66,34,2,16,6,False,Pass Completion,"(00:30) Shotgun #14 M.Cutforth pass complete short right to #85 M.Lauter caught at FS 34, for 6 yards to the FS 28 (#39 J.Pearson)",0.2299427286551214,2025-11-01T20:19:49.000Z
401760402,4017604029,401760402186,7,8,Boise State,Mountain West,0,Fresno State,Mountain West,7,Boise State,Fresno State,2,"{'minutes': 14, 'seconds': 57}",3,3,72,28,3,10,0,False,Pass Incompletion,(15:00) Shotgun #14 M.Cutforth pass incomplete short left to #3 L.Caples thrown to FS 15 broken up by #99 M.Jordan Jr.,-0.9527802815229531,2025-11-01T20:23:54.000Z
401760402,40176040210,401760402213,8,6,Fresno State,Mountain West,7,Boise State,Mountain West,0,Boise State,Fresno State,2,"{'minutes': 12, 'seconds': 57}",3,3,58,58,4,9,0,False,Punt,(13:03) #41 N.Verdugo punt 36 yards to the BOI22,,2025-11-01T20:28:53.000Z
401760402,40176040210,401760402200,8,2,Fresno State,Mountain West,7,Boise State,Mountain West,0,Boise State,Fresno State,2,"{'minutes': 14, 'seconds': 20}",3,3,52,52,2,3,5,False,Penalty,PENALTY FS  False Start (#88 R.Anderson III) 5 yards from FS 48 to FS 43. NO PLAY,,2025-11-01T20:26:03.000Z
401760402,40176040210,401760402203,8,3,Fresno State,Mountain West,7,Boise State,Mountain West,0,Boise State,Fresno State,2,"{'minutes': 13, 'seconds': 56}",3,3,57,57,2,8,5,False,Penalty,(13:55) PENALTY FS  False Start (#71 R.Fullwood) 5 yards from FS 43 to FS 38. NO PLAY,,2025-11-01T20:26:49.000Z
401760402,40176040210,401760402196,8,1,Fresno State,Mountain West,7,Boise State,Mountain West,0,Boise State,Fresno State,2,"{'minutes': 14, 'seconds': 44}",3,3,59,59,1,10,7,False,Rush,"(14:50) Shotgun #2 R.Luke rush left for 7 yards gain to the FS 48 (#0 T.Benefield), out of bounds",0.6972022034641013,2025-11-01T20:25:24.000Z
401760402,40176040210,401760402206,8,4,Fresno State,Mountain West,7,Boise State,Mountain West,0,Boise State,Fresno State,2,"{'minutes': 13, 'seconds': 36}",3,3,62,62,2,13,4,False,Rush,(13:40) Shotgun #17 C.Conklin rush middle for 4 yards gain to the FS 42 (#10 D.Ganter Jr.),-0.1070184015324945,2025-11-01T20:27:35.000Z
401760402,40176040210,401760402210,8,5,Fresno State,Mountain West,7,Boise State,Mountain West,0,Boise State,Fresno State,2,"{'minutes': 13, 'seconds': 3}",3,3,58,58,3,9,0,False,Pass Incompletion,(13:05) Shotgun #17 C.Conklin pass incomplete short right to #5 J.Freeman thrown to BOI47 broken up by #7 A.McCoy,-0.5035452221631562,2025-11-01T20:28:11.000Z
401760402,40176040211,401760402241,9,7,Boise State,Mountain West,0,Fresno State,Mountain West,7,Boise State,Fresno State,2,"{'minutes': 9, 'seconds': 39}",3,3,39,61,4,5,0,False,Punt,(09:44) #37 O.Doyle punt 45 yards to the FS 16 fair catch by #10 J.Malau’ulu at FS 16,,2025-11-01T20:36:01.000Z
401760402,40176040211,401760402217,9,1,Boise State,Mountain West,0,Fresno State,Mountain West,7,Boise State,Fresno State,2,"{'minutes': 12, 'seconds': 43}",3,3,22,78,1,10,0,False,Rush,(12:49) #24 D.Riley rush middle for 0 yards to the BOI22 (#11 J.Davis),-0.6135902757979226,2025-11-01T20:32:04.000Z
401760402,40176040211,401760402221,9,2,Boise State,Mountain West,0,Fresno State,Mountain West,7,Boise State,Fresno State,2,"{'minutes': 12, 'seconds': 3}",3,3,22,78,2,10,9,False,Pass Reception,"(12:15) Shotgun #14 M.Cutforth pass complete short left to #13 C.Penry caught at BOI28, for 9 yards to the BOI31 (#39 J.Pearson)",0.6008998132349381,2025-11-01T20:32:40.000Z
401760402,40176040211,401760402226,9,3,Boise State,Mountain West,0,Fresno State,Mountain West,7,Boise State,Fresno State,2,"{'minutes': 11, 'seconds': 33}",3,3,31,69,3,1,3,False,Rush,"(11:38) #24 D.Riley rush middle for 3 yards gain to the BOI34 (#11 J.Davis; #19 F.Claypool), 1ST DOWN",0.9479058751744925,2025-11-01T20:33:17.000Z
401760402,40176040211,401760402230,9,4,Boise State,Mountain West,0,Fresno State,Mountain West,7,Boise State,Fresno State,2,"{'minutes': 10, 'seconds': 58}",3,3,34,66,1,10,3,False,Rush,"(11:06) #80 C.Bates rush left for 3 yards gain to the BOI37 (#5 S.Harris), out of bounds",-0.3978048422172354,2025-11-01T20:33:55.000Z
401760402,40176040211,401760402234,9,5,Boise State,Mountain West,0,Fresno State,Mountain West,7,Boise State,Fresno State,2,"{'minutes': 10, 'seconds': 28}",3,3,37,63,2,7,2,False,Rush,(10:33) #26 S.Gaines rush middle for 2 yards gain to the BOI39 (#6 J.Jacks),-0.5312559148784856,2025-11-01T20:34:34.000Z
401760402,40176040211,401760402238,9,6,Boise State,Mountain West,0,Fresno State,Mountain West,7,Boise State,Fresno State,2,"{'minutes': 9, 'seconds': 46}",3,3,39,61,3,5,0,False,Pass Incompletion,(09:49) Shotgun #14 M.Cutforth pass incomplete short left to #3 L.Caples thrown to BOI42,-0.6004620432207028,2025-11-01T20:35:20.000Z
401760402,40176040212,401760402257,10,4,Fresno State,Mountain West,7,Boise State,Mountain West,0,Boise State,Fresno State,2,"{'minutes': 8, 'seconds': 24}",3,3,89,89,4,15,0,False,Punt,(08:29)  punt 39 yards to the FS 50 fair catch by #8 M.Sherrod at BOI50,,2025-11-01T20:41:04.000Z
401760402,40176040212,401760402245,10,1,Fresno State,Mountain West,7,Boise State,Mountain West,0,Boise State,Fresno State,2,"{'minutes': 9, 'seconds': 33}",3,3,84,84,1,10,2,False,Rush,(09:39) Shotgun #2 R.Luke rush middle for 2 yards gain to the FS 18 (#0 T.Benefield),-0.30019486377203375,2025-11-01T20:39:02.000Z
401760402,40176040212,401760402249,10,2,Fresno State,Mountain West,7,Boise State,Mountain West,0,Boise State,Fresno State,2,"{'minutes': 8, 'seconds': 59}",3,3,82,82,2,8,0,False,Pass Incompletion,(09:00) Shotgun #17 C.Conklin pass incomplete short middle to #88 R.Anderson III thrown to FS 22,-0.29878805256599783,2025-11-01T20:39:39.000Z
401760402,40176040212,401760402252,10,3,Fresno State,Mountain West,7,Boise State,Mountain West,0,Boise State,Fresno State,2,"{'minutes': 8, 'seconds': 51}",3,3,82,82,3,8,-7,False,Pass Reception,"(08:59) Shotgun #17 C.Conklin pass complete short right to #6 B.Donelson caught at FS 11, for 7 yards loss to the FS 11 (#20 J.Mickey), out of bounds",-0.20430982974712375,2025-11-01T20:40:26.000Z
401760402,40176040213,401760402261,11,1,Boise State,Mountain West,0,Fresno State,Mountain West,7,Boise State,Fresno State,2,"{'minutes': 8, 'seconds': 19}",3,3,50,50,1,10,0,False,Pass Incompletion,(08:24) #14 M.Cutforth pass incomplete deep left to #85 M.Lauter thrown to FS 25,-1.1143038065675126,2025-11-01T20:41:55.000Z
401760402,40176040213,401760402264,11,2,Boise State,Mountain West,0,Fresno State,Mountain West,7,Boise State,Fresno State,2,"{'minutes': 8, 'seconds': 4}",3,3,50,50,2,10,2,False,Pass Reception,"(08:19) Shotgun #14 M.Cutforth pass complete short right to #88 M.Wagner caught at FS 48, for 2 yards to the FS 48 (#17 E.Tierney)",-0.6205479306066408,2025-11-01T20:42:32.000Z
401760402,40176040213,401760402269,11,3,Boise State,Mountain West,0,Fresno State,Mountain West,7,Boise State,Fresno State,2,"{'minutes': 7, 'seconds': 35}",3,3,52,48,3,8,8,False,Rush,"(07:42) Shotgun #8 M.Sherrod rush middle for 8 yards gain to the FS 40 (#2 A.Cobb), 1ST DOWN",2.3872145253581856,2025-11-01T20:43:11.000Z
401760402,40176040213,401760402273,11,4,Boise State,Mountain West,0,Fresno State,Mountain West,7,Boise State,Fresno State,2,"{'minutes': 7, 'seconds': 3}",3,3,60,40,1,10,-4,False,Rush,(07:07) Shotgun #8 M.Sherrod rush right for 4 yards loss to the FS 44 (#39 J.Pearson),-1.7063637844693513,2025-11-01T20:43:43.000Z
401760402,40176040213,401760402277,11,5,Boise State,Mountain West,0,Fresno State,Mountain West,7,Boise State,Fresno State,2,"{'minutes': 6, 'seconds': 20}",3,3,56,44,2,14,3,False,Pass Reception,"(06:31) Shotgun #14 M.Cutforth pass complete short middle to #85 M.Lauter caught at FS 41, for 3 yards to the FS 41 (#39 J.Pearson; #35 T.Khajavi)",-0.3864047932624377,2025-11-01T20:44:19.000Z
401760402,40176040213,401760402282,11,6,Boise State,Mountain West,0,Fresno State,Mountain West,7,Boise State,Fresno State,2,"{'minutes': 5, 'seconds': 40}",3,3,59,41,3,11,10,False,Pass Reception,"(05:50) Shotgun #14 M.Cutforth pass complete short left to #85 M.Lauter caught at FS 44, for 10 yards to the FS 31 (#39 J.Pearson)",1.1729307050142292,2025-11-01T20:45:00.000Z
401760402,40176040213,401760402287,11,7,Boise State,Mountain West,0,Fresno State,Mountain West,7,Boise State,Fresno State,2,"{'minutes': 4, 'seconds': 55}",3,3,69,31,4,1,3,False,Rush,"(05:08) #14 M.Cutforth rush middle for 3 yards gain to the FS 28 (#94 J.Gandy), 1ST DOWN",1.3448725425164696,2025-11-01T20:45:42.000Z
401760402,40176040213,401760402291,11,8,Boise State,Mountain West,0,Fresno State,Mountain West,7,Boise State,Fresno State,2,"{'minutes': 4, 'seconds': 29}",3,3,72,28,1,10,9,False,Rush,(04:33) #26 S.Gaines rush middle for 9 yards gain to the FS 19 (#1 J.Embry; #17 E.Tierney),0.669445675164459,2025-11-01T20:46:17.000Z
401760402,40176040213,401760402295,11,9,Boise State,Mountain West,0,Fresno State,Mountain West,7,Boise State,Fresno State,2,"{'minutes': 3, 'seconds': 50}",3,3,81,19,2,1,5,False,Rush,"(03:53) #26 S.Gaines rush right for 5 yards gain to the FS 14 (#6 J.Jacks), 1ST DOWN",-0.4537143762051095,2025-11-01T20:46:55.000Z
401760402,40176040213,401760402299,11,10,Boise State,Mountain West,0,Fresno State,Mountain West,7,Boise State,Fresno State,2,"{'minutes': 3, 'seconds': 13}",3,3,86,14,1,10,3,False,Rush,(03:18) #26 S.Gaines rush middle for 3 yards gain to the FS 11 (#35 T.Khajavi; #11 J.Davis),-0.1007251569352445,2025-11-01T20:47:33.000Z
401760402,40176040213,401760402303,11,11,Boise State,Mountain West,0,Fresno State,Mountain West,7,Boise State,Fresno State,2,"{'minutes': 2, 'seconds': 41}",3,3,89,11,2,7,1,False,Rush,(02:46) #24 D.Riley rush middle for 1 yard gain to the FS 10 (#39 J.Pearson),-0.2442149512326065,2025-11-01T20:49:02.000Z
401760402,40176040213,401760402573,11,12,Boise State,Mountain West,7,Fresno State,Mountain West,7,Boise State,Fresno State,2,"{'minutes': 2, 'seconds': 7}",3,3,90,10,3,6,10,True,Passing Touchdown,Chase Penry 10 Yd pass from Max Cutforth (Colton Boomer Kick),2.8932232833469325,2025-11-01T22:13:38.000Z
401760402,40176040215,401760402315,12,1,Boise State,Mountain West,7,Fresno State,Mountain West,7,Boise State,Fresno State,2,"{'minutes': 2, 'seconds': 7}",3,3,35,65,1,10,0,False,Kickoff,"(02:07) #35 C.Boomer kickoff 65 yards to the FS 00, Touchback",,2025-11-01T20:50:27.000Z
401760402,40176040215,401760402326,12,4,Fresno State,Mountain West,7,Boise State,Mountain West,7,Boise State,Fresno State,2,"{'minutes': 1, 'seconds': 58}",3,3,25,25,3,10,0,False,Timeout,"Timeout , clock 01:58",,2025-11-01T20:55:14.000Z
401760402,40176040215,401760402328,12,6,Fresno State,Mountain West,7,Boise State,Mountain West,7,Boise State,Fresno State,2,"{'minutes': 1, 'seconds': 41}",3,3,75,75,4,10,0,False,Punt,(01:51) #41 N.Verdugo punt 37 yards to the BOI38,,2025-11-01T20:58:33.000Z
401760402,40176040215,401760402318,12,2,Fresno State,Mountain West,7,Boise State,Mountain West,7,Boise State,Fresno State,2,"{'minutes': 2, 'seconds': 2}",3,3,75,75,1,10,0,False,Pass Incompletion,(02:05) Shotgun #17 C.Conklin pass incomplete short right to #5 J.Freeman thrown to FS 30 QB hurried by #95 M.Stege,-0.7029700220436519,2025-11-01T20:54:09.000Z
401760402,40176040215,401760402321,12,3,Fresno State,Mountain West,7,Boise State,Mountain West,7,Boise State,Fresno State,2,"{'minutes': 1, 'seconds': 58}",3,3,75,75,2,10,0,False,Pass Incompletion,(02:02) Shotgun #17 C.Conklin pass incomplete short left to #84 E.Avit thrown to FS 44 broken up by #6 J.Earby,-0.34710487712173865,2025-11-01T20:54:43.000Z
401760402,40176040215,401760402324,12,5,Fresno State,Mountain West,7,Boise State,Mountain West,7,Boise State,Fresno State,2,"{'minutes': 1, 'seconds': 51}",3,3,75,75,3,10,0,False,Pass Incompletion,(01:58) Shotgun #17 C.Conklin pass incomplete short left to #88 R.Anderson III thrown to FS 34 QB hurried by #95 M.Stege and #90 B.Fely,-0.15871308844886392,2025-11-01T20:57:55.000Z
401760402,40176040216,401760402338,13,2,Fresno State,Mountain West,7,Boise State,Mountain West,7,Boise State,Fresno State,2,"{'minutes': 1, 'seconds': 34}",2,3,39,39,2,9,0,False,Timeout,"Timeout Fresno State, clock 01:34",,2025-11-01T21:00:03.000Z
401760402,40176040216,401760402332,13,1,Boise State,Mountain West,7,Fresno State,Mountain West,7,Boise State,Fresno State,2,"{'minutes': 1, 'seconds': 35}",3,3,38,62,1,10,1,False,Rush,(01:41) Shotgun #8 M.Sherrod rush right for 1 yard gain to the BOI39 (#3 A.Hamilton; #39 J.Pearson),-0.8867433222723466,2025-11-01T20:59:28.000Z
401760402,40176040216,401760402336,13,3,Boise State,Mountain West,7,Fresno State,Mountain West,7,Boise State,Fresno State,2,"{'minutes': 1, 'seconds': 28}",3,2,39,61,2,9,0,False,Interception,"(01:28) Shotgun #14 M.Cutforth pass intercepted by #5 S.Harris at BOI46, End Of Play",-1.1602530370481627,2025-11-01T21:00:56.000Z
401760402,40176040217,401760402350,14,3,Fresno State,Mountain West,7,Boise State,Mountain West,7,Boise State,Fresno State,2,"{'minutes': 1, 'seconds': 15}",2,3,42,42,3,6,15,False,Penalty,"(01:15) Shotgun #17 C.Conklin pass incomplete deep left to #1 J.McClain thrown to BOI17 PENALTY BOI Pass Interference (#0 T.Benefield) 15 yards from BOI42 to BOI27, 1ST DOWN. NO PLAY",,2025-11-01T21:03:44.000Z
401760402,40176040217,401760402364,14,6,Fresno State,Mountain West,7,Boise State,Mountain West,7,Boise State,Fresno State,2,"{'minutes': 0, 'seconds': 43}",1,3,17,17,2,11,0,False,Timeout,"Timeout Fresno State, clock 00:43",,2025-11-01T21:05:34.000Z
401760402,40176040217,401760402368,14,8,Fresno State,Mountain West,7,Boise State,Mountain West,7,Boise State,Fresno State,2,"{'minutes': 0, 'seconds': 9}",1,3,13,13,3,7,5,False,Penalty,(00:08) PENALTY FS  False Start (#71 R.Fullwood) 5 yards from BOI13 to BOI18. NO PLAY,,2025-11-01T21:07:19.000Z
401760402,40176040217,401760402373,14,9,Fresno State,Mountain West,10,Boise State,Mountain West,7,Boise State,Fresno State,2,"{'minutes': 0, 'seconds': 9}",0,3,18,18,3,12,0,False,Timeout,"Timeout Fresno State, clock 00:09",,2025-11-01T21:08:17.000Z
401760402,40176040217,401760402371,14,10,Fresno State,Mountain West,10,Boise State,Mountain West,7,Boise State,Fresno State,2,"{'minutes': 0, 'seconds': 5}",0,3,18,18,3,12,36,True,Field Goal Good,D. Lynch 36 yd FG GOOD,,2025-11-01T21:08:50.000Z
401760402,40176040217,401760402342,14,1,Fresno State,Mountain West,7,Boise State,Mountain West,7,Boise State,Fresno State,2,"{'minutes': 1, 'seconds': 23}",2,3,46,46,1,10,4,False,Pass Reception,"(01:28) Shotgun #17 C.Conklin pass complete short right to #2 R.Luke caught at BOI45, for 4 yards to the BOI42 (#53 M.Notarainni)",-0.1215209117621187,2025-11-01T21:01:54.000Z
401760402,40176040217,401760402347,14,2,Fresno State,Mountain West,7,Boise State,Mountain West,7,Boise State,Fresno State,2,"{'minutes': 1, 'seconds': 17}",2,3,42,42,2,6,0,False,Pass Incompletion,(01:21) Shotgun #17 C.Conklin pass incomplete deep right to #5 J.Freeman thrown to BOI05,-1.066795924557951,2025-11-01T21:02:37.000Z
401760402,40176040217,401760402354,14,4,Fresno State,Mountain West,7,Boise State,Mountain West,7,Boise State,Fresno State,2,"{'minutes': 1, 'seconds': 5}",2,3,27,27,1,10,11,False,Rush,"(01:07) Shotgun #2 R.Luke rush left for 11 yards gain to the BOI16 (#10 D.Ganter Jr.), out of bounds, 1ST DOWN",0.1725581200991116,2025-11-01T21:04:23.000Z
401760402,40176040217,401760402358,14,5,Fresno State,Mountain West,7,Boise State,Mountain West,7,Boise State,Fresno State,2,"{'minutes': 0, 'seconds': 55}",2,3,16,16,1,10,-1,False,Rush,(01:04) Shotgun #2 R.Luke rush right for 1 yard loss to the BOI17 (#15 M.Williams),-0.4029360320644906,2025-11-01T21:05:01.000Z
401760402,40176040217,401760402362,14,7,Fresno State,Mountain West,7,Boise State,Mountain West,7,Boise State,Fresno State,2,"{'minutes': 0, 'seconds': 31}",1,3,17,17,2,11,4,False,Pass Reception,"(00:43) Shotgun #17 C.Conklin pass complete short left to #88 R.Anderson III caught at BOI23, for 4 yards to the BOI13 (#15 M.Williams)",-0.0428353735774923,2025-11-01T21:06:41.000Z
401760402,40176040219,401760402375,15,1,Fresno State,Mountain West,10,Boise State,Mountain West,7,Boise State,Fresno State,2,"{'minutes': 0, 'seconds': 5}",0,3,65,65,1,10,27,False,Kickoff,(00:05) #46 D.Lynch kickoff 50 yards to the BOI15 #8 M.Sherrod return 27 yards to the BOI42 (#0 J.Arceneaux),,2025-11-01T21:10:10.000Z
401760402,40176040219,401760402382,15,2,Fresno State,Mountain West,10,Boise State,Mountain West,7,Boise State,Fresno State,2,"{'minutes': 0, 'seconds': 0}",0,3,35,35,0,0,-23,False,End Period,End of 2nd quarter.,,2025-11-01T21:10:42.000Z
401760402,40176040220,401760402388,16,6,Boise State,Mountain West,7,Fresno State,Mountain West,10,Boise State,Fresno State,3,"{'minutes': 14, 'seconds': 56}",3,3,35,65,1,10,11,False,Kickoff,#35 C.Boomer kickoff 65 yards to the FS 00 #2 R.Luke return 11 yards to the FS 11 (#29 A.de Boachie) PENALTY FS  Holding (#87 J.Tarwater) 5 yards from FS 11 to FS 06,,2025-11-01T21:31:12.000Z
401760402,40176040220,401760402419,16,7,Fresno State,Mountain West,10,Boise State,Mountain West,7,Boise State,Fresno State,3,"{'minutes': 11, 'seconds': 53}",3,3,80,80,4,7,0,False,Punt,#41 N.Verdugo punt 49 yards to the BOI31 fair catch by #8 M.Sherrod at BOI31,,2025-11-01T21:36:24.000Z
401760402,40176040220,401760402396,16,1,Fresno State,Mountain West,10,Boise State,Mountain West,7,Boise State,Fresno State,3,"{'minutes': 15, 'seconds': 0}",3,3,94,94,1,10,3,False,Rush,Shotgun #6 B.Donelson rush middle for 3 yards gain to the FS 09 (#6 J.Earby),-0.12067900792491049,2025-11-01T21:32:14.000Z
401760402,40176040220,401760402400,16,2,Fresno State,Mountain West,10,Boise State,Mountain West,7,Boise State,Fresno State,3,"{'minutes': 15, 'seconds': 0}",3,3,91,91,2,7,8,False,Rush,"Shotgun #31 B.Ramirez rush middle for 8 yards gain to the FS 17 (#96 L.Sanusi; #7 A.McCoy), 1ST DOWN",0.4821898861542797,2025-11-01T21:32:51.000Z
401760402,40176040220,401760402404,16,3,Fresno State,Mountain West,10,Boise State,Mountain West,7,Boise State,Fresno State,3,"{'minutes': 15, 'seconds': 0}",3,3,83,83,1,10,5,False,Pass Reception,"Shotgun #17 C.Conklin pass complete short right to #88 R.Anderson III caught at FS 22, for 5 yards to the FS 22 (#0 T.Benefield) PENALTY FS  UNR: Unnecessary Roughness (#10 J.Malau’ulu) 11 yard from FS 22 to FS 11",0.0803248403226124,2025-11-01T21:33:29.000Z
401760402,40176040220,401760402410,16,4,Fresno State,Mountain West,10,Boise State,Mountain West,7,Boise State,Fresno State,3,"{'minutes': 15, 'seconds': 0}",3,3,89,89,2,16,3,False,Rush,Shotgun #17 C.Conklin rush middle for 3 yards gain to the FS 14 (#5 J.Virgin-Morgan),-0.03307345371456716,2025-11-01T21:34:58.000Z
401760402,40176040220,401760402414,16,5,Fresno State,Mountain West,10,Boise State,Mountain West,7,Boise State,Fresno State,3,"{'minutes': 15, 'seconds': 0}",3,3,86,86,3,13,6,False,Pass Reception,"Shotgun #17 C.Conklin pass complete short left to #5 J.Freeman caught at FS 20, for 6 yards to the FS 20 (#7 A.McCoy)",0.02960695569599103,2025-11-01T21:35:44.000Z
401760402,40176040221,401760402425,17,1,Boise State,Mountain West,7,Fresno State,Mountain West,10,Boise State,Fresno State,3,"{'minutes': 11, 'seconds': 53}",3,3,31,69,1,10,0,False,Timeout,"Timeout , clock 11:53",,2025-11-01T21:38:41.000Z
401760402,40176040221,401760402423,17,2,Boise State,Mountain West,7,Fresno State,Mountain West,10,Boise State,Fresno State,3,"{'minutes': 11, 'seconds': 48}",3,3,31,69,1,10,-4,False,Fumble Recovery (Own),"(11:53) #14 M.Cutforth sacked for loss of 4 yards to the BOI27 (#5 S.Harris), fumble by #14 M.Cutforth recovered by FS  #6 J.Jacks at BOI27, End Of Play",-1.3298786742391595,2025-11-01T21:39:43.000Z
401760402,40176040222,401760402431,18,1,Fresno State,Mountain West,10,Boise State,Mountain West,7,Boise State,Fresno State,3,"{'minutes': 11, 'seconds': 43}",3,3,27,27,1,10,9,False,Rush,(11:48) Shotgun #2 R.Luke rush middle for 9 yards gain to the BOI18 (#6 J.Earby; #5 J.Virgin-Morgan),0.661453117654322,2025-11-01T21:40:24.000Z
401760402,40176040222,401760402435,18,2,Fresno State,Mountain West,10,Boise State,Mountain West,7,Boise State,Fresno State,3,"{'minutes': 11, 'seconds': 6}",3,3,18,18,2,1,15,False,Rush,"(11:11) Shotgun #31 B.Ramirez rush middle for 15 yards gain to the BOI03 (#0 T.Benefield; #7 A.McCoy), 1ST DOWN",0.615375991005827,2025-11-01T21:41:01.000Z
401760402,40176040222,401760402439,18,3,Fresno State,Mountain West,17,Boise State,Mountain West,7,Boise State,Fresno State,3,"{'minutes': 10, 'seconds': 47}",3,3,3,3,1,3,3,True,Rushing Touchdown,"B. Ramirez run for 3 yds, for a TD (D. Lynch KICK)",1.464451732731337,2025-11-01T21:41:25.000Z
401760402,40176040224,401760402446,19,1,Fresno State,Mountain West,17,Boise State,Mountain West,7,Boise State,Fresno State,3,"{'minutes': 10, 'seconds': 47}",3,3,65,65,1,10,0,False,Kickoff,"(10:47) #46 D.Lynch kickoff 65 yards to the BOI00, Touchback",,2025-11-01T21:42:06.000Z
401760402,40176040224,401760402449,19,2,Boise State,Mountain West,7,Fresno State,Mountain West,17,Boise State,Fresno State,3,"{'minutes': 10, 'seconds': 41}",3,3,25,75,1,10,15,False,Rush,"(10:47) Shotgun #26 S.Gaines rush left for 15 yards gain to the BOI40 (#37 R.Wilson), 1ST DOWN",1.320854515577646,2025-11-01T21:45:46.000Z
401760402,40176040224,401760402453,19,3,Boise State,Mountain West,7,Fresno State,Mountain West,17,Boise State,Fresno State,3,"{'minutes': 10, 'seconds': 6}",3,3,40,60,1,10,2,False,Rush,(10:11) Shotgun #26 S.Gaines rush middle for 2 yards gain to the BOI42 (#6 J.Jacks),-0.6799841752385892,2025-11-01T21:46:21.000Z
401760402,40176040224,401760402457,19,4,Boise State,Mountain West,7,Fresno State,Mountain West,17,Boise State,Fresno State,3,"{'minutes': 9, 'seconds': 32}",3,3,42,58,2,8,2,False,Pass Interception Return,"(09:32) Shotgun #14 M.Cutforth pass intercepted by #35 T.Khajavi at BOI49 #35 T.Khajavi return 2 yards to the BOI47, End Of Play",-1.5631152206177354,2025-11-01T21:47:53.000Z
401760402,40176040225,401760402479,20,6,Fresno State,Mountain West,17,Boise State,Mountain West,7,Boise State,Fresno State,3,"{'minutes': 7, 'seconds': 26}",2,3,48,48,4,11,0,False,Punt,(07:32) #41 N.Verdugo punt 41 yards to the BOI07 fair catch by #8 M.Sherrod at BOI07,,2025-11-01T21:51:56.000Z
401760402,40176040225,401760402470,20,2,Fresno State,Mountain West,17,Boise State,Mountain West,7,Boise State,Fresno State,3,"{'minutes': 8, 'seconds': 44}",2,3,47,47,2,10,0,False,Timeout,"Timeout Fresno State, clock 08:44",,2025-11-01T21:48:45.000Z
401760402,40176040225,401760402473,20,4,Fresno State,Mountain West,17,Boise State,Mountain West,7,Boise State,Fresno State,3,"{'minutes': 7, 'seconds': 54}",2,3,43,43,3,6,5,False,Penalty,PENALTY FS  Delay Of Game  5 yards from BOI43 to BOI48. NO PLAY,,2025-11-01T21:50:33.000Z
401760402,40176040225,401760402464,20,1,Fresno State,Mountain West,17,Boise State,Mountain West,7,Boise State,Fresno State,3,"{'minutes': 9, 'seconds': 12}",3,3,47,47,1,10,0,False,Rush,(09:19) Shotgun #2 R.Luke rush middle for 0 yards to the BOI47 (#0 T.Benefield),-1.0507069190375147,2025-11-01T21:47:59.000Z
401760402,40176040225,401760402468,20,3,Fresno State,Mountain West,17,Boise State,Mountain West,7,Boise State,Fresno State,3,"{'minutes': 8, 'seconds': 38}",2,3,47,47,2,10,4,False,Rush,(08:40) Shotgun #6 B.Donelson rush right for 4 yards gain to the BOI43 (#10 D.Ganter Jr.),-0.164885924534385,2025-11-01T21:49:45.000Z
401760402,40176040225,401760402476,20,5,Fresno State,Mountain West,17,Boise State,Mountain West,7,Boise State,Fresno State,3,"{'minutes': 7, 'seconds': 32}",2,3,48,48,3,11,0,False,Pass Incompletion,(07:36) Shotgun #17 C.Conklin pass incomplete short right thrown to BOI45 QB hurried by #53 M.Notarainni,-0.7258345320207047,2025-11-01T21:51:18.000Z
401760402,40176040226,401760402496,21,4,Boise State,Mountain West,7,Fresno State,Mountain West,17,Boise State,Fresno State,3,"{'minutes': 5, 'seconds': 21}",3,2,3,97,4,14,0,False,Punt,(05:23) #37 O.Doyle punt 40 yards to the BOI43 fair catch by #10 J.Malau’ulu at BOI43,,2025-11-01T21:56:57.000Z
401760402,40176040226,401760402483,21,1,Boise State,Mountain West,7,Fresno State,Mountain West,17,Boise State,Fresno State,3,"{'minutes': 7, 'seconds': 20}",3,2,7,93,1,10,-1,False,Rush,(07:26) #8 M.Sherrod rush middle for 1 yard loss to the BOI06 (#0 K.Foreman),-0.34650000725781194,2025-11-01T21:54:58.000Z
401760402,40176040226,401760402487,21,2,Boise State,Mountain West,7,Fresno State,Mountain West,17,Boise State,Fresno State,3,"{'minutes': 6, 'seconds': 43}",3,2,6,94,2,11,-1,False,Rush,(06:46) Shotgun #8 M.Sherrod rush middle for 1 yard loss to the BOI05 (#54 S.Noa),-0.12325277108606603,2025-11-01T21:55:35.000Z
401760402,40176040226,401760402491,21,3,Boise State,Mountain West,7,Fresno State,Mountain West,17,Boise State,Fresno State,3,"{'minutes': 5, 'seconds': 45}",3,2,5,95,3,12,-2,False,Pass Reception,"(06:00) Shotgun #14 M.Cutforth pass complete short right to #26 S.Gaines caught at BOI01, for 2 yards loss to the BOI03 (#39 J.Pearson)",-0.04736012798391263,2025-11-01T21:56:21.000Z
401760402,40176040227,401760402505,22,1,Fresno State,Mountain West,17,Boise State,Mountain West,7,Boise State,Fresno State,3,"{'minutes': 5, 'seconds': 21}",2,3,57,57,1,10,0,False,Timeout,"Timeout , clock 05:21",,2025-11-01T21:59:20.000Z
401760402,40176040227,401760402508,22,3,Fresno State,Mountain West,17,Boise State,Mountain West,7,Boise State,Fresno State,3,"{'minutes': 5, 'seconds': 14}",2,3,40,40,2,7,15,False,Penalty,"PENALTY BOI UNS: Unsportsmanlike Conduct (#7 A.McCoy) 15 yards from BOI40 to BOI25, 1ST DOWN. NO PLAY",,2025-11-01T22:00:36.000Z
401760402,40176040227,401760402516,22,5,Fresno State,Mountain West,24,Boise State,Mountain West,7,Boise State,Fresno State,3,"{'minutes': 4, 'seconds': 30}",2,3,2,2,1,2,2,True,Rushing Touchdown,"B. Donelson run for 2 yds, for a TD (D. Lynch KICK)",1.213235297672098,2025-11-01T22:02:36.000Z
401760402,40176040227,401760402503,22,2,Fresno State,Mountain West,17,Boise State,Mountain West,7,Boise State,Fresno State,3,"{'minutes': 5, 'seconds': 16}",2,3,43,43,1,10,3,False,Rush,(05:23) Shotgun #2 R.Luke rush right for 3 yards gain to the BOI40 (#41 B.Phelps),-0.3057652594509188,2025-11-01T21:59:58.000Z
401760402,40176040227,401760402512,22,4,Fresno State,Mountain West,17,Boise State,Mountain West,7,Boise State,Fresno State,3,"{'minutes': 5, 'seconds': 2}",2,3,25,25,1,10,23,False,Rush,"(05:09) Shotgun #2 R.Luke rush left for 23 yards gain to the BOI02 (#23 S.Smith), out of bounds, 1ST DOWN",1.4868490645939596,2025-11-01T22:01:51.000Z
401760402,40176040229,401760402523,23,1,Fresno State,Mountain West,24,Boise State,Mountain West,7,Boise State,Fresno State,3,"{'minutes': 4, 'seconds': 23}",2,3,65,65,1,10,16,False,Kickoff,(04:30) #46 D.Lynch kickoff 65 yards to the BOI00 #8 M.Sherrod return 16 yards to the BOI16 (#36 T.Nix),,2025-11-01T22:04:37.000Z
401760402,40176040229,401760402538,23,5,Boise State,Mountain West,7,Fresno State,Mountain West,24,Boise State,Fresno State,3,"{'minutes': 3, 'seconds': 43}",3,2,22,78,4,4,-2,False,Punt Return,(03:48) #37 O.Doyle punt 51 yards to the FS 27 #10 J.Malau’ulu return for loss of 2 yards to the FS 25 (#24 D.Riley),,2025-11-01T22:07:05.000Z
401760402,40176040229,401760402528,23,2,Boise State,Mountain West,7,Fresno State,Mountain West,24,Boise State,Fresno State,3,"{'minutes': 4, 'seconds': 17}",3,2,16,84,1,10,0,False,Pass Incompletion,(04:22) #14 M.Cutforth pass incomplete short right to #3 L.Caples thrown to BOI16 broken up by #5 J.Freeman,-0.46182849902011913,2025-11-01T22:05:22.000Z
401760402,40176040229,401760402531,23,3,Boise State,Mountain West,7,Fresno State,Mountain West,24,Boise State,Fresno State,3,"{'minutes': 4, 'seconds': 10}",3,2,16,84,2,10,6,False,Rush,(04:16) Shotgun #24 D.Riley rush middle for 6 yards gain to the BOI22 (#39 J.Pearson),0.11514449122515558,2025-11-01T22:05:55.000Z
401760402,40176040229,401760402535,23,4,Boise State,Mountain West,7,Fresno State,Mountain West,24,Boise State,Fresno State,3,"{'minutes': 3, 'seconds': 52}",3,2,22,78,3,4,0,False,Pass Incompletion,(03:55) No Huddle-Shotgun #14 M.Cutforth pass incomplete short right to #13 C.Penry thrown to BOI27,-0.27376738663221634,2025-11-01T22:06:18.000Z
401760402,40176040230,401760402621,24,17,Fresno State,Mountain West,27,Boise State,Mountain West,7,Boise State,Fresno State,4,"{'minutes': 10, 'seconds': 35}",2,3,25,25,4,14,43,True,Field Goal Good,D. Lynch 43 yd FG GOOD,,2025-11-01T22:21:42.000Z
401760402,40176040230,401760402603,24,13,Fresno State,Mountain West,24,Boise State,Mountain West,7,Boise State,Fresno State,4,"{'minutes': 12, 'seconds': 14}",2,3,21,21,1,10,10,False,Penalty,(12:14) Shotgun #2 R.Luke rush right for 8 yards gain to the BOI13 (#0 T.Benefield) PENALTY FS  Holding declined FS  Holding (#72 E.Fonua) 10 yards from BOI21 to BOI31. NO PLAY,,2025-11-01T22:19:11.000Z
401760402,40176040230,401760402544,24,1,Fresno State,Mountain West,24,Boise State,Mountain West,7,Boise State,Fresno State,3,"{'minutes': 3, 'seconds': 35}",2,3,75,75,1,10,9,False,Rush,(03:41) Shotgun #2 R.Luke rush right for 9 yards gain to the FS 34 (#7 A.McCoy),1.252308359788624,2025-11-01T22:07:47.000Z
401760402,40176040230,401760402548,24,2,Fresno State,Mountain West,24,Boise State,Mountain West,7,Boise State,Fresno State,3,"{'minutes': 2, 'seconds': 46}",2,3,66,66,2,1,11,False,Rush,"(02:52) Shotgun #6 B.Donelson rush middle for 11 yards gain to the FS 45 (#0 T.Benefield), 1ST DOWN",0.5488335226163326,2025-11-01T22:08:35.000Z
401760402,40176040230,401760402552,24,3,Fresno State,Mountain West,24,Boise State,Mountain West,7,Boise State,Fresno State,3,"{'minutes': 2, 'seconds': 12}",2,3,55,55,1,10,5,False,Rush,(02:15) Shotgun #6 B.Donelson rush middle for 5 yards gain to the FS 50 (#0 T.Benefield),0.1079044232439195,2025-11-01T22:09:12.000Z
401760402,40176040230,401760402556,24,4,Fresno State,Mountain West,24,Boise State,Mountain West,7,Boise State,Fresno State,3,"{'minutes': 1, 'seconds': 32}",2,3,50,50,2,5,-1,False,Rush,(01:37) Shotgun #2 R.Luke rush middle for 1 yard loss to the FS 49 (#92 D.Latu),-1.4268249305292233,2025-11-01T22:09:52.000Z
401760402,40176040230,401760402560,24,5,Fresno State,Mountain West,24,Boise State,Mountain West,7,Boise State,Fresno State,3,"{'minutes': 0, 'seconds': 44}",2,3,51,51,3,6,8,False,Pass Reception,"(00:58) Shotgun #17 C.Conklin pass complete short left to #5 J.Freeman caught at FS 46, for 8 yards to the BOI43 (#10 D.Ganter Jr.), 1ST DOWN",2.2431636566708146,2025-11-01T22:10:29.000Z
401760402,40176040230,401760402565,24,6,Fresno State,Mountain West,24,Boise State,Mountain West,7,Boise State,Fresno State,3,"{'minutes': 0, 'seconds': 11}",2,3,43,43,1,10,5,False,Rush,(00:11) Shotgun #6 B.Donelson rush right for 5 yards gain to the BOI38 (#43 J.Ripp; #5 J.Virgin-Morgan),0.0913907244107932,2025-11-01T22:11:18.000Z
401760402,40176040230,401760402571,24,7,Fresno State,Mountain West,24,Boise State,Mountain West,7,Boise State,Fresno State,3,"{'minutes': 0, 'seconds': 0}",2,3,57,57,1,10,19,False,End Period,End of 3rd quarter.,1.3707240489261385,2025-11-01T22:11:47.000Z
401760402,40176040230,401760402580,24,8,Fresno State,Mountain West,24,Boise State,Mountain West,7,Boise State,Fresno State,4,"{'minutes': 14, 'seconds': 54}",2,3,38,38,2,5,3,False,Rush,(14:57) Shotgun #31 B.Ramirez rush middle for 3 yards gain to the BOI35 (#5 J.Virgin-Morgan),-0.311535674839856,2025-11-01T22:14:46.000Z
401760402,40176040230,401760402586,24,9,Fresno State,Mountain West,24,Boise State,Mountain West,7,Boise State,Fresno State,4,"{'minutes': 14, 'seconds': 12}",2,3,35,35,3,2,2,False,Rush,"(14:16) Shotgun #17 C.Conklin rush left for 2 yards gain to the BOI33, out of bounds at BOI33, 1ST DOWN",0.669440264857929,2025-11-01T22:15:28.000Z
401760402,40176040230,401760402590,24,10,Fresno State,Mountain West,24,Boise State,Mountain West,7,Boise State,Fresno State,4,"{'minutes': 13, 'seconds': 41}",2,3,33,33,1,10,2,False,Rush,(13:45) Shotgun #31 B.Ramirez rush middle for 2 yards gain to the BOI31 (#5 J.Virgin-Morgan; #43 J.Ripp),-0.3377843039747627,2025-11-01T22:16:10.000Z
401760402,40176040230,401760402594,24,11,Fresno State,Mountain West,24,Boise State,Mountain West,7,Boise State,Fresno State,4,"{'minutes': 12, 'seconds': 59}",2,3,31,31,2,8,0,False,Pass Incompletion,(13:04) #17 C.Conklin pass incomplete short right to #87 J.Tarwater thrown to BOI24 broken up by #20 J.Mickey,-0.7596092409960598,2025-11-01T22:16:52.000Z
401760402,40176040230,401760402599,24,12,Fresno State,Mountain West,24,Boise State,Mountain West,7,Boise State,Fresno State,4,"{'minutes': 12, 'seconds': 51}",2,3,31,31,3,8,10,False,Rush,"(12:57) Shotgun #2 R.Luke rush middle for 10 yards gain to the BOI21 (#41 B.Phelps), 1ST DOWN",1.3681715046773175,2025-11-01T22:17:40.000Z
401760402,40176040230,401760402609,24,14,Fresno State,Mountain West,24,Boise State,Mountain West,7,Boise State,Fresno State,4,"{'minutes': 11, 'seconds': 49}",2,3,31,31,1,20,0,False,Pass Incompletion,(11:51) Shotgun #17 C.Conklin pass incomplete short left to #5 J.Freeman thrown to BOI25 QB hurried by #5 J.Virgin-Morgan,-0.7798708327481056,2025-11-01T22:19:36.000Z
401760402,40176040230,401760402612,24,15,Fresno State,Mountain West,24,Boise State,Mountain West,7,Boise State,Fresno State,4,"{'minutes': 11, 'seconds': 42}",2,3,31,31,2,20,1,False,Rush,(11:47) Shotgun #6 B.Donelson rush right for 1 yard gain to the BOI30 (#7 A.McCoy; #5 J.Virgin-Morgan),-0.7798513959310756,2025-11-01T22:20:21.000Z
401760402,40176040230,401760402616,24,16,Fresno State,Mountain West,24,Boise State,Mountain West,7,Boise State,Fresno State,4,"{'minutes': 11, 'seconds': 4}",2,3,30,30,3,19,5,False,Pass Reception,"(11:08) Shotgun #17 C.Conklin pass complete short left to #5 J.Freeman caught at BOI32, for 5 yards to the BOI25 (#6 J.Earby), out of bounds",0.0465729382788993,2025-11-01T22:21:02.000Z
401760402,40176040232,401760402624,25,1,Fresno State,Mountain West,27,Boise State,Mountain West,7,Boise State,Fresno State,4,"{'minutes': 10, 'seconds': 35}",2,3,65,65,1,10,0,False,Kickoff,"(10:36) #46 D.Lynch kickoff 65 yards to the BOI00, Touchback",,2025-11-01T22:21:46.000Z
401760402,40176040232,401760402645,25,6,Boise State,Mountain West,7,Fresno State,Mountain West,27,Boise State,Fresno State,4,"{'minutes': 9, 'seconds': 11}",3,2,19,81,4,27,0,False,Punt,(09:18) #37 O.Doyle punt 47 yards to the FS 34 fair catch by #10 J.Malau’ulu at FS 34,,2025-11-01T22:29:30.000Z
401760402,40176040232,401760402627,25,2,Boise State,Mountain West,7,Fresno State,Mountain West,27,Boise State,Fresno State,4,"{'minutes': 10, 'seconds': 25}",3,2,25,75,1,10,11,False,Pass Reception,"(10:36) No Huddle-Shotgun #14 M.Cutforth pass complete short left to #85 M.Lauter caught at BOI31, for 11 yards to the BOI36 (#35 T.Khajavi; #2 A.Cobb), 1ST DOWN",0.9305625119459905,2025-11-01T22:25:30.000Z
401760402,40176040232,401760402632,25,3,Boise State,Mountain West,7,Fresno State,Mountain West,27,Boise State,Fresno State,4,"{'minutes': 9, 'seconds': 38}",3,2,36,64,1,10,-17,False,Sack,"(10:10) #14 M.Cutforth sacked for loss of 17 yards to the BOI19 (#19 F.Claypool), fumble by #14 M.Cutforth recovered by BOI #72 Z.Holmes at BOI19, End Of Play",-2.1900795159000177,2025-11-01T22:27:28.000Z
401760402,40176040232,401760402638,25,4,Boise State,Mountain West,7,Fresno State,Mountain West,27,Boise State,Fresno State,4,"{'minutes': 9, 'seconds': 26}",3,2,19,81,2,27,0,False,Pass Incompletion,(09:25) Shotgun #14 M.Cutforth pass incomplete short left to #13 C.Penry thrown to BOI30 broken up by #1 J.Embry PENALTY BOI Holding declined,-0.04109497645777615,2025-11-01T22:28:04.000Z
401760402,40176040232,401760402642,25,5,Boise State,Mountain West,7,Fresno State,Mountain West,27,Boise State,Fresno State,4,"{'minutes': 9, 'seconds': 20}",3,2,19,81,3,27,0,False,Pass Incompletion,(09:21) Shotgun #14 M.Cutforth pass incomplete short left to #13 C.Penry thrown to BOI28 QB hurried by #96 N.Yeh,-0.01789220413478354,2025-11-01T22:28:49.000Z
401760402,40176040233,401760402662,26,4,Fresno State,Mountain West,27,Boise State,Mountain West,7,Boise State,Fresno State,4,"{'minutes': 6, 'seconds': 58}",2,3,62,62,4,6,0,False,Punt,(07:15) #41 N.Verdugo punt 44 yards to the BOI18 fair catch by #8 M.Sherrod at BOI18,,2025-11-01T22:34:43.000Z
401760402,40176040233,401760402649,26,1,Fresno State,Mountain West,27,Boise State,Mountain West,7,Boise State,Fresno State,4,"{'minutes': 9, 'seconds': 6}",2,3,66,66,1,10,2,False,Rush,(09:10) Shotgun #2 R.Luke rush middle for 2 yards gain to the FS 36 (#53 M.Notarainni),-0.6162239991596916,2025-11-01T22:32:39.000Z
401760402,40176040233,401760402653,26,2,Fresno State,Mountain West,27,Boise State,Mountain West,7,Boise State,Fresno State,4,"{'minutes': 8, 'seconds': 28}",2,3,64,64,2,8,2,False,Rush,(08:31) Shotgun #31 B.Ramirez rush middle for 2 yards gain to the FS 38 (#5 J.Virgin-Morgan),-0.4752412102825323,2025-11-01T22:33:18.000Z
401760402,40176040233,401760402657,26,3,Fresno State,Mountain West,27,Boise State,Mountain West,7,Boise State,Fresno State,4,"{'minutes': 7, 'seconds': 39}",2,3,62,62,3,6,0,False,Pass Reception,"(07:47) Shotgun #17 C.Conklin pass complete short left to #6 B.Donelson caught at FS 32, for 0 yards to the FS 38 (#41 B.Phelps; #53 M.Notarainni)",-0.5216957411521719,2025-11-01T22:34:03.000Z
401760402,40176040234,401760402688,27,4,Boise State,Mountain West,7,Fresno State,Mountain West,27,Boise State,Fresno State,4,"{'minutes': 5, 'seconds': 14}",3,2,32,68,1,10,15,False,Penalty,(05:14) Shotgun #14 M.Cutforth pass incomplete deep right to #13 C.Penry thrown to FS 35 PENALTY BOI Pass Interference (#13 C.Penry) 15 yards from BOI32 to BOI17. NO PLAY,,2025-11-01T22:41:18.000Z
401760402,40176040234,401760402674,27,1,Boise State,Mountain West,7,Fresno State,Mountain West,27,Boise State,Fresno State,4,"{'minutes': 6, 'seconds': 40}",3,2,18,82,1,10,3,False,Pass Reception,"(06:50) Shotgun #14 M.Cutforth pass complete short right to #8 M.Sherrod caught at BOI20, for 3 yards to the BOI21 (#5 S.Harris)",-0.2150808966639328,2025-11-01T22:38:11.000Z
401760402,40176040234,401760402679,27,2,Boise State,Mountain West,7,Fresno State,Mountain West,27,Boise State,Fresno State,4,"{'minutes': 6, 'seconds': 19}",3,2,21,79,2,7,6,False,Pass Reception,"(06:25) Shotgun #14 M.Cutforth pass complete short left to #13 C.Penry caught at BOI25, for 6 yards to the BOI27 (#1 J.Embry)",0.2151488706993882,2025-11-01T22:38:38.000Z
401760402,40176040234,401760402684,27,3,Boise State,Mountain West,7,Fresno State,Mountain West,27,Boise State,Fresno State,4,"{'minutes': 5, 'seconds': 46}",3,2,27,73,3,1,5,False,Rush,"(05:49) #8 M.Sherrod rush middle for 5 yards gain to the BOI32 (#0 K.Foreman), 1ST DOWN",0.9689195596155358,2025-11-01T22:39:13.000Z
401760402,40176040234,401760402692,27,5,Boise State,Mountain West,7,Fresno State,Mountain West,27,Boise State,Fresno State,4,"{'minutes': 5, 'seconds': 1}",3,2,17,83,1,25,12,False,Pass Reception,"(05:10) Shotgun #14 M.Cutforth pass complete short right to #13 C.Penry caught at BOI30, for 12 yards to the BOI29 (#3 A.Hamilton)",0.4231140976352439,2025-11-01T22:42:04.000Z
401760402,40176040234,401760402698,27,6,Boise State,Mountain West,7,Fresno State,Mountain West,27,Boise State,Fresno State,4,"{'minutes': 4, 'seconds': 44}",3,2,29,71,2,13,-10,False,Sack,(04:48) Shotgun #14 M.Cutforth sacked for loss of 10 yards to the BOI19 (#19 F.Claypool),-0.5496674070263312,2025-11-01T22:45:05.000Z
401760402,40176040234,401760402702,27,7,Boise State,Mountain West,7,Fresno State,Mountain West,27,Boise State,Fresno State,4,"{'minutes': 4, 'seconds': 13}",3,2,19,81,3,23,0,False,Pass Incompletion,(04:15) Shotgun #14 M.Cutforth pass incomplete short left to #85 M.Lauter thrown to BOI20,-0.02660355362818656,2025-11-01T22:45:37.000Z
401760402,40176040234,401760402705,27,8,Boise State,Mountain West,7,Fresno State,Mountain West,27,Boise State,Fresno State,4,"{'minutes': 4, 'seconds': 6}",3,2,19,81,4,23,0,False,Pass Incompletion,"(04:12) Shotgun #14 M.Cutforth pass incomplete deep left to #3 L.Caples thrown to BOI45, TURNOVER ON DOWNS",0.38961712373093516,2025-11-01T22:46:16.000Z
401760402,40176040235,401760402715,28,1,Boise State,Mountain West,7,Fresno State,Mountain West,27,Boise State,Fresno State,4,"{'minutes': 4, 'seconds': 0}",2,2,19,81,1,10,0,False,Timeout,"Timeout Boise State, clock 04:00",,2025-11-01T22:47:25.000Z
401760402,40176040235,401760402720,28,3,Boise State,Mountain West,7,Fresno State,Mountain West,27,Boise State,Fresno State,4,"{'minutes': 3, 'seconds': 54}",1,2,16,84,2,7,0,False,Timeout,"Timeout Boise State, clock 03:54",,2025-11-01T22:48:47.000Z
401760402,40176040235,401760402725,28,6,Boise State,Mountain West,7,Fresno State,Mountain West,27,Boise State,Fresno State,4,"{'minutes': 3, 'seconds': 47}",0,2,15,85,3,6,0,False,Timeout,"Timeout Boise State, clock 03:47",,2025-11-01T22:50:06.000Z
401760402,40176040235,401760402723,28,7,Fresno State,Mountain West,30,Boise State,Mountain West,7,Boise State,Fresno State,4,"{'minutes': 3, 'seconds': 41}",2,0,15,15,4,6,33,True,Field Goal Good,D. Lynch 33 yd FG GOOD,,2025-11-01T22:51:05.000Z
401760402,40176040235,401760402709,28,2,Fresno State,Mountain West,27,Boise State,Mountain West,7,Boise State,Fresno State,4,"{'minutes': 3, 'seconds': 59}",2,2,19,19,1,10,3,False,Rush,(04:04) Shotgun #0 J.Arceneaux rush left for 3 yards gain to the BOI16 (#43 J.Ripp),-0.114691276393927,2025-11-01T22:47:06.000Z
401760402,40176040235,401760402713,28,4,Fresno State,Mountain West,27,Boise State,Mountain West,7,Boise State,Fresno State,4,"{'minutes': 3, 'seconds': 52}",2,1,16,16,2,7,1,False,Rush,(03:58) Shotgun #33 E.Gilliam rush left for 1 yard gain to the BOI15 (#53 M.Notarainni),-0.293250286999516,2025-11-01T22:48:25.000Z
401760402,40176040235,401760402718,28,5,Fresno State,Mountain West,27,Boise State,Mountain West,7,Boise State,Fresno State,4,"{'minutes': 3, 'seconds': 48}",2,1,15,15,3,6,0,False,Rush,(03:51) Shotgun #0 J.Arceneaux rush middle for 0 yards to the BOI15 (#10 D.Ganter Jr.),-0.488317825021232,2025-11-01T22:49:40.000Z
401760402,40176040237,401760402727,29,1,Fresno State,Mountain West,30,Boise State,Mountain West,7,Boise State,Fresno State,4,"{'minutes': 3, 'seconds': 41}",2,0,65,65,1,10,0,False,Kickoff,"(03:42) #46 D.Lynch kickoff 31 yards to the BOI34 #96 L.Voorhees return 0 yards to the BOI34, End Of Play",,2025-11-01T22:52:39.000Z
401760402,40176040237,401760402747,29,5,Boise State,Mountain West,7,Fresno State,Mountain West,30,Boise State,Fresno State,4,"{'minutes': 2, 'seconds': 52}",0,2,70,30,1,10,0,False,Pass Incompletion,(02:52) No Huddle-Shotgun #14 M.Cutforth pass incomplete short left to #13 C.Penry thrown to FS 20,-0.557844891990525,2025-11-01T22:54:07.000Z
401760402,40176040237,401760402750,29,6,Boise State,Mountain West,7,Fresno State,Mountain West,30,Boise State,Fresno State,4,"{'minutes': 2, 'seconds': 46}",0,2,70,30,2,10,0,False,Pass Incompletion,(02:52) Shotgun #14 M.Cutforth pass incomplete deep left to #83 Q.Williams Jr. thrown to FS 00 broken up by #1 J.Embry,-0.7638433871567597,2025-11-01T22:54:29.000Z
401760402,40176040237,401760402753,29,7,Boise State,Mountain West,7,Fresno State,Mountain West,30,Boise State,Fresno State,4,"{'minutes': 2, 'seconds': 39}",0,2,70,30,3,10,0,False,Pass Incompletion,(02:44) Shotgun #14 M.Cutforth pass incomplete short left to #3 L.Caples thrown to FS 26,-0.9887363611325739,2025-11-01T22:55:03.000Z
401760402,40176040237,401760402756,29,8,Boise State,Mountain West,7,Fresno State,Mountain West,30,Boise State,Fresno State,4,"{'minutes': 2, 'seconds': 36}",0,2,70,30,4,10,0,False,Pass Incompletion,"(02:41) Shotgun #14 M.Cutforth pass incomplete short right to #80 C.Bates thrown to FS 15, TURNOVER ON DOWNS",-1.8753322267973704,2025-11-01T22:55:40.000Z
401760402,40176040237,401760402732,29,2,Boise State,Mountain West,7,Fresno State,Mountain West,30,Boise State,Fresno State,4,"{'minutes': 3, 'seconds': 28}",0,2,34,66,1,10,7,False,Pass Reception,"(03:38) Shotgun #14 M.Cutforth pass complete short left to #13 C.Penry caught at BOI38, for 7 yards to the BOI41 (#25 J.Johnson)",0.7039091622223153,2025-11-01T22:53:11.000Z
401760402,40176040237,401760402737,29,3,Boise State,Mountain West,7,Fresno State,Mountain West,30,Boise State,Fresno State,4,"{'minutes': 3, 'seconds': 15}",0,2,41,59,2,3,13,False,Pass Reception,"(03:18) No Huddle-Shotgun #14 M.Cutforth pass complete short left to #80 C.Bates caught at FS 46, for 13 yards to the FS 46 (#37 R.Wilson), 1ST DOWN",1.0895728193728347,2025-11-01T22:53:31.000Z
401760402,40176040237,401760402742,29,4,Boise State,Mountain West,7,Fresno State,Mountain West,30,Boise State,Fresno State,4,"{'minutes': 2, 'seconds': 56}",0,2,54,46,1,10,16,False,Pass Reception,"(03:03) No Huddle-Shotgun #14 M.Cutforth pass complete short middle to #3 L.Caples caught at FS 30, for 16 yards to the FS 30 (#22 C.Bracha), 1ST DOWN",0.7290442752116933,2025-11-01T22:53:50.000Z
401760402,40176040238,401760402766,30,2,Fresno State,Mountain West,30,Boise State,Mountain West,7,Boise State,Fresno State,4,"{'minutes': 2, 'seconds': 0}",2,0,30,30,1,10,0,False,Timeout,"Timeout , clock 02:00",,2025-11-01T22:57:06.000Z
401760402,40176040238,401760402760,30,1,Fresno State,Mountain West,30,Boise State,Mountain West,7,Boise State,Fresno State,4,"{'minutes': 2, 'seconds': 27}",2,0,70,70,1,10,3,False,Rush,(02:36) Shotgun #33 E.Gilliam rush left for 3 yards gain to the FS 33 (#95 M.Stege),-0.3563521541303736,2025-11-01T22:56:39.000Z
401760402,40176040238,401760402764,30,3,Fresno State,Mountain West,30,Boise State,Mountain West,7,Boise State,Fresno State,4,"{'minutes': 1, 'seconds': 53}",2,0,67,67,2,7,12,False,Rush,"(01:57) Shotgun #0 J.Arceneaux rush right for 12 yards gain to the FS 45 (#43 J.Ripp), 1ST DOWN",1.772525435718352,2025-11-01T23:00:09.000Z
401760402,40176040238,401760402769,30,4,Fresno State,Mountain West,30,Boise State,Mountain West,7,Boise State,Fresno State,4,"{'minutes': 1, 'seconds': 14}",2,0,55,55,1,10,-1,False,Rush,(01:20) Kneel down by Fresno State at FS 44 for loss of 1 yard,-1.3838406426271828,2025-11-01T23:00:59.000Z
401760402,40176040238,401760402772,30,5,Fresno State,Mountain West,30,Boise State,Mountain West,7,Boise State,Fresno State,4,"{'minutes': 0, 'seconds': 37}",2,0,56,56,2,11,-1,False,Rush,(00:43) Kneel down by Fresno State at FS 43 for loss of 1 yard,-0.9610876245504398,2025-11-01T23:01:36.000Z
401760402,40176040238,401760402775,30,6,Fresno State,Mountain West,30,Boise State,Mountain West,7,Boise State,Fresno State,4,"{'minutes': 0, 'seconds': 19}",2,0,57,57,3,12,-1,False,Rush,(00:19) Kneel down by Fresno State at FS 42 for loss of 1 yard,-0.4760167758491063,2025-11-01T23:02:00.000Z
401760402,40176040238,401760402780,30,7,Fresno State,Mountain West,30,Boise State,Mountain West,7,Boise State,Fresno State,4,"{'minutes': 0, 'seconds': 0}",2,0,43,43,3,12,-15,False,End Period,End of 4th quarter.,-1.7354429473974164,2025-11-01T23:02:22.000Z
401760410,4017604102,4017604103,1,1,San Diego State,Mountain West,0,Boise State,Mountain West,0,San Diego State,Boise State,1,"{'minutes': 15, 'seconds': 0}",3,3,35,65,1,10,0,False,Kickoff,"(15:00) #11 G.Plascencia kickoff 65 yards to the BSU00, Touchback",,2025-11-16T03:35:34.000Z
401760410,4017604102,40176041023,1,5,Boise State,Mountain West,0,San Diego State,Mountain West,0,San Diego State,Boise State,1,"{'minutes': 13, 'seconds': 43}",3,3,70,70,4,5,0,False,Punt,(13:47) #37 O.Doyle punt 41 yards to the SDSU29 fair catch by #2 J.Napier at SDSU29,,2025-11-16T03:40:21.000Z
401760410,4017604102,40176041012,1,2,Boise State,Mountain West,0,San Diego State,Mountain West,0,San Diego State,Boise State,1,"{'minutes': 14, 'seconds': 52}",3,3,75,75,1,10,1,False,Rush,(14:57) #24 D.Riley rush middle for 1 yard gain to the BSU26 (#6 E.Butler),-0.5874795431016855,2025-11-16T03:38:42.000Z
401760410,4017604102,40176041016,1,3,Boise State,Mountain West,0,San Diego State,Mountain West,0,San Diego State,Boise State,1,"{'minutes': 14, 'seconds': 21}",3,3,74,74,2,9,4,False,Rush,(14:26) #24 D.Riley rush right for 4 yards gain to the BSU30 (#33 B.Nassar),-0.07170781243074043,2025-11-16T03:39:15.000Z
401760410,4017604102,40176041020,1,4,Boise State,Mountain West,0,San Diego State,Mountain West,0,San Diego State,Boise State,1,"{'minutes': 13, 'seconds': 50}",3,3,70,70,3,5,0,False,Pass Incompletion,(13:52) Shotgun #14 M.Cutforth pass incomplete short left to #3 L.Caples thrown to BSU38 broken up by #6 E.Butler,-0.3716239049161505,2025-11-16T03:39:51.000Z
401760410,4017604103,40176041038,2,4,San Diego State,Mountain West,0,Boise State,Mountain West,0,San Diego State,Boise State,1,"{'minutes': 12, 'seconds': 52}",3,3,30,70,4,9,0,False,Punt,(12:57) #93 H.Green punt 43 yards to the BSU27 fair catch by #8 M.Sherrod at BSU27,,2025-11-16T03:42:41.000Z
401760410,4017604103,40176041027,2,1,San Diego State,Mountain West,0,Boise State,Mountain West,0,San Diego State,Boise State,1,"{'minutes': 13, 'seconds': 39}",3,3,29,71,1,10,0,False,Pass Incompletion,(13:41) No Huddle-Shotgun #4 J.Denegal pass incomplete short left to #2 J.Napier thrown to SDSU33 QB hurried by #90 B.Fely,-0.8305196050291288,2025-11-16T03:41:10.000Z
401760410,4017604103,40176041030,2,2,San Diego State,Mountain West,0,Boise State,Mountain West,0,San Diego State,Boise State,1,"{'minutes': 13, 'seconds': 30}",3,3,29,71,2,10,1,False,Pass Reception,"(13:37) No Huddle-Shotgun #4 J.Denegal pass complete short right to #14 D.Brown caught at SDSU29, for 1 yard to the SDSU30 (#0 T.Benefield)",-0.366699343986828,2025-11-16T03:41:36.000Z
401760410,4017604103,40176041035,2,3,San Diego State,Mountain West,0,Boise State,Mountain West,0,San Diego State,Boise State,1,"{'minutes': 12, 'seconds': 59}",3,3,30,70,3,9,0,False,Pass Incompletion,(13:02) No Huddle-Shotgun #4 J.Denegal pass incomplete short right to #11 M.Welsh thrown to SDSU36,-0.24285188526338786,2025-11-16T03:42:12.000Z
401760410,4017604104,40176041063,3,6,Boise State,Mountain West,0,San Diego State,Mountain West,0,San Diego State,Boise State,1,"{'minutes': 9, 'seconds': 50}",3,3,54,54,4,3,0,False,Punt Return,(09:57) #37 O.Doyle punt 43 yards to the SDSU11 #2 J.Napier return 0 yards to the SDSU11 (#0 T.Benefield),,2025-11-16T03:46:33.000Z
401760410,4017604104,40176041042,3,1,Boise State,Mountain West,0,San Diego State,Mountain West,0,San Diego State,Boise State,1,"{'minutes': 12, 'seconds': 44}",3,3,73,73,1,10,6,False,Rush,(12:50) Shotgun #24 D.Riley rush right for 6 yards gain to the BSU33 (#1 C.Johnson),0.3503911107524118,2025-11-16T03:43:31.000Z
401760410,4017604104,40176041046,3,2,Boise State,Mountain West,0,San Diego State,Mountain West,0,San Diego State,Boise State,1,"{'minutes': 12, 'seconds': 12}",3,3,67,67,2,4,6,False,Rush,"(12:17) #24 D.Riley rush left for 6 yards gain to the BSU39 (#26 D.McDougle), 1ST DOWN",0.7273082870046588,2025-11-16T03:44:05.000Z
401760410,4017604104,40176041050,3,3,Boise State,Mountain West,0,San Diego State,Mountain West,0,San Diego State,Boise State,1,"{'minutes': 11, 'seconds': 31}",3,3,61,61,1,10,0,False,Pass Reception,"(11:41) Shotgun #14 M.Cutforth pass complete short left to #3 L.Caples caught at BSU38, for 0 yards to the BSU39 (#0 B.Phillips; #9 D.Staley)",-1.1077677360468863,2025-11-16T03:44:40.000Z
401760410,4017604104,40176041055,3,4,Boise State,Mountain West,0,San Diego State,Mountain West,0,San Diego State,Boise State,1,"{'minutes': 11, 'seconds': 4}",3,3,61,61,2,10,6,False,Rush,(11:10) #26 S.Gaines rush left for 6 yards gain to the BSU45 (#12 O.Chambliss),0.2822103172169043,2025-11-16T03:45:13.000Z
401760410,4017604104,40176041059,3,5,Boise State,Mountain West,0,San Diego State,Mountain West,0,San Diego State,Boise State,1,"{'minutes': 10, 'seconds': 31}",3,3,55,55,3,4,1,False,Rush,(10:36) Shotgun #26 S.Gaines rush right for 1 yard gain to the BSU46 (#33 B.Nassar),-0.7009730548220147,2025-11-16T03:45:46.000Z
401760410,4017604105,40176041073,4,2,San Diego State,Mountain West,0,Boise State,Mountain West,0,San Diego State,Boise State,1,"{'minutes': 9, 'seconds': 25}",3,3,15,85,2,6,5,False,Penalty,PENALTY SDSU False Start (#76 K.Ellis) 5 yards from SDSU15 to SDSU10. NO PLAY,,2025-11-16T03:47:43.000Z
401760410,4017604105,40176041084,4,5,San Diego State,Mountain West,0,Boise State,Mountain West,0,San Diego State,Boise State,1,"{'minutes': 7, 'seconds': 52}",3,3,15,85,4,6,2,False,Punt Return,"(08:01) #93 H.Green punt 53 yards to the BSU32 #8 M.Sherrod return 2 yards to the BSU34 (#34 D.Harrington), out of bounds",,2025-11-16T03:49:38.000Z
401760410,4017604105,40176041069,4,1,San Diego State,Mountain West,0,Boise State,Mountain West,0,San Diego State,Boise State,1,"{'minutes': 9, 'seconds': 44}",3,3,11,89,1,10,4,False,Rush,(09:48) No Huddle-Shotgun #7 L.Sutton rush middle for 4 yards gain to the SDSU15 (#5 J.Virgin-Morgan; #43 J.Ripp),-0.05111426634582639,2025-11-16T03:47:16.000Z
401760410,4017604105,40176041076,4,3,San Diego State,Mountain West,0,Boise State,Mountain West,0,San Diego State,Boise State,1,"{'minutes': 9, 'seconds': 12}",3,3,10,90,2,11,4,False,Rush,(09:16) No Huddle-Shotgun #7 L.Sutton rush middle for 4 yards gain to the SDSU14 (#53 M.Notarainni; #0 T.Benefield),-0.01999134193989428,2025-11-16T03:48:18.000Z
401760410,4017604105,40176041080,4,4,San Diego State,Mountain West,0,Boise State,Mountain West,0,San Diego State,Boise State,1,"{'minutes': 8, 'seconds': 26}",3,3,14,86,3,7,1,False,Rush,(08:31) No Huddle-Shotgun #4 J.Denegal rush middle for 1 yard gain to the SDSU15 (#53 M.Notarainni),-0.10278585104218332,2025-11-16T03:49:04.000Z
401760410,4017604106,401760410113,5,6,Boise State,Mountain West,0,San Diego State,Mountain West,0,San Diego State,Boise State,1,"{'minutes': 5, 'seconds': 25}",3,3,47,47,4,7,0,False,Punt,(05:30) #37 O.Doyle punt 41 yards to the SDSU06 fair catch by #2 J.Napier at SDSU06,,2025-11-16T03:53:19.000Z
401760410,4017604106,40176041095,5,2,Boise State,Mountain West,0,San Diego State,Mountain West,0,San Diego State,Boise State,1,"{'minutes': 7, 'seconds': 15}",3,3,58,58,2,2,8,False,Rush,"(07:19) #24 D.Riley rush middle for 8 yards gain to the BSU50 (#9 D.Staley), 1ST DOWN",0.461306966235874,2025-11-16T03:50:57.000Z
401760410,4017604106,40176041099,5,3,Boise State,Mountain West,0,San Diego State,Mountain West,0,San Diego State,Boise State,1,"{'minutes': 6, 'seconds': 34}",3,3,50,50,1,10,-1,False,Pass Reception,"(06:44) Shotgun #14 M.Cutforth pass complete short middle to #3 L.Caples caught at BSU49, for 1 yard loss to the BSU49 (#44 N.King)",-1.3492622133523626,2025-11-16T03:51:32.000Z
401760410,4017604106,401760410106,5,4,Boise State,Mountain West,0,San Diego State,Mountain West,0,San Diego State,Boise State,1,"{'minutes': 6, 'seconds': 2}",3,3,51,51,2,11,4,False,Rush,(06:05) Shotgun #24 D.Riley rush middle for 4 yards gain to the SDSU47 (#9 D.Staley),-0.1638364800570803,2025-11-16T03:52:11.000Z
401760410,4017604106,401760410110,5,5,Boise State,Mountain West,0,San Diego State,Mountain West,0,San Diego State,Boise State,1,"{'minutes': 5, 'seconds': 32}",3,3,47,47,3,7,0,False,Pass Incompletion,(05:34) Shotgun #14 M.Cutforth pass incomplete short left to #13 C.Penry thrown to SDSU38 broken up by #6 E.Butler,-0.9262616248121232,2025-11-16T03:52:43.000Z
401760410,4017604106,40176041090,5,1,Boise State,Mountain West,0,San Diego State,Mountain West,0,San Diego State,Boise State,1,"{'minutes': 7, 'seconds': 37}",3,3,66,66,1,10,8,False,Pass Reception,"(07:50) Shotgun #14 M.Cutforth pass complete short right to #80 C.Bates caught at BSU42, for 8 yards to the BSU42 (#1 C.Johnson)",1.0340504913723672,2025-11-16T03:50:27.000Z
401760410,4017604107,401760410130,6,4,San Diego State,Mountain West,0,Boise State,Mountain West,0,San Diego State,Boise State,1,"{'minutes': 3, 'seconds': 13}",3,3,6,94,4,10,0,False,Punt,(03:20) #93 H.Green punt 48 yards to the BSU46,,2025-11-16T03:58:31.000Z
401760410,4017604107,401760410117,6,1,San Diego State,Mountain West,0,Boise State,Mountain West,0,San Diego State,Boise State,1,"{'minutes': 5, 'seconds': 20}",3,3,6,94,1,10,3,False,Rush,(05:23) No Huddle-Shotgun #7 L.Sutton rush middle for 3 yards gain to the SDSU09 (#43 J.Ripp),-0.12067900792491049,2025-11-16T03:56:28.000Z
401760410,4017604107,401760410121,6,2,San Diego State,Mountain West,0,Boise State,Mountain West,0,San Diego State,Boise State,1,"{'minutes': 4, 'seconds': 31}",3,3,9,91,2,7,1,False,Rush,(04:39) No Huddle-Shotgun #7 L.Sutton rush left for 1 yard gain to the SDSU10 (#43 J.Ripp; #90 B.Fely),-0.18948430565037278,2025-11-16T03:57:12.000Z
401760410,4017604107,401760410125,6,3,San Diego State,Mountain West,0,Boise State,Mountain West,0,San Diego State,Boise State,1,"{'minutes': 3, 'seconds': 39}",3,3,10,90,3,6,-4,False,Pass Reception,"(03:56) No Huddle-Shotgun #4 J.Denegal pass complete short left to #7 L.Sutton caught at SDSU05, for 4 yards loss to the SDSU06 (#43 J.Ripp; #99 M.Madrie)",-0.16351244194470116,2025-11-16T03:57:59.000Z
401760410,4017604108,401760410148,7,4,Boise State,Mountain West,0,San Diego State,Mountain West,0,San Diego State,Boise State,1,"{'minutes': 1, 'seconds': 16}",3,3,52,52,4,8,0,False,Punt,"(01:20) #37 O.Doyle punt 52 yards to the SDSU00, Touchback",,2025-11-16T04:03:41.000Z
401760410,4017604108,401760410134,7,1,Boise State,Mountain West,0,San Diego State,Mountain West,0,San Diego State,Boise State,1,"{'minutes': 3, 'seconds': 5}",3,3,54,54,1,10,1,False,Rush,(03:09) #24 D.Riley rush right for 1 yard gain to the BSU47 (#12 O.Chambliss; #41 M.Williams),-0.921128701529616,2025-11-16T04:01:43.000Z
401760410,4017604108,401760410138,7,2,Boise State,Mountain West,0,San Diego State,Mountain West,0,San Diego State,Boise State,1,"{'minutes': 2, 'seconds': 33}",3,3,53,53,2,9,2,False,Rush,(02:37) Shotgun #24 D.Riley rush left for 2 yards gain to the BSU49 (#41 M.Williams),-0.616638268783058,2025-11-16T04:02:15.000Z
401760410,4017604108,401760410142,7,3,Boise State,Mountain West,0,San Diego State,Mountain West,0,San Diego State,Boise State,1,"{'minutes': 1, 'seconds': 24}",3,3,51,51,3,7,-1,False,Fumble Recovery (Own),"(01:58) Shotgun #14 M.Cutforth rush right for 1 yard loss to the BSU48 fumbled by #14 M.Cutforth at BSU49 recovered by BSU #8 M.Sherrod at BSU48, End Of Play",-0.934881648139398,2025-11-16T04:03:17.000Z
401760410,4017604109,401760410162,8,3,San Diego State,Mountain West,0,Boise State,Mountain West,0,San Diego State,Boise State,1,"{'minutes': 0, 'seconds': 0}",3,3,61,39,1,10,2,False,End Period,End of 1st quarter.,-0.436671624801777,2025-11-16T04:08:19.000Z
401760410,4017604109,401760410152,8,1,San Diego State,Mountain West,0,Boise State,Mountain West,0,San Diego State,Boise State,1,"{'minutes': 1, 'seconds': 6}",3,3,20,80,1,10,41,False,Rush,"(01:14) No Huddle-Shotgun #23 C.Washington rush middle for 41 yards gain to the BSU39 (#0 T.Benefield), out of bounds, 1ST DOWN",3.245619240673552,2025-11-16T04:06:48.000Z
401760410,4017604109,401760410156,8,2,San Diego State,Mountain West,0,Boise State,Mountain West,0,San Diego State,Boise State,1,"{'minutes': 0, 'seconds': 37}",3,3,61,39,1,10,2,False,Rush,(00:37) No Huddle-Shotgun #23 C.Washington rush middle for 2 yards gain to the BSU37 (#19 D.Washington),-0.436671624801777,2025-11-16T04:07:35.000Z
401760410,4017604109,401760410166,8,4,San Diego State,Mountain West,0,Boise State,Mountain West,0,San Diego State,Boise State,2,"{'minutes': 14, 'seconds': 52}",3,3,63,37,2,8,26,False,Rush,"(14:59) No Huddle-Shotgun #23 C.Washington rush middle for 26 yards gain to the BSU11 (#7 A.McCoy; #21 Z.Washington), 1ST DOWN",1.055370766365403,2025-11-16T04:12:03.000Z
401760410,4017604109,401760410172,8,5,San Diego State,Mountain West,0,Boise State,Mountain West,0,San Diego State,Boise State,2,"{'minutes': 14, 'seconds': 20}",3,3,89,11,1,10,4,False,Rush,(14:25) No Huddle-Shotgun #23 C.Washington rush middle for 4 yards gain to the BSU07 (#0 T.Benefield; #41 B.Phelps),-0.015606283624097,2025-11-16T04:13:05.000Z
401760410,4017604109,401760410176,8,6,San Diego State,Mountain West,0,Boise State,Mountain West,0,San Diego State,Boise State,2,"{'minutes': 13, 'seconds': 31}",3,3,93,7,2,6,6,False,Rush,"(13:44) No Huddle-Shotgun #23 C.Washington rush middle for 6 yards gain to the BSU01 (#41 B.Phelps), 1ST DOWN",1.599324421871579,2025-11-16T04:13:46.000Z
401760410,4017604109,401760410180,8,7,San Diego State,Mountain West,7,Boise State,Mountain West,0,San Diego State,Boise State,2,"{'minutes': 13, 'seconds': 15}",3,3,99,1,1,1,1,True,Rushing Touchdown,"(13:19) No Huddle #4 J.Denegal rush middle for 1 yard gain to the BSU00 TOUCHDOWN, clock 13:15 #11 G.Plascencia kick attempt good (H: #39 E.Herranen, LS: #50 T.Chavez)",0.938021275120443,2025-11-16T04:14:11.000Z
401760410,40176041011,401760410187,9,1,San Diego State,Mountain West,7,Boise State,Mountain West,0,San Diego State,Boise State,2,"{'minutes': 13, 'seconds': 15}",3,3,35,65,1,10,0,False,Kickoff,"(13:15) #11 G.Plascencia kickoff 65 yards to the BSU00, Touchback",,2025-11-16T04:15:10.000Z
401760410,40176041011,401760410230,9,11,Boise State,Mountain West,0,San Diego State,Mountain West,7,San Diego State,Boise State,2,"{'minutes': 8, 'seconds': 0}",3,3,14,14,2,1,5,False,Penalty,PENALTY BSU False Start (#88 M.Wagner) 5 yards from SDSU14 to SDSU19. NO PLAY,,2025-11-16T04:27:43.000Z
401760410,40176041011,401760410258,9,2,Boise State,Mountain West,7,San Diego State,Mountain West,7,San Diego State,Boise State,2,"{'minutes': 13, 'seconds': 13}",3,3,75,75,1,10,20,False,Fumble,"(13:13) Shotgun #26 S.Gaines rush left for 20 yards gain to the BSU45 fumbled by #26 S.Gaines at BSU45 forced by #0 B.Phillips, out of bounds at BSU45, 1ST DOWN",1.8011418824049565,2025-11-16T04:32:00.000Z
401760410,40176041011,401760410195,9,3,Boise State,Mountain West,0,San Diego State,Mountain West,7,San Diego State,Boise State,2,"{'minutes': 12, 'seconds': 38}",3,3,55,55,1,10,11,False,Rush,"(12:45) #26 S.Gaines rush right for 11 yards gain to the SDSU44 (#42 B.Anderson), 1ST DOWN",0.8637308798063437,2025-11-16T04:19:44.000Z
401760410,40176041011,401760410201,9,4,Boise State,Mountain West,0,San Diego State,Mountain West,7,San Diego State,Boise State,2,"{'minutes': 12, 'seconds': 2}",3,3,44,44,1,10,3,False,Rush,(12:08) #26 S.Gaines rush middle for 3 yards gain to the SDSU41 (#12 O.Chambliss; #41 M.Williams),-0.3178831342797892,2025-11-16T04:20:22.000Z
401760410,40176041011,401760410205,9,5,Boise State,Mountain West,0,San Diego State,Mountain West,7,San Diego State,Boise State,2,"{'minutes': 11, 'seconds': 31}",3,3,41,41,2,7,0,False,Rush,(11:34) #8 M.Sherrod rush left for 0 yards to the SDSU41 (#91 A.Comier),-1.040451324184561,2025-11-16T04:20:55.000Z
401760410,40176041011,401760410209,9,6,Boise State,Mountain West,0,San Diego State,Mountain West,7,San Diego State,Boise State,2,"{'minutes': 10, 'seconds': 48}",3,3,41,41,3,7,6,False,Pass Reception,"(11:01) Shotgun #14 M.Cutforth pass complete short left to #3 L.Caples caught at SDSU45, for 6 yards to the SDSU35 (#2 T.White)",0.3037359391042695,2025-11-16T04:21:29.000Z
401760410,40176041011,401760410214,9,7,Boise State,Mountain West,0,San Diego State,Mountain West,7,San Diego State,Boise State,2,"{'minutes': 10, 'seconds': 22}",3,3,35,35,4,1,2,False,Rush,"(10:25) #24 D.Riley rush middle for 2 yards gain to the SDSU33 (#0 B.Phillips), 1ST DOWN",1.564406103368114,2025-11-16T04:22:03.000Z
401760410,40176041011,401760410218,9,8,Boise State,Mountain West,0,San Diego State,Mountain West,7,San Diego State,Boise State,2,"{'minutes': 9, 'seconds': 48}",3,3,33,33,1,10,2,False,Rush,(09:52) #24 D.Riley rush right for 2 yards gain to the SDSU31 (#41 M.Williams; #55 M.Finau),-0.3377843039747627,2025-11-16T04:22:37.000Z
401760410,40176041011,401760410222,9,9,Boise State,Mountain West,0,San Diego State,Mountain West,7,San Diego State,Boise State,2,"{'minutes': 9, 'seconds': 5}",3,3,31,31,2,8,8,False,Rush,"(09:10) Shotgun #26 S.Gaines rush middle for 8 yards gain to the SDSU23 (#2 T.White), 1ST DOWN",0.5768813994055222,2025-11-16T04:26:25.000Z
401760410,40176041011,401760410226,9,10,Boise State,Mountain West,0,San Diego State,Mountain West,7,San Diego State,Boise State,2,"{'minutes': 8, 'seconds': 31}",3,3,23,23,1,10,9,False,Rush,(08:36) #26 S.Gaines rush middle for 9 yards gain to the SDSU14 (#0 B.Phillips),0.6367847307431815,2025-11-16T04:26:58.000Z
401760410,40176041011,401760410233,9,12,Boise State,Mountain West,0,San Diego State,Mountain West,7,San Diego State,Boise State,2,"{'minutes': 7, 'seconds': 44}",3,3,19,19,2,6,5,False,Rush,(07:48) Shotgun #26 S.Gaines rush middle for 5 yards gain to the SDSU14 (#6 E.Butler; #26 D.McDougle),0.0750492458523875,2025-11-16T04:28:11.000Z
401760410,40176041011,401760410237,9,13,Boise State,Mountain West,0,San Diego State,Mountain West,7,San Diego State,Boise State,2,"{'minutes': 7, 'seconds': 14}",3,3,14,14,3,1,2,False,Rush,"(07:21) #26 S.Gaines rush left for 2 yards gain to the SDSU12 (#0 B.Phillips), 1ST DOWN",0.090238685521225,2025-11-16T04:28:39.000Z
401760410,40176041011,401760410241,9,14,Boise State,Mountain West,0,San Diego State,Mountain West,7,San Diego State,Boise State,2,"{'minutes': 6, 'seconds': 38}",3,3,12,12,1,10,2,False,Rush,(06:43) #24 D.Riley rush middle for 2 yards gain to the SDSU10 (#12 O.Chambliss),-0.1686350677656265,2025-11-16T04:29:16.000Z
401760410,40176041011,401760410245,9,15,Boise State,Mountain West,0,San Diego State,Mountain West,7,San Diego State,Boise State,2,"{'minutes': 6, 'seconds': 5}",3,3,10,10,2,8,1,False,Rush,(06:09) #24 D.Riley rush middle for 1 yard gain to the SDSU09 (#42 B.Anderson),-0.223222881676234,2025-11-16T04:29:51.000Z
401760410,40176041011,401760410249,9,16,Boise State,Mountain West,7,San Diego State,Mountain West,7,San Diego State,Boise State,2,"{'minutes': 5, 'seconds': 29}",3,3,9,9,3,7,9,True,Rushing Touchdown,"(05:32) Shotgun #24 D.Riley rush middle for 9 yards gain to the SDSU00 TOUCHDOWN, clock 05:29, 1ST DOWN #35 C.Boomer kick attempt good (H: #37 O.Doyle, LS: #42 M.Hutton)",2.921952491477786,2025-11-16T04:30:28.000Z
401760410,40176041013,401760410256,10,1,Boise State,Mountain West,7,San Diego State,Mountain West,7,San Diego State,Boise State,2,"{'minutes': 5, 'seconds': 23}",3,3,65,65,1,10,18,False,Kickoff,(05:29) #35 C.Boomer kickoff 54 yards to the SDSU11 #2 J.Napier return 18 yards to the SDSU29 (#41 B.Phelps),,2025-11-16T04:34:24.000Z
401760410,40176041013,401760410301,10,11,Boise State,Mountain West,7,San Diego State,Mountain West,7,San Diego State,Boise State,2,"{'minutes': 1, 'seconds': 30}",2,2,85,85,2,2,0,False,Timeout,"Timeout Boise State, clock 01:30",,2025-11-16T04:44:13.000Z
401760410,40176041013,401760410288,10,7,San Diego State,Mountain West,7,Boise State,Mountain West,7,San Diego State,Boise State,2,"{'minutes': 2, 'seconds': 41}",2,3,45,55,3,6,0,False,Timeout,"Timeout San Diego State, clock 02:41",,2025-11-16T04:38:43.000Z
401760410,40176041013,401760410308,10,13,Boise State,Mountain West,7,San Diego State,Mountain West,7,San Diego State,Boise State,2,"{'minutes': 1, 'seconds': 23}",1,2,92,92,1,8,0,False,Timeout,"Timeout Boise State, clock 01:23",,2025-11-16T04:47:48.000Z
401760410,40176041013,401760410313,10,15,Boise State,Mountain West,7,San Diego State,Mountain West,7,San Diego State,Boise State,2,"{'minutes': 1, 'seconds': 16}",0,2,93,93,2,7,0,False,Timeout,"Timeout Boise State, clock 01:16",,2025-11-16T04:49:10.000Z
401760410,40176041013,401760410266,10,2,San Diego State,Mountain West,7,Boise State,Mountain West,7,San Diego State,Boise State,2,"{'minutes': 5, 'seconds': 9}",3,3,29,71,1,10,-2,False,Pass Reception,"(05:21) No Huddle-Shotgun #4 J.Denegal pass complete short right to #2 J.Napier caught at SDSU27, for 2 yards loss to the SDSU27 (#20 J.Mickey)",-1.0558527396551547,2025-11-16T04:35:08.000Z
401760410,40176041013,401760410271,10,3,San Diego State,Mountain West,7,Boise State,Mountain West,7,San Diego State,Boise State,2,"{'minutes': 4, 'seconds': 34}",3,3,27,73,2,12,14,False,Rush,"(04:40) No Huddle-Shotgun #7 L.Sutton rush middle for 14 yards gain to the SDSU41 (#53 M.Notarainni; #21 Z.Washington), 1ST DOWN",2.172457262611692,2025-11-16T04:35:48.000Z
401760410,40176041013,401760410275,10,4,San Diego State,Mountain West,7,Boise State,Mountain West,7,San Diego State,Boise State,2,"{'minutes': 4, 'seconds': 14}",3,3,41,59,1,10,0,False,Pass Incompletion,(04:16) No Huddle-Shotgun #4 J.Denegal pass incomplete short left to #2 J.Napier thrown to SDSU42,-1.1387859939569847,2025-11-16T04:36:15.000Z
401760410,40176041013,401760410278,10,5,San Diego State,Mountain West,7,Boise State,Mountain West,7,San Diego State,Boise State,2,"{'minutes': 4, 'seconds': 5}",3,3,41,59,2,10,4,False,Rush,(04:12) No Huddle-Shotgun #7 L.Sutton rush middle for 4 yards gain to the SDSU45 (#53 M.Notarainni; #19 D.Washington),-0.1411387216590327,2025-11-16T04:36:49.000Z
401760410,40176041013,401760410282,10,6,San Diego State,Mountain West,7,Boise State,Mountain West,7,San Diego State,Boise State,2,"{'minutes': 3, 'seconds': 15}",3,3,45,55,3,6,5,False,Rush,(03:27) No Huddle-Shotgun #4 J.Denegal rush middle for 5 yards gain to the SDSU50 (#41 B.Phelps),0.0655990596017873,2025-11-16T04:37:38.000Z
401760410,40176041013,401760410286,10,8,San Diego State,Mountain West,7,Boise State,Mountain West,7,San Diego State,Boise State,2,"{'minutes': 2, 'seconds': 32}",2,3,50,50,4,1,27,False,Rush,"(02:38) #7 L.Sutton rush left for 27 yards gain to the BSU23 (#0 T.Benefield; #10 D.Ganter Jr.), 1ST DOWN",3.209360327741429,2025-11-16T04:39:48.000Z
401760410,40176041013,401760410291,10,9,San Diego State,Mountain West,7,Boise State,Mountain West,7,San Diego State,Boise State,2,"{'minutes': 1, 'seconds': 53}",2,3,77,23,1,10,8,False,Rush,(01:58) No Huddle-Shotgun #7 L.Sutton rush middle for 8 yards gain to the BSU15 (#53 M.Notarainni; #6 J.Earby),0.4686479074717325,2025-11-16T04:43:29.000Z
401760410,40176041013,401760410295,10,10,San Diego State,Mountain West,7,Boise State,Mountain West,7,San Diego State,Boise State,2,"{'minutes': 1, 'seconds': 30}",2,3,85,15,2,2,7,False,Rush,"(01:34) No Huddle-Shotgun #7 L.Sutton rush middle for 7 yards gain to the BSU08 (#41 B.Phelps; #6 J.Earby), 1ST DOWN",-0.124269798100196,2025-11-16T04:43:53.000Z
401760410,40176041013,401760410299,10,12,San Diego State,Mountain West,7,Boise State,Mountain West,7,San Diego State,Boise State,2,"{'minutes': 1, 'seconds': 23}",2,2,92,8,1,8,1,False,Rush,(01:28) No Huddle-Shotgun #7 L.Sutton rush middle for 1 yard gain to the BSU07 (#0 T.Benefield; #19 D.Washington),-0.287548899318045,2025-11-16T04:47:15.000Z
401760410,40176041013,401760410306,10,14,San Diego State,Mountain West,7,Boise State,Mountain West,7,San Diego State,Boise State,2,"{'minutes': 1, 'seconds': 16}",2,1,93,7,2,7,-1,False,Rush,(01:21) No Huddle-Shotgun #7 L.Sutton rush right for 1 yard loss to the BSU08 (#19 D.Washington),-0.338937716173518,2025-11-16T04:48:43.000Z
401760410,40176041013,401760410311,10,16,San Diego State,Mountain West,14,Boise State,Mountain West,7,San Diego State,Boise State,2,"{'minutes': 1, 'seconds': 10}",2,0,92,8,3,8,8,True,Rushing Touchdown,"(01:13) No Huddle-Shotgun #4 J.Denegal rush middle for 8 yards gain to the BSU00 TOUCHDOWN, clock 01:10 #11 G.Plascencia kick attempt good (H: #39 E.Herranen, LS: #50 T.Chavez)",2.946086184191255,2025-11-16T04:50:07.000Z
401760410,40176041015,401760410319,11,1,San Diego State,Mountain West,14,Boise State,Mountain West,7,San Diego State,Boise State,2,"{'minutes': 1, 'seconds': 10}",2,0,35,65,1,10,0,False,Kickoff,"(01:10) #93 H.Green kickoff 65 yards to the BSU00, Touchback",,2025-11-16T04:50:54.000Z
401760410,40176041015,401760410332,11,4,Boise State,Mountain West,7,San Diego State,Mountain West,14,San Diego State,Boise State,2,"{'minutes': 0, 'seconds': 0}",0,2,69,69,2,4,3,False,End Period,End of 2nd quarter.,-0.356408663001516,2025-11-16T04:55:51.000Z
401760410,40176041015,401760410322,11,2,Boise State,Mountain West,7,San Diego State,Mountain West,14,San Diego State,Boise State,2,"{'minutes': 1, 'seconds': 0}",0,2,75,75,1,10,6,False,Rush,(01:08) Shotgun #24 D.Riley rush right for 6 yards gain to the BSU31 (#41 M.Williams),0.3333748010525683,2025-11-16T04:54:38.000Z
401760410,40176041015,401760410326,11,3,Boise State,Mountain West,7,San Diego State,Mountain West,14,San Diego State,Boise State,2,"{'minutes': 0, 'seconds': 36}",0,2,69,69,2,4,3,False,Rush,(00:36) Shotgun #24 D.Riley rush left for 3 yards gain to the BSU34 (#41 M.Williams; #90 S.Benjamin),-0.356408663001516,2025-11-16T04:55:10.000Z
401760410,40176041017,401760410337,12,1,Boise State,Mountain West,7,San Diego State,Mountain West,14,San Diego State,Boise State,3,"{'minutes': 14, 'seconds': 55}",3,3,65,65,1,10,24,False,Kickoff,(15:00) #35 C.Boomer kickoff 64 yards to the SDSU01 #14 D.Brown return 24 yards to the SDSU25 (#53 M.Notarainni),,2025-11-16T05:17:08.000Z
401760410,40176041017,401760410352,12,4,San Diego State,Mountain West,14,Boise State,Mountain West,7,San Diego State,Boise State,3,"{'minutes': 13, 'seconds': 48}",3,3,46,54,1,10,14,False,Penalty,(13:48) No Huddle-Shotgun #7 L.Sutton rush middle for 4 yards gain (4) to the SDSU50 (#6 J.Earby) PENALTY SDSU Illegal Block in Back (#13 N.Acevedo) 10 yards from BSU50 to SDSU40,,2025-11-16T05:19:52.000Z
401760410,40176041017,401760410377,12,8,San Diego State,Mountain West,14,Boise State,Mountain West,7,San Diego State,Boise State,3,"{'minutes': 11, 'seconds': 54}",3,3,54,46,4,2,0,False,Punt,"(12:00) #93 H.Green punt 46 yards to the BSU00, Touchback",,2025-11-16T05:25:44.000Z
401760410,40176041017,401760410344,12,2,San Diego State,Mountain West,14,Boise State,Mountain West,7,San Diego State,Boise State,3,"{'minutes': 14, 'seconds': 48}",3,3,25,75,1,10,9,False,Rush,(14:53) No Huddle-Shotgun #7 L.Sutton rush middle for 9 yards gain to the SDSU34 (#0 T.Benefield; #7 A.McCoy),1.252308359788624,2025-11-16T05:17:55.000Z
401760410,40176041017,401760410348,12,3,San Diego State,Mountain West,14,Boise State,Mountain West,7,San Diego State,Boise State,3,"{'minutes': 14, 'seconds': 23}",3,3,34,66,2,1,12,False,Rush,"(14:28) No Huddle-Shotgun #7 L.Sutton rush middle for 12 yards gain to the SDSU46 (#0 T.Benefield), 1ST DOWN",0.6405492222474896,2025-11-16T05:18:19.000Z
401760410,40176041017,401760410361,12,5,San Diego State,Mountain West,14,Boise State,Mountain West,7,San Diego State,Boise State,3,"{'minutes': 13, 'seconds': 10}",3,3,40,60,1,16,11,False,Rush,(13:12) No Huddle-Shotgun #7 L.Sutton rush middle for 11 yards gain to the BSU49 (#21 Z.Washington),1.5530014759490918,2025-11-16T05:20:44.000Z
401760410,40176041017,401760410365,12,6,San Diego State,Mountain West,14,Boise State,Mountain West,7,San Diego State,Boise State,3,"{'minutes': 12, 'seconds': 43}",3,3,51,49,2,5,3,False,Rush,(12:46) No Huddle-Shotgun #7 L.Sutton rush middle for 3 yards gain to the BSU46 (#99 M.Madrie),-0.4272211111286756,2025-11-16T05:21:11.000Z
401760410,40176041017,401760410371,12,7,San Diego State,Mountain West,14,Boise State,Mountain West,7,San Diego State,Boise State,3,"{'minutes': 12, 'seconds': 8}",3,3,54,46,3,2,0,False,Pass Incompletion,(12:08) No Huddle-Shotgun #4 J.Denegal pass incomplete deep right to #14 D.Brown thrown to BSU17,-1.1533970527627664,2025-11-16T05:25:08.000Z
401760410,40176041018,401760410402,13,6,Boise State,Mountain West,7,San Diego State,Mountain West,14,San Diego State,Boise State,3,"{'minutes': 8, 'seconds': 44}",3,3,65,65,4,6,0,False,Punt,(08:49) #37 O.Doyle punt 36 yards to the SDSU29 fair catch by #11 M.Welsh at SDSU29,,2025-11-16T05:32:06.000Z
401760410,40176041018,401760410381,13,1,Boise State,Mountain West,7,San Diego State,Mountain West,14,San Diego State,Boise State,3,"{'minutes': 11, 'seconds': 48}",3,3,80,80,1,10,6,False,Rush,(11:52) Shotgun #24 D.Riley rush middle for 6 yards gain to the BSU26 (#9 D.Staley),0.2888240217992033,2025-11-16T05:29:03.000Z
401760410,40176041018,401760410385,13,2,Boise State,Mountain West,7,San Diego State,Mountain West,14,San Diego State,Boise State,3,"{'minutes': 11, 'seconds': 15}",3,3,74,74,2,4,5,False,Rush,"(11:22) #8 M.Sherrod rush right for 5 yards gain to the BSU31 (#1 C.Johnson), 1ST DOWN",0.4899427686908498,2025-11-16T05:29:33.000Z
401760410,40176041018,401760410389,13,3,Boise State,Mountain West,7,San Diego State,Mountain West,14,San Diego State,Boise State,3,"{'minutes': 10, 'seconds': 39}",3,3,69,69,1,10,-1,False,Rush,(10:45) #24 D.Riley rush middle for 1 yard loss to the BSU30 (#2 T.White; #26 D.McDougle),-1.0285266263514474,2025-11-16T05:30:10.000Z
401760410,40176041018,401760410393,13,4,Boise State,Mountain West,7,San Diego State,Mountain West,14,San Diego State,Boise State,3,"{'minutes': 10, 'seconds': 6}",3,3,70,70,2,11,8,False,Rush,"(10:11) Shotgun #24 D.Riley rush right for 8 yards gain to the BSU38, End Of Play",0.5359816394144152,2025-11-16T05:30:44.000Z
401760410,40176041018,401760410398,13,5,Boise State,Mountain West,7,San Diego State,Mountain West,14,San Diego State,Boise State,3,"{'minutes': 9, 'seconds': 20}",3,3,62,62,3,3,-3,False,Rush,(09:27) Shotgun #8 M.Sherrod rush left for 3 yards loss to the BSU35 (#12 O.Chambliss; #6 E.Butler),-0.9344410230431404,2025-11-16T05:31:28.000Z
401760410,40176041019,401760410428,14,6,San Diego State,Mountain West,14,Boise State,Mountain West,7,San Diego State,Boise State,3,"{'minutes': 5, 'seconds': 35}",3,3,59,41,4,8,0,False,Punt,"(05:39) #93 H.Green punt 41 yards to the BSU00, Touchback",,2025-11-16T05:38:17.000Z
401760410,40176041019,401760410406,14,1,San Diego State,Mountain West,14,Boise State,Mountain West,7,San Diego State,Boise State,3,"{'minutes': 8, 'seconds': 38}",3,3,29,71,1,10,5,False,Rush,(08:42) No Huddle-Shotgun #7 L.Sutton rush middle for 5 yards gain to the SDSU34 (#21 Z.Washington; #43 J.Ripp),0.1013807738833972,2025-11-16T05:35:12.000Z
401760410,40176041019,401760410410,14,2,San Diego State,Mountain West,14,Boise State,Mountain West,7,San Diego State,Boise State,3,"{'minutes': 7, 'seconds': 44}",3,3,34,66,2,5,23,False,Pass Reception,"(08:07) No Huddle-Shotgun #4 J.Denegal pass complete short left to #11 M.Welsh caught at BSU48, for 23 yards to the BSU43 (#6 J.Earby), 1ST DOWN",2.321866010940713,2025-11-16T05:35:48.000Z
401760410,40176041019,401760410415,14,3,San Diego State,Mountain West,14,Boise State,Mountain West,7,San Diego State,Boise State,3,"{'minutes': 7, 'seconds': 22}",3,3,57,43,1,10,-3,False,Pass Reception,"(07:32) No Huddle-Shotgun #4 J.Denegal pass complete short right to #11 M.Welsh caught at BSU46, for 3 yards loss to the BSU46 (#20 J.Mickey)",-1.612114323242821,2025-11-16T05:36:22.000Z
401760410,40176041019,401760410420,14,4,San Diego State,Mountain West,14,Boise State,Mountain West,7,San Diego State,Boise State,3,"{'minutes': 6, 'seconds': 47}",3,3,54,46,2,13,4,False,Rush,(06:51) No Huddle-Shotgun #7 L.Sutton rush middle for 4 yards gain to the BSU42 (#0 T.Benefield),-0.1660483735336982,2025-11-16T05:37:04.000Z
401760410,40176041019,401760410424,14,5,San Diego State,Mountain West,14,Boise State,Mountain West,7,San Diego State,Boise State,3,"{'minutes': 6, 'seconds': 7}",3,3,58,42,3,9,1,False,Rush,(06:13) No Huddle-Shotgun #4 J.Denegal rush middle for 1 yard gain to the BSU41 (#53 M.Notarainni),-0.7859425204290851,2025-11-16T05:37:43.000Z
401760410,40176041020,401760410446,15,4,Boise State,Mountain West,7,San Diego State,Mountain West,14,San Diego State,Boise State,3,"{'minutes': 3, 'seconds': 45}",3,3,69,69,1,10,19,False,Penalty,(03:45) Shotgun #26 S.Gaines rush left for 12 yards gain (4) to the BSU43 (#26 D.McDougle) PENALTY BSU Face Mask (#26 S.Gaines) 15 yards from BSU35 to BSU20,,2025-11-16T05:43:43.000Z
401760410,40176041020,401760410468,15,8,Boise State,Mountain West,7,San Diego State,Mountain West,14,San Diego State,Boise State,3,"{'minutes': 1, 'seconds': 16}",3,3,70,70,4,11,0,False,Punt,(01:23) #37 O.Doyle punt 39 yards to the SDSU31,,2025-11-16T05:47:18.000Z
401760410,40176041020,401760410432,15,1,Boise State,Mountain West,7,San Diego State,Mountain West,14,San Diego State,Boise State,3,"{'minutes': 5, 'seconds': 29}",3,3,80,80,1,10,4,False,Rush,(05:33) #26 S.Gaines rush middle for 4 yards gain to the BSU24 (#2 T.White),-0.0884321258012219,2025-11-16T05:41:30.000Z
401760410,40176041020,401760410436,15,2,Boise State,Mountain West,7,San Diego State,Mountain West,14,San Diego State,Boise State,3,"{'minutes': 4, 'seconds': 52}",3,3,76,76,2,6,5,False,Rush,(05:01) #26 S.Gaines rush middle for 5 yards gain to the BSU29 (#2 T.White; #26 D.McDougle),0.0823229332872417,2025-11-16T05:42:02.000Z
401760410,40176041020,401760410440,15,3,Boise State,Mountain West,7,San Diego State,Mountain West,14,San Diego State,Boise State,3,"{'minutes': 4, 'seconds': 19}",3,3,71,71,3,1,2,False,Rush,"(04:24) #14 M.Cutforth rush middle for 2 yards gain to the BSU31 (#12 O.Chambliss), 1ST DOWN",0.7848759830040333,2025-11-16T05:42:39.000Z
401760410,40176041020,401760410455,15,5,Boise State,Mountain West,7,San Diego State,Mountain West,14,San Diego State,Boise State,3,"{'minutes': 3, 'seconds': 13}",3,3,80,80,1,21,0,False,Rush,(03:16) Shotgun #26 S.Gaines rush left for 0 yards to the BSU20 (#90 S.Benjamin; #44 N.King),-0.17858126118571427,2025-11-16T05:45:24.000Z
401760410,40176041020,401760410459,15,6,Boise State,Mountain West,7,San Diego State,Mountain West,14,San Diego State,Boise State,3,"{'minutes': 2, 'seconds': 13}",3,3,80,80,2,21,6,False,Pass Reception,"(02:34) Shotgun #14 M.Cutforth pass complete short middle to #3 L.Caples caught at BSU25, for 6 yards to the BSU26 (#12 O.Chambliss)",0.03584944573345972,2025-11-16T05:46:07.000Z
401760410,40176041020,401760410464,15,7,Boise State,Mountain West,7,San Diego State,Mountain West,14,San Diego State,Boise State,3,"{'minutes': 1, 'seconds': 55}",3,3,74,74,3,15,4,False,Rush,(01:59) Shotgun #8 M.Sherrod rush middle for 4 yards gain to the BSU30 (#2 T.White),-0.02050110064701638,2025-11-16T05:46:42.000Z
401760410,40176041021,401760410514,16,10,San Diego State,Mountain West,17,Boise State,Mountain West,7,San Diego State,Boise State,4,"{'minutes': 10, 'seconds': 51}",3,3,70,30,4,4,47,True,Field Goal Good,"(10:51) #11 G.Plascencia field goal attempt from 47 yards GOOD (H: #39 E.Herranen, LS: #50 T.Chavez), clock 10:51",,2025-11-16T05:59:52.000Z
401760410,40176041021,401760410472,16,1,San Diego State,Mountain West,14,Boise State,Mountain West,7,San Diego State,Boise State,3,"{'minutes': 1, 'seconds': 6}",3,3,31,69,1,10,7,False,Rush,(01:11) No Huddle-Shotgun #7 L.Sutton rush middle for 7 yards gain to the SDSU38 (#41 B.Phelps),0.6816920045798367,2025-11-16T05:50:30.000Z
401760410,40176041021,401760410478,16,2,San Diego State,Mountain West,14,Boise State,Mountain West,7,San Diego State,Boise State,3,"{'minutes': 0, 'seconds': 36}",3,3,38,62,2,3,-1,False,Rush,(00:36) No Huddle-Shotgun #7 L.Sutton rush middle for 1 yard loss to the SDSU37 (#43 J.Ripp),-1.3606698998788607,2025-11-16T05:51:04.000Z
401760410,40176041021,401760410484,16,3,San Diego State,Mountain West,14,Boise State,Mountain West,7,San Diego State,Boise State,3,"{'minutes': 0, 'seconds': 0}",3,3,38,62,2,3,-1,False,End Period,End of 3rd quarter.,-1.3606698998788607,2025-11-16T05:51:44.000Z
401760410,40176041021,401760410488,16,4,San Diego State,Mountain West,14,Boise State,Mountain West,7,San Diego State,Boise State,4,"{'minutes': 14, 'seconds': 47}",3,3,37,63,3,4,14,False,Rush,"(14:59) No Huddle-Shotgun #23 C.Washington rush middle for 14 yards gain to the BSU49 (#41 B.Phelps), 1ST DOWN",2.5239383487768254,2025-11-16T05:55:35.000Z
401760410,40176041021,401760410494,16,5,San Diego State,Mountain West,14,Boise State,Mountain West,7,San Diego State,Boise State,4,"{'minutes': 14, 'seconds': 12}",3,3,51,49,1,10,3,False,Rush,(14:16) No Huddle-Shotgun #23 C.Washington rush right for 3 yards gain to the BSU46 (#6 J.Earby),-0.375732386813203,2025-11-16T05:56:19.000Z
401760410,40176041021,401760410498,16,6,San Diego State,Mountain West,14,Boise State,Mountain West,7,San Diego State,Boise State,4,"{'minutes': 13, 'seconds': 29}",3,3,54,46,2,7,10,False,Rush,"(13:36) No Huddle-Shotgun #21 B.Cardwell rush right for 10 yards gain to the BSU36 (#6 J.Earby), 1ST DOWN",1.1272848434366554,2025-11-16T05:56:58.000Z
401760410,40176041021,401760410502,16,7,San Diego State,Mountain West,14,Boise State,Mountain West,7,San Diego State,Boise State,4,"{'minutes': 12, 'seconds': 56}",3,3,64,36,1,10,2,False,Rush,(13:00) No Huddle-Shotgun #21 B.Cardwell rush middle for 2 yards gain to the BSU34 (#21 Z.Washington; #94 K.Mailoto),-0.3845678420514834,2025-11-16T05:57:34.000Z
401760410,40176041021,401760410506,16,8,San Diego State,Mountain West,14,Boise State,Mountain West,7,San Diego State,Boise State,4,"{'minutes': 12, 'seconds': 13}",3,3,66,34,2,8,3,False,Rush,(12:16) No Huddle-Shotgun #21 B.Cardwell rush middle for 3 yards gain to the BSU31 (#96 L.Sanusi),-0.275882837404776,2025-11-16T05:58:18.000Z
401760410,40176041021,401760410510,16,9,San Diego State,Mountain West,14,Boise State,Mountain West,7,San Diego State,Boise State,4,"{'minutes': 11, 'seconds': 26}",3,3,69,31,3,5,1,False,Rush,(11:37) No Huddle-Shotgun #11 M.Welsh rush left for 1 yard gain to the BSU30 (#0 T.Benefield; #21 Z.Washington),-0.7292425894780196,2025-11-16T05:58:58.000Z
401760410,40176041023,401760410517,17,1,San Diego State,Mountain West,17,Boise State,Mountain West,7,San Diego State,Boise State,4,"{'minutes': 10, 'seconds': 51}",3,3,35,65,1,10,0,False,Kickoff,"(10:51) #11 G.Plascencia kickoff 55 yards to the BSU10, out of bounds at BSU10",,2025-11-16T05:59:56.000Z
401760410,40176041023,401760410545,17,7,San Diego State,Mountain West,17,Boise State,Mountain West,7,San Diego State,Boise State,4,"{'minutes': 7, 'seconds': 46}",2,3,42,58,3,1,0,False,Timeout,"Timeout San Diego State, clock 07:46",,2025-11-16T06:06:53.000Z
401760410,40176041023,401760410543,17,8,Boise State,Mountain West,7,San Diego State,Mountain West,17,San Diego State,Boise State,4,"{'minutes': 7, 'seconds': 43}",3,2,43,43,4,2,10,False,Penalty,"(07:43) #14 M.Cutforth pass complete short left to #80 C.Bates caught at SDSU27, for 19 yards to the SDSU24 (#26 D.McDougle) PENALTY BSU Holding 10 yards from SDSU43 to BSU47. NO PLAY",,2025-11-16T06:08:28.000Z
401760410,40176041023,401760410550,17,9,Boise State,Mountain West,7,San Diego State,Mountain West,17,San Diego State,Boise State,4,"{'minutes': 7, 'seconds': 12}",3,2,53,53,4,12,0,False,Punt,(07:17) #37 O.Doyle punt 39 yards to the SDSU14 fair catch by #11 M.Welsh at SDSU14,,2025-11-16T06:09:02.000Z
401760410,40176041023,401760410521,17,2,Boise State,Mountain West,7,San Diego State,Mountain West,17,San Diego State,Boise State,4,"{'minutes': 10, 'seconds': 34}",3,3,65,65,1,10,9,False,Pass Reception,"(10:48) Shotgun #14 M.Cutforth pass complete short right to #3 L.Caples caught at BSU34, for 9 yards to the BSU44 (#1 C.Johnson)",1.3846699650971743,2025-11-16T06:03:42.000Z
401760410,40176041023,401760410526,17,3,Boise State,Mountain West,7,San Diego State,Mountain West,17,San Diego State,Boise State,4,"{'minutes': 10, 'seconds': 7}",3,3,56,56,2,1,5,False,Rush,"(10:12) Shotgun #24 D.Riley rush middle for 5 yards gain to the BSU49 (#41 M.Williams; #12 O.Chambliss), 1ST DOWN",-0.0653201582987785,2025-11-16T06:04:14.000Z
401760410,40176041023,401760410530,17,4,Boise State,Mountain West,7,San Diego State,Mountain West,17,San Diego State,Boise State,4,"{'minutes': 9, 'seconds': 35}",3,3,51,51,1,10,5,False,Rush,(09:38) #24 D.Riley rush middle for 5 yards gain to the SDSU46 (#42 B.Anderson),0.1032144590601496,2025-11-16T06:04:46.000Z
401760410,40176041023,401760410534,17,5,Boise State,Mountain West,7,San Diego State,Mountain West,17,San Diego State,Boise State,4,"{'minutes': 8, 'seconds': 37}",3,3,46,46,2,5,4,False,Pass Reception,"(08:59) Shotgun #14 M.Cutforth pass complete short left to #88 M.Wagner caught at SDSU48, for 4 yards to the SDSU42 (#91 A.Comier)",-0.1442981369059791,2025-11-16T06:05:28.000Z
401760410,40176041023,401760410539,17,6,Boise State,Mountain West,7,San Diego State,Mountain West,17,San Diego State,Boise State,4,"{'minutes': 8, 'seconds': 15}",3,3,42,42,3,1,-1,False,Rush,(08:19) #24 D.Riley rush middle for 1 yard loss to the SDSU43 (#41 M.Williams),-1.417767856074633,2025-11-16T06:06:06.000Z
401760410,40176041024,401760410595,18,7,Boise State,Mountain West,7,San Diego State,Mountain West,17,San Diego State,Boise State,4,"{'minutes': 3, 'seconds': 58}",2,2,27,27,2,10,0,False,Timeout,"Timeout Boise State, clock 03:58",,2025-11-16T06:18:49.000Z
401760410,40176041024,401760410585,18,9,Boise State,Mountain West,7,San Diego State,Mountain West,17,San Diego State,Boise State,4,"{'minutes': 3, 'seconds': 54}",1,2,40,40,3,11,0,False,Timeout,"Timeout Boise State, clock 03:54",,2025-11-16T06:17:05.000Z
401760410,40176041024,401760410594,18,11,Boise State,Mountain West,7,San Diego State,Mountain West,17,San Diego State,Boise State,4,"{'minutes': 3, 'seconds': 48}",0,2,27,27,2,10,0,False,Timeout,"Timeout Boise State, clock 03:48",,2025-11-16T06:18:23.000Z
401760410,40176041024,401760410592,18,12,San Diego State,Mountain West,17,Boise State,Mountain West,7,San Diego State,Boise State,4,"{'minutes': 3, 'seconds': 38}",2,0,42,58,4,6,0,False,Punt,(03:45) #93 H.Green punt 39 yards to the BSU19,,2025-11-16T06:19:22.000Z
401760410,40176041024,401760410554,18,1,San Diego State,Mountain West,17,Boise State,Mountain West,7,San Diego State,Boise State,4,"{'minutes': 7, 'seconds': 5}",2,3,14,86,1,10,6,False,Rush,(07:10) No Huddle-Shotgun #7 L.Sutton rush middle for 6 yards gain to the SDSU20 (#95 M.Stege),0.2392954147189048,2025-11-16T06:12:11.000Z
401760410,40176041024,401760410558,18,2,San Diego State,Mountain West,17,Boise State,Mountain West,7,San Diego State,Boise State,4,"{'minutes': 6, 'seconds': 21}",2,3,20,80,2,4,7,False,Rush,"(06:28) No Huddle-Shotgun #7 L.Sutton rush middle for 7 yards gain to the SDSU27 (#20 J.Mickey), 1ST DOWN",0.4880559673880578,2025-11-16T06:12:54.000Z
401760410,40176041024,401760410562,18,3,San Diego State,Mountain West,17,Boise State,Mountain West,7,San Diego State,Boise State,4,"{'minutes': 5, 'seconds': 40}",2,3,27,73,1,10,0,False,Rush,(05:43) No Huddle-Shotgun #7 L.Sutton rush middle for 0 yards to the SDSU27 (#43 J.Ripp),-0.766047035673644,2025-11-16T06:13:38.000Z
401760410,40176041024,401760410586,18,4,San Diego State,Mountain West,17,Boise State,Mountain West,7,San Diego State,Boise State,4,"{'minutes': 5, 'seconds': 0}",2,3,27,73,2,10,4,False,Rush,(05:00) No Huddle-Shotgun #7 L.Sutton rush right for 4 yards gain to the SDSU31 (#53 M.Notarainni),-0.07060085373078628,2025-11-16T06:17:39.000Z
401760410,40176041024,401760410570,18,5,San Diego State,Mountain West,17,Boise State,Mountain West,7,San Diego State,Boise State,4,"{'minutes': 4, 'seconds': 28}",2,3,31,69,3,6,7,False,Rush,"(04:36) No Huddle-Shotgun #7 L.Sutton rush middle for 7 yards gain to the SDSU38 (#92 D.Latu), 1ST DOWN",1.8163596829468762,2025-11-16T06:14:44.000Z
401760410,40176041024,401760410574,18,6,San Diego State,Mountain West,17,Boise State,Mountain West,7,San Diego State,Boise State,4,"{'minutes': 3, 'seconds': 58}",2,3,38,62,2,13,2,False,Pass Reception,"(03:59) No Huddle-Shotgun #4 J.Denegal pass complete short left to #11 M.Welsh caught at SDSU36, for 2 yards to the SDSU40, End Of Play",-0.3601690961685354,2025-11-16T06:15:25.000Z
401760410,40176041024,401760410579,18,8,San Diego State,Mountain West,17,Boise State,Mountain West,7,San Diego State,Boise State,4,"{'minutes': 3, 'seconds': 54}",2,2,40,60,3,11,1,False,Rush,(03:56) No Huddle-Shotgun #23 C.Washington rush middle for 1 yard gain to the SDSU41 (#43 J.Ripp),-0.3196413864841139,2025-11-16T06:16:52.000Z
401760410,40176041024,401760410583,18,10,San Diego State,Mountain West,17,Boise State,Mountain West,7,San Diego State,Boise State,4,"{'minutes': 3, 'seconds': 48}",2,1,41,59,3,7,1,False,Rush,(03:52) No Huddle-Shotgun #23 C.Washington rush left for 1 yard gain to the SDSU42 (#41 B.Phelps),-0.47047421191618705,2025-11-16T06:18:10.000Z
401760410,40176041025,401760410628,19,8,Boise State,Mountain West,7,San Diego State,Mountain West,17,San Diego State,Boise State,4,"{'minutes': 1, 'seconds': 55}",0,2,26,26,1,10,15,False,Penalty,(01:55) Shotgun #14 M.Cutforth pass incomplete short right thrown to SDSU15 PENALTY BSU Personal Foul 15 yards from SDSU26 to SDSU41. NO PLAY,,2025-11-16T06:29:06.000Z
401760410,40176041025,401760410645,19,12,San Diego State,Mountain West,17,Boise State,Mountain West,7,San Diego State,Boise State,4,"{'minutes': 1, 'seconds': 25}",1,0,24,76,3,8,0,False,Timeout,"Timeout San Diego State, clock 01:25",,2025-11-16T06:31:40.000Z
401760410,40176041025,401760410643,19,13,Boise State,Mountain West,7,San Diego State,Mountain West,17,San Diego State,Boise State,4,"{'minutes': 1, 'seconds': 20}",0,1,24,24,4,8,41,False,Field Goal Missed,"(01:23) #35 C.Boomer field goal attempt from 41 yards NO GOOD (H: #37 O.Doyle, LS: #42 M.Hutton), clock 01:20",,2025-11-16T06:32:33.000Z
401760410,40176041025,401760410617,19,5,Boise State,Mountain West,7,San Diego State,Mountain West,17,San Diego State,Boise State,4,"{'minutes': 2, 'seconds': 9}",0,2,40,40,1,10,0,False,Pass Incompletion,(02:09) Shotgun #14 M.Cutforth pass incomplete short right to #13 C.Penry thrown to SDSU35 broken up by #1 C.Johnson,-0.8457687366186873,2025-11-16T06:24:14.000Z
401760410,40176041025,401760410620,19,6,Boise State,Mountain West,7,San Diego State,Mountain West,17,San Diego State,Boise State,4,"{'minutes': 2, 'seconds': 3}",0,2,40,40,2,10,0,False,Pass Incompletion,(02:06) Shotgun #14 M.Cutforth pass incomplete short left to #85 M.Lauter thrown to SDSU34,-1.0264463089218037,2025-11-16T06:24:56.000Z
401760410,40176041025,401760410623,19,7,Boise State,Mountain West,7,San Diego State,Mountain West,17,San Diego State,Boise State,4,"{'minutes': 1, 'seconds': 57}",0,2,40,40,3,10,14,False,Pass Reception,"(02:01) Shotgun #14 M.Cutforth pass complete short middle to #13 C.Penry caught at SDSU27, for 14 yards to the SDSU26 (#26 D.McDougle), 1ST DOWN",2.3412620670696516,2025-11-16T06:25:37.000Z
401760410,40176041025,401760410632,19,9,Boise State,Mountain West,7,San Diego State,Mountain West,17,San Diego State,Boise State,4,"{'minutes': 1, 'seconds': 46}",0,2,41,41,1,25,0,False,Pass Incompletion,(01:50) Shotgun #14 M.Cutforth pass incomplete short middle thrown to SDSU31 broken up by #33 B.Nassar QB hurried by #33 B.Nassar,-0.9815642458919792,2025-11-16T06:29:57.000Z
401760410,40176041025,401760410635,19,10,Boise State,Mountain West,7,San Diego State,Mountain West,17,San Diego State,Boise State,4,"{'minutes': 1, 'seconds': 26}",0,2,41,41,2,25,17,False,Pass Reception,"(01:41) Shotgun #14 M.Cutforth pass complete short right to #13 C.Penry caught at SDSU25, for 17 yards to the SDSU24 (#1 C.Johnson; #31 J.Badie)",2.3361418728370786,2025-11-16T06:30:39.000Z
401760410,40176041025,401760410598,19,1,Boise State,Mountain West,7,San Diego State,Mountain West,17,San Diego State,Boise State,4,"{'minutes': 3, 'seconds': 21}",0,2,81,81,1,10,19,False,Pass Reception,"(03:34) Shotgun #14 M.Cutforth pass complete short right to #13 C.Penry caught at BSU38, for 19 yards to the BSU38 (#9 D.Staley), 1ST DOWN",1.485615880323306,2025-11-16T06:22:30.000Z
401760410,40176041025,401760410603,19,2,Boise State,Mountain West,7,San Diego State,Mountain West,17,San Diego State,Boise State,4,"{'minutes': 3, 'seconds': 8}",0,2,62,62,1,10,0,False,Rush,"(03:11) Shotgun #14 M.Cutforth rush right for 0 yards to the BSU38 (#2 T.White), out of bounds",-1.087995077167328,2025-11-16T06:23:03.000Z
401760410,40176041025,401760410607,19,3,Boise State,Mountain West,7,San Diego State,Mountain West,17,San Diego State,Boise State,4,"{'minutes': 2, 'seconds': 33}",0,2,62,62,2,10,9,False,Pass Reception,"(02:44) Shotgun #14 M.Cutforth pass complete short right to #3 L.Caples caught at BSU47, for 9 yards to the BSU47 (#1 C.Johnson)",1.0314656054463285,2025-11-16T06:23:36.000Z
401760410,40176041025,401760410612,19,4,Boise State,Mountain West,7,San Diego State,Mountain West,17,San Diego State,Boise State,4,"{'minutes': 2, 'seconds': 11}",0,2,53,53,3,1,13,False,Pass Reception,"(02:28) Shotgun #14 M.Cutforth pass complete short left to #3 L.Caples caught at SDSU40, for 13 yards to the SDSU40, End Of Play, 1ST DOWN",1.820483968463149,2025-11-16T06:23:55.000Z
401760410,40176041025,401760410640,19,11,Boise State,Mountain West,7,San Diego State,Mountain West,17,San Diego State,Boise State,4,"{'minutes': 1, 'seconds': 25}",0,2,24,24,3,8,0,False,Pass Incompletion,(01:25) Shotgun #14 M.Cutforth pass incomplete short right thrown to SDSU18,-0.8012286376069558,2025-11-16T06:31:06.000Z
401760410,40176041026,401760410659,20,4,San Diego State,Mountain West,17,Boise State,Mountain West,7,San Diego State,Boise State,4,"{'minutes': 0, 'seconds': 0}",1,0,22,78,3,12,-1,False,End Period,End of 4th quarter.,-0.11795138803595417,2025-11-16T06:35:10.000Z
401760410,40176041026,401760410648,20,1,San Diego State,Mountain West,17,Boise State,Mountain West,7,San Diego State,Boise State,4,"{'minutes': 1, 'seconds': 14}",1,0,24,76,1,10,-1,False,Rush,(01:19) Kneel down by #4 J.Denegal at SDSU23 for loss of 1 yard,-0.7658209053976721,2025-11-16T06:33:49.000Z
401760410,40176041026,401760410651,20,2,San Diego State,Mountain West,17,Boise State,Mountain West,7,San Diego State,Boise State,4,"{'minutes': 0, 'seconds': 40}",1,0,23,77,2,11,-1,False,Rush,(01:03) Kneel down by #4 J.Denegal at SDSU22 for loss of 1 yard,-0.3133930381780834,2025-11-16T06:34:04.000Z
401760410,40176041026,401760410654,20,3,San Diego State,Mountain West,17,Boise State,Mountain West,7,San Diego State,Boise State,4,"{'minutes': 0, 'seconds': 14}",1,0,22,78,3,12,-1,False,Rush,(00:14) Kneel down by #4 J.Denegal at SDSU21 for loss of 1 yard,-0.11795138803595417,2025-11-16T06:34:54.000Z
401760416,4017604162,4017604163,1,1,Colorado State,Mountain West,0,Boise State,Mountain West,0,Boise State,Colorado State,1,"{'minutes': 14, 'seconds': 56}",3,3,65,65,1,10,12,False,Kickoff,(15:00) #98 I.Hankins kickoff 56 yards to the BOI09 #8 M.Sherrod return 12 yards to the BOI21 (#12 J.Bellah),,2025-11-23T00:10:32.000Z
401760416,4017604162,40176041614,1,2,Boise State,Mountain West,0,Colorado State,Mountain West,0,Boise State,Colorado State,1,"{'minutes': 14, 'seconds': 51}",3,3,21,79,1,10,0,False,Pass Incompletion,(14:56) #14 M.Cutforth pass incomplete short middle to #80 C.Bates thrown to BOI35,-0.585616097616759,2025-11-23T00:11:17.000Z
401760416,4017604162,40176041617,1,3,Boise State,Mountain West,0,Colorado State,Mountain West,0,Boise State,Colorado State,1,"{'minutes': 14, 'seconds': 46}",3,3,21,79,2,10,1,False,Rush,(14:51) Shotgun #24 D.Riley rush right for 1 yard gain to the BOI22 (#56 K.Agurs),-0.23310737334016896,2025-11-23T00:11:49.000Z
401760416,4017604162,40176041621,1,4,Boise State,Mountain West,0,Colorado State,Mountain West,0,Boise State,Colorado State,1,"{'minutes': 13, 'seconds': 53}",3,3,22,78,3,9,13,False,Pass Reception,"(14:07) Shotgun #14 M.Cutforth pass complete short middle to #3 L.Caples caught at BOI34, for 13 yards to the BOI35, End Of Play, 1ST DOWN",1.906541250082749,2025-11-23T00:12:34.000Z
401760416,4017604162,40176041626,1,5,Boise State,Mountain West,0,Colorado State,Mountain West,0,Boise State,Colorado State,1,"{'minutes': 13, 'seconds': 28}",3,3,35,65,1,10,2,False,Rush,(13:33) Shotgun #8 M.Sherrod rush left for 2 yards gain to the BOI37 (#55 A.Laurich),-0.63079683335922,2025-11-23T00:13:07.000Z
401760416,4017604162,40176041630,1,6,Boise State,Mountain West,0,Colorado State,Mountain West,0,Boise State,Colorado State,1,"{'minutes': 12, 'seconds': 50}",3,3,37,63,2,8,16,False,Pass Reception,"(12:58) Shotgun #14 M.Cutforth pass complete short middle to #3 L.Caples caught at BOI50, for 16 yards to the CSU47 (#12 J.Bellah), 1ST DOWN",2.260311602784125,2025-11-23T00:13:42.000Z
401760416,4017604162,40176041635,1,7,Boise State,Mountain West,0,Colorado State,Mountain West,0,Boise State,Colorado State,1,"{'minutes': 12, 'seconds': 37}",3,3,53,47,1,10,2,False,Rush,(12:40) No Huddle-Shotgun #24 D.Riley rush middle for 2 yards gain to the CSU45 (#45 R.Edmonson),-0.583582209593514,2025-11-23T00:13:59.000Z
401760416,4017604162,40176041639,1,8,Boise State,Mountain West,0,Colorado State,Mountain West,0,Boise State,Colorado State,1,"{'minutes': 12, 'seconds': 0}",3,3,55,45,2,8,2,False,Rush,(12:05) Shotgun #24 D.Riley rush middle for 2 yards gain to the CSU43 (#12 J.Bellah),-0.6320106339783856,2025-11-23T00:14:33.000Z
401760416,4017604162,40176041643,1,9,Boise State,Mountain West,0,Colorado State,Mountain West,0,Boise State,Colorado State,1,"{'minutes': 11, 'seconds': 31}",3,3,57,43,3,6,12,False,Pass Reception,"(11:40) Shotgun #14 M.Cutforth pass complete short left to #26 S.Gaines caught at CSU41, for 12 yards to the CSU31 (#12 J.Bellah), 1ST DOWN",1.9868489147653816,2025-11-23T00:14:59.000Z
401760416,4017604162,40176041648,1,10,Boise State,Mountain West,0,Colorado State,Mountain West,0,Boise State,Colorado State,1,"{'minutes': 11, 'seconds': 7}",3,3,69,31,1,10,13,False,Rush,"(11:12) #26 S.Gaines rush middle for 13 yards gain to the CSU18 (#13 J.Jarmolowich), 1ST DOWN",0.250153461002357,2025-11-23T00:15:27.000Z
401760416,4017604162,40176041652,1,11,Boise State,Mountain West,0,Colorado State,Mountain West,0,Boise State,Colorado State,1,"{'minutes': 10, 'seconds': 47}",3,3,82,18,1,10,4,False,Rush,(10:52) #26 S.Gaines rush middle for 4 yards gain to the CSU14 (#12 J.Bellah),-0.023063540640796,2025-11-23T00:15:48.000Z
401760416,4017604162,40176041656,1,12,Boise State,Mountain West,0,Colorado State,Mountain West,0,Boise State,Colorado State,1,"{'minutes': 10, 'seconds': 7}",3,3,86,14,2,6,8,False,Rush,"(10:15) Shotgun #24 D.Riley rush right for 8 yards gain to the CSU06 (#7 L.Joe; #44 J.Ellis), 1ST DOWN",0.56236647864611,2025-11-23T00:16:24.000Z
401760416,4017604162,40176041660,1,13,Boise State,Mountain West,0,Colorado State,Mountain West,0,Boise State,Colorado State,1,"{'minutes': 9, 'seconds': 32}",3,3,94,6,1,6,3,False,Rush,(09:38) #24 D.Riley rush middle for 3 yards gain to the CSU03 (#40 O.Long),-0.158934842894816,2025-11-23T00:17:03.000Z
401760416,4017604162,40176041664,1,14,Boise State,Mountain West,0,Colorado State,Mountain West,0,Boise State,Colorado State,1,"{'minutes': 8, 'seconds': 59}",3,3,97,3,2,3,0,False,Pass Incompletion,(09:09) #14 M.Cutforth pass incomplete short left to #85 M.Lauter thrown to CSU00,-0.413137785818898,2025-11-23T00:17:39.000Z
401760416,4017604162,40176041667,1,15,Boise State,Mountain West,7,Colorado State,Mountain West,0,Boise State,Colorado State,1,"{'minutes': 8, 'seconds': 55}",3,3,97,3,3,3,3,True,Rushing Touchdown,"(08:59) #26 S.Gaines rush left for 3 yards gain to the CSU00 TOUCHDOWN, clock 08:55 #35 C.Boomer kick attempt good (H: #37 O.Doyle, LS: #42 M.Hutton)",2.624562399778991,2025-11-23T00:18:14.000Z
401760416,4017604164,40176041674,2,1,Boise State,Mountain West,7,Colorado State,Mountain West,0,Boise State,Colorado State,1,"{'minutes': 8, 'seconds': 55}",3,3,35,65,1,10,0,False,Kickoff,"(08:55) #35 C.Boomer kickoff 65 yards to the CSU00, Touchback",,2025-11-23T00:18:57.000Z
401760416,4017604164,40176041677,2,2,Colorado State,Mountain West,0,Boise State,Mountain West,7,Boise State,Colorado State,1,"{'minutes': 8, 'seconds': 52}",3,3,75,75,1,10,0,False,Pass Incompletion,(08:52) Shotgun #3 D.Curry pass incomplete short right to #24 J.Kinnard thrown to CSU22,-0.7029700220436519,2025-11-23T00:22:50.000Z
401760416,4017604164,40176041680,2,3,Colorado State,Mountain West,0,Boise State,Mountain West,7,Boise State,Colorado State,1,"{'minutes': 8, 'seconds': 46}",3,3,75,75,2,10,8,False,Pass Reception,"(08:50) No Huddle-Shotgun #3 D.Curry pass complete short right to #81 R.Beers caught at CSU30, for 8 yards to the CSU33 (#0 T.Benefield), out of bounds",0.4833825674180429,2025-11-23T00:23:20.000Z
401760416,4017604164,40176041685,2,4,Colorado State,Mountain West,0,Boise State,Mountain West,7,Boise State,Colorado State,1,"{'minutes': 8, 'seconds': 17}",3,3,67,67,3,2,3,False,Rush,"(08:21) No Huddle-Shotgun #20 J.Marshall rush middle for 3 yards gain to the CSU36 (#53 M.Notarainni), 1ST DOWN",1.1501499665715995,2025-11-23T00:23:56.000Z
401760416,4017604164,40176041689,2,5,Colorado State,Mountain West,0,Boise State,Mountain West,7,Boise State,Colorado State,1,"{'minutes': 7, 'seconds': 51}",3,3,64,64,1,10,15,False,Penalty,"(07:51) No Huddle-Shotgun #3 D.Curry pass complete short left to #24 J.Kinnard caught at CSU33, for 2 yards loss to the CSU34 (#53 M.Notarainni) PENALTY BOI Face Mask (#0 T.Benefield) 15 yards from CSU36 to BOI49, 1ST DOWN. NO PLAY",,2025-11-23T00:24:49.000Z
401760416,4017604164,40176041695,2,6,Colorado State,Mountain West,0,Boise State,Mountain West,7,Boise State,Colorado State,1,"{'minutes': 7, 'seconds': 16}",3,3,49,49,1,10,1,False,Rush,(07:19) No Huddle-Shotgun #3 D.Curry rush right for 1 yard gain to the BOI48 (#53 M.Notarainni),-0.8564651345494897,2025-11-23T00:25:33.000Z
401760416,4017604164,40176041699,2,7,Colorado State,Mountain West,0,Boise State,Mountain West,7,Boise State,Colorado State,1,"{'minutes': 6, 'seconds': 48}",3,3,48,48,2,9,4,False,Rush,"(06:54) No Huddle-Shotgun #3 D.Curry rush right for 4 yards gain to the BOI44 (#21 Z.Washington), out of bounds",-0.1648202490093205,2025-11-23T00:26:03.000Z
401760416,4017604164,401760416103,2,8,Colorado State,Mountain West,0,Boise State,Mountain West,7,Boise State,Colorado State,1,"{'minutes': 6, 'seconds': 19}",3,3,44,44,3,5,14,False,Pass Reception,"(06:24) No Huddle-Shotgun #3 D.Curry pass complete short middle to #25 L.Avant caught at BOI45, for 14 yards to the BOI30 (#14 D.Freeney), 1ST DOWN, PENALTY BOI Roughing The Passer (#90 B.Fely) 15 yards from BOI30 to BOI15, 1ST DOWN",1.9693728022732875,2025-11-23T00:26:38.000Z
401760416,4017604164,401760416109,2,9,Colorado State,Mountain West,0,Boise State,Mountain West,7,Boise State,Colorado State,1,"{'minutes': 5, 'seconds': 53}",3,3,15,15,1,10,12,False,Pass Reception,"(06:02) No Huddle-Shotgun #3 D.Curry pass complete short left to #8 L.Brown caught at BOI05, for 12 yards to the BOI03 (#21 Z.Washington), 1ST DOWN",1.093747356833746,2025-11-23T00:27:44.000Z
401760416,4017604164,401760416114,2,10,Colorado State,Mountain West,7,Boise State,Mountain West,7,Boise State,Colorado State,1,"{'minutes': 5, 'seconds': 27}",3,3,3,3,1,3,3,True,Passing Touchdown,"(05:31) No Huddle-Shotgun #3 D.Curry pass complete short right to #81 R.Beers caught at BOI02, for 3 yards to the BOI00 TOUCHDOWN, clock 05:27 #98 I.Hankins kick attempt good (H: #83 B.Hansen, LS: #56 W.Himebauch)",1.464451732731337,2025-11-23T00:28:19.000Z
401760416,4017604166,401760416122,3,1,Colorado State,Mountain West,7,Boise State,Mountain West,7,Boise State,Colorado State,1,"{'minutes': 5, 'seconds': 22}",3,3,65,65,1,10,18,False,Kickoff,(05:27) #98 I.Hankins kickoff 60 yards to the BOI05 #8 M.Sherrod return 18 yards to the BOI23 (#45 R.Edmonson),,2025-11-23T00:32:08.000Z
401760416,4017604166,401760416127,3,2,Boise State,Mountain West,7,Colorado State,Mountain West,7,Boise State,Colorado State,1,"{'minutes': 5, 'seconds': 16}",3,3,23,77,1,10,4,False,Rush,(05:21) #24 D.Riley rush right for 4 yards gain to the BOI27 (#49 J.Tafia),-0.1037214304952529,2025-11-23T00:32:50.000Z
401760416,4017604166,401760416131,3,3,Boise State,Mountain West,7,Colorado State,Mountain West,7,Boise State,Colorado State,1,"{'minutes': 4, 'seconds': 51}",3,3,27,73,2,6,3,False,Pass Reception,"(05:00) No Huddle-Shotgun #14 M.Cutforth pass complete short right to #24 D.Riley caught at BOI24, for 3 yards to the BOI30 (#12 J.Bellah)",-0.2512051632983425,2025-11-23T00:33:10.000Z
401760416,4017604166,401760416136,3,4,Boise State,Mountain West,7,Colorado State,Mountain West,7,Boise State,Colorado State,1,"{'minutes': 4, 'seconds': 12}",3,3,30,70,3,3,-11,False,Sack,(04:19) No Huddle-Shotgun #14 M.Cutforth sacked for loss of 11 yards to the BOI19 (#52 P.Tangelo),-0.7923457912389376,2025-11-23T00:33:53.000Z
401760416,4017604166,401760416140,3,5,Boise State,Mountain West,7,Colorado State,Mountain West,7,Boise State,Colorado State,1,"{'minutes': 3, 'seconds': 37}",3,3,19,81,4,14,3,False,Punt Return,(03:46) #37 O.Doyle punt 56 yards to the CSU25 #24 J.Kinnard return 3 yards to the CSU28 (#0 T.Benefield),,2025-11-23T00:34:33.000Z
401760416,4017604167,401760416146,4,1,Colorado State,Mountain West,7,Boise State,Mountain West,7,Boise State,Colorado State,1,"{'minutes': 3, 'seconds': 32}",3,3,72,72,1,10,-1,False,Rush,(03:37) Shotgun #25 L.Avant rush left for 1 yard loss to the CSU27 (#95 M.Stege),-0.9133346639440578,2025-11-23T00:37:31.000Z
401760416,4017604167,401760416150,4,2,Colorado State,Mountain West,7,Boise State,Mountain West,7,Boise State,Colorado State,1,"{'minutes': 3, 'seconds': 2}",3,3,73,73,2,11,0,False,Pass Incompletion,(03:06) No Huddle-Shotgun #3 D.Curry pass incomplete short right to #10 T.Maher thrown to CSU43,-0.3515213419470049,2025-11-23T00:38:03.000Z
401760416,4017604167,401760416153,4,3,Colorado State,Mountain West,7,Boise State,Mountain West,7,Boise State,Colorado State,1,"{'minutes': 2, 'seconds': 55}",3,3,73,73,3,11,3,False,Pass Reception,"(03:03) No Huddle-Shotgun #3 D.Curry pass complete short middle to #6 T.Lanier caught at CSU30, for 3 yards to the CSU30 (#95 M.Stege)",-0.07319438863446236,2025-11-23T00:38:36.000Z
401760416,4017604167,401760416158,4,4,Colorado State,Mountain West,7,Boise State,Mountain West,7,Boise State,Colorado State,1,"{'minutes': 2, 'seconds': 23}",3,3,70,70,4,8,0,False,Punt,(02:23) #83 B.Hansen punt 32 yards to the BOI38,,2025-11-23T00:39:18.000Z
401760416,4017604168,401760416162,5,1,Boise State,Mountain West,7,Colorado State,Mountain West,7,Boise State,Colorado State,1,"{'minutes': 2, 'seconds': 16}",3,3,38,62,1,10,0,False,Pass Incompletion,(02:23) #14 M.Cutforth pass incomplete deep middle to #80 C.Bates thrown to CSU20,-1.087995077167328,2025-11-23T00:42:29.000Z
401760416,4017604168,401760416165,5,2,Boise State,Mountain West,7,Colorado State,Mountain West,7,Boise State,Colorado State,1,"{'minutes': 2, 'seconds': 11}",3,3,38,62,2,10,13,False,Fumble Recovery (Opponent),"(02:17) Shotgun #14 M.Cutforth pass complete short left to #3 L.Caples caught at BOI44, for 13 yards to the CSU49 fumbled by #3 L.Caples at BOI49 forced by #40 O.Long recovered by CSU #7 L.Joe at CSU49, End Of Play",-0.9590012821531815,2025-11-23T00:43:18.000Z
401760416,4017604169,401760416173,6,1,Colorado State,Mountain West,7,Boise State,Mountain West,7,Boise State,Colorado State,1,"{'minutes': 2, 'seconds': 3}",3,3,51,51,1,10,5,False,Pass Reception,"(02:11) Shotgun #3 D.Curry pass complete short right to #25 L.Avant caught at CSU49, for 5 yards to the BOI46 (#21 Z.Washington)",0.1032144590601496,2025-11-23T00:44:13.000Z
401760416,4017604169,401760416178,6,2,Colorado State,Mountain West,7,Boise State,Mountain West,7,Boise State,Colorado State,1,"{'minutes': 1, 'seconds': 49}",3,3,46,46,2,5,1,False,Rush,(01:52) No Huddle-Shotgun #25 L.Avant rush middle for 1 yard gain to the BOI45 (#95 M.Stege),-0.9116033523581566,2025-11-23T00:44:34.000Z
401760416,4017604169,401760416182,6,3,Colorado State,Mountain West,7,Boise State,Mountain West,7,Boise State,Colorado State,1,"{'minutes': 1, 'seconds': 20}",3,3,45,45,3,4,0,False,Pass Incompletion,(01:25) No Huddle-Shotgun #3 D.Curry pass incomplete deep left to #10 T.Maher thrown to BOI24,-1.084653861890837,2025-11-23T00:45:01.000Z
401760416,4017604169,401760416185,6,4,Colorado State,Mountain West,7,Boise State,Mountain West,7,Boise State,Colorado State,1,"{'minutes': 1, 'seconds': 10}",3,3,45,45,4,4,0,False,Punt,(01:10) #83 B.Hansen punt 43 yards to the BOI02,,2025-11-23T00:45:51.000Z
401760416,40176041610,401760416189,7,1,Boise State,Mountain West,7,Colorado State,Mountain West,7,Boise State,Colorado State,1,"{'minutes': 1, 'seconds': 4}",3,3,2,98,1,10,4,False,Rush,(01:10) #26 S.Gaines rush middle for 4 yards gain to the BOI06 (#12 J.Bellah),-0.028184277766515997,2025-11-23T00:46:34.000Z
401760416,40176041610,401760416193,7,2,Boise State,Mountain West,7,Colorado State,Mountain West,7,Boise State,Colorado State,1,"{'minutes': 0, 'seconds': 38}",3,3,6,94,2,6,18,False,Rush,"(00:40) #26 S.Gaines rush middle for 18 yards gain to the BOI24 (#17 C.Blocker), out of bounds, 1ST DOWN",0.857748235251452,2025-11-23T00:47:02.000Z
401760416,40176041610,401760416197,7,3,Boise State,Mountain West,7,Colorado State,Mountain West,7,Boise State,Colorado State,1,"{'minutes': 0, 'seconds': 11}",3,3,24,76,1,10,15,False,Rush,"(00:11) Shotgun #26 S.Gaines rush middle for 15 yards gain to the BOI39, out of bounds at BOI39, 1ST DOWN",1.2906023069509247,2025-11-23T00:47:40.000Z
401760416,40176041610,401760416203,7,4,Boise State,Mountain West,7,Colorado State,Mountain West,7,Boise State,Colorado State,1,"{'minutes': 0, 'seconds': 0}",3,3,24,76,1,10,15,False,End Period,End of 1st quarter.,1.2906023069509247,2025-11-23T00:47:59.000Z
401760416,40176041610,401760416207,7,5,Boise State,Mountain West,7,Colorado State,Mountain West,7,Boise State,Colorado State,2,"{'minutes': 15, 'seconds': 0}",3,3,39,61,1,10,1,False,Rush,(15:00) Shotgun #26 S.Gaines rush right for 1 yard gain to the BOI40 (#91 M.Tuitele),-0.9002974178644043,2025-11-23T00:51:18.000Z
401760416,40176041610,401760416222,7,6,Boise State,Mountain West,7,Colorado State,Mountain West,7,Boise State,Colorado State,2,"{'minutes': 15, 'seconds': 0}",3,3,40,60,2,9,8,False,Pass Reception,"Shotgun #14 M.Cutforth pass complete short left to #3 L.Caples caught at BOI43, for 8 yards to the BOI48, out of bounds at BOI48. The previous play is under automatic review - ""Proper down"". CALL OVERTURNED. (Original Play: Shotgun #14 M.Cutforth pass complete short left to #3 L.Caples for 8 yards to the BOI48, out of bounds at BOI48)",0.8432381384610856,2025-11-23T00:54:46.000Z
401760416,40176041610,401760416228,7,7,Boise State,Mountain West,7,Colorado State,Mountain West,7,Boise State,Colorado State,2,"{'minutes': 15, 'seconds': 0}",3,3,48,52,3,1,3,False,Rush,"#26 S.Gaines rush middle for 3 yards gain to the CSU49 (#45 R.Edmonson), 1ST DOWN",1.1497447642309364,2025-11-23T00:55:03.000Z
401760416,40176041610,401760416232,7,8,Boise State,Mountain West,7,Colorado State,Mountain West,7,Boise State,Colorado State,2,"{'minutes': 15, 'seconds': 0}",3,3,51,49,1,10,4,False,Rush,#26 S.Gaines rush right for 4 yards gain to the CSU45 (#11 J.Naborne; #56 K.Agurs),-0.1369390380115582,2025-11-23T00:55:38.000Z
401760416,40176041610,401760416236,7,9,Boise State,Mountain West,7,Colorado State,Mountain West,7,Boise State,Colorado State,2,"{'minutes': 15, 'seconds': 0}",3,3,55,45,2,6,24,False,Rush,"Shotgun #8 M.Sherrod rush right for 24 yards gain to the CSU21 (#12 J.Bellah), out of bounds, 1ST DOWN",1.2669727758533136,2025-11-23T00:56:17.000Z
401760416,40176041610,401760416240,7,10,Boise State,Mountain West,7,Colorado State,Mountain West,7,Boise State,Colorado State,2,"{'minutes': 15, 'seconds': 0}",3,3,79,21,1,10,20,False,Pass Reception,"Shotgun #14 M.Cutforth pass complete short right to #85 M.Lauter caught at CSU03, for 20 yards to the CSU01 (#12 J.Bellah), 1ST DOWN",1.69427553867505,2025-11-23T00:56:54.000Z
401760416,40176041610,401760416245,7,11,Boise State,Mountain West,14,Colorado State,Mountain West,7,Boise State,Colorado State,2,"{'minutes': 11, 'seconds': 32}",3,3,99,1,1,1,1,True,Rushing Touchdown,"#8 M.Sherrod rush right for 1 yard gain to the CSU00 TOUCHDOWN, clock 11:32 #35 C.Boomer kick attempt good (H: #37 O.Doyle, LS: #42 M.Hutton)",0.938021275120443,2025-11-23T00:57:29.000Z
401760416,40176041612,401760416252,8,1,Boise State,Mountain West,14,Colorado State,Mountain West,7,Boise State,Colorado State,2,"{'minutes': 11, 'seconds': 32}",3,3,35,65,1,10,0,False,Kickoff,"(11:32) #35 C.Boomer kickoff 65 yards to the CSU00, Touchback",,2025-11-23T00:58:13.000Z
401760416,40176041612,401760416258,8,2,Colorado State,Mountain West,7,Boise State,Mountain West,14,Boise State,Colorado State,2,"{'minutes': 11, 'seconds': 28}",3,3,75,75,2,10,15,False,Penalty,"(11:28) Shotgun #3 D.Curry sacked for loss of 8 yards to the CSU17 (#43 J.Ripp) PENALTY BOI Face Mask (#19 D.Washington) 15 yards from CSU25 to CSU40, 1ST DOWN. NO PLAY",,2025-11-23T01:03:24.000Z
401760416,40176041612,401760416255,8,3,Colorado State,Mountain West,7,Boise State,Mountain West,14,Boise State,Colorado State,2,"{'minutes': 11, 'seconds': 27}",3,3,75,75,1,10,0,False,Pass Incompletion,(11:32) Shotgun #3 D.Curry pass incomplete short right to #10 T.Maher thrown to CSU30 broken up by #6 J.Earby,-0.7029700220436519,2025-11-23T01:02:02.000Z
401760416,40176041612,401760416263,8,4,Colorado State,Mountain West,7,Boise State,Mountain West,14,Boise State,Colorado State,2,"{'minutes': 11, 'seconds': 6}",3,3,60,60,1,10,0,False,Pass Incompletion,(11:07) Shotgun #3 D.Curry pass incomplete short right to #8 L.Brown thrown to CSU45,-1.1247712359915258,2025-11-23T01:03:50.000Z
401760416,40176041612,401760416266,8,5,Colorado State,Mountain West,7,Boise State,Mountain West,14,Boise State,Colorado State,2,"{'minutes': 10, 'seconds': 53}",3,3,60,60,2,10,6,False,Pass Reception,"(11:05) No Huddle-Shotgun #3 D.Curry pass complete short right to #24 J.Kinnard caught at CSU37, for 6 yards to the CSU46 (#21 Z.Washington)",0.2893534138833207,2025-11-23T01:04:27.000Z
401760416,40176041612,401760416271,8,6,Colorado State,Mountain West,7,Boise State,Mountain West,14,Boise State,Colorado State,2,"{'minutes': 10, 'seconds': 28}",3,3,54,54,3,4,10,False,Penalty,"(10:28) No Huddle-Shotgun #3 D.Curry pass incomplete short right to #10 T.Maher thrown to BOI48 broken up by #20 J.Mickey QB hurried by #41 B.Phelps PENALTY BOI Holding 10 yards from CSU46 to BOI44, 1ST DOWN. NO PLAY",,2025-11-23T01:05:41.000Z
401760416,40176041612,401760416275,8,7,Colorado State,Mountain West,7,Boise State,Mountain West,14,Boise State,Colorado State,2,"{'minutes': 10, 'seconds': 15}",3,3,44,44,1,10,0,False,Interception,"(10:17) Shotgun #3 D.Curry pass intercepted by #6 J.Earby at BOI10, End Of Play",-3.5871176424899787,2025-11-23T01:06:08.000Z
401760416,40176041613,401760416281,9,1,Boise State,Mountain West,14,Colorado State,Mountain West,7,Boise State,Colorado State,2,"{'minutes': 10, 'seconds': 9}",3,3,10,90,1,10,3,False,Rush,(10:15) Shotgun #24 D.Riley rush left for 3 yards gain to the BOI13 (#56 K.Agurs),-0.14561440438218298,2025-11-23T01:09:27.000Z
401760416,40176041613,401760416285,9,2,Boise State,Mountain West,14,Colorado State,Mountain West,7,Boise State,Colorado State,2,"{'minutes': 9, 'seconds': 27}",3,3,13,87,2,7,7,False,Pass Reception,"(09:35) Shotgun #14 M.Cutforth pass complete short middle to #3 L.Caples caught at BOI20, for 7 yards to the BOI20 (#12 J.Bellah), 1ST DOWN",0.5534008619142847,2025-11-23T01:10:07.000Z
401760416,40176041613,401760416290,9,3,Boise State,Mountain West,14,Colorado State,Mountain West,7,Boise State,Colorado State,2,"{'minutes': 8, 'seconds': 52}",3,3,20,80,1,10,2,False,Rush,(08:56) Shotgun #24 D.Riley rush middle for 2 yards gain to the BOI22 (#13 J.Jarmolowich; #55 A.Laurich),-0.3623882030735057,2025-11-23T01:10:44.000Z
401760416,40176041613,401760416294,9,4,Boise State,Mountain West,14,Colorado State,Mountain West,7,Boise State,Colorado State,2,"{'minutes': 8, 'seconds': 11}",3,3,22,78,2,8,0,False,Pass Incompletion,(08:22) Shotgun #14 M.Cutforth pass incomplete deep middle to #80 C.Bates thrown to CSU38,-0.3680210874717833,2025-11-23T01:11:28.000Z
401760416,40176041613,401760416297,9,5,Boise State,Mountain West,14,Colorado State,Mountain West,7,Boise State,Colorado State,2,"{'minutes': 8, 'seconds': 2}",3,3,22,78,3,8,10,False,Pass Reception,"(08:11) Shotgun #14 M.Cutforth pass complete short right to #13 C.Penry caught at BOI25, for 10 yards to the BOI32 (#12 J.Bellah), 1ST DOWN",1.5971563705085323,2025-11-23T01:12:12.000Z
401760416,40176041613,401760416302,9,6,Boise State,Mountain West,14,Colorado State,Mountain West,7,Boise State,Colorado State,2,"{'minutes': 7, 'seconds': 25}",3,3,32,68,1,10,9,False,Pass Reception,"(07:37) Shotgun #14 M.Cutforth pass complete short middle to #88 M.Wagner caught at BOI36, for 9 yards to the BOI41 (#45 R.Edmonson)",1.3745145306761655,2025-11-23T01:12:44.000Z
401760416,40176041613,401760416307,9,7,Boise State,Mountain West,14,Colorado State,Mountain West,7,Boise State,Colorado State,2,"{'minutes': 6, 'seconds': 54}",3,3,41,59,2,1,3,False,Rush,"(06:59) #8 M.Sherrod rush middle for 3 yards gain to the BOI44 (#40 O.Long; #11 J.Naborne), 1ST DOWN",-0.225386596413612,2025-11-23T01:13:23.000Z
401760416,40176041613,401760416311,9,8,Boise State,Mountain West,14,Colorado State,Mountain West,7,Boise State,Colorado State,2,"{'minutes': 6, 'seconds': 11}",3,3,44,56,1,10,42,False,Pass Reception,"(06:29) Shotgun #14 M.Cutforth pass complete deep right to #80 C.Bates caught at CSU15, for 42 yards to the CSU14, End Of Play, 1ST DOWN",1.8218996062002244,2025-11-23T01:14:41.000Z
401760416,40176041613,401760416316,9,9,Boise State,Mountain West,14,Colorado State,Mountain West,7,Boise State,Colorado State,2,"{'minutes': 5, 'seconds': 46}",3,3,86,14,1,10,5,False,Penalty,(05:46) Shotgun #14 M.Cutforth pass incomplete short right to #80 C.Bates thrown to CSU01 PENALTY CSU Offside (#91 M.Tuitele) 5 yards from CSU14 to CSU09. NO PLAY,,2025-11-23T01:15:33.000Z
401760416,40176041613,401760416320,9,10,Boise State,Mountain West,14,Colorado State,Mountain West,7,Boise State,Colorado State,2,"{'minutes': 5, 'seconds': 38}",3,3,91,9,1,5,2,False,Rush,(05:43) #24 D.Riley rush middle for 2 yards gain to the CSU07 (#45 R.Edmonson),-0.327431140446253,2025-11-23T01:16:06.000Z
401760416,40176041613,401760416324,9,11,Boise State,Mountain West,14,Colorado State,Mountain West,7,Boise State,Colorado State,2,"{'minutes': 5, 'seconds': 7}",3,3,93,7,2,3,2,False,Rush,(05:10) #24 D.Riley rush middle for 2 yards gain to the CSU05 (#40 O.Long),-0.248199061630611,2025-11-23T01:16:38.000Z
401760416,40176041613,401760416328,9,12,Boise State,Mountain West,14,Colorado State,Mountain West,7,Boise State,Colorado State,2,"{'minutes': 4, 'seconds': 30}",3,3,95,5,3,1,5,False,Penalty,PENALTY BOI False Start (#62 R.Carreon) 5 yards from CSU05 to CSU10. NO PLAY,,2025-11-23T01:17:21.000Z
401760416,40176041613,401760416331,9,13,Boise State,Mountain West,14,Colorado State,Mountain West,7,Boise State,Colorado State,2,"{'minutes': 4, 'seconds': 8}",3,3,90,10,3,6,1,False,Pass Reception,"(04:15) Shotgun #14 M.Cutforth pass complete short right to #24 D.Riley caught at CSU10, for 1 yard to the CSU09 (#39 D.Gill)",-0.2807865096664395,2025-11-23T01:18:02.000Z
401760416,40176041613,401760416336,9,14,Boise State,Mountain West,17,Colorado State,Mountain West,7,Boise State,Colorado State,2,"{'minutes': 3, 'seconds': 37}",3,3,91,9,4,5,27,True,Field Goal Good,"(03:37) #35 C.Boomer field goal attempt from 27 yards GOOD (H: #37 O.Doyle, LS: #42 M.Hutton), clock 03:37",,2025-11-23T01:18:42.000Z
401760416,40176041615,401760416339,10,1,Boise State,Mountain West,17,Colorado State,Mountain West,7,Boise State,Colorado State,2,"{'minutes': 3, 'seconds': 37}",3,3,35,65,1,10,0,False,Kickoff,"(03:37) #35 C.Boomer kickoff 65 yards to the CSU00, Touchback",,2025-11-23T01:18:45.000Z
401760416,40176041615,401760416342,10,2,Colorado State,Mountain West,7,Boise State,Mountain West,17,Boise State,Colorado State,2,"{'minutes': 3, 'seconds': 37}",3,3,75,75,1,10,20,False,Fumble Recovery (Opponent),"(03:37) Shotgun #3 D.Curry rush right for 20 yards gain to the CSU45 fumbled by #3 D.Curry at CSU44 forced by #20 J.Mickey recovered by BOI #6 J.Earby at CSU45, End Of Play",-0.9222448802786785,2025-11-23T01:22:40.000Z
401760416,40176041616,401760416367,11,4,Colorado State,Mountain West,7,Boise State,Mountain West,17,Boise State,Colorado State,2,"{'minutes': 2, 'seconds': 20}",2,3,77,77,2,3,0,False,Timeout,"Timeout Colorado State, clock 02:20",,2025-11-23T01:25:14.000Z
401760416,40176041616,401760416350,11,1,Boise State,Mountain West,17,Colorado State,Mountain West,7,Boise State,Colorado State,2,"{'minutes': 3, 'seconds': 4}",3,3,55,45,1,10,15,False,Pass Reception,"(03:27) #80 C.Bates pass complete short left to #88 M.Wagner caught at CSU30, for 15 yards to the CSU30, End Of Play, 1ST DOWN",0.662270952144297,2025-11-23T01:23:39.000Z
401760416,40176041616,401760416355,11,2,Boise State,Mountain West,17,Colorado State,Mountain West,7,Boise State,Colorado State,2,"{'minutes': 2, 'seconds': 55}",3,3,70,30,1,10,7,False,Rush,(02:58) No Huddle #26 S.Gaines rush right for 7 yards gain to the CSU23 (#12 J.Bellah; #44 J.Ellis),0.354589716998607,2025-11-23T01:24:02.000Z
401760416,40176041616,401760416359,11,3,Boise State,Mountain West,17,Colorado State,Mountain West,7,Boise State,Colorado State,2,"{'minutes': 2, 'seconds': 33}",3,3,77,23,2,3,13,False,Rush,"(02:36) No Huddle #26 S.Gaines rush right for 13 yards gain to the CSU10 (#12 J.Bellah), 1ST DOWN",-0.054173426325278,2025-11-23T01:24:25.000Z
401760416,40176041616,401760416365,11,5,Boise State,Mountain West,17,Colorado State,Mountain West,7,Boise State,Colorado State,2,"{'minutes': 2, 'seconds': 13}",3,2,90,10,1,10,8,False,Pass Reception,"(02:20) #14 M.Cutforth pass complete short right to #88 M.Wagner caught at CSU07, for 8 yards to the CSU02 (#40 O.Long), out of bounds",0.445890316927219,2025-11-23T01:25:52.000Z
401760416,40176041616,401760416371,11,6,Boise State,Mountain West,24,Colorado State,Mountain West,7,Boise State,Colorado State,2,"{'minutes': 1, 'seconds': 59}",3,2,98,2,2,2,2,True,Rushing Touchdown,"(01:59) #24 D.Riley rush middle for 2 yards gain to the CSU00 TOUCHDOWN, clock 01:59, 1ST DOWN #35 C.Boomer kick attempt good (H: #37 O.Doyle, LS: #42 M.Hutton)",2.067936525322223,2025-11-23T01:26:28.000Z
401760416,40176041618,401760416378,12,1,Boise State,Mountain West,24,Colorado State,Mountain West,7,Boise State,Colorado State,2,"{'minutes': 1, 'seconds': 53}",3,2,35,65,1,10,17,False,Kickoff,(01:59) #35 C.Boomer kickoff 62 yards to the CSU03 #25 L.Avant return 17 yards to the CSU20 (#33 J.Alanis),,2025-11-23T01:30:49.000Z
401760416,40176041618,401760416383,12,2,Colorado State,Mountain West,7,Boise State,Mountain West,24,Boise State,Colorado State,2,"{'minutes': 1, 'seconds': 47}",2,3,80,80,1,10,1,False,Rush,(01:54) Shotgun #3 D.Curry rush right for 1 yard gain to the CSU21 (#53 M.Notarainni),-0.46882789768185695,2025-11-23T01:31:26.000Z
401760416,40176041618,401760416387,12,3,Colorado State,Mountain West,7,Boise State,Mountain West,24,Boise State,Colorado State,2,"{'minutes': 1, 'seconds': 27}",2,3,79,79,2,9,0,False,Pass Incompletion,(01:29) No Huddle-Shotgun #3 D.Curry pass incomplete short right to #10 T.Maher thrown to CSU27,-0.31009262307283425,2025-11-23T01:31:50.000Z
401760416,40176041618,401760416390,12,4,Colorado State,Mountain West,7,Boise State,Mountain West,24,Boise State,Colorado State,2,"{'minutes': 1, 'seconds': 27}",2,3,79,79,3,9,0,False,Pass Incompletion,(01:27) No Huddle-Shotgun #3 D.Curry pass incomplete short middle thrown to CSU25,-0.13875783656262275,2025-11-23T01:35:20.000Z
401760416,40176041618,401760416399,12,5,Colorado State,Mountain West,7,Boise State,Mountain West,24,Boise State,Colorado State,2,"{'minutes': 1, 'seconds': 9}",2,3,79,79,4,9,0,False,Punt,(01:19) #83 B.Hansen punt 57 yards to the BOI22,,2025-11-23T01:36:01.000Z
401760416,40176041619,401760416431,13,7,Boise State,Mountain West,24,Colorado State,Mountain West,7,Boise State,Colorado State,2,"{'minutes': 0, 'seconds': 37}",2,2,56,44,1,10,0,False,Timeout,"Timeout Boise State, clock 00:37",,2025-11-23T01:40:28.000Z
401760416,40176041619,401760416461,13,17,Colorado State,Mountain West,7,Boise State,Mountain West,24,Boise State,Colorado State,2,"{'minutes': 0, 'seconds': 6}",1,0,80,80,3,16,0,False,Timeout,"Timeout Colorado State, clock 00:06",,2025-11-23T01:46:39.000Z
401760416,40176041619,401760416450,13,12,Boise State,Mountain West,24,Colorado State,Mountain West,7,Boise State,Colorado State,2,"{'minutes': 0, 'seconds': 15}",1,2,86,14,1,10,0,False,Timeout,"Timeout Boise State, clock 00:15",,2025-11-23T01:43:52.000Z
401760416,40176041619,401760416455,13,14,Boise State,Mountain West,24,Colorado State,Mountain West,7,Boise State,Colorado State,2,"{'minutes': 0, 'seconds': 10}",0,2,91,9,2,5,0,False,Timeout,"Timeout Boise State, clock 00:10",,2025-11-23T01:45:07.000Z
401760416,40176041619,401760416403,13,1,Boise State,Mountain West,24,Colorado State,Mountain West,7,Boise State,Colorado State,2,"{'minutes': 1, 'seconds': 5}",3,2,22,78,1,10,9,False,Pass Reception,"(01:09) Shotgun #14 M.Cutforth pass complete short right to #85 M.Lauter caught at BOI29, for 9 yards to the BOI31 (#13 J.Jarmolowich; #40 O.Long)",1.1712262567502512,2025-11-23T01:37:27.000Z
401760416,40176041619,401760416408,13,2,Boise State,Mountain West,24,Colorado State,Mountain West,7,Boise State,Colorado State,2,"{'minutes': 0, 'seconds': 58}",3,2,32,68,2,1,4,False,Pass Reception,"(01:01) No Huddle-Shotgun #14 M.Cutforth pass complete short right to #85 M.Lauter caught at BOI34, for 4 yards to the BOI35 (#13 J.Jarmolowich), 1ST DOWN",-0.1362311651507949,2025-11-23T01:37:41.000Z
401760416,40176041619,401760416413,13,3,Boise State,Mountain West,24,Colorado State,Mountain West,7,Boise State,Colorado State,2,"{'minutes': 0, 'seconds': 54}",3,2,35,65,1,10,0,False,Pass Incompletion,(00:55) No Huddle-Shotgun #14 M.Cutforth pass incomplete short left to #3 L.Caples thrown to BOI42,-1.0146424556055624,2025-11-23T01:38:20.000Z
401760416,40176041619,401760416416,13,4,Boise State,Mountain West,24,Colorado State,Mountain West,7,Boise State,Colorado State,2,"{'minutes': 0, 'seconds': 50}",3,2,35,65,2,10,0,False,Pass Incompletion,(00:54) Shotgun #14 M.Cutforth pass incomplete short right to #3 L.Caples thrown to BOI50,-0.6004605992346148,2025-11-23T01:38:59.000Z
401760416,40176041619,401760416419,13,5,Boise State,Mountain West,24,Colorado State,Mountain West,7,Boise State,Colorado State,2,"{'minutes': 0, 'seconds': 43}",3,2,35,65,3,10,21,False,Pass Reception,"(00:50) Shotgun #14 M.Cutforth pass complete deep right to #13 C.Penry caught at CSU44, for 21 yards to the CSU44, out of bounds at CSU44, 1ST DOWN",3.4449377080214907,2025-11-23T01:39:48.000Z
401760416,40176041619,401760416424,13,6,Boise State,Mountain West,24,Colorado State,Mountain West,7,Boise State,Colorado State,2,"{'minutes': 0, 'seconds': 37}",3,2,56,44,1,10,2,False,Pass Reception,"(00:41) No Huddle-Shotgun #14 M.Cutforth pass complete short left to #3 L.Caples caught at CSU43, for 2 yards to the CSU42 (#7 L.Joe)",-0.52968574160999,2025-11-23T01:40:10.000Z
401760416,40176041619,401760416429,13,8,Boise State,Mountain West,24,Colorado State,Mountain West,7,Boise State,Colorado State,2,"{'minutes': 0, 'seconds': 33}",2,2,58,42,2,8,13,False,Pass Reception,"(00:37) Shotgun #14 M.Cutforth pass complete short middle to #13 C.Penry caught at CSU30, for 13 yards to the CSU29 (#12 J.Bellah), 1ST DOWN",1.1542669145218993,2025-11-23T01:41:21.000Z
401760416,40176041619,401760416439,13,9,Boise State,Mountain West,24,Colorado State,Mountain West,7,Boise State,Colorado State,2,"{'minutes': 0, 'seconds': 25}",2,2,71,29,2,10,15,False,Penalty,"(00:25) Shotgun #14 M.Cutforth pass incomplete deep right to #3 L.Caples thrown to CSU03 PENALTY CSU Pass Interference (#17 C.Blocker) 15 yards from CSU29 to CSU14, 1ST DOWN. NO PLAY",,2025-11-23T01:42:30.000Z
401760416,40176041619,401760416436,13,10,Boise State,Mountain West,24,Colorado State,Mountain West,7,Boise State,Colorado State,2,"{'minutes': 0, 'seconds': 24}",2,2,71,29,1,10,0,False,Pass Incompletion,(00:29) No Huddle-Shotgun #14 M.Cutforth pass incomplete short left to #13 C.Penry thrown to CSU17,-0.534372502378378,2025-11-23T01:41:37.000Z
401760416,40176041619,401760416443,13,11,Boise State,Mountain West,24,Colorado State,Mountain West,7,Boise State,Colorado State,2,"{'minutes': 0, 'seconds': 15}",2,2,86,14,1,10,5,False,Pass Reception,"(00:21) No Huddle-Shotgun #14 M.Cutforth pass complete short left to #80 C.Bates caught at CSU09, for 5 yards to the CSU09 (#17 C.Blocker)",0.0745432474784075,2025-11-23T01:43:25.000Z
401760416,40176041619,401760416448,13,13,Boise State,Mountain West,24,Colorado State,Mountain West,7,Boise State,Colorado State,2,"{'minutes': 0, 'seconds': 10}",1,2,91,9,2,5,-11,False,Sack,(00:15) Shotgun #14 M.Cutforth sacked for loss of 11 yards to the CSU20 (#7 L.Joe),-1.464287401470926,2025-11-23T01:44:47.000Z
401760416,40176041619,401760416453,13,15,Boise State,Mountain West,24,Colorado State,Mountain West,7,Boise State,Colorado State,2,"{'minutes': 0, 'seconds': 6}",0,2,80,20,3,16,5,False,Pass Reception,"(00:08) Shotgun #14 M.Cutforth pass complete short left to #85 M.Lauter caught at CSU15, for 5 yards to the CSU15, out of bounds at CSU15",0.0370374870505666,2025-11-23T01:46:02.000Z
401760416,40176041619,401760416459,13,16,Boise State,Mountain West,27,Colorado State,Mountain West,7,Boise State,Colorado State,2,"{'minutes': 0, 'seconds': 6}",0,2,85,15,4,11,32,True,Field Goal Good,"(00:06) #35 C.Boomer field goal attempt from 32 yards GOOD (H: #37 O.Doyle, LS: #42 M.Hutton), clock 00:06",,2025-11-23T01:47:39.000Z
401760416,40176041619,401760416465,13,18,Boise State,Mountain West,27,Colorado State,Mountain West,7,Boise State,Colorado State,2,"{'minutes': 0, 'seconds': 0}",0,1,85,15,4,11,-65,False,End Period,End of 2nd quarter.,-3.0990101578789666,2025-11-23T01:47:52.000Z
401760416,40176041623,401760416476,14,1,Boise State,Mountain West,27,Colorado State,Mountain West,7,Boise State,Colorado State,3,"{'minutes': 15, 'seconds': 0}",3,3,35,65,1,10,0,False,Kickoff,"(15:00) #35 C.Boomer kickoff 65 yards to the CSU00, Touchback",,
401760416,40176041623,401760416482,14,2,Colorado State,Mountain West,7,Boise State,Mountain West,27,Boise State,Colorado State,3,"{'minutes': 14, 'seconds': 54}",3,3,75,75,1,10,9,False,Rush,(15:00) Shotgun #25 L.Avant rush left for 9 yards gain to the CSU34 (#21 Z.Washington),1.252308359788624,2025-11-23T02:12:29.000Z
401760416,40176041623,401760416486,14,3,Colorado State,Mountain West,7,Boise State,Mountain West,27,Boise State,Colorado State,3,"{'minutes': 14, 'seconds': 18}",3,3,66,66,2,1,2,False,Pass Reception,"(14:28) No Huddle-Shotgun #3 D.Curry pass complete short left to #25 L.Avant caught at CSU33, for 2 yards to the CSU36 (#43 J.Ripp; #21 Z.Washington), 1ST DOWN",-0.3217458478426334,2025-11-23T02:12:59.000Z
401760416,40176041623,401760416491,14,4,Colorado State,Mountain West,7,Boise State,Mountain West,27,Boise State,Colorado State,3,"{'minutes': 13, 'seconds': 57}",3,3,64,64,1,10,15,False,Penalty,"(13:57) No Huddle-Shotgun #3 D.Curry pass incomplete deep left to #6 T.Lanier thrown to BOI42 PENALTY BOI Pass Interference (#6 J.Earby) 15 yards from CSU36 to BOI49, 1ST DOWN. NO PLAY",,2025-11-23T02:13:44.000Z
401760416,40176041623,401760416495,14,5,Colorado State,Mountain West,7,Boise State,Mountain West,27,Boise State,Colorado State,3,"{'minutes': 13, 'seconds': 50}",3,3,49,49,1,10,-1,False,Rush,(13:54) No Huddle-Shotgun #25 L.Avant rush left for 1 yard loss to the BOI50 (#5 J.Virgin-Morgan),-1.3309328866412127,2025-11-23T02:14:17.000Z
401760416,40176041623,401760416499,14,6,Colorado State,Mountain West,7,Boise State,Mountain West,27,Boise State,Colorado State,3,"{'minutes': 13, 'seconds': 15}",3,3,50,50,2,11,5,False,Pass Reception,"(13:23) No Huddle-Shotgun #3 D.Curry pass complete short right to #81 R.Beers caught at BOI50, for 5 yards to the BOI45 (#6 J.Earby), out of bounds",0.0688887666438643,2025-11-23T02:14:48.000Z
401760416,40176041623,401760416504,14,7,Colorado State,Mountain West,7,Boise State,Mountain West,27,Boise State,Colorado State,3,"{'minutes': 12, 'seconds': 45}",3,3,45,45,3,6,0,False,Pass Incompletion,(12:48) No Huddle-Shotgun #3 D.Curry pass incomplete short left to #6 T.Lanier thrown to BOI42 broken up by #6 J.Earby,-1.011227361060211,2025-11-23T02:15:29.000Z
401760416,40176041623,401760416507,14,8,Colorado State,Mountain West,7,Boise State,Mountain West,27,Boise State,Colorado State,3,"{'minutes': 12, 'seconds': 34}",3,3,45,45,4,6,0,False,Punt,(12:45) #83 B.Hansen punt 35 yards to the BOI10,,2025-11-23T02:16:08.000Z
401760416,40176041624,401760416511,15,1,Boise State,Mountain West,27,Colorado State,Mountain West,7,Boise State,Colorado State,3,"{'minutes': 12, 'seconds': 31}",3,3,10,90,1,10,7,False,Rush,(12:35) Shotgun #26 S.Gaines rush middle for 7 yards gain to the BOI17 (#13 J.Jarmolowich),0.38157906422711824,2025-11-23T02:19:19.000Z
401760416,40176041624,401760416515,15,2,Boise State,Mountain West,27,Colorado State,Mountain West,7,Boise State,Colorado State,3,"{'minutes': 12, 'seconds': 6}",3,3,17,83,2,3,5,False,Rush,"(12:09) #26 S.Gaines rush middle for 5 yards gain to the BOI22 (#12 J.Bellah), 1ST DOWN",0.1402803865689641,2025-11-23T02:19:45.000Z
401760416,40176041624,401760416519,15,3,Boise State,Mountain West,27,Colorado State,Mountain West,7,Boise State,Colorado State,3,"{'minutes': 11, 'seconds': 27}",3,3,22,78,1,10,5,False,Rush,(11:31) #26 S.Gaines rush left for 5 yards gain to the BOI27 (#44 J.Ellis),0.0891040604736997,2025-11-23T02:20:23.000Z
401760416,40176041624,401760416523,15,4,Boise State,Mountain West,27,Colorado State,Mountain West,7,Boise State,Colorado State,3,"{'minutes': 10, 'seconds': 53}",3,3,27,73,2,5,5,False,Penalty,(10:53) Shotgun #14 M.Cutforth pass incomplete short middle to #85 M.Lauter thrown to BOI23 PENALTY BOI Illegal Motion (#25 Q.Brown) 5 yards from BOI27 to BOI22. NO PLAY,,2025-11-23T02:21:14.000Z
401760416,40176041624,401760416527,15,5,Boise State,Mountain West,27,Colorado State,Mountain West,7,Boise State,Colorado State,3,"{'minutes': 10, 'seconds': 46}",3,3,22,78,2,10,0,False,Pass Incompletion,(10:49) Shotgun #14 M.Cutforth pass incomplete short middle to #80 C.Bates thrown to BOI32,-0.29227926870296894,2025-11-23T02:22:00.000Z
401760416,40176041624,401760416530,15,6,Boise State,Mountain West,27,Colorado State,Mountain West,7,Boise State,Colorado State,3,"{'minutes': 10, 'seconds': 43}",3,3,22,78,3,10,0,False,Pass Incompletion,(10:47) Shotgun #14 M.Cutforth pass incomplete short right to #3 L.Caples thrown to BOI34,-0.13124731563151393,2025-11-23T02:22:34.000Z
401760416,40176041624,401760416533,15,7,Boise State,Mountain West,27,Colorado State,Mountain West,7,Boise State,Colorado State,3,"{'minutes': 10, 'seconds': 35}",3,3,22,78,4,10,0,False,Punt,(10:39) #37 O.Doyle punt 45 yards to the CSU33 fair catch by #24 J.Kinnard at CSU33,,2025-11-23T02:23:15.000Z
401760416,40176041625,401760416537,16,1,Colorado State,Mountain West,7,Boise State,Mountain West,27,Boise State,Colorado State,3,"{'minutes': 10, 'seconds': 30}",3,3,67,67,1,10,1,False,Rush,(10:34) No Huddle-Shotgun #25 L.Avant rush middle for 1 yard gain to the CSU34 (#5 J.Virgin-Morgan),-0.7895437741198555,2025-11-23T02:26:16.000Z
401760416,40176041625,401760416542,16,2,Colorado State,Mountain West,7,Boise State,Mountain West,27,Boise State,Colorado State,3,"{'minutes': 9, 'seconds': 54}",3,3,66,66,2,9,5,False,Pass Reception,"(10:07) No Huddle-Shotgun #3 D.Curry pass complete short left to #6 T.Lanier caught at CSU39, for 5 yards to the CSU39, out of bounds at CSU39",0.0655771677973647,2025-11-23T02:26:44.000Z
401760416,40176041625,401760416547,16,3,Colorado State,Mountain West,7,Boise State,Mountain West,27,Boise State,Colorado State,3,"{'minutes': 9, 'seconds': 31}",3,3,61,61,3,4,17,False,Pass Reception,"(09:38) No Huddle-Shotgun #3 D.Curry pass complete short right to #81 R.Beers caught at CSU40, for 17 yards to the BOI44 (#0 T.Benefield), 1ST DOWN",2.7401409179536182,2025-11-23T02:27:14.000Z
401760416,40176041625,401760416552,16,4,Colorado State,Mountain West,7,Boise State,Mountain West,27,Boise State,Colorado State,3,"{'minutes': 9, 'seconds': 10}",3,3,44,44,1,10,0,False,Pass Incompletion,(09:09) No Huddle-Shotgun #3 D.Curry pass incomplete deep middle to #24 J.Kinnard thrown to BOI04,-0.9690270974076257,2025-11-23T02:27:49.000Z
401760416,40176041625,401760416555,16,5,Colorado State,Mountain West,7,Boise State,Mountain West,27,Boise State,Colorado State,3,"{'minutes': 9, 'seconds': 5}",3,3,44,44,2,10,1,False,Pass Interception Return,"(09:09) No Huddle-Shotgun #3 D.Curry pass intercepted by #21 Z.Washington at BOI45 #21 Z.Washington return 1 yard to the BOI46, End Of Play",-2.618090545082353,2025-11-23T02:28:55.000Z
401760416,40176041626,401760416568,17,1,Boise State,Mountain West,27,Colorado State,Mountain West,7,Boise State,Colorado State,3,"{'minutes': 9, 'seconds': 5}",3,3,46,54,1,10,11,False,Pass Reception,"(09:05) Shotgun #14 M.Cutforth pass complete short right to #3 L.Caples caught at CSU43, for 11 yards to the CSU43 (#4 J.Rogers), 1ST DOWN",0.8325274497543538,2025-11-23T02:33:44.000Z
401760416,40176041626,401760416566,17,2,Boise State,Mountain West,27,Colorado State,Mountain West,7,Boise State,Colorado State,3,"{'minutes': 7, 'seconds': 33}",3,3,57,43,1,10,3,False,Rush,(07:44) Shotgun #8 M.Sherrod rush middle for 3 yards gain to the CSU40 (#23 J.Mitchell),-0.3057652594509188,2025-11-23T02:34:53.000Z
401760416,40176041626,401760416575,17,3,Boise State,Mountain West,27,Colorado State,Mountain West,7,Boise State,Colorado State,3,"{'minutes': 7, 'seconds': 33}",3,3,60,40,2,7,-1,False,Fumble Recovery (Own),"(07:33) #8 M.Sherrod rush middle for 1 yard loss to the CSU41 fumbled by #8 M.Sherrod at CSU40 recovered by BOI #8 M.Sherrod at CSU41, End Of Play",-1.2455147793547174,2025-11-23T02:35:30.000Z
401760416,40176041626,401760416581,17,4,Boise State,Mountain West,27,Colorado State,Mountain West,7,Boise State,Colorado State,3,"{'minutes': 7, 'seconds': 28}",3,3,59,41,3,8,0,False,Pass Incompletion,(07:28) Shotgun #14 M.Cutforth pass incomplete short middle to #80 C.Bates thrown to CSU38,-1.012825178399968,2025-11-23T02:36:17.000Z
401760416,40176041626,401760416584,17,5,Boise State,Mountain West,27,Colorado State,Mountain West,7,Boise State,Colorado State,3,"{'minutes': 7, 'seconds': 28}",3,3,59,41,4,8,5,False,Penalty,PENALTY BOI Delay Of Game  5 yards from CSU41 to CSU46. NO PLAY,,2025-11-23T02:36:49.000Z
401760416,40176041626,401760416587,17,6,Boise State,Mountain West,27,Colorado State,Mountain West,7,Boise State,Colorado State,3,"{'minutes': 7, 'seconds': 28}",3,3,54,46,4,13,0,False,Punt,(06:35) #37 O.Doyle punt 32 yards to the CSU14 fair catch by #24 J.Kinnard at CSU14,,2025-11-23T02:37:38.000Z
401760416,40176041627,401760416591,18,1,Colorado State,Mountain West,7,Boise State,Mountain West,27,Boise State,Colorado State,3,"{'minutes': 5, 'seconds': 45}",3,3,86,86,1,10,0,False,Rush,(05:52) Shotgun #25 L.Avant rush middle for 0 yards to the CSU14 (#41 B.Phelps),-0.42008778911877176,2025-11-23T02:38:22.000Z
401760416,40176041627,401760416595,18,2,Colorado State,Mountain West,7,Boise State,Mountain West,27,Boise State,Colorado State,3,"{'minutes': 5, 'seconds': 31}",3,3,86,86,2,10,-1,False,Pass Reception,"(05:36) Shotgun #3 D.Curry pass complete short left to #1 A.Winfield caught at CSU12, for 1 yard loss to the CSU13 (#51 R.Caywood)",-0.2116186883261495,2025-11-23T02:38:38.000Z
401760416,40176041627,401760416600,18,3,Colorado State,Mountain West,7,Boise State,Mountain West,27,Boise State,Colorado State,3,"{'minutes': 5, 'seconds': 31}",3,3,87,87,3,11,4,False,Pass Reception,"(05:31) No Huddle-Shotgun #3 D.Curry pass complete short right to #10 T.Maher caught at CSU17, for 4 yards to the CSU17 (#41 B.Phelps), out of bounds",-0.0110799278226752,2025-11-23T02:39:04.000Z
401760416,40176041627,401760416605,18,4,Colorado State,Mountain West,7,Boise State,Mountain West,27,Boise State,Colorado State,3,"{'minutes': 5, 'seconds': 31}",3,3,83,83,4,7,0,False,Punt,(05:31) #83 B.Hansen punt 51 yards to the BOI32,,2025-11-23T02:39:25.000Z
401760416,40176041628,401760416609,19,1,Boise State,Mountain West,27,Colorado State,Mountain West,7,Boise State,Colorado State,3,"{'minutes': 5, 'seconds': 27}",3,3,32,68,1,10,3,False,Rush,(05:31) Shotgun #24 D.Riley rush middle for 3 yards gain to the BOI35 (#49 J.Tafia),-0.3783931239488095,2025-11-23T02:41:46.000Z
401760416,40176041628,401760416613,19,2,Boise State,Mountain West,27,Colorado State,Mountain West,7,Boise State,Colorado State,3,"{'minutes': 4, 'seconds': 48}",3,3,35,65,2,7,35,False,Rush,"(04:57) Shotgun #24 D.Riley rush left for 35 yards gain to the CSU30 (#29 J.Vincent), 1ST DOWN",3.083460706667898,2025-11-23T02:42:20.000Z
401760416,40176041628,401760416617,19,3,Boise State,Mountain West,27,Colorado State,Mountain West,7,Boise State,Colorado State,3,"{'minutes': 4, 'seconds': 15}",3,3,70,30,1,10,3,False,Rush,(04:18) #24 D.Riley rush left for 3 yards gain to the CSU27 (#29 J.Vincent),-0.17303361893288,2025-11-23T02:42:58.000Z
401760416,40176041628,401760416621,19,4,Boise State,Mountain West,27,Colorado State,Mountain West,7,Boise State,Colorado State,3,"{'minutes': 3, 'seconds': 31}",3,3,73,27,2,7,9,False,Rush,"(03:36) #26 S.Gaines rush middle for 9 yards gain to the CSU18 (#16 C.Harrison), out of bounds, 1ST DOWN",0.39548404278506,2025-11-23T02:43:40.000Z
401760416,40176041628,401760416625,19,5,Boise State,Mountain West,27,Colorado State,Mountain West,7,Boise State,Colorado State,3,"{'minutes': 2, 'seconds': 56}",3,3,82,18,1,10,3,False,Rush,(03:03) #26 S.Gaines rush right for 3 yards gain to the CSU15 (#94 A.Tarber),-0.111402529616803,2025-11-23T02:44:20.000Z
401760416,40176041628,401760416629,19,6,Boise State,Mountain West,27,Colorado State,Mountain West,7,Boise State,Colorado State,3,"{'minutes': 2, 'seconds': 21}",3,3,85,15,2,7,7,False,Pass Reception,"(02:33) #14 M.Cutforth pass complete short left to #80 C.Bates caught at CSU19, for 7 yards to the CSU08 (#94 A.Tarber), 1ST DOWN",0.383595669987702,2025-11-23T02:44:53.000Z
401760416,40176041628,401760416634,19,7,Boise State,Mountain West,34,Colorado State,Mountain West,7,Boise State,Colorado State,3,"{'minutes': 1, 'seconds': 48}",3,3,92,8,1,8,8,True,Rushing Touchdown,"(01:52) #26 S.Gaines rush middle for 8 yards gain to the CSU00 TOUCHDOWN, clock 01:48 #35 C.Boomer kick attempt good (H: #37 O.Doyle, LS: #42 M.Hutton)",2.319599568699692,2025-11-23T02:45:32.000Z
401760416,40176041630,401760416641,20,1,Boise State,Mountain West,34,Colorado State,Mountain West,7,Boise State,Colorado State,3,"{'minutes': 1, 'seconds': 48}",3,3,35,65,1,10,0,False,Kickoff,"(01:48) #35 C.Boomer kickoff 65 yards to the CSU00, Touchback",,2025-11-23T02:46:17.000Z
401760416,40176041630,401760416644,20,2,Colorado State,Mountain West,7,Boise State,Mountain West,34,Boise State,Colorado State,3,"{'minutes': 1, 'seconds': 45}",3,3,75,75,1,10,0,False,Pass Incompletion,(01:48) Shotgun #3 D.Curry pass incomplete short right to #24 J.Kinnard thrown to CSU25 QB hurried by #95 M.Stege,-0.7029700220436519,2025-11-23T02:48:08.000Z
401760416,40176041630,401760416647,20,3,Colorado State,Mountain West,7,Boise State,Mountain West,34,Boise State,Colorado State,3,"{'minutes': 1, 'seconds': 32}",3,3,75,75,2,10,40,False,Pass Reception,"(01:45) No Huddle-Shotgun #3 D.Curry pass complete deep left to #81 R.Beers caught at CSU47, for 40 yards to the BOI35 (#0 T.Benefield; #6 J.Earby), 1ST DOWN",3.8081363579880176,2025-11-23T02:48:45.000Z
401760416,40176041630,401760416652,20,4,Colorado State,Mountain West,7,Boise State,Mountain West,34,Boise State,Colorado State,3,"{'minutes': 1, 'seconds': 11}",3,3,35,35,1,10,15,False,Penalty,(01:11) No Huddle-Shotgun #3 D.Curry pass incomplete short right to #25 L.Avant thrown to BOI35 QB hurried by #92 D.Latu PENALTY CSU Personal Foul (#72 C.Martin) 15 yards from BOI35 to BOI50. NO PLAY,,2025-11-23T02:49:39.000Z
401760416,40176041630,401760416656,20,5,Colorado State,Mountain West,7,Boise State,Mountain West,34,Boise State,Colorado State,3,"{'minutes': 0, 'seconds': 5}",3,3,50,50,1,25,1,False,Rush,(00:10) Shotgun #25 L.Avant rush middle for 1 yard gain to the BOI49 (#5 J.Virgin-Morgan),-0.6463977551323145,2025-11-23T02:51:12.000Z
401760416,40176041630,401760416660,20,6,Colorado State,Mountain West,7,Boise State,Mountain West,34,Boise State,Colorado State,3,"{'minutes': 0, 'seconds': 5}",3,3,49,49,2,24,12,False,Pass Reception,"(00:00) No Huddle-Shotgun #3 D.Curry pass complete short middle to #81 R.Beers caught at BOI41, for 12 yards to the BOI37 (#0 T.Benefield)",1.3719214883236628,2025-11-23T02:51:29.000Z
401760416,40176041630,401760416670,20,7,Colorado State,Mountain West,7,Boise State,Mountain West,34,Boise State,Colorado State,3,"{'minutes': 0, 'seconds': 0}",3,3,37,37,3,12,0,False,End Period,End of 3rd quarter.,-0.975003140873074,2025-11-23T02:52:32.000Z
401760416,40176041630,401760416680,20,8,Colorado State,Mountain West,7,Boise State,Mountain West,34,Boise State,Colorado State,3,"{'minutes': 0, 'seconds': 0}",3,3,37,37,3,12,0,False,Pass Incompletion,No Huddle-Shotgun #3 D.Curry pass incomplete short right to #81 R.Beers thrown to BOI45,-0.975003140873074,2025-11-23T03:02:21.000Z
401760416,40176041630,401760416678,20,9,Colorado State,Mountain West,7,Boise State,Mountain West,34,Boise State,Colorado State,4,"{'minutes': 14, 'seconds': 56}",3,3,37,37,4,12,0,False,Sack,"(15:00) Shotgun #3 D.Curry sacked for loss of 11 yards to the BOI48 (#21 Z.Washington), TURNOVER ON DOWNS",-1.0115816657797865,2025-11-23T03:03:31.000Z
401760416,40176041631,401760416686,21,1,Boise State,Mountain West,34,Colorado State,Mountain West,7,Boise State,Colorado State,4,"{'minutes': 14, 'seconds': 49}",3,3,48,52,1,10,0,False,Rush,"(14:52) Shotgun #14 M.Cutforth rush right for 0 yards to the BOI48, End Of Play",-1.1430602484821704,2025-11-23T03:06:20.000Z
401760416,40176041631,401760416690,21,2,Boise State,Mountain West,34,Colorado State,Mountain West,7,Boise State,Colorado State,4,"{'minutes': 14, 'seconds': 36}",3,3,48,52,2,10,0,False,Pass Incompletion,(14:40) Shotgun #14 M.Cutforth pass incomplete short middle to #25 Q.Brown thrown to CSU43 broken up by #2 D.Phelps,-0.9850636246407553,2025-11-23T03:07:00.000Z
401760416,40176041631,401760416693,21,3,Boise State,Mountain West,34,Colorado State,Mountain West,7,Boise State,Colorado State,4,"{'minutes': 14, 'seconds': 25}",3,3,48,52,3,10,0,False,Pass Incompletion,(14:30) Shotgun #14 M.Cutforth pass incomplete short middle to #80 C.Bates thrown to CSU40,-0.6418714100938061,2025-11-23T03:07:22.000Z
401760416,40176041631,401760416696,21,4,Boise State,Mountain West,34,Colorado State,Mountain West,7,Boise State,Colorado State,4,"{'minutes': 14, 'seconds': 0}",3,3,48,52,4,10,0,False,Punt,(14:00) #37 O.Doyle punt 43 yards to the CSU09 fair catch by #24 J.Kinnard at CSU09,,2025-11-23T03:08:07.000Z
401760416,40176041632,401760416721,22,1,Colorado State,Mountain West,7,Boise State,Mountain West,34,Boise State,Colorado State,4,"{'minutes': 12, 'seconds': 40}",3,3,17,17,1,10,0,False,Pass Incompletion,(12:45) No Huddle-Shotgun #3 D.Curry pass incomplete short middle to #81 R.Beers thrown to BOI10,-0.340019558909725,2025-11-23T03:11:08.000Z
401760416,40176041632,401760416700,22,2,Colorado State,Mountain West,7,Boise State,Mountain West,34,Boise State,Colorado State,4,"{'minutes': 11, 'seconds': 9}",3,3,91,91,1,10,79,False,Pass Reception,"(14:00) Shotgun #3 D.Curry pass complete short right to #24 J.Kinnard caught at CSU07, for 91 yards to the BOI00 TOUCHDOWN nullified by penalty, clock 13:53, 1ST DOWN, PENALTY CSU UNS: Unsportsmanlike Conduct (#24 J.Kinnard) 15 yards from BOI12 to BOI27",4.2920914139889526,2025-11-23T03:09:05.000Z
401760416,40176041632,401760416706,22,3,Colorado State,Mountain West,7,Boise State,Mountain West,34,Boise State,Colorado State,4,"{'minutes': 11, 'seconds': 9}",3,3,27,27,1,10,4,False,Pass Reception,"(13:50) Shotgun #3 D.Curry pass complete short middle to #6 T.Lanier caught at BOI23, for 4 yards to the BOI23 (#53 M.Notarainni)",-0.0405526131909575,2025-11-23T03:09:58.000Z
401760416,40176041632,401760416711,22,4,Colorado State,Mountain West,7,Boise State,Mountain West,34,Boise State,Colorado State,4,"{'minutes': 11, 'seconds': 9}",3,3,23,23,2,6,0,False,Pass Reception,"(13:40) No Huddle-Shotgun #3 D.Curry pass complete short left to #25 L.Avant caught at BOI24, for 0 yards to the BOI23 (#38 T.Anderson)",-0.5268954629711295,2025-11-23T03:10:11.000Z
401760416,40176041632,401760416737,22,5,Colorado State,Mountain West,14,Boise State,Mountain West,34,Boise State,Colorado State,4,"{'minutes': 11, 'seconds': 9}",3,3,4,4,2,4,4,True,Rushing Touchdown,"No Huddle-Shotgun #25 L.Avant rush middle for 4 yards gain to the BOI00 TOUCHDOWN, clock 11:09 #98 I.Hankins kick attempt good (H: #83 B.Hansen, LS: #56 W.Himebauch)",2.3338902404479605,2025-11-23T03:13:02.000Z
401760416,40176041632,401760416716,22,6,Colorado State,Mountain West,7,Boise State,Mountain West,34,Boise State,Colorado State,4,"{'minutes': 11, 'seconds': 8}",3,3,23,23,3,6,6,False,Pass Reception,"(13:00) No Huddle-Shotgun #3 D.Curry pass complete short right to #10 T.Maher caught at BOI19, for 6 yards to the BOI17 (#6 J.Earby), out of bounds, 1ST DOWN",0.728825814769159,2025-11-23T03:10:43.000Z
401760416,40176041632,401760416724,22,7,Colorado State,Mountain West,7,Boise State,Mountain West,34,Boise State,Colorado State,4,"{'minutes': 10, 'seconds': 54}",3,3,17,17,2,10,5,False,Pass Reception,"(12:20) No Huddle-Shotgun #3 D.Curry pass complete short right to #24 J.Kinnard caught at BOI14, for 5 yards to the BOI12 (#21 Z.Washington), out of bounds",0.040453596334972,2025-11-23T03:11:28.000Z
401760416,40176041632,401760416729,22,8,Colorado State,Mountain West,7,Boise State,Mountain West,34,Boise State,Colorado State,4,"{'minutes': 10, 'seconds': 54}",3,3,12,12,3,5,8,False,Pass Reception,"No Huddle-Shotgun #3 D.Curry pass complete short left to #6 T.Lanier caught at BOI05, for 8 yards to the BOI04 (#0 T.Benefield), 1ST DOWN",1.191278546645192,2025-11-23T03:12:07.000Z
401760416,40176041632,401760416734,22,9,Colorado State,Mountain West,7,Boise State,Mountain West,34,Boise State,Colorado State,4,"{'minutes': 10, 'seconds': 54}",3,3,4,4,1,4,0,False,Pass Incompletion,No Huddle-Shotgun #3 D.Curry pass incomplete short left thrown to BOI04,-0.6456997217339855,2025-11-23T03:12:30.000Z
401760416,40176041634,401760416746,23,1,Colorado State,Mountain West,14,Boise State,Mountain West,34,Boise State,Colorado State,4,"{'minutes': 11, 'seconds': 8}",3,3,65,65,1,10,0,False,Kickoff,#98 I.Hankins onside kickoff 16 yards to the BOI49,,2025-11-23T03:13:41.000Z
401760416,40176041634,401760416749,23,2,Colorado State,Mountain West,14,Boise State,Mountain West,34,Boise State,Colorado State,4,"{'minutes': 11, 'seconds': 8}",3,3,49,49,1,10,2,False,Pass Reception,"Shotgun #3 D.Curry pass complete short left to #10 T.Maher caught at BOI47, for 2 yards to the BOI47 (#21 Z.Washington)",-0.6159141942829951,2025-11-23T03:14:28.000Z
401760416,40176041634,401760416754,23,3,Colorado State,Mountain West,14,Boise State,Mountain West,34,Boise State,Colorado State,4,"{'minutes': 11, 'seconds': 8}",3,3,47,47,2,8,32,False,Pass Reception,"No Huddle-Shotgun #3 D.Curry pass complete short right to #10 T.Maher caught at BOI29, for 32 yards to the BOI15 (#20 J.Mickey), 1ST DOWN",1.8200456563551604,2025-11-23T03:14:40.000Z
401760416,40176041634,401760416759,23,4,Colorado State,Mountain West,14,Boise State,Mountain West,34,Boise State,Colorado State,4,"{'minutes': 11, 'seconds': 8}",3,3,15,15,1,10,9,False,Pass Reception,"Shotgun #3 D.Curry pass complete short right to #81 R.Beers caught at BOI12, for 9 yards to the BOI06 (#41 B.Phelps)",0.614624782382375,2025-11-23T03:15:14.000Z
401760416,40176041634,401760416764,23,5,Colorado State,Mountain West,14,Boise State,Mountain West,34,Boise State,Colorado State,4,"{'minutes': 11, 'seconds': 8}",3,3,6,6,2,1,0,False,Pass Incompletion,No Huddle-Shotgun #3 D.Curry pass incomplete short left to #24 J.Kinnard thrown to BOI01,-0.559897003697418,2025-11-23T03:15:27.000Z
401760416,40176041634,401760416767,23,6,Colorado State,Mountain West,21,Boise State,Mountain West,34,Boise State,Colorado State,4,"{'minutes': 9, 'seconds': 32}",3,3,6,6,3,1,6,True,Passing Touchdown,"No Huddle-Shotgun #3 D.Curry pass complete short middle to #6 T.Lanier caught at BOI00, for 6 yards to the BOI00 TOUCHDOWN, clock 09:32, 1ST DOWN #98 I.Hankins kick attempt good (H: #83 B.Hansen, LS: #56 W.Himebauch)",2.503471310880126,2025-11-23T03:15:45.000Z
401760416,40176041636,401760416775,24,1,Colorado State,Mountain West,21,Boise State,Mountain West,34,Boise State,Colorado State,4,"{'minutes': 9, 'seconds': 31}",3,3,65,65,1,10,0,False,Kickoff,"#98 I.Hankins onside kickoff 16 yards to the BOI49, End Of Play",,2025-11-23T03:16:07.000Z
401760416,40176041636,401760416805,24,8,Boise State,Mountain West,42,Colorado State,Mountain West,21,Boise State,Colorado State,4,"{'minutes': 5, 'seconds': 48}",2,3,76,24,2,7,0,False,Timeout,"Timeout Boise State, clock 05:48",,2025-11-23T03:23:13.000Z
401760416,40176041636,401760416779,24,2,Boise State,Mountain West,34,Colorado State,Mountain West,21,Boise State,Colorado State,4,"{'minutes': 9, 'seconds': 31}",3,3,49,51,1,10,8,False,Rush,Shotgun #26 S.Gaines rush middle for 8 yards gain to the CSU43 (#13 J.Jarmolowich),0.8604842386778613,2025-11-23T03:18:21.000Z
401760416,40176041636,401760416783,24,3,Boise State,Mountain West,34,Colorado State,Mountain West,21,Boise State,Colorado State,4,"{'minutes': 9, 'seconds': 31}",3,3,57,43,2,2,5,False,Rush,"#26 S.Gaines rush right for 5 yards gain to the CSU38 (#12 J.Bellah; #40 O.Long), 1ST DOWN",-0.0317096833701103,2025-11-23T03:19:04.000Z
401760416,40176041636,401760416787,24,4,Boise State,Mountain West,34,Colorado State,Mountain West,21,Boise State,Colorado State,4,"{'minutes': 9, 'seconds': 31}",3,3,62,38,1,10,7,False,Rush,Shotgun #26 S.Gaines rush middle for 7 yards gain to the CSU31 (#40 O.Long; #13 J.Jarmolowich),0.423978038879877,2025-11-23T03:19:47.000Z
401760416,40176041636,401760416791,24,5,Boise State,Mountain West,34,Colorado State,Mountain West,21,Boise State,Colorado State,4,"{'minutes': 9, 'seconds': 31}",3,3,69,31,2,3,4,False,Rush,"Shotgun #26 S.Gaines rush left for 4 yards gain to the CSU27 (#55 A.Laurich; #12 J.Bellah), 1ST DOWN",-0.070666231686175,2025-11-23T03:20:30.000Z
401760416,40176041636,401760416795,24,6,Boise State,Mountain West,34,Colorado State,Mountain West,21,Boise State,Colorado State,4,"{'minutes': 9, 'seconds': 31}",3,3,73,27,1,10,3,False,Rush,Shotgun #26 S.Gaines rush middle for 3 yards gain to the CSU24 (#12 J.Bellah; #23 J.Mitchell),-0.152495975717313,2025-11-23T03:21:16.000Z
401760416,40176041636,401760416799,24,7,Boise State,Mountain West,42,Colorado State,Mountain West,21,Boise State,Colorado State,4,"{'minutes': 5, 'seconds': 48}",3,3,76,24,2,7,24,True,Rushing Touchdown,"Shotgun #8 M.Sherrod rush middle for 24 yards gain to the CSU00 TOUCHDOWN, clock 05:48, 1ST DOWN #80 C.Bates pass attempt Successful",2.893776817108799,2025-11-23T03:21:58.000Z
401760416,40176041638,401760416811,25,1,Boise State,Mountain West,42,Colorado State,Mountain West,21,Boise State,Colorado State,4,"{'minutes': 5, 'seconds': 43}",2,3,35,65,1,10,14,False,Kickoff,(05:48) #35 C.Boomer kickoff 38 yards to the CSU27 #81 R.Beers return 14 yards to the CSU41 (#33 J.Alanis),,2025-11-23T03:27:20.000Z
401760416,40176041638,401760416816,25,2,Colorado State,Mountain West,21,Boise State,Mountain West,42,Boise State,Colorado State,4,"{'minutes': 5, 'seconds': 36}",3,2,59,59,1,10,0,False,Pass Incompletion,(05:43) Shotgun #3 D.Curry pass incomplete short right thrown to CSU38 QB hurried by #41 B.Phelps,-1.1387859939569847,2025-11-23T03:28:08.000Z
401760416,40176041638,401760416819,25,3,Colorado State,Mountain West,21,Boise State,Mountain West,42,Boise State,Colorado State,4,"{'minutes': 5, 'seconds': 22}",3,2,59,59,2,10,37,False,Pass Interception Return,"(05:35) No Huddle-Shotgun #3 D.Curry pass intercepted by #6 J.Earby at BOI23 #6 J.Earby return 37 yards to the CSU40 (#81 R.Beers) PENALTY CSU Chop Block (#65 P.Ocon) 15 yards from CSU40 to CSU25, 1ST DOWN",-1.202201656244588,2025-11-23T03:29:10.000Z
401760416,40176041639,401760416829,26,1,Boise State,Mountain West,42,Colorado State,Mountain West,21,Boise State,Colorado State,4,"{'minutes': 5, 'seconds': 23}",1,3,75,25,1,10,0,False,Timeout,"Timeout Boise State, clock 05:23",,2025-11-23T03:31:14.000Z
401760416,40176041639,401760416843,26,5,Boise State,Mountain West,42,Colorado State,Mountain West,21,Boise State,Colorado State,4,"{'minutes': 3, 'seconds': 21}",0,3,81,19,3,4,0,False,Timeout,"Timeout Boise State, clock 03:21",,2025-11-23T03:35:07.000Z
401760416,40176041639,401760416827,26,2,Boise State,Mountain West,42,Colorado State,Mountain West,21,Boise State,Colorado State,4,"{'minutes': 5, 'seconds': 13}",1,3,75,25,1,10,2,False,Rush,(05:21) Shotgun #28 S.Knothe rush middle for 2 yards gain to the CSU23 (#40 O.Long),-0.2434763543774955,2025-11-23T03:32:30.000Z
401760416,40176041639,401760416833,26,3,Boise State,Mountain West,42,Colorado State,Mountain West,21,Boise State,Colorado State,4,"{'minutes': 4, 'seconds': 35}",1,3,77,23,2,8,4,False,Rush,(04:42) Shotgun #28 S.Knothe rush right for 4 yards gain to the CSU19 (#49 J.Tafia),-0.051659775067391,2025-11-23T03:33:13.000Z
401760416,40176041639,401760416837,26,4,Boise State,Mountain West,42,Colorado State,Mountain West,21,Boise State,Colorado State,4,"{'minutes': 4, 'seconds': 2}",1,3,81,19,3,4,6,False,Rush,"(04:08) Shotgun #28 S.Knothe rush middle for 6 yards gain to the CSU13 (#56 K.Agurs), 1ST DOWN",0.456291276665097,2025-11-23T03:33:58.000Z
401760416,40176041639,401760416841,26,6,Boise State,Mountain West,42,Colorado State,Mountain West,21,Boise State,Colorado State,4,"{'minutes': 3, 'seconds': 12}",0,3,87,13,1,10,4,False,Rush,(03:17) Shotgun #28 S.Knothe rush middle for 4 yards gain to the CSU09 (#44 J.Ellis),-0.017336858055032,2025-11-23T03:35:56.000Z
401760416,40176041639,401760416846,26,7,Boise State,Mountain West,49,Colorado State,Mountain West,21,Boise State,Colorado State,4,"{'minutes': 2, 'seconds': 29}",0,3,91,9,2,6,9,True,Rushing Touchdown,"(02:35) Shotgun #28 S.Knothe rush middle for 9 yards gain to the CSU00 TOUCHDOWN, clock 02:29, 1ST DOWN #35 C.Boomer kick attempt good (H: #37 O.Doyle, LS: #42 M.Hutton)",2.556266073100879,2025-11-23T03:36:39.000Z
401760416,40176041641,401760416866,27,5,Colorado State,Mountain West,21,Boise State,Mountain West,49,Boise State,Colorado State,4,"{'minutes': 1, 'seconds': 57}",2,0,75,75,2,10,0,False,Timeout,"Timeout Colorado State, clock 01:57",,2025-11-23T03:40:44.000Z
401760416,40176041641,401760416853,27,1,Boise State,Mountain West,49,Colorado State,Mountain West,21,Boise State,Colorado State,4,"{'minutes': 2, 'seconds': 29}",0,3,35,65,1,10,0,False,Kickoff,"(02:29) #35 C.Boomer kickoff 65 yards to the CSU00, Touchback",,2025-11-23T03:37:32.000Z
401760416,40176041641,401760416856,27,2,Colorado State,Mountain West,21,Boise State,Mountain West,49,Boise State,Colorado State,4,"{'minutes': 2, 'seconds': 24}",3,0,75,75,1,10,0,False,Rush,(02:29) Shotgun #25 L.Avant rush right for 0 yards to the CSU25 (#38 T.Anderson),-0.7029700220436519,2025-11-23T03:39:50.000Z
401760416,40176041641,401760416867,27,3,Colorado State,Mountain West,21,Boise State,Mountain West,49,Boise State,Colorado State,4,"{'minutes': 2, 'seconds': 4}",3,0,75,75,2,10,10,False,Penalty,"(02:04) No Huddle-Shotgun #3 D.Curry sacked for loss of 10 yards to the CSU15 (#44 S.Brackett-Lambey) PENALTY BOI Holding 10 yards from CSU25 to CSU35, 1ST DOWN. NO PLAY",,2025-11-23T03:41:46.000Z
401760416,40176041641,401760416864,27,4,Colorado State,Mountain West,21,Boise State,Mountain West,49,Boise State,Colorado State,4,"{'minutes': 1, 'seconds': 57}",3,0,65,65,1,10,15,False,Penalty,"(01:57) Shotgun #3 D.Curry pass complete deep right to #81 R.Beers caught at BOI36, for 32 yards to the BOI33 (#10 D.Ganter Jr.) PENALTY CSU Pass Interference (#81 R.Beers) 15 yards from CSU35 to CSU20. NO PLAY",,2025-11-23T03:44:07.000Z
401760416,40176041641,401760416876,27,6,Colorado State,Mountain West,21,Boise State,Mountain West,49,Boise State,Colorado State,4,"{'minutes': 1, 'seconds': 28}",2,0,80,80,1,25,0,False,Pass Incompletion,(01:36) No Huddle-Shotgun #3 D.Curry pass incomplete short middle to #81 R.Beers thrown to CSU30,-0.12143896006858412,2025-11-23T03:44:54.000Z
401760416,40176041641,401760416879,27,7,Colorado State,Mountain West,21,Boise State,Mountain West,49,Boise State,Colorado State,4,"{'minutes': 1, 'seconds': 17}",2,0,80,80,2,25,7,False,Pass Reception,"(01:25) No Huddle-Shotgun #3 D.Curry pass complete short right to #25 L.Avant caught at CSU15, for 7 yards to the CSU27 (#10 D.Ganter Jr.)",0.0461233484712853,2025-11-23T03:45:28.000Z
401760416,40176041641,401760416884,27,8,Colorado State,Mountain West,21,Boise State,Mountain West,49,Boise State,Colorado State,4,"{'minutes': 0, 'seconds': 40}",2,0,73,73,3,18,8,False,Rush,(00:53) No Huddle-Shotgun #3 D.Curry rush middle for 8 yards gain to the CSU35 (#55 M.Tuioti),0.10814206434891993,2025-11-23T03:46:09.000Z
401760416,40176041641,401760416889,27,9,Colorado State,Mountain West,21,Boise State,Mountain West,49,Boise State,Colorado State,4,"{'minutes': 0, 'seconds': 7}",2,0,65,65,4,10,0,False,Pass Incompletion,"(00:10) No Huddle-Shotgun #3 D.Curry pass incomplete short left to #86 L.Bell thrown to CSU45, TURNOVER ON DOWNS",0.16023599423365997,2025-11-23T03:46:45.000Z
401760416,40176041642,401760416893,28,1,Boise State,Mountain West,49,Colorado State,Mountain West,21,Boise State,Colorado State,4,"{'minutes': 0, 'seconds': 7}",0,2,65,35,1,10,-1,False,Rush,(00:07) Kneel down by #14 M.Cutforth at CSU36 for loss of 1 yard,-0.86676624303499,2025-11-23T03:47:42.000Z
401760416,40176041642,401760416898,28,2,Boise State,Mountain West,49,Colorado State,Mountain West,21,Boise State,Colorado State,4,"{'minutes': 0, 'seconds': 0}",0,2,65,35,1,10,-1,False,End Period,End of 4th quarter.,-0.86676624303499,2025-11-23T03:47:57.000Z
401760422,4017604222,4017604223,1,1,Boise State,Mountain West,0,Utah State,Mountain West,0,Utah State,Boise State,1,"{'minutes': 15, 'seconds': 0}",3,3,65,65,1,10,0,False,Kickoff,"#35 C.Boomer kickoff 65 yards to the USU00, Touchback",,2025-11-28T21:05:15.000Z
401760422,4017604222,40176042224,1,5,Utah State,Mountain West,0,Boise State,Mountain West,0,Utah State,Boise State,1,"{'minutes': 15, 'seconds': 0}",3,3,56,44,3,6,15,False,Penalty,"Shotgun #16 B.Barnes pass incomplete deep left to #5 B.Boyd thrown to BSU01 PENALTY BSU Pass Interference (#6 J.Earby) 15 yards from BSU44 to BSU29, 1ST DOWN. NO PLAY",,2025-11-28T21:09:41.000Z
401760422,4017604222,40176042221,1,4,Utah State,Mountain West,0,Boise State,Mountain West,0,Utah State,Boise State,1,"{'minutes': 15, 'seconds': 0}",3,3,56,44,2,6,0,False,Pass Incompletion,Shotgun #16 B.Barnes pass incomplete deep right to #11 B.Pegan thrown to BSU15,-1.108332357564981,2025-11-28T21:08:55.000Z
401760422,4017604222,40176042240,1,9,Utah State,Mountain West,0,Boise State,Mountain West,0,Utah State,Boise State,1,"{'minutes': 13, 'seconds': 6}",3,3,75,25,3,6,5,False,Penalty,"Shotgun #16 B.Barnes pass intercepted by #6 J.Earby at BSU20 #6 J.Earby return 80 yards to the USU00 TOUCHDOWN nullified by penalty, clock 13:06 PENALTY BSU Pass Interference (#6 J.Earby) 5 yards from BSU25 to BSU20, 1ST DOWN. NO PLAY",,2025-11-28T21:12:16.000Z
401760422,4017604222,40176042212,1,2,Utah State,Mountain West,0,Boise State,Mountain West,0,Utah State,Boise State,1,"{'minutes': 15, 'seconds': 0}",3,3,25,75,1,10,27,False,Rush,"(15:00) Shotgun #16 B.Barnes rush right for 27 yards gain to the BSU48 (#14 D.Freeney), out of bounds, 1ST DOWN",2.3915212834413646,2025-11-28T21:08:01.000Z
401760422,4017604222,40176042216,1,3,Utah State,Mountain West,0,Boise State,Mountain West,0,Utah State,Boise State,1,"{'minutes': 15, 'seconds': 0}",3,3,52,48,1,10,4,False,Pass Reception,"Shotgun #16 B.Barnes pass complete short right to #2 M.Davis caught at BSU50, for 4 yards to the BSU44 (#0 T.Benefield; #21 Z.Washington)",-0.1319374071745773,2025-11-28T21:08:26.000Z
401760422,4017604222,40176042231,1,7,Utah State,Mountain West,0,Boise State,Mountain West,0,Utah State,Boise State,1,"{'minutes': 15, 'seconds': 0}",3,3,66,34,1,15,0,False,Rush,Shotgun #8 J.Jacobs rush right for 0 yards to the BSU34 (#51 R.Caywood),-0.7330699853410467,2025-11-28T21:10:47.000Z
401760422,4017604222,40176042235,1,8,Utah State,Mountain West,0,Boise State,Mountain West,0,Utah State,Boise State,1,"{'minutes': 15, 'seconds': 0}",3,3,66,34,2,15,9,False,Pass Reception,"Shotgun #16 B.Barnes pass complete short left to #83 J.Sterzer caught at BSU28, for 9 yards to the BSU25 (#0 T.Benefield; #21 Z.Washington)",0.693710505807248,2025-11-28T21:11:18.000Z
401760422,4017604222,40176042251,1,10,Utah State,Mountain West,0,Boise State,Mountain West,0,Utah State,Boise State,1,"{'minutes': 13, 'seconds': 6}",3,3,80,20,1,10,19,False,Rush,"Shotgun #2 M.Davis rush left for 19 yards gain to the BSU01 (#0 T.Benefield), 1ST DOWN",1.679906453911256,2025-11-28T21:13:46.000Z
401760422,4017604222,40176042228,1,6,Utah State,Mountain West,0,Boise State,Mountain West,0,Utah State,Boise State,1,"{'minutes': 15, 'seconds': 0}",3,3,71,29,1,10,5,False,Penalty,PENALTY USU False Start (#18 K.Kaio) 5 yards from BSU29 to BSU34. NO PLAY,,2025-11-28T21:10:16.000Z
401760422,4017604222,40176042255,1,11,Utah State,Mountain West,7,Boise State,Mountain West,0,Utah State,Boise State,1,"{'minutes': 12, 'seconds': 29}",3,3,99,1,1,1,1,True,Rushing Touchdown,"Shotgun #16 B.Barnes rush right for 1 yard gain to the BSU00 TOUCHDOWN, clock 12:29 #14 T.Rinker kick attempt good (H: #16 L.Rehkow, LS: #13 H.Hatch)",0.938021275120443,2025-11-28T21:14:00.000Z
401760422,4017604224,40176042262,2,1,Utah State,Mountain West,7,Boise State,Mountain West,0,Utah State,Boise State,1,"{'minutes': 12, 'seconds': 24}",3,3,35,65,1,10,19,False,Kickoff,(12:29) #21 C.Brown kickoff 62 yards to the BSU03 #8 M.Sherrod return 19 yards to the BSU22 (#15 D.Mayes),,2025-11-28T21:17:25.000Z
401760422,4017604224,40176042288,2,8,Boise State,Mountain West,0,Utah State,Mountain West,7,Utah State,Boise State,1,"{'minutes': 10, 'seconds': 57}",3,3,66,66,4,10,0,False,Punt,(11:03) #37 O.Doyle punt 49 yards to the USU17 fair catch by #7 K.Davis at USU17,,2025-11-28T21:21:21.000Z
401760422,4017604224,40176042267,2,2,Boise State,Mountain West,0,Utah State,Mountain West,7,Utah State,Boise State,1,"{'minutes': 12, 'seconds': 16}",3,3,78,78,1,10,-2,False,Rush,(12:24) #24 D.Riley rush left for 2 yards loss to the BSU20 (#34 D.Tucker),-0.7686606851401576,2025-11-28T21:18:04.000Z
401760422,4017604224,40176042271,2,3,Boise State,Mountain West,0,Utah State,Mountain West,7,Utah State,Boise State,1,"{'minutes': 11, 'seconds': 49}",3,3,80,80,2,12,0,False,Pass Incompletion,(11:52) #14 M.Cutforth pass incomplete short middle to #80 C.Bates thrown to BSU33 broken up by #14 B.Olevao Jr.,-0.20725879472445552,2025-11-28T21:18:35.000Z
401760422,4017604224,40176042274,2,4,Boise State,Mountain West,0,Utah State,Mountain West,7,Utah State,Boise State,1,"{'minutes': 11, 'seconds': 42}",3,3,80,80,3,12,14,False,Pass Reception,"(11:46) #14 M.Cutforth pass complete short left to #13 C.Penry caught at BSU34, for 14 yards to the BSU34 (#1 N.Avinger), out of bounds, 1ST DOWN",1.9111348924761211,2025-11-28T21:18:56.000Z
401760422,4017604224,40176042279,2,5,Boise State,Mountain West,0,Utah State,Mountain West,7,Utah State,Boise State,1,"{'minutes': 11, 'seconds': 12}",3,3,66,66,1,10,0,False,Pass Incompletion,(11:14) #14 M.Cutforth pass incomplete short right to #5 C.Marshall thrown to BSU48,-0.9864556271674072,2025-11-28T21:19:34.000Z
401760422,4017604224,40176042282,2,6,Boise State,Mountain West,0,Utah State,Mountain West,7,Utah State,Boise State,1,"{'minutes': 11, 'seconds': 9}",3,3,66,66,2,10,0,False,Pass Incompletion,(11:11) #14 M.Cutforth pass incomplete short right to #24 D.Riley thrown to BSU35,-0.5706151419644927,2025-11-28T21:20:12.000Z
401760422,4017604224,40176042285,2,7,Boise State,Mountain West,0,Utah State,Mountain West,7,Utah State,Boise State,1,"{'minutes': 11, 'seconds': 2}",3,3,66,66,3,10,0,False,Pass Incompletion,(11:09) #14 M.Cutforth pass incomplete deep middle to #25 Q.Brown thrown to USU30,-0.28370867933155,2025-11-28T21:20:45.000Z
401760422,4017604225,40176042295,3,1,Utah State,Mountain West,7,Boise State,Mountain West,0,Utah State,Boise State,1,"{'minutes': 10, 'seconds': 51}",3,3,17,83,1,10,6,False,Fumble Recovery (Opponent),"(10:53) Shotgun #16 B.Barnes rush left for 6 yards gain to the USU23 fumbled by #16 B.Barnes at USU22 recovered by BSU #5 J.Virgin-Morgan at USU23 #5 J.Virgin-Morgan return 0 yards to the USU23, End Of Play",-0.4648174174483426,2025-11-28T21:24:27.000Z
401760422,4017604226,401760422119,4,4,Boise State,Mountain West,0,Utah State,Mountain West,7,Utah State,Boise State,1,"{'minutes': 9, 'seconds': 21}",2,3,14,14,4,1,0,False,Timeout,"Timeout Boise State, clock 09:21",,2025-11-28T21:30:00.000Z
401760422,4017604226,401760422131,4,8,Utah State,Mountain West,7,Boise State,Mountain West,0,Utah State,Boise State,1,"{'minutes': 8, 'seconds': 5}",2,2,10,90,3,10,0,False,Timeout,"Timeout Utah State, clock 08:05",,2025-11-28T21:33:04.000Z
401760422,4017604226,401760422133,4,10,Boise State,Mountain West,3,Utah State,Mountain West,7,Utah State,Boise State,1,"{'minutes': 7, 'seconds': 58}",2,2,10,10,4,10,27,True,Field Goal Good,"(08:01) #35 C.Boomer field goal attempt from 27 yards GOOD (H: #37 O.Doyle, LS: #42 M.Hutton), clock 07:58",,2025-11-28T21:34:36.000Z
401760422,4017604226,401760422105,4,1,Boise State,Mountain West,0,Utah State,Mountain West,7,Utah State,Boise State,1,"{'minutes': 10, 'seconds': 39}",3,3,23,23,1,10,4,False,Rush,(10:51) #24 D.Riley rush middle for 4 yards gain to the USU19 (#0 E.Migao),-0.0314047953383095,2025-11-28T21:25:14.000Z
401760422,4017604226,401760422109,4,2,Boise State,Mountain West,0,Utah State,Mountain West,7,Utah State,Boise State,1,"{'minutes': 10, 'seconds': 15}",3,3,19,19,2,6,3,False,Rush,(10:19) #24 D.Riley rush middle for 3 yards gain to the USU16 (#14 B.Olevao Jr.; #44 B.Maile),-0.139063559467601,2025-11-28T21:25:42.000Z
401760422,4017604226,401760422113,4,3,Boise State,Mountain West,0,Utah State,Mountain West,7,Utah State,Boise State,1,"{'minutes': 10, 'seconds': 0}",3,3,16,16,3,3,2,False,Rush,(10:08) #26 S.Gaines rush middle for 2 yards gain to the USU14 (#18 I.Larsen; #20 J.Miller),-0.260776316520081,2025-11-28T21:29:01.000Z
401760422,4017604226,401760422117,4,5,Boise State,Mountain West,0,Utah State,Mountain West,7,Utah State,Boise State,1,"{'minutes': 9, 'seconds': 15}",2,3,14,14,4,1,4,False,Rush,"(09:21) #26 S.Gaines rush middle for 4 yards gain to the USU10 (#0 E.Migao; #28 C.Tujague), 1ST DOWN",0.581395507147778,2025-11-28T21:30:59.000Z
401760422,4017604226,401760422122,4,6,Boise State,Mountain West,0,Utah State,Mountain West,7,Utah State,Boise State,1,"{'minutes': 8, 'seconds': 39}",2,3,10,10,1,10,0,False,Pass Incompletion,(08:45) #14 M.Cutforth pass incomplete short left to #85 M.Lauter thrown to USU00,-0.2853930592519426,2025-11-28T21:31:37.000Z
401760422,4017604226,401760422125,4,7,Boise State,Mountain West,0,Utah State,Mountain West,7,Utah State,Boise State,1,"{'minutes': 8, 'seconds': 31}",2,3,10,10,2,10,0,False,Rush,(08:38) #26 S.Gaines rush middle for 0 yards to the USU10 (#20 J.Miller; #28 C.Tujague),-0.2792458253567104,2025-11-28T21:32:09.000Z
401760422,4017604226,401760422129,4,9,Boise State,Mountain West,0,Utah State,Mountain West,7,Utah State,Boise State,1,"{'minutes': 8, 'seconds': 1}",2,2,10,10,3,10,0,False,Pass Incompletion,(08:05) #14 M.Cutforth pass incomplete short left to #80 C.Bates thrown to USU00 QB hurried by #32 C.Doty,-0.435155339591331,2025-11-28T21:33:52.000Z
401760422,4017604228,401760422136,5,1,Boise State,Mountain West,3,Utah State,Mountain West,7,Utah State,Boise State,1,"{'minutes': 7, 'seconds': 58}",2,2,65,65,1,10,0,False,Kickoff,"(07:58) #35 C.Boomer kickoff 65 yards to the USU00, Touchback",,2025-11-28T21:34:38.000Z
401760422,4017604228,401760422151,5,5,Utah State,Mountain West,7,Boise State,Mountain West,3,Utah State,Boise State,1,"{'minutes': 7, 'seconds': 4}",2,2,22,78,4,13,0,False,Punt,(07:04) #16 L.Rehkow punt 39 yards to the BSU39 fair catch by #8 M.Sherrod at BSU39 PENALTY USU Kick Catch Interference (#29 G.Kafentzis) 15 yards from BSU39 to USU46,,2025-11-28T21:39:50.000Z
401760422,4017604228,401760422139,5,2,Utah State,Mountain West,7,Boise State,Mountain West,3,Utah State,Boise State,1,"{'minutes': 7, 'seconds': 54}",2,2,25,75,1,10,0,False,Pass Incompletion,(07:58) Shotgun #16 B.Barnes pass incomplete short right to #11 B.Pegan thrown to USU25,-0.7029700220436519,2025-11-28T21:37:47.000Z
401760422,4017604228,401760422142,5,3,Utah State,Mountain West,7,Boise State,Mountain West,3,Utah State,Boise State,1,"{'minutes': 7, 'seconds': 12}",2,2,25,75,2,10,-3,False,Fumble Recovery (Own),(07:54) Shotgun #10 A.Garcia rush middle for 3 yards loss to the USU22 fumbled by #10 A.Garcia at USU22 forced by #95 M.Stege recovered by USU #23 N.White at USU22 (#5 J.Virgin-Morgan; #23 S.Smith),-0.4634377557441667,2025-11-28T21:38:41.000Z
401760422,4017604228,401760422148,5,4,Utah State,Mountain West,7,Boise State,Mountain West,3,Utah State,Boise State,1,"{'minutes': 7, 'seconds': 7}",2,2,22,78,3,13,0,False,Pass Incompletion,(07:12) Shotgun #16 B.Barnes pass incomplete short right to #7 K.Davis thrown to USU25 broken up by #23 S.Smith,-0.09376798712265356,2025-11-28T21:39:34.000Z
401760422,4017604229,401760422157,6,1,Boise State,Mountain West,3,Utah State,Mountain West,7,Utah State,Boise State,1,"{'minutes': 6, 'seconds': 57}",2,2,46,46,1,10,8,False,Rush,(07:03) #24 D.Riley rush middle for 8 yards gain to the USU38 (#4 B.Hamblin; #28 C.Tujague),0.7522360030063563,2025-11-28T21:40:44.000Z
401760422,4017604229,401760422161,6,2,Boise State,Mountain West,3,Utah State,Mountain West,7,Utah State,Boise State,1,"{'minutes': 6, 'seconds': 20}",2,2,38,38,2,2,1,False,Rush,(06:26) #24 D.Riley rush middle for 1 yard gain to the USU37 (#10 G.Iniguez Jr.; #14 B.Olevao Jr.),-0.7755478481426245,2025-11-28T21:41:20.000Z
401760422,4017604229,401760422165,6,3,Boise State,Mountain West,3,Utah State,Mountain West,7,Utah State,Boise State,1,"{'minutes': 5, 'seconds': 44}",2,2,37,37,3,1,26,False,Pass Reception,"(05:53) #14 M.Cutforth pass complete short left to #88 M.Wagner caught at USU35, for 26 yards to the USU11 (#14 B.Olevao Jr.; #20 J.Miller), out of bounds, 1ST DOWN",1.0448598399028075,2025-11-28T21:41:54.000Z
401760422,4017604229,401760422170,6,4,Boise State,Mountain West,10,Utah State,Mountain West,7,Utah State,Boise State,1,"{'minutes': 5, 'seconds': 7}",2,2,11,11,1,10,11,True,Passing Touchdown,"(05:15) #14 M.Cutforth pass complete short left to #88 M.Wagner caught at USU13, for 11 yards to the USU00 TOUCHDOWN, clock 05:07, 1ST DOWN #35 C.Boomer kick attempt good (H: #37 O.Doyle, LS: #42 M.Hutton)",2.521739413367925,2025-11-28T21:42:37.000Z
401760422,40176042211,401760422180,7,1,Boise State,Mountain West,10,Utah State,Mountain West,7,Utah State,Boise State,1,"{'minutes': 5, 'seconds': 7}",2,2,65,65,1,10,0,False,Kickoff,"(05:07) #35 C.Boomer kickoff 65 yards to the USU00, Touchback",,2025-11-28T21:45:08.000Z
401760422,40176042211,401760422183,7,2,Utah State,Mountain West,7,Boise State,Mountain West,10,Utah State,Boise State,1,"{'minutes': 5, 'seconds': 0}",2,2,25,75,1,10,-3,False,Rush,(05:07) Shotgun #16 B.Barnes rush middle for 3 yards loss to the USU22 (#41 B.Phelps),-0.9562833890771465,2025-11-28T21:47:58.000Z
401760422,40176042211,401760422187,7,3,Utah State,Mountain West,7,Boise State,Mountain West,10,Utah State,Boise State,1,"{'minutes': 4, 'seconds': 26}",2,2,22,78,2,13,22,False,Pass Reception,"(04:38) Shotgun #16 B.Barnes pass complete short middle to #7 K.Davis caught at USU35, for 22 yards to the USU44 (#21 Z.Washington), 1ST DOWN",2.663855727419162,2025-11-28T21:48:28.000Z
401760422,40176042211,401760422192,7,4,Utah State,Mountain West,14,Boise State,Mountain West,10,Utah State,Boise State,1,"{'minutes': 4, 'seconds': 5}",2,2,44,56,1,10,56,True,Rushing Touchdown,"(04:13) Shotgun #8 J.Jacobs rush right for 56 yards gain to the BSU00 TOUCHDOWN, clock 04:05, 1ST DOWN #14 T.Rinker kick attempt good (H: #16 L.Rehkow, LS: #13 H.Hatch)",4.370182781379306,2025-11-28T21:48:50.000Z
401760422,40176042213,401760422224,8,7,Boise State,Mountain West,10,Utah State,Mountain West,14,Utah State,Boise State,1,"{'minutes': 2, 'seconds': 38}",2,2,47,47,4,11,0,False,Punt,"(02:46) #37 O.Doyle punt 47 yards to the USU00, Touchback",,2025-11-28T21:58:15.000Z
401760422,40176042213,401760422199,8,1,Utah State,Mountain West,14,Boise State,Mountain West,10,Utah State,Boise State,1,"{'minutes': 4, 'seconds': 0}",2,2,35,65,1,10,18,False,Kickoff,(04:05) #21 C.Brown kickoff 60 yards to the BSU05 #8 M.Sherrod return 18 yards to the BSU23 (#14 B.Olevao Jr.),,2025-11-28T21:51:55.000Z
401760422,40176042213,401760422210,8,3,Boise State,Mountain West,10,Utah State,Mountain West,14,Utah State,Boise State,1,"{'minutes': 3, 'seconds': 47}",2,2,46,46,1,10,5,False,Penalty,PENALTY BSU False Start (#85 M.Lauter) 5 yards from USU46 to BSU49. NO PLAY,,2025-11-28T21:53:56.000Z
401760422,40176042213,401760422204,8,2,Boise State,Mountain West,10,Utah State,Mountain West,14,Utah State,Boise State,1,"{'minutes': 3, 'seconds': 54}",2,2,77,77,1,10,16,False,Pass Reception,"(04:00) #14 M.Cutforth pass complete short right to #80 C.Bates caught at BSU38, for 16 yards to the BSU39 (#34 D.Tucker), out of bounds, 1ST DOWN, PENALTY USU UNS: Unsportsmanlike Conduct 15 yards from BSU39 to USU46, 1ST DOWN",1.3553410577245308,2025-11-28T21:52:38.000Z
401760422,40176042213,401760422213,8,4,Boise State,Mountain West,10,Utah State,Mountain West,14,Utah State,Boise State,1,"{'minutes': 3, 'seconds': 29}",2,2,51,51,1,15,4,False,Pass Reception,"(03:38) #14 M.Cutforth pass complete short right to #13 C.Penry caught at USU47, for 4 yards to the USU47 (#11 B.Taylor), out of bounds",-0.1639275457430464,2025-11-28T21:54:23.000Z
401760422,40176042213,401760422218,8,5,Boise State,Mountain West,10,Utah State,Mountain West,14,Utah State,Boise State,1,"{'minutes': 2, 'seconds': 54}",2,2,47,47,2,11,0,False,Pass Incompletion,(03:06) #14 M.Cutforth pass incomplete short left to #80 C.Bates thrown to USU42,-1.0351525342717718,2025-11-28T21:56:50.000Z
401760422,40176042213,401760422221,8,6,Boise State,Mountain West,10,Utah State,Mountain West,14,Utah State,Boise State,1,"{'minutes': 2, 'seconds': 46}",2,2,47,47,3,11,0,False,Pass Incompletion,(02:54) #14 M.Cutforth pass incomplete short left to #80 C.Bates thrown to USU35 broken up by #20 J.Miller,-0.7572422608093561,2025-11-28T21:57:33.000Z
401760422,40176042214,401760422241,9,4,Utah State,Mountain West,14,Boise State,Mountain West,10,Utah State,Boise State,1,"{'minutes': 1, 'seconds': 41}",2,2,19,81,4,11,0,False,Punt,(01:49) #16 L.Rehkow punt 51 yards to the BSU30,,2025-11-28T22:01:14.000Z
401760422,40176042214,401760422232,9,2,Utah State,Mountain West,14,Boise State,Mountain West,10,Utah State,Boise State,1,"{'minutes': 1, 'seconds': 59}",2,2,19,81,2,11,0,False,Pass Incompletion,(02:04) Shotgun #16 B.Barnes pass incomplete deep right to #11 B.Pegan thrown to BSU50,-0.21903706809052714,2025-11-28T21:59:41.000Z
401760422,40176042214,401760422228,9,1,Utah State,Mountain West,14,Boise State,Mountain West,10,Utah State,Boise State,1,"{'minutes': 2, 'seconds': 31}",2,2,20,80,1,10,-1,False,Rush,(02:38) Shotgun #2 M.Davis rush middle for 1 yard loss to the USU19 (#95 M.Stege),-0.6343354265717327,2025-11-28T21:59:08.000Z
401760422,40176042214,401760422235,9,3,Utah State,Mountain West,14,Boise State,Mountain West,10,Utah State,Boise State,1,"{'minutes': 1, 'seconds': 53}",2,2,19,81,3,11,0,False,Pass Incompletion,(01:59) Shotgun #16 B.Barnes pass incomplete short right thrown to USU20 PENALTY USU Holding declined,-0.09682294158419678,2025-11-28T22:00:26.000Z
401760422,40176042215,401760422254,10,3,Boise State,Mountain West,10,Utah State,Mountain West,14,Utah State,Boise State,1,"{'minutes': 0, 'seconds': 20}",2,2,65,65,3,5,5,False,Penalty,PENALTY BSU False Start (#72 Z.Holmes) 5 yards from BSU35 to BSU30. NO PLAY,,2025-11-28T22:03:28.000Z
401760422,40176042215,401760422245,10,1,Boise State,Mountain West,10,Utah State,Mountain West,14,Utah State,Boise State,1,"{'minutes': 1, 'seconds': 35}",2,2,70,70,1,10,6,False,Rush,(01:41) #24 D.Riley rush middle for 6 yards gain to the BSU36 (#17 M.Brown; #4 B.Hamblin),0.3731544450397237,2025-11-28T22:02:03.000Z
401760422,40176042215,401760422268,10,2,Boise State,Mountain West,10,Utah State,Mountain West,14,Utah State,Boise State,1,"{'minutes': 1, 'seconds': 3}",2,2,64,64,2,4,-1,False,Rush,(01:03) #25 Q.Brown rush left for 1 yard loss to the BSU35 (#1 N.Avinger),-1.184936883208338,2025-11-28T22:06:10.000Z
401760422,40176042215,401760422257,10,4,Boise State,Mountain West,10,Utah State,Mountain West,14,Utah State,Boise State,1,"{'minutes': 0, 'seconds': 2}",2,2,70,70,3,10,14,False,Pass Reception,"(00:02) #14 M.Cutforth pass complete short middle to #13 C.Penry caught at BSU43, for 14 yards to the BSU44, End Of Play, 1ST DOWN",2.645863949904234,2025-11-28T22:04:06.000Z
401760422,40176042215,401760422265,10,5,Boise State,Mountain West,10,Utah State,Mountain West,14,Utah State,Boise State,1,"{'minutes': 0, 'seconds': 0}",2,2,70,70,3,10,14,False,End Period,End of 1st quarter.,2.645863949904234,2025-11-28T22:04:26.000Z
401760422,40176042215,401760422273,10,6,Boise State,Mountain West,10,Utah State,Mountain West,14,Utah State,Boise State,2,"{'minutes': 14, 'seconds': 47}",2,2,56,56,1,10,11,False,Pass Reception,"(15:00) #14 M.Cutforth pass complete short middle to #88 M.Wagner caught at BSU48, for 11 yards to the USU45 (#10 G.Iniguez Jr.), 1ST DOWN",0.893668696312238,2025-11-28T22:08:19.000Z
401760422,40176042215,401760422280,10,7,Boise State,Mountain West,10,Utah State,Mountain West,14,Utah State,Boise State,2,"{'minutes': 14, 'seconds': 12}",2,2,45,45,1,10,23,False,Pass Reception,"(14:21) #14 M.Cutforth pass complete deep right to #3 L.Caples caught at USU21, for 23 yards to the USU22 (#1 N.Avinger), 1ST DOWN",0.828891318418608,2025-11-28T22:08:56.000Z
401760422,40176042215,401760422285,10,8,Boise State,Mountain West,10,Utah State,Mountain West,14,Utah State,Boise State,2,"{'minutes': 13, 'seconds': 38}",2,2,22,22,1,10,0,False,Pass Incompletion,(13:44) #14 M.Cutforth pass incomplete short left to #80 C.Bates thrown to USU05 broken up by #1 N.Avinger,-0.402662020534962,2025-11-28T22:09:33.000Z
401760422,40176042215,401760422288,10,9,Boise State,Mountain West,10,Utah State,Mountain West,14,Utah State,Boise State,2,"{'minutes': 13, 'seconds': 31}",2,2,22,22,2,10,3,False,Rush,(13:37) #26 S.Gaines rush middle for 3 yards gain to the USU19 (#4 B.Hamblin; #9 T.Morris),-0.1601845789118066,2025-11-28T22:10:16.000Z
401760422,40176042215,401760422292,10,10,Boise State,Mountain West,10,Utah State,Mountain West,14,Utah State,Boise State,2,"{'minutes': 12, 'seconds': 50}",2,2,19,19,3,7,5,False,Pass Reception,"(12:59) #14 M.Cutforth pass complete short left to #80 C.Bates caught at USU15, for 5 yards to the USU14 (#18 I.Larsen)",0.0422220732247656,2025-11-28T22:10:54.000Z
401760422,40176042215,401760422297,10,11,Boise State,Mountain West,10,Utah State,Mountain West,14,Utah State,Boise State,2,"{'minutes': 12, 'seconds': 20}",2,2,14,14,4,2,0,False,Pass Incompletion,"(12:22) #14 M.Cutforth pass incomplete short left to #5 C.Marshall thrown to USU10, TURNOVER ON DOWNS",-3.831752707129537,2025-11-28T22:11:31.000Z
401760422,40176042216,401760422336,11,6,Utah State,Mountain West,14,Boise State,Mountain West,10,Utah State,Boise State,2,"{'minutes': 9, 'seconds': 55}",2,2,35,65,4,3,0,False,Punt,(09:58) #16 L.Rehkow punt 40 yards to the BSU25 fair catch by #8 M.Sherrod at BSU25,,2025-11-28T22:21:34.000Z
401760422,40176042216,401760422301,11,1,Utah State,Mountain West,14,Boise State,Mountain West,10,Utah State,Boise State,2,"{'minutes': 12, 'seconds': 12}",2,2,14,86,1,10,2,False,Pass Reception,"(12:20) Shotgun #16 B.Barnes pass complete short right to #5 B.Boyd caught at USU13, for 2 yards to the USU16 (#6 J.Earby; #0 T.Benefield)",-0.27305302769881834,2025-11-28T22:14:33.000Z
401760422,40176042216,401760422306,11,2,Utah State,Mountain West,14,Boise State,Mountain West,10,Utah State,Boise State,2,"{'minutes': 11, 'seconds': 39}",2,2,16,84,2,8,12,False,Pass Reception,"(11:47) Shotgun #16 B.Barnes pass complete short left to #8 J.Jacobs caught at USU15, for 12 yards to the USU28 (#41 B.Phelps), 1ST DOWN",1.0774871317616652,2025-11-28T22:15:05.000Z
401760422,40176042216,401760422311,11,3,Utah State,Mountain West,14,Boise State,Mountain West,10,Utah State,Boise State,2,"{'minutes': 11, 'seconds': 5}",2,2,28,72,1,10,7,False,Pass Reception,"(11:13) Shotgun #16 B.Barnes pass complete short right to #11 B.Pegan caught at USU35, for 7 yards to the USU35 (#0 T.Benefield; #41 B.Phelps)",0.6473671294139649,2025-11-28T22:15:40.000Z
401760422,40176042216,401760422329,11,4,Utah State,Mountain West,14,Boise State,Mountain West,10,Utah State,Boise State,2,"{'minutes': 10, 'seconds': 43}",2,2,35,65,2,3,0,False,Pass Incompletion,"(10:43) Shotgun #16 B.Barnes pass incomplete short middle to #5 B.Boyd thrown to USU41 broken up by #0 T.Benefield. The previous play is under automatic review - ""Incomplete pass"". CALL OVERTURNED. (Original Play: (10:43) Shotgun #16 B.Barnes pass complete short left to #5 B.Boyd caught at USU41, for 6 yards to the USU41 fumbled by #5 B.Boyd at USU41 forced by #0 T.Benefield recovered by USU #5 B.Boyd at USU41 (#0 T.Benefield), 1ST DOWN)",-1.089007191755849,2025-11-28T22:19:40.000Z
401760422,40176042216,401760422333,11,5,Utah State,Mountain West,14,Boise State,Mountain West,10,Utah State,Boise State,2,"{'minutes': 10, 'seconds': 2}",2,2,35,65,3,3,0,False,Pass Incompletion,(10:05) Shotgun #16 B.Barnes pass incomplete short left to #5 B.Boyd thrown to USU40 broken up by #53 M.Notarainni,-0.5955568593275284,2025-11-28T22:20:59.000Z
401760422,40176042217,401760422382,12,11,Boise State,Mountain West,10,Utah State,Mountain West,14,Utah State,Boise State,2,"{'minutes': 4, 'seconds': 16}",2,2,26,26,4,4,43,False,Field Goal Missed,"(04:19) #35 C.Boomer field goal attempt from 43 yards NO GOOD (H: #37 O.Doyle, LS: #42 M.Hutton), clock 04:16",,2025-11-28T22:34:35.000Z
401760422,40176042217,401760422340,12,1,Boise State,Mountain West,10,Utah State,Mountain West,14,Utah State,Boise State,2,"{'minutes': 9, 'seconds': 48}",2,2,75,75,1,10,21,False,Rush,"(09:55) #24 D.Riley rush left for 21 yards gain to the BSU46 (#4 B.Hamblin), out of bounds, 1ST DOWN",1.8928575820361135,2025-11-28T22:24:13.000Z
401760422,40176042217,401760422344,12,2,Boise State,Mountain West,10,Utah State,Mountain West,14,Utah State,Boise State,2,"{'minutes': 9, 'seconds': 18}",2,2,54,54,1,10,4,False,Rush,(09:25) #24 D.Riley rush right for 4 yards gain to the BSU50 (#1 N.Avinger; #34 D.Tucker),-0.1577860825649198,2025-11-28T22:24:49.000Z
401760422,40176042217,401760422348,12,3,Boise State,Mountain West,10,Utah State,Mountain West,14,Utah State,Boise State,2,"{'minutes': 8, 'seconds': 39}",2,2,50,50,2,6,0,False,Rush,(08:46) Shotgun #24 D.Riley rush middle for 0 yards to the BSU50 (#20 J.Miller; #17 M.Brown),-1.1612087107801834,2025-11-28T22:25:26.000Z
401760422,40176042217,401760422352,12,4,Boise State,Mountain West,10,Utah State,Mountain West,14,Utah State,Boise State,2,"{'minutes': 7, 'seconds': 55}",2,2,50,50,3,6,8,False,Rush,"(08:05) Shotgun #14 M.Cutforth rush middle for 8 yards gain to the USU42 (#12 B.Arnold III), 1ST DOWN",2.208956859458187,2025-11-28T22:26:09.000Z
401760422,40176042217,401760422356,12,5,Boise State,Mountain West,10,Utah State,Mountain West,14,Utah State,Boise State,2,"{'minutes': 7, 'seconds': 20}",2,2,42,42,1,10,-1,False,Rush,(07:28) Shotgun #8 M.Sherrod rush middle for 1 yard loss to the USU43 (#1 N.Avinger; #18 I.Larsen),-1.12591037688377,2025-11-28T22:26:45.000Z
401760422,40176042217,401760422360,12,6,Boise State,Mountain West,10,Utah State,Mountain West,14,Utah State,Boise State,2,"{'minutes': 6, 'seconds': 35}",2,2,43,43,2,11,8,False,Pass Reception,"(06:45) Shotgun #14 M.Cutforth pass complete short left to #8 M.Sherrod caught at USU48, for 8 yards to the USU35 (#18 I.Larsen)",0.7115747674140335,2025-11-28T22:28:40.000Z
401760422,40176042217,401760422365,12,7,Boise State,Mountain West,10,Utah State,Mountain West,14,Utah State,Boise State,2,"{'minutes': 6, 'seconds': 25}",2,2,35,35,3,3,3,False,Rush,"(06:31) Shotgun #26 S.Gaines rush middle for 3 yards gain to the USU32 (#4 B.Hamblin), 1ST DOWN",0.8377516554528981,2025-11-28T22:31:49.000Z
401760422,40176042217,401760422369,12,8,Boise State,Mountain West,10,Utah State,Mountain West,14,Utah State,Boise State,2,"{'minutes': 5, 'seconds': 44}",2,2,32,32,1,10,4,False,Rush,(05:50) Shotgun #26 S.Gaines rush middle for 4 yards gain to the USU28 (#18 I.Larsen),-0.0558269791892986,2025-11-28T22:32:30.000Z
401760422,40176042217,401760422375,12,9,Boise State,Mountain West,10,Utah State,Mountain West,14,Utah State,Boise State,2,"{'minutes': 5, 'seconds': 4}",2,2,28,28,2,6,2,False,Rush,(05:11) Shotgun #26 S.Gaines rush middle for 2 yards gain to the USU26 (#14 B.Olevao Jr.; #9 T.Morris),-0.347768265053556,2025-11-28T22:33:09.000Z
401760422,40176042217,401760422379,12,10,Boise State,Mountain West,10,Utah State,Mountain West,14,Utah State,Boise State,2,"{'minutes': 4, 'seconds': 21}",2,2,26,26,3,4,0,False,Pass Incompletion,(04:25) Shotgun #14 M.Cutforth pass incomplete short left to #26 S.Gaines thrown to USU20 broken up by #25 C.Joe,-0.781217181701596,2025-11-28T22:33:55.000Z
401760422,40176042218,401760422420,13,9,Utah State,Mountain West,14,Boise State,Mountain West,10,Utah State,Boise State,2,"{'minutes': 2, 'seconds': 9}",2,2,79,21,3,10,10,False,Penalty,"(02:09) Shotgun #16 B.Barnes pass intercepted by #0 T.Benefield at BSU00, Touchback PENALTY BSU Targeting (#95 M.Stege) 10 yards from BSU21 to BSU11, 1ST DOWN. NO PLAY",,2025-11-28T22:44:53.000Z
401760422,40176042218,401760422386,13,1,Utah State,Mountain West,14,Boise State,Mountain West,10,Utah State,Boise State,2,"{'minutes': 4, 'seconds': 7}",2,2,26,74,1,10,4,False,Rush,(04:16) Shotgun #16 B.Barnes rush right for 28 yards gain (4) to the BSU46 (#6 J.Earby; #20 J.Mickey) PENALTY USU Holding (#83 J.Sterzer) 10 yards from USU30 to USU20,-0.119587621105615,2025-11-28T22:35:25.000Z
401760422,40176042218,401760422391,13,2,Utah State,Mountain West,14,Boise State,Mountain West,10,Utah State,Boise State,2,"{'minutes': 3, 'seconds': 54}",2,2,20,80,1,16,9,False,Pass Reception,"(04:00) Shotgun #16 B.Barnes pass complete short left to #8 J.Jacobs caught at USU17, for 9 yards to the USU29 (#0 T.Benefield; #21 Z.Washington) PENALTY BSU Roughing The Passer (#20 J.Mickey) 15 yards from USU29 to USU44, 1ST DOWN",0.5630809797523266,2025-11-28T22:36:24.000Z
401760422,40176042218,401760422397,13,3,Utah State,Mountain West,14,Boise State,Mountain West,10,Utah State,Boise State,2,"{'minutes': 3, 'seconds': 39}",2,2,44,56,1,10,14,False,Pass Reception,"(03:50) Shotgun #16 B.Barnes pass complete short middle to #8 J.Jacobs caught at BSU47, for 14 yards to the BSU42 (#20 J.Mickey), 1ST DOWN",1.075247309807182,2025-11-28T22:38:32.000Z
401760422,40176042218,401760422402,13,4,Utah State,Mountain West,14,Boise State,Mountain West,10,Utah State,Boise State,2,"{'minutes': 3, 'seconds': 18}",2,2,58,42,1,10,3,False,Rush,(03:26) Shotgun #2 M.Davis rush middle for 3 yards gain to the BSU39 (#53 M.Notarainni),-0.2936970531139116,2025-11-28T22:38:56.000Z
401760422,40176042218,401760422406,13,5,Utah State,Mountain West,14,Boise State,Mountain West,10,Utah State,Boise State,2,"{'minutes': 2, 'seconds': 53}",2,2,61,39,2,7,0,False,Pass Incompletion,(02:57) Shotgun #16 B.Barnes pass incomplete short right thrown to BSU35 QB hurried by #53 M.Notarainni,-0.9908118029689649,2025-11-28T22:39:25.000Z
401760422,40176042218,401760422409,13,6,Utah State,Mountain West,14,Boise State,Mountain West,10,Utah State,Boise State,2,"{'minutes': 2, 'seconds': 45}",2,2,61,39,3,7,18,False,Pass Reception,"(02:52) Shotgun #16 B.Barnes pass complete short right to #8 J.Jacobs caught at BSU42, for 18 yards to the BSU21 (#41 B.Phelps), out of bounds, 1ST DOWN",1.9471475138595076,2025-11-28T22:40:07.000Z
401760422,40176042218,401760422414,13,7,Utah State,Mountain West,14,Boise State,Mountain West,10,Utah State,Boise State,2,"{'minutes': 2, 'seconds': 16}",2,2,79,21,1,10,0,False,Pass Incompletion,(02:21) Shotgun #10 A.Garcia pass incomplete deep right to #11 B.Pegan thrown to BSU00 broken up by #23 S.Smith,-0.3882383440694163,2025-11-28T22:40:45.000Z
401760422,40176042218,401760422417,13,8,Utah State,Mountain West,14,Boise State,Mountain West,10,Utah State,Boise State,2,"{'minutes': 2, 'seconds': 9}",2,2,79,21,2,10,0,False,Pass Incompletion,(02:13) Shotgun #16 B.Barnes pass incomplete short right to #8 J.Jacobs thrown to BSU19 QB hurried by #51 R.Caywood,-0.4964187188337484,2025-11-28T22:41:26.000Z
401760422,40176042218,401760422424,13,10,Utah State,Mountain West,21,Boise State,Mountain West,10,Utah State,Boise State,2,"{'minutes': 1, 'seconds': 55}",2,2,89,11,1,10,11,True,Rushing Touchdown,"(02:00) Shotgun #2 M.Davis rush left for 11 yards gain to the BSU00 TOUCHDOWN, clock 01:55, 1ST DOWN #14 T.Rinker kick attempt good (H: #16 L.Rehkow, LS: #13 H.Hatch)",2.521739413367925,2025-11-28T22:48:18.000Z
401760422,40176042220,401760422431,14,1,Utah State,Mountain West,21,Boise State,Mountain West,10,Utah State,Boise State,2,"{'minutes': 1, 'seconds': 55}",2,2,35,65,1,10,0,False,Kickoff,(01:55) #21 C.Brown kickoff 62 yards to the BSU03 fair catch by #8 M.Sherrod at BSU03,,2025-11-28T22:49:03.000Z
401760422,40176042220,401760422439,14,3,Boise State,Mountain West,10,Utah State,Mountain West,21,Utah State,Boise State,2,"{'minutes': 1, 'seconds': 39}",2,2,71,71,2,6,5,False,Penalty,(01:39) Shotgun #14 M.Cutforth pass incomplete short right to #13 C.Penry thrown to BSU47 PENALTY USU Illegal Substitution 5 yards from BSU29 to BSU34. NO PLAY,,2025-11-28T22:52:42.000Z
401760422,40176042220,401760422463,14,8,Utah State,Mountain West,21,Boise State,Mountain West,10,Utah State,Boise State,2,"{'minutes': 1, 'seconds': 2}",1,2,45,55,3,1,0,False,Timeout,"Timeout Utah State, clock 01:02",,2025-11-28T22:55:32.000Z
401760422,40176042220,401760422487,14,14,Boise State,Mountain West,10,Utah State,Mountain West,21,Utah State,Boise State,2,"{'minutes': 0, 'seconds': 35}",1,1,22,22,1,10,0,False,Timeout,"Timeout Boise State, clock 00:35",,2025-11-28T22:59:28.000Z
401760422,40176042220,401760422497,14,18,Boise State,Mountain West,13,Utah State,Mountain West,21,Utah State,Boise State,2,"{'minutes': 0, 'seconds': 12}",1,1,15,15,4,3,32,True,Field Goal Good,"(00:15) #35 C.Boomer field goal attempt from 32 yards GOOD (H: #37 O.Doyle, LS: #42 M.Hutton), clock 00:12",,2025-11-28T23:03:51.000Z
401760422,40176042220,401760422434,14,2,Boise State,Mountain West,10,Utah State,Mountain West,21,Utah State,Boise State,2,"{'minutes': 1, 'seconds': 45}",2,2,75,75,1,10,4,False,Pass Reception,"(01:55) Shotgun #14 M.Cutforth pass complete short right to #13 C.Penry caught at BSU30, for 4 yards to the BSU29 (#1 N.Avinger)",-0.1142886249388964,2025-11-28T22:52:17.000Z
401760422,40176042220,401760422445,14,4,Boise State,Mountain West,10,Utah State,Mountain West,21,Utah State,Boise State,2,"{'minutes': 1, 'seconds': 32}",2,2,66,66,2,1,0,False,Pass Incompletion,(01:32) Shotgun #14 M.Cutforth pass incomplete short right to #8 M.Sherrod thrown to BSU40,-1.2753422217375716,2025-11-28T22:53:19.000Z
401760422,40176042220,401760422448,14,5,Boise State,Mountain West,10,Utah State,Mountain West,21,Utah State,Boise State,2,"{'minutes': 1, 'seconds': 25}",2,2,66,66,3,1,12,False,Rush,"(01:25) Shotgun #8 M.Sherrod rush left for 12 yards gain to the BSU46 (#18 I.Larsen; #34 D.Tucker), out of bounds, 1ST DOWN",1.9158914439850612,2025-11-28T22:54:18.000Z
401760422,40176042220,401760422453,14,6,Boise State,Mountain West,10,Utah State,Mountain West,21,Utah State,Boise State,2,"{'minutes': 1, 'seconds': 20}",2,2,54,54,1,10,0,False,Pass Incompletion,(01:20) Shotgun #14 M.Cutforth pass incomplete deep left to #80 C.Bates thrown to USU32,-1.1590089706435955,2025-11-28T22:54:41.000Z
401760422,40176042220,401760422456,14,7,Boise State,Mountain West,10,Utah State,Mountain West,21,Utah State,Boise State,2,"{'minutes': 1, 'seconds': 5}",2,2,54,54,2,10,9,False,Pass Reception,"(01:17) Shotgun #14 M.Cutforth pass complete short middle to #8 M.Sherrod caught at USU45, for 9 yards to the USU45 (#4 B.Hamblin)",1.109523512471588,2025-11-28T22:55:02.000Z
401760422,40176042220,401760422461,14,9,Boise State,Mountain West,10,Utah State,Mountain West,21,Utah State,Boise State,2,"{'minutes': 0, 'seconds': 57}",2,1,45,45,3,1,2,False,Rush,"(01:00) Shotgun #8 M.Sherrod rush middle for 2 yards gain to the USU43 (#20 J.Miller; #18 I.Larsen), 1ST DOWN",0.8820129079263612,2025-11-28T22:56:29.000Z
401760422,40176042220,401760422466,14,10,Boise State,Mountain West,10,Utah State,Mountain West,21,Utah State,Boise State,2,"{'minutes': 0, 'seconds': 51}",2,1,43,43,1,10,11,False,Pass Reception,"(00:55) Shotgun #14 M.Cutforth pass complete short left to #13 C.Penry caught at USU32, for 11 yards to the USU32, out of bounds at USU32, 1ST DOWN",0.4808506623418918,2025-11-28T22:57:07.000Z
401760422,40176042220,401760422471,14,11,Boise State,Mountain West,10,Utah State,Mountain West,21,Utah State,Boise State,2,"{'minutes': 0, 'seconds': 46}",2,1,32,32,1,10,4,False,Pass Reception,"(00:50) Shotgun #14 M.Cutforth pass complete short left to #8 M.Sherrod caught at USU29, for 4 yards to the USU28 (#1 N.Avinger), out of bounds",-0.0558269791892986,2025-11-28T22:57:46.000Z
401760422,40176042220,401760422476,14,12,Boise State,Mountain West,10,Utah State,Mountain West,21,Utah State,Boise State,2,"{'minutes': 0, 'seconds': 39}",2,1,28,28,2,6,4,False,Pass Reception,"(00:45) Shotgun #14 M.Cutforth pass complete short left to #8 M.Sherrod caught at USU32, for 4 yards to the USU24 (#1 N.Avinger), out of bounds",-0.0620825348136315,2025-11-28T22:58:15.000Z
401760422,40176042220,401760422481,14,13,Boise State,Mountain West,10,Utah State,Mountain West,21,Utah State,Boise State,2,"{'minutes': 0, 'seconds': 35}",2,1,24,24,3,2,2,False,Rush,"(00:39) Shotgun #26 S.Gaines rush middle for 2 yards gain to the USU22 (#10 G.Iniguez Jr.; #0 E.Migao), 1ST DOWN",0.3418061729434325,2025-11-28T22:59:00.000Z
401760422,40176042220,401760422485,14,15,Boise State,Mountain West,10,Utah State,Mountain West,21,Utah State,Boise State,2,"{'minutes': 0, 'seconds': 26}",1,1,22,22,1,10,0,False,Pass Incompletion,(00:35) Shotgun #14 M.Cutforth pass incomplete short left to #5 C.Marshall thrown to USU17,-0.402662020534962,2025-11-28T23:00:22.000Z
401760422,40176042220,401760422489,14,16,Boise State,Mountain West,10,Utah State,Mountain West,21,Utah State,Boise State,2,"{'minutes': 0, 'seconds': 20}",1,1,22,22,2,10,0,False,Pass Incompletion,(00:26) Shotgun #14 M.Cutforth pass incomplete short middle to #5 C.Marshall thrown to USU05,-0.5229247355568223,2025-11-28T23:01:00.000Z
401760422,40176042220,401760422492,14,17,Boise State,Mountain West,10,Utah State,Mountain West,21,Utah State,Boise State,2,"{'minutes': 0, 'seconds': 16}",1,1,22,22,3,10,7,False,Pass Reception,"(00:21) Shotgun #14 M.Cutforth pass complete short left to #85 M.Lauter caught at USU15, for 7 yards to the USU15 (#4 B.Hamblin), out of bounds",0.2916141188614853,2025-11-28T23:03:07.000Z
401760422,40176042222,401760422500,15,1,Boise State,Mountain West,13,Utah State,Mountain West,21,Utah State,Boise State,2,"{'minutes': 0, 'seconds': 12}",1,1,65,65,1,10,0,False,Kickoff,"(00:12) #35 C.Boomer kickoff 65 yards to the USU00, Touchback",,2025-11-28T23:03:54.000Z
401760422,40176042222,401760422508,15,3,Utah State,Mountain West,21,Boise State,Mountain West,13,Utah State,Boise State,2,"{'minutes': 0, 'seconds': 0}",1,1,25,75,1,10,-1,False,End Period,End of 2nd quarter.,-0.8014893508157099,2025-11-28T23:06:21.000Z
401760422,40176042222,401760422503,15,2,Utah State,Mountain West,21,Boise State,Mountain West,13,Utah State,Boise State,2,"{'minutes': 0, 'seconds': 12}",1,1,25,75,1,10,-1,False,Rush,(00:12) Kneel down by #16 B.Barnes at USU24 for loss of 1 yard,-0.8014893508157099,2025-11-28T23:05:59.000Z
401760422,40176042224,401760422513,16,1,Utah State,Mountain West,21,Boise State,Mountain West,13,Utah State,Boise State,3,"{'minutes': 15, 'seconds': 0}",3,3,35,65,1,10,0,False,Kickoff,"(15:00) #21 C.Brown kickoff 65 yards to the BSU00, Touchback",,2025-11-28T23:26:11.000Z
401760422,40176042224,401760422518,16,2,Boise State,Mountain West,13,Utah State,Mountain West,21,Utah State,Boise State,3,"{'minutes': 14, 'seconds': 52}",3,3,75,75,1,10,10,False,Rush,"(15:00) #24 D.Riley rush right for 10 yards gain to the BSU35 (#18 I.Larsen; #4 B.Hamblin), 1ST DOWN",0.8350381090299867,2025-11-28T23:28:27.000Z
401760422,40176042224,401760422522,16,3,Boise State,Mountain West,13,Utah State,Mountain West,21,Utah State,Boise State,3,"{'minutes': 14, 'seconds': 21}",3,3,65,65,1,10,0,False,Pass Incompletion,(14:24) #14 M.Cutforth pass incomplete short left to #5 C.Marshall thrown to BSU45,-1.0146424556055624,2025-11-28T23:29:03.000Z
401760422,40176042224,401760422525,16,4,Boise State,Mountain West,13,Utah State,Mountain West,21,Utah State,Boise State,3,"{'minutes': 14, 'seconds': 13}",3,3,65,65,2,10,8,False,Pass Reception,"(14:21) Shotgun #14 M.Cutforth pass complete short right to #3 L.Caples caught at BSU40, for 8 yards to the BSU43 (#1 N.Avinger; #14 B.Olevao Jr.)",0.7010838908334129,2025-11-28T23:29:41.000Z
401760422,40176042224,401760422530,16,5,Boise State,Mountain West,13,Utah State,Mountain West,21,Utah State,Boise State,3,"{'minutes': 13, 'seconds': 22}",3,3,57,57,3,2,3,False,Pass Reception,"(13:37) Shotgun #14 M.Cutforth pass complete short left to #24 D.Riley caught at BSU45, for 3 yards to the BSU46 (#20 J.Miller), 1ST DOWN",1.3713780377782763,2025-11-28T23:30:24.000Z
401760422,40176042224,401760422535,16,6,Boise State,Mountain West,13,Utah State,Mountain West,21,Utah State,Boise State,3,"{'minutes': 12, 'seconds': 46}",3,3,54,54,1,10,4,False,Rush,(12:56) Shotgun #24 D.Riley rush middle for 4 yards gain to the BSU50 (#20 J.Miller),-0.1577860825649198,2025-11-28T23:31:04.000Z
401760422,40176042224,401760422539,16,7,Boise State,Mountain West,13,Utah State,Mountain West,21,Utah State,Boise State,3,"{'minutes': 12, 'seconds': 18}",3,3,50,50,2,6,0,False,Pass Incompletion,(12:22) Shotgun #14 M.Cutforth pass incomplete short right to #5 C.Marshall thrown to USU47,-1.1612087107801834,2025-11-28T23:31:39.000Z
401760422,40176042224,401760422542,16,8,Boise State,Mountain West,13,Utah State,Mountain West,21,Utah State,Boise State,3,"{'minutes': 12, 'seconds': 12}",3,3,50,50,3,6,2,False,Rush,(12:19) Shotgun #24 D.Riley rush middle for 2 yards gain to the USU48 (#32 C.Doty),-0.5575216428193972,2025-11-28T23:32:17.000Z
401760422,40176042224,401760422548,16,9,Boise State,Mountain West,13,Utah State,Mountain West,21,Utah State,Boise State,3,"{'minutes': 11, 'seconds': 31}",3,3,48,48,4,4,0,False,Pass Incompletion,"(11:35) Shotgun #14 M.Cutforth pass incomplete short left to #13 C.Penry thrown to USU32, TURNOVER ON DOWNS",-0.9385860261502916,2025-11-28T23:33:00.000Z
401760422,40176042225,401760422562,17,4,Utah State,Mountain West,21,Boise State,Mountain West,13,Utah State,Boise State,3,"{'minutes': 10, 'seconds': 37}",3,3,46,54,4,12,1,False,Punt Return,(10:44) #16 L.Rehkow punt 39 yards to the BSU15 #8 M.Sherrod return 1 yard to the BSU16 (#20 J.Miller),,2025-11-28T23:37:44.000Z
401760422,40176042225,401760422552,17,1,Utah State,Mountain West,21,Boise State,Mountain West,13,Utah State,Boise State,3,"{'minutes': 11, 'seconds': 24}",3,3,48,52,1,10,0,False,Pass Incompletion,(11:30) #16 B.Barnes pass incomplete short right to #5 B.Boyd thrown to BSU40 QB hurried by #5 J.Virgin-Morgan,-1.1430602484821704,2025-11-28T23:35:59.000Z
401760422,40176042225,401760422555,17,2,Utah State,Mountain West,21,Boise State,Mountain West,13,Utah State,Boise State,3,"{'minutes': 11, 'seconds': 14}",3,3,48,52,2,10,-2,False,Rush,(11:23) #2 M.Davis rush right for 2 yards loss to the USU46 (#51 R.Caywood),-1.2991167948952613,2025-11-28T23:36:31.000Z
401760422,40176042225,401760422559,17,3,Utah State,Mountain West,21,Boise State,Mountain West,13,Utah State,Boise State,3,"{'minutes': 10, 'seconds': 46}",3,3,46,54,3,12,0,False,Pass Incompletion,(10:54) #16 B.Barnes pass incomplete deep left to #7 K.Davis thrown to BSU30,-0.5006782310322428,2025-11-28T23:37:02.000Z
401760422,40176042226,401760422592,18,7,Boise State,Mountain West,13,Utah State,Mountain West,21,Utah State,Boise State,3,"{'minutes': 7, 'seconds': 32}",3,3,59,59,4,14,14,False,Punt Return,(07:40) #37 O.Doyle punt 44 yards to the USU15 #7 K.Davis return 14 yards to the USU29 (#34 D.Calhoun; #55 M.Tuioti),,2025-11-28T23:44:14.000Z
401760422,40176042226,401760422568,18,1,Boise State,Mountain West,13,Utah State,Mountain West,21,Utah State,Boise State,3,"{'minutes': 10, 'seconds': 29}",3,3,84,84,1,10,3,False,Rush,(10:37) Shotgun #24 D.Riley rush left for 3 yards gain to the BSU19 (#34 D.Tucker; #17 M.Brown),-0.1951535561947866,2025-11-28T23:40:28.000Z
401760422,40176042226,401760422572,18,2,Boise State,Mountain West,13,Utah State,Mountain West,21,Utah State,Boise State,3,"{'minutes': 10, 'seconds': 0}",3,3,81,81,2,7,2,False,Rush,(10:06) Shotgun #24 D.Riley rush middle for 2 yards gain to the BSU21 (#20 J.Miller; #4 B.Hamblin),-0.23274053798571526,2025-11-28T23:40:58.000Z
401760422,40176042226,401760422576,18,3,Boise State,Mountain West,13,Utah State,Mountain West,21,Utah State,Boise State,3,"{'minutes': 9, 'seconds': 26}",3,3,79,79,3,5,24,False,Pass Reception,"(09:36) Shotgun #14 M.Cutforth pass complete short right to #8 M.Sherrod caught at BSU31, for 24 yards to the BSU45 (#12 B.Arnold III), 1ST DOWN",2.7306501840678115,2025-11-28T23:41:41.000Z
401760422,40176042226,401760422581,18,4,Boise State,Mountain West,13,Utah State,Mountain West,21,Utah State,Boise State,3,"{'minutes': 8, 'seconds': 49}",3,3,55,55,1,10,3,False,Rush,(08:59) Shotgun #8 M.Sherrod rush middle for 3 yards gain to the BSU48 (#20 J.Miller),-0.4238622892911614,2025-11-28T23:42:17.000Z
401760422,40176042226,401760422585,18,5,Boise State,Mountain West,13,Utah State,Mountain West,21,Utah State,Boise State,3,"{'minutes': 8, 'seconds': 21}",3,3,52,52,2,7,0,False,Pass Incompletion,(08:26) Shotgun #14 M.Cutforth pass incomplete short left to #3 L.Caples thrown to USU44,-1.1089110823389845,2025-11-28T23:42:50.000Z
401760422,40176042226,401760422588,18,6,Boise State,Mountain West,13,Utah State,Mountain West,21,Utah State,Boise State,3,"{'minutes': 8, 'seconds': 13}",3,3,52,52,3,7,-7,False,Sack,(08:21) Shotgun #14 M.Cutforth sacked for loss of 7 yards to the BSU41 (#1 N.Avinger),-1.3364902824503142,2025-11-28T23:43:36.000Z
401760422,40176042227,401760422634,19,10,Utah State,Mountain West,21,Boise State,Mountain West,13,Utah State,Boise State,3,"{'minutes': 4, 'seconds': 13}",3,3,85,15,4,4,5,False,Penalty,PENALTY USU False Start (#65 T.Motu'apuaka) 5 yards from BSU15 to BSU20. NO PLAY,,2025-11-28T23:52:32.000Z
401760422,40176042227,401760422637,19,11,Utah State,Mountain West,24,Boise State,Mountain West,13,Utah State,Boise State,3,"{'minutes': 4, 'seconds': 9}",3,3,80,20,4,9,37,True,Field Goal Good,"(04:13) #14 T.Rinker field goal attempt from 37 yards GOOD (H: #16 L.Rehkow, LS: #13 H.Hatch), clock 04:09",,2025-11-28T23:53:02.000Z
401760422,40176042227,401760422598,19,1,Utah State,Mountain West,21,Boise State,Mountain West,13,Utah State,Boise State,3,"{'minutes': 7, 'seconds': 28}",3,3,29,71,1,10,0,False,Pass Incompletion,(07:32) Shotgun #16 B.Barnes pass incomplete short right to #11 B.Pegan thrown to USU34,-0.8305196050291288,2025-11-28T23:47:01.000Z
401760422,40176042227,401760422601,19,2,Utah State,Mountain West,21,Boise State,Mountain West,13,Utah State,Boise State,3,"{'minutes': 7, 'seconds': 23}",3,3,29,71,2,10,22,False,Pass Reception,"(07:28) Shotgun #16 B.Barnes pass complete short left to #10 A.Garcia caught at USU48, for 22 yards to the BSU49 QB hurried by #0 T.Benefield (#23 S.Smith), out of bounds, 1ST DOWN",2.843805926146845,2025-11-28T23:47:33.000Z
401760422,40176042227,401760422606,19,3,Utah State,Mountain West,21,Boise State,Mountain West,13,Utah State,Boise State,3,"{'minutes': 7, 'seconds': 3}",3,3,51,49,1,10,3,False,Rush,(07:07) Shotgun #2 M.Davis rush left for 3 yards gain to the BSU46 (#96 L.Sanusi),-0.375732386813203,2025-11-28T23:47:58.000Z
401760422,40176042227,401760422610,19,4,Utah State,Mountain West,21,Boise State,Mountain West,13,Utah State,Boise State,3,"{'minutes': 6, 'seconds': 33}",3,3,54,46,2,7,8,False,Rush,"(06:40) Shotgun #23 N.White rush left for 8 yards gain to the BSU38 (#21 Z.Washington; #23 S.Smith), out of bounds, 1ST DOWN",1.0434702898652632,2025-11-28T23:48:27.000Z
401760422,40176042227,401760422614,19,5,Utah State,Mountain West,21,Boise State,Mountain West,13,Utah State,Boise State,3,"{'minutes': 5, 'seconds': 57}",3,3,62,38,1,10,0,False,Pass Incompletion,(06:03) Shotgun #16 B.Barnes pass incomplete short right to #5 B.Boyd thrown to BSU23,-0.7828922522763084,2025-11-28T23:49:06.000Z
401760422,40176042227,401760422617,19,6,Utah State,Mountain West,21,Boise State,Mountain West,13,Utah State,Boise State,3,"{'minutes': 5, 'seconds': 49}",3,3,62,38,2,10,17,False,Rush,"(05:57) Shotgun #16 B.Barnes rush left for 17 yards gain to the BSU21, out of bounds at BSU21, 1ST DOWN",1.2451880870660035,2025-11-28T23:49:48.000Z
401760422,40176042227,401760422621,19,7,Utah State,Mountain West,21,Boise State,Mountain West,13,Utah State,Boise State,3,"{'minutes': 5, 'seconds': 17}",3,3,79,21,1,10,5,False,Rush,(05:24) Shotgun #16 B.Barnes rush left for 5 yards gain to the BSU16 (#23 S.Smith),0.07448863119052,2025-11-28T23:50:24.000Z
401760422,40176042227,401760422625,19,8,Utah State,Mountain West,21,Boise State,Mountain West,13,Utah State,Boise State,3,"{'minutes': 4, 'seconds': 43}",3,3,84,16,2,5,1,False,Rush,(04:51) Shotgun #2 M.Davis rush left for 1 yard gain to the BSU15 (#23 S.Smith),-0.32596031517189,2025-11-28T23:50:57.000Z
401760422,40176042227,401760422629,19,9,Utah State,Mountain West,21,Boise State,Mountain West,13,Utah State,Boise State,3,"{'minutes': 4, 'seconds': 13}",3,3,85,15,3,4,0,False,Pass Incompletion,(04:18) Shotgun #16 B.Barnes pass incomplete short right to #5 B.Boyd thrown to BSU00,-0.470565184220634,2025-11-28T23:51:28.000Z
401760422,40176042229,401760422640,20,1,Utah State,Mountain West,24,Boise State,Mountain West,13,Utah State,Boise State,3,"{'minutes': 4, 'seconds': 1}",3,3,35,65,1,10,25,False,Kickoff,"(04:09) #21 C.Brown kickoff 65 yards to the BSU00 #8 M.Sherrod return 25 yards to the BSU25 (#32 C.Doty), out of bounds",,2025-11-28T23:56:12.000Z
401760422,40176042229,401760422645,20,2,Boise State,Mountain West,13,Utah State,Mountain West,24,Utah State,Boise State,3,"{'minutes': 3, 'seconds': 49}",3,3,75,75,1,10,9,False,Pass Reception,"(04:01) Shotgun #14 M.Cutforth pass complete short middle to #85 M.Lauter caught at BSU34, for 9 yards to the BSU34 (#20 J.Miller)",1.252308359788624,2025-11-28T23:56:57.000Z
401760422,40176042229,401760422650,20,3,Boise State,Mountain West,19,Utah State,Mountain West,24,Utah State,Boise State,3,"{'minutes': 3, 'seconds': 17}",3,3,66,66,2,1,66,True,Passing Touchdown,"(03:28) Shotgun #14 M.Cutforth pass complete deep left to #25 Q.Brown caught at USU35, for 66 yards to the USU00 TOUCHDOWN, clock 03:17, 1ST DOWN #14 M.Cutforth pass attempt failed",4.825446759932698,2025-11-28T23:57:29.000Z
401760422,40176042231,401760422658,21,1,Boise State,Mountain West,19,Utah State,Mountain West,24,Utah State,Boise State,3,"{'minutes': 3, 'seconds': 17}",3,3,65,65,1,10,0,False,Kickoff,"(03:17) #35 C.Boomer kickoff 65 yards to the USU00, Touchback",,2025-11-28T23:59:03.000Z
401760422,40176042231,401760422670,21,4,Utah State,Mountain West,24,Boise State,Mountain West,19,Utah State,Boise State,3,"{'minutes': 2, 'seconds': 22}",3,3,58,42,1,10,5,False,Penalty,PENALTY USU False Start (#72 G.Maile) 5 yards from BSU42 to BSU47. NO PLAY,,2025-11-29T00:02:57.000Z
401760422,40176042231,401760422699,21,10,Boise State,Mountain West,19,Utah State,Mountain West,24,Utah State,Boise State,4,"{'minutes': 15, 'seconds': 0}",2,3,88,88,4,2,0,False,Timeout,"Timeout Boise State, clock 15:00",,2025-11-29T00:10:33.000Z
401760422,40176042231,401760422661,21,2,Utah State,Mountain West,24,Boise State,Mountain West,19,Utah State,Boise State,3,"{'minutes': 3, 'seconds': 9}",3,3,25,75,1,10,20,False,Rush,"(03:17) Shotgun #8 J.Jacobs rush left for 20 yards gain to the USU45 (#23 S.Smith), out of bounds, 1ST DOWN",1.8011418824049565,2025-11-29T00:01:51.000Z
401760422,40176042231,401760422665,21,3,Utah State,Mountain West,24,Boise State,Mountain West,19,Utah State,Boise State,3,"{'minutes': 2, 'seconds': 45}",3,3,45,55,1,10,13,False,Pass Reception,"(02:52) Shotgun #16 B.Barnes pass complete short right to #5 B.Boyd caught at BSU42, for 13 yards to the BSU42, out of bounds at BSU42, 1ST DOWN",0.981677765744241,2025-11-29T00:02:20.000Z
401760422,40176042231,401760422673,21,5,Utah State,Mountain West,24,Boise State,Mountain West,19,Utah State,Boise State,3,"{'minutes': 2, 'seconds': 2}",3,3,53,47,1,15,27,False,Rush,"(02:10) Shotgun #16 B.Barnes rush left for 27 yards gain to the BSU20 (#10 D.Ganter Jr.; #23 S.Smith), 1ST DOWN",1.6499434130568478,2025-11-29T00:03:55.000Z
401760422,40176042231,401760422677,21,6,Utah State,Mountain West,24,Boise State,Mountain West,19,Utah State,Boise State,3,"{'minutes': 1, 'seconds': 27}",3,3,80,20,1,10,2,False,Rush,(01:33) Shotgun #16 B.Barnes rush middle for 2 yards gain to the BSU18 (#41 B.Phelps),-0.205294804469698,2025-11-29T00:04:33.000Z
401760422,40176042231,401760422681,21,7,Utah State,Mountain West,24,Boise State,Mountain West,19,Utah State,Boise State,3,"{'minutes': 0, 'seconds': 56}",3,3,82,18,2,8,2,False,Rush,(01:03) Shotgun #16 B.Barnes rush left for 2 yards gain to the BSU16 (#5 J.Virgin-Morgan),-0.218312000938889,2025-11-29T00:05:03.000Z
401760422,40176042231,401760422685,21,8,Utah State,Mountain West,24,Boise State,Mountain West,19,Utah State,Boise State,3,"{'minutes': 0, 'seconds': 33}",3,3,84,16,3,6,4,False,Rush,(00:33) Shotgun #16 B.Barnes rush right for 4 yards gain to the BSU12 (#41 B.Phelps),-0.0546298785152663,2025-11-29T00:05:34.000Z
401760422,40176042231,401760422691,21,9,Utah State,Mountain West,24,Boise State,Mountain West,19,Utah State,Boise State,3,"{'minutes': 0, 'seconds': 0}",3,3,84,16,3,6,4,False,End Period,End of 3rd quarter.,-0.0546298785152663,2025-11-29T00:06:10.000Z
401760422,40176042231,401760422695,21,11,Utah State,Mountain West,24,Boise State,Mountain West,19,Utah State,Boise State,4,"{'minutes': 14, 'seconds': 56}",3,2,88,12,4,2,-2,False,Rush,"(15:00) Shotgun #16 B.Barnes rush left for 2 yards loss to the BSU14 (#10 D.Ganter Jr.; #51 R.Caywood), TURNOVER ON DOWNS",-3.9038355870444477,2025-11-29T00:11:24.000Z
401760422,40176042232,401760422743,22,11,Boise State,Mountain West,19,Utah State,Mountain West,24,Utah State,Boise State,4,"{'minutes': 10, 'seconds': 29}",2,3,38,38,4,14,0,False,Punt,"(10:31) #37 O.Doyle punt 38 yards to the USU00, Touchback",,2025-11-29T00:18:24.000Z
401760422,40176042232,401760422703,22,1,Boise State,Mountain West,19,Utah State,Mountain West,24,Utah State,Boise State,4,"{'minutes': 14, 'seconds': 42}",2,3,86,86,1,10,3,False,Rush,(14:56) Shotgun #24 D.Riley rush middle for 3 yards gain to the BSU17 (#14 B.Olevao Jr.; #4 B.Hamblin),-0.17692987996152973,2025-11-29T00:12:04.000Z
401760422,40176042232,401760422707,22,2,Boise State,Mountain West,19,Utah State,Mountain West,24,Utah State,Boise State,4,"{'minutes': 14, 'seconds': 14}",2,3,83,83,2,7,0,False,Pass Incompletion,(14:18) Shotgun #14 M.Cutforth pass incomplete short right to #88 M.Wagner thrown to BSU20,-0.3236427660430987,2025-11-29T00:12:41.000Z
401760422,40176042232,401760422710,22,3,Boise State,Mountain West,19,Utah State,Mountain West,24,Utah State,Boise State,4,"{'minutes': 14, 'seconds': 3}",2,3,83,83,3,7,7,False,Pass Reception,"(14:14) Shotgun #14 M.Cutforth pass complete short right to #24 D.Riley caught at BSU14, for 7 yards to the BSU24 (#25 C.Joe), 1ST DOWN",1.015021118917737,2025-11-29T00:13:22.000Z
401760422,40176042232,401760422715,22,4,Boise State,Mountain West,19,Utah State,Mountain West,24,Utah State,Boise State,4,"{'minutes': 13, 'seconds': 41}",2,3,76,76,1,10,4,False,Rush,(13:45) Shotgun #24 D.Riley rush middle for 4 yards gain to the BSU28 (#25 C.Joe),-0.1089877410850981,2025-11-29T00:13:47.000Z
401760422,40176042232,401760422719,22,5,Boise State,Mountain West,19,Utah State,Mountain West,24,Utah State,Boise State,4,"{'minutes': 13, 'seconds': 7}",2,3,72,72,2,6,1,False,Rush,(13:15) Shotgun #26 S.Gaines rush middle for 1 yard gain to the BSU29 (#20 J.Miller; #28 C.Tujague),-0.520888135012993,2025-11-29T00:14:19.000Z
401760422,40176042232,401760422723,22,6,Boise State,Mountain West,19,Utah State,Mountain West,24,Utah State,Boise State,4,"{'minutes': 12, 'seconds': 28}",2,3,71,71,3,5,21,False,Pass Reception,"(12:38) Shotgun #14 M.Cutforth pass complete short middle to #3 L.Caples caught at BSU42, for 21 yards to the BSU50, End Of Play, 1ST DOWN",2.934082287392509,2025-11-29T00:14:56.000Z
401760422,40176042232,401760422728,22,7,Boise State,Mountain West,19,Utah State,Mountain West,24,Utah State,Boise State,4,"{'minutes': 11, 'seconds': 52}",2,3,50,50,1,10,16,False,Pass Reception,"(11:58) Shotgun #14 M.Cutforth pass complete short left to #88 M.Wagner caught at USU45, for 16 yards to the USU34 (#1 N.Avinger), out of bounds, 1ST DOWN",0.904685771207703,2025-11-29T00:15:37.000Z
401760422,40176042232,401760422733,22,8,Boise State,Mountain West,19,Utah State,Mountain West,24,Utah State,Boise State,4,"{'minutes': 11, 'seconds': 19}",2,3,34,34,1,10,-4,False,Rush,"(11:29) Shotgun #3 L.Caples rush left for 4 yards loss to the USU38, End Of Play",-1.3959632052923183,2025-11-29T00:16:09.000Z
401760422,40176042232,401760422737,22,9,Boise State,Mountain West,19,Utah State,Mountain West,24,Utah State,Boise State,4,"{'minutes': 10, 'seconds': 40}",2,3,38,38,2,14,0,False,Pass Incompletion,(10:49) Shotgun #14 M.Cutforth pass incomplete short right thrown to USU35 QB hurried by #20 J.Miller,-1.015449744144485,2025-11-29T00:16:53.000Z
401760422,40176042232,401760422740,22,10,Boise State,Mountain West,19,Utah State,Mountain West,24,Utah State,Boise State,4,"{'minutes': 10, 'seconds': 36}",2,3,38,38,3,14,0,False,Pass Incompletion,(10:40) Shotgun #14 M.Cutforth pass incomplete short right to #85 M.Lauter thrown to USU35 broken up by #9 T.Morris QB hurried by #1 N.Avinger,-0.9012481540077228,2025-11-29T00:17:36.000Z
401760422,40176042233,401760422761,23,5,Utah State,Mountain West,24,Boise State,Mountain West,19,Utah State,Boise State,4,"{'minutes': 9, 'seconds': 20}",3,2,26,74,4,15,0,False,Punt,(09:25) #16 L.Rehkow punt 21 yards to the USU47,,2025-11-29T00:25:55.000Z
401760422,40176042233,401760422747,23,1,Utah State,Mountain West,24,Boise State,Mountain West,19,Utah State,Boise State,4,"{'minutes': 10, 'seconds': 19}",3,2,20,80,1,10,11,False,Rush,"(10:29) Shotgun #8 J.Jacobs rush right for 11 yards gain to the USU31 (#20 J.Mickey), 1ST DOWN",0.7787667904900532,2025-11-29T00:21:02.000Z
401760422,40176042233,401760422751,23,2,Utah State,Mountain West,24,Boise State,Mountain West,19,Utah State,Boise State,4,"{'minutes': 9, 'seconds': 55}",3,2,31,69,1,10,0,False,Pass Incompletion,(09:58) Shotgun #16 B.Barnes pass incomplete short right to #11 B.Pegan thrown to USU30,-0.8947814664467213,2025-11-29T00:21:32.000Z
401760422,40176042233,401760422754,23,3,Utah State,Mountain West,24,Boise State,Mountain West,19,Utah State,Boise State,4,"{'minutes': 9, 'seconds': 48}",3,2,31,69,2,10,-3,False,Sack,"(09:55) Shotgun #16 B.Barnes sacked for loss of 5 yards to the USU26 (#51 R.Caywood, #90 B.Fely)",-0.6559895619123601,2025-11-29T00:22:09.000Z
401760422,40176042233,401760422758,23,4,Utah State,Mountain West,24,Boise State,Mountain West,19,Utah State,Boise State,4,"{'minutes': 9, 'seconds': 33}",3,2,26,74,3,15,0,False,Pass Incompletion,(09:39) Shotgun #16 B.Barnes pass incomplete deep right to #11 B.Pegan thrown to BSU35,-0.10017691979510435,2025-11-29T00:25:17.000Z
401760422,40176042234,401760422765,24,1,Boise State,Mountain West,19,Utah State,Mountain West,24,Utah State,Boise State,4,"{'minutes': 9, 'seconds': 14}",2,3,47,47,1,10,4,False,Rush,(09:20) Shotgun #24 D.Riley rush middle for 4 yards gain to the USU43 (#7 K.Davis; #17 M.Brown),-0.126781416396501,2025-11-29T00:26:41.000Z
401760422,40176042234,401760422769,24,2,Boise State,Mountain West,19,Utah State,Mountain West,24,Utah State,Boise State,4,"{'minutes': 8, 'seconds': 52}",2,3,43,43,2,6,10,False,Rush,"(08:59) Shotgun #24 D.Riley rush right for 10 yards gain to the USU33 (#4 B.Hamblin; #17 M.Brown), 1ST DOWN",0.836908884160943,2025-11-29T00:27:00.000Z
401760422,40176042234,401760422773,24,3,Boise State,Mountain West,19,Utah State,Mountain West,24,Utah State,Boise State,4,"{'minutes': 8, 'seconds': 33}",2,3,33,33,1,10,1,False,Rush,(08:35) Shotgun #24 D.Riley rush right for 1 yard gain to the USU32 (#14 B.Olevao Jr.),-0.482852560268812,2025-11-29T00:27:23.000Z
401760422,40176042234,401760422777,24,4,Boise State,Mountain West,19,Utah State,Mountain West,24,Utah State,Boise State,4,"{'minutes': 8, 'seconds': 6}",2,3,32,32,2,9,10,False,Fumble Recovery (Opponent),"(08:11) Shotgun #26 S.Gaines rush left for 10 yards gain to the USU22 fumbled by #26 S.Gaines at USU27 forced by #4 B.Hamblin recovered by USU #1 N.Avinger at USU22 #1 N.Avinger return 0 yards to the USU22, End Of Play",-3.6140726662292,2025-11-29T00:27:51.000Z
401760422,40176042235,401760422798,25,4,Utah State,Mountain West,24,Boise State,Mountain West,19,Utah State,Boise State,4,"{'minutes': 6, 'seconds': 44}",3,2,36,64,2,7,2,False,Rush,(06:53) Shotgun #2 M.Davis rush right for 2 yards gain to the USU38 (#41 B.Phelps; #15 M.Williams),-0.5126286851078418,2025-11-29T00:33:53.000Z
401760422,40176042235,401760422785,25,1,Utah State,Mountain West,24,Boise State,Mountain West,19,Utah State,Boise State,4,"{'minutes': 8, 'seconds': 0}",3,2,22,78,1,10,5,False,Rush,(08:06) Shotgun #8 J.Jacobs rush middle for 5 yards gain to the USU27 (#20 J.Mickey),0.0891040604736997,2025-11-29T00:31:01.000Z
401760422,40176042235,401760422789,25,2,Utah State,Mountain West,24,Boise State,Mountain West,19,Utah State,Boise State,4,"{'minutes': 7, 'seconds': 31}",3,2,27,73,2,5,6,False,Rush,"(07:36) Shotgun #16 B.Barnes rush middle for 6 yards gain to the USU33 (#0 T.Benefield), 1ST DOWN",0.7538240727262737,
401760422,40176042235,401760422794,25,3,Utah State,Mountain West,24,Boise State,Mountain West,19,Utah State,Boise State,4,"{'minutes': 7, 'seconds': 16}",3,2,33,67,1,10,3,False,Rush,(07:24) Shotgun #16 B.Barnes rush middle for 3 yards gain to the USU36 (#94 K.Mailoto; #5 J.Virgin-Morgan),-0.3884871214664028,2025-11-29T00:33:22.000Z
401760422,40176042235,401760422802,25,5,Utah State,Mountain West,24,Boise State,Mountain West,19,Utah State,Boise State,4,"{'minutes': 6, 'seconds': 4}",3,2,38,62,3,5,4,False,Rush,(06:09) Shotgun #16 B.Barnes rush middle for 4 yards gain to the USU42 (#99 M.Madrie),-0.1025558803823552,2025-11-29T00:34:34.000Z
401760422,40176042235,401760422806,25,6,Utah State,Mountain West,24,Boise State,Mountain West,19,Utah State,Boise State,4,"{'minutes': 5, 'seconds': 22}",3,2,42,58,4,1,-1,False,Rush,"(05:26) Shotgun #16 B.Barnes rush right for 1 yard loss to the USU41 (#5 J.Virgin-Morgan; #90 B.Fely), TURNOVER ON DOWNS",-0.5672716439022514,2025-11-29T00:35:19.000Z
401760422,40176042236,401760422836,26,7,Boise State,Mountain West,19,Utah State,Mountain West,24,Utah State,Boise State,4,"{'minutes': 2, 'seconds': 34}",2,3,12,12,2,7,6,False,Penalty,"(02:34) #14 M.Cutforth pass incomplete short right to #85 M.Lauter thrown to USU00 broken up by #4 B.Hamblin PENALTY USU Holding (#4 B.Hamblin) 6 yards from USU12 to USU06, 1ST DOWN. NO PLAY",,2025-11-29T00:40:00.000Z
401760422,40176042236,401760422811,26,1,Boise State,Mountain West,19,Utah State,Mountain West,24,Utah State,Boise State,4,"{'minutes': 5, 'seconds': 14}",2,3,41,41,1,10,2,False,Rush,(05:22) Shotgun #24 D.Riley rush middle for 2 yards gain to the USU39 (#21 N.Flores; #0 E.Migao),-0.4734810315767391,2025-11-29T00:36:05.000Z
401760422,40176042236,401760422815,26,2,Boise State,Mountain West,19,Utah State,Mountain West,24,Utah State,Boise State,4,"{'minutes': 4, 'seconds': 42}",2,3,39,39,2,8,0,False,Pass Incompletion,(04:46) #14 M.Cutforth pass incomplete short left to #88 M.Wagner thrown to USU37,-0.9957414928914172,2025-11-29T00:36:39.000Z
401760422,40176042236,401760422818,26,3,Boise State,Mountain West,19,Utah State,Mountain West,24,Utah State,Boise State,4,"{'minutes': 4, 'seconds': 33}",2,3,39,39,3,8,9,False,Pass Reception,"(04:41) Shotgun #14 M.Cutforth pass complete short middle to #13 C.Penry caught at USU32, for 9 yards to the USU30 (#14 B.Olevao Jr.; #18 I.Larsen), 1ST DOWN",1.8954990174419046,2025-11-29T00:37:18.000Z
401760422,40176042236,401760422823,26,4,Boise State,Mountain West,19,Utah State,Mountain West,24,Utah State,Boise State,4,"{'minutes': 4, 'seconds': 2}",2,3,30,30,1,10,7,False,Pass Reception,"(04:08) #14 M.Cutforth pass complete short left to #8 M.Sherrod caught at USU36, for 7 yards to the USU23 (#25 C.Joe), out of bounds",0.354589716998607,2025-11-29T00:37:53.000Z
401760422,40176042236,401760422828,26,5,Boise State,Mountain West,19,Utah State,Mountain West,24,Utah State,Boise State,4,"{'minutes': 3, 'seconds': 33}",2,3,23,23,2,3,8,False,Rush,"(03:42) #24 D.Riley rush right for 8 yards gain to the USU15 (#34 D.Tucker; #18 I.Larsen), 1ST DOWN",-0.098545673640919,2025-11-29T00:38:29.000Z
401760422,40176042236,401760422832,26,6,Boise State,Mountain West,19,Utah State,Mountain West,24,Utah State,Boise State,4,"{'minutes': 3, 'seconds': 1}",2,3,15,15,1,10,3,False,Rush,"(03:06) #80 C.Bates rush left for 3 yards gain to the USU12 (#20 J.Miller), out of bounds",-0.103053233199689,2025-11-29T00:39:02.000Z
401760422,40176042236,401760422840,26,8,Boise State,Mountain West,25,Utah State,Mountain West,24,Utah State,Boise State,4,"{'minutes': 2, 'seconds': 26}",2,3,6,6,1,6,6,True,Rushing Touchdown,"(02:30) #24 D.Riley rush right for 6 yards gain to the USU00 TOUCHDOWN, clock 02:26 #14 M.Cutforth pass attempt failed",2.052489771065277,2025-11-29T00:40:31.000Z
401760422,40176042238,401760422848,27,1,Boise State,Mountain West,25,Utah State,Mountain West,24,Utah State,Boise State,4,"{'minutes': 2, 'seconds': 26}",2,3,65,65,1,10,0,False,Kickoff,"(02:26) #35 C.Boomer kickoff 65 yards to the USU00, Touchback",,2025-11-29T00:41:30.000Z
401760422,40176042238,401760422854,27,3,Utah State,Mountain West,24,Boise State,Mountain West,25,Utah State,Boise State,4,"{'minutes': 2, 'seconds': 21}",3,2,25,75,2,10,10,False,Penalty,(02:21) Shotgun #16 B.Barnes rush middle for 5 yards gain to the USU30 (#53 M.Notarainni; #15 M.Williams) PENALTY USU Holding (#72 G.Maile) 10 yards from USU25 to USU15. NO PLAY,,2025-11-29T00:45:11.000Z
401760422,40176042238,401760422869,27,6,Utah State,Mountain West,24,Boise State,Mountain West,25,Utah State,Boise State,4,"{'minutes': 1, 'seconds': 47}",3,2,7,93,4,28,0,False,Punt,"(01:53) #16 L.Rehkow punt 38 yards to the USU45, out of bounds at USU45",,2025-11-29T00:49:37.000Z
401760422,40176042238,401760422851,27,2,Utah State,Mountain West,24,Boise State,Mountain West,25,Utah State,Boise State,4,"{'minutes': 2, 'seconds': 21}",3,2,25,75,1,10,0,False,Pass Incompletion,(02:26) Shotgun #16 B.Barnes pass incomplete deep left to #11 B.Pegan thrown to BSU45,-0.7029700220436519,2025-11-29T00:44:23.000Z
401760422,40176042238,401760422861,27,4,Utah State,Mountain West,24,Boise State,Mountain West,25,Utah State,Boise State,4,"{'minutes': 2, 'seconds': 1}",3,2,15,85,2,20,-8,False,Sack,(02:11) Shotgun #16 B.Barnes sacked for loss of 8 yards to the USU07 (#91 B.Bol),-0.0981509222078074,2025-11-29T00:45:45.000Z
401760422,40176042238,401760422866,27,5,Utah State,Mountain West,24,Boise State,Mountain West,25,Utah State,Boise State,4,"{'minutes': 1, 'seconds': 55}",3,2,7,93,3,28,0,False,Pass Incompletion,(02:00) Shotgun #16 B.Barnes pass incomplete short left to #7 K.Davis thrown to USU18,-0.0064574582921253,2025-11-29T00:48:18.000Z
401760422,40176042239,401760422878,28,2,Boise State,Mountain West,25,Utah State,Mountain West,24,Utah State,Boise State,4,"{'minutes': 1, 'seconds': 39}",2,3,33,33,1,10,5,False,Penalty,(01:39) #24 D.Riley rush left for 3 yards gain to the USU30 (#9 T.Morris) PENALTY USU Offside (#0 E.Migao) 5 yards from USU33 to USU28. NO PLAY,,2025-11-29T00:51:40.000Z
401760422,40176042239,401760422885,28,3,Utah State,Mountain West,24,Boise State,Mountain West,25,Utah State,Boise State,4,"{'minutes': 1, 'seconds': 36}",2,2,33,67,1,10,0,False,Timeout,"Timeout Utah State, clock 01:36",,2025-11-29T00:52:02.000Z
401760422,40176042239,401760422883,28,4,Boise State,Mountain West,25,Utah State,Mountain West,24,Utah State,Boise State,4,"{'minutes': 1, 'seconds': 35}",2,2,28,28,1,5,10,False,Penalty,"(01:35) #24 D.Riley rush middle for 6 yards gain to the USU22, End Of Play PENALTY BSU Holding (#72 Z.Holmes) 10 yards from USU28 to USU38. NO PLAY",,2025-11-29T00:52:53.000Z
401760422,40176042239,401760422895,28,6,Utah State,Mountain West,24,Boise State,Mountain West,25,Utah State,Boise State,4,"{'minutes': 1, 'seconds': 25}",1,2,38,62,1,15,0,False,Timeout,"Timeout Utah State, clock 01:25",,2025-11-29T00:53:41.000Z
401760422,40176042239,401760422900,28,8,Utah State,Mountain West,24,Boise State,Mountain West,25,Utah State,Boise State,4,"{'minutes': 1, 'seconds': 20}",0,2,34,66,2,11,0,False,Timeout,"Timeout Utah State, clock 01:20",,2025-11-29T00:54:52.000Z
401760422,40176042239,401760422905,28,10,Boise State,Mountain West,25,Utah State,Mountain West,24,Utah State,Boise State,4,"{'minutes': 0, 'seconds': 34}",1,0,34,34,3,11,0,False,Timeout,"Timeout Boise State, clock 00:34",,2025-11-29T00:56:44.000Z
401760422,40176042239,401760422893,28,7,Boise State,Mountain West,25,Utah State,Mountain West,24,Utah State,Boise State,4,"{'minutes': 1, 'seconds': 20}",2,1,34,34,2,11,0,False,Rush,(01:25) #24 D.Riley rush right for 0 yards to the USU34 (#20 J.Miller; #28 C.Tujague),-0.9049011157252506,2025-11-29T00:54:35.000Z
401760422,40176042239,401760422898,28,9,Boise State,Mountain West,25,Utah State,Mountain West,24,Utah State,Boise State,4,"{'minutes': 1, 'seconds': 10}",2,0,34,34,3,11,8,False,Rush,(01:20) #25 Q.Brown rush right for 8 yards gain to the USU26 (#34 D.Tucker),0.659435656788066,2025-11-29T00:55:47.000Z
401760422,40176042239,401760422903,28,11,Boise State,Mountain West,25,Utah State,Mountain West,24,Utah State,Boise State,4,"{'minutes': 0, 'seconds': 24}",1,0,26,26,4,3,-2,False,Sack,"(00:34) #14 M.Cutforth sacked for loss of 3 yards to the USU29 (#4 B.Hamblin, #25 C.Joe), TURNOVER ON DOWNS",-3.055054371859148,2025-11-29T00:57:39.000Z
401760422,40176042239,401760422874,28,1,Boise State,Mountain West,25,Utah State,Mountain West,24,Utah State,Boise State,4,"{'minutes': 1, 'seconds': 40}",2,3,45,45,1,10,12,False,Rush,"(01:47) #24 D.Riley rush right for 12 yards gain to the USU33 (#18 I.Larsen), out of bounds, 1ST DOWN",0.57343931156508,2025-11-29T00:50:29.000Z
401760422,40176042239,401760422889,28,5,Boise State,Mountain West,25,Utah State,Mountain West,24,Utah State,Boise State,4,"{'minutes': 1, 'seconds': 25}",2,2,38,38,1,15,4,False,Rush,(01:30) #24 D.Riley rush left for 4 yards gain to the USU34 (#4 B.Hamblin; #28 C.Tujague),-0.1091293133062159,2025-11-29T00:53:25.000Z
401760422,40176042240,401760422928,29,4,Utah State,Mountain West,24,Boise State,Mountain West,25,Utah State,Boise State,4,"{'minutes': 0, 'seconds': 0}",0,1,39,61,1,10,32,False,End of Game,End of 4th quarter.,,2025-11-29T01:01:13.000Z
401760422,40176042240,401760422916,29,2,Utah State,Mountain West,24,Boise State,Mountain West,25,Utah State,Boise State,4,"{'minutes': 0, 'seconds': 6}",0,1,19,81,1,20,20,False,Pass Reception,"(00:19) Shotgun #16 B.Barnes pass complete deep left to #11 B.Pegan caught at USU39, for 20 yards to the USU39, End Of Play, 1ST DOWN",2.2247414002019132,2025-11-29T00:59:45.000Z
401760422,40176042240,401760422921,29,3,Utah State,Mountain West,24,Boise State,Mountain West,25,Utah State,Boise State,4,"{'minutes': 0, 'seconds': 1}",0,1,39,61,1,10,32,False,Pass Reception,"(00:01) Shotgun #16 B.Barnes pass complete deep left to #10 A.Garcia caught at BSU29, for 32 yards to the BSU29, out of bounds at BSU29, 1ST DOWN",2.066714851866754,2025-11-29T00:59:59.000Z
401760422,40176042240,401760422909,29,1,Utah State,Mountain West,24,Boise State,Mountain West,25,Utah State,Boise State,4,"{'minutes': 0, 'seconds': 25}",0,1,29,71,1,10,10,False,Penalty,"(00:25) Shotgun #16 B.Barnes rush left for 16 yards gain to the USU45, out of bounds at USU45 PENALTY USU Holding (#72 G.Maile) 10 yards from USU29 to USU19. NO PLAY",,2025-11-29T00:58:50.000Z
401777326,4017773262,4017773263,1,1,Boise State,Mountain West,0,UNLV,Mountain West,0,Boise State,UNLV,1,"{'minutes': 15, 'seconds': 0}",3,3,35,65,1,10,0,False,Kickoff,"(15:00) #35 C.Boomer kickoff 65 yards to the NLV00, Touchback",,2025-12-06T01:08:18.000Z
401777326,4017773262,40177732624,1,5,UNLV,Mountain West,0,Boise State,Mountain West,0,Boise State,UNLV,1,"{'minutes': 13, 'seconds': 8}",3,3,54,54,2,9,5,False,Penalty,(13:10) PENALTY NLV False Start (#3 D.Reynolds) 5 yards from NLV46 to NLV41. NO PLAY,,2025-12-06T01:12:41.000Z
401777326,4017773262,40177732612,1,2,UNLV,Mountain West,0,Boise State,Mountain West,0,Boise State,UNLV,1,"{'minutes': 14, 'seconds': 56}",3,3,75,75,1,10,-4,False,Rush,(15:00) Shotgun #9 J.Thomas rush left for 4 yards loss to the NLV21 (#95 M.Stege),-1.0163607520985618,2025-12-06T01:10:40.000Z
401777326,4017773262,40177732616,1,3,UNLV,Mountain West,0,Boise State,Mountain West,0,Boise State,UNLV,1,"{'minutes': 14, 'seconds': 12}",3,3,79,79,2,14,24,False,Rush,"(14:22) Shotgun #10 A.Colandrea rush middle for 24 yards gain to the NLV45, End Of Play, 1ST DOWN",2.8175026345035183,2025-12-06T01:11:22.000Z
401777326,4017773262,40177732620,1,4,UNLV,Mountain West,0,Boise State,Mountain West,0,Boise State,UNLV,1,"{'minutes': 13, 'seconds': 44}",3,3,55,55,1,10,1,False,Rush,(13:46) Shotgun #9 J.Thomas rush middle for 1 yard gain to the NLV46 (#21 Z.Washington; #23 S.Smith),-0.9265072803619887,2025-12-06T01:11:53.000Z
401777326,4017773262,40177732627,1,6,UNLV,Mountain West,0,Boise State,Mountain West,0,Boise State,UNLV,1,"{'minutes': 12, 'seconds': 40}",3,3,59,59,2,14,2,False,Rush,(12:50) Shotgun #9 J.Thomas rush middle for 2 yards gain to the NLV43 (#20 J.Mickey),-0.3899509113309003,2025-12-06T01:13:11.000Z
401777326,4017773262,40177732631,1,7,UNLV,Mountain West,0,Boise State,Mountain West,0,Boise State,UNLV,1,"{'minutes': 12, 'seconds': 4}",3,3,57,57,3,12,16,False,Fumble Recovery (Opponent),"(12:09) Shotgun #10 A.Colandrea pass complete short right to #6 J.Bradley caught at BOI41, for 16 yards to the BOI41 fumbled by #6 J.Bradley at BOI40 forced by #41 B.Phelps recovered by BOI #0 T.Benefield at BOI41, End Of Play",-0.3784584955060124,2025-12-06T01:14:00.000Z
401777326,4017773263,40177732652,2,4,Boise State,Mountain West,0,UNLV,Mountain West,0,Boise State,UNLV,1,"{'minutes': 10, 'seconds': 41}",3,3,47,53,4,4,0,False,Punt,"(10:48) #37 O.Doyle punt 42 yards to the NLV11, out of bounds at NLV11",,2025-12-06T01:16:35.000Z
401777326,4017773263,40177732659,2,5,Boise State,Mountain West,0,UNLV,Mountain West,0,Boise State,UNLV,1,"{'minutes': 10, 'seconds': 41}",2,3,47,53,4,4,0,False,Timeout,"Timeout Boise State, clock 10:41",,2025-12-06T01:17:00.000Z
401777326,4017773263,40177732639,2,1,Boise State,Mountain West,0,UNLV,Mountain West,0,Boise State,UNLV,1,"{'minutes': 11, 'seconds': 55}",3,3,41,59,1,10,4,False,Rush,(11:59) #24 D.Riley rush middle for 4 yards gain to the BOI45 (#15 B.Alualu-Tuiolemotu; #55 C.Fuller),-0.1673002614345122,2025-12-06T01:14:49.000Z
401777326,4017773263,40177732643,2,2,Boise State,Mountain West,0,UNLV,Mountain West,0,Boise State,UNLV,1,"{'minutes': 11, 'seconds': 29}",3,3,45,55,2,6,0,False,Pass Incompletion,(11:28) Shotgun #4 M.Madsen pass incomplete short right to #13 C.Penry thrown to NLV50,-1.1126244541815051,2025-12-06T01:15:20.000Z
401777326,4017773263,40177732646,2,3,Boise State,Mountain West,0,UNLV,Mountain West,0,Boise State,UNLV,1,"{'minutes': 11, 'seconds': 12}",3,3,45,55,3,6,2,False,Pass Reception,"(11:27) Shotgun #4 M.Madsen pass complete short left to #85 M.Lauter caught at BOI47, for 2 yards to the BOI47 (#7 J.Pope)",-0.4707141463754016,2025-12-06T01:15:53.000Z
401777326,4017773264,40177732665,3,3,UNLV,Mountain West,0,Boise State,Mountain West,0,Boise State,UNLV,1,"{'minutes': 9, 'seconds': 57}",3,2,88,88,3,9,5,False,Penalty,PENALTY NLV False Start (#2 K.Lee) 5 yards from NLV12 to NLV07. NO PLAY,,2025-12-06T01:20:52.000Z
401777326,4017773264,40177732671,3,5,UNLV,Mountain West,0,Boise State,Mountain West,0,Boise State,UNLV,1,"{'minutes': 9, 'seconds': 33}",3,2,93,93,4,14,44,False,Punt Return,(09:33) #33 C.Brown punt 44 yards to the BOI49 muffed by #8 M.Sherrod at BOI49 recovered by BOI #8 M.Sherrod at BOI49 #8 M.Sherrod return 0 yards to the BOI49 (#16 K.McGee),,2025-12-06T01:23:22.000Z
401777326,4017773264,40177732657,3,1,UNLV,Mountain West,0,Boise State,Mountain West,0,Boise State,UNLV,1,"{'minutes': 10, 'seconds': 35}",3,2,89,89,1,10,0,False,Pass Incompletion,(10:41) Shotgun #10 A.Colandrea pass incomplete deep middle to #16 K.McGee thrown to BOI45,-0.36548578366266504,2025-12-06T01:19:37.000Z
401777326,4017773264,40177732661,3,2,UNLV,Mountain West,0,Boise State,Mountain West,0,Boise State,UNLV,1,"{'minutes': 10, 'seconds': 30}",3,2,89,89,2,10,1,False,Rush,(10:35) Shotgun #2 K.Lee rush left for 1 yard gain to the NLV12 (#53 M.Notarainni),-0.13530115809943677,2025-12-06T01:20:14.000Z
401777326,4017773264,40177732668,3,4,UNLV,Mountain West,0,Boise State,Mountain West,0,Boise State,UNLV,1,"{'minutes': 9, 'seconds': 38}",3,2,93,93,3,14,0,False,Pass Incompletion,(09:43) Shotgun #10 A.Colandrea pass incomplete deep left to #6 J.Bradley thrown to NLV47,-0.03245868101778624,2025-12-06T01:21:31.000Z
401777326,4017773265,401777326119,4,6,Boise State,Mountain West,7,UNLV,Mountain West,0,Boise State,UNLV,1,"{'minutes': 6, 'seconds': 40}",1,3,97,3,0,0,0,False,Timeout,"Timeout Boise State, clock 06:40",,2025-12-06T01:31:59.000Z
401777326,4017773265,40177732692,4,1,Boise State,Mountain West,0,UNLV,Mountain West,0,Boise State,UNLV,1,"{'minutes': 9, 'seconds': 26}",2,3,49,51,1,10,0,False,Pass Incompletion,"(09:26) #4 M.Madsen pass incomplete short left to #3 L.Caples thrown to NLV35. The previous play is under automatic review - ""Incomplete pass"". CALL OVERTURNED. (Original Play: (09:26) #4 M.Madsen pass complete short left to #3 L.Caples caught at NLV35, for 16 yards to the NLV35, End Of Play, 1ST DOWN)",-1.1301991718133413,2025-12-06T01:28:32.000Z
401777326,4017773265,40177732696,4,2,Boise State,Mountain West,0,UNLV,Mountain West,0,Boise State,UNLV,1,"{'minutes': 8, 'seconds': 47}",2,3,49,51,2,10,-7,False,Sack,(08:50) Shotgun #4 M.Madsen sacked for loss of 7 yards to the BOI42 (#94 L.Conti),-1.881687717594259,2025-12-06T01:28:58.000Z
401777326,4017773265,401777326100,4,3,Boise State,Mountain West,0,UNLV,Mountain West,0,Boise State,UNLV,1,"{'minutes': 8, 'seconds': 3}",2,3,42,58,3,17,46,False,Pass Reception,"(08:15) Shotgun #4 M.Madsen pass complete short middle to #13 C.Penry caught at NLV45, for 46 yards to the NLV12 (#8 M.McDuffie), 1ST DOWN",4.405159551264614,2025-12-06T01:29:36.000Z
401777326,4017773265,401777326105,4,4,Boise State,Mountain West,0,UNLV,Mountain West,0,Boise State,UNLV,1,"{'minutes': 7, 'seconds': 27}",2,3,88,12,1,10,2,False,Rush,(07:30) #26 S.Gaines rush left for 2 yards gain to the NLV10 (#92 J.Lee; #3 J.Joseph),-0.1686350677656265,2025-12-06T01:30:17.000Z
401777326,4017773265,401777326109,4,5,Boise State,Mountain West,7,UNLV,Mountain West,0,Boise State,UNLV,1,"{'minutes': 6, 'seconds': 40}",2,3,90,10,2,8,10,True,Rushing Touchdown,"(06:47) Shotgun #4 M.Madsen rush right for 10 yards gain to the NLV00 TOUCHDOWN, clock 06:40, 1ST DOWN #35 C.Boomer kick attempt good (H: #37 O.Doyle, LS: #42 M.Hutton)",2.698729609801552,2025-12-06T01:31:10.000Z
401777326,4017773267,401777326126,5,3,UNLV,Mountain West,0,Boise State,Mountain West,7,Boise State,UNLV,1,"{'minutes': 6, 'seconds': 29}",3,1,76,76,2,10,5,False,Penalty,(06:29) PENALTY NLV False Start (#8 T.Lyons) 5 yards from NLV24 to NLV19. NO PLAY,,2025-12-06T01:36:49.000Z
401777326,4017773267,401777326117,5,1,Boise State,Mountain West,7,UNLV,Mountain West,0,Boise State,UNLV,1,"{'minutes': 6, 'seconds': 34}",1,3,35,65,1,10,22,False,Kickoff,(06:40) #35 C.Boomer kickoff 63 yards to the NLV02 #6 J.Bradley return 22 yards to the NLV24 (#29 A.de Boachie),,2025-12-06T01:35:31.000Z
401777326,4017773267,401777326162,5,12,UNLV,Mountain West,0,Boise State,Mountain West,7,Boise State,UNLV,1,"{'minutes': 2, 'seconds': 35}",3,1,32,32,4,9,50,False,Field Goal Missed,"(02:35) #32 R.Villela field goal attempt from 50 yards NO GOOD (H: #39 K.Melzer, LS: #36 A.McIlquham), clock 02:35, End Of Play",,2025-12-06T01:42:53.000Z
401777326,4017773267,401777326123,5,2,UNLV,Mountain West,0,Boise State,Mountain West,7,Boise State,UNLV,1,"{'minutes': 6, 'seconds': 29}",3,1,76,76,1,10,0,False,Pass Incompletion,(06:34) Shotgun #10 A.Colandrea pass incomplete deep left to #8 T.Lyons thrown to NLV44 broken up by #20 J.Mickey QB hurried by #21 Z.Washington,-0.6723571521309859,2025-12-06T01:36:11.000Z
401777326,4017773267,401777326129,5,4,UNLV,Mountain West,0,Boise State,Mountain West,7,Boise State,UNLV,1,"{'minutes': 6, 'seconds': 15}",3,1,81,81,2,15,21,False,Pass Reception,"(06:27) Shotgun #10 A.Colandrea pass complete deep right to #3 D.Reynolds caught at NLV40, for 21 yards to the NLV40 (#6 J.Earby), 1ST DOWN",2.405187712410079,2025-12-06T01:37:26.000Z
401777326,4017773267,401777326134,5,5,UNLV,Mountain West,0,Boise State,Mountain West,7,Boise State,UNLV,1,"{'minutes': 5, 'seconds': 37}",3,1,60,60,1,10,3,False,Rush,(05:45) Shotgun #11 J.Earle rush right for 3 yards gain to the NLV43 (#43 J.Ripp; #51 R.Caywood),-0.4315308590496248,2025-12-06T01:38:05.000Z
401777326,4017773267,401777326138,5,6,UNLV,Mountain West,0,Boise State,Mountain West,7,Boise State,UNLV,1,"{'minutes': 5, 'seconds': 10}",3,1,57,57,2,7,6,False,Rush,"(05:14) Shotgun #10 A.Colandrea rush left for 6 yards gain to the NLV49 (#0 T.Benefield), out of bounds",0.3743517491363164,2025-12-06T01:38:38.000Z
401777326,4017773267,401777326142,5,7,UNLV,Mountain West,0,Boise State,Mountain West,7,Boise State,UNLV,1,"{'minutes': 4, 'seconds': 28}",3,1,51,51,3,1,2,False,Rush,"(04:35) Shotgun #2 K.Lee rush middle for 2 yards gain to the BOI49 (#95 M.Stege; #53 M.Notarainni), 1ST DOWN",1.0517491624197355,2025-12-06T01:39:22.000Z
401777326,4017773267,401777326146,5,8,UNLV,Mountain West,0,Boise State,Mountain West,7,Boise State,UNLV,1,"{'minutes': 3, 'seconds': 41}",3,1,49,49,1,10,16,False,Pass Reception,"(04:03) Shotgun #10 A.Colandrea pass complete short right to #8 T.Lyons caught at BOI33, for 16 yards to the BOI33, End Of Play, 1ST DOWN",0.8592557781352603,2025-12-06T01:40:03.000Z
401777326,4017773267,401777326152,5,9,UNLV,Mountain West,0,Boise State,Mountain West,7,Boise State,UNLV,1,"{'minutes': 3, 'seconds': 19}",3,1,33,33,1,10,0,False,Pass Incompletion,(03:24) Shotgun #10 A.Colandrea pass incomplete short middle to #2 K.Lee thrown to BOI33,-0.6351269961541294,2025-12-06T01:40:36.000Z
401777326,4017773267,401777326155,5,10,UNLV,Mountain West,0,Boise State,Mountain West,7,Boise State,UNLV,1,"{'minutes': 3, 'seconds': 13}",3,1,33,33,2,10,1,False,Rush,(03:21) Shotgun #2 K.Lee rush middle for 1 yard gain to the BOI32 (#5 J.Virgin-Morgan; #90 B.Fely),-0.6549828083569338,2025-12-06T01:41:10.000Z
401777326,4017773267,401777326159,5,11,UNLV,Mountain West,0,Boise State,Mountain West,7,Boise State,UNLV,1,"{'minutes': 2, 'seconds': 39}",3,1,32,32,3,9,0,False,Pass Incompletion,(02:44) Shotgun #10 A.Colandrea pass incomplete short right to #6 J.Bradley thrown to BOI13 broken up by #6 J.Earby,-1.0081489976866838,2025-12-06T01:41:48.000Z
401777326,4017773268,401777326167,6,1,Boise State,Mountain West,7,UNLV,Mountain West,0,Boise State,UNLV,1,"{'minutes': 2, 'seconds': 26}",1,3,33,67,1,10,44,False,Pass Reception,"(02:35) Shotgun #4 M.Madsen pass complete deep middle to #80 C.Bates caught at NLV34, for 44 yards to the NLV23 (#6 M.Bin-Wahad), out of bounds, 1ST DOWN",2.7650789910699203,2025-12-06T01:45:32.000Z
401777326,4017773268,401777326172,6,2,Boise State,Mountain West,7,UNLV,Mountain West,0,Boise State,UNLV,1,"{'minutes': 2, 'seconds': 0}",1,3,77,23,1,10,11,False,Pass Reception,"(02:10) No Huddle-Shotgun #4 M.Madsen pass complete short left to #3 L.Caples caught at NLV25, for 11 yards to the NLV12 (#8 M.McDuffie; #55 C.Fuller), 1ST DOWN",0.133883136035303,2025-12-06T01:46:00.000Z
401777326,4017773268,401777326177,6,3,Boise State,Mountain West,7,UNLV,Mountain West,0,Boise State,UNLV,1,"{'minutes': 1, 'seconds': 32}",1,3,88,12,1,10,2,False,Rush,(01:38) Shotgun #24 D.Riley rush middle for 2 yards gain to the NLV10 (#15 B.Alualu-Tuiolemotu; #7 J.Pope),-0.1686350677656265,2025-12-06T01:46:32.000Z
401777326,4017773268,401777326181,6,4,Boise State,Mountain West,7,UNLV,Mountain West,0,Boise State,UNLV,1,"{'minutes': 0, 'seconds': 51}",1,3,90,10,2,8,1,False,Rush,(01:00) #24 D.Riley rush left for 1 yard gain to the NLV09 (#15 B.Alualu-Tuiolemotu; #3 J.Joseph),-0.223222881676234,2025-12-06T01:47:10.000Z
401777326,4017773268,401777326185,6,5,Boise State,Mountain West,14,UNLV,Mountain West,0,Boise State,UNLV,1,"{'minutes': 0, 'seconds': 18}",1,3,91,9,3,7,9,True,Passing Touchdown,"(00:23) Shotgun #4 M.Madsen pass complete short right to #24 D.Riley caught at NLV14, for 9 yards to the NLV00 TOUCHDOWN, clock 00:18, 1ST DOWN #35 C.Boomer kick attempt good (H: #37 O.Doyle, LS: #42 M.Hutton)",2.921952491477786,2025-12-06T01:47:49.000Z
401777326,40177732610,401777326193,7,1,Boise State,Mountain West,14,UNLV,Mountain West,0,Boise State,UNLV,1,"{'minutes': 0, 'seconds': 18}",1,3,35,65,1,10,0,False,Kickoff,(00:18) #35 C.Boomer kickoff 65 yards to the NLV00 fair catch by #6 J.Bradley at NLV00,,2025-12-06T01:48:31.000Z
401777326,40177732610,401777326216,7,6,UNLV,Mountain West,0,Boise State,Mountain West,14,Boise State,UNLV,2,"{'minutes': 14, 'seconds': 18}",3,1,67,67,4,2,0,False,Punt,"(14:23) #33 C.Brown punt 34 yards to the BOI33, out of bounds at BOI33",,2025-12-06T01:55:58.000Z
401777326,40177732610,401777326205,7,4,UNLV,Mountain West,0,Boise State,Mountain West,14,Boise State,UNLV,1,"{'minutes': 0, 'seconds': 0}",3,1,75,75,2,10,3,False,End Period,End of 1st quarter.,-0.15222912011238687,2025-12-06T01:51:31.000Z
401777326,40177732610,401777326196,7,2,UNLV,Mountain West,0,Boise State,Mountain West,14,Boise State,UNLV,1,"{'minutes': 0, 'seconds': 14}",3,1,75,75,1,10,0,False,Pass Incompletion,(00:13) Shotgun #10 A.Colandrea pass incomplete short left to #9 J.Thomas thrown to NLV26 QB hurried by #20 J.Mickey,-0.7029700220436519,2025-12-06T01:50:27.000Z
401777326,40177732610,401777326199,7,3,UNLV,Mountain West,0,Boise State,Mountain West,14,Boise State,UNLV,1,"{'minutes': 0, 'seconds': 14}",3,1,75,75,2,10,3,False,Rush,(00:14) Shotgun #16 K.McGee rush right for 3 yards gain to the NLV28 (#0 T.Benefield),-0.15222912011238687,2025-12-06T01:51:03.000Z
401777326,40177732610,401777326209,7,5,UNLV,Mountain West,0,Boise State,Mountain West,14,Boise State,UNLV,2,"{'minutes': 14, 'seconds': 51}",3,1,72,72,3,7,5,False,Pass Reception,"(14:58) Shotgun #10 A.Colandrea pass complete short left to #0 T.Omeire caught at NLV30, for 5 yards to the NLV33 (#20 J.Mickey)",0.03429729127444769,2025-12-06T01:55:24.000Z
401777326,40177732611,401777326279,8,13,Boise State,Mountain West,21,UNLV,Mountain West,0,Boise State,UNLV,2,"{'minutes': 8, 'seconds': 42}",0,3,97,3,0,0,0,False,Timeout,"Timeout Boise State, clock 08:42",,2025-12-06T02:05:12.000Z
401777326,40177732611,401777326222,8,1,Boise State,Mountain West,14,UNLV,Mountain West,0,Boise State,UNLV,2,"{'minutes': 14, 'seconds': 13}",1,3,33,67,1,10,8,False,Rush,(14:19) Shotgun #26 S.Gaines rush middle for 8 yards gain to the BOI41 (#18 L.Thomas; #3 J.Joseph),1.0284623848933538,2025-12-06T01:56:39.000Z
401777326,40177732611,401777326226,8,2,Boise State,Mountain West,14,UNLV,Mountain West,0,Boise State,UNLV,2,"{'minutes': 13, 'seconds': 39}",1,3,41,59,2,2,1,False,Rush,(13:44) Shotgun #26 S.Gaines rush left for 1 yard gain to the BOI42 (#54 I.Patterson; #3 J.Joseph),-1.0767553496481188,2025-12-06T01:57:15.000Z
401777326,40177732611,401777326230,8,3,Boise State,Mountain West,14,UNLV,Mountain West,0,Boise State,UNLV,2,"{'minutes': 13, 'seconds': 2}",1,3,42,58,3,1,4,False,Rush,"(13:04) #26 S.Gaines rush right for 4 yards gain to the BOI46 (#10 T.Fulton; #9 A.Brown), 1ST DOWN",1.2924520962107058,2025-12-06T01:57:52.000Z
401777326,40177732611,401777326234,8,4,Boise State,Mountain West,14,UNLV,Mountain West,0,Boise State,UNLV,2,"{'minutes': 12, 'seconds': 28}",1,3,46,54,1,10,14,False,Pass Reception,"(12:32) Shotgun #4 M.Madsen pass complete short right to #80 C.Bates caught at NLV40, for 14 yards to the NLV40 QB hurried by #19 D.Spellman, out of bounds at NLV40, 1ST DOWN",0.995848393747867,2025-12-06T01:58:27.000Z
401777326,40177732611,401777326240,8,5,Boise State,Mountain West,14,UNLV,Mountain West,0,Boise State,UNLV,2,"{'minutes': 12, 'seconds': 8}",1,3,60,40,1,10,4,False,Pass Reception,"(12:11) Shotgun #4 M.Madsen pass complete short right to #3 L.Caples caught at NLV37, for 4 yards to the NLV36 (#0 L.Welch)",-0.090113775884788,2025-12-06T01:58:52.000Z
401777326,40177732611,401777326245,8,6,Boise State,Mountain West,14,UNLV,Mountain West,0,Boise State,UNLV,2,"{'minutes': 11, 'seconds': 31}",1,3,64,36,2,6,5,False,Pass Reception,"(11:45) Shotgun #4 M.Madsen pass complete short middle to #25 Q.Brown caught at NLV40, for 5 yards to the NLV31 (#54 I.Patterson), out of bounds",0.089328147772644,2025-12-06T01:59:19.000Z
401777326,40177732611,401777326250,8,7,Boise State,Mountain West,14,UNLV,Mountain West,0,Boise State,UNLV,2,"{'minutes': 11, 'seconds': 7}",1,3,69,31,3,1,4,False,Rush,"(11:10) #4 M.Madsen rush middle for 4 yards gain to the NLV27 (#54 I.Patterson; #92 J.Lee), 1ST DOWN",0.448553930657999,2025-12-06T01:59:58.000Z
401777326,40177732611,401777326254,8,8,Boise State,Mountain West,14,UNLV,Mountain West,0,Boise State,UNLV,2,"{'minutes': 10, 'seconds': 32}",1,3,73,27,1,10,0,False,Pass Incompletion,(10:37) Shotgun #4 M.Madsen pass incomplete short middle to #88 M.Wagner thrown to NLV25 QB hurried by #94 L.Conti,-0.490975886965904,2025-12-06T02:00:34.000Z
401777326,40177732611,401777326257,8,9,Boise State,Mountain West,14,UNLV,Mountain West,0,Boise State,UNLV,2,"{'minutes': 10, 'seconds': 30}",1,3,73,27,2,10,9,False,Rush,(10:34) Shotgun #8 M.Sherrod rush middle for 9 yards gain to the NLV18 (#7 J.Pope; #4 A.Powdrell),0.52713270781639,2025-12-06T02:01:05.000Z
401777326,40177732611,401777326261,8,10,Boise State,Mountain West,14,UNLV,Mountain West,0,Boise State,UNLV,2,"{'minutes': 9, 'seconds': 50}",1,3,82,18,3,1,3,False,Rush,"(09:52) #4 M.Madsen rush middle for 3 yards gain to the NLV15 (#54 I.Patterson), 1ST DOWN",0.146924930975917,2025-12-06T02:01:45.000Z
401777326,40177732611,401777326265,8,11,Boise State,Mountain West,14,UNLV,Mountain West,0,Boise State,UNLV,2,"{'minutes': 9, 'seconds': 19}",1,3,85,15,1,10,8,False,Rush,"(09:23) #26 S.Gaines rush left for 8 yards gain to the NLV07 (#4 A.Powdrell), out of bounds",0.448246443804154,2025-12-06T02:02:18.000Z
401777326,40177732611,401777326269,8,12,Boise State,Mountain West,21,UNLV,Mountain West,0,Boise State,UNLV,2,"{'minutes': 8, 'seconds': 42}",1,3,93,7,2,2,7,True,Passing Touchdown,"(08:46) #4 M.Madsen pass complete short left to #80 C.Bates caught at NLV00, for 7 yards to the NLV00 QB hurried by #55 C.Fuller TOUCHDOWN, clock 08:42, 1ST DOWN #35 C.Boomer kick attempt good (H: #37 O.Doyle, LS: #42 M.Hutton)",2.109952645760929,2025-12-06T02:03:01.000Z
401777326,40177732613,401777326277,9,1,Boise State,Mountain West,21,UNLV,Mountain West,0,Boise State,UNLV,2,"{'minutes': 8, 'seconds': 42}",0,3,35,65,1,10,0,False,Kickoff,(08:42) #35 C.Boomer kickoff 65 yards to the NLV00 fair catch by #6 J.Bradley at NLV00,,2025-12-06T02:03:43.000Z
401777326,40177732613,401777326304,9,6,UNLV,Mountain West,0,Boise State,Mountain West,21,Boise State,UNLV,2,"{'minutes': 8, 'seconds': 9}",2,0,82,82,3,17,0,False,Timeout,"Timeout UNLV, clock 08:09",,2025-12-06T02:13:47.000Z
401777326,40177732613,401777326302,9,7,UNLV,Mountain West,0,Boise State,Mountain West,21,Boise State,UNLV,2,"{'minutes': 7, 'seconds': 56}",2,0,82,82,4,17,12,False,Punt Return,(08:09) #33 C.Brown punt 49 yards to the BOI33 #8 M.Sherrod return 12 yards to the BOI45 (#54 I.Patterson),,2025-12-06T02:16:49.000Z
401777326,40177732613,401777326291,9,2,UNLV,Mountain West,0,Boise State,Mountain West,21,Boise State,UNLV,2,"{'minutes': 8, 'seconds': 40}",3,0,75,75,1,10,3,False,Rush,(08:40) Shotgun #9 J.Thomas rush right for 3 yards gain (3) to the NLV28 (#0 T.Benefield) PENALTY NLV Holding (#4 D.Irvin Jr.) 10 yards from NLV28 to NLV18,-0.2957674139440157,2025-12-06T02:10:43.000Z
401777326,40177732613,401777326286,9,3,UNLV,Mountain West,0,Boise State,Mountain West,21,Boise State,UNLV,2,"{'minutes': 8, 'seconds': 26}",3,0,82,82,2,17,0,False,Pass Incompletion,(08:25) Shotgun #10 A.Colandrea pass incomplete short middle to #3 D.Reynolds thrown to NLV28 broken up by #23 S.Smith,-0.1052159632619274,2025-12-06T02:08:32.000Z
401777326,40177732613,401777326289,9,4,UNLV,Mountain West,0,Boise State,Mountain West,21,Boise State,UNLV,2,"{'minutes': 8, 'seconds': 18}",3,0,82,82,2,17,0,False,Pass Incompletion,(08:24) Shotgun #10 A.Colandrea pass incomplete short right to #4 D.Irvin Jr. thrown to NLV29,-0.1052159632619274,2025-12-06T02:12:13.000Z
401777326,40177732613,401777326297,9,5,UNLV,Mountain West,0,Boise State,Mountain West,21,Boise State,UNLV,2,"{'minutes': 8, 'seconds': 9}",3,0,82,82,3,17,0,False,Pass Reception,"(08:18) Shotgun #10 A.Colandrea pass complete short left to #85 M.Byrnes caught at NLV18, for 0 yards to the NLV18 (#53 M.Notarainni)",-0.0460942134255955,2025-12-06T02:12:55.000Z
401777326,40177732614,401777326310,10,1,Boise State,Mountain West,21,UNLV,Mountain West,0,Boise State,UNLV,2,"{'minutes': 7, 'seconds': 56}",0,2,45,55,1,10,10,False,Penalty,"(07:56) Shotgun #4 M.Madsen pass incomplete short middle to #5 C.Marshall thrown to NLV44, 1ST DOWN, PENALTY NLV Pass Interference (#4 A.Powdrell) 10 yards from BOI45 to NLV45, 1ST DOWN. NO PLAY",,2025-12-06T02:17:43.000Z
401777326,40177732614,401777326324,10,5,Boise State,Mountain West,21,UNLV,Mountain West,0,Boise State,UNLV,2,"{'minutes': 6, 'seconds': 54}",0,2,57,43,4,8,0,False,Punt,(07:04) #37 O.Doyle punt 38 yards to the NLV05,,2025-12-06T02:20:16.000Z
401777326,40177732614,401777326314,10,2,Boise State,Mountain West,21,UNLV,Mountain West,0,Boise State,UNLV,2,"{'minutes': 7, 'seconds': 46}",0,2,55,45,1,10,0,False,Pass Incompletion,(07:46) Shotgun #4 M.Madsen pass incomplete deep middle to #80 C.Bates thrown to NLV01 broken up by #0 L.Welch,-0.997770018980635,2025-12-06T02:18:36.000Z
401777326,40177732614,401777326317,10,3,Boise State,Mountain West,21,UNLV,Mountain West,0,Boise State,UNLV,2,"{'minutes': 7, 'seconds': 36}",0,2,55,45,2,10,2,False,Rush,(07:46) Shotgun #24 D.Riley rush middle for 2 yards gain to the NLV43 (#6 M.Bin-Wahad; #15 B.Alualu-Tuiolemotu),-0.6248448185416835,2025-12-06T02:18:59.000Z
401777326,40177732614,401777326321,10,4,Boise State,Mountain West,21,UNLV,Mountain West,0,Boise State,UNLV,2,"{'minutes': 7, 'seconds': 3}",0,2,57,43,3,8,0,False,Pass Incompletion,(07:07) Shotgun #4 M.Madsen pass incomplete short middle to #3 L.Caples thrown to NLV38,-0.9795810277823227,2025-12-06T02:19:38.000Z
401777326,40177732615,401777326365,11,9,UNLV,Mountain West,0,Boise State,Mountain West,21,Boise State,UNLV,2,"{'minutes': 3, 'seconds': 14}",1,0,11,11,2,10,0,False,Timeout,"Timeout UNLV, clock 03:14",,2025-12-06T02:27:08.000Z
401777326,40177732615,401777326347,11,5,UNLV,Mountain West,0,Boise State,Mountain West,21,Boise State,UNLV,2,"{'minutes': 4, 'seconds': 48}",2,0,30,30,1,10,0,False,Pass Incompletion,(04:54) Shotgun #10 A.Colandrea pass incomplete short right to #5 K.Moore thrown to BOI20,-0.557844891990525,2025-12-06T02:24:05.000Z
401777326,40177732615,401777326328,11,1,UNLV,Mountain West,0,Boise State,Mountain West,21,Boise State,UNLV,2,"{'minutes': 6, 'seconds': 45}",2,0,95,95,1,10,9,False,Rush,(06:49) Shotgun #11 J.Earle rush right for 9 yards gain to the NLV14 (#13 S.Lane II),0.7145775730505983,2025-12-06T02:21:16.000Z
401777326,40177732615,401777326332,11,2,UNLV,Mountain West,0,Boise State,Mountain West,21,Boise State,UNLV,2,"{'minutes': 6, 'seconds': 19}",2,0,86,86,2,1,21,False,Rush,"(06:24) Shotgun #2 K.Lee rush right for 21 yards gain to the NLV35 (#0 T.Benefield), out of bounds, 1ST DOWN",0.9610674642928707,2025-12-06T02:21:42.000Z
401777326,40177732615,401777326336,11,3,UNLV,Mountain West,0,Boise State,Mountain West,21,Boise State,UNLV,2,"{'minutes': 5, 'seconds': 36}",2,0,65,65,1,10,13,False,Pass Reception,"(05:47) Shotgun #10 A.Colandrea pass complete short right to #8 T.Lyons caught at NLV38, for 13 yards to the NLV48 (#0 T.Benefield), 1ST DOWN",1.2346627219809039,2025-12-06T02:22:24.000Z
401777326,40177732615,401777326341,11,4,UNLV,Mountain West,0,Boise State,Mountain West,21,Boise State,UNLV,2,"{'minutes': 5, 'seconds': 12}",2,0,52,52,1,10,22,False,Pass Reception,"(05:16) Shotgun #10 A.Colandrea pass complete deep left to #11 J.Earle caught at BOI30, for 22 yards to the BOI30, End Of Play, 1ST DOWN, PENALTY BOI Holding declined",1.19381115578766,2025-12-06T02:22:59.000Z
401777326,40177732615,401777326350,11,6,UNLV,Mountain West,0,Boise State,Mountain West,21,Boise State,UNLV,2,"{'minutes': 4, 'seconds': 40}",2,0,30,30,2,10,19,False,Rush,"(04:49) Shotgun #2 K.Lee rush right for 19 yards gain to the BOI11 (#23 S.Smith), 1ST DOWN",0.850348611545371,2025-12-06T02:24:44.000Z
401777326,40177732615,401777326356,11,7,UNLV,Mountain West,0,Boise State,Mountain West,21,Boise State,UNLV,2,"{'minutes': 3, 'seconds': 54}",2,0,11,11,1,10,0,False,Pass Incompletion,(03:57) Shotgun #10 A.Colandrea pass incomplete short right to #2 K.Lee thrown to BOI00 QB hurried by #5 J.Virgin-Morgan,-0.291297448934314,2025-12-06T02:25:35.000Z
401777326,40177732615,401777326359,11,8,UNLV,Mountain West,0,Boise State,Mountain West,21,Boise State,UNLV,2,"{'minutes': 3, 'seconds': 49}",2,0,11,11,2,10,6,False,Rush,(03:53) Shotgun #2 K.Lee rush middle for 6 yards gain to the BOI05 (#96 L.Sanusi; #41 B.Phelps),0.10518736019035,2025-12-06T02:26:14.000Z
401777326,40177732615,401777326363,11,10,UNLV,Mountain West,7,Boise State,Mountain West,21,Boise State,UNLV,2,"{'minutes': 3, 'seconds': 8}",1,0,5,5,3,4,5,True,Rushing Touchdown,"(03:12) Shotgun #10 A.Colandrea rush left for 5 yards gain to the BOI00 TOUCHDOWN, clock 03:08, 1ST DOWN #32 R.Villela kick attempt good (H: #39 K.Melzer, LS: #36 A.McIlquham)",2.707849502111889,2025-12-06T02:28:48.000Z
401777326,40177732617,401777326371,12,1,UNLV,Mountain West,7,Boise State,Mountain West,21,Boise State,UNLV,2,"{'minutes': 3, 'seconds': 2}",1,0,65,65,1,10,19,False,Kickoff,(03:08) #38 C.Costa kickoff 63 yards to the BOI02 #8 M.Sherrod return 19 yards to the BOI21 (#24 K.DeCambra),,2025-12-06T02:30:57.000Z
401777326,40177732617,401777326386,12,4,Boise State,Mountain West,21,UNLV,Mountain West,7,Boise State,UNLV,2,"{'minutes': 2, 'seconds': 0}",-1,1,26,74,2,5,0,False,Timeout,"Timeout Boise State, clock 02:00",,2025-12-06T02:32:48.000Z
401777326,40177732617,401777326376,12,2,Boise State,Mountain West,21,UNLV,Mountain West,7,Boise State,UNLV,2,"{'minutes': 2, 'seconds': 54}",0,1,21,79,1,10,5,False,Rush,(03:03) #26 S.Gaines rush left for 5 yards gain to the BOI26 (#30 T.Adeleye; #4 A.Powdrell),0.0872959704547682,2025-12-06T02:31:37.000Z
401777326,40177732617,401777326380,12,3,Boise State,Mountain West,21,UNLV,Mountain West,7,Boise State,UNLV,2,"{'minutes': 2, 'seconds': 26}",0,1,26,74,2,5,35,False,Rush,"(02:30) Shotgun #26 S.Gaines rush middle for 35 yards gain to the NLV39 (#6 M.Bin-Wahad), 1ST DOWN",3.1028002644308366,2025-12-06T02:32:08.000Z
401777326,40177732617,401777326384,12,5,Boise State,Mountain West,28,UNLV,Mountain West,7,Boise State,UNLV,2,"{'minutes': 1, 'seconds': 50}",-1,1,61,39,1,10,39,True,Passing Touchdown,"(02:00) #4 M.Madsen pass complete short left to #8 M.Sherrod caught at NLV41, for 39 yards to the NLV00 TOUCHDOWN, clock 01:50, 1ST DOWN #35 C.Boomer kick attempt good (H: #37 O.Doyle, LS: #42 M.Hutton)",3.140438554931551,2025-12-06T02:35:41.000Z
401777326,40177732619,401777326394,13,1,Boise State,Mountain West,28,UNLV,Mountain West,7,Boise State,UNLV,2,"{'minutes': 1, 'seconds': 50}",-1,1,35,65,1,10,0,False,Kickoff,(01:50) #35 C.Boomer kickoff 65 yards to the NLV00 fair catch by #11 J.Earle at NLV00,,2025-12-06T02:37:01.000Z
401777326,40177732619,401777326400,13,2,Boise State,Mountain West,28,UNLV,Mountain West,7,Boise State,UNLV,2,"{'minutes': 1, 'seconds': 50}",-2,1,35,65,0,0,0,False,Timeout,"Timeout Boise State, clock 01:50",,2025-12-06T02:39:20.000Z
401777326,40177732619,401777326414,13,6,UNLV,Mountain West,7,Boise State,Mountain West,28,Boise State,UNLV,2,"{'minutes': 1, 'seconds': 23}",0,-2,65,65,2,10,0,False,Timeout,"Timeout UNLV, clock 01:23",,2025-12-06T02:42:39.000Z
401777326,40177732619,401777326397,13,3,UNLV,Mountain West,7,Boise State,Mountain West,28,Boise State,UNLV,2,"{'minutes': 1, 'seconds': 42}",1,-2,75,75,1,10,10,False,Pass Reception,"(01:50) Shotgun #10 A.Colandrea pass complete short left to #3 D.Reynolds caught at NLV33, for 10 yards to the NLV35 (#6 J.Earby; #21 Z.Washington), 1ST DOWN, PENALTY BOI Holding declined",0.8350381090299867,2025-12-06T02:40:22.000Z
401777326,40177732619,401777326405,13,4,UNLV,Mountain West,7,Boise State,Mountain West,28,Boise State,UNLV,2,"{'minutes': 1, 'seconds': 39}",1,-2,65,65,1,10,0,False,Pass Incompletion,(01:39) Shotgun #10 A.Colandrea pass incomplete short right to #4 D.Irvin Jr. thrown to NLV32,-1.0146424556055624,2025-12-06T02:41:21.000Z
401777326,40177732619,401777326408,13,5,UNLV,Mountain West,7,Boise State,Mountain West,28,Boise State,UNLV,2,"{'minutes': 1, 'seconds': 33}",1,-2,65,65,2,10,20,False,Rush,"(01:37) Shotgun #10 A.Colandrea rush middle for 20 yards gain to the BOI45 (#41 B.Phelps), 1ST DOWN",2.7808453812298293,2025-12-06T02:41:58.000Z
401777326,40177732619,401777326421,13,9,UNLV,Mountain West,14,Boise State,Mountain West,28,Boise State,UNLV,2,"{'minutes': 0, 'seconds': 48}",0,-2,11,11,1,10,11,True,Passing Touchdown,"(00:51) Shotgun #10 A.Colandrea pass complete short left to #0 T.Omeire caught at BOI01, for 11 yards to the BOI00 TOUCHDOWN, clock 00:49, 1ST DOWN #32 R.Villela kick attempt good (H: #39 K.Melzer, LS: #36 A.McIlquham)",2.521739413367925,2025-12-06T02:45:04.000Z
401777326,40177732619,401777326412,13,7,UNLV,Mountain West,7,Boise State,Mountain West,28,Boise State,UNLV,2,"{'minutes': 1, 'seconds': 17}",0,-2,45,45,1,10,19,False,Rush,"(01:23) Shotgun #10 A.Colandrea rush left for 19 yards gain to the BOI26, out of bounds at BOI26, 1ST DOWN",0.7565119626588875,2025-12-06T02:43:39.000Z
401777326,40177732619,401777326417,13,8,UNLV,Mountain West,7,Boise State,Mountain West,28,Boise State,UNLV,2,"{'minutes': 1, 'seconds': 11}",0,-2,26,26,1,10,15,False,Rush,"(01:15) Shotgun #9 J.Thomas rush left for 15 yards gain to the BOI11 (#90 B.Fely), 1ST DOWN",0.1982627090402555,2025-12-06T02:44:21.000Z
401777326,40177732621,401777326431,14,1,UNLV,Mountain West,14,Boise State,Mountain West,28,Boise State,UNLV,2,"{'minutes': 0, 'seconds': 43}",0,-2,65,65,1,10,23,False,Kickoff,(00:49) #38 C.Costa kickoff 65 yards to the BOI00 #8 M.Sherrod return 23 yards to the BOI23 (#28 L.Christensen),,2025-12-06T02:48:46.000Z
401777326,40177732621,401777326436,14,2,Boise State,Mountain West,28,UNLV,Mountain West,14,Boise State,UNLV,2,"{'minutes': 0, 'seconds': 38}",-2,0,23,77,1,10,3,False,Rush,"(00:37) Shotgun #24 D.Riley rush right for 3 yards gain to the BOI26 (#0 L.Welch), out of bounds",-0.2714196551267518,2025-12-06T02:49:30.000Z
401777326,40177732621,401777326444,14,4,Boise State,Mountain West,28,UNLV,Mountain West,14,Boise State,UNLV,2,"{'minutes': 0, 'seconds': 25}",-2,0,34,66,1,10,0,False,Pass Incompletion,(00:28) No Huddle-Shotgun #4 M.Madsen pass incomplete short middle to #85 M.Lauter thrown to BOI38,-0.9864556271674072,2025-12-06T02:50:20.000Z
401777326,40177732621,401777326447,14,5,Boise State,Mountain West,28,UNLV,Mountain West,14,Boise State,UNLV,2,"{'minutes': 0, 'seconds': 14}",-2,0,34,66,2,10,5,False,Pass Reception,"(00:27) Shotgun #4 M.Madsen pass complete short right to #85 M.Lauter caught at BOI38, for 5 yards to the BOI39 (#36 J.Flowe)",0.0573948700716862,2025-12-06T02:51:02.000Z
401777326,40177732621,401777326454,14,6,Boise State,Mountain West,28,UNLV,Mountain West,14,Boise State,UNLV,2,"{'minutes': 0, 'seconds': 0}",-2,0,34,66,2,10,5,False,End Period,End of 2nd quarter.,0.0573948700716862,2025-12-06T02:51:28.000Z
401777326,40177732621,401777326440,14,3,Boise State,Mountain West,28,UNLV,Mountain West,14,Boise State,UNLV,2,"{'minutes': 0, 'seconds': 34}",-2,0,26,74,2,7,8,False,Rush,"(00:38) Shotgun #24 D.Riley rush middle for 8 yards gain to the BOI34 (#8 M.McDuffie), 1ST DOWN",1.1450073595865344,2025-12-06T02:50:03.000Z
401777326,40177732623,401777326459,15,1,UNLV,Mountain West,14,Boise State,Mountain West,28,Boise State,UNLV,3,"{'minutes': 14, 'seconds': 52}",3,3,65,65,1,10,24,False,Kickoff,(15:00) #38 C.Costa kickoff 65 yards to the BOI00 #8 M.Sherrod return 24 yards to the BOI24 (#14 B.Edmondson),,2025-12-06T03:13:23.000Z
401777326,40177732623,401777326489,15,7,Boise State,Mountain West,28,UNLV,Mountain West,14,Boise State,UNLV,3,"{'minutes': 12, 'seconds': 38}",2,3,56,44,2,6,0,False,Timeout,"Timeout Boise State, clock 12:38",,2025-12-06T03:17:41.000Z
401777326,40177732623,401777326466,15,2,Boise State,Mountain West,28,UNLV,Mountain West,14,Boise State,UNLV,3,"{'minutes': 14, 'seconds': 49}",3,3,24,76,1,10,5,False,Rush,(14:53) #24 D.Riley rush middle for 5 yards gain to the BOI29 (#1 C.Borders),0.0927395188594593,2025-12-06T03:14:00.000Z
401777326,40177732623,401777326470,15,3,Boise State,Mountain West,28,UNLV,Mountain West,14,Boise State,UNLV,3,"{'minutes': 14, 'seconds': 33}",3,3,29,71,2,5,2,False,Rush,(14:37) #24 D.Riley rush left for 2 yards gain to the BOI31 (#3 J.Joseph; #1 C.Borders),-0.4646364860089829,2025-12-06T03:15:23.000Z
401777326,40177732623,401777326474,15,4,Boise State,Mountain West,28,UNLV,Mountain West,14,Boise State,UNLV,3,"{'minutes': 13, 'seconds': 50}",3,3,31,69,3,3,21,False,Pass Reception,"(13:58) Shotgun #4 M.Madsen pass complete short right to #8 M.Sherrod caught at BOI28, for 21 yards to the NLV48 (#7 J.Pope), out of bounds, 1ST DOWN",2.8312814742853574,2025-12-06T03:16:03.000Z
401777326,40177732623,401777326479,15,5,Boise State,Mountain West,28,UNLV,Mountain West,14,Boise State,UNLV,3,"{'minutes': 13, 'seconds': 20}",3,3,52,48,1,10,4,False,Rush,(13:24) #24 D.Riley rush middle for 4 yards gain to the NLV44 (#30 T.Adeleye),-0.1319374071745773,2025-12-06T03:16:44.000Z
401777326,40177732623,401777326483,15,6,Boise State,Mountain West,28,UNLV,Mountain West,14,Boise State,UNLV,3,"{'minutes': 12, 'seconds': 38}",3,3,56,44,2,6,4,False,Rush,(12:43) #24 D.Riley rush right for 4 yards gain to the NLV40 (#7 J.Pope),-0.1403031604061127,2025-12-06T03:17:25.000Z
401777326,40177732623,401777326487,15,8,Boise State,Mountain West,28,UNLV,Mountain West,14,Boise State,UNLV,3,"{'minutes': 12, 'seconds': 8}",2,3,60,40,3,2,0,False,Rush,"(12:17) #26 S.Gaines rush middle for 0 yards to the NLV40, End Of Play",-1.134461623722295,2025-12-06T03:20:42.000Z
401777326,40177732623,401777326493,15,9,Boise State,Mountain West,28,UNLV,Mountain West,14,Boise State,UNLV,3,"{'minutes': 11, 'seconds': 43}",2,3,60,40,4,2,0,False,Pass Incompletion,"(11:43) #4 M.Madsen pass incomplete deep middle to #3 L.Caples thrown to NLV10, TURNOVER ON DOWNS",-1.907063972417058,2025-12-06T03:21:22.000Z
401777326,40177732624,401777326506,16,3,UNLV,Mountain West,14,Boise State,Mountain West,28,Boise State,UNLV,3,"{'minutes': 10, 'seconds': 46}",3,2,49,49,1,10,5,False,Penalty,PENALTY NLV False Start (#85 M.Byrnes) 5 yards from BOI49 to NLV46. NO PLAY,,2025-12-06T03:23:17.000Z
401777326,40177732624,401777326515,16,5,UNLV,Mountain West,14,Boise State,Mountain West,28,Boise State,UNLV,3,"{'minutes': 9, 'seconds': 45}",2,2,54,54,1,15,0,False,Timeout,"Timeout UNLV, clock 09:45",,2025-12-06T03:24:48.000Z
401777326,40177732624,401777326521,16,8,UNLV,Mountain West,14,Boise State,Mountain West,28,Boise State,UNLV,3,"{'minutes': 8, 'seconds': 47}",2,2,63,63,4,24,0,False,Punt,"(08:55) #33 C.Brown punt 51 yards to the BOI12, out of bounds at BOI12",,2025-12-06T03:29:40.000Z
401777326,40177732624,401777326528,16,9,UNLV,Mountain West,14,Boise State,Mountain West,28,Boise State,UNLV,3,"{'minutes': 8, 'seconds': 47}",1,2,63,63,4,24,0,False,Timeout,"Timeout UNLV, clock 08:47",,2025-12-06T03:29:54.000Z
401777326,40177732624,401777326497,16,1,UNLV,Mountain West,14,Boise State,Mountain West,28,Boise State,UNLV,3,"{'minutes': 11, 'seconds': 38}",3,2,60,60,1,10,4,False,Rush,"(11:40) Shotgun #10 A.Colandrea rush right for 4 yards gain to the NLV44, out of bounds at NLV44",-0.1674744380827829,2025-12-06T03:22:12.000Z
401777326,40177732624,401777326501,16,2,UNLV,Mountain West,14,Boise State,Mountain West,28,Boise State,UNLV,3,"{'minutes': 10, 'seconds': 57}",3,2,56,56,2,6,7,False,Pass Reception,"(11:06) Shotgun #10 A.Colandrea pass complete short left to #6 J.Bradley caught at NLV48, for 7 yards to the BOI49 (#23 S.Smith), 1ST DOWN",1.16204449058921,2025-12-06T03:22:54.000Z
401777326,40177732624,401777326509,16,4,UNLV,Mountain West,14,Boise State,Mountain West,28,Boise State,UNLV,3,"{'minutes': 10, 'seconds': 20}",3,2,54,54,1,15,-6,False,Rush,(10:27) Shotgun #9 J.Thomas rush right for 6 yards loss to the NLV40 (#95 M.Stege),-1.8644814471650442,2025-12-06T03:23:58.000Z
401777326,40177732624,401777326513,16,6,UNLV,Mountain West,14,Boise State,Mountain West,28,Boise State,UNLV,3,"{'minutes': 9, 'seconds': 36}",2,2,60,60,2,21,-3,False,Sack,(09:45) Shotgun #10 A.Colandrea sacked for loss of 3 yards to the NLV37 (#5 J.Virgin-Morgan),-0.44652348294122923,2025-12-06T03:28:16.000Z
401777326,40177732624,401777326518,16,7,UNLV,Mountain West,14,Boise State,Mountain West,28,Boise State,UNLV,3,"{'minutes': 8, 'seconds': 57}",2,2,63,63,3,24,0,False,Pass Incompletion,(09:03) Shotgun #10 A.Colandrea pass incomplete short left to #85 M.Byrnes thrown to NLV40 QB hurried by #5 J.Virgin-Morgan,-0.09638159161988825,2025-12-06T03:28:55.000Z
401777326,40177732625,401777326564,17,6,Boise State,Mountain West,28,UNLV,Mountain West,14,Boise State,UNLV,3,"{'minutes': 6, 'seconds': 24}",2,1,42,58,3,6,5,False,Penalty,PENALTY BOI False Start (#88 M.Wagner) 5 yards from BOI42 to BOI37. NO PLAY,,2025-12-06T03:38:45.000Z
401777326,40177732625,401777326570,17,8,Boise State,Mountain West,28,UNLV,Mountain West,14,Boise State,UNLV,3,"{'minutes': 5, 'seconds': 54}",2,1,37,63,4,11,0,False,Punt,(05:53) #37 O.Doyle punt 41 yards to the NLV22 fair catch by #4 D.Irvin Jr. at NLV22,,2025-12-06T03:40:04.000Z
401777326,40177732625,401777326576,17,9,Boise State,Mountain West,28,UNLV,Mountain West,14,Boise State,UNLV,3,"{'minutes': 5, 'seconds': 54}",1,1,37,63,4,11,0,False,Timeout,"Timeout Boise State, clock 05:54",,2025-12-06T03:40:45.000Z
401777326,40177732625,401777326526,17,1,Boise State,Mountain West,28,UNLV,Mountain West,14,Boise State,UNLV,3,"{'minutes': 8, 'seconds': 42}",2,1,12,88,1,10,6,False,Rush,(08:47) Shotgun #24 D.Riley rush middle for 6 yards gain to the BOI18 (#54 I.Patterson),0.22481186304046563,2025-12-06T03:33:09.000Z
401777326,40177732625,401777326531,17,2,Boise State,Mountain West,28,UNLV,Mountain West,14,Boise State,UNLV,3,"{'minutes': 8, 'seconds': 9}",2,1,18,82,2,4,0,False,Rush,(08:13) Shotgun #24 D.Riley rush left for 0 yards to the BOI18 (#30 T.Adeleye; #8 M.McDuffie),-0.5087951730954794,2025-12-06T03:33:41.000Z
401777326,40177732625,401777326535,17,3,Boise State,Mountain West,28,UNLV,Mountain West,14,Boise State,UNLV,3,"{'minutes': 7, 'seconds': 21}",2,1,18,82,3,4,5,False,Pass Reception,"(07:28) Shotgun #4 M.Madsen pass complete short middle to #88 M.Wagner caught at BOI23, for 5 yards to the BOI23, End Of Play, 1ST DOWN, PENALTY NLV Personal Foul (#7 J.Pope) 15 yards from BOI23 to BOI38, 1ST DOWN",0.8048862074499334,2025-12-06T03:34:26.000Z
401777326,40177732625,401777326553,17,4,Boise State,Mountain West,28,UNLV,Mountain West,14,Boise State,UNLV,3,"{'minutes': 6, 'seconds': 57}",2,1,38,62,1,10,0,False,Pass Incompletion,"(06:57) Shotgun #4 M.Madsen pass incomplete short right to #3 L.Caples thrown to NLV49. The previous play is under automatic review - ""Incomplete pass"". CALL OVERTURNED. (Original Play: (06:57) Shotgun #4 M.Madsen pass complete short right to #3 L.Caples caught at NLV49, for 13 yards to the NLV49, End Of Play, 1ST DOWN)",-1.087995077167328,2025-12-06T03:37:54.000Z
401777326,40177732625,401777326557,17,5,Boise State,Mountain West,28,UNLV,Mountain West,14,Boise State,UNLV,3,"{'minutes': 6, 'seconds': 43}",2,1,38,62,2,10,4,False,Pass Reception,"(06:57) Shotgun #4 M.Madsen pass complete short right to #13 C.Penry caught at BOI42, for 4 yards to the BOI42 QB hurried by #1 C.Borders, End Of Play",-0.126245501854279,2025-12-06T03:38:14.000Z
401777326,40177732625,401777326567,17,7,Boise State,Mountain West,28,UNLV,Mountain West,14,Boise State,UNLV,3,"{'minutes': 5, 'seconds': 58}",2,1,37,63,3,11,0,False,Pass Incompletion,(06:03) Shotgun #4 M.Madsen pass incomplete short left to #5 C.Marshall thrown to NLV45 QB hurried by #1 C.Borders,-0.3134404920154985,2025-12-06T03:39:24.000Z
401777326,40177732626,401777326598,18,5,UNLV,Mountain West,14,Boise State,Mountain West,28,Boise State,UNLV,3,"{'minutes': 4, 'seconds': 20}",0,1,28,28,2,6,0,False,Timeout,"Timeout UNLV, clock 04:20",,2025-12-06T03:47:01.000Z
401777326,40177732626,401777326574,18,1,UNLV,Mountain West,14,Boise State,Mountain West,28,Boise State,UNLV,3,"{'minutes': 5, 'seconds': 47}",1,1,78,78,1,10,23,False,Rush,"(05:52) Shotgun #9 J.Thomas rush left for 23 yards gain to the NLV45 (#21 Z.Washington), out of bounds, 1ST DOWN",1.9953715650247572,2025-12-06T03:43:25.000Z
401777326,40177732626,401777326579,18,2,UNLV,Mountain West,14,Boise State,Mountain West,28,Boise State,UNLV,3,"{'minutes': 5, 'seconds': 24}",1,1,55,55,1,10,0,False,Pass Incompletion,(05:30) Shotgun #10 A.Colandrea pass incomplete deep left thrown to BOI20 QB hurried by #90 B.Fely and #5 J.Virgin-Morgan,-1.1618692012952412,2025-12-06T03:44:05.000Z
401777326,40177732626,401777326582,18,3,UNLV,Mountain West,14,Boise State,Mountain West,28,Boise State,UNLV,3,"{'minutes': 5, 'seconds': 15}",1,1,55,55,2,10,23,False,Pass Reception,"(05:22) Shotgun #10 A.Colandrea pass complete deep left to #11 J.Earle caught at BOI33, for 23 yards to the BOI32 QB hurried by #90 B.Fely, out of bounds at BOI32, 1ST DOWN",2.5669630130226437,2025-12-06T03:44:51.000Z
401777326,40177732626,401777326588,18,4,UNLV,Mountain West,14,Boise State,Mountain West,28,Boise State,UNLV,3,"{'minutes': 4, 'seconds': 52}",1,1,32,32,1,10,4,False,Rush,(04:56) No Huddle-Shotgun #9 J.Thomas rush left for 4 yards gain to the BOI28 (#53 M.Notarainni),-0.0558269791892986,2025-12-06T03:45:24.000Z
401777326,40177732626,401777326592,18,6,UNLV,Mountain West,14,Boise State,Mountain West,28,Boise State,UNLV,3,"{'minutes': 4, 'seconds': 19}",0,1,28,28,2,6,0,False,Pass Incompletion,(04:24) Shotgun #10 A.Colandrea pass incomplete short right to #6 J.Bradley thrown to BOI25 broken up by #23 S.Smith,-0.653877651250651,2025-12-06T03:45:56.000Z
401777326,40177732626,401777326595,18,7,UNLV,Mountain West,14,Boise State,Mountain West,28,Boise State,UNLV,3,"{'minutes': 4, 'seconds': 9}",0,1,28,28,3,6,0,False,Pass Incompletion,(04:20) Shotgun #10 A.Colandrea pass incomplete short left to #0 T.Omeire thrown to BOI11 QB hurried by #41 B.Phelps,-0.877204714623737,2025-12-06T03:48:09.000Z
401777326,40177732626,401777326600,18,8,UNLV,Mountain West,14,Boise State,Mountain West,28,Boise State,UNLV,3,"{'minutes': 3, 'seconds': 49}",0,1,28,28,4,6,20,False,Pass Reception,"(04:10) Shotgun #10 A.Colandrea pass complete short right to #84 N.Elksnis caught at BOI13, for 20 yards to the BOI08 QB hurried by #5 J.Virgin-Morgan (#53 M.Notarainni), 1ST DOWN",2.138829201952957,2025-12-06T03:48:54.000Z
401777326,40177732626,401777326605,18,9,UNLV,Mountain West,14,Boise State,Mountain West,28,Boise State,UNLV,3,"{'minutes': 3, 'seconds': 26}",0,1,8,8,1,8,1,False,Rush,(03:30) Shotgun #10 A.Colandrea rush left for 1 yard gain to the BOI07 (#95 M.Stege),-0.287548899318045,2025-12-06T03:49:34.000Z
401777326,40177732626,401777326609,18,10,UNLV,Mountain West,21,Boise State,Mountain West,28,Boise State,UNLV,3,"{'minutes': 2, 'seconds': 59}",0,1,7,7,2,7,7,True,Rushing Touchdown,"(03:02) Shotgun #11 J.Earle rush middle for 7 yards gain to the BOI00 TOUCHDOWN, clock 02:59 #32 R.Villela kick attempt good (H: #39 K.Melzer, LS: #36 A.McIlquham)",2.607148468017737,2025-12-06T03:51:16.000Z
401777326,40177732628,401777326616,19,1,UNLV,Mountain West,21,Boise State,Mountain West,28,Boise State,UNLV,3,"{'minutes': 2, 'seconds': 52}",0,1,65,65,1,10,22,False,Kickoff,(02:59) #38 C.Costa kickoff 65 yards to the BOI00 #8 M.Sherrod return 22 yards to the BOI22 (#17 O.Egbase),,2025-12-06T03:53:20.000Z
401777326,40177732628,401777326632,19,5,Boise State,Mountain West,28,UNLV,Mountain West,21,Boise State,UNLV,3,"{'minutes': 1, 'seconds': 35}",1,0,34,66,1,10,5,False,Penalty,PENALTY BOI False Start (#72 Z.Holmes) 5 yards from BOI34 to BOI29. NO PLAY,,2025-12-06T03:55:51.000Z
401777326,40177732628,401777326679,19,14,Boise State,Mountain West,35,UNLV,Mountain West,21,Boise State,UNLV,4,"{'minutes': 13, 'seconds': 21}",0,0,97,3,0,0,0,False,Timeout,"Timeout Boise State, clock 13:21",,2025-12-06T04:04:57.000Z
401777326,40177732628,401777326652,19,9,Boise State,Mountain West,28,UNLV,Mountain West,21,Boise State,UNLV,3,"{'minutes': 0, 'seconds': 0}",1,0,46,54,1,10,6,False,End Period,End of 3rd quarter.,0.374950753061633,2025-12-06T03:58:07.000Z
401777326,40177732628,401777326621,19,2,Boise State,Mountain West,28,UNLV,Mountain West,21,Boise State,UNLV,3,"{'minutes': 2, 'seconds': 45}",1,0,22,78,1,10,0,False,Pass Incompletion,(02:53) Shotgun #4 M.Madsen pass incomplete short right to #80 C.Bates thrown to BOI35 QB hurried by #1 C.Borders,-0.6135902757979226,2025-12-06T03:54:06.000Z
401777326,40177732628,401777326624,19,3,Boise State,Mountain West,28,UNLV,Mountain West,21,Boise State,UNLV,3,"{'minutes': 2, 'seconds': 41}",1,0,22,78,2,10,9,False,Rush,"(02:46) #24 D.Riley rush left for 9 yards gain to the BOI31 (#8 M.McDuffie), out of bounds",0.6008998132349381,2025-12-06T03:54:34.000Z
401777326,40177732628,401777326628,19,4,Boise State,Mountain West,28,UNLV,Mountain West,21,Boise State,UNLV,3,"{'minutes': 2, 'seconds': 7}",1,0,31,69,3,1,3,False,Rush,"(02:09) #24 D.Riley rush middle for 3 yards gain to the BOI34 (#92 J.Lee; #55 C.Fuller), 1ST DOWN",0.9479058751744925,2025-12-06T03:55:13.000Z
401777326,40177732628,401777326637,19,6,Boise State,Mountain West,28,UNLV,Mountain West,21,Boise State,UNLV,3,"{'minutes': 1, 'seconds': 19}",1,0,29,71,1,15,7,False,Rush,(01:21) Shotgun #24 D.Riley rush middle for 7 yards gain to the BOI36 (#3 J.Joseph),0.4218435060758097,2025-12-06T03:56:35.000Z
401777326,40177732628,401777326641,19,7,Boise State,Mountain West,28,UNLV,Mountain West,21,Boise State,UNLV,3,"{'minutes': 0, 'seconds': 42}",1,0,36,64,2,8,10,False,Pass Reception,"(00:50) Shotgun #4 M.Madsen pass complete short middle to #5 C.Marshall caught at BOI40, for 10 yards to the BOI46 (#9 A.Brown), 1ST DOWN",1.7680958512040978,2025-12-06T03:57:07.000Z
401777326,40177732628,401777326646,19,8,Boise State,Mountain West,28,UNLV,Mountain West,21,Boise State,UNLV,3,"{'minutes': 0, 'seconds': 15}",1,0,46,54,1,10,6,False,Rush,(00:15) #24 D.Riley rush middle for 6 yards gain to the NLV48 (#15 B.Alualu-Tuiolemotu; #8 M.McDuffie),0.374950753061633,2025-12-06T03:57:44.000Z
401777326,40177732628,401777326656,19,10,Boise State,Mountain West,28,UNLV,Mountain West,21,Boise State,UNLV,4,"{'minutes': 14, 'seconds': 55}",1,0,52,48,2,4,1,False,Rush,(15:00) Shotgun #24 D.Riley rush middle for 1 yard gain to the NLV47 (#92 J.Lee),-0.959474183340106,2025-12-06T04:02:07.000Z
401777326,40177732628,401777326662,19,11,Boise State,Mountain West,28,UNLV,Mountain West,21,Boise State,UNLV,4,"{'minutes': 14, 'seconds': 6}",1,0,53,47,3,3,46,False,Pass Reception,"(14:20) #4 M.Madsen pass complete short left to #13 C.Penry caught at NLV42, for 46 yards to the NLV01 (#8 M.McDuffie), 1ST DOWN",3.831399692843238,2025-12-06T04:02:46.000Z
401777326,40177732628,401777326667,19,12,Boise State,Mountain West,28,UNLV,Mountain West,21,Boise State,UNLV,4,"{'minutes': 13, 'seconds': 27}",1,0,99,1,1,1,0,False,Pass Incompletion,(13:25) #4 M.Madsen pass incomplete short right to #85 M.Lauter thrown to NLV00,-0.962330962352563,2025-12-06T04:03:38.000Z
401777326,40177732628,401777326670,19,13,Boise State,Mountain West,35,UNLV,Mountain West,21,Boise State,UNLV,4,"{'minutes': 13, 'seconds': 21}",1,0,99,1,2,1,1,True,Rushing Touchdown,"(13:27) #26 S.Gaines rush middle for 1 yard gain to the NLV00 TOUCHDOWN, clock 13:21 #35 C.Boomer kick attempt good (H: #37 O.Doyle, LS: #42 M.Hutton)",1.900352237473006,2025-12-06T04:04:07.000Z
401777326,40177732630,401777326677,20,1,Boise State,Mountain West,35,UNLV,Mountain West,21,Boise State,UNLV,4,"{'minutes': 13, 'seconds': 23}",0,0,35,65,1,10,0,False,Kickoff,"(13:23) #35 C.Boomer kickoff 65 yards to the NLV00, Touchback",,2025-12-06T04:04:49.000Z
401777326,40177732630,401777326691,20,5,UNLV,Mountain West,21,Boise State,Mountain West,35,Boise State,UNLV,4,"{'minutes': 12, 'seconds': 31}",0,0,67,67,4,2,0,False,Punt,(12:36) #33 C.Brown punt 47 yards to the BOI20 fair catch by #8 M.Sherrod at BOI20,,2025-12-06T04:10:28.000Z
401777326,40177732630,401777326697,20,6,UNLV,Mountain West,21,Boise State,Mountain West,35,Boise State,UNLV,4,"{'minutes': 12, 'seconds': 31}",-1,0,67,67,4,2,0,False,Timeout,"Timeout UNLV, clock 12:31",,2025-12-06T04:10:46.000Z
401777326,40177732630,401777326681,20,2,UNLV,Mountain West,21,Boise State,Mountain West,35,Boise State,UNLV,4,"{'minutes': 13, 'seconds': 16}",0,0,75,75,1,10,8,False,Rush,(13:23) Shotgun #10 A.Colandrea rush middle for 8 yards gain to the NLV33 (#0 T.Benefield),0.9104368550610653,2025-12-06T04:08:33.000Z
401777326,40177732630,401777326685,20,3,UNLV,Mountain West,21,Boise State,Mountain West,35,Boise State,UNLV,4,"{'minutes': 12, 'seconds': 42}",0,0,67,67,2,2,0,False,Pass Incompletion,(12:47) Shotgun #10 A.Colandrea pass incomplete short left to #11 J.Earle thrown to NLV35,-1.1300243096866742,2025-12-06T04:09:09.000Z
401777326,40177732630,401777326688,20,4,UNLV,Mountain West,21,Boise State,Mountain West,35,Boise State,UNLV,4,"{'minutes': 12, 'seconds': 39}",0,0,67,67,3,2,0,False,Pass Incompletion,(12:42) Shotgun #10 A.Colandrea pass incomplete short right to #2 K.Lee thrown to NLV35,-0.6013143962559822,2025-12-06T04:09:51.000Z
401777326,40177732631,401777326706,21,4,Boise State,Mountain West,35,UNLV,Mountain West,21,Boise State,UNLV,4,"{'minutes': 11, 'seconds': 41}",0,-1,22,78,4,8,0,False,Punt,(11:44) #37 O.Doyle punt 40 yards to the NLV38 fair catch by #4 D.Irvin Jr. at NLV38,,2025-12-06T04:15:27.000Z
401777326,40177732631,401777326695,21,1,Boise State,Mountain West,35,UNLV,Mountain West,21,Boise State,UNLV,4,"{'minutes': 12, 'seconds': 26}",0,-1,20,80,1,10,2,False,Rush,(12:32) #24 D.Riley rush middle for 2 yards gain to the BOI22 (#55 C.Fuller; #54 I.Patterson),-0.3623882030735057,2025-12-06T04:13:29.000Z
401777326,40177732631,401777326700,21,2,Boise State,Mountain West,35,UNLV,Mountain West,21,Boise State,UNLV,4,"{'minutes': 11, 'seconds': 49}",0,-1,22,78,2,8,0,False,Pass Incompletion,(11:55) Shotgun #4 M.Madsen pass incomplete short middle to #13 C.Penry thrown to BOI33,-0.3680210874717833,2025-12-06T04:14:08.000Z
401777326,40177732631,401777326703,21,3,Boise State,Mountain West,35,UNLV,Mountain West,21,Boise State,UNLV,4,"{'minutes': 11, 'seconds': 45}",0,-1,22,78,3,8,0,False,Pass Incompletion,(11:51) Shotgun #4 M.Madsen pass incomplete short right to #80 C.Bates thrown to BOI40,-0.16596300296032848,2025-12-06T04:14:50.000Z
401777326,40177732632,401777326741,22,8,UNLV,Mountain West,21,Boise State,Mountain West,35,Boise State,UNLV,4,"{'minutes': 7, 'seconds': 35}",-1,0,47,47,4,27,5,False,Penalty,PENALTY NLV False Start (#28 L.Christensen) 5 yards from BOI47 to NLV48. NO PLAY,,2025-12-06T04:21:02.000Z
401777326,40177732632,401777326744,22,9,UNLV,Mountain West,21,Boise State,Mountain West,35,Boise State,UNLV,4,"{'minutes': 7, 'seconds': 18}",-1,0,52,52,4,32,17,False,Punt Return,(07:25) #33 C.Brown punt 44 yards to the BOI08 #8 M.Sherrod return 20 yards to the BOI28 (#33 C.Brown) PENALTY BOI Holding 10 yards from BOI25 to BOI15,,2025-12-06T04:21:37.000Z
401777326,40177732632,401777326753,22,10,UNLV,Mountain West,21,Boise State,Mountain West,35,Boise State,UNLV,4,"{'minutes': 7, 'seconds': 18}",-2,0,52,52,4,32,0,False,Timeout,"Timeout UNLV, clock 07:18",,2025-12-06T04:23:49.000Z
401777326,40177732632,401777326710,22,1,UNLV,Mountain West,21,Boise State,Mountain West,35,Boise State,UNLV,4,"{'minutes': 11, 'seconds': 36}",-1,0,62,62,1,10,0,False,Pass Incompletion,(11:41) Shotgun #10 A.Colandrea pass incomplete deep left to #84 N.Elksnis thrown to BOI35 QB hurried by #90 B.Fely,-1.087995077167328,2025-12-06T04:16:11.000Z
401777326,40177732632,401777326713,22,2,UNLV,Mountain West,21,Boise State,Mountain West,35,Boise State,UNLV,4,"{'minutes': 11, 'seconds': 28}",-1,0,62,62,2,10,5,False,Rush,(11:34) Shotgun #9 J.Thomas rush right for 5 yards gain to the NLV43 (#20 J.Mickey),0.0637604424093929,2025-12-06T04:16:48.000Z
401777326,40177732632,401777326719,22,3,UNLV,Mountain West,21,Boise State,Mountain West,35,Boise State,UNLV,4,"{'minutes': 10, 'seconds': 45}",-1,0,57,57,3,5,17,False,Pass Reception,"(10:57) Shotgun #10 A.Colandrea pass complete short left to #0 T.Omeire caught at NLV45, for 17 yards to the BOI40 (#20 J.Mickey), out of bounds, 1ST DOWN",2.7881891315000846,2025-12-06T04:17:26.000Z
401777326,40177732632,401777326724,22,4,UNLV,Mountain West,21,Boise State,Mountain West,35,Boise State,UNLV,4,"{'minutes': 10, 'seconds': 18}",-1,0,40,40,1,10,10,False,Pass Reception,"(10:24) Shotgun #10 A.Colandrea pass complete short left to #9 J.Thomas caught at BOI43, for 10 yards to the BOI30 (#41 B.Phelps), out of bounds, 1ST DOWN",0.37480601101457,2025-12-06T04:18:02.000Z
401777326,40177732632,401777326729,22,5,UNLV,Mountain West,21,Boise State,Mountain West,35,Boise State,UNLV,4,"{'minutes': 9, 'seconds': 38}",-1,0,30,30,1,10,-3,False,Rush,(09:46) Shotgun #16 K.McGee rush right for 3 yards loss to the BOI33 (#41 B.Phelps),-1.012168877294906,2025-12-06T04:18:46.000Z
401777326,40177732632,401777326733,22,6,UNLV,Mountain West,21,Boise State,Mountain West,35,Boise State,UNLV,4,"{'minutes': 8, 'seconds': 59}",-1,0,33,33,2,13,-12,False,Sack,(09:05) Shotgun #10 A.Colandrea sacked for loss of 12 yards to the BOI45 (#53 M.Notarainni),-2.97148665306794,2025-12-06T04:19:29.000Z
401777326,40177732632,401777326737,22,7,UNLV,Mountain West,21,Boise State,Mountain West,35,Boise State,UNLV,4,"{'minutes': 8, 'seconds': 15}",-1,0,45,45,3,25,-2,False,Rush,(08:19) Shotgun #9 J.Thomas rush right for 2 yards loss to the BOI47 (#99 M.Madrie),-0.4095136097313379,2025-12-06T04:20:12.000Z
401777326,40177732633,401777326781,23,8,Boise State,Mountain West,38,UNLV,Mountain West,21,Boise State,UNLV,4,"{'minutes': 3, 'seconds': 13}",0,-2,67,33,4,7,50,True,Field Goal Good,"(03:19) #35 C.Boomer field goal attempt from 50 yards GOOD (H: #37 O.Doyle, LS: #42 M.Hutton), clock 03:13",,2025-12-06T04:30:37.000Z
401777326,40177732633,401777326778,23,7,Boise State,Mountain West,35,UNLV,Mountain West,21,Boise State,UNLV,4,"{'minutes': 3, 'seconds': 19}",0,-2,67,33,3,7,0,False,Pass Incompletion,(03:24) Shotgun #4 M.Madsen pass incomplete deep left to #5 C.Marshall thrown to NLV13,-1.0098568739297917,2025-12-06T04:29:53.000Z
401777326,40177732633,401777326770,23,5,Boise State,Mountain West,35,UNLV,Mountain West,21,Boise State,UNLV,4,"{'minutes': 4, 'seconds': 37}",0,-2,64,36,1,10,2,False,Rush,(04:39) Shotgun #8 M.Sherrod rush left for 2 yards gain to the NLV34 (#0 L.Welch; #9 A.Brown),-0.3845678420514834,2025-12-06T04:28:35.000Z
401777326,40177732633,401777326774,23,6,Boise State,Mountain West,35,UNLV,Mountain West,21,Boise State,UNLV,4,"{'minutes': 3, 'seconds': 59}",0,-2,66,34,2,8,1,False,Rush,(04:02) #24 D.Riley rush middle for 1 yard gain to the NLV33 (#8 M.McDuffie),-0.6525284824668596,2025-12-06T04:29:13.000Z
401777326,40177732633,401777326751,23,1,Boise State,Mountain West,35,UNLV,Mountain West,21,Boise State,UNLV,4,"{'minutes': 7, 'seconds': 13}",0,-2,15,85,1,10,2,False,Rush,(07:15) Shotgun #24 D.Riley rush middle for 2 yards gain to the BOI17 (#44 W.Muavesi; #8 M.McDuffie),-0.28628930380234063,2025-12-06T04:25:12.000Z
401777326,40177732633,401777326756,23,2,Boise State,Mountain West,35,UNLV,Mountain West,21,Boise State,UNLV,4,"{'minutes': 6, 'seconds': 31}",0,-2,17,83,2,8,3,False,Rush,(06:33) Shotgun #24 D.Riley rush left for 3 yards gain to the BOI20 (#0 L.Welch),-0.12103300290610175,2025-12-06T04:25:53.000Z
401777326,40177732633,401777326760,23,3,Boise State,Mountain West,35,UNLV,Mountain West,21,Boise State,UNLV,4,"{'minutes': 5, 'seconds': 42}",0,-2,20,80,3,5,17,False,Pass Reception,"(05:57) Shotgun #4 M.Madsen pass complete short right to #3 L.Caples caught at BOI37, for 17 yards to the BOI37 (#7 J.Pope), out of bounds, 1ST DOWN",1.9777730630059018,2025-12-06T04:26:35.000Z
401777326,40177732633,401777326765,23,4,Boise State,Mountain West,35,UNLV,Mountain West,21,Boise State,UNLV,4,"{'minutes': 5, 'seconds': 11}",0,-2,37,63,1,10,12,False,Rush,"(05:15) #25 Q.Brown rush left for 12 yards gain (17) to the BOI49 (#4 A.Powdrell), 1ST DOWN, PENALTY NLV Illegal Use Of Hands (#0 L.Welch) 10 yards from NLV46 to NLV36, 1ST DOWN",1.1271435896848112,2025-12-06T04:27:14.000Z
401777326,40177732635,401777326784,24,1,Boise State,Mountain West,38,UNLV,Mountain West,21,Boise State,UNLV,4,"{'minutes': 3, 'seconds': 7}",0,-2,35,65,1,10,34,False,Kickoff,(03:15) #35 C.Boomer kickoff 62 yards to the NLV03 #6 J.Bradley return 34 yards to the NLV37 (#0 T.Benefield; #35 C.Boomer),,2025-12-06T04:32:00.000Z
401777326,40177732635,401777326825,24,10,UNLV,Mountain West,21,Boise State,Mountain West,38,Boise State,UNLV,4,"{'minutes': 1, 'seconds': 5}",-4,0,33,33,2,10,0,False,Timeout,"Timeout UNLV, clock 01:05",,2025-12-06T04:40:59.000Z
401777326,40177732635,401777326800,24,4,UNLV,Mountain West,21,Boise State,Mountain West,38,Boise State,UNLV,4,"{'minutes': 2, 'seconds': 0}",-3,0,67,67,2,14,0,False,Timeout,"Timeout UNLV, clock 02:00",,2025-12-06T04:34:38.000Z
401777326,40177732635,401777326819,24,9,UNLV,Mountain West,21,Boise State,Mountain West,38,Boise State,UNLV,4,"{'minutes': 1, 'seconds': 5}",-3,0,33,33,2,10,8,False,Rush,(01:09) Shotgun #2 K.Lee rush right for 8 yards gain to the BOI25 (#99 M.Madrie),0.5096395422411514,2025-12-06T04:40:23.000Z
401777326,40177732635,401777326789,24,2,UNLV,Mountain West,21,Boise State,Mountain West,38,Boise State,UNLV,4,"{'minutes': 3, 'seconds': 2}",-2,0,63,63,1,10,-4,False,Rush,"(03:09) Shotgun #10 A.Colandrea rush right for 4 yards loss to the NLV33 (#0 T.Benefield), out of bounds",-1.6521497004281738,2025-12-06T04:32:50.000Z
401777326,40177732635,401777326793,24,3,UNLV,Mountain West,21,Boise State,Mountain West,38,Boise State,UNLV,4,"{'minutes': 2, 'seconds': 18}",-2,0,67,67,2,14,6,False,Pass Reception,"(02:31) Shotgun #10 A.Colandrea pass complete short left to #8 T.Lyons caught at NLV34, for 6 yards to the NLV39 (#6 J.Earby; #41 B.Phelps)",0.15917847545707797,2025-12-06T04:33:27.000Z
401777326,40177732635,401777326798,24,5,UNLV,Mountain West,21,Boise State,Mountain West,38,Boise State,UNLV,4,"{'minutes': 1, 'seconds': 51}",-3,0,61,61,3,8,8,False,Pass Reception,"(01:58) Shotgun #10 A.Colandrea pass complete short middle to #3 D.Reynolds caught at NLV43, for 8 yards to the NLV47 (#41 B.Phelps), 1ST DOWN",2.4481825849755383,2025-12-06T04:38:02.000Z
401777326,40177732635,401777326804,24,6,UNLV,Mountain West,21,Boise State,Mountain West,38,Boise State,UNLV,4,"{'minutes': 1, 'seconds': 33}",-3,0,53,53,1,10,8,False,Pass Reception,"(01:38) No Huddle-Shotgun #10 A.Colandrea pass complete short left to #2 K.Lee caught at NLV43, for 8 yards to the BOI45, out of bounds at BOI45",0.9027604054456208,2025-12-06T04:38:33.000Z
401777326,40177732635,401777326810,24,7,UNLV,Mountain West,21,Boise State,Mountain West,38,Boise State,UNLV,4,"{'minutes': 1, 'seconds': 27}",-3,0,45,45,2,2,12,False,Pass Reception,"(01:30) No Huddle-Shotgun #10 A.Colandrea pass complete short middle to #6 J.Bradley caught at BOI43, for 12 yards to the BOI33 (#23 S.Smith), 1ST DOWN",0.289464254625699,2025-12-06T04:39:15.000Z
401777326,40177732635,401777326816,24,8,UNLV,Mountain West,21,Boise State,Mountain West,38,Boise State,UNLV,4,"{'minutes': 1, 'seconds': 16}",-3,0,33,33,1,10,0,False,Pass Incompletion,(01:19) No Huddle-Shotgun #10 A.Colandrea pass incomplete deep left to #0 T.Omeire thrown to BOI12,-0.6351269961541294,2025-12-06T04:39:34.000Z
401777326,40177732635,401777326823,24,11,UNLV,Mountain West,21,Boise State,Mountain West,38,Boise State,UNLV,4,"{'minutes': 0, 'seconds': 58}",-4,0,25,25,3,2,-2,False,Rush,(01:05) Shotgun #10 A.Colandrea rush right for 2 yards loss to the BOI27 (#20 J.Mickey),-1.109921928846882,2025-12-06T04:41:40.000Z
401777326,40177732635,401777326828,24,12,UNLV,Mountain West,21,Boise State,Mountain West,38,Boise State,UNLV,4,"{'minutes': 0, 'seconds': 24}",-4,0,27,27,4,4,0,False,Pass Incompletion,"(00:27) Shotgun #10 A.Colandrea pass incomplete short middle to #4 D.Irvin Jr. thrown to BOI20, TURNOVER ON DOWNS",-2.861515843738152,2025-12-06T04:42:18.000Z
401777326,40177732636,401777326837,25,2,Boise State,Mountain West,38,UNLV,Mountain West,21,Boise State,UNLV,4,"{'minutes': 0, 'seconds': 0}",0,-4,27,73,1,10,-1,False,End of Game,End of 4th quarter.,,2025-12-06T04:43:36.000Z
401777326,40177732636,401777326832,25,1,Boise State,Mountain West,38,UNLV,Mountain West,21,Boise State,UNLV,4,"{'minutes': 0, 'seconds': 22}",0,-4,27,73,1,10,-1,False,Rush,(00:22) Kneel down by Boise State at BOI26 for loss of 1 yard,-0.8754062963007367,2025-12-06T04:43:05.000Z
