gameId,driveId,id,driveNumber,playNumber,offense,offenseConference,offenseScore,defense,defenseConference,defenseScore,home,away,period,clock,offenseTimeouts,defenseTimeouts,yardline,yardsToGoal,down,distance,yardsGained,scoring,playType,playText,ppa,wallclock
401752797,4017527972,401752797101904702,2,6,Maryland,Big Ten,0,Florida Atlantic,American Athletic,0,Maryland,Florida Atlantic,1,"{'minutes': 9, 'seconds': 52}",3,3,19,81,4,10,-5,False,Penalty,"(09:52) PENALTY UMD Delay Of Game (McFerson,Bryce) 5 yards from UMD19 to UMD14. NO PLAY.",,2025-08-30T16:17:43.000Z
401752797,4017527972,401752797101905901,2,7,Maryland,Big Ten,0,Florida Atlantic,American Athletic,0,Maryland,Florida Atlantic,1,"{'minutes': 9, 'seconds': 40}",3,3,14,86,4,15,0,False,Punt,Bryce McFerson punt for 56 yds,,2025-08-30T16:18:57.000Z
401752797,4017527972,401752797101895901,2,1,Maryland,Big Ten,0,Florida Atlantic,American Athletic,0,Maryland,Florida Atlantic,1,"{'minutes': 10, 'seconds': 40}",3,3,2,98,1,10,2,False,Rush,Nolan Ray run for 2 yds to the MD 4,-0.16108107873912214,2025-08-30T16:15:37.000Z
401752797,4017527972,401752797101898101,2,2,Maryland,Big Ten,0,Florida Atlantic,American Athletic,0,Maryland,Florida Atlantic,1,"{'minutes': 10, 'seconds': 18}",3,3,4,96,2,8,15,False,Pass Reception,Malik Washington pass complete to Dorian Fleming for 15 yds to the MD 19 for a 1ST down,0.6976438586370524,2025-08-30T16:49:06.000Z
401752797,4017527972,401752797101904101,2,3,Maryland,Big Ten,0,Florida Atlantic,American Athletic,0,Maryland,Florida Atlantic,1,"{'minutes': 9, 'seconds': 58}",3,3,19,81,1,10,0,False,Pass Incompletion,Malik Washington pass incomplete to Leon Haughton Jr.,-0.5327945515514214,2025-08-30T16:49:06.000Z
401752797,4017527972,401752797101904301,2,4,Maryland,Big Ten,0,Florida Atlantic,American Athletic,0,Maryland,Florida Atlantic,1,"{'minutes': 9, 'seconds': 56}",3,3,19,81,2,10,0,False,Pass Incompletion,Malik Washington pass incomplete to Jalil Farooq,-0.24649544676527402,2025-08-30T16:49:06.000Z
401752797,4017527972,401752797101904701,2,5,Maryland,Big Ten,0,Florida Atlantic,American Athletic,0,Maryland,Florida Atlantic,1,"{'minutes': 9, 'seconds': 52}",3,3,19,81,3,10,0,False,Pass Incompletion,Malik Washington pass incomplete to Jalil Farooq,-0.10907493765085707,2025-08-30T16:17:43.000Z
401752797,4017527971,401752797101849903,1,1,Maryland,Big Ten,0,Florida Atlantic,American Athletic,0,Maryland,Florida Atlantic,1,"{'minutes': 15, 'seconds': 0}",3,3,35,65,1,10,0,False,Kickoff,Philip Noyes kickoff for 65 yds for a touchback,,2025-08-30T16:08:19.000Z
401752797,4017527971,401752797101856001,1,3,Florida Atlantic,American Athletic,0,Maryland,Big Ten,0,Maryland,Florida Atlantic,1,"{'minutes': 14, 'seconds': 39}",3,3,65,65,1,10,15,False,Penalty,"Maryland Penalty, Face Mask (15 yards) (Daniel Wingate) to the MD 46 for a 1ST down",,2025-08-30T16:49:06.000Z
401752797,4017527971,401752797101865401,1,6,Florida Atlantic,American Athletic,0,Maryland,Big Ten,0,Maryland,Florida Atlantic,1,"{'minutes': 13, 'seconds': 45}",3,3,46,46,3,10,5,False,Penalty,"(13:45) No Huddle-Shotgun Veltkamp,Caden pass intercepted by Wingate,Daniel at UMD30, End Of Play PENALTY UMD Encroachment 5 yards from UMD46 to UMD41. NO PLAY.",,2025-08-30T16:49:06.000Z
401752797,4017527971,401752797101869601,1,8,Florida Atlantic,American Athletic,0,Maryland,Big Ten,0,Maryland,Florida Atlantic,1,"{'minutes': 13, 'seconds': 3}",3,3,31,31,1,10,5,False,Penalty,"PENALTY UMD Delay Of Game (Wingate,Daniel) 5 yards from UMD31 to UMD26. NO PLAY.",,2025-08-30T16:49:06.000Z
401752797,4017527971,401752797101878901,1,11,Florida Atlantic,American Athletic,0,Maryland,Big Ten,0,Maryland,Florida Atlantic,1,"{'minutes': 12, 'seconds': 10}",3,3,25,25,3,4,5,False,Penalty,"(12:14) No Huddle-Shotgun Sands,Gemari rush middle for 1 yard loss to the UMD26 (Fontus,Dillan) PENALTY UMD Offside (Fontus,Dillan) 5 yards from UMD25 to UMD20, 1ST DOWN. NO PLAY.",,2025-08-30T16:08:19.000Z
401752797,4017527971,401752797101894202,1,15,Florida Atlantic,American Athletic,0,Maryland,Big Ten,0,Maryland,Florida Atlantic,1,"{'minutes': 10, 'seconds': 57}",3,3,9,9,3,9,5,False,Penalty,"(10:57) PENALTY UMD Offside (Stewart,Sidney) 5 yards from UMD09 to UMD04. NO PLAY.",,2025-08-30T16:10:55.000Z
401752797,4017527971,401752797101854901,1,2,Florida Atlantic,American Athletic,0,Maryland,Big Ten,0,Maryland,Florida Atlantic,1,"{'minutes': 14, 'seconds': 50}",3,3,75,75,1,10,10,False,Pass Reception,Caden Veltkamp pass complete to Easton Messer for 10 yds to the FAU 35 for a 1ST down,0.8350381090299867,2025-08-30T16:49:06.000Z
401752797,4017527971,401752797101858501,1,4,Florida Atlantic,American Athletic,0,Maryland,Big Ten,0,Maryland,Florida Atlantic,1,"{'minutes': 14, 'seconds': 14}",3,3,46,46,1,10,0,False,Pass Incompletion,Caden Veltkamp pass incomplete to Easton Messer,-1.0250974847844603,2025-08-30T16:49:06.000Z
401752797,4017527971,401752797101859701,1,5,Florida Atlantic,American Athletic,0,Maryland,Big Ten,0,Maryland,Florida Atlantic,1,"{'minutes': 14, 'seconds': 2}",3,3,46,46,2,10,0,False,Pass Reception,Caden Veltkamp pass complete to Gemari Sands for no gain to the MD 46,-1.0652839330421227,2025-08-30T16:49:06.000Z
401752797,4017527971,401752797101868001,1,7,Florida Atlantic,American Athletic,0,Maryland,Big Ten,0,Maryland,Florida Atlantic,1,"{'minutes': 13, 'seconds': 19}",3,3,41,41,3,5,10,False,Rush,Gemari Sands run for 10 yds to the MD 31 for a 1ST down,1.653450070112802,2025-08-30T16:49:06.000Z
401752797,4017527971,401752797101874701,1,9,Florida Atlantic,American Athletic,0,Maryland,Big Ten,0,Maryland,Florida Atlantic,1,"{'minutes': 12, 'seconds': 52}",3,3,26,26,1,5,2,False,Pass Reception,Caden Veltkamp pass complete to Easton Messer for 2 yds to the MD 24,-0.36843473557497,2025-08-30T16:49:06.000Z
401752797,4017527971,401752797101876601,1,10,Florida Atlantic,American Athletic,0,Maryland,Big Ten,0,Maryland,Florida Atlantic,1,"{'minutes': 12, 'seconds': 33}",3,3,24,24,2,3,-1,False,Rush,Gemari Sands run for a loss of 1 yard to the MD 25,-0.746698920392845,2025-08-30T16:49:06.000Z
401752797,4017527971,401752797101885101,1,12,Florida Atlantic,American Athletic,0,Maryland,Big Ten,0,Maryland,Florida Atlantic,1,"{'minutes': 11, 'seconds': 48}",3,3,20,20,1,10,11,False,Pass Reception,Caden Veltkamp pass complete to Martavious Collins for 11 yds to the MD 9 for a 1ST down,0.193689905385231,2025-08-30T16:49:06.000Z
401752797,4017527971,401752797101887501,1,13,Florida Atlantic,American Athletic,0,Maryland,Big Ten,0,Maryland,Florida Atlantic,1,"{'minutes': 11, 'seconds': 24}",3,3,9,9,1,9,0,False,Rush,Caden Veltkamp run for no gain to the MD 9,-0.315798379566314,2025-08-30T16:49:06.000Z
401752797,4017527971,401752797101894201,1,14,Florida Atlantic,American Athletic,0,Maryland,Big Ten,0,Maryland,Florida Atlantic,1,"{'minutes': 10, 'seconds': 57}",3,3,9,9,2,9,0,False,Pass Incompletion,Caden Veltkamp pass incomplete to Michael Kirch,-0.270076451519454,2025-08-30T16:10:55.000Z
401752797,4017527971,401752797101894601,1,16,Florida Atlantic,American Athletic,0,Maryland,Big Ten,0,Maryland,Florida Atlantic,1,"{'minutes': 10, 'seconds': 53}",3,3,4,4,3,4,0,False,Pass Incompletion,Caden Veltkamp pass incomplete to Michael Kirch,-0.2868087912016805,2025-08-30T16:49:06.000Z
401752797,4017527971,401752797101895101,1,17,Florida Atlantic,American Athletic,0,Maryland,Big Ten,0,Maryland,Florida Atlantic,1,"{'minutes': 10, 'seconds': 48}",3,3,4,4,4,4,2,False,Rush,Caden Veltkamp run for 2 yds to the MD 2,-4.017218287321738,2025-08-30T16:49:06.000Z
401752797,4017527973,401752797101916001,3,4,Florida Atlantic,American Athletic,0,Maryland,Big Ten,0,Maryland,Florida Atlantic,1,"{'minutes': 8, 'seconds': 39}",3,3,67,67,4,7,2,False,Punt,"Logan Lupo punt for 36 yds , Ricardo Cooper Jr. returns for 2 yds to the MD 21",,2025-08-30T16:23:57.000Z
401752797,4017527973,401752797101906301,3,1,Florida Atlantic,American Athletic,0,Maryland,Big Ten,0,Maryland,Florida Atlantic,1,"{'minutes': 9, 'seconds': 36}",3,3,70,70,1,10,0,False,Pass Incompletion,Caden Veltkamp pass incomplete to Easton Messer,-0.8627910327708888,2025-08-30T16:49:06.000Z
401752797,4017527973,401752797101906701,3,2,Florida Atlantic,American Athletic,0,Maryland,Big Ten,0,Maryland,Florida Atlantic,1,"{'minutes': 9, 'seconds': 32}",3,3,70,70,2,10,0,False,Pass Incompletion,Caden Veltkamp pass incomplete to JR Wilson Jr.,-0.4604691796083076,2025-08-30T16:49:06.000Z
401752797,4017527973,401752797101907801,3,3,Florida Atlantic,American Athletic,0,Maryland,Big Ten,0,Maryland,Florida Atlantic,1,"{'minutes': 9, 'seconds': 21}",3,3,70,70,3,10,3,False,Pass Reception,Caden Veltkamp pass complete to Dominique Henry for 3 yds to the FAU 33,-0.09854346546334813,2025-08-30T16:49:06.000Z
401752797,4017527974,401752797101935501,4,5,Maryland,Big Ten,0,Florida Atlantic,American Athletic,0,Maryland,Florida Atlantic,1,"{'minutes': 6, 'seconds': 44}",3,3,40,60,4,6,0,False,Punt,Bryce McFerson punt for 60 yds for a touchback,,2025-08-30T16:27:53.000Z
401752797,4017527974,401752797101916901,4,1,Maryland,Big Ten,0,Florida Atlantic,American Athletic,0,Maryland,Florida Atlantic,1,"{'minutes': 8, 'seconds': 30}",3,3,21,79,1,10,15,False,Rush,DeJuan Williams run for 15 yds to the MD 36 for a 1ST down,1.1833421820418248,2025-08-30T16:49:06.000Z
401752797,4017527974,401752797101919201,4,2,Maryland,Big Ten,0,Florida Atlantic,American Athletic,0,Maryland,Florida Atlantic,1,"{'minutes': 8, 'seconds': 7}",3,3,36,64,1,10,0,False,Pass Incompletion,Malik Washington pass incomplete to Shaleak Knotts,-1.041155320344064,2025-08-30T16:25:34.000Z
401752797,4017527974,401752797101924301,4,3,Maryland,Big Ten,0,Florida Atlantic,American Athletic,0,Maryland,Florida Atlantic,1,"{'minutes': 7, 'seconds': 56}",3,3,36,64,2,10,2,False,Pass Reception,Malik Washington pass complete to Dorian Fleming for 2 yds to the MD 34,-0.4083322546240318,2025-08-30T16:49:06.000Z
401752797,4017527974,401752797101927801,4,4,Maryland,Big Ten,0,Florida Atlantic,American Athletic,0,Maryland,Florida Atlantic,1,"{'minutes': 7, 'seconds': 21}",3,3,34,66,3,12,6,False,Pass Reception,Malik Washington pass complete to Dorian Fleming for 6 yds to the MD 40,0.10185273810873063,2025-08-30T16:49:06.000Z
401752797,4017527975,401752797101936101,5,1,Florida Atlantic,American Athletic,0,Maryland,Big Ten,7,Maryland,Florida Atlantic,1,"{'minutes': 6, 'seconds': 38}",3,3,80,80,1,10,20,True,Interception Return Touchdown,Caden Veltkamp pass intercepted Daniel Wingate return for 20 yds for a TD (Sean O'Haire KICK),-7.613942204394897,2025-08-30T16:31:10.000Z
401752797,4017527976,401752797101936801,6,1,Maryland,Big Ten,7,Florida Atlantic,American Athletic,0,Maryland,Florida Atlantic,1,"{'minutes': 6, 'seconds': 31}",3,3,35,65,1,10,35,False,Kickoff,"Philip Noyes kickoff for 58 yds , Jayshon Platt return for 35 yds to the FAU 42",,2025-08-30T16:49:06.000Z
401752797,4017527976,401752797101938301,6,2,Florida Atlantic,American Athletic,0,Maryland,Big Ten,7,Maryland,Florida Atlantic,1,"{'minutes': 6, 'seconds': 16}",3,3,58,58,1,10,-7,False,Rush,Asaad Waseem run for a loss of 7 yards to the FAU 35,-2.230545584976997,2025-08-30T16:49:06.000Z
401752797,4017527976,401752797101944401,6,3,Florida Atlantic,American Athletic,0,Maryland,Big Ten,7,Maryland,Florida Atlantic,1,"{'minutes': 5, 'seconds': 55}",3,3,65,65,2,17,0,False,Pass Incompletion,Caden Veltkamp pass incomplete to Dominique Henry,-0.33408648638124827,2025-08-30T16:49:06.000Z
401752797,4017527976,401752797101945101,6,4,Florida Atlantic,American Athletic,0,Maryland,Big Ten,7,Maryland,Florida Atlantic,1,"{'minutes': 5, 'seconds': 48}",3,3,65,65,3,17,18,False,Pass Reception,Caden Veltkamp pass complete to Gemari Sands for 18 yds to the MD 47 for a 1ST down,3.5131330421311304,2025-08-30T16:49:06.000Z
401752797,4017527976,401752797101948801,6,5,Florida Atlantic,American Athletic,0,Maryland,Big Ten,7,Maryland,Florida Atlantic,1,"{'minutes': 5, 'seconds': 11}",3,3,47,47,1,10,20,False,Pass Reception,Caden Veltkamp pass complete to Easton Messer for 20 yds to the MD 27 for a 1ST down,0.871921399874944,2025-08-30T16:36:23.000Z
401752797,4017527976,401752797101954001,6,6,Florida Atlantic,American Athletic,7,Maryland,Big Ten,7,Maryland,Florida Atlantic,1,"{'minutes': 4, 'seconds': 59}",3,3,27,27,1,10,27,True,Passing Touchdown,Caden Veltkamp pass complete to Asaad Waseem for 27 yds for a TD (Garrison Smith KICK),2.741280841391486,2025-08-30T16:36:23.000Z
401752797,4017527977,401752797101954601,7,1,Maryland,Big Ten,7,Florida Atlantic,American Athletic,7,Maryland,Florida Atlantic,1,"{'minutes': 4, 'seconds': 53}",2,3,14,86,2,10,0,False,Timeout,"Timeout Maryland, clock 04:53",,2025-08-30T16:40:46.000Z
401752797,4017527977,401752797101954701,7,2,Florida Atlantic,American Athletic,7,Maryland,Big Ten,7,Maryland,Florida Atlantic,1,"{'minutes': 4, 'seconds': 52}",3,2,65,65,1,10,14,False,Kickoff,"Andrew Nelms kickoff for 65 yds , Ricardo Cooper Jr. return for 14 yds to the MD 14",,2025-08-30T16:49:06.000Z
401752797,4017527977,401752797101964401,7,6,Maryland,Big Ten,7,Florida Atlantic,American Athletic,7,Maryland,Florida Atlantic,1,"{'minutes': 3, 'seconds': 55}",2,3,18,82,4,6,0,False,Punt,Bryce McFerson punt for 47 yds,,2025-08-30T16:43:38.000Z
401752797,4017527977,401752797101955101,7,3,Maryland,Big Ten,7,Florida Atlantic,American Athletic,7,Maryland,Florida Atlantic,1,"{'minutes': 4, 'seconds': 48}",2,3,14,86,1,10,0,False,Pass Incompletion,Malik Washington pass incomplete to Octavian Smith Jr.,-0.42008778911877176,2025-08-30T16:49:06.000Z
401752797,4017527977,401752797101955801,7,4,Maryland,Big Ten,7,Florida Atlantic,American Athletic,7,Maryland,Florida Atlantic,1,"{'minutes': 4, 'seconds': 41}",2,3,14,86,2,10,4,False,Rush,Nolan Ray run for 4 yds to the MD 18,-0.02932703930886937,2025-08-30T16:49:06.000Z
401752797,4017527977,401752797101959501,7,5,Maryland,Big Ten,7,Florida Atlantic,American Athletic,7,Maryland,Florida Atlantic,1,"{'minutes': 4, 'seconds': 4}",2,3,18,82,3,6,0,False,Pass Incompletion,Malik Washington pass incomplete to Kaleb Webb,-0.17122726283270137,2025-08-30T16:49:06.000Z
401752797,4017527978,401752797101968901,8,3,Florida Atlantic,American Athletic,7,Maryland,Big Ten,7,Maryland,Florida Atlantic,1,"{'minutes': 3, 'seconds': 10}",3,2,62,62,3,7,5,False,Penalty,"(03:10) No Huddle-Shotgun Veltkamp,Caden pass intercepted by Huskey,Jalen at UMD34 Huskey,Jalen return 0 yards to the UMD34 (Henry,Dom) PENALTY UMD Offside (Reddick,Trey) 5 yards from FAU38 to FAU43. NO PLAY.",,2025-08-30T16:45:29.000Z
401752797,4017527978,401752797101965001,8,1,Florida Atlantic,American Athletic,7,Maryland,Big Ten,7,Maryland,Florida Atlantic,1,"{'minutes': 3, 'seconds': 49}",3,2,65,65,1,10,2,False,Rush,Xavier Terrell run for 2 yds to the FAU 37,-0.63079683335922,2025-08-30T16:49:06.000Z
401752797,4017527978,401752797101968101,8,2,Florida Atlantic,American Athletic,7,Maryland,Big Ten,7,Maryland,Florida Atlantic,1,"{'minutes': 3, 'seconds': 18}",3,2,63,63,2,8,1,False,Pass Reception,Caden Veltkamp pass complete to Michael Kirch for 1 yd to the FAU 38,-0.6431874933643256,2025-08-30T16:49:06.000Z
401752797,4017527978,401752797101977701,8,4,Florida Atlantic,American Athletic,7,Maryland,Big Ten,7,Maryland,Florida Atlantic,1,"{'minutes': 2, 'seconds': 22}",3,2,57,57,3,2,2,False,Rush,Caden Veltkamp run for 2 yds to the FAU 45 for a 1ST down,1.2796623381471193,2025-08-30T16:49:06.000Z
401752797,4017527978,401752797101977702,8,5,Florida Atlantic,American Athletic,7,Maryland,Big Ten,7,Maryland,Florida Atlantic,1,"{'minutes': 2, 'seconds': 22}",3,2,55,55,1,10,16,False,Pass Reception,Caden Veltkamp pass complete to Dominique Henry for 16 yds to the MD 39 for a 1ST down,1.136174682384814,2025-08-30T16:49:06.000Z
401752797,4017527978,401752797101977703,8,6,Florida Atlantic,American Athletic,7,Maryland,Big Ten,7,Maryland,Florida Atlantic,1,"{'minutes': 2, 'seconds': 22}",3,2,39,39,1,10,1,False,Rush,Gemari Sands run for 1 yd to the MD 38,-0.6215061842869627,2025-08-30T16:49:06.000Z
401752797,4017527978,401752797101977704,8,7,Florida Atlantic,American Athletic,7,Maryland,Big Ten,7,Maryland,Florida Atlantic,1,"{'minutes': 2, 'seconds': 22}",3,2,38,38,2,9,2,False,Pass Reception,Caden Veltkamp pass complete to Easton Messer for 2 yds to the MD 40,-0.5415125819343293,2025-08-30T16:49:06.000Z
401752797,4017527978,401752797101977705,8,8,Florida Atlantic,American Athletic,7,Maryland,Big Ten,7,Maryland,Florida Atlantic,1,"{'minutes': 2, 'seconds': 22}",3,2,40,40,3,11,2,False,Rush,Caden Veltkamp run for 2 yds to the MD 38,-0.5794737943393765,2025-08-30T16:49:06.000Z
401752797,4017527978,401752797101996901,8,9,Florida Atlantic,American Athletic,7,Maryland,Big Ten,7,Maryland,Florida Atlantic,1,"{'minutes': 0, 'seconds': 30}",3,2,38,38,4,9,-7,False,Sack,Caden Veltkamp sacked for a loss of 7 yards to the MD 45,-1.235768701104858,2025-08-30T16:49:06.000Z
401752797,4017527979,401752797101999902,9,3,Maryland,Big Ten,7,Florida Atlantic,American Athletic,7,Maryland,Florida Atlantic,1,"{'minutes': 0, 'seconds': 0}",2,3,51,49,0,4,17,False,End Period,End of 1st Quarter,,2025-08-30T16:49:06.000Z
401752797,4017527979,401752797102859801,9,7,Maryland,Big Ten,10,Florida Atlantic,American Athletic,7,Maryland,Florida Atlantic,2,"{'minutes': 14, 'seconds': 1}",2,3,69,31,4,9,49,True,Field Goal Good,Sean O'Haire 49 yd FG GOOD,,2025-08-30T17:44:48.000Z
401752797,4017527979,401752797101996903,9,1,Maryland,Big Ten,7,Florida Atlantic,American Athletic,7,Maryland,Florida Atlantic,1,"{'minutes': 0, 'seconds': 30}",2,3,45,55,1,10,6,False,Rush,DeJuan Williams run for 6 yds to the FAU 49,0.38118862332173,2025-08-30T16:49:06.000Z
401752797,4017527979,401752797101999901,9,2,Maryland,Big Ten,7,Florida Atlantic,American Athletic,7,Maryland,Florida Atlantic,1,"{'minutes': 0, 'seconds': 0}",2,3,51,49,2,4,17,False,Rush,DeJuan Williams run for 17 yds to the FAU 32 for a 1ST down,1.0239051884056727,2025-08-30T16:49:06.000Z
401752797,4017527979,401752797102849902,9,4,Maryland,Big Ten,7,Florida Atlantic,American Athletic,7,Maryland,Florida Atlantic,2,"{'minutes': 15, 'seconds': 0}",2,3,68,32,1,10,0,False,Pass Incompletion,Malik Washington pass incomplete to Octavian Smith Jr.,-0.6082596672078662,2025-08-30T16:55:06.000Z
401752797,4017527979,401752797102849903,9,5,Maryland,Big Ten,7,Florida Atlantic,American Athletic,7,Maryland,Florida Atlantic,2,"{'minutes': 15, 'seconds': 0}",2,3,68,32,2,10,0,False,Pass Incompletion,Malik Washington pass incomplete to AJ Szymanski,-0.8264171095016728,2025-08-30T16:55:06.000Z
401752797,4017527979,401752797102849904,9,6,Maryland,Big Ten,7,Florida Atlantic,American Athletic,7,Maryland,Florida Atlantic,2,"{'minutes': 15, 'seconds': 0}",2,3,68,32,3,10,1,False,Pass Reception,Malik Washington pass complete to Octavian Smith Jr. for 1 yd to the FAU 31,-0.7976218248987248,2025-08-30T16:55:06.000Z
401752797,40175279710,401752797102859802,10,1,Maryland,Big Ten,10,Florida Atlantic,American Athletic,7,Maryland,Florida Atlantic,2,"{'minutes': 14, 'seconds': 1}",2,3,35,65,1,10,20,False,Kickoff,"Philip Noyes kickoff for 58 yds , Jayshon Platt return for 20 yds to the FAU 27",,2025-08-30T17:44:48.000Z
401752797,40175279710,401752797102859804,10,2,Florida Atlantic,American Athletic,7,Maryland,Big Ten,10,Maryland,Florida Atlantic,2,"{'minutes': 14, 'seconds': 1}",3,2,73,73,1,10,4,False,Rush,Gemari Sands run for 4 yds to the FAU 31,-0.1248442803913914,2025-08-30T17:44:48.000Z
401752797,40175279710,401752797102859805,10,3,Florida Atlantic,American Athletic,7,Maryland,Big Ten,10,Maryland,Florida Atlantic,2,"{'minutes': 14, 'seconds': 1}",3,2,69,69,2,6,0,False,Pass Incompletion,Caden Veltkamp pass incomplete to Dominique Henry,-0.7118036090130389,2025-08-30T17:44:48.000Z
401752797,40175279710,401752797102859806,10,4,Florida Atlantic,American Athletic,7,Maryland,Big Ten,10,Maryland,Florida Atlantic,2,"{'minutes': 14, 'seconds': 1}",3,2,69,69,3,6,8,False,Pass Reception,Caden Veltkamp pass complete to Easton Messer for 8 yds to the FAU 39 for a 1ST down,1.9143472871615008,2025-08-30T17:44:48.000Z
401752797,40175279710,401752797102869301,10,5,Florida Atlantic,American Athletic,7,Maryland,Big Ten,10,Maryland,Florida Atlantic,2,"{'minutes': 13, 'seconds': 6}",3,2,61,61,1,10,9,False,Pass Interception Return,Caden Veltkamp pass intercepted Dontay Joyner return for 9 yds to the FAU 49,-2.144983963535134,2025-08-30T16:58:57.000Z
401752797,40175279711,401752797102869303,11,1,Maryland,Big Ten,10,Florida Atlantic,American Athletic,7,Maryland,Florida Atlantic,2,"{'minutes': 13, 'seconds': 6}",2,3,51,49,1,10,5,False,Uncategorized,Octavian Smith Jr. run for 5 yds to the FAU 44,,2025-08-30T16:58:57.000Z
401752797,40175279711,401752797102888101,11,6,Maryland,Big Ten,10,Florida Atlantic,American Athletic,7,Maryland,Florida Atlantic,2,"{'minutes': 11, 'seconds': 18}",2,3,63,37,4,9,0,False,Punt,Bryce McFerson punt for 33 yds,,2025-08-30T17:02:20.000Z
401752797,40175279711,401752797102869304,11,2,Maryland,Big Ten,10,Florida Atlantic,American Athletic,7,Maryland,Florida Atlantic,2,"{'minutes': 13, 'seconds': 6}",2,3,56,44,2,5,6,False,Pass Reception,Malik Washington pass complete to Shaleak Knotts for 6 yds to the FAU 38 for a 1ST down,0.567367250305908,2025-08-30T16:58:57.000Z
401752797,40175279711,401752797102869305,11,3,Maryland,Big Ten,10,Florida Atlantic,American Athletic,7,Maryland,Florida Atlantic,2,"{'minutes': 13, 'seconds': 6}",2,3,62,38,1,10,1,False,Pass Reception,Malik Washington pass complete to Shaleak Knotts for 1 yd to the FAU 37,-0.596824390353605,2025-08-30T16:58:57.000Z
401752797,40175279711,401752797102869306,11,4,Maryland,Big Ten,10,Florida Atlantic,American Athletic,7,Maryland,Florida Atlantic,2,"{'minutes': 13, 'seconds': 6}",2,3,63,37,2,9,0,False,Pass Incompletion,Malik Washington pass incomplete to Octavian Smith Jr.,-0.9539517409419745,2025-08-30T16:58:57.000Z
401752797,40175279711,401752797102869307,11,5,Maryland,Big Ten,10,Florida Atlantic,American Athletic,7,Maryland,Florida Atlantic,2,"{'minutes': 13, 'seconds': 6}",2,3,63,37,3,9,0,False,Pass Incompletion,Malik Washington pass incomplete to Dorian Fleming,-1.0292571229763823,2025-08-30T16:58:57.000Z
401752797,40175279712,401752797102888103,12,1,Florida Atlantic,American Athletic,7,Maryland,Big Ten,10,Maryland,Florida Atlantic,2,"{'minutes': 11, 'seconds': 18}",3,2,96,96,1,10,1,False,Rush,Xavier Terrell run for 1 yd to the FAU 5,-0.22726448953281242,2025-08-30T17:02:20.000Z
401752797,40175279712,401752797102888104,12,2,Florida Atlantic,American Athletic,7,Maryland,Big Ten,10,Maryland,Florida Atlantic,2,"{'minutes': 11, 'seconds': 18}",3,2,95,95,2,9,0,False,Pass Incompletion,Caden Veltkamp pass incomplete to Michael Kirch,-0.14065926326202582,2025-08-30T17:02:20.000Z
401752797,40175279713,401752797102895702,13,1,Florida Atlantic,American Athletic,7,Maryland,Big Ten,12,Maryland,Florida Atlantic,2,"{'minutes': 10, 'seconds': 42}",3,2,80,80,1,10,0,False,Kickoff,Andrew Nelms kickoff for 65 yds,,2025-08-30T17:44:48.000Z
401752797,40175279713,401752797102895709,13,6,Maryland,Big Ten,14,Florida Atlantic,American Athletic,7,Maryland,Florida Atlantic,2,"{'minutes': 10, 'seconds': 42}",2,3,75,25,1,10,-5,False,Penalty,"PENALTY UMD False Start (Bah,Aliou) 5 yards from FAU25 to FAU30. NO PLAY.",,2025-08-30T17:44:48.000Z
401752797,40175279713,401752797102895705,13,2,Maryland,Big Ten,12,Florida Atlantic,American Athletic,7,Maryland,Florida Atlantic,2,"{'minutes': 10, 'seconds': 42}",2,3,50,50,1,10,3,False,Rush,DeJuan Williams run for 3 yds to the FAU 47,-0.385960016074776,2025-08-30T17:44:48.000Z
401752797,40175279713,401752797102895706,13,3,Maryland,Big Ten,14,Florida Atlantic,American Athletic,7,Maryland,Florida Atlantic,2,"{'minutes': 10, 'seconds': 42}",2,3,53,47,2,7,9,False,Pass Reception,Malik Washington pass complete to Jalil Farooq for 9 yds to the FAU 38 for a 1ST down,1.132779299610961,2025-08-30T17:44:48.000Z
401752797,40175279713,401752797102895707,13,4,Maryland,Big Ten,14,Florida Atlantic,American Athletic,7,Maryland,Florida Atlantic,2,"{'minutes': 10, 'seconds': 42}",2,3,62,38,1,10,4,False,Rush,DeJuan Williams run for 4 yds to the FAU 34,-0.080462810572756,2025-08-30T17:44:48.000Z
401752797,40175279713,401752797102895708,13,5,Maryland,Big Ten,14,Florida Atlantic,American Athletic,7,Maryland,Florida Atlantic,2,"{'minutes': 10, 'seconds': 42}",2,3,66,34,2,6,9,False,Pass Reception,Malik Washington pass complete to Jalil Farooq for 9 yds to the FAU 25 for a 1ST down,0.4749710968918865,2025-08-30T17:44:48.000Z
401752797,40175279713,401752797102895710,13,7,Maryland,Big Ten,14,Florida Atlantic,American Athletic,7,Maryland,Florida Atlantic,2,"{'minutes': 10, 'seconds': 42}",2,3,70,30,1,15,1,False,Pass Reception,Malik Washington pass complete to Jalil Farooq for 1 yd to the FAU 29,-0.4566531951282505,2025-08-30T17:44:48.000Z
401752797,40175279713,401752797102924801,13,8,Maryland,Big Ten,21,Florida Atlantic,American Athletic,7,Maryland,Florida Atlantic,2,"{'minutes': 7, 'seconds': 51}",2,3,71,29,2,14,29,True,Passing Touchdown,Malik Washington pass complete to Shaleak Knotts for 29 yds for a TD (Sean O'Haire KICK),3.650985414221015,2025-08-30T17:14:56.000Z
401752797,40175279714,401752797102925301,14,1,Maryland,Big Ten,21,Florida Atlantic,American Athletic,7,Maryland,Florida Atlantic,2,"{'minutes': 7, 'seconds': 46}",2,3,35,65,1,10,25,False,Kickoff Return (Offense),"Philip Noyes kickoff for 53 yds , Jayshon Platt return for 25 yds to the FAU 37",,2025-08-30T17:44:48.000Z
401752797,40175279714,401752797102925303,14,2,Florida Atlantic,American Athletic,7,Maryland,Big Ten,21,Maryland,Florida Atlantic,2,"{'minutes': 7, 'seconds': 46}",3,2,63,63,1,10,12,False,Pass Reception,Caden Veltkamp pass complete to Dominique Henry for 12 yds to the FAU 49 for a 1ST down,1.1271435896848112,2025-08-30T17:44:48.000Z
401752797,40175279714,401752797102925304,14,3,Florida Atlantic,American Athletic,7,Maryland,Big Ten,21,Maryland,Florida Atlantic,2,"{'minutes': 7, 'seconds': 46}",3,2,51,51,1,10,3,False,Pass Reception,Caden Veltkamp pass complete to Easton Messer for 3 yds to the MD 48,-0.395458128988178,2025-08-30T17:44:48.000Z
401752797,40175279714,401752797102925305,14,4,Florida Atlantic,American Athletic,7,Maryland,Big Ten,21,Maryland,Florida Atlantic,2,"{'minutes': 7, 'seconds': 46}",3,2,48,48,2,7,0,False,Pass Incompletion,Caden Veltkamp pass incomplete to Jayshon Platt,-1.1303938669231302,2025-08-30T17:44:48.000Z
401752797,40175279714,401752797102925306,14,5,Florida Atlantic,American Athletic,7,Maryland,Big Ten,21,Maryland,Florida Atlantic,2,"{'minutes': 7, 'seconds': 46}",3,2,48,48,3,7,5,False,Rush,Gemari Sands run for 5 yds to the MD 43,0.0670004619908458,2025-08-30T17:44:48.000Z
401752797,40175279714,401752797102937701,14,6,Florida Atlantic,American Athletic,7,Maryland,Big Ten,21,Maryland,Florida Atlantic,2,"{'minutes': 6, 'seconds': 22}",3,2,43,43,4,2,0,False,Pass Reception,Caden Veltkamp pass complete to Easton Messer for no gain to the MD 43,-1.6177812621865986,2025-08-30T17:44:48.000Z
401752797,40175279715,401752797102937708,15,6,Maryland,Big Ten,21,Florida Atlantic,American Athletic,7,Maryland,Florida Atlantic,2,"{'minutes': 6, 'seconds': 22}",2,3,67,33,3,1,-5,False,Penalty,"PENALTY UMD False Start (Gilchrist,Jaylen) 5 yards from FAU33 to FAU38. NO PLAY.",,2025-08-30T17:44:48.000Z
401752797,40175279715,401752797102937703,15,1,Maryland,Big Ten,21,Florida Atlantic,American Athletic,7,Maryland,Florida Atlantic,2,"{'minutes': 6, 'seconds': 22}",2,3,43,57,1,10,7,False,Rush,Nolan Ray run for 7 yds to the 50 yard line,0.6806591914994475,2025-08-30T17:44:48.000Z
401752797,40175279715,401752797102937704,15,2,Maryland,Big Ten,21,Florida Atlantic,American Athletic,7,Maryland,Florida Atlantic,2,"{'minutes': 6, 'seconds': 22}",2,3,50,50,2,3,2,False,Rush,Nolan Ray run for 2 yds to the FAU 48,-0.7357268885682176,2025-08-30T17:44:48.000Z
401752797,40175279715,401752797102937705,15,3,Maryland,Big Ten,21,Florida Atlantic,American Athletic,7,Maryland,Florida Atlantic,2,"{'minutes': 6, 'seconds': 22}",2,3,52,48,3,1,6,False,Pass Reception,Malik Washington pass complete to Dorian Fleming for 6 yds to the FAU 42 for a 1ST down,1.2254489230079726,2025-08-30T17:44:48.000Z
401752797,40175279715,401752797102937706,15,4,Maryland,Big Ten,21,Florida Atlantic,American Athletic,7,Maryland,Florida Atlantic,2,"{'minutes': 6, 'seconds': 22}",2,3,58,42,1,10,0,False,Pass Incompletion,Malik Washington pass incomplete to Jalil Farooq,-0.908489395271188,2025-08-30T17:44:48.000Z
401752797,40175279715,401752797102937707,15,5,Maryland,Big Ten,21,Florida Atlantic,American Athletic,7,Maryland,Florida Atlantic,2,"{'minutes': 6, 'seconds': 22}",2,3,58,42,2,10,9,False,Pass Reception,Malik Washington pass complete to Nolan Ray for 9 yds to the FAU 33,0.900366012602854,2025-08-30T17:44:48.000Z
401752797,40175279715,401752797102937709,15,7,Maryland,Big Ten,21,Florida Atlantic,American Athletic,7,Maryland,Florida Atlantic,2,"{'minutes': 6, 'seconds': 22}",2,3,62,38,3,6,9,False,Pass Reception,Malik Washington pass complete to Leon Haughton Jr. for 9 yds to the FAU 29 for a 1ST down,1.5664494427056677,2025-08-30T17:44:48.000Z
401752797,40175279715,401752797102968201,15,8,Maryland,Big Ten,28,Florida Atlantic,American Athletic,7,Maryland,Florida Atlantic,2,"{'minutes': 3, 'seconds': 17}",2,3,71,29,1,10,29,True,Passing Touchdown,Malik Washington pass complete to Kaleb Webb for 29 yds for a TD,2.788301184598112,2025-08-30T17:27:48.000Z
401752797,40175279716,401752797102968601,16,1,Maryland,Big Ten,28,Florida Atlantic,American Athletic,7,Maryland,Florida Atlantic,2,"{'minutes': 3, 'seconds': 13}",2,3,50,50,1,10,6,False,Kickoff Return (Offense),"Philip Noyes kickoff for 35 yds , Gemari Sands return for 6 yds to the FAU 21",,2025-08-30T17:44:48.000Z
401752797,40175279716,401752797102968606,16,5,Florida Atlantic,American Athletic,7,Maryland,Big Ten,28,Maryland,Florida Atlantic,2,"{'minutes': 3, 'seconds': 13}",3,2,70,70,4,1,-5,False,Penalty,"PENALTY FAU False Start (Richardson,Daughtry) 5 yards from FAU30 to FAU25. NO PLAY.",,2025-08-30T17:44:48.000Z
401752797,40175279716,401752797102984801,16,6,Florida Atlantic,American Athletic,7,Maryland,Big Ten,28,Maryland,Florida Atlantic,2,"{'minutes': 1, 'seconds': 51}",3,2,75,75,4,6,3,False,Punt,"Logan Lupo punt for 45 yds , Ricardo Cooper Jr. returns for 3 yds to the MD 33",,2025-08-30T17:44:48.000Z
401752797,40175279716,401752797102968603,16,2,Florida Atlantic,American Athletic,7,Maryland,Big Ten,28,Maryland,Florida Atlantic,2,"{'minutes': 3, 'seconds': 13}",3,2,79,79,1,10,0,False,Pass Incompletion,Caden Veltkamp pass incomplete to Dominique Henry,-0.585616097616759,2025-08-30T17:44:48.000Z
401752797,40175279716,401752797102968604,16,3,Florida Atlantic,American Athletic,7,Maryland,Big Ten,28,Maryland,Florida Atlantic,2,"{'minutes': 3, 'seconds': 13}",3,2,79,79,2,10,5,False,Pass Reception,Caden Veltkamp pass complete to Easton Messer for 5 yds to the FAU 26,0.03889191793005154,2025-08-30T17:44:48.000Z
401752797,40175279716,401752797102968605,16,4,Florida Atlantic,American Athletic,7,Maryland,Big Ten,28,Maryland,Florida Atlantic,2,"{'minutes': 3, 'seconds': 13}",3,2,74,74,3,5,4,False,Pass Reception,Caden Veltkamp pass complete to Asaad Waseem for 4 yds to the FAU 30,-0.04967119482178806,2025-08-30T17:44:48.000Z
401752797,40175279717,401752797102995101,17,8,Maryland,Big Ten,28,Florida Atlantic,American Athletic,7,Maryland,Florida Atlantic,2,"{'minutes': 0, 'seconds': 48}",1,3,91,9,1,9,0,False,Timeout,"Timeout Maryland, clock 00:48",,2025-08-30T17:44:48.000Z
401752797,40175279717,401752797102984807,17,5,Maryland,Big Ten,28,Florida Atlantic,American Athletic,7,Maryland,Florida Atlantic,2,"{'minutes': 1, 'seconds': 51}",2,3,68,32,3,1,-5,False,Penalty,"PENALTY UMD False Start (Herron,Alan) 5 yards from FAU32 to FAU37. NO PLAY.",,2025-08-30T17:44:48.000Z
401752797,40175279717,401752797102984803,17,1,Maryland,Big Ten,28,Florida Atlantic,American Athletic,7,Maryland,Florida Atlantic,2,"{'minutes': 1, 'seconds': 51}",2,3,33,67,1,10,4,False,Pass Reception,Malik Washington pass complete to DeJuan Williams for 4 yds to the MD 37,-0.1528387450999809,2025-08-30T17:44:48.000Z
401752797,40175279717,401752797102984804,17,2,Maryland,Big Ten,28,Florida Atlantic,American Athletic,7,Maryland,Florida Atlantic,2,"{'minutes': 1, 'seconds': 51}",2,3,37,63,2,6,22,False,Pass Reception,Malik Washington pass complete to Octavian Smith Jr. for 22 yds to the FAU 41 for a 1ST down,2.3413757883446102,2025-08-30T17:44:48.000Z
401752797,40175279717,401752797102984805,17,3,Maryland,Big Ten,28,Florida Atlantic,American Athletic,7,Maryland,Florida Atlantic,2,"{'minutes': 1, 'seconds': 51}",2,3,59,41,1,10,-1,False,Pass Reception,Malik Washington pass complete to DeJuan Williams for a loss of 1 yard to the FAU 42,-1.0896317394768893,2025-08-30T17:44:48.000Z
401752797,40175279717,401752797102984806,17,4,Maryland,Big Ten,28,Florida Atlantic,American Athletic,7,Maryland,Florida Atlantic,2,"{'minutes': 1, 'seconds': 51}",2,3,58,42,2,11,10,False,Pass Reception,Malik Washington pass complete to Shaleak Knotts for 10 yds to the FAU 32,1.0852147121934852,2025-08-30T17:44:48.000Z
401752797,40175279717,401752797102984808,17,6,Maryland,Big Ten,28,Florida Atlantic,American Athletic,7,Maryland,Florida Atlantic,2,"{'minutes': 1, 'seconds': 51}",2,3,63,37,3,6,10,False,Pass Reception,Malik Washington pass complete to Octavian Smith Jr. for 10 yds to the FAU 27 for a 1ST down,1.5237587229787923,2025-08-30T17:44:48.000Z
401752797,40175279717,401752797102984809,17,7,Maryland,Big Ten,28,Florida Atlantic,American Athletic,7,Maryland,Florida Atlantic,2,"{'minutes': 1, 'seconds': 51}",2,3,73,27,1,10,18,False,Pass Reception,Malik Washington pass complete to DeJuan Williams for 18 yds to the FAU 9 for a 1ST down,0.317043017745018,2025-08-30T17:44:48.000Z
401752797,40175279717,401752797102995102,17,9,Maryland,Big Ten,28,Florida Atlantic,American Athletic,7,Maryland,Florida Atlantic,2,"{'minutes': 0, 'seconds': 48}",1,3,91,9,1,9,0,False,Pass Incompletion,Malik Washington pass incomplete to Dorian Fleming,-0.315798379566314,2025-08-30T17:44:48.000Z
401752797,40175279717,401752797102996201,17,10,Maryland,Big Ten,35,Florida Atlantic,American Athletic,7,Maryland,Florida Atlantic,2,"{'minutes': 0, 'seconds': 37}",1,3,91,9,2,9,9,True,Passing Touchdown,Malik Washington pass complete to Dorian Fleming for 9 yds for a TD (Sean O'Haire KICK),2.740036203212782,2025-08-30T17:41:34.000Z
401752797,40175279718,401752797102996701,18,1,Maryland,Big Ten,35,Florida Atlantic,American Athletic,7,Maryland,Florida Atlantic,2,"{'minutes': 0, 'seconds': 32}",1,3,35,65,1,10,30,False,Kickoff Return (Offense),"Philip Noyes kickoff for 59 yds , Jayshon Platt return for 30 yds to the FAU 36",,2025-08-30T17:44:48.000Z
401752797,40175279718,401752797102999902,18,5,Florida Atlantic,American Athletic,7,Maryland,Big Ten,35,Maryland,Florida Atlantic,2,"{'minutes': 0, 'seconds': 0}",3,1,65,65,0,11,23,False,End of Half,End of 2nd Quarter,,2025-08-30T17:44:48.000Z
401752797,40175279718,401752797102996703,18,2,Florida Atlantic,American Athletic,7,Maryland,Big Ten,35,Maryland,Florida Atlantic,2,"{'minutes': 0, 'seconds': 32}",3,1,64,64,1,10,-2,False,Rush,Xavier Terrell run for a loss of 2 yards to the FAU 34,-1.3571567025283562,2025-08-30T17:44:48.000Z
401752797,40175279718,401752797102999501,18,3,Florida Atlantic,American Athletic,7,Maryland,Big Ten,35,Maryland,Florida Atlantic,2,"{'minutes': 0, 'seconds': 4}",3,1,66,66,2,12,1,False,Rush,Caden Veltkamp run for 1 yd to the FAU 35,-0.40424181200831555,2025-08-30T17:44:48.000Z
401752797,40175279718,401752797102999901,18,4,Florida Atlantic,American Athletic,7,Maryland,Big Ten,35,Maryland,Florida Atlantic,2,"{'minutes': 0, 'seconds': 0}",3,1,65,65,3,11,23,False,Rush,Gemari Sands run for 23 yds to the MD 42 for a 1ST down,3.6136556507398785,2025-08-30T17:44:48.000Z
401752797,40175279719,401752797103854301,19,1,Florida Atlantic,American Athletic,7,Maryland,Big Ten,35,Maryland,Florida Atlantic,3,"{'minutes': 14, 'seconds': 56}",3,3,65,65,1,10,23,False,Kickoff Return (Offense),"Andrew Nelms kickoff for 63 yds , Ricardo Cooper Jr. return for 23 yds to the MD 25",,2025-08-30T18:06:15.000Z
401752797,40175279719,401752797103864501,19,4,Maryland,Big Ten,35,Florida Atlantic,American Athletic,7,Maryland,Florida Atlantic,3,"{'minutes': 13, 'seconds': 54}",3,3,28,72,3,7,-10,False,Penalty,"(14:04) No Huddle Washington,Malik rush right for 7 yards gain to the UMD35, out of bounds at UMD35 PENALTY UMD Holding (Bah,Aliou) 10 yards from UMD28 to UMD18. NO PLAY.",,2025-08-30T18:06:15.000Z
401752797,40175279719,401752797103879001,19,8,Maryland,Big Ten,35,Florida Atlantic,American Athletic,7,Maryland,Florida Atlantic,3,"{'minutes': 12, 'seconds': 9}",3,3,81,19,1,10,14,False,Penalty,"(12:19) No Huddle-Shotgun Washington,Malik pass incomplete short left to Fleming,Dorian thrown to FAU00, 1ST DOWN, PENALTY FAU Pass Interference (Williams,Dillion) 14 yards from FAU19 to FAU05, 1ST DOWN. NO PLAY.",,2025-08-30T18:12:49.000Z
401752797,40175279719,401752797103888601,19,12,Maryland,Big Ten,38,Florida Atlantic,American Athletic,7,Maryland,Florida Atlantic,3,"{'minutes': 11, 'seconds': 13}",3,3,94,6,4,6,24,True,Field Goal Good,"Sean O'Haire 24 yd FG GOOD Florida Atlantic Penalty, Illegal Formation (Wendol Philord) declined",,2025-08-30T18:15:14.000Z
401752797,40175279719,401752797103854801,19,2,Maryland,Big Ten,35,Florida Atlantic,American Athletic,7,Maryland,Florida Atlantic,3,"{'minutes': 14, 'seconds': 51}",3,3,25,75,1,10,1,False,Rush,Nolan Ray run for 1 yd to the MD 26,-0.5874795431016855,2025-08-30T18:06:15.000Z
401752797,40175279719,401752797103857501,19,3,Maryland,Big Ten,35,Florida Atlantic,American Athletic,7,Maryland,Florida Atlantic,3,"{'minutes': 14, 'seconds': 24}",3,3,26,74,2,9,2,False,Pass Reception,Malik Washington pass complete to Dorian Fleming for 2 yds to the MD 28,-0.2677195990543533,2025-08-30T18:06:15.000Z
401752797,40175279719,401752797103867101,19,5,Maryland,Big Ten,35,Florida Atlantic,American Athletic,7,Maryland,Florida Atlantic,3,"{'minutes': 13, 'seconds': 28}",3,3,18,82,3,17,24,False,Pass Reception,Malik Washington pass complete to Jalil Farooq for 24 yds to the MD 42 for a 1ST down,2.767034021037442,2025-08-30T18:09:59.000Z
401752797,40175279719,401752797103874501,19,6,Maryland,Big Ten,35,Florida Atlantic,American Athletic,7,Maryland,Florida Atlantic,3,"{'minutes': 12, 'seconds': 54}",3,3,42,58,1,10,13,False,Pass Reception,Malik Washington pass complete to Shaleak Knotts for 13 yds to the FAU 45 for a 1ST down,1.0851891269722476,2025-08-30T18:06:15.000Z
401752797,40175279719,401752797103876501,19,7,Maryland,Big Ten,35,Florida Atlantic,American Athletic,7,Maryland,Florida Atlantic,3,"{'minutes': 12, 'seconds': 34}",3,3,55,45,1,10,26,False,Rush,"Nolan Ray run for 11 yds to the FAU 34 for a 1ST down Florida Atlantic Penalty, Face Mask (15 yards) (Terez Reid) to the FAU 19 for a 1ST down",0.872066456429545,2025-08-30T18:06:15.000Z
401752797,40175279719,401752797103879801,19,9,Maryland,Big Ten,35,Florida Atlantic,American Athletic,7,Maryland,Florida Atlantic,3,"{'minutes': 12, 'seconds': 1}",3,3,95,5,1,5,-1,False,Rush,Nolan Ray run for a loss of 1 yard to the FAU 6,-0.644886152223064,2025-08-30T18:06:15.000Z
401752797,40175279719,401752797103887601,19,10,Maryland,Big Ten,35,Florida Atlantic,American Athletic,7,Maryland,Florida Atlantic,3,"{'minutes': 11, 'seconds': 23}",3,3,94,6,2,6,0,False,Pass Incompletion,Malik Washington pass incomplete to Nolan Ray,-0.29509485739271,2025-08-30T18:06:15.000Z
401752797,40175279719,401752797103888301,19,11,Maryland,Big Ten,35,Florida Atlantic,American Athletic,7,Maryland,Florida Atlantic,3,"{'minutes': 11, 'seconds': 16}",3,3,94,6,3,6,0,False,Pass Incompletion,Malik Washington pass incomplete to Jalil Farooq,-0.3038593850582816,2025-08-30T18:06:15.000Z
401752797,40175279721,401752797103916901,21,5,Maryland,Big Ten,41,Florida Atlantic,American Athletic,7,Maryland,Florida Atlantic,3,"{'minutes': 8, 'seconds': 30}",3,3,76,24,4,4,42,True,Field Goal Good,Sean O'Haire 42 yd FG GOOD,,2025-08-30T18:28:47.000Z
401752797,40175279721,401752797103899703,21,1,Maryland,Big Ten,38,Florida Atlantic,American Athletic,7,Maryland,Florida Atlantic,3,"{'minutes': 10, 'seconds': 2}",3,3,60,40,1,10,10,False,Pass Reception,Malik Washington pass complete to Kaleb Webb for 10 yds to the FAU 30 for a 1ST down,0.37480601101457,2025-08-30T18:28:47.000Z
401752797,40175279721,401752797103906101,21,2,Maryland,Big Ten,38,Florida Atlantic,American Athletic,7,Maryland,Florida Atlantic,3,"{'minutes': 9, 'seconds': 38}",3,3,70,30,1,10,2,False,Rush,DeJuan Williams run for 2 yds to the FAU 28,-0.2971979359772446,2025-08-30T18:06:15.000Z
401752797,40175279721,401752797103914101,21,3,Maryland,Big Ten,38,Florida Atlantic,American Athletic,7,Maryland,Florida Atlantic,3,"{'minutes': 8, 'seconds': 58}",3,3,72,28,2,8,4,False,Pass Reception,Malik Washington pass complete to Ryan Manning for 4 yds to the FAU 24,-0.0709837867811824,2025-08-30T18:06:15.000Z
401752797,40175279721,401752797103916501,21,4,Maryland,Big Ten,38,Florida Atlantic,American Athletic,7,Maryland,Florida Atlantic,3,"{'minutes': 8, 'seconds': 34}",3,3,76,24,3,4,0,False,Pass Incompletion,Malik Washington pass incomplete to Ryan Manning,-0.7183212182304395,2025-08-30T18:06:15.000Z
401752797,40175279726,401752797104874302,26,6,Florida Atlantic,American Athletic,7,Maryland,Big Ten,41,Maryland,Florida Atlantic,4,"{'minutes': 12, 'seconds': 56}",3,3,37,37,2,10,15,False,Penalty,"Maryland Penalty, Roughing The Passer (Messiah Delhomme) to the MD 18 for a 1ST down",,2025-08-30T18:56:54.000Z
401752797,40175279726,401752797104859001,26,1,Florida Atlantic,American Athletic,7,Maryland,Big Ten,41,Maryland,Florida Atlantic,4,"{'minutes': 14, 'seconds': 9}",3,3,60,60,1,10,1,False,Rush,Xavier Terrell run for 1 yd to the FAU 41,-0.9114215282702052,2025-08-30T18:54:36.000Z
401752797,40175279726,401752797104865301,26,2,Florida Atlantic,American Athletic,7,Maryland,Big Ten,41,Maryland,Florida Atlantic,4,"{'minutes': 13, 'seconds': 46}",3,3,59,59,2,9,0,False,Pass Incompletion,Caden Veltkamp pass incomplete to Jayshon Platt,-0.842820543035316,2025-08-30T18:54:51.000Z
401752797,40175279726,401752797104866201,26,3,Florida Atlantic,American Athletic,7,Maryland,Big Ten,41,Maryland,Florida Atlantic,4,"{'minutes': 13, 'seconds': 37}",3,3,59,59,3,9,8,False,Pass Reception,Caden Veltkamp pass complete to Asaad Waseem for 8 yds to the FAU 49,0.5572211460234993,2025-08-30T18:55:33.000Z
401752797,40175279726,401752797104867801,26,4,Florida Atlantic,American Athletic,7,Maryland,Big Ten,41,Maryland,Florida Atlantic,4,"{'minutes': 13, 'seconds': 21}",3,3,51,51,4,1,14,False,Rush,Xavier Terrell run for 14 yds to the MD 37 for a 1ST down,2.902512897948954,2025-08-30T18:55:49.000Z
401752797,40175279726,401752797104869701,26,5,Florida Atlantic,American Athletic,7,Maryland,Big Ten,41,Maryland,Florida Atlantic,4,"{'minutes': 13, 'seconds': 2}",3,3,37,37,1,10,0,False,Pass Incompletion,Caden Veltkamp pass incomplete to Easton Messer,-0.7519361608312708,2025-08-30T18:56:06.000Z
401752797,40175279726,401752797104876701,26,7,Florida Atlantic,American Athletic,7,Maryland,Big Ten,41,Maryland,Florida Atlantic,4,"{'minutes': 12, 'seconds': 32}",3,3,18,18,1,10,0,False,Rush,Xavier Terrell run for no gain to the MD 18,-0.350740748439042,2025-08-30T18:57:50.000Z
401752797,40175279726,401752797104878901,26,8,Florida Atlantic,American Athletic,7,Maryland,Big Ten,41,Maryland,Florida Atlantic,4,"{'minutes': 12, 'seconds': 10}",3,3,18,18,2,10,0,False,Interception,"Caden Veltkamp pass intercepted by La'Khi Roland, touchback.",-4.057466542490367,2025-08-30T18:58:11.000Z
401752797,40175279730,401752797104967801,30,1,Florida Atlantic,American Athletic,7,Maryland,Big Ten,41,Maryland,Florida Atlantic,4,"{'minutes': 3, 'seconds': 21}",3,1,80,80,1,10,9,False,Pass Reception,Zach Gibson pass complete to Branden Hoch for 9 yds to the FAU 29,1.1127415828278746,2025-08-30T19:26:02.000Z
401752797,40175279730,401752797104974101,30,2,Florida Atlantic,American Athletic,7,Maryland,Big Ten,41,Maryland,Florida Atlantic,4,"{'minutes': 2, 'seconds': 58}",3,1,71,71,2,1,4,False,Rush,Kaden Shields-Dutton run for 4 yds to the FAU 33 for a 1ST down,-0.1557404563639206,2025-08-30T19:26:02.000Z
401752797,40175279730,401752797104974701,30,3,Florida Atlantic,American Athletic,7,Maryland,Big Ten,41,Maryland,Florida Atlantic,4,"{'minutes': 2, 'seconds': 52}",3,1,67,67,1,10,0,False,Pass Incompletion,Zach Gibson pass incomplete to Branden Hoch,-0.956890163923906,2025-08-30T19:26:02.000Z
401752797,40175279730,401752797104975801,30,4,Florida Atlantic,American Athletic,7,Maryland,Big Ten,41,Maryland,Florida Atlantic,4,"{'minutes': 2, 'seconds': 41}",3,1,67,67,2,10,3,False,Pass Reception,Zach Gibson pass complete to Reid Mikeska for 3 yds to the FAU 36,-0.2353735765825631,2025-08-30T19:26:02.000Z
401752797,40175279730,401752797104979501,30,5,Florida Atlantic,American Athletic,7,Maryland,Big Ten,41,Maryland,Florida Atlantic,4,"{'minutes': 2, 'seconds': 4}",3,1,64,64,3,7,2,False,Pass Interception Return,Zach Gibson pass intercepted Ricardo Cooper Jr. return for 2 yds to the FAU 45,-0.3786795903523821,2025-08-30T19:26:02.000Z
401752797,40175279720,401752797103889001,20,1,Maryland,Big Ten,38,Florida Atlantic,American Athletic,7,Maryland,Florida Atlantic,3,"{'minutes': 11, 'seconds': 9}",3,3,35,65,1,10,24,False,Kickoff Return (Offense),"Philip Noyes kickoff for 57 yds , Jayshon Platt return for 24 yds to the FAU 32",,2025-08-30T18:18:40.000Z
401752797,40175279720,401752797103894401,20,2,Florida Atlantic,American Athletic,7,Maryland,Big Ten,38,Maryland,Florida Atlantic,3,"{'minutes': 10, 'seconds': 55}",3,3,68,68,1,10,1,False,Pass Reception,Caden Veltkamp pass complete to Gemari Sands for 1 yd to the FAU 33,-0.7658255968233298,2025-08-30T18:06:15.000Z
401752797,40175279720,401752797103896901,20,3,Florida Atlantic,American Athletic,7,Maryland,Big Ten,38,Maryland,Florida Atlantic,3,"{'minutes': 10, 'seconds': 30}",3,3,67,67,2,9,4,False,Pass Reception,Caden Veltkamp pass complete to Easton Messer for 4 yds to the FAU 37,-0.1062481280853734,2025-08-30T18:06:15.000Z
401752797,40175279720,401752797103898401,20,4,Florida Atlantic,American Athletic,7,Maryland,Big Ten,38,Maryland,Florida Atlantic,3,"{'minutes': 10, 'seconds': 15}",3,3,63,63,3,5,0,False,Pass Incompletion,Caden Veltkamp pass incomplete to Jayshon Platt,-0.542351648341338,2025-08-30T18:06:15.000Z
401752797,40175279720,401752797103899701,20,5,Florida Atlantic,American Athletic,7,Maryland,Big Ten,38,Maryland,Florida Atlantic,3,"{'minutes': 10, 'seconds': 2}",3,3,63,63,4,5,3,False,Pass Reception,Caden Veltkamp pass complete to Easton Messer for 3 yds to the FAU 40,-0.06626391110809937,2025-08-30T18:28:47.000Z
401752797,40175279722,401752797103916902,22,1,Maryland,Big Ten,41,Florida Atlantic,American Athletic,7,Maryland,Florida Atlantic,3,"{'minutes': 8, 'seconds': 30}",3,3,35,65,1,10,0,False,Kickoff,Philip Noyes kickoff for 65 yds for a touchback,,2025-08-30T18:28:47.000Z
401752797,40175279722,401752797103918001,22,2,Florida Atlantic,American Athletic,7,Maryland,Big Ten,41,Maryland,Florida Atlantic,3,"{'minutes': 8, 'seconds': 19}",3,3,75,75,1,10,1,False,Pass Reception,Caden Veltkamp pass complete to Michael Kirch for 1 yd to the FAU 26,-0.5874795431016855,2025-08-30T18:06:15.000Z
401752797,40175279722,401752797103925501,22,3,Florida Atlantic,American Athletic,7,Maryland,Big Ten,41,Maryland,Florida Atlantic,3,"{'minutes': 7, 'seconds': 44}",3,3,74,74,2,9,15,False,Pass Reception,Caden Veltkamp pass complete to Easton Messer for 15 yds to the FAU 41 for a 1ST down,2.0062223130245798,2025-08-30T18:06:15.000Z
401752797,40175279722,401752797103926901,22,4,Florida Atlantic,American Athletic,7,Maryland,Big Ten,41,Maryland,Florida Atlantic,3,"{'minutes': 7, 'seconds': 30}",3,3,59,59,1,10,1,False,Rush,Xavier Terrell run for 1 yd to the FAU 42,-0.9199637917398017,2025-08-30T18:06:15.000Z
401752797,40175279722,401752797103934301,22,5,Florida Atlantic,American Athletic,7,Maryland,Big Ten,41,Maryland,Florida Atlantic,3,"{'minutes': 6, 'seconds': 56}",3,3,58,58,2,9,6,False,Pass Reception,Caden Veltkamp pass complete to Easton Messer for 6 yds to the FAU 48,0.3229679985519098,2025-08-30T18:06:15.000Z
401752797,40175279722,401752797103939201,22,6,Florida Atlantic,American Athletic,7,Maryland,Big Ten,41,Maryland,Florida Atlantic,3,"{'minutes': 6, 'seconds': 7}",3,3,52,52,3,3,31,False,Pass Reception,Caden Veltkamp pass complete to Asaad Waseem for 31 yds to the MD 21 for a 1ST down,2.6237113291908263,2025-08-30T18:31:37.000Z
401752797,40175279722,401752797103945801,22,7,Florida Atlantic,American Athletic,7,Maryland,Big Ten,41,Maryland,Florida Atlantic,3,"{'minutes': 5, 'seconds': 41}",3,3,21,21,1,10,0,False,Pass Incompletion,Caden Veltkamp pass incomplete to Easton Messer,-0.3882383440694163,2025-08-30T18:34:24.000Z
401752797,40175279722,401752797103946101,22,8,Florida Atlantic,American Athletic,7,Maryland,Big Ten,41,Maryland,Florida Atlantic,3,"{'minutes': 5, 'seconds': 38}",3,3,21,21,2,10,0,False,Interception,Caden Veltkamp pass intercepted by Lavain Scruggs returned for 0 yards to the MD 4,-3.9794648421350907,2025-08-30T18:35:38.000Z
401752797,40175279723,401752797103955801,23,4,Maryland,Big Ten,41,Florida Atlantic,American Athletic,7,Maryland,Florida Atlantic,3,"{'minutes': 4, 'seconds': 41}",3,3,8,92,4,6,0,False,Punt,"Bryce McFerson punt for 47 yds, fair catch by Easton Messer at the FAU 45",,2025-08-30T18:41:36.000Z
401752797,40175279723,401752797103946801,23,1,Maryland,Big Ten,41,Florida Atlantic,American Athletic,7,Maryland,Florida Atlantic,3,"{'minutes': 5, 'seconds': 31}",3,3,4,96,1,10,-1,False,Rush,Nolan Ray run for a loss of 1 yard to the MD 3,-0.3061761981358444,2025-08-30T18:06:15.000Z
401752797,40175279723,401752797103954601,23,2,Maryland,Big Ten,41,Florida Atlantic,American Athletic,7,Maryland,Florida Atlantic,3,"{'minutes': 4, 'seconds': 53}",3,3,3,97,2,11,0,False,Pass Incompletion,Malik Washington pass incomplete to Nolan Ray,-0.09519960741516265,2025-08-30T18:06:15.000Z
401752797,40175279723,401752797103955101,23,3,Maryland,Big Ten,41,Florida Atlantic,American Athletic,7,Maryland,Florida Atlantic,3,"{'minutes': 4, 'seconds': 48}",3,3,3,97,3,11,5,False,Pass Reception,Malik Washington pass complete to Nolan Ray for 5 yds to the MD 8,0.00879950464774204,2025-08-30T18:39:29.000Z
401752797,40175279724,401752797103989001,24,8,Florida Atlantic,American Athletic,7,Maryland,Big Ten,41,Maryland,Florida Atlantic,3,"{'minutes': 1, 'seconds': 9}",3,3,40,40,4,7,-5,False,Penalty,"(01:20) PENALTY FAU False Start (Rohe,Keon) 5 yards from UMD40 to UMD45. NO PLAY.",,2025-08-30T18:47:42.000Z
401752797,40175279724,401752797103969001,24,3,Florida Atlantic,American Athletic,7,Maryland,Big Ten,41,Maryland,Florida Atlantic,3,"{'minutes': 3, 'seconds': 9}",3,3,53,53,3,8,5,False,Pass Reception,Caden Veltkamp pass complete to Jabari Smith for 5 yds to the MD 48,0.055577257707717,2025-08-30T18:44:08.000Z
401752797,40175279724,401752797103956401,24,1,Florida Atlantic,American Athletic,7,Maryland,Big Ten,41,Maryland,Florida Atlantic,3,"{'minutes': 4, 'seconds': 35}",3,3,55,55,1,10,-1,False,Rush,Gemari Sands run for a loss of 1 yard to the FAU 44,-1.3838406426271828,2025-08-30T18:42:42.000Z
401752797,40175279724,401752797103964301,24,2,Florida Atlantic,American Athletic,7,Maryland,Big Ten,41,Maryland,Florida Atlantic,3,"{'minutes': 3, 'seconds': 56}",3,3,56,56,2,11,3,False,Pass Reception,Caden Veltkamp pass complete to Martavious Collins for 3 yds to the FAU 47,-0.3460384676017698,2025-08-30T18:43:21.000Z
401752797,40175279724,401752797103975901,24,4,Florida Atlantic,American Athletic,7,Maryland,Big Ten,41,Maryland,Florida Atlantic,3,"{'minutes': 2, 'seconds': 40}",3,3,48,48,4,3,5,False,Pass Reception,Caden Veltkamp pass complete to Easton Messer for 5 yds to the MD 43 for a 1ST down,2.5985450019067464,2025-08-30T18:44:35.000Z
401752797,40175279724,401752797103977201,24,5,Florida Atlantic,American Athletic,7,Maryland,Big Ten,41,Maryland,Florida Atlantic,3,"{'minutes': 2, 'seconds': 27}",3,3,43,43,1,10,0,False,Pass Incompletion,Caden Veltkamp pass incomplete to Jayshon Platt,-0.9391692565688832,2025-08-30T18:44:49.000Z
401752797,40175279724,401752797103977701,24,6,Florida Atlantic,American Athletic,7,Maryland,Big Ten,41,Maryland,Florida Atlantic,3,"{'minutes': 2, 'seconds': 22}",3,3,43,43,2,10,2,False,Rush,Gemari Sands run for 2 yds to the MD 41,-0.6121107822367531,2025-08-30T18:46:14.000Z
401752797,40175279724,401752797103985401,24,7,Florida Atlantic,American Athletic,7,Maryland,Big Ten,41,Maryland,Florida Atlantic,3,"{'minutes': 1, 'seconds': 45}",3,3,41,41,3,8,1,False,Rush,Gemari Sands run for 1 yd to the MD 40,-0.817579179655393,2025-08-30T18:47:05.000Z
401752797,40175279724,401752797103994201,24,9,Florida Atlantic,American Athletic,7,Maryland,Big Ten,41,Maryland,Florida Atlantic,3,"{'minutes': 0, 'seconds': 57}",3,3,45,45,4,12,-8,False,Sack,Caden Veltkamp sacked by Jayden Shipps for a loss of 8 yards to the FAU 47,-0.4513988416472463,2025-08-30T18:48:09.000Z
401752797,40175279725,401752797103999902,25,3,Maryland,Big Ten,41,Florida Atlantic,American Athletic,7,Maryland,Florida Atlantic,3,"{'minutes': 0, 'seconds': 0}",3,3,56,44,0,7,2,False,End Period,End of 3rd Quarter,,2025-08-30T18:49:51.000Z
401752797,40175279725,401752797103995201,25,1,Maryland,Big Ten,41,Florida Atlantic,American Athletic,7,Maryland,Florida Atlantic,3,"{'minutes': 0, 'seconds': 47}",3,3,53,47,1,10,3,False,Rush,DeJuan Williams run for 3 yds to the FAU 44,-0.3535783157576075,2025-08-30T18:49:02.000Z
401752797,40175279725,401752797103999901,25,2,Maryland,Big Ten,41,Florida Atlantic,American Athletic,7,Maryland,Florida Atlantic,3,"{'minutes': 0, 'seconds': 0}",3,3,56,44,2,7,2,False,Rush,DeJuan Williams run for 2 yds to the FAU 42,-0.623540731285118,2025-08-30T18:49:51.000Z
401752797,40175279725,401752797104854801,25,4,Maryland,Big Ten,41,Florida Atlantic,American Athletic,7,Maryland,Florida Atlantic,4,"{'minutes': 14, 'seconds': 51}",3,3,58,42,3,5,3,False,Rush,DeJuan Williams run for 3 yds to the FAU 39,-0.4048426288297638,2025-08-30T18:53:09.000Z
401752797,40175279725,401752797104858001,25,5,Maryland,Big Ten,41,Florida Atlantic,American Athletic,7,Maryland,Florida Atlantic,4,"{'minutes': 14, 'seconds': 19}",3,3,61,39,4,2,-1,False,Rush,DeJuan Williams run for a loss of 1 yard to the FAU 40,-2.0048360828610807,2025-08-30T18:53:56.000Z
401752797,40175279727,401752797104894801,27,3,Maryland,Big Ten,41,Florida Atlantic,American Athletic,7,Maryland,Florida Atlantic,4,"{'minutes': 10, 'seconds': 51}",3,3,23,77,3,7,15,False,Penalty,"(10:54) No Huddle-Shotgun Martin,Justyn pass incomplete deep right to Scott,Jordan thrown to UMD45 broken up by McGhee,Damarius PENALTY FAU UNS: Unsportsmanlike Conduct (Tooley III,Chris) 15 yards from UMD23 to UMD38, 1ST DOWN. NO PLAY.",,2025-08-30T19:02:57.000Z
401752797,40175279727,401752797104895702,27,5,Maryland,Big Ten,41,Florida Atlantic,American Athletic,7,Maryland,Florida Atlantic,4,"{'minutes': 10, 'seconds': 42}",2,3,40,60,2,8,0,False,Timeout,"Timeout Maryland, clock 10:42",,2025-08-30T19:07:36.000Z
401752797,40175279727,401752797104904101,27,7,Maryland,Big Ten,41,Florida Atlantic,American Athletic,7,Maryland,Florida Atlantic,4,"{'minutes': 9, 'seconds': 58}",2,3,45,55,3,3,-5,False,Penalty,"(09:58) PENALTY UMD False Start (Smith,Zymear) 5 yards from UMD45 to UMD40. NO PLAY.",,2025-08-30T19:11:35.000Z
401752797,40175279727,401752797104906701,27,9,Maryland,Big Ten,41,Florida Atlantic,American Athletic,7,Maryland,Florida Atlantic,4,"{'minutes': 9, 'seconds': 32}",2,3,40,60,4,8,0,False,Punt,"Bryce McFerson punt for 45 yds, punt out-of-bounds at the FAU 15",,2025-08-30T19:13:01.000Z
401752797,40175279727,401752797104879901,27,1,Maryland,Big Ten,41,Florida Atlantic,American Athletic,7,Maryland,Florida Atlantic,4,"{'minutes': 12, 'seconds': 0}",3,3,20,80,1,10,3,False,Rush,Iverson Howard run for 3 yds to the MD 23,-0.2366097161141063,2025-08-30T19:01:20.000Z
401752797,40175279727,401752797104887501,27,2,Maryland,Big Ten,41,Florida Atlantic,American Athletic,7,Maryland,Florida Atlantic,4,"{'minutes': 11, 'seconds': 24}",3,3,23,77,2,7,0,False,Rush,Iverson Howard run for no gain to the MD 23,-0.43583975606982506,2025-08-30T19:01:53.000Z
401752797,40175279727,401752797104895701,27,4,Maryland,Big Ten,41,Florida Atlantic,American Athletic,7,Maryland,Florida Atlantic,4,"{'minutes': 10, 'seconds': 42}",3,3,38,62,1,10,2,False,Rush,Justyn Martin run for 2 yds to the MD 40,-0.6656376494811928,2025-08-30T19:07:36.000Z
401752797,40175279727,401752797104896901,27,6,Maryland,Big Ten,41,Florida Atlantic,American Athletic,7,Maryland,Florida Atlantic,4,"{'minutes': 10, 'seconds': 30}",2,3,40,60,2,8,5,False,Rush,Iverson Howard run for 5 yds to the MD 45,0.0841226860701579,2025-08-30T19:11:03.000Z
401752797,40175279727,401752797104906101,27,8,Maryland,Big Ten,41,Florida Atlantic,American Athletic,7,Maryland,Florida Atlantic,4,"{'minutes': 9, 'seconds': 38}",2,3,40,60,3,8,0,False,Pass Incompletion,Khristian Martin pass incomplete to Ryan Manning,-0.48894328509254864,2025-08-30T19:12:10.000Z
401752797,40175279728,401752797104915501,28,4,Florida Atlantic,American Athletic,7,Maryland,Big Ten,41,Maryland,Florida Atlantic,4,"{'minutes': 8, 'seconds': 44}",3,2,58,58,1,10,3,False,Penalty,"(08:49) No Huddle-Shotgun Shields-Dutton,Kaden rush left for 3 yards gain to the FAU45 (Smith,Carlton) PENALTY FAU Holding offsetting UMD Illegal Substitution offsetting. NO PLAY.",,2025-08-30T19:15:49.000Z
401752797,40175279728,401752797104914101,28,3,Florida Atlantic,American Athletic,7,Maryland,Big Ten,41,Maryland,Florida Atlantic,4,"{'minutes': 8, 'seconds': 58}",3,2,81,81,3,6,23,False,Pass Reception,"Zach Gibson pass complete to Jabari Smith for 23 yds to the FAU 42 for a 1ST down Maryland Penalty, Defensive Offside (Yards) declined for a 1ST down",2.5311475620476607,2025-08-30T19:14:55.000Z
401752797,40175279728,401752797104925701,28,5,Florida Atlantic,American Athletic,7,Maryland,Big Ten,41,Maryland,Florida Atlantic,4,"{'minutes': 7, 'seconds': 42}",3,2,58,58,1,10,4,False,Rush,Kaden Shields-Dutton run for 4 yds to the FAU 46,-0.1665264279012551,2025-08-30T19:17:13.000Z
401752797,40175279728,401752797104926501,28,6,Florida Atlantic,American Athletic,7,Maryland,Big Ten,41,Maryland,Florida Atlantic,4,"{'minutes': 7, 'seconds': 34}",3,2,54,54,2,6,3,False,Pass Reception,Zach Gibson pass complete to Kaden Shields-Dutton for 3 yds to the FAU 49,-0.4318373347006296,2025-08-30T19:17:31.000Z
401752797,40175279728,401752797104928301,28,7,Florida Atlantic,American Athletic,7,Maryland,Big Ten,41,Maryland,Florida Atlantic,4,"{'minutes': 7, 'seconds': 16}",3,2,51,51,3,3,0,False,Pass Incompletion,Zach Gibson pass incomplete to Kaden Shields-Dutton,-1.0200812830572126,2025-08-30T19:18:20.000Z
401752797,40175279728,401752797104929901,28,8,Florida Atlantic,American Athletic,7,Maryland,Big Ten,41,Maryland,Florida Atlantic,4,"{'minutes': 7, 'seconds': 0}",3,2,51,51,4,3,7,False,Pass Reception,Zach Gibson pass complete to Jabari Smith for 7 yds to the MD 44 for a 1ST down,2.7672659001883915,2025-08-30T19:18:51.000Z
401752797,40175279728,401752797104929902,28,9,Florida Atlantic,American Athletic,7,Maryland,Big Ten,41,Maryland,Florida Atlantic,4,"{'minutes': 7, 'seconds': 0}",3,2,44,44,1,10,0,False,Pass Incompletion,Zach Gibson pass incomplete to Branden Hoch,-0.9690270974076257,2025-08-30T19:18:51.000Z
401752797,40175279728,401752797104934501,28,10,Florida Atlantic,American Athletic,7,Maryland,Big Ten,41,Maryland,Florida Atlantic,4,"{'minutes': 6, 'seconds': 54}",3,2,44,44,2,10,3,False,Rush,Kaden Shields-Dutton run for 3 yds to the MD 41,-0.3893073610567245,2025-08-30T19:19:59.000Z
401752797,40175279728,401752797104934502,28,11,Florida Atlantic,American Athletic,7,Maryland,Big Ten,41,Maryland,Florida Atlantic,4,"{'minutes': 6, 'seconds': 54}",3,2,41,41,4,7,0,False,Interception,Zach Gibson pass intercepted,-1.190669587274149,2025-08-30T19:20:20.000Z
401752797,40175279728,401752797104934511,28,12,Florida Atlantic,American Athletic,7,Maryland,Big Ten,41,Maryland,Florida Atlantic,4,"{'minutes': 6, 'seconds': 54}",3,2,41,41,3,7,0,False,Pass Incompletion,Zach Gibson pass incomplete to JR Wilson Jr.,-1.0381135967514794,2025-08-30T19:20:20.000Z
401752797,40175279728,401752797104908401,28,1,Florida Atlantic,American Athletic,7,Maryland,Big Ten,41,Maryland,Florida Atlantic,4,"{'minutes': 9, 'seconds': 15}",3,2,85,85,1,10,4,False,Pass Reception,Zach Gibson pass complete to JR Wilson Jr. for 4 yds to the FAU 19,-0.0658646968869041,2025-08-30T19:14:00.000Z
401752797,40175279728,401752797104909601,28,2,Florida Atlantic,American Athletic,7,Maryland,Big Ten,41,Maryland,Florida Atlantic,4,"{'minutes': 9, 'seconds': 3}",3,2,81,81,2,6,0,False,Pass Incompletion,Zach Gibson pass incomplete to Jabari Smith,-0.4060245273248624,2025-08-30T19:14:22.000Z
401752797,40175279729,401752797104934507,29,4,Maryland,Big Ten,41,Florida Atlantic,American Athletic,7,Maryland,Florida Atlantic,4,"{'minutes': 6, 'seconds': 54}",2,3,23,77,1,10,8,False,Penalty,"No Huddle-Shotgun Martin,Khristian pass incomplete short middle to Smith,Zymear thrown to UMD33, 1ST DOWN, PENALTY FAU Pass Interference (Tooley III,Chris) 8 yards from UMD23 to UMD31, 1ST DOWN. NO PLAY.",,2025-08-30T19:20:20.000Z
401752797,40175279729,401752797104966001,29,8,Maryland,Big Ten,41,Florida Atlantic,American Athletic,7,Maryland,Florida Atlantic,4,"{'minutes': 3, 'seconds': 39}",1,3,38,62,4,3,0,False,Timeout,"Timeout Maryland, clock 03:39",,2025-08-30T19:25:34.000Z
401752797,40175279729,401752797104966901,29,9,Maryland,Big Ten,41,Florida Atlantic,American Athletic,7,Maryland,Florida Atlantic,4,"{'minutes': 3, 'seconds': 30}",1,3,38,62,4,3,0,False,Punt,Bryce McFerson punt for 62 yds for a touchback,,2025-08-30T19:26:02.000Z
401752797,40175279729,401752797104934504,29,1,Maryland,Big Ten,41,Florida Atlantic,American Athletic,7,Maryland,Florida Atlantic,4,"{'minutes': 6, 'seconds': 54}",2,3,8,92,1,10,8,False,Rush,Iverson Howard run for 8 yds to the MD 16,0.5501349137553087,2025-08-30T19:20:20.000Z
401752797,40175279729,401752797104934505,29,2,Maryland,Big Ten,41,Florida Atlantic,American Athletic,7,Maryland,Florida Atlantic,4,"{'minutes': 6, 'seconds': 54}",2,3,16,84,2,2,1,False,Rush,Iverson Howard run for 1 yd to the MD 17,-0.5270052213468404,2025-08-30T19:20:20.000Z
401752797,40175279729,401752797104934506,29,3,Maryland,Big Ten,41,Florida Atlantic,American Athletic,7,Maryland,Florida Atlantic,4,"{'minutes': 6, 'seconds': 54}",2,3,17,83,3,1,6,False,Rush,Khristian Martin run for 6 yds to the MD 23 for a 1ST down,0.6152184875931415,2025-08-30T19:20:20.000Z
401752797,40175279729,401752797104934508,29,5,Maryland,Big Ten,41,Florida Atlantic,American Athletic,7,Maryland,Florida Atlantic,4,"{'minutes': 6, 'seconds': 54}",2,3,31,69,1,10,0,False,Pass Incompletion,Khristian Martin pass incomplete to Jordan Scott,-0.8947814664467213,2025-08-30T19:20:20.000Z
401752797,40175279729,401752797104934509,29,6,Maryland,Big Ten,41,Florida Atlantic,American Athletic,7,Maryland,Florida Atlantic,4,"{'minutes': 6, 'seconds': 54}",2,3,31,69,2,10,-3,False,Rush,Iverson Howard run for a loss of 3 yards to the MD 28,-0.6559895619123601,2025-08-30T19:20:20.000Z
401752797,40175279729,401752797104934510,29,7,Maryland,Big Ten,41,Florida Atlantic,American Athletic,7,Maryland,Florida Atlantic,4,"{'minutes': 6, 'seconds': 54}",2,3,28,72,3,13,10,False,Pass Reception,Khristian Martin pass complete to Josiah McLaurin for 10 yds to the MD 38,0.37271694970063507,2025-08-30T19:20:20.000Z
401752797,40175279731,401752797104984301,31,1,Maryland,Big Ten,41,Florida Atlantic,American Athletic,7,Maryland,Florida Atlantic,4,"{'minutes': 1, 'seconds': 56}",1,3,55,45,1,10,7,False,Rush,Iverson Howard run for 7 yds to the FAU 38,0.5149869636577264,2025-08-30T19:26:02.000Z
401752797,40175279731,401752797104985101,31,2,Maryland,Big Ten,41,Florida Atlantic,American Athletic,7,Maryland,Florida Atlantic,4,"{'minutes': 1, 'seconds': 48}",1,3,62,38,2,3,2,False,Rush,Iverson Howard run for 2 yds to the FAU 36,-0.5344932979132705,2025-08-30T19:26:02.000Z
401752797,40175279731,401752797104986301,31,3,Maryland,Big Ten,41,Florida Atlantic,American Athletic,7,Maryland,Florida Atlantic,4,"{'minutes': 1, 'seconds': 36}",1,3,64,36,3,1,-3,False,Rush,Eli Mason run for a loss of 3 yards to the FAU 39,-1.768363550098744,2025-08-30T19:26:02.000Z
401752797,40175279731,401752797104989901,31,4,Maryland,Big Ten,39,Florida Atlantic,American Athletic,7,Maryland,Florida Atlantic,4,"{'minutes': 1, 'seconds': 0}",1,3,61,39,4,4,0,False,Pass Incompletion,Khristian Martin pass incomplete to Jordan Scott,-1.7356160305786439,2025-08-30T19:26:02.000Z
401752797,40175279731,401752797104989902,31,5,Maryland,Big Ten,41,Florida Atlantic,American Athletic,7,Maryland,Florida Atlantic,4,"{'minutes': 1, 'seconds': 0}",1,3,61,39,4,4,0,False,Pass Incompletion,Khristian Martin pass incomplete to Jordan Scott,-1.7356160305786439,2025-08-30T19:26:02.000Z
401752797,40175279732,401752797104999902,32,5,Florida Atlantic,American Athletic,7,Maryland,Big Ten,41,Maryland,Florida Atlantic,4,"{'minutes': 0, 'seconds': 0}",3,1,41,41,0,4,5,False,End of Game,End of 4th Quarter,,2025-08-30T19:36:19.000Z
401752797,40175279732,401752797104994401,32,1,Florida Atlantic,American Athletic,7,Maryland,Big Ten,41,Maryland,Florida Atlantic,4,"{'minutes': 0, 'seconds': 55}",3,1,61,61,1,10,7,False,Rush,Kaden Shields-Dutton run for 7 yds to the FAU 46,0.7076562230979297,2025-08-30T19:26:02.000Z
401752797,40175279732,401752797104997301,32,2,Florida Atlantic,American Athletic,7,Maryland,Big Ten,41,Maryland,Florida Atlantic,4,"{'minutes': 0, 'seconds': 26}",3,1,54,54,2,3,7,False,Rush,Kaden Shields-Dutton run for 7 yds to the MD 47 for a 1ST down,0.5341575721005063,2025-08-30T19:26:02.000Z
401752797,40175279732,401752797104998401,32,3,Florida Atlantic,American Athletic,7,Maryland,Big Ten,41,Maryland,Florida Atlantic,4,"{'minutes': 0, 'seconds': 15}",3,1,47,47,1,10,6,False,Rush,Xavier Terrell run for 6 yds to the MD 41,0.3204144720350344,2025-08-30T19:26:02.000Z
401752797,40175279732,401752797104999901,32,4,Florida Atlantic,American Athletic,7,Maryland,Big Ten,41,Maryland,Florida Atlantic,4,"{'minutes': 0, 'seconds': 0}",3,1,41,41,2,4,5,False,Rush,Xavier Terrell run for 5 yds to the MD 36 for a 1ST down,0.2820096742175996,2025-08-30T19:26:02.000Z
401762460,4017624601,401762460101849903,1,1,Florida Atlantic,American Athletic,0,Florida A&M,SWAC,0,Florida Atlantic,Florida A&M,1,"{'minutes': 15, 'seconds': 0}",3,3,35,65,1,10,0,False,Kickoff,Andrew Nelms kickoff for 65 yds for a touchback,,2025-09-06T22:06:43.000Z
401762460,4017624601,401762460101864801,1,6,Florida A&M,SWAC,0,Florida Atlantic,American Athletic,0,Florida Atlantic,Florida A&M,1,"{'minutes': 13, 'seconds': 51}",3,3,56,56,4,7,0,False,Punt,"Robert Engstler punt for 32 yds, fair catch by Easton Messer at the FAU 24",,2025-09-06T22:06:43.000Z
401762460,4017624601,401762460101854401,1,2,Florida A&M,SWAC,0,Florida Atlantic,American Athletic,0,Florida Atlantic,Florida A&M,1,"{'minutes': 14, 'seconds': 55}",3,3,75,75,1,10,16,False,Pass Reception,RJ Johnson III pass complete to Jalen Rogers for 16 yds to the FAMU 41 for a 1ST down,1.4187427699228943,2025-09-06T22:06:43.000Z
401762460,4017624601,401762460101856401,1,3,Florida A&M,SWAC,0,Florida Atlantic,American Athletic,0,Florida Atlantic,Florida A&M,1,"{'minutes': 14, 'seconds': 35}",3,3,59,59,1,10,3,False,Rush,Thad Franklin Jr. run for 3 yds to the FAMU 44,-0.4327220980688242,2025-09-06T22:06:43.000Z
401762460,4017624601,401762460101859701,1,4,Florida A&M,SWAC,0,Florida Atlantic,American Athletic,0,Florida Atlantic,Florida A&M,1,"{'minutes': 14, 'seconds': 2}",3,3,56,56,2,7,0,False,Pass Incompletion,RJ Johnson III pass incomplete to Jalen Rogers,-1.0372452328048558,2025-09-06T22:06:43.000Z
401762460,4017624601,401762460101864201,1,5,Florida A&M,SWAC,0,Florida Atlantic,American Athletic,0,Florida Atlantic,Florida A&M,1,"{'minutes': 13, 'seconds': 57}",3,3,56,56,3,7,0,False,Pass Incompletion,RJ Johnson III pass incomplete to Justin Bostic,-0.6528971648971629,2025-09-06T22:06:43.000Z
401762460,4017624602,401762460101867101,2,1,Florida Atlantic,American Athletic,0,Florida A&M,SWAC,0,Florida Atlantic,Florida A&M,1,"{'minutes': 13, 'seconds': 28}",3,3,24,76,1,10,3,False,Rush,Gemari Sands run for 3 yds to the FAU 27,-0.2835190304977822,2025-09-06T22:08:22.000Z
401762460,4017624602,401762460101869101,2,2,Florida Atlantic,American Athletic,0,Florida A&M,SWAC,0,Florida Atlantic,Florida A&M,1,"{'minutes': 13, 'seconds': 8}",3,3,27,73,2,7,10,False,Pass Reception,Caden Veltkamp pass complete to Dominique Henry for 10 yds to the FAU 37 for a 1ST down,1.3786265803358226,2025-09-06T22:09:02.000Z
401762460,4017624602,401762460101874101,2,3,Florida Atlantic,American Athletic,0,Florida A&M,SWAC,0,Florida Atlantic,Florida A&M,1,"{'minutes': 12, 'seconds': 58}",3,3,37,63,1,10,0,False,Pass Incompletion,Caden Veltkamp pass incomplete to Asaad Waseem,-1.065701080215459,2025-09-06T22:09:06.000Z
401762460,4017624602,401762460101874801,2,4,Florida Atlantic,American Athletic,0,Florida A&M,SWAC,0,Florida Atlantic,Florida A&M,1,"{'minutes': 12, 'seconds': 51}",3,3,37,63,2,10,8,False,Pass Reception,Caden Veltkamp pass complete to Easton Messer for 8 yds to the FAU 45,0.7408255008820132,2025-09-06T22:09:59.000Z
401762460,4017624602,401762460101877601,2,5,Florida Atlantic,American Athletic,0,Florida A&M,SWAC,0,Florida Atlantic,Florida A&M,1,"{'minutes': 12, 'seconds': 23}",3,3,45,55,3,2,37,False,Rush,Gemari Sands run for 37 yds to the FAMU 18 for a 1ST down,2.783593663840605,2025-09-06T22:10:38.000Z
401762460,4017624602,401762460101885201,2,6,Florida Atlantic,American Athletic,0,Florida A&M,SWAC,0,Florida Atlantic,Florida A&M,1,"{'minutes': 11, 'seconds': 47}",3,3,82,18,1,10,-6,False,Rush,Gemari Sands run for a loss of 6 yards to the FAMU 24,-0.9240771967724917,2025-09-06T22:10:56.000Z
401762460,4017624602,401762460101888402,2,7,Florida Atlantic,American Athletic,8,Florida A&M,SWAC,0,Florida Atlantic,Florida A&M,1,"{'minutes': 11, 'seconds': 15}",3,3,76,24,2,16,24,True,Passing Touchdown,"Caden Veltkamp pass complete to Dominique Henry for 24 yds for a TD Florida A&M Penalty, (15 Yards) to the FAMU 0 (Jackson Lee pass to for Two-Point Conversion)",3.5158699058430827,2025-09-06T22:12:26.000Z
401762460,4017624603,401762460101888601,3,1,Florida Atlantic,American Athletic,8,Florida A&M,SWAC,0,Florida Atlantic,Florida A&M,1,"{'minutes': 11, 'seconds': 13}",3,3,50,50,1,10,0,False,Kickoff Return (Offense),"Andrew Nelms kickoff for 40 yds , Levontai Summersett return for no gain to the FAMU 10",,2025-09-06T22:16:38.000Z
401762460,4017624603,401762460101909901,3,5,Florida A&M,SWAC,0,Florida Atlantic,American Athletic,8,Florida Atlantic,Florida A&M,1,"{'minutes': 9, 'seconds': 0}",3,3,73,73,2,10,-5,False,Penalty,PENALTY FAMU Delay Of Game 5 yards from FAMU27 to FAMU22. NO PLAY.,,2025-09-06T22:19:42.000Z
401762460,4017624603,401762460101929001,3,8,Florida A&M,SWAC,0,Florida Atlantic,American Athletic,15,Florida Atlantic,Florida A&M,1,"{'minutes': 7, 'seconds': 9}",3,3,76,76,4,13,0,True,Blocked Punt,Robert Engstler punt blocked by Josh Roberts blocked by Josh Roberts for a TD (Garrison Smith KICK),,2025-09-06T22:22:32.000Z
401762460,4017624603,401762460101894801,3,2,Florida A&M,SWAC,0,Florida Atlantic,American Athletic,8,Florida Atlantic,Florida A&M,1,"{'minutes': 10, 'seconds': 51}",3,3,90,90,1,10,5,False,Rush,Thad Franklin Jr. run for 5 yds to the FAMU 15,0.06984181917010533,2025-09-06T22:17:08.000Z
401762460,4017624603,401762460101898401,3,3,Florida A&M,SWAC,0,Florida Atlantic,American Athletic,8,Florida Atlantic,Florida A&M,1,"{'minutes': 10, 'seconds': 15}",3,3,85,85,2,5,12,False,Rush,RJ Johnson III run for 12 yds to the FAMU 27 for a 1ST down,0.7912869997451626,2025-09-06T22:17:51.000Z
401762460,4017624603,401762460101907001,3,4,Florida A&M,SWAC,0,Florida Atlantic,American Athletic,8,Florida Atlantic,Florida A&M,1,"{'minutes': 9, 'seconds': 29}",3,3,73,73,1,10,0,False,Rush,Thad Franklin Jr. run for no gain to the FAMU 27,-0.766047035673644,2025-09-06T22:18:53.000Z
401762460,4017624603,401762460101916301,3,6,Florida A&M,SWAC,0,Florida Atlantic,American Athletic,8,Florida Atlantic,Florida A&M,1,"{'minutes': 8, 'seconds': 36}",3,3,78,78,2,15,-7,False,Sack,RJ Johnson III sacked by Wilky Denaud for a loss of 7 yards to the FAMU 15,-0.26518214382842586,2025-09-06T22:19:49.000Z
401762460,4017624603,401762460101925301,3,7,Florida A&M,SWAC,0,Florida Atlantic,American Athletic,8,Florida Atlantic,Florida A&M,1,"{'minutes': 7, 'seconds': 46}",3,3,85,85,3,22,9,False,Pass Reception,RJ Johnson III pass complete to Kenari Wilcher for 9 yds to the FAMU 24,0.04445698398090856,2025-09-06T22:20:45.000Z
401762460,4017624604,401762460101929003,4,1,Florida Atlantic,American Athletic,15,Florida A&M,SWAC,0,Florida Atlantic,Florida A&M,1,"{'minutes': 7, 'seconds': 9}",3,3,35,65,1,10,0,False,Kickoff,Andrew Nelms kickoff for 65 yds for a touchback,,2025-09-06T22:23:08.000Z
401762460,4017624604,401762460101948601,4,5,Florida A&M,SWAC,0,Florida Atlantic,American Athletic,15,Florida Atlantic,Florida A&M,1,"{'minutes': 5, 'seconds': 13}",3,3,80,80,4,15,0,False,Punt,"Robert Engstler punt for 47 yds, fair catch by Easton Messer at the FAU 33",,2025-09-06T22:29:28.000Z
401762460,4017624604,401762460101938201,4,2,Florida A&M,SWAC,0,Florida Atlantic,American Athletic,15,Florida Atlantic,Florida A&M,1,"{'minutes': 6, 'seconds': 17}",3,3,75,75,1,10,21,False,Fumble Recovery (Own),"Ricky Taylor run for 21 yds to the FAMU 4 Ricky Taylor fumbled, recovered by FAMU RJ Johnson III",1.8928575820361135,2025-09-06T22:27:44.000Z
401762460,4017624604,401762460101938202,4,3,Florida A&M,SWAC,0,Florida Atlantic,American Athletic,15,Florida Atlantic,Florida A&M,1,"{'minutes': 6, 'seconds': 17}",3,3,96,96,2,31,5,False,Rush,Thad Franklin Jr. run for 5 yds to the FAMU 9,0.00080283989835994,2025-09-06T22:28:27.000Z
401762460,4017624604,401762460101944501,4,4,Florida A&M,SWAC,0,Florida Atlantic,American Athletic,15,Florida Atlantic,Florida A&M,1,"{'minutes': 5, 'seconds': 54}",3,3,91,91,3,26,11,False,Pass Reception,RJ Johnson III pass complete to Jamal Hailey for 11 yds to the FAMU 20,0.03401347702849567,2025-09-06T22:28:44.000Z
401762460,4017624605,401762460101974702,5,6,Florida Atlantic,American Athletic,15,Florida A&M,SWAC,0,Florida Atlantic,Florida A&M,1,"{'minutes': 2, 'seconds': 52}",3,3,81,19,1,10,7,False,Penalty,"(02:52) No Huddle-Shotgun Veltkamp,Caden pass incomplete short left thrown to FAMU00 QB hurried by Lee,Ah'mare, 1ST DOWN, PENALTY FAMU Pass Interference (Huggins,T.J.) 7 yards from FAMU19 to FAMU12, 1ST DOWN. NO PLAY.",,2025-09-06T22:35:58.000Z
401762460,4017624605,401762460101949701,5,1,Florida Atlantic,American Athletic,15,Florida A&M,SWAC,0,Florida Atlantic,Florida A&M,1,"{'minutes': 5, 'seconds': 2}",3,3,33,67,1,10,9,False,Pass Reception,Caden Veltkamp pass complete to Easton Messer for 9 yds to the FAU 42,1.381064908582042,2025-09-06T22:33:20.000Z
401762460,4017624605,401762460101954901,5,2,Florida Atlantic,American Athletic,15,Florida A&M,SWAC,0,Florida Atlantic,Florida A&M,1,"{'minutes': 4, 'seconds': 50}",3,3,42,58,2,1,7,False,Rush,Gemari Sands run for 7 yds to the FAU 49 for a 1ST down,0.124624556666168,2025-09-06T22:33:22.000Z
401762460,4017624605,401762460101957101,5,3,Florida Atlantic,American Athletic,15,Florida A&M,SWAC,0,Florida Atlantic,Florida A&M,1,"{'minutes': 4, 'seconds': 28}",3,3,49,51,1,10,6,False,Pass Reception,Caden Veltkamp pass complete to Gemari Sands for 6 yds to the FAMU 45,0.353216982318957,2025-09-06T22:33:24.000Z
401762460,4017624605,401762460101964501,5,4,Florida Atlantic,American Athletic,15,Florida A&M,SWAC,0,Florida Atlantic,Florida A&M,1,"{'minutes': 3, 'seconds': 54}",3,3,55,45,2,4,14,False,Pass Reception,Caden Veltkamp pass complete to Gemari Sands for 14 yds to the FAMU 31 for a 1ST down,0.728204051501034,2025-09-06T22:34:14.000Z
401762460,4017624605,401762460101967801,5,5,Florida Atlantic,American Athletic,15,Florida A&M,SWAC,0,Florida Atlantic,Florida A&M,1,"{'minutes': 3, 'seconds': 21}",3,3,69,31,1,10,12,False,Pass Reception,Caden Veltkamp pass complete to Jayshon Platt for 12 yds to the FAMU 19 for a 1ST down,0.237498541435425,2025-09-06T22:34:53.000Z
401762460,4017624605,401762460101975701,5,7,Florida Atlantic,American Athletic,15,Florida A&M,SWAC,0,Florida Atlantic,Florida A&M,1,"{'minutes': 2, 'seconds': 42}",3,3,88,12,1,10,0,False,Pass Incompletion,Caden Veltkamp pass incomplete to JR Wilson Jr.,-0.2977696357406735,2025-09-06T22:37:20.000Z
401762460,4017624605,401762460101976201,5,8,Florida Atlantic,American Athletic,15,Florida A&M,SWAC,0,Florida Atlantic,Florida A&M,1,"{'minutes': 2, 'seconds': 37}",3,3,88,12,2,10,0,False,Pass Incompletion,Caden Veltkamp pass incomplete to JR Wilson Jr.,-0.3089040454322213,2025-09-06T22:37:52.000Z
401762460,4017624605,401762460101976202,5,9,Florida Atlantic,American Athletic,22,Florida A&M,SWAC,0,Florida Atlantic,Florida A&M,1,"{'minutes': 2, 'seconds': 37}",3,3,88,12,3,10,12,True,Passing Touchdown,Caden Veltkamp pass complete to Asaad Waseem for 12 yds for a TD (Garrison Smith KICK),3.1367682232088203,2025-09-06T22:37:28.000Z
401762460,4017624606,401762460101976204,6,1,Florida Atlantic,American Athletic,22,Florida A&M,SWAC,0,Florida Atlantic,Florida A&M,1,"{'minutes': 2, 'seconds': 37}",3,3,35,65,1,10,0,False,Kickoff,Andrew Nelms kickoff for 65 yds for a touchback,,2025-09-06T22:37:52.000Z
401762460,4017624606,401762460101999902,6,7,Florida A&M,SWAC,0,Florida Atlantic,American Athletic,22,Florida Atlantic,Florida A&M,1,"{'minutes': 0, 'seconds': 0}",3,3,98,98,0,45,13,False,End Period,End of 1st Quarter,,2025-09-06T22:43:42.000Z
401762460,4017624606,401762460102855401,6,8,Florida A&M,SWAC,0,Florida Atlantic,American Athletic,22,Florida Atlantic,Florida A&M,2,"{'minutes': 14, 'seconds': 45}",3,3,85,85,4,32,21,False,Punt,"Robert Engstler punt for 70 yds , Easton Messer returns for 21 yds to the FAU 36",,2025-09-06T22:47:30.000Z
401762460,4017624606,401762460101976701,6,2,Florida A&M,SWAC,0,Florida Atlantic,American Athletic,22,Florida Atlantic,Florida A&M,1,"{'minutes': 2, 'seconds': 32}",3,3,75,75,1,10,0,False,Pass Incompletion,RJ Johnson III pass incomplete to Jalen Rogers,-0.7029700220436519,2025-09-06T22:40:31.000Z
401762460,4017624606,401762460101977801,6,3,Florida A&M,SWAC,0,Florida Atlantic,American Athletic,22,Florida Atlantic,Florida A&M,1,"{'minutes': 2, 'seconds': 21}",3,3,75,75,2,10,12,False,Pass Reception,RJ Johnson III pass complete to Miles Campbell for 12 yds to the FAMU 37 for a 1ST down,1.7302143481872232,2025-09-06T22:41:15.000Z
401762460,4017624606,401762460101985301,6,4,Florida A&M,SWAC,0,Florida Atlantic,American Athletic,22,Florida Atlantic,Florida A&M,1,"{'minutes': 1, 'seconds': 46}",3,3,63,63,1,10,3,False,Pass Reception,RJ Johnson III pass complete to Jamar Taylor for 3 yds to the FAMU 34,-0.4199785122886155,2025-09-06T22:41:55.000Z
401762460,4017624606,401762460101998101,6,5,Florida A&M,SWAC,0,Florida Atlantic,American Athletic,22,Florida Atlantic,Florida A&M,1,"{'minutes': 0, 'seconds': 18}",3,3,66,66,2,13,-32,False,Fumble Recovery (Own),"RJ Johnson III sacked by Leon Hart Jr. for a loss of 32 yards to the FAMU 2 RJ Johnson III fumbled, recovered by FAMU Ricky Taylor , return for 0 yards",-0.825625084685,2025-09-06T22:42:57.000Z
401762460,4017624606,401762460101999901,6,6,Florida A&M,SWAC,0,Florida Atlantic,American Athletic,22,Florida Atlantic,Florida A&M,1,"{'minutes': 0, 'seconds': 0}",3,3,98,98,3,45,13,False,Rush,Jamal Hailey run for 13 yds to the FAMU 15,0.00467225711881623,2025-09-06T22:43:42.000Z
401762460,4017624607,401762460102857601,7,2,Florida Atlantic,American Athletic,22,Florida A&M,SWAC,0,Florida Atlantic,Florida A&M,2,"{'minutes': 14, 'seconds': 23}",3,3,42,58,2,4,-5,False,Penalty,"PENALTY FAU False Start (Atcavage,Alex) 5 yards from FAU42 to FAU37. NO PLAY.",,2025-09-06T22:48:48.000Z
401762460,4017624607,401762460102885401,7,8,Florida Atlantic,American Athletic,22,Florida A&M,SWAC,0,Florida Atlantic,Florida A&M,2,"{'minutes': 11, 'seconds': 45}",3,3,71,29,2,5,5,False,Penalty,"PENALTY FAMU Offside (McKenzie,Caleb) 5 yards from FAMU29 to FAMU24, 1ST DOWN. NO PLAY.",,2025-09-06T22:51:48.000Z
401762460,4017624607,401762460102886501,7,9,Florida Atlantic,American Athletic,22,Florida A&M,SWAC,0,Florida Atlantic,Florida A&M,2,"{'minutes': 11, 'seconds': 34}",3,2,76,24,1,10,0,False,Timeout,"Timeout Florida A&M, clock 11:34",,2025-09-06T22:48:08.000Z
401762460,4017624607,401762460102856801,7,1,Florida Atlantic,American Athletic,22,Florida A&M,SWAC,0,Florida Atlantic,Florida A&M,2,"{'minutes': 14, 'seconds': 31}",3,3,36,64,1,10,6,False,Rush,Xavier Terrell run for 6 yds to the FAU 42,0.4008542507084805,2025-09-06T22:48:45.000Z
401762460,4017624607,401762460102864601,7,3,Florida Atlantic,American Athletic,22,Florida A&M,SWAC,0,Florida Atlantic,Florida A&M,2,"{'minutes': 13, 'seconds': 53}",3,3,37,63,2,9,8,False,Rush,Caden Veltkamp run for 8 yds to the FAU 45,0.7988026304020162,2025-09-06T22:49:28.000Z
401762460,4017624607,401762460102866001,7,4,Florida Atlantic,American Athletic,22,Florida A&M,SWAC,0,Florida Atlantic,Florida A&M,2,"{'minutes': 13, 'seconds': 39}",3,3,45,55,3,1,4,False,Rush,Xavier Terrell run for 4 yds to the FAU 49 for a 1ST down,1.2781133221530234,2025-09-06T22:49:31.000Z
401762460,4017624607,401762460102869101,7,5,Florida Atlantic,American Athletic,22,Florida A&M,SWAC,0,Florida Atlantic,Florida A&M,2,"{'minutes': 13, 'seconds': 8}",3,3,49,51,1,10,1,False,Rush,Xavier Terrell run for 1 yd to the 50 yard line,-0.889254676573113,2025-09-06T22:50:18.000Z
401762460,4017624607,401762460102876301,7,6,Florida Atlantic,American Athletic,22,Florida A&M,SWAC,0,Florida Atlantic,Florida A&M,2,"{'minutes': 12, 'seconds': 36}",3,3,50,50,2,9,16,False,Pass Reception,Caden Veltkamp pass complete to Jayshon Platt for 16 yds to the FAMU 34 for a 1ST down,1.875895719552382,2025-09-06T22:50:59.000Z
401762460,4017624607,401762460102879801,7,7,Florida Atlantic,American Athletic,22,Florida A&M,SWAC,0,Florida Atlantic,Florida A&M,2,"{'minutes': 12, 'seconds': 1}",3,3,66,34,1,10,5,False,Rush,Caden Veltkamp run for 5 yds to the FAMU 29,0.08067951505409,2025-09-06T22:51:07.000Z
401762460,4017624607,401762460102887501,7,10,Florida Atlantic,American Athletic,22,Florida A&M,SWAC,0,Florida Atlantic,Florida A&M,2,"{'minutes': 11, 'seconds': 24}",3,2,76,24,1,10,7,False,Pass Reception,Caden Veltkamp pass complete to Jayshon Platt for 7 yds to the FAMU 17,0.324778503489089,2025-09-06T22:55:36.000Z
401762460,4017624607,401762460102894201,7,11,Florida Atlantic,American Athletic,22,Florida A&M,SWAC,0,Florida Atlantic,Florida A&M,2,"{'minutes': 10, 'seconds': 57}",3,2,83,17,2,3,3,False,Rush,Xavier Terrell run for 3 yds to the FAMU 14 for a 1ST down,-0.1916237300611955,2025-09-06T22:55:40.000Z
401762460,4017624607,401762460102898201,7,12,Florida Atlantic,American Athletic,29,Florida A&M,SWAC,0,Florida Atlantic,Florida A&M,2,"{'minutes': 10, 'seconds': 17}",3,2,86,14,1,10,14,True,Passing Touchdown,Caden Veltkamp pass complete to Jayshon Platt for 14 yds for a TD (Garrison Smith KICK),2.5482831751790815,2025-09-06T22:57:25.000Z
401762460,4017624608,401762460102898203,8,1,Florida Atlantic,American Athletic,29,Florida A&M,SWAC,0,Florida Atlantic,Florida A&M,2,"{'minutes': 10, 'seconds': 17}",3,2,35,65,1,10,0,False,Kickoff,Andrew Nelms kickoff for 65 yds for a touchback,,2025-09-06T22:57:25.000Z
401762460,4017624608,401762460102907601,8,5,Florida A&M,SWAC,0,Florida Atlantic,American Athletic,29,Florida Atlantic,Florida A&M,2,"{'minutes': 9, 'seconds': 23}",2,3,73,73,4,8,0,False,Punt,"Robert Engstler punt for 27 yds, punt out-of-bounds at the FAU 46",,2025-09-06T23:04:06.000Z
401762460,4017624608,401762460102899101,8,2,Florida A&M,SWAC,0,Florida Atlantic,American Athletic,29,Florida Atlantic,Florida A&M,2,"{'minutes': 10, 'seconds': 8}",2,3,75,75,1,10,2,False,Rush,Jamal Hailey run for 2 yds to the FAMU 27,-0.45260367932203766,2025-09-06T23:01:42.000Z
401762460,4017624608,401762460102906301,8,3,Florida A&M,SWAC,0,Florida Atlantic,American Athletic,29,Florida Atlantic,Florida A&M,2,"{'minutes': 9, 'seconds': 36}",2,3,73,73,2,8,0,False,Pass Incompletion,Jett Peddy pass incomplete to Goldie Lawrence,-0.4788075161366292,2025-09-06T22:48:08.000Z
401762460,4017624608,401762460102906801,8,4,Florida A&M,SWAC,0,Florida Atlantic,American Athletic,29,Florida Atlantic,Florida A&M,2,"{'minutes': 9, 'seconds': 31}",2,3,73,73,3,8,0,False,Pass Incompletion,Jett Peddy pass incomplete to Jalen Rogers,-0.22421028645399854,2025-09-06T23:02:37.000Z
401762460,4017624609,401762460102926902,9,6,Florida Atlantic,American Athletic,29,Florida A&M,SWAC,0,Florida Atlantic,Florida A&M,2,"{'minutes': 7, 'seconds': 30}",3,2,82,18,2,10,15,False,Penalty,"(07:30) No Huddle-Shotgun Veltkamp,Caden pass incomplete short right to Platt,Jayshon thrown to FAMU00 PENALTY FAMU Pass Interference (Huggins,T.J.) 15 yards from FAMU18 to FAMU03, 1ST DOWN. NO PLAY.",,2025-09-06T23:06:52.000Z
401762460,4017624609,401762460102908601,9,1,Florida Atlantic,American Athletic,29,Florida A&M,SWAC,0,Florida Atlantic,Florida A&M,2,"{'minutes': 9, 'seconds': 13}",3,2,46,54,1,10,15,False,Pass Reception,Caden Veltkamp pass complete to Easton Messer for 15 yds to the FAMU 39 for a 1ST down,1.044458982753657,2025-09-06T23:04:25.000Z
401762460,4017624609,401762460102914301,9,2,Florida Atlantic,American Athletic,29,Florida A&M,SWAC,0,Florida Atlantic,Florida A&M,2,"{'minutes': 8, 'seconds': 56}",3,2,61,39,1,10,5,False,Rush,Gemari Sands run for 5 yds to the FAMU 34,0.086001265551813,2025-09-06T23:04:50.000Z
401762460,4017624609,401762460102917601,9,3,Florida Atlantic,American Athletic,29,Florida A&M,SWAC,0,Florida Atlantic,Florida A&M,2,"{'minutes': 8, 'seconds': 23}",3,2,66,34,2,5,4,False,Rush,Gemari Sands run for 4 yds to the FAMU 30,-0.083244705164349,2025-09-06T23:05:39.000Z
401762460,4017624609,401762460102924001,9,4,Florida Atlantic,American Athletic,29,Florida A&M,SWAC,0,Florida Atlantic,Florida A&M,2,"{'minutes': 7, 'seconds': 59}",3,2,70,30,3,1,12,False,Rush,Gemari Sands run for 12 yds to the FAMU 18 for a 1ST down,0.545889285473496,2025-09-06T23:05:48.000Z
401762460,4017624609,401762460102926401,9,5,Florida Atlantic,American Athletic,29,Florida A&M,SWAC,0,Florida Atlantic,Florida A&M,2,"{'minutes': 7, 'seconds': 35}",3,2,82,18,1,10,0,False,Pass Incompletion,Caden Veltkamp pass incomplete to Jayshon Platt,-0.350740748439042,2025-09-06T23:06:47.000Z
401762460,4017624609,401762460102927301,9,7,Florida Atlantic,American Athletic,36,Florida A&M,SWAC,0,Florida Atlantic,Florida A&M,2,"{'minutes': 7, 'seconds': 26}",3,2,97,3,1,3,3,True,Passing Touchdown,Caden Veltkamp pass complete to Dominique Henry for 3 yds for a TD (Garrison Smith KICK),1.464451732731337,2025-09-06T23:12:31.000Z
401762460,40176246010,401762460102927303,10,1,Florida Atlantic,American Athletic,36,Florida A&M,SWAC,0,Florida Atlantic,Florida A&M,2,"{'minutes': 7, 'seconds': 26}",3,2,35,65,1,10,0,False,Kickoff,Andrew Nelms kickoff for 65 yds for a touchback,,2025-09-06T23:12:31.000Z
401762460,40176246010,401762460102936801,10,5,Florida A&M,SWAC,0,Florida Atlantic,American Athletic,36,Florida Atlantic,Florida A&M,2,"{'minutes': 6, 'seconds': 31}",2,3,74,74,4,9,5,False,Punt,"Robert Engstler punt for 45 yds , Asaad Waseem returns for 5 yds to the FAU 34",,2025-09-06T23:16:53.000Z
401762460,40176246010,401762460102928001,10,2,Florida A&M,SWAC,0,Florida Atlantic,American Athletic,36,Florida Atlantic,Florida A&M,2,"{'minutes': 7, 'seconds': 19}",2,3,75,75,1,10,1,False,Rush,Thad Franklin Jr. run for 1 yd to the FAMU 26,-0.5874795431016855,2025-09-06T22:48:08.000Z
401762460,40176246010,401762460102935401,10,3,Florida A&M,SWAC,0,Florida Atlantic,American Athletic,36,Florida Atlantic,Florida A&M,2,"{'minutes': 6, 'seconds': 45}",2,3,74,74,2,9,0,False,Pass Incompletion,Jett Peddy pass incomplete to Miles Campbell,-0.40831395320271024,2025-09-06T23:13:48.000Z
401762460,40176246010,401762460102935901,10,4,Florida A&M,SWAC,0,Florida Atlantic,American Athletic,36,Florida Atlantic,Florida A&M,2,"{'minutes': 6, 'seconds': 40}",2,3,74,74,3,9,0,False,Pass Incompletion,Jett Peddy pass incomplete to Jalen Rogers,-0.18876768235831598,2025-09-06T23:16:04.000Z
401762460,40176246011,401762460102968101,11,10,Florida Atlantic,American Athletic,39,Florida A&M,SWAC,0,Florida Atlantic,Florida A&M,2,"{'minutes': 3, 'seconds': 18}",3,2,89,11,4,7,29,True,Field Goal Good,Garrison Smith 29 yd FG GOOD,,2025-09-06T22:48:08.000Z
401762460,40176246011,401762460102939501,11,1,Florida Atlantic,American Athletic,36,Florida A&M,SWAC,0,Florida Atlantic,Florida A&M,2,"{'minutes': 6, 'seconds': 4}",3,2,34,66,1,10,30,False,Pass Reception,Caden Veltkamp pass complete to Easton Messer for 30 yds to the FAMU 36 for a 1ST down,2.325991294715818,2025-09-06T23:17:57.000Z
401762460,40176246011,401762460102945201,11,2,Florida Atlantic,American Athletic,36,Florida A&M,SWAC,0,Florida Atlantic,Florida A&M,2,"{'minutes': 5, 'seconds': 47}",3,2,64,36,1,10,0,False,Pass Incompletion,Caden Veltkamp pass incomplete to Dominique Henry,-0.7215426143188567,2025-09-06T23:23:32.000Z
401762460,40176246011,401762460102945801,11,3,Florida Atlantic,American Athletic,36,Florida A&M,SWAC,0,Florida Atlantic,Florida A&M,2,"{'minutes': 5, 'seconds': 41}",3,2,64,36,2,10,0,False,Pass Incompletion,Caden Veltkamp pass incomplete to Jayshon Platt,-0.9411560090170408,2025-09-06T22:48:08.000Z
401762460,40176246011,401762460102947001,11,4,Florida Atlantic,American Athletic,36,Florida A&M,SWAC,0,Florida Atlantic,Florida A&M,2,"{'minutes': 5, 'seconds': 29}",3,2,64,36,3,10,8,False,Pass Reception,Caden Veltkamp pass complete to Asaad Waseem for 8 yds to the FAMU 28,0.6866723890753585,2025-09-06T22:48:08.000Z
401762460,40176246011,401762460102954701,11,5,Florida Atlantic,American Athletic,36,Florida A&M,SWAC,0,Florida Atlantic,Florida A&M,2,"{'minutes': 4, 'seconds': 52}",3,2,72,28,4,2,4,False,Rush,Xavier Terrell run for 4 yds to the FAMU 24 for a 1ST down,1.30536638066736,2025-09-06T22:48:08.000Z
401762460,40176246011,401762460102958401,11,6,Florida Atlantic,American Athletic,36,Florida A&M,SWAC,0,Florida Atlantic,Florida A&M,2,"{'minutes': 4, 'seconds': 15}",3,2,76,24,1,10,10,False,Pass Reception,Caden Veltkamp pass complete to Quincy Brown for 10 yds to the FAMU 14 for a 1ST down,0.1331547734278935,2025-09-06T22:48:08.000Z
401762460,40176246011,401762460102959901,11,7,Florida Atlantic,American Athletic,36,Florida A&M,SWAC,0,Florida Atlantic,Florida A&M,2,"{'minutes': 4, 'seconds': 0}",3,2,86,14,1,10,0,False,Pass Incompletion,Caden Veltkamp pass incomplete,-0.3125697195395781,2025-09-06T22:48:08.000Z
401762460,40176246011,401762460102964801,11,8,Florida Atlantic,American Athletic,36,Florida A&M,SWAC,0,Florida Atlantic,Florida A&M,2,"{'minutes': 3, 'seconds': 51}",3,2,86,14,2,10,3,False,Rush,Xavier Terrell run for 3 yds to the FAMU 11,-0.1041379397651754,2025-09-06T22:48:08.000Z
401762460,40176246011,401762460102967701,11,9,Florida Atlantic,American Athletic,36,Florida A&M,SWAC,0,Florida Atlantic,Florida A&M,2,"{'minutes': 3, 'seconds': 22}",3,2,89,11,3,7,0,False,Pass Incompletion,Caden Veltkamp pass incomplete to Xavier Terrell,-0.4056125621063826,2025-09-06T22:48:08.000Z
401762460,40176246012,401762460102968102,12,1,Florida Atlantic,American Athletic,39,Florida A&M,SWAC,0,Florida Atlantic,Florida A&M,2,"{'minutes': 3, 'seconds': 18}",3,2,35,65,1,10,0,False,Kickoff,Andrew Nelms kickoff for 65 yds for a touchback,,2025-09-06T22:48:08.000Z
401762460,40176246012,401762460102979902,12,6,Florida A&M,SWAC,0,Florida Atlantic,American Athletic,39,Florida Atlantic,Florida A&M,2,"{'minutes': 2, 'seconds': 0}",2,2,59,59,3,6,0,False,Timeout,"Timeout Florida Atlantic, clock 02:00",,2025-09-06T22:48:08.000Z
401762460,40176246012,401762460102996901,12,15,Florida A&M,SWAC,0,Florida Atlantic,American Athletic,39,Florida Atlantic,Florida A&M,2,"{'minutes': 0, 'seconds': 30}",2,1,28,28,4,10,38,False,Field Goal Missed,Robert Engstler 38 yd FG MISSED,,2025-09-06T23:38:31.000Z
401762460,40176246012,401762460102989902,12,10,Florida A&M,SWAC,0,Florida Atlantic,American Athletic,39,Florida Atlantic,Florida A&M,2,"{'minutes': 1, 'seconds': 0}",2,1,40,40,3,7,0,False,Timeout,"Timeout Florida Atlantic, clock 01:00",,2025-09-06T23:32:12.000Z
401762460,40176246012,401762460102968601,12,2,Florida A&M,SWAC,0,Florida Atlantic,American Athletic,39,Florida Atlantic,Florida A&M,2,"{'minutes': 3, 'seconds': 13}",2,3,75,75,1,10,6,False,Rush,RJ Johnson III run for 6 yds to the FAMU 31,0.3333748010525683,2025-09-06T22:48:08.000Z
401762460,40176246012,401762460102976401,12,3,Florida A&M,SWAC,0,Florida Atlantic,American Athletic,39,Florida Atlantic,Florida A&M,2,"{'minutes': 2, 'seconds': 35}",2,3,69,69,2,4,6,False,Pass Reception,RJ Johnson III pass complete to Andrew Ritter for 6 yds to the FAMU 37 for a 1ST down,0.693869525091003,2025-09-06T22:48:08.000Z
401762460,40176246012,401762460102979101,12,4,Florida A&M,SWAC,0,Florida Atlantic,American Athletic,39,Florida Atlantic,Florida A&M,2,"{'minutes': 2, 'seconds': 8}",2,3,63,63,1,10,0,False,Pass Incompletion,RJ Johnson III pass incomplete to Kenari Wilcher,-1.065701080215459,2025-09-06T22:48:08.000Z
401762460,40176246012,401762460102979901,12,5,Florida A&M,SWAC,0,Florida Atlantic,American Athletic,39,Florida Atlantic,Florida A&M,2,"{'minutes': 2, 'seconds': 0}",2,3,63,63,2,10,4,False,Pass Reception,RJ Johnson III pass complete to Levontai Summersett for 4 yds to the FAMU 41,-0.1209923416668603,2025-09-06T22:48:08.000Z
401762460,40176246012,401762460102984501,12,7,Florida A&M,SWAC,0,Florida Atlantic,American Athletic,39,Florida Atlantic,Florida A&M,2,"{'minutes': 1, 'seconds': 54}",2,2,59,59,3,6,16,False,Pass Reception,RJ Johnson III pass complete to Jamal Hailey for 16 yds to the FAU 43 for a 1ST down,2.8848341275292153,2025-09-06T23:31:08.000Z
401762460,40176246012,401762460102985901,12,8,Florida A&M,SWAC,0,Florida Atlantic,American Athletic,39,Florida Atlantic,Florida A&M,2,"{'minutes': 1, 'seconds': 40}",2,2,43,43,1,10,3,False,Rush,RJ Johnson III run for 3 yds to the FAU 40,-0.3057652594509188,2025-09-06T23:31:18.000Z
401762460,40176246012,401762460102989901,12,9,Florida A&M,SWAC,0,Florida Atlantic,American Athletic,39,Florida Atlantic,Florida A&M,2,"{'minutes': 1, 'seconds': 0}",2,2,40,40,2,7,0,False,Rush,RJ Johnson III run for no gain to the FAU 40,-1.0166239242297335,2025-09-06T23:32:04.000Z
401762460,40176246012,401762460102994501,12,11,Florida A&M,SWAC,0,Florida Atlantic,American Athletic,39,Florida Atlantic,Florida A&M,2,"{'minutes': 0, 'seconds': 54}",2,1,40,40,3,7,12,False,Pass Reception,RJ Johnson III pass complete to Justin Bostic for 12 yds to the FAU 28 for a 1ST down,1.9107447974730756,2025-09-06T23:33:34.000Z
401762460,40176246012,401762460102995501,12,12,Florida A&M,SWAC,0,Florida Atlantic,American Athletic,39,Florida Atlantic,Florida A&M,2,"{'minutes': 0, 'seconds': 44}",2,1,28,28,1,10,0,False,Pass Incompletion,RJ Johnson III pass incomplete to Jalen Rogers,-0.512081873784803,2025-09-06T23:35:32.000Z
401762460,40176246012,401762460102996001,12,13,Florida A&M,SWAC,0,Florida Atlantic,American Athletic,39,Florida Atlantic,Florida A&M,2,"{'minutes': 0, 'seconds': 39}",2,1,28,28,2,10,0,False,Pass Incompletion,RJ Johnson III pass incomplete to Jalen Rogers,-0.7006450342354943,2025-09-06T23:35:38.000Z
401762460,40176246012,401762460102996501,12,14,Florida A&M,SWAC,0,Florida Atlantic,American Athletic,39,Florida Atlantic,Florida A&M,2,"{'minutes': 0, 'seconds': 34}",2,1,28,28,3,10,0,False,Pass Incompletion,RJ Johnson III pass incomplete to Goldie Lawrence,-0.9527802815229531,2025-09-06T23:36:57.000Z
401762460,40176246013,401762460102999902,13,4,Florida Atlantic,American Athletic,39,Florida A&M,SWAC,0,Florida Atlantic,Florida A&M,2,"{'minutes': 0, 'seconds': 0}",1,2,44,56,0,10,23,False,End of Half,End of 2nd Quarter,,2025-09-06T23:39:41.000Z
401762460,40176246013,401762460102998001,13,1,Florida Atlantic,American Athletic,39,Florida A&M,SWAC,0,Florida Atlantic,Florida A&M,2,"{'minutes': 0, 'seconds': 19}",1,2,28,72,1,10,7,False,Rush,Gemari Sands run for 7 yds to the FAU 35,0.6473671294139649,2025-09-06T23:38:36.000Z
401762460,40176246013,401762460102999301,13,2,Florida Atlantic,American Athletic,39,Florida A&M,SWAC,0,Florida Atlantic,Florida A&M,2,"{'minutes': 0, 'seconds': 6}",1,2,35,65,2,3,9,False,Pass Reception,Caden Veltkamp pass complete to Gemari Sands for 9 yds to the FAU 44 for a 1ST down,0.8380828014727814,2025-09-06T23:38:47.000Z
401762460,40176246013,401762460102999901,13,3,Florida Atlantic,American Athletic,39,Florida A&M,SWAC,0,Florida Atlantic,Florida A&M,2,"{'minutes': 0, 'seconds': 0}",1,2,44,56,1,10,23,False,Pass Reception,Caden Veltkamp pass complete to Xavier Terrell for 23 yds to the FAMU 33 for a 1ST down,1.467108007877318,2025-09-06T23:39:41.000Z
401762460,40176246014,401762460103849903,14,1,Florida A&M,SWAC,0,Florida Atlantic,American Athletic,39,Florida Atlantic,Florida A&M,3,"{'minutes': 15, 'seconds': 0}",3,3,65,65,1,10,0,False,Kickoff,Robert Engstler kickoff for 65 yds for a touchback,,2025-09-07T00:01:17.000Z
401762460,40176246014,401762460103877301,14,8,Florida Atlantic,American Athletic,39,Florida A&M,SWAC,0,Florida Atlantic,Florida A&M,3,"{'minutes': 12, 'seconds': 26}",3,3,45,55,4,19,0,False,Punt,"Logan Lupo punt for 40 yds, fair catch by Latarie Kinsler at the FAMU 15",,2025-09-07T00:07:00.000Z
401762460,40176246014,401762460103868001,14,6,Florida Atlantic,American Athletic,39,Florida A&M,SWAC,0,Florida Atlantic,Florida A&M,3,"{'minutes': 13, 'seconds': 19}",3,3,53,47,2,11,0,False,Pass Incompletion,Caden Veltkamp pass incomplete to Dominique Henry,-1.0351525342717718,2025-09-07T00:04:57.000Z
401762460,40176246014,401762460103854801,14,2,Florida Atlantic,American Athletic,39,Florida A&M,SWAC,0,Florida Atlantic,Florida A&M,3,"{'minutes': 14, 'seconds': 51}",3,3,25,75,1,10,16,False,Rush,Jayshon Platt run for 16 yds to the FAU 41 for a 1ST down,1.4187427699228943,2025-09-07T00:02:34.000Z
401762460,40176246014,401762460103857401,14,3,Florida Atlantic,American Athletic,39,Florida A&M,SWAC,0,Florida Atlantic,Florida A&M,3,"{'minutes': 14, 'seconds': 25}",3,3,41,59,1,10,3,False,Rush,Xavier Terrell run for 3 yds to the FAU 44,-0.4327220980688242,2025-09-07T00:01:37.000Z
401762460,40176246014,401762460103859601,14,4,Florida Atlantic,American Athletic,39,Florida A&M,SWAC,0,Florida Atlantic,Florida A&M,3,"{'minutes': 14, 'seconds': 3}",3,3,44,56,2,7,10,False,Pass Reception,Caden Veltkamp pass complete to Xavier Terrell for 10 yds to the FAMU 46 for a 1ST down,1.5484470397327872,2025-09-07T00:02:42.000Z
401762460,40176246014,401762460103865601,14,5,Florida Atlantic,American Athletic,39,Florida A&M,SWAC,0,Florida Atlantic,Florida A&M,3,"{'minutes': 13, 'seconds': 43}",3,3,54,46,1,10,-1,False,Pass Reception,Caden Veltkamp pass complete to Xavier Terrell for a loss of 1 yard to the FAMU 47,-1.2569748578032964,2025-09-07T00:04:50.000Z
401762460,40176246014,401762460103869801,14,7,Florida Atlantic,American Athletic,39,Florida A&M,SWAC,0,Florida Atlantic,Florida A&M,3,"{'minutes': 13, 'seconds': 1}",3,3,53,47,3,11,-8,False,Sack,Caden Veltkamp sacked by Antonio Camon for a loss of 8 yards to the FAU 45,-1.34915145737894,2025-09-07T00:05:42.000Z
401762460,40176246015,401762460103878301,15,1,Florida A&M,SWAC,0,Florida Atlantic,American Athletic,39,Florida Atlantic,Florida A&M,3,"{'minutes': 12, 'seconds': 16}",3,3,85,85,1,10,6,False,Rush,Jamal Hailey run for 6 yds to the FAMU 21,0.246959168535291,2025-09-07T00:10:18.000Z
401762460,40176246015,401762460103884501,15,2,Florida A&M,SWAC,0,Florida Atlantic,American Athletic,39,Florida Atlantic,Florida A&M,3,"{'minutes': 11, 'seconds': 54}",3,3,79,79,2,4,28,False,Rush,Thad Franklin Jr. run for 28 yds to the FAMU 49 for a 1ST down,2.45063517744698,2025-09-07T00:12:20.000Z
401762460,40176246015,401762460103886301,15,3,Florida A&M,SWAC,0,Florida Atlantic,American Athletic,39,Florida Atlantic,Florida A&M,3,"{'minutes': 11, 'seconds': 36}",3,3,51,51,1,10,3,False,Rush,Thad Franklin Jr. run for 3 yds to the FAU 48,-0.395458128988178,2025-09-07T00:12:27.000Z
401762460,40176246015,401762460103894101,15,4,Florida A&M,SWAC,0,Florida Atlantic,American Athletic,39,Florida Atlantic,Florida A&M,3,"{'minutes': 10, 'seconds': 58}",3,3,48,48,2,7,1,False,Rush,Thad Franklin Jr. run for 1 yd to the FAU 47,-0.9003535405123289,2025-09-07T00:13:20.000Z
401762460,40176246015,401762460103898601,15,5,Florida A&M,SWAC,0,Florida Atlantic,American Athletic,39,Florida Atlantic,Florida A&M,3,"{'minutes': 10, 'seconds': 13}",3,3,47,47,3,6,10,False,Pass Reception,RJ Johnson III pass complete to Armand Burris for 10 yds to the FAU 37 for a 1ST down,2.1677702419167026,2025-09-07T00:13:29.000Z
401762460,40176246015,401762460103906301,15,6,Florida A&M,SWAC,0,Florida Atlantic,American Athletic,39,Florida Atlantic,Florida A&M,3,"{'minutes': 9, 'seconds': 36}",3,3,37,37,1,10,10,False,Pass Reception,RJ Johnson III pass complete to Levontai Summersett for 10 yds to the FAU 27 for a 1ST down,0.3101277900852572,2025-09-07T00:14:15.000Z
401762460,40176246015,401762460103914201,15,7,Florida A&M,SWAC,7,Florida Atlantic,American Athletic,39,Florida Atlantic,Florida A&M,3,"{'minutes': 8, 'seconds': 57}",3,3,27,27,1,10,27,True,Passing Touchdown,RJ Johnson III pass complete to Jamar Taylor for 27 yds for a TD (Daniel Porto KICK),2.741280841391486,2025-09-07T00:15:31.000Z
401762460,40176246016,401762460103914203,16,1,Florida A&M,SWAC,7,Florida Atlantic,American Athletic,39,Florida Atlantic,Florida A&M,3,"{'minutes': 8, 'seconds': 57}",3,3,65,65,1,10,0,False,Kickoff,Robert Engstler kickoff for 65 yds for a touchback,,2025-09-07T00:15:31.000Z
401762460,40176246016,401762460103916102,16,4,Florida Atlantic,American Athletic,39,Florida A&M,SWAC,7,Florida Atlantic,Florida A&M,3,"{'minutes': 8, 'seconds': 38}",3,2,25,75,3,10,0,False,Timeout,"Timeout Florida A&M, clock 08:38",,2025-09-07T00:21:26.000Z
401762460,40176246016,401762460103925901,16,6,Florida Atlantic,American Athletic,39,Florida A&M,SWAC,7,Florida Atlantic,Florida A&M,3,"{'minutes': 7, 'seconds': 40}",3,2,32,68,4,3,4,False,Punt,"Logan Lupo punt for 48 yds, punt out-of-bounds at the FAMU 24 , Jalen Rogers returns for 4 yds to the FAMU 24",,2025-09-07T00:22:40.000Z
401762460,40176246016,401762460103914901,16,2,Florida Atlantic,American Athletic,39,Florida A&M,SWAC,7,Florida Atlantic,Florida A&M,3,"{'minutes': 8, 'seconds': 50}",3,3,25,75,1,10,0,False,Pass Incompletion,Caden Veltkamp pass incomplete to Easton Messer,-0.7029700220436519,2025-09-07T00:20:29.000Z
401762460,40176246016,401762460103916101,16,3,Florida Atlantic,American Athletic,39,Florida A&M,SWAC,7,Florida Atlantic,Florida A&M,3,"{'minutes': 8, 'seconds': 38}",3,3,25,75,2,10,0,False,Pass Reception,Caden Veltkamp pass complete to Gemari Sands for no gain to the FAU 25,-0.34710487712173865,2025-09-07T00:20:35.000Z
401762460,40176246016,401762460103917801,16,5,Florida Atlantic,American Athletic,39,Florida A&M,SWAC,7,Florida Atlantic,Florida A&M,3,"{'minutes': 8, 'seconds': 21}",3,2,25,75,3,10,7,False,Pass Reception,Caden Veltkamp pass complete to Jayshon Platt for 7 yds to the FAU 32,0.1469772246489116,2025-09-07T00:21:55.000Z
401762460,40176246017,401762460103969801,17,9,Florida A&M,SWAC,7,Florida Atlantic,American Athletic,39,Florida Atlantic,Florida A&M,3,"{'minutes': 3, 'seconds': 1}",2,3,38,38,3,10,0,False,Penalty,"Florida A&M Penalty, (Yards) declined",,2025-09-07T00:33:03.000Z
401762460,40176246017,401762460103934402,17,2,Florida A&M,SWAC,7,Florida Atlantic,American Athletic,39,Florida Atlantic,Florida A&M,3,"{'minutes': 6, 'seconds': 55}",2,3,74,74,2,5,10,False,Penalty,"(07:01) No Huddle-Shotgun Johnson III,RJ pass intercepted by Philord,Wendol at FAU48 Philord,Wendol return 15 yards to the FAMU37, out of bounds at FAMU37 PENALTY FAU Holding (Tooley III,Chris) 10 yards from FAMU26 to FAMU36, 1ST DOWN. NO PLAY.",,2025-09-07T00:25:20.000Z
401762460,40176246017,401762460103927501,17,1,Florida A&M,SWAC,7,Florida Atlantic,American Athletic,39,Florida Atlantic,Florida A&M,3,"{'minutes': 7, 'seconds': 24}",2,3,76,76,1,7,2,False,Rush,RJ Johnson III run for 2 yds to the FAMU 26,-0.5843263349094255,2025-09-07T00:23:57.000Z
401762460,40176246017,401762460103937001,17,3,Florida A&M,SWAC,7,Florida Atlantic,American Athletic,39,Florida Atlantic,Florida A&M,3,"{'minutes': 6, 'seconds': 29}",2,3,64,64,1,10,1,False,Rush,Levontai Summersett run for 1 yd to the FAMU 37,-0.8530905486726476,2025-09-07T00:25:56.000Z
401762460,40176246017,401762460103944101,17,4,Florida A&M,SWAC,7,Florida Atlantic,American Athletic,39,Florida Atlantic,Florida A&M,3,"{'minutes': 5, 'seconds': 58}",2,3,63,63,2,9,8,False,Pass Reception,RJ Johnson III pass complete to Levontai Summersett for 8 yds to the FAMU 45,0.7988026304020162,2025-09-07T00:26:57.000Z
401762460,40176246017,401762460103949001,17,5,Florida A&M,SWAC,7,Florida Atlantic,American Athletic,39,Florida Atlantic,Florida A&M,3,"{'minutes': 5, 'seconds': 9}",2,3,55,55,3,1,5,False,Rush,Thad Franklin Jr. run for 5 yds to the 50 yard line for a 1ST down,1.3600685939245893,2025-09-07T00:28:05.000Z
401762460,40176246017,401762460103955201,17,6,Florida A&M,SWAC,7,Florida Atlantic,American Athletic,39,Florida Atlantic,Florida A&M,3,"{'minutes': 4, 'seconds': 47}",2,3,50,50,1,10,12,False,Pass Reception,RJ Johnson III pass complete to Jamal Hailey for 12 yds to the FAU 38 for a 1ST down,0.746819283536185,2025-09-07T00:31:27.000Z
401762460,40176246017,401762460103959301,17,7,Florida A&M,SWAC,7,Florida Atlantic,American Athletic,39,Florida Atlantic,Florida A&M,3,"{'minutes': 4, 'seconds': 6}",2,3,38,38,1,10,2,False,Pass Reception,RJ Johnson III pass complete to Armand Burris for 2 yds to the FAU 40,-0.4188055231076804,2025-09-07T00:32:21.000Z
401762460,40176246017,401762460103966301,17,8,Florida A&M,SWAC,7,Florida Atlantic,American Athletic,39,Florida Atlantic,Florida A&M,3,"{'minutes': 3, 'seconds': 36}",2,3,40,40,2,12,2,False,Pass Reception,RJ Johnson III pass complete to Jamal Hailey for 2 yds to the FAU 38,-0.5906653946378775,2025-09-07T00:32:27.000Z
401762460,40176246017,401762460103975101,17,10,Florida A&M,SWAC,7,Florida Atlantic,American Athletic,39,Florida Atlantic,Florida A&M,3,"{'minutes': 2, 'seconds': 48}",2,3,38,38,4,10,17,False,Rush,RJ Johnson III run for 17 yds to the FAU 21 for a 1ST down,3.2381073413458155,2025-09-07T00:34:18.000Z
401762460,40176246017,401762460103977301,17,11,Florida A&M,SWAC,7,Florida Atlantic,American Athletic,39,Florida Atlantic,Florida A&M,3,"{'minutes': 2, 'seconds': 26}",2,3,21,21,1,10,0,False,Pass Incompletion,RJ Johnson III pass incomplete to Guiseann Mirtil,-0.3882383440694163,2025-09-07T00:01:37.000Z
401762460,40176246017,401762460103978401,17,12,Florida A&M,SWAC,7,Florida Atlantic,American Athletic,39,Florida Atlantic,Florida A&M,3,"{'minutes': 2, 'seconds': 15}",2,3,21,21,2,10,6,False,Rush,Thad Franklin Jr. run for 6 yds to the FAU 15,0.1367666600880463,2025-09-07T00:35:29.000Z
401762460,40176246017,401762460103985501,17,13,Florida A&M,SWAC,7,Florida Atlantic,American Athletic,39,Florida Atlantic,Florida A&M,3,"{'minutes': 1, 'seconds': 44}",2,3,15,15,3,4,1,False,Rush,Thad Franklin Jr. run for 1 yd to the FAU 14,-0.3552319008667004,2025-09-07T00:36:21.000Z
401762460,40176246017,401762460103988901,17,14,Florida A&M,SWAC,7,Florida Atlantic,American Athletic,39,Florida Atlantic,Florida A&M,3,"{'minutes': 1, 'seconds': 10}",2,3,14,14,4,3,0,False,Pass Incompletion,RJ Johnson III pass incomplete to Armand Burris,-3.7609996013564366,2025-09-07T00:37:20.000Z
401762460,40176246017,401762460103988902,17,15,Florida A&M,SWAC,7,Florida Atlantic,American Athletic,39,Florida Atlantic,Florida A&M,3,"{'minutes': 1, 'seconds': 10}",2,3,14,14,4,3,0,False,Pass Incompletion,RJ Johnson III pass incomplete to Armand Burris,-3.7609996013564366,2025-09-07T00:37:20.000Z
401762460,40176246018,401762460103999902,18,4,Florida Atlantic,American Athletic,39,Florida A&M,SWAC,7,Florida Atlantic,Florida A&M,3,"{'minutes': 0, 'seconds': 0}",3,2,20,80,0,4,6,False,End Period,End of 3rd Quarter,,2025-09-07T00:38:37.000Z
401762460,40176246018,401762460103989901,18,1,Florida Atlantic,American Athletic,39,Florida A&M,SWAC,7,Florida Atlantic,Florida A&M,3,"{'minutes': 1, 'seconds': 0}",3,2,14,86,1,10,2,False,Pass Reception,Caden Veltkamp pass complete to Joseph Young for 2 yds to the FAU 16,-0.27305302769881834,2025-09-07T00:37:27.000Z
401762460,40176246018,401762460103997601,18,2,Florida Atlantic,American Athletic,39,Florida A&M,SWAC,7,Florida Atlantic,Florida A&M,3,"{'minutes': 0, 'seconds': 23}",3,2,16,84,2,8,4,False,Rush,Gemari Sands run for 4 yds to the FAU 20,-0.04061376241774627,2025-09-07T00:38:30.000Z
401762460,40176246018,401762460103999901,18,3,Florida Atlantic,American Athletic,39,Florida A&M,SWAC,7,Florida Atlantic,Florida A&M,3,"{'minutes': 0, 'seconds': 0}",3,2,20,80,3,4,6,False,Rush,Caden Veltkamp run for 6 yds to the FAU 26 for a 1ST down,0.9669572939844979,2025-09-07T00:38:37.000Z
401762460,40176246018,401762460104855601,18,5,Florida Atlantic,American Athletic,39,Florida A&M,SWAC,7,Florida Atlantic,Florida A&M,4,"{'minutes': 14, 'seconds': 43}",3,2,26,74,1,10,10,False,Rush,Gemari Sands run for 10 yds to the FAU 36 for a 1ST down,0.8595837046856349,2025-09-07T00:42:31.000Z
401762460,40176246018,401762460104856901,18,6,Florida Atlantic,American Athletic,39,Florida A&M,SWAC,7,Florida Atlantic,Florida A&M,4,"{'minutes': 14, 'seconds': 30}",3,2,36,64,1,10,-1,False,Pass Reception,Caden Veltkamp pass complete to Gemari Sands for a loss of 1 yard to the FAU 35,-1.2088420704637137,2025-09-07T00:43:38.000Z
401762460,40176246018,401762460104858901,18,7,Florida Atlantic,American Athletic,39,Florida A&M,SWAC,7,Florida Atlantic,Florida A&M,4,"{'minutes': 14, 'seconds': 10}",3,2,35,65,2,11,27,False,Pass Reception,Caden Veltkamp pass complete to Joseph Young for 27 yds to the FAMU 38 for a 1ST down,3.261442029653857,2025-09-07T00:44:53.000Z
401762460,40176246018,401762460104864701,18,8,Florida Atlantic,American Athletic,39,Florida A&M,SWAC,7,Florida Atlantic,Florida A&M,4,"{'minutes': 13, 'seconds': 52}",3,2,62,38,1,10,0,False,Pass Incompletion,Caden Veltkamp pass incomplete to Joseph Young,-0.7828922522763084,2025-09-07T00:42:31.000Z
401762460,40176246018,401762460104865101,18,9,Florida Atlantic,American Athletic,39,Florida A&M,SWAC,7,Florida Atlantic,Florida A&M,4,"{'minutes': 13, 'seconds': 48}",3,2,62,38,2,10,0,False,Pass Incompletion,Caden Veltkamp pass incomplete to Jabari Smith,-0.9886314711142071,2025-09-07T00:44:59.000Z
401762460,40176246018,401762460104866101,18,10,Florida Atlantic,American Athletic,39,Florida A&M,SWAC,7,Florida Atlantic,Florida A&M,4,"{'minutes': 13, 'seconds': 38}",3,2,62,38,3,10,1,False,Rush,Xavier Terrell run for 1 yd to the FAMU 37,-0.8085095308814462,2025-09-07T00:42:31.000Z
401762460,40176246018,401762460104868501,18,11,Florida Atlantic,American Athletic,39,Florida A&M,SWAC,7,Florida Atlantic,Florida A&M,4,"{'minutes': 13, 'seconds': 14}",3,2,63,37,4,9,14,False,Pass Reception,Caden Veltkamp pass complete to Asaad Waseem for 14 yds to the FAMU 23 for a 1ST down,3.010648224785921,2025-09-07T00:42:31.000Z
401762460,40176246018,401762460104869601,18,12,Florida Atlantic,American Athletic,39,Florida A&M,SWAC,7,Florida Atlantic,Florida A&M,4,"{'minutes': 13, 'seconds': 3}",3,2,77,23,1,10,2,False,Rush,Caden Veltkamp run for 2 yds to the FAMU 21,-0.2265058372460335,2025-09-07T00:46:25.000Z
401762460,40176246018,401762460104877701,18,13,Florida Atlantic,American Athletic,46,Florida A&M,SWAC,7,Florida Atlantic,Florida A&M,4,"{'minutes': 12, 'seconds': 22}",3,2,79,21,2,8,21,True,Fumble Recovery (Own),"Caden Veltkamp pass complete to Asaad Waseem for 21 yds for a TD Asaad Waseem fumbled, recovered by FAU Asaad Waseem for a TD (Garrison Smith KICK)",,2025-09-07T00:51:31.000Z
401762460,40176246019,401762460104877703,19,1,Florida Atlantic,American Athletic,46,Florida A&M,SWAC,7,Florida Atlantic,Florida A&M,4,"{'minutes': 12, 'seconds': 22}",3,2,35,65,1,10,0,False,Kickoff,Andrew Nelms kickoff for 65 yds for a touchback,,2025-09-07T00:52:43.000Z
401762460,40176246019,401762460104878901,19,2,Florida A&M,SWAC,7,Florida Atlantic,American Athletic,46,Florida Atlantic,Florida A&M,4,"{'minutes': 12, 'seconds': 10}",2,3,75,75,1,10,3,False,Rush,Levontai Summersett run for 3 yds to the FAMU 28,-0.2957674139440157,2025-09-07T00:54:03.000Z
401762460,40176246019,401762460104886601,19,3,Florida A&M,SWAC,7,Florida Atlantic,American Athletic,46,Florida Atlantic,Florida A&M,4,"{'minutes': 11, 'seconds': 33}",2,3,72,72,2,7,0,False,Rush,Levontai Summersett run for no gain to the FAMU 28,-0.5594317282120231,2025-09-07T00:54:09.000Z
401762460,40176246019,401762460104895001,19,4,Florida A&M,SWAC,7,Florida Atlantic,American Athletic,46,Florida Atlantic,Florida A&M,4,"{'minutes': 10, 'seconds': 49}",2,3,72,72,3,7,7,False,Pass Reception,RJ Johnson III pass complete to Jordan Edwards for 7 yds to the FAMU 35 for a 1ST down,1.6902372511860255,2025-09-07T00:55:18.000Z
401762460,40176246019,401762460104897601,19,5,Florida A&M,SWAC,14,Florida Atlantic,American Athletic,46,Florida Atlantic,Florida A&M,4,"{'minutes': 10, 'seconds': 23}",2,3,65,65,1,10,65,True,Passing Touchdown,RJ Johnson III pass complete to Jordan Edwards for 65 yds for a TD (Daniel Porto KICK),5.242717010691335,2025-09-07T00:55:24.000Z
401762460,40176246020,401762460104898401,20,1,Florida A&M,SWAC,14,Florida Atlantic,American Athletic,46,Florida Atlantic,Florida A&M,4,"{'minutes': 10, 'seconds': 15}",2,3,65,65,1,10,56,False,Kickoff Return (Offense),"Robert Engstler kickoff for 56 yds , Jayshon Platt return for 24 yds to the FAU 32 Jayshon Platt fumbled, recovered by FAU Jayshon Platt  , Jayshon Platt return for 1 yd to the FAU 32",,2025-09-07T01:01:34.000Z
401762460,40176246020,401762460104919701,20,7,Florida Atlantic,American Athletic,46,Florida A&M,SWAC,14,Florida Atlantic,Florida A&M,4,"{'minutes': 8, 'seconds': 2}",3,1,97,3,2,3,0,False,Timeout,"Timeout Florida A&M, clock 08:02",,2025-09-07T00:42:31.000Z
401762460,40176246020,401762460104898403,20,2,Florida Atlantic,American Athletic,46,Florida A&M,SWAC,14,Florida Atlantic,Florida A&M,4,"{'minutes': 10, 'seconds': 15}",3,2,32,68,1,10,13,False,Rush,Kaden Shields-Dutton run for 13 yds to the FAU 45 for a 1ST down,1.2426974783254945,2025-09-07T01:00:27.000Z
401762460,40176246020,401762460104898404,20,3,Florida Atlantic,American Athletic,46,Florida A&M,SWAC,14,Florida Atlantic,Florida A&M,4,"{'minutes': 10, 'seconds': 15}",3,2,45,55,1,10,13,False,Rush,Kaden Shields-Dutton run for 13 yds to the FAMU 42 for a 1ST down,0.981677765744241,2025-09-07T01:00:27.000Z
401762460,40176246020,401762460104909101,20,4,Florida Atlantic,American Athletic,46,Florida A&M,SWAC,14,Florida Atlantic,Florida A&M,4,"{'minutes': 9, 'seconds': 8}",3,2,58,42,1,10,0,False,Pass Incompletion,Zach Gibson pass incomplete to Jabari Smith,-0.908489395271188,2025-09-07T01:01:43.000Z
401762460,40176246020,401762460104915201,20,5,Florida Atlantic,American Athletic,46,Florida A&M,SWAC,14,Florida Atlantic,Florida A&M,4,"{'minutes': 8, 'seconds': 47}",3,2,58,42,2,10,33,False,Pass Reception,Zach Gibson pass complete to Branden Hoch for 33 yds to the FAMU 9 for a 1ST down,1.779187043196844,2025-09-07T01:02:54.000Z
401762460,40176246020,401762460104916601,20,6,Florida Atlantic,American Athletic,46,Florida A&M,SWAC,14,Florida Atlantic,Florida A&M,4,"{'minutes': 8, 'seconds': 33}",3,2,91,9,1,9,6,False,Rush,Kaden Shields-Dutton run for 6 yds to the FAMU 3,0.212813209686375,2025-09-07T01:03:03.000Z
401762460,40176246020,401762460104924901,20,8,Florida Atlantic,American Athletic,46,Florida A&M,SWAC,14,Florida Atlantic,Florida A&M,4,"{'minutes': 7, 'seconds': 50}",3,1,97,3,2,3,2,False,Rush,Kaden Shields-Dutton run for 2 yds to the FAMU 1,-0.242573615219457,2025-09-07T00:42:31.000Z
401762460,40176246020,401762460104927801,20,9,Florida Atlantic,American Athletic,46,Florida A&M,SWAC,14,Florida Atlantic,Florida A&M,4,"{'minutes': 7, 'seconds': 21}",3,1,99,1,3,1,0,False,Rush,Kaden Shields-Dutton run for no gain to the FAMU 1,-0.331755745676551,2025-09-07T01:09:45.000Z
401762460,40176246020,401762460104929001,20,10,Florida Atlantic,American Athletic,53,Florida A&M,SWAC,14,Florida Atlantic,Florida A&M,4,"{'minutes': 7, 'seconds': 9}",3,1,99,1,4,1,1,True,Rushing Touchdown,Kaden Shields-Dutton run for 1 yd for a TD (Garrison Smith KICK),2.785753974856101,2025-09-07T01:09:50.000Z
401762460,40176246021,401762460104929003,21,1,Florida Atlantic,American Athletic,53,Florida A&M,SWAC,14,Florida Atlantic,Florida A&M,4,"{'minutes': 7, 'seconds': 9}",3,1,35,65,1,10,0,False,Kickoff,Andrew Nelms kickoff for 65 yds for a touchback,,2025-09-07T01:09:50.000Z
401762460,40176246021,401762460104947701,21,5,Florida A&M,SWAC,14,Florida Atlantic,American Athletic,53,Florida Atlantic,Florida A&M,4,"{'minutes': 5, 'seconds': 22}",1,3,70,70,4,5,12,False,Punt,"Robert Engstler punt for 48 yds, punt out-of-bounds at the FAU 34 , Easton Messer returns for 12 yds to the FAU 34",,2025-09-07T01:15:48.000Z
401762460,40176246021,401762460104934701,21,2,Florida A&M,SWAC,14,Florida Atlantic,American Athletic,53,Florida Atlantic,Florida A&M,4,"{'minutes': 6, 'seconds': 52}",1,3,75,75,1,10,0,False,Rush,Jamal Hailey run for no gain to the FAMU 25,-0.7029700220436519,2025-09-07T00:42:31.000Z
401762460,40176246021,401762460104937601,21,3,Florida A&M,SWAC,14,Florida Atlantic,American Athletic,53,Florida Atlantic,Florida A&M,4,"{'minutes': 6, 'seconds': 23}",1,3,75,75,2,10,0,False,Pass Incompletion,Jett Peddy pass incomplete to Jordan Edwards,-0.34710487712173865,2025-09-07T01:13:35.000Z
401762460,40176246021,401762460104939101,21,4,Florida A&M,SWAC,14,Florida Atlantic,American Athletic,53,Florida Atlantic,Florida A&M,4,"{'minutes': 6, 'seconds': 8}",1,3,75,75,3,10,5,False,Pass Reception,Jett Peddy pass complete to Jamal Hailey for 5 yds to the FAMU 30,0.01926363871681413,2025-09-07T01:14:45.000Z
401762460,40176246022,401762460104964601,22,6,Florida Atlantic,American Athletic,56,Florida A&M,SWAC,14,Florida Atlantic,Florida A&M,4,"{'minutes': 3, 'seconds': 53}",3,1,70,30,4,10,48,True,Field Goal Good,Garrison Smith 48 yd FG GOOD,,2025-09-07T01:19:24.000Z
401762460,40176246022,401762460104959701,22,4,Florida Atlantic,American Athletic,53,Florida A&M,SWAC,14,Florida Atlantic,Florida A&M,4,"{'minutes': 4, 'seconds': 2}",3,1,70,30,2,10,0,False,Pass Incompletion,Carson Cruver pass incomplete,-0.7638433871567597,2025-09-07T01:18:23.000Z
401762460,40176246022,401762460104949301,22,1,Florida Atlantic,American Athletic,53,Florida A&M,SWAC,14,Florida Atlantic,Florida A&M,4,"{'minutes': 5, 'seconds': 6}",3,1,34,66,1,10,18,False,Pass Reception,Jordan Magwood pass complete to Jabari Smith for 18 yds to the FAMU 48 for a 1ST down,1.6505355534496573,2025-09-07T01:16:56.000Z
401762460,40176246022,401762460104957001,22,2,Florida Atlantic,American Athletic,53,Florida A&M,SWAC,14,Florida Atlantic,Florida A&M,4,"{'minutes': 4, 'seconds': 29}",3,1,52,48,1,10,18,False,Rush,Joshua Harriott run for 18 yds to the FAMU 30 for a 1ST down,0.871990703357186,2025-09-07T01:17:10.000Z
401762460,40176246022,401762460104959301,22,3,Florida Atlantic,American Athletic,53,Florida A&M,SWAC,14,Florida Atlantic,Florida A&M,4,"{'minutes': 4, 'seconds': 6}",3,1,70,30,1,10,0,False,Pass Incompletion,Michael Valentino pass incomplete to Jett Coolman,-0.557844891990525,2025-09-07T00:42:31.000Z
401762460,40176246022,401762460104964201,22,5,Florida Atlantic,American Athletic,53,Florida A&M,SWAC,14,Florida Atlantic,Florida A&M,4,"{'minutes': 3, 'seconds': 57}",3,1,70,30,3,10,0,False,Pass Incompletion,Carson Cruver pass incomplete to Devarius Mitchell,-0.9887363611325739,2025-09-07T01:18:36.000Z
401762460,40176246023,401762460104964602,23,1,Florida Atlantic,American Athletic,56,Florida A&M,SWAC,14,Florida Atlantic,Florida A&M,4,"{'minutes': 3, 'seconds': 53}",3,1,35,65,1,10,0,False,Kickoff,Andrew Nelms kickoff for 65 yds for a touchback,,2025-09-07T01:22:11.000Z
401762460,40176246023,401762460104978201,23,5,Florida A&M,SWAC,14,Florida Atlantic,American Athletic,56,Florida Atlantic,Florida A&M,4,"{'minutes': 2, 'seconds': 17}",1,3,68,68,4,3,-5,False,Penalty,"PENALTY FAMU False Start (Bostic,Justin) 5 yards from FAMU32 to FAMU27. NO PLAY.",,2025-09-07T01:25:07.000Z
401762460,40176246023,401762460104978901,23,6,Florida A&M,SWAC,14,Florida Atlantic,American Athletic,56,Florida Atlantic,Florida A&M,4,"{'minutes': 2, 'seconds': 10}",1,3,73,73,4,8,0,False,Punt,"Robert Engstler punt for 40 yds, fair catch by Easton Messer at the FAU 33",,2025-09-07T01:26:41.000Z
401762460,40176246023,401762460104965201,23,2,Florida A&M,SWAC,14,Florida Atlantic,American Athletic,56,Florida Atlantic,Florida A&M,4,"{'minutes': 3, 'seconds': 47}",1,3,75,75,1,10,0,False,Pass Incompletion,Jett Peddy pass incomplete to Jordan Edwards,-0.7029700220436519,2025-09-07T01:22:18.000Z
401762460,40176246023,401762460104966301,23,3,Florida A&M,SWAC,14,Florida Atlantic,American Athletic,56,Florida Atlantic,Florida A&M,4,"{'minutes': 3, 'seconds': 36}",1,3,75,75,2,10,1,False,Rush,Jamal Hailey run for 1 yd to the FAMU 26,-0.29282347426074384,2025-09-07T01:22:24.000Z
401762460,40176246023,401762460104974701,23,4,Florida A&M,SWAC,14,Florida Atlantic,American Athletic,56,Florida Atlantic,Florida A&M,4,"{'minutes': 2, 'seconds': 52}",1,3,74,74,3,9,6,False,Rush,Jett Peddy run for 6 yds to the FAMU 32,0.0926958217879168,2025-09-07T01:23:28.000Z
401762460,40176246024,401762460104979902,24,2,Florida Atlantic,American Athletic,56,Florida A&M,SWAC,14,Florida Atlantic,Florida A&M,4,"{'minutes': 2, 'seconds': 0}",2,1,37,63,2,6,0,False,Timeout,"Timeout Florida Atlantic, clock 02:00",,2025-09-07T01:26:50.000Z
401762460,40176246024,401762460104989601,24,4,Florida Atlantic,American Athletic,56,Florida A&M,SWAC,14,Florida Atlantic,Florida A&M,4,"{'minutes': 1, 'seconds': 3}",2,1,37,63,3,6,-1,False,Rush,Joshua Harriott run for a loss of 1 yard to the FAU 36,-0.5615232676425457,2025-09-07T01:31:32.000Z
401762460,40176246024,401762460104979901,24,1,Florida Atlantic,American Athletic,56,Florida A&M,SWAC,14,Florida Atlantic,Florida A&M,4,"{'minutes': 2, 'seconds': 0}",3,1,33,67,1,10,4,False,Rush,Ethan Ervin run for 4 yds to the FAU 37,-0.1528387450999809,2025-09-07T01:26:50.000Z
401762460,40176246024,401762460104984801,24,3,Florida Atlantic,American Athletic,56,Florida A&M,SWAC,14,Florida Atlantic,Florida A&M,4,"{'minutes': 1, 'seconds': 51}",2,1,37,63,2,6,0,False,Rush,Ethan Ervin run for no gain to the FAU 37,-0.9037882690182996,2025-09-07T01:30:25.000Z
401762460,40176246024,401762460104999201,24,5,Florida Atlantic,American Athletic,56,Florida A&M,SWAC,14,Florida Atlantic,Florida A&M,4,"{'minutes': 0, 'seconds': 7}",2,1,36,64,4,7,10,False,Punt,"Logan Lupo punt for 55 yds , Justin Bostic returns for 10 yds to the FAMU 19",,2025-09-07T01:32:49.000Z
401762460,40176246025,401762460104999902,25,2,Florida A&M,SWAC,14,Florida Atlantic,American Athletic,56,Florida Atlantic,Florida A&M,4,"{'minutes': 0, 'seconds': 0}",1,2,81,81,0,10,-1,False,End of Game,End of 4th Quarter,,2025-09-07T01:33:00.000Z
401762460,40176246025,401762460104999901,25,1,Florida A&M,SWAC,14,Florida Atlantic,American Athletic,56,Florida Atlantic,Florida A&M,4,"{'minutes': 0, 'seconds': 0}",1,2,81,81,1,10,-1,False,Rush,(00:07) Kneel down by Florida A&M at FAMU18 for loss of 1 yard.,-0.6045972881119024,2025-09-07T01:33:00.000Z
401757233,4017572331,401757233101849903,1,1,Florida International,Conference USA,0,Florida Atlantic,American Athletic,0,Florida International,Florida Atlantic,1,"{'minutes': 15, 'seconds': 0}",3,3,35,65,1,10,0,False,Kickoff,Noah Grant kickoff for 65 yds for a touchback,,2025-09-14T00:34:36.000Z
401757233,4017572331,401757233101854601,1,2,Florida Atlantic,American Athletic,0,Florida International,Conference USA,0,Florida International,Florida Atlantic,1,"{'minutes': 14, 'seconds': 53}",3,3,75,75,1,10,26,False,Rush,Gemari Sands run for 26 yds to the FIU 49 for a 1ST down,2.3154245680840733,2025-09-14T00:34:41.000Z
401757233,4017572331,401757233101856401,1,3,Florida Atlantic,American Athletic,0,Florida International,Conference USA,0,Florida International,Florida Atlantic,1,"{'minutes': 14, 'seconds': 35}",3,3,49,49,1,10,3,False,Rush,Gemari Sands run for 3 yds to the FIU 46,-0.375732386813203,2025-09-14T00:34:51.000Z
401757233,4017572331,401757233101864201,1,4,Florida Atlantic,American Athletic,0,Florida International,Conference USA,0,Florida International,Florida Atlantic,1,"{'minutes': 13, 'seconds': 57}",3,3,46,46,2,7,1,False,Rush,Gemari Sands run for 1 yd to the FIU 45,-0.8863117331841454,2025-09-14T00:35:31.000Z
401757233,4017572331,401757233101868201,1,5,Florida Atlantic,American Athletic,0,Florida International,Conference USA,0,Florida International,Florida Atlantic,1,"{'minutes': 13, 'seconds': 17}",3,3,45,45,3,6,0,False,Pass Interception Return,Caden Veltkamp pass intercepted Shamir Sterlin return for no gain to the FIU 30,-1.9756253283654033,2025-09-14T00:36:32.000Z
401757233,4017572332,401757233101868203,2,1,Florida International,Conference USA,0,Florida Atlantic,American Athletic,0,Florida International,Florida Atlantic,1,"{'minutes': 13, 'seconds': 17}",2,3,31,69,2,9,0,False,Timeout,"Timeout Florida International, clock 13:17",,2025-09-14T00:36:32.000Z
401757233,4017572332,401757233101899201,2,5,Florida International,Conference USA,0,Florida Atlantic,American Athletic,0,Florida International,Florida Atlantic,1,"{'minutes': 10, 'seconds': 7}",2,3,31,69,4,9,0,False,Punt,Trey Wilhoit punt for 30 yds,,2025-09-14T00:44:32.000Z
401757233,4017572332,401757233101874201,2,2,Florida International,Conference USA,0,Florida Atlantic,American Athletic,0,Florida International,Florida Atlantic,1,"{'minutes': 12, 'seconds': 57}",2,3,30,70,1,10,1,False,Pass Reception,Keyone Jenkins pass complete to Christian Langford for 1 yd to the FIU 31,-0.716015480823808,2025-09-14T00:38:43.000Z
401757233,4017572332,401757233101888301,2,3,Florida International,Conference USA,0,Florida Atlantic,American Athletic,0,Florida International,Florida Atlantic,1,"{'minutes': 11, 'seconds': 16}",2,3,31,69,2,9,0,False,Pass Reception,Keyone Jenkins pass complete to Kejon Owens for no gain to the FIU 31,-0.5341783224744461,2025-09-14T00:41:22.000Z
401757233,4017572332,401757233101896901,2,4,Florida International,Conference USA,0,Florida Atlantic,American Athletic,0,Florida International,Florida Atlantic,1,"{'minutes': 10, 'seconds': 30}",2,3,31,69,3,9,0,False,Pass Incompletion,Keyone Jenkins pass incomplete to Alex Perry,-0.2586756906469123,2025-09-14T00:42:12.000Z
401757233,4017572333,401757233101899203,3,1,Florida Atlantic,American Athletic,0,Florida International,Conference USA,0,Florida International,Florida Atlantic,1,"{'minutes': 10, 'seconds': 7}",3,2,61,61,1,10,4,False,Rush,Caden Veltkamp run for 4 yds to the FAU 43,-0.1670469651624733,2025-09-14T00:44:32.000Z
401757233,4017572333,401757233101899204,3,2,Florida Atlantic,American Athletic,0,Florida International,Conference USA,0,Florida International,Florida Atlantic,1,"{'minutes': 10, 'seconds': 7}",3,2,57,57,2,6,4,False,Pass Reception,Caden Veltkamp pass complete to Easton Messer for 4 yds to the FAU 47,-0.164962330025972,2025-09-14T00:44:32.000Z
401757233,4017572333,401757233101899205,3,3,Florida Atlantic,American Athletic,0,Florida International,Conference USA,0,Florida International,Florida Atlantic,1,"{'minutes': 10, 'seconds': 7}",3,2,53,53,3,2,1,False,Rush,Gemari Sands run for 1 yd to the FAU 48,-0.8445615777303681,2025-09-14T00:44:32.000Z
401757233,4017572333,401757233101899206,3,4,Florida Atlantic,American Athletic,0,Florida International,Conference USA,0,Florida International,Florida Atlantic,1,"{'minutes': 10, 'seconds': 7}",3,2,52,52,4,1,0,False,Rush,Caden Veltkamp run for no gain to the FAU 48,-0.9684130906163206,2025-09-14T00:44:32.000Z
401757233,4017572334,401757233101899208,4,1,Florida International,Conference USA,0,Florida Atlantic,American Athletic,0,Florida International,Florida Atlantic,1,"{'minutes': 10, 'seconds': 7}",2,3,52,48,1,10,-5,False,Penalty,"PENALTY FIU False Start (Tripp Jr.,Antonio) 5 yards from FAU48 to FIU47. NO PLAY.",,2025-09-14T00:44:32.000Z
401757233,4017572334,401757233101924301,4,5,Florida International,Conference USA,0,Florida Atlantic,American Athletic,0,Florida International,Florida Atlantic,1,"{'minutes': 7, 'seconds': 56}",1,3,82,18,1,10,0,False,Timeout,"Timeout Florida International, clock 07:56",,2025-09-14T00:49:12.000Z
401757233,4017572334,401757233101936902,4,9,Florida International,Conference USA,0,Florida Atlantic,American Athletic,0,Florida International,Florida Atlantic,1,"{'minutes': 6, 'seconds': 30}",1,3,86,14,4,6,7,False,Penalty,"PENALTY FAU Personal Foul (Reid,Terez) 7 yards from FAU14 to FAU07, 1ST DOWN. NO PLAY.",,2025-09-14T00:52:02.000Z
401757233,4017572334,401757233101904901,4,2,Florida International,Conference USA,0,Florida Atlantic,American Athletic,0,Florida International,Florida Atlantic,1,"{'minutes': 9, 'seconds': 50}",2,3,47,53,1,15,20,False,Pass Reception,Keyone Jenkins pass complete to Alex Perry for 20 yds to the FAU 33 for a 1ST down,1.926296333466695,2025-09-14T00:47:12.000Z
401757233,4017572334,401757233101909101,4,3,Florida International,Conference USA,0,Florida Atlantic,American Athletic,0,Florida International,Florida Atlantic,1,"{'minutes': 9, 'seconds': 8}",2,3,67,33,1,10,9,False,Pass Reception,Keyone Jenkins pass complete to Shaborne Demps for 9 yds to the FAU 24,0.722464196040438,2025-09-14T00:48:32.000Z
401757233,4017572334,401757233101916801,4,4,Florida International,Conference USA,0,Florida Atlantic,American Athletic,0,Florida International,Florida Atlantic,1,"{'minutes': 8, 'seconds': 31}",2,3,76,24,2,1,6,False,Rush,Anthony Carrie run for 6 yds to the FAU 18 for a 1ST down,-0.411182131609041,2025-09-14T00:48:42.000Z
401757233,4017572334,401757233101925201,4,6,Florida International,Conference USA,0,Florida Atlantic,American Athletic,0,Florida International,Florida Atlantic,1,"{'minutes': 7, 'seconds': 47}",1,3,82,18,1,10,-1,False,Rush,Keyone Jenkins run for a loss of 1 yard to the FAU 19,-0.4304253303592076,2025-09-14T00:50:42.000Z
401757233,4017572334,401757233101934201,4,7,Florida International,Conference USA,0,Florida Atlantic,American Athletic,0,Florida International,Florida Atlantic,1,"{'minutes': 6, 'seconds': 57}",1,3,81,19,2,11,5,False,Rush,Kejon Owens run for 5 yds to the FAU 14,0.0370600217418846,2025-09-14T00:51:32.000Z
401757233,4017572334,401757233101936901,4,8,Florida International,Conference USA,0,Florida Atlantic,American Athletic,0,Florida International,Florida Atlantic,1,"{'minutes': 6, 'seconds': 30}",1,3,86,14,3,6,0,False,Pass Incompletion,Keyone Jenkins pass incomplete to Kyle McNeal,-0.4632482499979864,2025-09-14T00:52:02.000Z
401757233,4017572334,401757233101937701,4,10,Florida International,Conference USA,0,Florida Atlantic,American Athletic,0,Florida International,Florida Atlantic,1,"{'minutes': 6, 'seconds': 22}",1,3,93,7,1,7,3,False,Rush,Kejon Owens run for 3 yds to the FAU 4,-0.1371356101207495,2025-09-14T00:53:12.000Z
401757233,4017572334,401757233101945601,4,11,Florida International,Conference USA,7,Florida Atlantic,American Athletic,0,Florida International,Florida Atlantic,1,"{'minutes': 5, 'seconds': 43}",1,3,96,4,2,4,4,True,Rushing Touchdown,Kejon Owens run for 4 yds for a TD (Robert Czeremcha KICK),2.3338902404479605,2025-09-14T00:53:42.000Z
401757233,4017572335,401757233101945603,5,1,Florida International,Conference USA,7,Florida Atlantic,American Athletic,0,Florida International,Florida Atlantic,1,"{'minutes': 5, 'seconds': 43}",1,3,35,65,1,10,0,False,Kickoff,Noah Grant kickoff for 65 yds for a touchback,,2025-09-14T00:53:42.000Z
401757233,4017572335,401757233101965603,5,6,Florida International,Conference USA,7,Florida Atlantic,American Athletic,0,Florida International,Florida Atlantic,1,"{'minutes': 3, 'seconds': 43}",0,3,25,75,1,10,0,False,Timeout,"Timeout Florida International, clock 03:43",,2025-09-14T01:04:22.000Z
401757233,4017572335,401757233101947001,5,2,Florida Atlantic,American Athletic,0,Florida International,Conference USA,7,Florida International,Florida Atlantic,1,"{'minutes': 5, 'seconds': 29}",3,1,75,75,1,10,31,False,Pass Reception,Caden Veltkamp pass complete to Jayshon Platt for 31 yds to the FIU 44 for a 1ST down,2.6648727622113,2025-09-14T00:58:52.000Z
401757233,4017572335,401757233101955401,5,3,Florida Atlantic,American Athletic,0,Florida International,Conference USA,7,Florida International,Florida Atlantic,1,"{'minutes': 4, 'seconds': 45}",3,1,44,44,1,10,38,False,Pass Reception,Caden Veltkamp pass complete to Jayshon Platt for 38 yds to the FIU 6 for a 1ST down,1.3603925864447444,2025-09-14T00:59:12.000Z
401757233,4017572335,401757233101958801,5,4,Florida Atlantic,American Athletic,0,Florida International,Conference USA,7,Florida International,Florida Atlantic,1,"{'minutes': 4, 'seconds': 11}",3,1,6,6,1,6,-4,False,Rush,Xavier Terrell run for a loss of 4 yards to the FIU 10,-0.7467301304361076,2025-09-14T00:59:52.000Z
401757233,4017572335,401757233101965601,5,5,Florida Atlantic,American Athletic,7,Florida International,Conference USA,7,Florida International,Florida Atlantic,1,"{'minutes': 3, 'seconds': 43}",3,1,10,10,2,10,10,True,Rushing Touchdown,Caden Veltkamp run for 10 yds for a TD (Garrison Smith KICK),2.7992199015013846,2025-09-14T01:04:22.000Z
401757233,4017572336,401757233101965604,6,1,Florida Atlantic,American Athletic,7,Florida International,Conference USA,7,Florida International,Florida Atlantic,1,"{'minutes': 3, 'seconds': 43}",3,0,65,65,1,10,0,False,Kickoff,Andrew Nelms kickoff for 65 yds for a touchback,,2025-09-14T01:04:22.000Z
401757233,4017572336,401757233101966301,6,2,Florida International,Conference USA,7,Florida Atlantic,American Athletic,7,Florida International,Florida Atlantic,1,"{'minutes': 3, 'seconds': 36}",0,3,25,75,1,10,-5,False,Penalty,"(03:42) No Huddle-Shotgun Jenkins,Keyone pass incomplete short right to Cayenne,Justin thrown to FIU26 PENALTY FIU Ineligible Downfield on Pass (Michel,Daniel) 5 yards from FIU25 to FIU20. NO PLAY.",,2025-09-14T01:05:02.000Z
401757233,4017572336,401757233101979801,6,6,Florida International,Conference USA,7,Florida Atlantic,American Athletic,7,Florida International,Florida Atlantic,1,"{'minutes': 2, 'seconds': 1}",0,3,29,71,4,6,6,False,Punt,"Trey Wilhoit punt for 55 yds, punt out-of-bounds at the FAU 12 , Easton Messer returns for 6 yds to the FAU 35 Florida Atlantic Penalty, Offensive Holding (Terez Reid) to the FAU 12",,2025-09-14T01:09:13.000Z
401757233,4017572336,401757233101967101,6,3,Florida International,Conference USA,7,Florida Atlantic,American Athletic,7,Florida International,Florida Atlantic,1,"{'minutes': 3, 'seconds': 28}",0,3,20,80,1,15,2,False,Rush,Kejon Owens run for 2 yds to the FIU 22,-0.21486541082749877,2025-09-14T01:06:23.000Z
401757233,4017572336,401757233101975501,6,4,Florida International,Conference USA,7,Florida Atlantic,American Athletic,7,Florida International,Florida Atlantic,1,"{'minutes': 2, 'seconds': 44}",0,3,22,78,2,13,7,False,Rush,Keyone Jenkins run for 7 yds to the FIU 29,0.19108987722715298,2025-09-14T01:07:03.000Z
401757233,4017572336,401757233101978701,6,5,Florida International,Conference USA,7,Florida Atlantic,American Athletic,7,Florida International,Florida Atlantic,1,"{'minutes': 2, 'seconds': 12}",0,3,29,71,3,6,0,False,Pass Incompletion,Keyone Jenkins pass incomplete to Tyson Carter,-0.3146897268978579,2025-09-14T01:07:33.000Z
401757233,4017572337,401757233101987402,7,3,Florida Atlantic,American Athletic,7,Florida International,Conference USA,7,Florida International,Florida Atlantic,1,"{'minutes': 1, 'seconds': 25}",3,0,87,87,3,9,-5,False,Penalty,"PENALTY FAU False Start (Nonar,Ja'Kavion) 5 yards from FAU13 to FAU08. NO PLAY.",,2025-09-14T01:10:03.000Z
401757233,4017572337,401757233101997001,7,5,Florida Atlantic,American Athletic,7,Florida International,Conference USA,7,Florida International,Florida Atlantic,1,"{'minutes': 0, 'seconds': 29}",3,0,80,80,4,2,33,False,Punt,"Logan Lupo punt for 62 yds , C'Quan Jnopierre returns for 33 yds to the FAU 49",,2025-09-14T01:12:33.000Z
401757233,4017572337,401757233101985101,7,1,Florida Atlantic,American Athletic,7,Florida International,Conference USA,7,Florida International,Florida Atlantic,1,"{'minutes': 1, 'seconds': 48}",3,0,88,88,1,10,1,False,Rush,Gemari Sands run for 1 yd to the FAU 13,-0.32181812145469557,2025-09-14T01:09:43.000Z
401757233,4017572337,401757233101987401,7,2,Florida Atlantic,American Athletic,7,Florida International,Conference USA,7,Florida International,Florida Atlantic,1,"{'minutes': 1, 'seconds': 25}",3,0,87,87,2,9,0,False,Pass Incompletion,Caden Veltkamp pass incomplete to Easton Messer,-0.20324501811652596,2025-09-14T01:10:03.000Z
401757233,4017572337,401757233101988901,7,4,Florida Atlantic,American Athletic,7,Florida International,Conference USA,7,Florida International,Florida Atlantic,1,"{'minutes': 1, 'seconds': 10}",3,0,92,92,3,14,12,False,Rush,Caden Veltkamp run for 12 yds to the FAU 20,0.1880616493256415,2025-09-14T01:11:33.000Z
401757233,4017572338,401757233101999902,8,3,Florida International,Conference USA,7,Florida Atlantic,American Athletic,7,Florida International,Florida Atlantic,1,"{'minutes': 0, 'seconds': 0}",0,3,97,3,0,3,2,False,End Period,End of 1st Quarter,,2025-09-14T01:17:43.000Z
401757233,4017572338,401757233102854901,8,5,Florida International,Conference USA,7,Florida Atlantic,American Athletic,7,Florida International,Florida Atlantic,2,"{'minutes': 14, 'seconds': 50}",0,3,35,65,1,10,16,False,Kickoff Return (Offense),"Noah Grant kickoff for 61 yds , Jayshon Platt return for 16 yds to the FAU 49 Florida Atlantic Penalty, Offensive Holding (10 Yards) to the FAU 10",,2025-09-14T01:21:53.000Z
401757233,4017572338,401757233101999201,8,1,Florida International,Conference USA,7,Florida Atlantic,American Athletic,7,Florida International,Florida Atlantic,1,"{'minutes': 0, 'seconds': 7}",0,3,51,49,1,10,46,False,Pass Reception,Keyone Jenkins pass complete to Maguire Anderson for 46 yds to the FAU 3 for a 1ST down,2.2978788189059114,2025-09-14T01:13:37.000Z
401757233,4017572338,401757233101999901,8,2,Florida International,Conference USA,7,Florida Atlantic,American Athletic,7,Florida International,Florida Atlantic,1,"{'minutes': 0, 'seconds': 0}",0,3,97,3,1,3,2,False,Rush,Keyone Jenkins run for 2 yds to the FAU 1,-0.435900504741669,2025-09-14T01:17:43.000Z
401757233,4017572338,401757233102854301,8,4,Florida International,Conference USA,14,Florida Atlantic,American Athletic,7,Florida International,Florida Atlantic,2,"{'minutes': 14, 'seconds': 56}",0,3,99,1,2,1,1,True,Rushing Touchdown,Kejon Owens run for 1 yd for a TD (Robert Czeremcha KICK),1.900352237473006,2025-09-14T01:19:34.000Z
401757233,4017572339,401757233102865901,9,4,Florida Atlantic,American Athletic,7,Florida International,Conference USA,14,Florida International,Florida Atlantic,2,"{'minutes': 13, 'seconds': 40}",3,0,78,78,1,10,10,False,Penalty,"(13:43) No Huddle-Shotgun Veltkamp,Caden pass incomplete deep middle to Henry,Dom thrown to FIU30 broken up by Blades II,Brian PENALTY FIU Holding (Levells,Ashton) 10 yards from FAU22 to FAU32, 1ST DOWN. NO PLAY.",,2025-09-14T01:23:03.000Z
401757233,4017572339,401757233102856001,9,1,Florida Atlantic,American Athletic,7,Florida International,Conference USA,14,Florida International,Florida Atlantic,2,"{'minutes': 14, 'seconds': 39}",3,0,90,90,1,10,4,False,Pass Reception,Caden Veltkamp pass complete to Jayshon Platt for 4 yds to the FAU 14,-0.04789648957461967,2025-09-14T01:22:03.000Z
401757233,4017572339,401757233102857901,9,2,Florida Atlantic,American Athletic,7,Florida International,Conference USA,14,Florida International,Florida Atlantic,2,"{'minutes': 14, 'seconds': 20}",3,0,86,86,2,6,5,False,Pass Reception,Caden Veltkamp pass complete to Xavier Terrell for 5 yds to the FAU 19,0.06748469840248195,2025-09-14T01:22:23.000Z
401757233,4017572339,401757233102859701,9,3,Florida Atlantic,American Athletic,7,Florida International,Conference USA,14,Florida International,Florida Atlantic,2,"{'minutes': 14, 'seconds': 2}",3,0,81,81,3,1,3,False,Pass Reception,Caden Veltkamp pass complete to Asaad Waseem for 3 yds to the FAU 22 for a 1ST down,0.50227124196822,2025-09-14T01:22:43.000Z
401757233,4017572339,401757233102866701,9,5,Florida Atlantic,American Athletic,7,Florida International,Conference USA,14,Florida International,Florida Atlantic,2,"{'minutes': 13, 'seconds': 32}",3,0,68,68,1,10,2,False,Rush,Xavier Terrell run for 2 yds to the FAU 34,-0.5836824413377926,2025-09-14T01:24:04.000Z
401757233,4017572339,401757233102868501,9,6,Florida Atlantic,American Athletic,7,Florida International,Conference USA,14,Florida International,Florida Atlantic,2,"{'minutes': 13, 'seconds': 14}",3,0,66,66,2,8,0,False,Pass Incompletion,Caden Veltkamp pass incomplete to Jayshon Platt,-0.6778990972831398,2025-09-14T01:24:24.000Z
401757233,4017572339,401757233102875201,9,7,Florida Atlantic,American Athletic,7,Florida International,Conference USA,14,Florida International,Florida Atlantic,2,"{'minutes': 12, 'seconds': 47}",3,0,66,66,3,8,7,False,Pass Reception,Caden Veltkamp pass complete to Xavier Terrell for 7 yds to the FAU 41,0.29218061496592457,2025-09-14T01:25:34.000Z
401757233,4017572339,401757233102876701,9,8,Florida Atlantic,American Athletic,7,Florida International,Conference USA,14,Florida International,Florida Atlantic,2,"{'minutes': 12, 'seconds': 32}",3,0,59,59,4,1,0,False,Rush,Caden Veltkamp run for no gain to the FAU 41,-0.5112883607031327,2025-09-14T01:26:04.000Z
401757233,40175723310,401757233102884701,10,1,Florida International,Conference USA,14,Florida Atlantic,American Athletic,7,Florida International,Florida Atlantic,2,"{'minutes': 11, 'seconds': 52}",0,3,59,41,1,10,-18,False,Fumble Recovery (Opponent),"Keyone Jenkins run for a loss of 18 yards to the FIU 41 Keyone Jenkins fumbled, recovered by FAU Chris Tooley III",-3.7594803741034806,2025-09-14T01:28:04.000Z
401757233,40175723311,401757233102897701,11,1,Florida Atlantic,American Athletic,7,Florida International,Conference USA,14,Florida International,Florida Atlantic,2,"{'minutes': 10, 'seconds': 22}",3,0,41,41,1,10,1,False,Rush,Gemari Sands run for 1 yd to the FIU 40,-0.6717839246394793,2025-09-14T01:30:54.000Z
401757233,40175723311,401757233102897702,11,2,Florida Atlantic,American Athletic,7,Florida International,Conference USA,14,Florida International,Florida Atlantic,2,"{'minutes': 10, 'seconds': 22}",3,0,40,40,2,9,8,False,Pass Reception,Caden Veltkamp pass complete to Michael Kirch for 8 yds to the FIU 32,0.6673668973560752,2025-09-14T01:30:54.000Z
401757233,40175723311,401757233102898601,11,3,Florida Atlantic,American Athletic,7,Florida International,Conference USA,14,Florida International,Florida Atlantic,2,"{'minutes': 10, 'seconds': 13}",3,0,32,32,3,1,4,False,Pass Reception,Caden Veltkamp pass complete to Asaad Waseem for 4 yds to the FIU 28 for a 1ST down,0.4809221790414925,2025-09-14T02:02:25.000Z
401757233,40175723311,401757233102904301,11,4,Florida Atlantic,American Athletic,7,Florida International,Conference USA,14,Florida International,Florida Atlantic,2,"{'minutes': 9, 'seconds': 56}",3,0,28,28,1,10,0,False,Pass Incompletion,Caden Veltkamp pass incomplete to Easton Messer,-0.512081873784803,2025-09-14T02:02:25.000Z
401757233,40175723311,401757233102905901,11,5,Florida Atlantic,American Athletic,7,Florida International,Conference USA,14,Florida International,Florida Atlantic,2,"{'minutes': 9, 'seconds': 40}",3,0,28,28,2,10,5,False,Rush,Xavier Terrell run for 5 yds to the FIU 23,0.0501330159022685,2025-09-14T02:02:25.000Z
401757233,40175723311,401757233102906301,11,6,Florida Atlantic,American Athletic,14,Florida International,Conference USA,14,Florida International,Florida Atlantic,2,"{'minutes': 9, 'seconds': 36}",3,0,23,23,3,5,23,True,Passing Touchdown,Caden Veltkamp pass complete to Easton Messer for 23 yds for a TD (Garrison Smith KICK),3.2259633320209655,2025-09-14T02:02:25.000Z
401757233,40175723312,401757233102966701,12,13,Florida International,Conference USA,17,Florida Atlantic,American Athletic,14,Florida International,Florida Atlantic,2,"{'minutes': 3, 'seconds': 32}",0,3,81,19,4,12,39,True,Field Goal Good,Robert Czeremcha 39 yd FG GOOD,,2025-09-14T01:43:20.000Z
401757233,40175723312,401757233102897703,12,1,Florida Atlantic,American Athletic,14,Florida International,Conference USA,14,Florida International,Florida Atlantic,2,"{'minutes': 10, 'seconds': 22}",3,0,65,65,1,10,0,False,Kickoff,Andrew Nelms kickoff for 65 yds for a touchback,,2025-09-14T01:30:54.000Z
401757233,40175723312,401757233102907601,12,3,Florida International,Conference USA,14,Florida Atlantic,American Athletic,14,Florida International,Florida Atlantic,2,"{'minutes': 9, 'seconds': 23}",0,3,32,68,2,3,15,False,Penalty,"Florida Atlantic Penalty, Personal Foul (15 Yards) to the FIU 48 for a 1ST down",,2025-09-14T02:02:25.000Z
401757233,40175723312,401757233102898201,12,2,Florida International,Conference USA,14,Florida Atlantic,American Athletic,14,Florida International,Florida Atlantic,2,"{'minutes': 10, 'seconds': 17}",0,3,25,75,1,10,7,False,Pass Reception,Keyone Jenkins pass complete to Dallas Payne for 7 yds to the FIU 32,0.604642460086338,2025-09-14T02:02:25.000Z
401757233,40175723312,401757233102909701,12,4,Florida International,Conference USA,14,Florida Atlantic,American Athletic,14,Florida International,Florida Atlantic,2,"{'minutes': 9, 'seconds': 2}",0,3,48,52,1,10,3,False,Rush,Anthony Carrie run for 3 yds to the FAU 49,-0.4041069346079117,2025-09-14T02:02:25.000Z
401757233,40175723312,401757233102915401,12,5,Florida International,Conference USA,14,Florida Atlantic,American Athletic,14,Florida International,Florida Atlantic,2,"{'minutes': 8, 'seconds': 45}",0,3,51,49,2,7,-5,False,Rush,Devonte Lyons run for a loss of 5 yards to the FIU 46,-2.03807010876952,2025-09-14T02:02:25.000Z
401757233,40175723312,401757233102919301,12,6,Florida International,Conference USA,14,Florida Atlantic,American Athletic,14,Florida International,Florida Atlantic,2,"{'minutes': 8, 'seconds': 6}",0,3,46,54,3,12,23,False,Rush,Keyone Jenkins run for 23 yds to the FAU 31 for a 1ST down,3.608285162014915,2025-09-14T02:02:25.000Z
401757233,40175723312,401757233102929401,12,7,Florida International,Conference USA,14,Florida Atlantic,American Athletic,14,Florida International,Florida Atlantic,2,"{'minutes': 7, 'seconds': 5}",0,3,69,31,1,10,5,False,Rush,Kejon Owens run for 5 yds to the FAU 26,0.0783240996557135,2025-09-14T02:02:25.000Z
401757233,40175723312,401757233102939401,12,8,Florida International,Conference USA,14,Florida Atlantic,American Athletic,14,Florida International,Florida Atlantic,2,"{'minutes': 6, 'seconds': 5}",0,3,74,26,2,5,4,False,Rush,Kejon Owens run for 4 yds to the FAU 22,-0.0513588404648415,2025-09-14T02:02:25.000Z
401757233,40175723312,401757233102949401,12,9,Florida International,Conference USA,14,Florida Atlantic,American Athletic,14,Florida International,Florida Atlantic,2,"{'minutes': 5, 'seconds': 5}",0,3,78,22,3,1,5,False,Pass Reception,Keyone Jenkins pass complete to Maguire Anderson for 5 yds to the FAU 17 for a 1ST down,0.235077808097662,2025-09-14T02:02:25.000Z
401757233,40175723312,401757233102955201,12,10,Florida International,Conference USA,14,Florida Atlantic,American Athletic,14,Florida International,Florida Atlantic,2,"{'minutes': 4, 'seconds': 47}",0,3,83,17,1,10,1,False,Pass Reception,Keyone Jenkins pass complete to Maguire Anderson for 1 yd to the FAU 16,-0.264920444949746,2025-09-14T02:02:25.000Z
401757233,40175723312,401757233102955801,12,11,Florida International,Conference USA,14,Florida Atlantic,American Athletic,14,Florida International,Florida Atlantic,2,"{'minutes': 4, 'seconds': 41}",0,3,84,16,2,9,-1,False,Rush,Anthony Carrie run for a loss of 1 yard to the FAU 17,-0.4767541595630097,2025-09-14T02:02:25.000Z
401757233,40175723312,401757233102964101,12,12,Florida International,Conference USA,14,Florida Atlantic,American Athletic,14,Florida International,Florida Atlantic,2,"{'minutes': 3, 'seconds': 58}",0,3,83,17,3,10,-2,False,Rush,Anthony Carrie run for a loss of 2 yards to the FAU 19,-0.9934254944240717,2025-09-14T02:02:25.000Z
401757233,40175723313,401757233102966702,13,1,Florida International,Conference USA,17,Florida Atlantic,American Athletic,14,Florida International,Florida Atlantic,2,"{'minutes': 3, 'seconds': 32}",0,3,35,65,1,10,0,False,Kickoff,Noah Grant kickoff for 65 yds for a touchback,,2025-09-14T01:43:20.000Z
401757233,40175723313,401757233102979901,13,7,Florida Atlantic,American Athletic,14,Florida International,Conference USA,17,Florida International,Florida Atlantic,2,"{'minutes': 2, 'seconds': 0}",3,-1,38,38,2,5,0,False,Timeout,"Timeout Florida International, clock 02:00",,2025-09-14T01:48:03.000Z
401757233,40175723313,401757233102967301,13,2,Florida Atlantic,American Athletic,14,Florida International,Conference USA,17,Florida International,Florida Atlantic,2,"{'minutes': 3, 'seconds': 26}",3,0,75,75,1,10,0,False,Pass Incompletion,Caden Veltkamp pass incomplete to Khmari Johnson,-0.7029700220436519,2025-09-14T01:46:13.000Z
401757233,40175723313,401757233102968401,13,3,Florida Atlantic,American Athletic,14,Florida International,Conference USA,17,Florida International,Florida Atlantic,2,"{'minutes': 3, 'seconds': 15}",3,0,75,75,2,10,11,False,Pass Reception,Caden Veltkamp pass complete to Jayshon Platt for 11 yds to the FAU 36 for a 1ST down,1.6335325339896425,2025-09-14T01:46:53.000Z
401757233,40175723313,401757233102975101,13,4,Florida Atlantic,American Athletic,14,Florida International,Conference USA,17,Florida International,Florida Atlantic,2,"{'minutes': 2, 'seconds': 48}",3,0,64,64,1,10,2,False,Rush,Gemari Sands run for 2 yds to the FAU 38,-0.6439997383019928,2025-09-14T01:47:14.000Z
401757233,40175723313,401757233102977301,13,5,Florida Atlantic,American Athletic,14,Florida International,Conference USA,17,Florida International,Florida Atlantic,2,"{'minutes': 2, 'seconds': 26}",3,0,62,62,2,8,19,False,Rush,Gemari Sands run for 19 yds to the FIU 43 for a 1ST down,2.4388222581464696,2025-09-14T01:47:43.000Z
401757233,40175723313,401757233102979201,13,6,Florida Atlantic,American Athletic,14,Florida International,Conference USA,17,Florida International,Florida Atlantic,2,"{'minutes': 2, 'seconds': 7}",3,0,43,43,1,10,5,False,Rush,Gemari Sands run for 5 yds to the FIU 38,0.0913907244107932,2025-09-14T01:48:03.000Z
401757233,40175723313,401757233102985101,13,8,Florida Atlantic,American Athletic,14,Florida International,Conference USA,17,Florida International,Florida Atlantic,2,"{'minutes': 1, 'seconds': 48}",3,-1,38,38,2,5,3,False,Rush,Caden Veltkamp run for 3 yds to the FIU 35,-0.311535674839856,2025-09-14T01:51:03.000Z
401757233,40175723313,401757233102988101,13,9,Florida Atlantic,American Athletic,14,Florida International,Conference USA,17,Florida International,Florida Atlantic,2,"{'minutes': 1, 'seconds': 18}",3,-1,35,35,3,2,3,False,Rush,Gemari Sands run for 3 yds to the FIU 32 for a 1ST down,0.7009956127709546,2025-09-14T01:51:33.000Z
401757233,40175723313,401757233102994201,13,10,Florida Atlantic,American Athletic,21,Florida International,Conference USA,17,Florida International,Florida Atlantic,2,"{'minutes': 0, 'seconds': 57}",3,-1,32,32,1,10,32,True,Passing Touchdown,Caden Veltkamp pass complete to Xavier Terrell for 32 yds for a TD (Garrison Smith KICK),2.8715194255889624,2025-09-14T01:52:24.000Z
401757233,40175723314,401757233102994801,14,1,Florida Atlantic,American Athletic,21,Florida International,Conference USA,17,Florida International,Florida Atlantic,2,"{'minutes': 0, 'seconds': 51}",3,-1,65,65,1,10,19,False,Kickoff Return (Offense),"Andrew Nelms kickoff for 62 yds , C'Quan Jnopierre return for 19 yds to the FIU 22",,2025-09-14T01:55:54.000Z
401757233,40175723314,401757233102997001,14,5,Florida International,Conference USA,17,Florida Atlantic,American Athletic,21,Florida International,Florida Atlantic,2,"{'minutes': 0, 'seconds': 29}",-1,3,24,76,4,8,0,False,Punt,"Trey Wilhoit punt for 47 yds, fair catch by Easton Messer at the FAU 34",,2025-09-14T01:58:42.000Z
401757233,40175723314,401757233102995401,14,2,Florida International,Conference USA,17,Florida Atlantic,American Athletic,21,Florida International,Florida Atlantic,2,"{'minutes': 0, 'seconds': 45}",-1,3,22,78,1,10,0,False,Pass Incompletion,Keyone Jenkins pass incomplete to Shaborne Demps,-0.6135902757979226,2025-09-14T01:56:44.000Z
401757233,40175723314,401757233102995901,14,3,Florida International,Conference USA,17,Florida Atlantic,American Athletic,21,Florida International,Florida Atlantic,2,"{'minutes': 0, 'seconds': 40}",-1,3,22,78,2,10,2,False,Pass Reception,Keyone Jenkins pass complete to Devonte Lyons for 2 yds to the FIU 24,-0.19250304573246613,2025-09-14T01:57:14.000Z
401757233,40175723314,401757233102996401,14,4,Florida International,Conference USA,17,Florida Atlantic,American Athletic,21,Florida International,Florida Atlantic,2,"{'minutes': 0, 'seconds': 35}",-1,3,24,76,3,8,0,False,Pass Incompletion,Keyone Jenkins pass incomplete to Maguire Anderson,-0.18693828394819167,2025-09-14T01:57:44.000Z
401757233,40175723315,401757233102999904,15,6,Florida International,Conference USA,17,Florida Atlantic,American Athletic,21,Florida International,Florida Atlantic,2,"{'minutes': 0, 'seconds': 0}",-1,2,25,75,0,10,0,False,End of Half,End of 2nd Quarter,,2025-09-14T02:02:25.000Z
401757233,40175723315,401757233102998402,15,3,Florida Atlantic,American Athletic,21,Florida International,Conference USA,17,Florida International,Florida Atlantic,2,"{'minutes': 0, 'seconds': 15}",2,-1,18,18,1,10,0,False,Timeout,"Timeout Florida Atlantic, clock 00:15",,2025-09-14T02:02:25.000Z
401757233,40175723315,401757233102997701,15,1,Florida Atlantic,American Athletic,21,Florida International,Conference USA,17,Florida International,Florida Atlantic,2,"{'minutes': 0, 'seconds': 22}",3,-1,66,66,1,10,8,False,Pass Reception,Caden Veltkamp pass complete to Asaad Waseem for 8 yds to the FAU 42,1.0340504913723672,2025-09-14T01:59:45.000Z
401757233,40175723315,401757233102998401,15,2,Florida Atlantic,American Athletic,21,Florida International,Conference USA,17,Florida International,Florida Atlantic,2,"{'minutes': 0, 'seconds': 15}",3,-1,58,58,2,2,40,False,Pass Reception,Caden Veltkamp pass complete to Dominique Henry for 40 yds to the FIU 18 for a 1ST down,1.710926189286656,2025-09-14T02:02:25.000Z
401757233,40175723315,401757233102998901,15,4,Florida Atlantic,American Athletic,21,Florida International,Conference USA,17,Florida International,Florida Atlantic,2,"{'minutes': 0, 'seconds': 10}",2,-1,18,18,1,10,0,False,Pass Incompletion,Caden Veltkamp pass incomplete to Easton Messer,-0.350740748439042,2025-09-14T02:01:45.000Z
401757233,40175723315,401757233102999901,15,5,Florida Atlantic,American Athletic,21,Florida International,Conference USA,17,Florida International,Florida Atlantic,2,"{'minutes': 0, 'seconds': 0}",2,-1,18,18,2,10,25,False,Pass Interception Return,Caden Veltkamp pass intercepted Mister Clark return for 25 yds to the FIU 25,-4.057466542490367,2025-09-14T02:02:25.000Z
401757233,40175723316,401757233103849903,16,1,Florida Atlantic,American Athletic,21,Florida International,Conference USA,17,Florida International,Florida Atlantic,3,"{'minutes': 15, 'seconds': 0}",3,3,65,65,1,10,0,False,Kickoff,Garrison Smith kickoff for 65 yds for a touchback,,2025-09-14T02:24:18.000Z
401757233,40175723316,401757233103849905,16,2,Florida International,Conference USA,17,Florida Atlantic,American Athletic,21,Florida International,Florida Atlantic,3,"{'minutes': 15, 'seconds': 0}",3,3,25,75,1,10,22,False,Rush,Kejon Owens run for 22 yds to the FIU 47 for a 1ST down,1.9824556861480138,2025-09-14T02:24:18.000Z
401757233,40175723316,401757233103849906,16,3,Florida International,Conference USA,17,Florida Atlantic,American Athletic,21,Florida International,Florida Atlantic,3,"{'minutes': 15, 'seconds': 0}",3,3,47,53,1,10,8,False,Pass Reception,Keyone Jenkins pass complete to Kejon Owens for 8 yds to the FAU 45,0.9027604054456208,2025-09-14T02:24:18.000Z
401757233,40175723316,401757233103849907,16,4,Florida International,Conference USA,17,Florida Atlantic,American Athletic,21,Florida International,Florida Atlantic,3,"{'minutes': 15, 'seconds': 0}",3,3,55,45,2,2,8,False,Pass Reception,Keyone Jenkins pass complete to Kyle McNeal for 8 yds to the FAU 37 for a 1ST down,0.1411303966509438,2025-09-14T02:24:18.000Z
401757233,40175723316,401757233103849908,16,5,Florida International,Conference USA,17,Florida Atlantic,American Athletic,21,Florida International,Florida Atlantic,3,"{'minutes': 15, 'seconds': 0}",3,3,63,37,1,10,20,False,Rush,Keyone Jenkins run for 20 yds to the FAU 17 for a 1ST down,0.4715055286923292,2025-09-14T02:24:18.000Z
401757233,40175723316,401757233103849909,16,6,Florida International,Conference USA,17,Florida Atlantic,American Athletic,21,Florida International,Florida Atlantic,3,"{'minutes': 15, 'seconds': 0}",3,3,83,17,1,10,3,False,Rush,Anthony Carrie run for 3 yds to the FAU 14,-0.108377033597897,2025-09-14T02:24:18.000Z
401757233,40175723316,401757233103849910,16,7,Florida International,Conference USA,17,Florida Atlantic,American Athletic,21,Florida International,Florida Atlantic,3,"{'minutes': 15, 'seconds': 0}",3,3,86,14,2,7,8,False,Pass Reception,Keyone Jenkins pass complete to Maguire Anderson for 8 yds to the FAU 6 for a 1ST down,0.635790365317034,2025-09-14T02:24:18.000Z
401757233,40175723316,401757233103849911,16,8,Florida International,Conference USA,17,Florida Atlantic,American Athletic,21,Florida International,Florida Atlantic,3,"{'minutes': 15, 'seconds': 0}",3,3,94,6,1,6,2,False,Rush,Kejon Owens run for 2 yds to the FAU 4,-0.2814004693826835,2025-09-14T02:24:18.000Z
401757233,40175723316,401757233103886801,16,9,Florida International,Conference USA,24,Florida Atlantic,American Athletic,21,Florida International,Florida Atlantic,3,"{'minutes': 11, 'seconds': 31}",3,3,96,4,2,4,4,True,Rushing Touchdown,"Keyone Jenkins run for 4 yds for a TD Florida Atlantic Penalty, Defensive Holding (Wendol Philord) declined (Robert Czeremcha KICK)",2.3338902404479605,2025-09-14T02:30:42.000Z
401757233,40175723317,401757233103887401,17,1,Florida International,Conference USA,24,Florida Atlantic,American Athletic,21,Florida International,Florida Atlantic,3,"{'minutes': 11, 'seconds': 25}",3,3,35,65,1,10,20,False,Kickoff Return (Offense),"Noah Grant kickoff for 56 yds , Jayshon Platt return for 20 yds to the FAU 29",,2025-09-14T02:32:38.000Z
401757233,40175723317,401757233103889902,17,4,Florida Atlantic,American Athletic,21,Florida International,Conference USA,24,Florida International,Florida Atlantic,3,"{'minutes': 11, 'seconds': 0}",3,3,67,67,3,6,-5,False,Penalty,"PENALTY FAU False Start (Nonar,Ja'Kavion) 5 yards from FAU33 to FAU28. NO PLAY.",,2025-09-14T02:33:44.000Z
401757233,40175723317,401757233103898401,17,6,Florida Atlantic,American Athletic,21,Florida International,Conference USA,24,Florida International,Florida Atlantic,3,"{'minutes': 10, 'seconds': 15}",3,3,84,84,4,23,0,False,Punt,"Logan Lupo punt for 39 yds, fair catch by C'Quan Jnopierre at the FIU 45",,2025-09-14T03:08:03.000Z
401757233,40175723317,401757233103888701,17,2,Florida Atlantic,American Athletic,21,Florida International,Conference USA,24,Florida International,Florida Atlantic,3,"{'minutes': 11, 'seconds': 12}",3,3,71,71,1,10,4,False,Rush,Gemari Sands run for 4 yds to the FAU 33,-0.1350508541150131,2025-09-14T02:33:42.000Z
401757233,40175723317,401757233103889901,17,3,Florida Atlantic,American Athletic,21,Florida International,Conference USA,24,Florida International,Florida Atlantic,3,"{'minutes': 11, 'seconds': 0}",3,3,67,67,2,6,0,False,Pass Incompletion,Caden Veltkamp pass incomplete to Dominique Henry,-0.7751757096233421,2025-09-14T02:33:44.000Z
401757233,40175723317,401757233103895201,17,5,Florida Atlantic,American Athletic,21,Florida International,Conference USA,24,Florida International,Florida Atlantic,3,"{'minutes': 10, 'seconds': 47}",3,3,72,72,3,11,-12,False,Sack,Caden Veltkamp sacked by Keegan Davis for a loss of 12 yards to the FAU 16,-0.2936957403894498,2025-09-14T02:35:08.000Z
401757233,40175723318,401757233103898403,18,1,Florida International,Conference USA,24,Florida Atlantic,American Athletic,21,Florida International,Florida Atlantic,3,"{'minutes': 10, 'seconds': 15}",2,3,66,34,1,10,0,False,Timeout,"Timeout Florida International, clock 10:15",,2025-09-14T03:08:03.000Z
401757233,40175723318,401757233103905001,18,3,Florida International,Conference USA,24,Florida Atlantic,American Athletic,21,Florida International,Florida Atlantic,3,"{'minutes': 9, 'seconds': 49}",2,3,66,34,1,10,-10,False,Penalty,"(09:49) No Huddle-Shotgun Jenkins,Keyone rush right for 2 yards gain to the FAU32, End Of Play PENALTY FIU Holding (Tripp Jr.,Antonio) 10 yards from FAU34 to FAU44. NO PLAY.",,2025-09-14T02:39:32.000Z
401757233,40175723318,401757233103899901,18,2,Florida International,Conference USA,24,Florida Atlantic,American Athletic,21,Florida International,Florida Atlantic,3,"{'minutes': 10, 'seconds': 0}",2,3,45,55,1,10,21,False,Pass Reception,Keyone Jenkins pass complete to Maguire Anderson for 21 yds to the FAU 34 for a 1ST down,1.339887076402695,2025-09-14T02:39:32.000Z
401757233,40175723318,401757233103907901,18,4,Florida International,Conference USA,24,Florida Atlantic,American Athletic,21,Florida International,Florida Atlantic,3,"{'minutes': 9, 'seconds': 20}",2,3,56,44,1,20,18,False,Rush,Keyone Jenkins run for 18 yds to the FAU 26,2.206204352673435,2025-09-14T02:40:09.000Z
401757233,40175723318,401757233103909501,18,5,Florida International,Conference USA,31,Florida Atlantic,American Athletic,21,Florida International,Florida Atlantic,3,"{'minutes': 9, 'seconds': 4}",2,3,74,26,2,2,26,True,Passing Touchdown,Keyone Jenkins pass complete to Alex Perry for 26 yds for a TD (Robert Czeremcha KICK),2.384381356607127,2025-09-14T02:40:19.000Z
401757233,40175723319,401757233103914201,19,1,Florida International,Conference USA,31,Florida Atlantic,American Athletic,21,Florida International,Florida Atlantic,3,"{'minutes': 8, 'seconds': 57}",2,3,35,65,1,10,35,False,Kickoff Return (Offense),"Noah Grant kickoff for 62 yds , Jayshon Platt return for 35 yds to the FAU 38",,2025-09-14T02:44:29.000Z
401757233,40175723319,401757233103917701,19,3,Florida Atlantic,American Athletic,21,Florida International,Conference USA,31,Florida International,Florida Atlantic,3,"{'minutes': 8, 'seconds': 22}",3,2,66,66,2,14,0,False,Penalty,"Florida Atlantic Penalty, Offensive Holding (Wendol Philord) declined",,
401757233,40175723319,401757233103926501,19,5,Florida Atlantic,American Athletic,21,Florida International,Conference USA,31,Florida International,Florida Atlantic,3,"{'minutes': 7, 'seconds': 34}",3,2,60,60,4,8,0,False,Punt,"Logan Lupo punt for 45 yds, fair catch by C'Quan Jnopierre at the FIU 15",,2025-09-14T02:47:30.000Z
401757233,40175723319,401757233103916101,19,2,Florida Atlantic,American Athletic,21,Florida International,Conference USA,31,Florida International,Florida Atlantic,3,"{'minutes': 8, 'seconds': 38}",3,2,62,62,1,10,4,False,Pass Reception,Caden Veltkamp pass complete to Xavier Terrell for 4 yds to the FAU 34,-0.1660250563858484,2025-09-14T02:45:21.000Z
401757233,40175723319,401757233103919801,19,4,Florida Atlantic,American Athletic,21,Florida International,Conference USA,31,Florida International,Florida Atlantic,3,"{'minutes': 8, 'seconds': 1}",3,2,66,66,3,14,6,False,Rush,Caden Veltkamp run for 6 yds to the FAU 40,0.08337221726938626,2025-09-14T02:47:00.000Z
401757233,40175723320,401757233103927801,20,1,Florida International,Conference USA,31,Florida Atlantic,American Athletic,21,Florida International,Florida Atlantic,3,"{'minutes': 7, 'seconds': 21}",2,3,15,85,1,10,11,False,Pass Reception,Keyone Jenkins pass complete to Kejon Owens for 11 yds to the FIU 26 for a 1ST down,0.6141852374142438,2025-09-14T02:48:45.000Z
401757233,40175723320,401757233103929101,20,2,Florida International,Conference USA,31,Florida Atlantic,American Athletic,21,Florida International,Florida Atlantic,3,"{'minutes': 7, 'seconds': 8}",2,3,26,74,1,10,5,False,Rush,Kejon Owens run for 5 yds to the FIU 31,0.0963261532824955,2025-09-14T02:49:00.000Z
401757233,40175723320,401757233103937501,20,3,Florida International,Conference USA,31,Florida Atlantic,American Athletic,21,Florida International,Florida Atlantic,3,"{'minutes': 6, 'seconds': 24}",2,3,31,69,2,5,47,False,Rush,Kejon Owens run for 47 yds to the FAU 22 for a 1ST down,3.2628273925300104,2025-09-14T02:49:40.000Z
401757233,40175723320,401757233103946601,20,4,Florida International,Conference USA,31,Florida Atlantic,American Athletic,21,Florida International,Florida Atlantic,3,"{'minutes': 5, 'seconds': 33}",2,3,78,22,1,10,21,False,Rush,Kejon Owens run for 21 yds to the FAU 1 for a 1ST down,1.709601491528017,2025-09-14T02:50:30.000Z
401757233,40175723320,401757233103954401,20,5,Florida International,Conference USA,38,Florida Atlantic,American Athletic,21,Florida International,Florida Atlantic,3,"{'minutes': 4, 'seconds': 55}",2,3,99,1,1,1,1,True,Rushing Touchdown,Anthony Carrie run for 1 yd for a TD (Robert Czeremcha KICK),0.938021275120443,2025-09-14T02:52:10.000Z
401757233,40175723321,401757233103955001,21,1,Florida International,Conference USA,38,Florida Atlantic,American Athletic,21,Florida International,Florida Atlantic,3,"{'minutes': 4, 'seconds': 49}",2,3,35,65,1,10,28,False,Kickoff Return (Offense),"Noah Grant kickoff for 65 yds , Wendol Philord return for 28 yds to the FAU 28",,2025-09-14T02:56:21.000Z
401757233,40175723321,401757233103957901,21,4,Florida Atlantic,American Athletic,21,Florida International,Conference USA,38,Florida International,Florida Atlantic,3,"{'minutes': 4, 'seconds': 20}",3,2,56,56,1,10,-10,False,Penalty,"(04:20) No Huddle-Shotgun Veltkamp,Caden pass incomplete short left to Henry,Dom thrown to FAU38 PENALTY FAU Holding (Nonar,Ja'Kavion) 10 yards from FAU44 to FAU34. NO PLAY.",,2025-09-14T02:57:41.000Z
401757233,40175723321,401757233103957902,21,5,Florida Atlantic,American Athletic,21,Florida International,Conference USA,38,Florida International,Florida Atlantic,3,"{'minutes': 4, 'seconds': 20}",3,2,66,66,1,20,0,False,Penalty,"Florida Atlantic Penalty, Illegal Formation (Wendol Philord) declined",,
401757233,40175723321,401757233103976401,21,12,Florida Atlantic,American Athletic,21,Florida International,Conference USA,38,Florida International,Florida Atlantic,3,"{'minutes': 2, 'seconds': 35}",2,2,44,44,4,10,0,False,Timeout,"Timeout Florida Atlantic, clock 02:35",,2025-09-14T03:00:51.000Z
401757233,40175723321,401757233103955301,21,2,Florida Atlantic,American Athletic,21,Florida International,Conference USA,38,Florida International,Florida Atlantic,3,"{'minutes': 4, 'seconds': 46}",3,2,72,72,1,10,0,False,Pass Incompletion,Caden Veltkamp pass incomplete to Asaad Waseem,-0.7982008475508557,2025-09-14T02:56:51.000Z
401757233,40175723321,401757233103956601,21,3,Florida Atlantic,American Athletic,21,Florida International,Conference USA,38,Florida International,Florida Atlantic,3,"{'minutes': 4, 'seconds': 33}",3,2,72,72,2,10,16,False,Rush,Gemari Sands run for 16 yds to the FAU 44 for a 1ST down,2.283650778437602,2025-09-14T02:57:31.000Z
401757233,40175723321,401757233103958801,21,6,Florida Atlantic,American Athletic,21,Florida International,Conference USA,38,Florida International,Florida Atlantic,3,"{'minutes': 4, 'seconds': 11}",3,2,66,66,1,20,9,False,Pass Reception,Caden Veltkamp pass complete to Asaad Waseem for 9 yds to the FAU 43,0.738009537035551,2025-09-14T02:58:55.000Z
401757233,40175723321,401757233103965001,21,7,Florida Atlantic,American Athletic,21,Florida International,Conference USA,38,Florida International,Florida Atlantic,3,"{'minutes': 3, 'seconds': 49}",3,2,57,57,2,11,7,False,Pass Reception,Caden Veltkamp pass complete to Asaad Waseem for 7 yds to the 50 yard line,0.5293484477387089,2025-09-14T02:59:11.000Z
401757233,40175723321,401757233103966501,21,8,Florida Atlantic,American Athletic,21,Florida International,Conference USA,38,Florida International,Florida Atlantic,3,"{'minutes': 3, 'seconds': 34}",3,2,50,50,3,4,6,False,Pass Reception,Caden Veltkamp pass complete to Jayshon Platt for 6 yds to the FIU 44 for a 1ST down,1.806622906000733,2025-09-14T02:59:31.000Z
401757233,40175723321,401757233103967801,21,9,Florida Atlantic,American Athletic,21,Florida International,Conference USA,38,Florida International,Florida Atlantic,3,"{'minutes': 3, 'seconds': 21}",3,2,44,44,1,10,0,False,Pass Incompletion,Caden Veltkamp pass incomplete to Dominique Henry,-0.9690270974076257,2025-09-14T02:59:41.000Z
401757233,40175723321,401757233103969201,21,10,Florida Atlantic,American Athletic,21,Florida International,Conference USA,38,Florida International,Florida Atlantic,3,"{'minutes': 3, 'seconds': 7}",3,2,44,44,2,10,3,False,Rush,Xavier Terrell run for 3 yds to the FIU 41,-0.3893073610567245,2025-09-14T03:00:31.000Z
401757233,40175723321,401757233103974301,21,11,Florida Atlantic,American Athletic,21,Florida International,Conference USA,38,Florida International,Florida Atlantic,3,"{'minutes': 2, 'seconds': 56}",3,2,41,41,3,7,-3,False,Rush,Xavier Terrell run for a loss of 3 yards to the FIU 44,-1.5618678120194893,2025-09-14T03:00:32.000Z
401757233,40175723321,401757233103976901,21,13,Florida Atlantic,American Athletic,21,Florida International,Conference USA,38,Florida International,Florida Atlantic,3,"{'minutes': 2, 'seconds': 30}",2,2,44,44,4,10,0,False,Pass Incompletion,Caden Veltkamp pass incomplete to Jayshon Platt,-0.6669153720061392,2025-09-14T03:02:22.000Z
401757233,40175723322,401757233103989801,22,4,Florida International,Conference USA,38,Florida Atlantic,American Athletic,21,Florida International,Florida Atlantic,3,"{'minutes': 1, 'seconds': 1}",2,2,46,54,4,8,0,False,Punt,"Trey Wilhoit punt for 43 yds, fair catch by Wendol Philord at the FAU 11",,2025-09-14T03:05:32.000Z
401757233,40175723322,401757233103986001,22,2,Florida International,Conference USA,38,Florida Atlantic,American Athletic,21,Florida International,Florida Atlantic,3,"{'minutes': 1, 'seconds': 39}",2,2,43,57,2,11,3,False,Rush,Devonte Lyons run for 3 yds to the FIU 46,-0.3355913674619036,2025-09-14T03:04:12.000Z
401757233,40175723322,401757233103984301,22,1,Florida International,Conference USA,38,Florida Atlantic,American Athletic,21,Florida International,Florida Atlantic,3,"{'minutes': 1, 'seconds': 56}",2,2,44,56,1,10,-1,False,Fumble Recovery (Own),"Devonte Lyons run for a loss of 1 yard to the FIU 43 Devonte Lyons fumbled, recovered by FIU Devonte Lyons",-1.3786709298701574,2025-09-14T03:03:53.000Z
401757233,40175723322,401757233103989101,22,3,Florida International,Conference USA,38,Florida Atlantic,American Athletic,21,Florida International,Florida Atlantic,3,"{'minutes': 1, 'seconds': 8}",2,2,46,54,3,8,0,False,Pass Incompletion,Keyone Jenkins pass incomplete to Alex Perry,-0.6683230535186215,2025-09-14T03:04:42.000Z
401757233,40175723323,401757233103999902,23,6,Florida Atlantic,American Athletic,21,Florida International,Conference USA,38,Florida International,Florida Atlantic,3,"{'minutes': 0, 'seconds': 0}",2,2,78,78,0,15,0,False,End Period,End of 3rd Quarter,,2025-09-14T03:08:03.000Z
401757233,40175723323,401757233103997701,23,4,Florida Atlantic,American Athletic,21,Florida International,Conference USA,38,Florida International,Florida Atlantic,3,"{'minutes': 0, 'seconds': 22}",2,2,73,73,1,10,-5,False,Penalty,"(00:22) PENALTY FAU False Start (Nonar,Ja'Kavion) 5 yards from FAU27 to FAU22. NO PLAY.",,2025-09-14T03:07:13.000Z
401757233,40175723323,401757233103994501,23,1,Florida Atlantic,American Athletic,21,Florida International,Conference USA,38,Florida International,Florida Atlantic,3,"{'minutes': 0, 'seconds': 54}",2,2,89,89,1,10,0,False,Pass Incompletion,Caden Veltkamp pass incomplete to Dominique Henry,-0.36548578366266504,2025-09-14T03:06:12.000Z
401757233,40175723323,401757233103995401,23,2,Florida Atlantic,American Athletic,21,Florida International,Conference USA,38,Florida International,Florida Atlantic,3,"{'minutes': 0, 'seconds': 45}",2,2,89,89,2,10,9,False,Pass Reception,Caden Veltkamp pass complete to Easton Messer for 9 yds to the FAU 20,0.38310896597689936,2025-09-14T03:06:52.000Z
401757233,40175723323,401757233103997101,23,3,Florida Atlantic,American Athletic,21,Florida International,Conference USA,38,Florida International,Florida Atlantic,3,"{'minutes': 0, 'seconds': 28}",2,2,80,80,3,1,7,False,Rush,Gemari Sands run for 7 yds to the FAU 27 for a 1ST down,0.8132336915915008,2025-09-14T03:07:12.000Z
401757233,40175723323,401757233103999901,23,5,Florida Atlantic,American Athletic,21,Florida International,Conference USA,38,Florida International,Florida Atlantic,3,"{'minutes': 0, 'seconds': 0}",2,2,78,78,1,15,0,False,Pass Incompletion,Caden Veltkamp pass incomplete to Jabari Smith,-0.3664306512211706,2025-09-14T03:08:03.000Z
401757233,40175723323,401757233104854801,23,7,Florida Atlantic,American Athletic,21,Florida International,Conference USA,38,Florida International,Florida Atlantic,4,"{'minutes': 14, 'seconds': 51}",2,2,78,78,2,15,11,False,Pass Reception,Caden Veltkamp pass complete to Jabari Smith for 11 yds to the FAU 33,0.5907084862096559,2025-09-14T03:57:43.000Z
401757233,40175723323,401757233104857001,23,8,Florida Atlantic,American Athletic,21,Florida International,Conference USA,38,Florida International,Florida Atlantic,4,"{'minutes': 14, 'seconds': 29}",2,2,67,67,3,4,8,False,Pass Reception,Caden Veltkamp pass complete to Jabari Smith for 8 yds to the FAU 41 for a 1ST down,1.8565584845370635,2025-09-14T03:57:43.000Z
401757233,40175723323,401757233104858601,23,9,Florida Atlantic,American Athletic,21,Florida International,Conference USA,38,Florida International,Florida Atlantic,4,"{'minutes': 14, 'seconds': 13}",2,2,59,59,1,10,1,False,Pass Reception,Caden Veltkamp pass complete to Xavier Terrell for 1 yd to the FAU 42,-0.9199637917398017,2025-09-14T03:12:43.000Z
401757233,40175723323,401757233104864501,23,10,Florida Atlantic,American Athletic,21,Florida International,Conference USA,38,Florida International,Florida Atlantic,4,"{'minutes': 13, 'seconds': 54}",2,2,58,58,2,9,4,False,Pass Reception,Caden Veltkamp pass complete to Xavier Terrell for 4 yds to the FAU 46,-0.150777201972641,2025-09-14T03:13:03.000Z
401757233,40175723323,401757233104866601,23,11,Florida Atlantic,American Athletic,21,Florida International,Conference USA,38,Florida International,Florida Atlantic,4,"{'minutes': 13, 'seconds': 33}",2,2,54,54,3,5,7,False,Pass Reception,Caden Veltkamp pass complete to Asaad Waseem for 7 yds to the FIU 47 for a 1ST down,2.11655110224444,2025-09-14T03:13:47.000Z
401757233,40175723323,401757233104867701,23,12,Florida Atlantic,American Athletic,21,Florida International,Conference USA,38,Florida International,Florida Atlantic,4,"{'minutes': 13, 'seconds': 22}",2,2,47,47,1,10,7,False,Pass Reception,Caden Veltkamp pass complete to Xavier Terrell for 7 yds to the FIU 40,0.5447460725225992,2025-09-14T03:13:49.000Z
401757233,40175723323,401757233104868701,23,13,Florida Atlantic,American Athletic,21,Florida International,Conference USA,38,Florida International,Florida Atlantic,4,"{'minutes': 13, 'seconds': 12}",2,2,40,40,2,3,0,False,Pass Incompletion,Caden Veltkamp pass incomplete,-1.0438449182986105,2025-09-14T03:13:54.000Z
401757233,40175723323,401757233104869001,23,14,Florida Atlantic,American Athletic,21,Florida International,Conference USA,38,Florida International,Florida Atlantic,4,"{'minutes': 13, 'seconds': 9}",2,2,40,40,3,3,0,False,Pass Incompletion,Caden Veltkamp pass incomplete to Joseph Young,-1.1172790185525088,2025-09-14T03:14:24.000Z
401757233,40175723323,401757233104874401,23,15,Florida Atlantic,American Athletic,21,Florida International,Conference USA,38,Florida International,Florida Atlantic,4,"{'minutes': 12, 'seconds': 55}",2,2,40,40,4,3,5,False,Pass Reception,Caden Veltkamp pass complete to Easton Messer for 5 yds to the FIU 35 for a 1ST down,2.256991321817994,2025-09-14T03:14:54.000Z
401757233,40175723323,401757233104875101,23,16,Florida Atlantic,American Athletic,21,Florida International,Conference USA,38,Florida International,Florida Atlantic,4,"{'minutes': 12, 'seconds': 48}",2,2,35,35,1,10,0,False,Pass Reception,Caden Veltkamp pass complete to Easton Messer for no gain to the FIU 35,-0.6918622905019662,2025-09-14T03:15:04.000Z
401757233,40175723323,401757233104878201,23,17,Florida Atlantic,American Athletic,21,Florida International,Conference USA,38,Florida International,Florida Atlantic,4,"{'minutes': 12, 'seconds': 17}",2,2,35,35,2,10,0,False,Pass Reception,Caden Veltkamp pass complete to Gemari Sands for no gain to the FIU 35,-0.9144980156718301,2025-09-14T03:15:44.000Z
401757233,40175723323,401757233104879701,23,18,Florida Atlantic,American Athletic,21,Florida International,Conference USA,38,Florida International,Florida Atlantic,4,"{'minutes': 12, 'seconds': 2}",2,2,35,35,3,10,0,False,Pass Incompletion,Caden Veltkamp pass incomplete to Asaad Waseem,-1.0239694443844112,2025-09-14T03:15:54.000Z
401757233,40175723323,401757233104885101,23,19,Florida Atlantic,American Athletic,21,Florida International,Conference USA,38,Florida International,Florida Atlantic,4,"{'minutes': 11, 'seconds': 48}",2,2,35,35,4,10,23,False,Pass Reception,Caden Veltkamp pass complete to Easton Messer for 23 yds to the FIU 12 for a 1ST down,3.072823992299238,2025-09-14T03:16:54.000Z
401757233,40175723323,401757233104887401,23,20,Florida Atlantic,American Athletic,21,Florida International,Conference USA,38,Florida International,Florida Atlantic,4,"{'minutes': 11, 'seconds': 25}",2,2,12,12,1,10,0,False,Pass Reception,Caden Veltkamp pass complete to Dominique Henry for no gain to the FIU 12,-0.2977696357406735,2025-09-14T03:17:14.000Z
401757233,40175723323,401757233104895901,23,21,Florida Atlantic,American Athletic,21,Florida International,Conference USA,38,Florida International,Florida Atlantic,4,"{'minutes': 10, 'seconds': 40}",2,2,12,12,2,10,-7,False,Sack,Caden Veltkamp sacked by Kenton Simmons for a loss of 7 yards to the FIU 19,-1.1246506303927093,2025-09-14T03:17:54.000Z
401757233,40175723323,401757233104904001,23,22,Florida Atlantic,American Athletic,21,Florida International,Conference USA,38,Florida International,Florida Atlantic,4,"{'minutes': 9, 'seconds': 59}",2,2,19,19,3,17,5,False,Rush,Caden Veltkamp run for 5 yds to the FIU 14,0.0365199804082348,2025-09-14T03:18:45.000Z
401757233,40175723323,401757233104907501,23,23,Florida Atlantic,American Athletic,21,Florida International,Conference USA,38,Florida International,Florida Atlantic,4,"{'minutes': 9, 'seconds': 24}",2,2,14,14,4,12,8,False,Fumble Recovery (Own),"Andrew Nelms run for 8 yds to the FIU 22 Andrew Nelms fumbled, recovered by FAU Garrison Smith",-3.0840051722389266,2025-09-14T03:19:15.000Z
401757233,40175723324,401757233104924702,24,4,Florida International,Conference USA,38,Florida Atlantic,American Athletic,21,Florida International,Florida Atlantic,4,"{'minutes': 7, 'seconds': 52}",2,1,25,75,4,7,0,False,Timeout,"Timeout Florida Atlantic, clock 07:52",,2025-09-14T03:25:06.000Z
401757233,40175723324,401757233104925403,24,6,Florida International,Conference USA,38,Florida Atlantic,American Athletic,21,Florida International,Florida Atlantic,4,"{'minutes': 7, 'seconds': 45}",1,1,45,55,1,10,0,False,Timeout,"Timeout Florida International, clock 07:45",,2025-09-14T03:25:16.000Z
401757233,40175723324,401757233104925404,24,7,Florida Atlantic,American Athletic,21,Florida International,Conference USA,38,Florida International,Florida Atlantic,4,"{'minutes': 7, 'seconds': 45}",1,1,65,65,1,10,45,False,Kickoff,"Andrew Nelms kickoff for 65 yds for a touchback Florida Atlantic Penalty, Defensive Offside (Cameron Goggins)",,2025-09-14T03:25:16.000Z
401757233,40175723324,401757233104908201,24,1,Florida International,Conference USA,38,Florida Atlantic,American Athletic,21,Florida International,Florida Atlantic,4,"{'minutes': 9, 'seconds': 17}",2,2,22,78,1,10,-2,False,Rush,Anthony Carrie run for a loss of 2 yards to the FIU 20,-0.7686606851401576,2025-09-14T03:22:27.000Z
401757233,40175723324,401757233104916701,24,2,Florida International,Conference USA,38,Florida Atlantic,American Athletic,21,Florida International,Florida Atlantic,4,"{'minutes': 8, 'seconds': 32}",2,2,20,80,2,12,7,False,Pass Reception,Keyone Jenkins pass complete to Braiden Staten for 7 yds to the FIU 27,0.19510609193904926,2025-09-14T03:23:15.000Z
401757233,40175723324,401757233104924701,24,3,Florida International,Conference USA,38,Florida Atlantic,American Athletic,21,Florida International,Florida Atlantic,4,"{'minutes': 7, 'seconds': 52}",2,2,27,73,3,5,2,False,Pass Reception,Keyone Jenkins pass complete to Anthony Carrie for 2 yds to the FIU 25,-0.20685784445773603,2025-09-14T03:25:06.000Z
401757233,40175723324,401757233104925401,24,5,Florida International,Conference USA,38,Florida Atlantic,American Athletic,28,Florida International,Florida Atlantic,4,"{'minutes': 7, 'seconds': 45}",2,1,25,75,4,7,4,True,Blocked Punt Touchdown,Jarvis Johnson 4 Yd Return of Blocked Punt (Garrison Smith Kick),-6.763769870943693,2025-09-14T03:25:16.000Z
401757233,40175723325,401757233104956102,25,6,Florida International,Conference USA,38,Florida Atlantic,American Athletic,28,Florida International,Florida Atlantic,4,"{'minutes': 4, 'seconds': 38}",1,0,93,7,3,7,0,False,Timeout,"Timeout Florida Atlantic, clock 04:38",,2025-09-14T03:57:43.000Z
401757233,40175723325,401757233104956101,25,5,Florida International,Conference USA,38,Florida Atlantic,American Athletic,28,Florida International,Florida Atlantic,4,"{'minutes': 4, 'seconds': 38}",1,1,96,4,2,4,-3,False,Fumble Recovery (Own),"Keyone Jenkins run for a loss of 3 yards to the FAU 7 Keyone Jenkins fumbled, recovered by FIU Keyone Jenkins",-0.5507043882723915,2025-09-14T03:57:43.000Z
401757233,40175723325,401757233104927001,25,1,Florida International,Conference USA,38,Florida Atlantic,American Athletic,28,Florida International,Florida Atlantic,4,"{'minutes': 7, 'seconds': 29}",1,1,45,55,1,10,6,False,Pass Reception,Keyone Jenkins pass complete to Justin Cayenne for 6 yds to the FAU 49,0.38118862332173,2025-09-14T03:32:07.000Z
401757233,40175723325,401757233104934301,25,2,Florida International,Conference USA,38,Florida Atlantic,American Athletic,28,Florida International,Florida Atlantic,4,"{'minutes': 6, 'seconds': 56}",1,1,51,49,2,4,3,False,Rush,Kejon Owens run for 3 yds to the FAU 46,-0.43288757738774,2025-09-14T03:32:37.000Z
401757233,40175723325,401757233104946001,25,3,Florida International,Conference USA,38,Florida Atlantic,American Athletic,28,Florida International,Florida Atlantic,4,"{'minutes': 5, 'seconds': 39}",1,1,54,46,3,1,4,False,Fumble Recovery (Own),"Kejon Owens run for 39 yds to the FAU 7 Kejon Owens fumbled, recovered by FIU Kejon Owens for a 1ST down Kejon Owens for a 1ST down",1.033376719810251,2025-09-14T03:35:08.000Z
401757233,40175723325,401757233104949501,25,4,Florida International,Conference USA,38,Florida Atlantic,American Athletic,28,Florida International,Florida Atlantic,4,"{'minutes': 5, 'seconds': 4}",1,1,93,7,1,7,3,False,Rush,Maguire Anderson run for 3 yds to the FAU 4,-0.1371356101207495,2025-09-14T03:35:48.000Z
401757233,40175723325,401757233104957201,25,7,Florida International,Conference USA,38,Florida Atlantic,American Athletic,28,Florida International,Florida Atlantic,4,"{'minutes': 4, 'seconds': 27}",1,0,93,7,3,7,4,False,Rush,Kejon Owens run for 4 yds to the FAU 3,-0.03175191578203,2025-09-14T03:38:56.000Z
401757233,40175723325,401757233104965101,25,8,Florida International,Conference USA,38,Florida Atlantic,American Athletic,28,Florida International,Florida Atlantic,4,"{'minutes': 3, 'seconds': 48}",1,0,97,3,4,3,-9,False,Sack,Keyone Jenkins sacked by Deshaun Batiste for a loss of 9 yards to the FAU 12,-4.083653455497618,2025-09-14T03:39:18.000Z
401757233,40175723326,401757233104966001,26,1,Florida Atlantic,American Athletic,28,Florida International,Conference USA,38,Florida International,Florida Atlantic,4,"{'minutes': 3, 'seconds': 39}",0,1,88,88,1,10,3,False,Pass Reception,Caden Veltkamp pass complete to Gemari Sands for 3 yds to the FAU 15,-0.16043022196263834,2025-09-14T03:40:20.000Z
401757233,40175723326,401757233104968001,26,2,Florida Atlantic,American Athletic,28,Florida International,Conference USA,38,Florida International,Florida Atlantic,4,"{'minutes': 3, 'seconds': 19}",0,1,85,85,2,7,10,False,Pass Reception,Caden Veltkamp pass complete to Gemari Sands for 10 yds to the FAU 25 for a 1ST down,0.8139350938256333,2025-09-14T03:40:49.000Z
401757233,40175723326,401757233104974401,26,3,Florida Atlantic,American Athletic,28,Florida International,Conference USA,38,Florida International,Florida Atlantic,4,"{'minutes': 2, 'seconds': 55}",0,1,75,75,1,10,19,False,Pass Reception,Caden Veltkamp pass complete to Dominique Henry for 19 yds to the FAU 44 for a 1ST down,1.7075723383420156,2025-09-14T03:41:09.000Z
401757233,40175723326,401757233104976001,26,4,Florida Atlantic,American Athletic,28,Florida International,Conference USA,38,Florida International,Florida Atlantic,4,"{'minutes': 2, 'seconds': 39}",0,1,56,56,1,10,30,False,Pass Interception Return,Caden Veltkamp pass intercepted Jessiah McGrew return for 30 yds to the FIU 48,-2.629817218620694,2025-09-14T03:41:29.000Z
401757233,40175723327,401757233104979901,27,2,Florida International,Conference USA,38,Florida Atlantic,American Athletic,28,Florida International,Florida Atlantic,4,"{'minutes': 2, 'seconds': 0}",0,0,54,46,2,4,0,False,Timeout,"Timeout Florida International, clock 02:00",,2025-09-14T03:46:20.000Z
401757233,40175723327,401757233104998401,27,5,Florida International,Conference USA,38,Florida Atlantic,American Athletic,28,Florida International,Florida Atlantic,4,"{'minutes': 0, 'seconds': 15}",-1,0,53,47,4,5,0,False,Timeout,"Timeout Florida International, clock 00:15",,2025-09-14T03:52:10.000Z
401757233,40175723327,401757233104999001,27,6,Florida International,Conference USA,38,Florida Atlantic,American Athletic,28,Florida International,Florida Atlantic,4,"{'minutes': 0, 'seconds': 9}",-1,0,53,47,4,5,0,False,Punt,"Trey Wilhoit punt for 36 yds, fair catch by Easton Messer at the FAU 6",,2025-09-14T03:53:39.000Z
401757233,40175723327,401757233104977101,27,1,Florida International,Conference USA,38,Florida Atlantic,American Athletic,28,Florida International,Florida Atlantic,4,"{'minutes': 2, 'seconds': 28}",1,0,48,52,1,10,6,False,Rush,Kejon Owens run for 6 yds to the FAU 46,0.3608772046980507,2025-09-14T03:57:43.000Z
401757233,40175723327,401757233104985001,27,3,Florida International,Conference USA,38,Florida Atlantic,American Athletic,28,Florida International,Florida Atlantic,4,"{'minutes': 1, 'seconds': 49}",0,0,54,46,2,4,-2,False,Rush,Kejon Owens run for a loss of 2 yards to the FAU 48,-1.6682358494083012,2025-09-14T03:49:40.000Z
401757233,40175723327,401757233104994501,27,4,Florida International,Conference USA,38,Florida Atlantic,American Athletic,28,Florida International,Florida Atlantic,4,"{'minutes': 0, 'seconds': 54}",0,0,52,48,3,6,1,False,Rush,Kejon Owens run for 1 yd to the FAU 47,-0.7734710421229166,2025-09-14T03:51:30.000Z
401757233,40175723328,401757233104999702,28,2,Florida Atlantic,American Athletic,28,Florida International,Conference USA,38,Florida International,Florida Atlantic,4,"{'minutes': 0, 'seconds': 2}",0,-1,78,78,1,10,15,False,Penalty,"PENALTY FIU UNS: Unsportsmanlike Conduct 15 yards from FAU22 to FAU37, 1ST DOWN. NO PLAY.",,2025-09-14T03:54:31.000Z
401757233,40175723328,401757233104999903,28,4,Florida Atlantic,American Athletic,28,Florida International,Conference USA,38,Florida International,Florida Atlantic,4,"{'minutes': 0, 'seconds': 0}",0,-1,49,49,0,10,0,False,End of Game,End of 4th Quarter,,2025-09-14T03:57:43.000Z
401757233,40175723328,401757233104999701,28,1,Florida Atlantic,American Athletic,28,Florida International,Conference USA,38,Florida International,Florida Atlantic,4,"{'minutes': 0, 'seconds': 2}",0,-1,94,94,1,10,16,False,Rush,Gemari Sands run for 16 yds to the FAU 22 for a 1ST down,0.6247086584399044,2025-09-14T03:54:31.000Z
401757233,40175723328,401757233104999901,28,3,Florida Atlantic,American Athletic,28,Florida International,Conference USA,38,Florida International,Florida Atlantic,4,"{'minutes': 0, 'seconds': 0}",0,-1,63,63,1,10,14,False,Rush,Xavier Terrell run for 14 yds to the FIU 49 for a 1ST down,1.288180241940502,2025-09-14T03:57:43.000Z
401762472,40176247221,401762472104907401,21,1,Memphis,American Athletic,38,Florida Atlantic,American Athletic,26,Florida Atlantic,Memphis,4,"{'minutes': 9, 'seconds': 25}",2,3,65,65,1,10,15,False,Kickoff Return (Offense),"Gianni Spetic kickoff for 59 yds , Jayshon Platt return for 15 yds to the FAU 21",,2025-09-28T02:06:08.000Z
401762472,40176247221,401762472104909102,21,4,Florida Atlantic,American Athletic,26,Memphis,American Athletic,38,Florida Atlantic,Memphis,4,"{'minutes': 9, 'seconds': 8}",3,2,21,79,3,10,-10,False,Penalty,"(09:10) No Huddle-Shotgun Veltkamp,Caden rush right for 9 yards gain to the FAU30 (Watts,Drue) PENALTY FAU Holding (Atcavage,Alex) 10 yards from FAU21 to FAU11. NO PLAY.",,2025-09-28T02:08:08.000Z
401762472,40176247221,401762472104908001,21,2,Florida Atlantic,American Athletic,26,Memphis,American Athletic,38,Florida Atlantic,Memphis,4,"{'minutes': 9, 'seconds': 19}",3,2,21,79,1,10,0,False,Pass Incompletion,Caden Veltkamp pass incomplete to Xavier Terrell,-0.585616097616759,2025-09-28T02:06:16.000Z
401762472,40176247221,401762472104908501,21,3,Florida Atlantic,American Athletic,26,Memphis,American Athletic,38,Florida Atlantic,Memphis,4,"{'minutes': 9, 'seconds': 14}",3,2,21,79,2,10,0,False,Pass Incompletion,Caden Veltkamp pass incomplete to Jayshon Platt,-0.2760618997483206,2025-09-28T02:07:08.000Z
401762472,40176247221,401762472104914701,21,5,Florida Atlantic,American Athletic,26,Memphis,American Athletic,38,Florida Atlantic,Memphis,4,"{'minutes': 8, 'seconds': 52}",3,2,11,89,3,20,13,False,Pass Reception,Caden Veltkamp pass complete to Jayshon Platt for 13 yds to the FAU 24,0.12730236779462875,2025-09-28T02:08:25.000Z
401762472,40176247221,401762472104918801,21,6,Florida Atlantic,American Athletic,26,Memphis,American Athletic,38,Florida Atlantic,Memphis,4,"{'minutes': 8, 'seconds': 11}",3,2,24,76,4,7,0,False,Pass Incompletion,Caden Veltkamp pass incomplete to Easton Messer,0.24693138612503684,2025-09-28T02:09:20.000Z
401762472,40176247221,401762472104918802,21,7,Florida Atlantic,American Athletic,26,Memphis,American Athletic,38,Florida Atlantic,Memphis,4,"{'minutes': 8, 'seconds': 11}",3,2,24,76,4,7,0,False,Pass Incompletion,Caden Veltkamp pass incomplete to Easton Messer,0.24693138612503684,2025-09-28T02:10:22.000Z
401762472,40176247222,401762472104954302,22,6,Memphis,American Athletic,38,Florida Atlantic,American Athletic,26,Florida Atlantic,Memphis,4,"{'minutes': 4, 'seconds': 56}",2,2,7,7,4,4,0,False,Timeout,"Timeout Florida Atlantic, clock 04:56",,2025-09-28T02:14:49.000Z
401762472,40176247222,401762472104954501,22,7,Memphis,American Athletic,41,Florida Atlantic,American Athletic,26,Florida Atlantic,Memphis,4,"{'minutes': 4, 'seconds': 54}",2,2,7,7,4,4,25,True,Field Goal Good,Gianni Spetic 25 yd FG GOOD,,2025-09-28T02:18:00.000Z
401762472,40176247222,401762472104919601,22,1,Memphis,American Athletic,38,Florida Atlantic,American Athletic,26,Florida Atlantic,Memphis,4,"{'minutes': 8, 'seconds': 3}",2,3,24,24,1,10,1,False,Rush,Sutton Smith run for 1 yd to the FAU 23,-0.3334518667191766,2025-09-28T02:10:28.000Z
401762472,40176247222,401762472104928201,22,2,Memphis,American Athletic,38,Florida Atlantic,American Athletic,26,Florida Atlantic,Memphis,4,"{'minutes': 7, 'seconds': 17}",2,3,23,23,2,9,10,False,Rush,Brendon Lewis run for 10 yds to the FAU 13 for a 1ST down,0.4759606002803046,2025-09-28T02:11:22.000Z
401762472,40176247222,401762472104936801,22,3,Memphis,American Athletic,38,Florida Atlantic,American Athletic,26,Florida Atlantic,Memphis,4,"{'minutes': 6, 'seconds': 31}",2,3,13,13,1,10,1,False,Rush,Greg Desrosiers Jr. run for 1 yd to the FAU 12,-0.239885200119727,2025-09-28T02:12:14.000Z
401762472,40176247222,401762472104945701,22,4,Memphis,American Athletic,38,Florida Atlantic,American Athletic,26,Florida Atlantic,Memphis,4,"{'minutes': 5, 'seconds': 42}",2,3,12,12,2,9,2,False,Rush,Greg Desrosiers Jr. run for 2 yds to the FAU 10,-0.1638997005332726,2025-09-28T02:12:39.000Z
401762472,40176247222,401762472104954301,22,5,Memphis,American Athletic,38,Florida Atlantic,American Athletic,26,Florida Atlantic,Memphis,4,"{'minutes': 4, 'seconds': 56}",2,3,10,10,3,7,3,False,Rush,Greg Desrosiers Jr. run for 3 yds to the FAU 7,-0.1159926936968674,2025-09-28T02:14:49.000Z
401762472,40176247223,401762472104955101,23,1,Memphis,American Athletic,41,Florida Atlantic,American Athletic,26,Florida Atlantic,Memphis,4,"{'minutes': 4, 'seconds': 48}",2,2,65,65,1,10,21,False,Kickoff Return (Offense),"Gianni Spetic kickoff for 64 yds , Asaad Waseem return for 21 yds to the FAU 22",,2025-09-28T02:19:38.000Z
401762472,40176247223,401762472104956201,23,2,Florida Atlantic,American Athletic,26,Memphis,American Athletic,41,Florida Atlantic,Memphis,4,"{'minutes': 4, 'seconds': 37}",2,2,22,78,1,10,4,False,Pass Reception,Caden Veltkamp pass complete to Easton Messer for 4 yds to the FAU 26,-0.098522001264528,2025-09-28T01:43:43.000Z
401762472,40176247223,401762472104957701,23,3,Florida Atlantic,American Athletic,26,Memphis,American Athletic,41,Florida Atlantic,Memphis,4,"{'minutes': 4, 'seconds': 22}",2,2,26,74,2,6,-1,False,Pass Reception,Caden Veltkamp pass complete to Easton Messer for a loss of 1 yard to the FAU 25,-0.6429623901616521,2025-09-28T02:20:36.000Z
401762472,40176247223,401762472104964301,23,4,Florida Atlantic,American Athletic,26,Memphis,American Athletic,41,Florida Atlantic,Memphis,4,"{'minutes': 3, 'seconds': 56}",2,2,25,75,3,7,5,False,Pass Reception,Caden Veltkamp pass complete to Jabari Smith for 5 yds to the FAU 30,0.03126054691254243,2025-09-28T02:21:27.000Z
401762472,40176247223,401762472104965601,23,5,Florida Atlantic,American Athletic,26,Memphis,American Athletic,41,Florida Atlantic,Memphis,4,"{'minutes': 3, 'seconds': 43}",2,2,30,70,4,2,13,False,Pass Reception,Caden Veltkamp pass complete to Jayshon Platt for 13 yds to the FAU 43 for a 1ST down,2.5168919493434334,2025-09-28T01:43:43.000Z
401762472,40176247223,401762472104967801,23,6,Florida Atlantic,American Athletic,26,Memphis,American Athletic,41,Florida Atlantic,Memphis,4,"{'minutes': 3, 'seconds': 21}",2,2,43,57,1,10,5,False,Pass Reception,Caden Veltkamp pass complete to Xavier Terrell for 5 yds to the FAU 48,0.1094877032207345,2025-09-28T01:43:43.000Z
401762472,40176247223,401762472104968601,23,7,Florida Atlantic,American Athletic,26,Memphis,American Athletic,41,Florida Atlantic,Memphis,4,"{'minutes': 3, 'seconds': 13}",2,2,48,52,2,5,0,False,Pass Incompletion,Caden Veltkamp pass incomplete to Jabari Smith,-1.1961853197390067,2025-09-28T02:21:34.000Z
401762472,40176247223,401762472104968901,23,8,Florida Atlantic,American Athletic,26,Memphis,American Athletic,41,Florida Atlantic,Memphis,4,"{'minutes': 3, 'seconds': 10}",2,2,48,52,3,5,0,False,Pass Incompletion,Caden Veltkamp pass incomplete to Asaad Waseem,-0.882221087280314,2025-09-28T02:22:33.000Z
401762472,40176247223,401762472104969201,23,9,Florida Atlantic,American Athletic,26,Memphis,American Athletic,41,Florida Atlantic,Memphis,4,"{'minutes': 3, 'seconds': 7}",2,2,48,52,4,5,0,False,Pass Incompletion,Caden Veltkamp pass incomplete to Kaden Shields-Dutton,-0.5657645986900874,2025-09-28T02:23:26.000Z
401762472,40176247224,401762472104977101,24,2,Memphis,American Athletic,41,Florida Atlantic,American Athletic,26,Florida Atlantic,Memphis,4,"{'minutes': 2, 'seconds': 28}",2,2,9,9,1,9,5,False,Penalty,"Florida Atlantic Penalty, UNS: Unsportsmanlike Conduct UNS: Unsportsmanlike Conduct (5 Yards) to the FAU 1 for a 1ST down",,2025-09-28T02:25:44.000Z
401762472,40176247224,401762472104974002,24,1,Memphis,American Athletic,41,Florida Atlantic,American Athletic,26,Florida Atlantic,Memphis,4,"{'minutes': 2, 'seconds': 59}",2,2,48,48,1,10,39,False,Rush,"Greg Desrosiers Jr. run for 29 yds to the FAU 19 for a 1ST down Florida Atlantic Penalty, Personal Foul (Deshaun Batiste) to the FAU 9 for a 1ST down",1.261996012633489,2025-09-28T02:24:32.000Z
401762472,40176247224,401762472104979701,24,3,Memphis,American Athletic,48,Florida Atlantic,American Athletic,26,Florida Atlantic,Memphis,4,"{'minutes': 2, 'seconds': 2}",2,2,1,1,1,1,1,True,Rushing Touchdown,Greg Desrosiers Jr. run for 1 yd for a TD (Gianni Spetic KICK),0.938021275120443,2025-09-28T02:27:26.000Z
401762472,40176247225,401762472104984401,25,1,Memphis,American Athletic,48,Florida Atlantic,American Athletic,26,Florida Atlantic,Memphis,4,"{'minutes': 1, 'seconds': 55}",2,2,65,65,1,10,15,False,Kickoff Return (Offense),"Gianni Spetic kickoff for 65 yds , Asaad Waseem return for 15 yds to the FAU 15 Asaad Waseem fumbled, recovered by MEM Jayden Flaker",,2025-09-28T02:30:13.000Z
401762472,40176247225,401762472104985801,25,2,Memphis,American Athletic,48,Florida Atlantic,American Athletic,26,Florida Atlantic,Memphis,4,"{'minutes': 1, 'seconds': 41}",2,2,15,15,1,10,0,False,Rush,Frank Peasant run for no gain to the FAU 15,-0.320977659489319,2025-09-28T02:33:59.000Z
401762472,40176247225,401762472104989502,25,3,Memphis,American Athletic,55,Florida Atlantic,American Athletic,26,Florida Atlantic,Memphis,4,"{'minutes': 1, 'seconds': 4}",2,2,15,15,2,10,15,True,Rushing Touchdown,"Brendon Lewis run for 15 yds for a TD Florida Atlantic Penalty, Personal Foul (Bryce Langston) to the FAU 0 (Gianni Spetic KICK)",2.879176749054402,2025-09-28T02:34:05.000Z
401762472,40176247226,401762472104999902,26,5,Florida Atlantic,American Athletic,26,Memphis,American Athletic,55,Florida Atlantic,Memphis,4,"{'minutes': 0, 'seconds': 0}",2,2,26,74,0,9,4,False,End of Game,End of 4th Quarter,,2025-09-28T02:38:41.000Z
401762472,40176247226,401762472104989504,26,1,Memphis,American Athletic,55,Florida Atlantic,American Athletic,26,Florida Atlantic,Memphis,4,"{'minutes': 1, 'seconds': 4}",2,2,50,50,1,10,0,False,Kickoff,Gianni Spetic kickoff for 50 yds for a touchback,,2025-09-28T02:34:05.000Z
401762472,40176247226,401762472104994801,26,2,Florida Atlantic,American Athletic,26,Memphis,American Athletic,55,Florida Atlantic,Memphis,4,"{'minutes': 0, 'seconds': 51}",2,2,25,75,1,10,0,False,Rush,Kaden Shields-Dutton run for no gain to the FAU 25,-0.7029700220436519,2025-09-28T01:43:43.000Z
401762472,40176247226,401762472104997301,26,3,Florida Atlantic,American Athletic,26,Memphis,American Athletic,55,Florida Atlantic,Memphis,4,"{'minutes': 0, 'seconds': 26}",2,2,25,75,2,10,1,False,Rush,Kaden Shields-Dutton run for 1 yd to the FAU 26,-0.29282347426074384,2025-09-28T02:37:46.000Z
401762472,40176247226,401762472104999901,26,4,Florida Atlantic,American Athletic,26,Memphis,American Athletic,55,Florida Atlantic,Memphis,4,"{'minutes': 0, 'seconds': 0}",2,2,26,74,3,9,4,False,Pass Reception,Zach Gibson pass complete to Kaden Shields-Dutton for 4 yds to the FAU 30,-0.03501776414418068,2025-09-28T02:38:41.000Z
401762472,4017624721,401762472101849903,1,1,Florida Atlantic,American Athletic,0,Memphis,American Athletic,0,Florida Atlantic,Memphis,1,"{'minutes': 15, 'seconds': 0}",3,3,35,65,1,10,0,False,Kickoff,Andrew Nelms kickoff for 65 yds for a touchback,,2025-09-27T23:08:06.000Z
401762472,4017624721,401762472101857701,1,3,Memphis,American Athletic,0,Florida Atlantic,American Athletic,0,Florida Atlantic,Memphis,1,"{'minutes': 14, 'seconds': 22}",3,3,33,33,1,10,5,False,Penalty,"(14:26) No Huddle-Shotgun Desrosiers Jr.,Greg rush left for 3 yards gain to the FAU30 (Williams,Dillion; Hart, Jr.,Leon) PENALTY FAU Offside (Paret,Zion) 5 yards from FAU33 to FAU28. NO PLAY.",,2025-09-27T23:08:06.000Z
401762472,4017624721,401762472101855801,1,2,Memphis,American Athletic,0,Florida Atlantic,American Athletic,0,Florida Atlantic,Memphis,1,"{'minutes': 14, 'seconds': 41}",3,3,75,75,1,10,42,False,Pass Reception,Brendon Lewis pass complete to Jamari Hawkins for 42 yds to the FAU 33 for a 1ST down,3.1746803462193336,2025-09-27T23:08:06.000Z
401762472,4017624721,401762472101864101,1,4,Memphis,American Athletic,0,Florida Atlantic,American Athletic,0,Florida Atlantic,Memphis,1,"{'minutes': 13, 'seconds': 58}",3,3,28,28,1,5,-1,False,Rush,Brendon Lewis run for a loss of 1 yard to the FAU 29,-0.816303596707366,2025-09-27T23:08:06.000Z
401762472,4017624721,401762472101867801,1,5,Memphis,American Athletic,0,Florida Atlantic,American Athletic,0,Florida Atlantic,Memphis,1,"{'minutes': 13, 'seconds': 21}",3,3,29,29,2,6,11,False,Rush,Greg Desrosiers Jr. run for 11 yds to the FAU 18 for a 1ST down,0.370731555145729,2025-09-27T23:10:47.000Z
401762472,4017624721,401762472101875701,1,6,Memphis,American Athletic,7,Florida Atlantic,American Athletic,0,Florida Atlantic,Memphis,1,"{'minutes': 12, 'seconds': 42}",3,3,18,18,1,10,18,True,Rushing Touchdown,Brendon Lewis run for 18 yds for a TD (Gianni Spetic KICK),2.591792709070591,2025-09-27T23:10:52.000Z
401762472,4017624726,401762472101999902,2,3,Florida Atlantic,American Athletic,7,Memphis,American Athletic,10,Florida Atlantic,Memphis,1,"{'minutes': 0, 'seconds': 0}",3,3,49,51,0,5,5,False,End Period,End of 1st Quarter,,2025-09-27T23:45:45.000Z
401762472,4017624726,401762472102896501,2,13,Florida Atlantic,American Athletic,7,Memphis,American Athletic,10,Florida Atlantic,Memphis,2,"{'minutes': 10, 'seconds': 34}",2,3,86,14,4,2,0,False,Timeout,"Timeout Florida Atlantic, clock 10:34",,2025-09-27T23:51:30.000Z
401762472,4017624726,401762472102904902,2,15,Florida Atlantic,American Athletic,7,Memphis,American Athletic,10,Florida Atlantic,Memphis,2,"{'minutes': 9, 'seconds': 50}",2,3,95,5,1,5,-5,False,Penalty,"(09:50) No Huddle-Shotgun Veltkamp,Caden pass incomplete short right to Sands,Gemari thrown to MEM00 QB hurried by Bell,Jalen PENALTY FAU Ineligible Downfield on Pass 5 yards from MEM05 to MEM10. NO PLAY.",,2025-09-28T00:00:05.000Z
401762472,4017624726,401762472101849905,2,1,Florida Atlantic,American Athletic,7,Memphis,American Athletic,10,Florida Atlantic,Memphis,1,"{'minutes': 15, 'seconds': 0}",3,3,44,56,1,10,5,False,Rush,Xavier Terrell run for 5 yds to the FAU 49,0.1087719603915716,2025-09-27T23:08:06.000Z
401762472,4017624726,401762472101999901,2,2,Florida Atlantic,American Athletic,7,Memphis,American Athletic,10,Florida Atlantic,Memphis,1,"{'minutes': 0, 'seconds': 0}",3,3,49,51,2,5,5,False,Rush,Xavier Terrell run for 5 yds to the MEM 46 for a 1ST down,0.7181234128532701,2025-09-27T23:45:45.000Z
401762472,4017624726,401762472102855101,2,4,Florida Atlantic,American Athletic,7,Memphis,American Athletic,10,Florida Atlantic,Memphis,2,"{'minutes': 14, 'seconds': 48}",3,3,54,46,1,10,9,False,Pass Reception,Caden Veltkamp pass complete to Jayshon Platt for 9 yds to the MEM 37,0.9832760023277703,2025-09-27T23:51:30.000Z
401762472,4017624726,401762472102856101,2,5,Florida Atlantic,American Athletic,7,Memphis,American Athletic,10,Florida Atlantic,Memphis,2,"{'minutes': 14, 'seconds': 38}",3,3,63,37,2,1,0,False,Pass Incompletion,Caden Veltkamp pass incomplete to Jayshon Platt,-1.0065878474640384,2025-09-27T00:00:00.000Z
401762472,4017624726,401762472102857301,2,6,Florida Atlantic,American Athletic,7,Memphis,American Athletic,10,Florida Atlantic,Memphis,2,"{'minutes': 14, 'seconds': 26}",3,3,63,37,3,1,1,False,Rush,Xavier Terrell run for 1 yd to the MEM 36 for a 1ST down,0.5558211582569365,2025-09-27T00:00:00.000Z
401762472,4017624726,401762472102864301,2,7,Florida Atlantic,American Athletic,7,Memphis,American Athletic,10,Florida Atlantic,Memphis,2,"{'minutes': 13, 'seconds': 56}",3,3,64,36,1,10,0,False,Rush,Xavier Terrell run for no gain to the MEM 36,-0.7215426143188567,2025-09-27T23:52:01.000Z
401762472,4017624726,401762472102868101,2,8,Florida Atlantic,American Athletic,7,Memphis,American Athletic,10,Florida Atlantic,Memphis,2,"{'minutes': 13, 'seconds': 18}",3,3,64,36,2,10,5,False,Pass Reception,Caden Veltkamp pass complete to Dominique Henry for 5 yds to the MEM 31,0.0610919348625973,2025-09-27T23:52:06.000Z
401762472,4017624726,401762472102876101,2,9,Florida Atlantic,American Athletic,7,Memphis,American Athletic,10,Florida Atlantic,Memphis,2,"{'minutes': 12, 'seconds': 38}",3,3,69,31,3,5,9,False,Pass Reception,Caden Veltkamp pass complete to Michael Kirch for 9 yds to the MEM 22 for a 1ST down,1.0236060078215954,2025-09-27T23:53:21.000Z
401762472,4017624726,401762472102878701,2,10,Florida Atlantic,American Athletic,7,Memphis,American Athletic,10,Florida Atlantic,Memphis,2,"{'minutes': 12, 'seconds': 12}",3,3,78,22,1,10,1,False,Rush,Gemari Sands run for 1 yd to the MEM 21,-0.310131189369969,2025-09-27T23:53:29.000Z
401762472,4017624726,401762472102886701,2,11,Florida Atlantic,American Athletic,7,Memphis,American Athletic,10,Florida Atlantic,Memphis,2,"{'minutes': 11, 'seconds': 32}",3,3,79,21,2,9,8,False,Pass Reception,Caden Veltkamp pass complete to Gemari Sands for 8 yds to the MEM 13,0.355416811101371,2025-09-27T23:53:57.000Z
401762472,4017624726,401762472102894101,2,12,Florida Atlantic,American Athletic,7,Memphis,American Athletic,10,Florida Atlantic,Memphis,2,"{'minutes': 10, 'seconds': 58}",3,3,87,13,3,1,1,False,Fumble Recovery (Own),"Caden Veltkamp run for 1 yd to the MEM 14 Caden Veltkamp fumbled, recovered by FAU Daughtry Richardson",0.0722426028811325,2025-09-27T23:54:41.000Z
401762472,4017624726,401762472102897201,2,14,Florida Atlantic,American Athletic,7,Memphis,American Athletic,10,Florida Atlantic,Memphis,2,"{'minutes': 10, 'seconds': 27}",2,3,86,14,4,2,9,False,Pass Reception,Caden Veltkamp pass complete to Michael Kirch for 9 yds to the MEM 5 for a 1ST down,1.284466452311589,2025-09-27T23:59:17.000Z
401762472,4017624726,401762472102905501,2,16,Florida Atlantic,American Athletic,13,Memphis,American Athletic,10,Florida Atlantic,Memphis,2,"{'minutes': 9, 'seconds': 44}",2,3,90,10,1,10,10,True,Rushing Touchdown,Jayshon Platt run for 10 yds for a TD (Two-Point Conversion failed),2.513826842249442,2025-09-28T00:01:12.000Z
401762472,4017624722,401762472101875703,3,1,Memphis,American Athletic,7,Florida Atlantic,American Athletic,0,Florida Atlantic,Memphis,1,"{'minutes': 12, 'seconds': 42}",3,2,65,65,1,10,0,False,Kickoff,Gianni Spetic kickoff for 65 yds for a touchback,,2025-09-27T23:11:28.000Z
401762472,4017624722,401762472101888302,3,6,Florida Atlantic,American Athletic,0,Memphis,American Athletic,7,Florida Atlantic,Memphis,1,"{'minutes': 11, 'seconds': 16}",2,3,70,30,3,3,-5,False,Penalty,"PENALTY FAU False Start (Atcavage,Alex) 5 yards from MEM30 to MEM35. NO PLAY.",,2025-09-27T23:17:18.000Z
401762472,4017624722,401762472101877601,3,2,Florida Atlantic,American Athletic,0,Memphis,American Athletic,7,Florida Atlantic,Memphis,1,"{'minutes': 12, 'seconds': 23}",2,3,25,75,1,10,3,False,Pass Reception,Caden Veltkamp pass complete to Gemari Sands for 3 yds to the FAU 28,-0.2957674139440157,2025-09-27T23:15:55.000Z
401762472,4017624722,401762472101885101,3,3,Florida Atlantic,American Athletic,0,Memphis,American Athletic,7,Florida Atlantic,Memphis,1,"{'minutes': 11, 'seconds': 48}",2,3,28,72,2,7,35,False,Pass Reception,Caden Veltkamp pass complete to Easton Messer for 35 yds to the MEM 37 for a 1ST down,3.322113902188594,2025-09-27T23:16:32.000Z
401762472,4017624722,401762472101887801,3,4,Florida Atlantic,American Athletic,0,Memphis,American Athletic,7,Florida Atlantic,Memphis,1,"{'minutes': 11, 'seconds': 21}",2,3,63,37,1,10,7,False,Pass Reception,Caden Veltkamp pass complete to Easton Messer for 7 yds to the MEM 30,0.4132162669128242,2025-09-27T23:08:06.000Z
401762472,4017624722,401762472101888301,3,5,Florida Atlantic,American Athletic,0,Memphis,American Athletic,7,Florida Atlantic,Memphis,1,"{'minutes': 11, 'seconds': 16}",2,3,70,30,2,3,0,False,Pass Incompletion,Caden Veltkamp pass incomplete to Jayshon Platt,-0.744052160372252,2025-09-27T23:17:18.000Z
401762472,4017624722,401762472101894001,3,7,Florida Atlantic,American Athletic,0,Memphis,American Athletic,7,Florida Atlantic,Memphis,1,"{'minutes': 10, 'seconds': 59}",2,3,65,35,3,8,10,False,Pass Reception,Caden Veltkamp pass complete to Easton Messer for 10 yds to the MEM 25 for a 1ST down,1.6373317435816175,2025-09-27T23:19:08.000Z
401762472,4017624722,401762472101895801,3,8,Florida Atlantic,American Athletic,0,Memphis,American Athletic,7,Florida Atlantic,Memphis,1,"{'minutes': 10, 'seconds': 41}",2,3,75,25,1,10,19,False,Pass Reception,Caden Veltkamp pass complete to Jayshon Platt for 19 yds to the MEM 6 for a 1ST down,0.6475945912007804,2025-09-27T23:19:10.000Z
401762472,4017624722,401762472101896901,3,9,Florida Atlantic,American Athletic,0,Memphis,American Athletic,7,Florida Atlantic,Memphis,1,"{'minutes': 10, 'seconds': 30}",2,3,94,6,1,6,5,False,Rush,Caden Veltkamp run for 5 yds to the MEM 1,0.152137533592271,2025-09-27T23:21:25.000Z
401762472,4017624722,401762472101905701,3,10,Florida Atlantic,American Athletic,0,Memphis,American Athletic,7,Florida Atlantic,Memphis,1,"{'minutes': 9, 'seconds': 42}",2,3,99,1,2,1,1,False,Fumble Recovery (Own),"Vincent Fiacable run for 1 yd to the MEM 2 Vincent Fiacable fumbled, recovered by FAU Caden Veltkamp",,2025-09-27T23:22:44.000Z
401762472,4017624722,401762472101906501,3,11,Florida Atlantic,American Athletic,0,Memphis,American Athletic,7,Florida Atlantic,Memphis,1,"{'minutes': 9, 'seconds': 34}",2,3,98,2,3,2,1,False,Rush,Caden Veltkamp run for 1 yd to the MEM 1,-0.24092369079324,2025-09-27T23:22:45.000Z
401762472,4017624722,401762472101908901,3,12,Florida Atlantic,American Athletic,7,Memphis,American Athletic,7,Florida Atlantic,Memphis,1,"{'minutes': 9, 'seconds': 10}",2,3,99,1,4,1,1,True,Rushing Touchdown,Caden Veltkamp run for 1 yd for a TD (Garrison Smith KICK),2.785753974856101,2025-09-27T23:23:23.000Z
401762472,4017624723,401762472101969101,4,13,Memphis,American Athletic,10,Florida Atlantic,American Athletic,7,Florida Atlantic,Memphis,1,"{'minutes': 3, 'seconds': 8}",3,2,34,34,4,5,52,True,Field Goal Good,Gianni Spetic 52 yd FG GOOD,,2025-09-27T23:45:45.000Z
401762472,4017624723,401762472101908903,4,1,Florida Atlantic,American Athletic,7,Memphis,American Athletic,7,Florida Atlantic,Memphis,1,"{'minutes': 9, 'seconds': 10}",2,3,35,65,1,10,0,False,Kickoff,Andrew Nelms kickoff for 65 yds for a touchback,,2025-09-27T23:23:23.000Z
401762472,4017624723,401762472101916501,4,3,Memphis,American Athletic,7,Florida Atlantic,American Athletic,7,Florida Atlantic,Memphis,1,"{'minutes': 8, 'seconds': 34}",3,2,67,67,2,2,-5,False,Penalty,"PENALTY MEM False Start (Hawkins,Jamari) 5 yards from MEM33 to MEM28. NO PLAY.",,2025-09-27T23:28:46.000Z
401762472,4017624723,401762472101929201,4,6,Memphis,American Athletic,7,Florida Atlantic,American Athletic,7,Florida Atlantic,Memphis,1,"{'minutes': 7, 'seconds': 7}",3,2,61,61,1,10,-5,False,Penalty,"PENALTY MEM Illegal Snap (Walker,Yakiri) 5 yards from MEM39 to MEM34. NO PLAY.",,2025-09-27T23:30:47.000Z
401762472,4017624723,401762472101914401,4,2,Memphis,American Athletic,7,Florida Atlantic,American Athletic,7,Florida Atlantic,Memphis,1,"{'minutes': 8, 'seconds': 55}",3,2,75,75,1,10,8,False,Rush,Brendon Lewis run for 8 yds to the MEM 33,0.9104368550610653,2025-09-27T23:28:44.000Z
401762472,4017624723,401762472101918601,4,4,Memphis,American Athletic,7,Florida Atlantic,American Athletic,7,Florida Atlantic,Memphis,1,"{'minutes': 8, 'seconds': 13}",3,2,72,72,2,7,5,False,Rush,Brendon Lewis run for 5 yds to the MEM 33,0.0761799593184067,2025-09-27T23:29:26.000Z
401762472,4017624723,401762472101926601,4,5,Memphis,American Athletic,7,Florida Atlantic,American Athletic,7,Florida Atlantic,Memphis,1,"{'minutes': 7, 'seconds': 33}",3,2,67,67,3,2,6,False,Rush,Brendon Lewis run for 6 yds to the MEM 39 for a 1ST down,1.4423265378820644,2025-09-27T23:30:06.000Z
401762472,4017624723,401762472101935401,4,7,Memphis,American Athletic,7,Florida Atlantic,American Athletic,7,Florida Atlantic,Memphis,1,"{'minutes': 6, 'seconds': 45}",3,2,66,66,1,15,13,False,Rush,Brendon Lewis run for 13 yds to the MEM 47,2.1921322709919844,2025-09-27T23:31:25.000Z
401762472,4017624723,401762472101938301,4,8,Memphis,American Athletic,7,Florida Atlantic,American Athletic,7,Florida Atlantic,Memphis,1,"{'minutes': 6, 'seconds': 16}",3,2,53,53,2,2,4,False,Rush,Sutton Smith run for 4 yds to the FAU 49 for a 1ST down,0.067717067599057,2025-09-27T23:32:03.000Z
401762472,4017624723,401762472101946901,4,9,Memphis,American Athletic,7,Florida Atlantic,American Athletic,7,Florida Atlantic,Memphis,1,"{'minutes': 5, 'seconds': 30}",3,2,49,49,1,10,10,False,Pass Reception,Brendon Lewis pass complete to Cortez Braham Jr. for 10 yds to the FAU 39 for a 1ST down,0.6218919967056973,2025-09-27T23:32:43.000Z
401762472,4017624723,401762472101954401,4,10,Memphis,American Athletic,7,Florida Atlantic,American Athletic,7,Florida Atlantic,Memphis,1,"{'minutes': 4, 'seconds': 55}",3,2,39,39,1,10,3,False,Rush,Frank Peasant run for 3 yds to the FAU 36,-0.2585563392598456,2025-09-27T23:33:27.000Z
401762472,4017624723,401762472101958401,4,11,Memphis,American Athletic,7,Florida Atlantic,American Athletic,7,Florida Atlantic,Memphis,1,"{'minutes': 4, 'seconds': 15}",3,2,36,36,2,7,2,False,Rush,Brendon Lewis run for 2 yds to the FAU 34,-0.4903043990923734,2025-09-27T23:33:43.000Z
401762472,4017624723,401762472101965901,4,12,Memphis,American Athletic,7,Florida Atlantic,American Athletic,7,Florida Atlantic,Memphis,1,"{'minutes': 3, 'seconds': 40}",3,2,34,34,3,5,0,False,Pass Reception,Brendon Lewis pass complete to Sutton Smith for no gain to the FAU 34,-1.0164838033385433,2025-09-27T23:34:34.000Z
401762472,4017624724,401762472101969102,5,1,Memphis,American Athletic,10,Florida Atlantic,American Athletic,7,Florida Atlantic,Memphis,1,"{'minutes': 3, 'seconds': 8}",3,2,65,65,1,10,0,False,Kickoff,Gianni Spetic kickoff for 65 yds for a touchback,,2025-09-27T23:45:45.000Z
401762472,4017624724,401762472101979801,5,5,Florida Atlantic,American Athletic,7,Memphis,American Athletic,10,Florida Atlantic,Memphis,1,"{'minutes': 2, 'seconds': 1}",2,3,27,73,4,8,0,False,Punt,"Logan Lupo punt for 55 yds, punt out-of-bounds at the MEM 18",,2025-09-27T23:45:45.000Z
401762472,4017624724,401762472101969801,5,2,Florida Atlantic,American Athletic,7,Memphis,American Athletic,10,Florida Atlantic,Memphis,1,"{'minutes': 3, 'seconds': 1}",2,3,25,75,1,10,-2,False,Rush,Caden Veltkamp run for a loss of 2 yards to the FAU 23,-0.8852575132705454,2025-09-27T23:45:45.000Z
401762472,4017624724,401762472101976301,5,3,Florida Atlantic,American Athletic,7,Memphis,American Athletic,10,Florida Atlantic,Memphis,1,"{'minutes': 2, 'seconds': 36}",2,3,23,77,2,12,4,False,Rush,Gemari Sands run for 4 yds to the FAU 27,-0.046153682188121437,2025-09-27T23:40:49.000Z
401762472,4017624724,401762472101979001,5,4,Florida Atlantic,American Athletic,7,Memphis,American Athletic,10,Florida Atlantic,Memphis,1,"{'minutes': 2, 'seconds': 9}",2,3,27,73,3,8,0,False,Pass Incompletion,Caden Veltkamp pass incomplete to Jayshon Platt,-0.22421028645399854,2025-09-27T23:45:45.000Z
401762472,4017624725,401762472101997801,6,4,Memphis,American Athletic,10,Florida Atlantic,American Athletic,7,Florida Atlantic,Memphis,1,"{'minutes': 0, 'seconds': 21}",3,2,95,95,4,23,0,False,Punt,"Lachlan Carrigan punt for 51 yds, fair catch by Easton Messer at the FAU 44",,2025-09-27T23:45:45.000Z
401762472,4017624725,401762472101984501,6,1,Memphis,American Athletic,10,Florida Atlantic,American Athletic,7,Florida Atlantic,Memphis,1,"{'minutes': 1, 'seconds': 54}",3,2,82,82,1,10,0,False,Pass Incompletion,Brendon Lewis pass incomplete to Sutton Smith,-0.5080208698531008,2025-09-27T23:45:45.000Z
401762472,4017624725,401762472101985601,6,2,Memphis,American Athletic,10,Florida Atlantic,American Athletic,7,Florida Atlantic,Memphis,1,"{'minutes': 1, 'seconds': 43}",3,2,82,82,2,10,0,False,Rush,Greg Desrosiers Jr. run for no gain to the MEM 18,-0.23306550564546488,2025-09-27T23:45:45.000Z
401762472,4017624725,401762472101989601,6,3,Memphis,American Athletic,10,Florida Atlantic,American Athletic,7,Florida Atlantic,Memphis,1,"{'minutes': 1, 'seconds': 3}",3,2,82,82,3,10,-13,False,Sack,Brendon Lewis sacked for a loss of 13 yards to the MEM 5,-0.1733042401843674,2025-09-27T23:45:45.000Z
401762472,4017624727,401762472102905503,7,1,Florida Atlantic,American Athletic,13,Memphis,American Athletic,10,Florida Atlantic,Memphis,2,"{'minutes': 9, 'seconds': 44}",2,3,35,65,1,10,0,False,Kickoff,Andrew Nelms kickoff for 65 yds for a touchback,,2025-09-28T00:01:12.000Z
401762472,4017624727,401762472102945201,7,9,Memphis,American Athletic,10,Florida Atlantic,American Athletic,13,Florida Atlantic,Memphis,2,"{'minutes': 5, 'seconds': 47}",2,2,46,46,3,6,0,False,Timeout,"Timeout Memphis, clock 05:47",,2025-09-27T23:51:30.000Z
401762472,4017624727,401762472102907101,7,2,Memphis,American Athletic,10,Florida Atlantic,American Athletic,13,Florida Atlantic,Memphis,2,"{'minutes': 9, 'seconds': 28}",3,2,75,75,1,10,7,False,Pass Reception,Brendon Lewis pass complete to Jamari Hawkins for 7 yds to the MEM 32,0.604642460086338,2025-09-28T00:06:34.000Z
401762472,4017624727,401762472102909601,7,3,Memphis,American Athletic,10,Florida Atlantic,American Athletic,13,Florida Atlantic,Memphis,2,"{'minutes': 9, 'seconds': 3}",3,2,68,68,2,3,7,False,Rush,Greg Desrosiers Jr. run for 7 yds to the MEM 39 for a 1ST down,0.6180966231701175,2025-09-28T00:06:37.000Z
401762472,4017624727,401762472102917001,7,4,Memphis,American Athletic,10,Florida Atlantic,American Athletic,13,Florida Atlantic,Memphis,2,"{'minutes': 8, 'seconds': 29}",3,2,61,61,1,10,0,False,Pass Incompletion,Brendon Lewis pass incomplete,-1.1077677360468863,2025-09-28T00:07:21.000Z
401762472,4017624727,401762472102918301,7,5,Memphis,American Athletic,10,Florida Atlantic,American Athletic,13,Florida Atlantic,Memphis,2,"{'minutes': 8, 'seconds': 16}",3,2,61,61,2,10,8,False,Rush,Brendon Lewis run for 8 yds to the MEM 47,0.775758440858441,2025-09-28T00:08:17.000Z
401762472,4017624727,401762472102925701,7,6,Memphis,American Athletic,10,Florida Atlantic,American Athletic,13,Florida Atlantic,Memphis,2,"{'minutes': 7, 'seconds': 42}",3,2,53,53,3,2,3,False,Rush,Greg Desrosiers Jr. run for 3 yds to the 50 yard line for a 1ST down,1.3456133995319384,2025-09-28T00:09:55.000Z
401762472,4017624727,401762472102929701,7,7,Memphis,American Athletic,10,Florida Atlantic,American Athletic,13,Florida Atlantic,Memphis,2,"{'minutes': 7, 'seconds': 2}",3,2,50,50,1,10,6,False,Rush,Greg Desrosiers Jr. run for 6 yds to the FAU 44,0.345257937612164,2025-09-28T00:10:46.000Z
401762472,4017624727,401762472102937501,7,8,Memphis,American Athletic,10,Florida Atlantic,American Athletic,13,Florida Atlantic,Memphis,2,"{'minutes': 6, 'seconds': 24}",3,2,44,44,2,4,-2,False,Rush,Arrington Maiden run for a loss of 2 yards to the FAU 46,-1.6258970629361877,2025-09-28T00:10:53.000Z
401762472,4017624727,401762472102945701,7,10,Memphis,American Athletic,10,Florida Atlantic,American Athletic,13,Florida Atlantic,Memphis,2,"{'minutes': 5, 'seconds': 42}",2,2,46,46,3,6,0,False,Rush,Sutton Smith run for no gain to the FAU 46,-0.9913259097005076,2025-09-28T00:15:11.000Z
401762472,4017624727,401762472102949901,7,11,Memphis,American Athletic,10,Florida Atlantic,American Athletic,13,Florida Atlantic,Memphis,2,"{'minutes': 5, 'seconds': 0}",2,2,46,46,4,6,0,False,Pass Incompletion,Brendon Lewis pass incomplete to Jamari Hawkins,-0.8866230328540956,2025-09-28T00:16:06.000Z
401762472,4017624728,401762472102978101,8,9,Florida Atlantic,American Athletic,16,Memphis,American Athletic,10,Florida Atlantic,Memphis,2,"{'minutes': 2, 'seconds': 18}",2,2,91,9,4,5,27,True,Field Goal Good,Garrison Smith 27 yd FG GOOD,,2025-09-28T00:23:26.000Z
401762472,4017624728,401762472102954501,8,1,Florida Atlantic,American Athletic,13,Memphis,American Athletic,10,Florida Atlantic,Memphis,2,"{'minutes': 4, 'seconds': 54}",2,2,46,54,1,10,0,False,Pass Incompletion,Caden Veltkamp pass incomplete to Jayshon Platt,-1.1590089706435955,2025-09-28T00:17:25.000Z
401762472,4017624728,401762472102955501,8,2,Florida Atlantic,American Athletic,13,Memphis,American Athletic,10,Florida Atlantic,Memphis,2,"{'minutes': 4, 'seconds': 44}",2,2,46,54,2,10,9,False,Rush,Gemari Sands run for 9 yds to the MEM 45,1.109523512471588,2025-09-28T00:17:30.000Z
401762472,4017624728,401762472102957302,8,3,Florida Atlantic,American Athletic,13,Memphis,American Athletic,10,Florida Atlantic,Memphis,2,"{'minutes': 4, 'seconds': 26}",2,2,55,45,3,1,18,False,Rush,"Caden Veltkamp run for 3 yds to the MEM 42 for a 1ST down Memphis Penalty, Personal Foul (Kamari Wilson) to the MEM 27 for a 1ST down",1.4931021544657295,2025-09-28T00:18:11.000Z
401762472,4017624728,401762472102959504,8,4,Florida Atlantic,American Athletic,13,Memphis,American Athletic,10,Florida Atlantic,Memphis,2,"{'minutes': 4, 'seconds': 4}",2,2,73,27,1,10,-2,False,Rush,Gemari Sands run for a loss of 2 yards to the MEM 29,-0.7449900613577007,2025-09-28T00:18:55.000Z
401762472,4017624728,401762472102966001,8,5,Florida Atlantic,American Athletic,13,Memphis,American Athletic,10,Florida Atlantic,Memphis,2,"{'minutes': 3, 'seconds': 39}",2,2,71,29,2,12,15,False,Pass Reception,Caden Veltkamp pass complete to Jayshon Platt for 15 yds to the MEM 14 for a 1ST down,0.9379877275701052,2025-09-28T00:19:35.000Z
401762472,4017624728,401762472102967301,8,6,Florida Atlantic,American Athletic,13,Memphis,American Athletic,10,Florida Atlantic,Memphis,2,"{'minutes': 3, 'seconds': 26}",2,2,86,14,1,10,1,False,Rush,Gemari Sands run for 1 yd to the MEM 13,-0.2453531896168325,2025-09-28T00:21:12.000Z
401762472,4017624728,401762472102969901,8,7,Florida Atlantic,American Athletic,13,Memphis,American Athletic,10,Florida Atlantic,Memphis,2,"{'minutes': 3, 'seconds': 0}",2,2,87,13,2,9,4,False,Rush,Xavier Terrell run for 4 yds to the MEM 9,-0.028241555395947,2025-09-28T00:22:15.000Z
401762472,4017624728,401762472102977801,8,8,Florida Atlantic,American Athletic,13,Memphis,American Athletic,10,Florida Atlantic,Memphis,2,"{'minutes': 2, 'seconds': 21}",2,2,91,9,3,5,0,False,Pass Incompletion,Caden Veltkamp pass incomplete to Easton Messer,-0.352131872821511,2025-09-28T00:23:08.000Z
401762472,4017624729,401762472102978102,9,1,Florida Atlantic,American Athletic,16,Memphis,American Athletic,10,Florida Atlantic,Memphis,2,"{'minutes': 2, 'seconds': 18}",2,2,35,65,1,10,0,False,Kickoff,Andrew Nelms kickoff for 65 yds for a touchback,,2025-09-28T00:24:58.000Z
401762472,4017624729,401762472102979902,9,3,Memphis,American Athletic,10,Florida Atlantic,American Athletic,16,Florida Atlantic,Memphis,2,"{'minutes': 2, 'seconds': 0}",2,1,71,71,2,6,0,False,Timeout,"Timeout Florida Atlantic, clock 02:00",,2025-09-28T00:26:45.000Z
401762472,4017624729,401762472102995502,9,9,Memphis,American Athletic,10,Florida Atlantic,American Athletic,16,Florida Atlantic,Memphis,2,"{'minutes': 0, 'seconds': 44}",2,0,17,17,1,10,0,False,Timeout,"Timeout Florida Atlantic, clock 00:44",,2025-09-28T00:31:00.000Z
401762472,4017624729,401762472102996202,9,11,Memphis,American Athletic,10,Florida Atlantic,American Athletic,16,Florida Atlantic,Memphis,2,"{'minutes': 0, 'seconds': 37}",1,0,17,17,2,10,0,False,Timeout,"Timeout Memphis, clock 00:37",,2025-09-28T00:32:57.000Z
401762472,4017624729,401762472102979901,9,2,Memphis,American Athletic,10,Florida Atlantic,American Athletic,16,Florida Atlantic,Memphis,2,"{'minutes': 2, 'seconds': 0}",2,2,75,75,1,10,4,False,Pass Reception,Brendon Lewis pass complete to Cortez Braham Jr. for 4 yds to the MEM 29,-0.1142886249388964,2025-09-28T00:25:49.000Z
401762472,4017624729,401762472102985001,9,4,Memphis,American Athletic,10,Florida Atlantic,American Athletic,16,Florida Atlantic,Memphis,2,"{'minutes': 1, 'seconds': 49}",2,1,71,71,2,6,6,False,Pass Reception,Brendon Lewis pass complete to Marcello Bussey for 6 yds to the MEM 35 for a 1ST down,0.9493267339688831,2025-09-28T00:30:03.000Z
401762472,4017624729,401762472102986701,9,5,Memphis,American Athletic,10,Florida Atlantic,American Athletic,16,Florida Atlantic,Memphis,2,"{'minutes': 1, 'seconds': 32}",2,1,65,65,1,10,5,False,Pass Reception,Brendon Lewis pass complete to Cortez Braham Jr. for 5 yds to the MEM 40,0.1088137823196469,2025-09-28T00:30:07.000Z
401762472,4017624729,401762472102989101,9,6,Memphis,American Athletic,10,Florida Atlantic,American Athletic,16,Florida Atlantic,Memphis,2,"{'minutes': 1, 'seconds': 8}",2,1,60,60,2,5,4,False,Rush,Brendon Lewis run for 4 yds to the MEM 44,-0.1614281338413991,2025-09-28T00:30:53.000Z
401762472,4017624729,401762472102994301,9,7,Memphis,American Athletic,10,Florida Atlantic,American Athletic,16,Florida Atlantic,Memphis,2,"{'minutes': 0, 'seconds': 56}",2,1,56,56,3,1,13,False,Rush,Greg Desrosiers Jr. run for 13 yds to the FAU 43 for a 1ST down,1.9429612742822329,2025-09-28T00:30:57.000Z
401762472,4017624729,401762472102995501,9,8,Memphis,American Athletic,10,Florida Atlantic,American Athletic,16,Florida Atlantic,Memphis,2,"{'minutes': 0, 'seconds': 44}",2,1,43,43,1,10,26,False,Rush,Greg Desrosiers Jr. run for 26 yds to the FAU 17 for a 1ST down,0.7724669851464402,2025-09-28T00:31:00.000Z
401762472,4017624729,401762472102996201,9,10,Memphis,American Athletic,10,Florida Atlantic,American Athletic,16,Florida Atlantic,Memphis,2,"{'minutes': 0, 'seconds': 37}",2,0,17,17,1,10,0,False,Pass Reception,Brendon Lewis pass complete to Bryce Dorsey for no gain to the FAU 17,-0.340019558909725,2025-09-28T00:32:57.000Z
401762472,4017624729,401762472102996701,9,12,Memphis,American Athletic,10,Florida Atlantic,American Athletic,16,Florida Atlantic,Memphis,2,"{'minutes': 0, 'seconds': 32}",1,0,17,17,2,10,-2,False,Rush,Brendon Lewis run for a loss of 2 yards to the FAU 19,-0.6341088622306794,2025-09-28T00:34:14.000Z
401762472,4017624729,401762472102997301,9,13,Memphis,American Athletic,10,Florida Atlantic,American Athletic,16,Florida Atlantic,Memphis,2,"{'minutes': 0, 'seconds': 26}",1,0,19,19,3,12,17,False,Pass Reception,Brendon Lewis pass complete to Cortez Braham Jr. for 17 yds to the FAU 2 for a 1ST down,2.34079622625272,2025-09-28T00:35:00.000Z
401762472,4017624729,401762472102997701,9,14,Memphis,American Athletic,17,Florida Atlantic,American Athletic,16,Florida Atlantic,Memphis,2,"{'minutes': 0, 'seconds': 22}",1,0,2,2,1,2,2,True,Rushing Touchdown,Greg Desrosiers Jr. run for 2 yds for a TD (Gianni Spetic KICK),1.213235297672098,2025-09-28T00:35:03.000Z
401762472,40176247210,401762472102998401,10,1,Memphis,American Athletic,17,Florida Atlantic,American Athletic,16,Florida Atlantic,Memphis,2,"{'minutes': 0, 'seconds': 15}",1,0,65,65,1,10,5,False,Kickoff Return (Offense),"Gianni Spetic kickoff for 64 yds , Derrick Rogers return for 5 yds to the FAU 6 Derrick Rogers fumbled, recovered by FAU Reid Mikeska",,2025-09-28T00:38:13.000Z
401762472,40176247210,401762472102999902,10,6,Florida Atlantic,American Athletic,16,Memphis,American Athletic,17,Florida Atlantic,Memphis,2,"{'minutes': 0, 'seconds': 0}",-1,1,32,68,0,2,12,False,End of Half,End of 2nd Quarter,,2025-09-28T00:40:37.000Z
401762472,40176247210,401762472102999102,10,3,Florida Atlantic,American Athletic,16,Memphis,American Athletic,17,Florida Atlantic,Memphis,2,"{'minutes': 0, 'seconds': 8}",-1,1,24,76,1,10,0,False,Timeout,"Timeout Florida Atlantic, clock 00:08",,2025-09-28T00:38:17.000Z
401762472,40176247210,401762472102999101,10,2,Florida Atlantic,American Athletic,16,Memphis,American Athletic,17,Florida Atlantic,Memphis,2,"{'minutes': 0, 'seconds': 8}",0,1,6,94,1,10,18,False,Pass Reception,Caden Veltkamp pass complete to Asaad Waseem for 18 yds to the FAU 24 for a 1ST down,0.7510751173652359,2025-09-28T00:38:17.000Z
401762472,40176247210,401762472102999601,10,4,Florida Atlantic,American Athletic,16,Memphis,American Athletic,17,Florida Atlantic,Memphis,2,"{'minutes': 0, 'seconds': 3}",-1,1,24,76,1,10,8,False,Pass Reception,Caden Veltkamp pass complete to Asaad Waseem for 8 yds to the FAU 32,0.8892177775023722,2025-09-28T00:39:45.000Z
401762472,40176247210,401762472102999901,10,5,Florida Atlantic,American Athletic,16,Memphis,American Athletic,17,Florida Atlantic,Memphis,2,"{'minutes': 0, 'seconds': 0}",-1,1,32,68,2,2,12,False,Pass Reception,Caden Veltkamp pass complete to Easton Messer for 12 yds to the FAU 44 for a 1ST down,0.8862177845341125,2025-09-28T00:40:37.000Z
401762472,40176247211,401762472103849903,11,1,Memphis,American Athletic,17,Florida Atlantic,American Athletic,16,Florida Atlantic,Memphis,3,"{'minutes': 15, 'seconds': 0}",3,3,65,65,1,10,0,False,Kickoff,Gianni Spetic kickoff for 65 yds for a touchback,,2025-09-27T00:00:00.000Z
401762472,40176247211,401762472103875501,11,8,Florida Atlantic,American Athletic,16,Memphis,American Athletic,17,Florida Atlantic,Memphis,3,"{'minutes': 12, 'seconds': 44}",3,3,54,46,3,11,-5,False,Penalty,"PENALTY FAU False Start (Atcavage,Alex) 5 yards from MEM46 to FAU49. NO PLAY.",,2025-09-28T01:05:52.000Z
401762472,40176247211,401762472103886801,11,10,Florida Atlantic,American Athletic,16,Memphis,American Athletic,17,Florida Atlantic,Memphis,3,"{'minutes': 11, 'seconds': 31}",3,3,50,50,4,15,0,False,Punt,Logan Lupo punt for 49 yds,,2025-09-28T01:06:49.000Z
401762472,40176247211,401762472103855001,11,2,Florida Atlantic,American Athletic,16,Memphis,American Athletic,17,Florida Atlantic,Memphis,3,"{'minutes': 14, 'seconds': 49}",3,3,25,75,1,10,18,False,Rush,Caden Veltkamp run for 18 yds to the FAU 43 for a 1ST down,1.612438422209995,2025-09-27T00:00:00.000Z
401762472,40176247211,401762472103857801,11,3,Florida Atlantic,American Athletic,16,Memphis,American Athletic,17,Florida Atlantic,Memphis,3,"{'minutes': 14, 'seconds': 21}",3,3,43,57,1,10,0,False,Pass Incompletion,Caden Veltkamp pass incomplete to Easton Messer,-1.15714755134967,2025-09-27T00:00:00.000Z
401762472,40176247211,401762472103859401,11,4,Florida Atlantic,American Athletic,16,Memphis,American Athletic,17,Florida Atlantic,Memphis,3,"{'minutes': 14, 'seconds': 5}",3,3,43,57,2,10,2,False,Rush,Xavier Terrell run for 2 yds to the FAU 45,-0.5369222363997892,2025-09-28T01:03:19.000Z
401762472,40176247211,401762472103866901,11,5,Florida Atlantic,American Athletic,16,Memphis,American Athletic,17,Florida Atlantic,Memphis,3,"{'minutes': 13, 'seconds': 30}",3,3,45,55,3,8,10,False,Pass Reception,Caden Veltkamp pass complete to Jayshon Platt for 10 yds to the MEM 45 for a 1ST down,2.682872400193718,2025-09-28T01:04:07.000Z
401762472,40176247211,401762472103868201,11,6,Florida Atlantic,American Athletic,16,Memphis,American Athletic,17,Florida Atlantic,Memphis,3,"{'minutes': 13, 'seconds': 17}",3,3,55,45,1,10,0,False,Pass Incompletion,Caden Veltkamp pass incomplete to Dominique Henry,-0.997770018980635,2025-09-28T01:04:12.000Z
401762472,40176247211,401762472103869001,11,7,Florida Atlantic,American Athletic,16,Memphis,American Athletic,17,Florida Atlantic,Memphis,3,"{'minutes': 13, 'seconds': 9}",3,3,55,45,2,10,-1,False,Rush,Xavier Terrell run for a loss of 1 yard to the MEM 46,-1.2737518356106194,2025-09-28T01:05:03.000Z
401762472,40176247211,401762472103878901,11,9,Florida Atlantic,American Athletic,16,Memphis,American Athletic,17,Florida Atlantic,Memphis,3,"{'minutes': 12, 'seconds': 10}",3,3,49,51,3,16,1,False,Pass Reception,Caden Veltkamp pass complete to Kaden Shields-Dutton for 1 yd to the 50 yard line,-0.37360349643094715,2025-09-28T01:06:41.000Z
401762472,40176247212,401762472103895502,12,3,Memphis,American Athletic,17,Florida Atlantic,American Athletic,16,Florida Atlantic,Memphis,3,"{'minutes': 10, 'seconds': 44}",2,3,90,90,3,1,0,False,Timeout,"Timeout Memphis, clock 10:44",,2025-09-28T01:11:45.000Z
401762472,40176247212,401762472103887801,12,1,Memphis,American Athletic,17,Florida Atlantic,American Athletic,16,Florida Atlantic,Memphis,3,"{'minutes': 11, 'seconds': 21}",3,3,99,99,1,10,1,False,Rush,Greg Desrosiers Jr. run for 1 yd to the MEM 2,-0.20239104774718264,2025-09-28T01:10:56.000Z
401762472,40176247212,401762472103895501,12,2,Memphis,American Athletic,17,Florida Atlantic,American Athletic,16,Florida Atlantic,Memphis,3,"{'minutes': 10, 'seconds': 44}",3,3,98,98,2,9,8,False,Pass Reception,Brendon Lewis pass complete to Jamari Hawkins for 8 yds to the MEM 10,0.23431458152635187,2025-09-28T01:11:45.000Z
401762472,40176247212,401762472103904201,12,4,Memphis,American Athletic,24,Florida Atlantic,American Athletic,16,Florida Atlantic,Memphis,3,"{'minutes': 9, 'seconds': 57}",2,3,90,90,3,1,90,True,Rushing Touchdown,Greg Desrosiers Jr. run for 90 yds for a TD (Gianni Spetic KICK),6.95975631809024,2025-09-28T01:13:31.000Z
401762472,40176247213,401762472103904203,13,1,Memphis,American Athletic,24,Florida Atlantic,American Athletic,16,Florida Atlantic,Memphis,3,"{'minutes': 9, 'seconds': 57}",2,3,65,65,1,10,0,False,Kickoff,Gianni Spetic kickoff for 65 yds for a touchback,,2025-09-28T01:17:49.000Z
401762472,40176247213,401762472103925801,13,5,Florida Atlantic,American Athletic,16,Memphis,American Athletic,24,Florida Atlantic,Memphis,3,"{'minutes': 7, 'seconds': 41}",3,2,30,70,4,5,20,False,Punt,"Logan Lupo punt for 55 yds , Sutton Smith returns for 20 yds to the MEM 35",,2025-09-28T01:20:46.000Z
401762472,40176247213,401762472103905401,13,2,Florida Atlantic,American Athletic,16,Memphis,American Athletic,24,Florida Atlantic,Memphis,3,"{'minutes': 9, 'seconds': 45}",3,2,25,75,1,10,2,False,Pass Reception,Caden Veltkamp pass complete to Easton Messer for 2 yds to the FAU 27,-0.45260367932203766,2025-09-28T01:18:58.000Z
401762472,40176247213,401762472103908801,13,3,Florida Atlantic,American Athletic,16,Memphis,American Athletic,24,Florida Atlantic,Memphis,3,"{'minutes': 9, 'seconds': 11}",3,2,27,73,2,8,1,False,Rush,Xavier Terrell run for 1 yd to the FAU 28,-0.40259546283400116,2025-09-28T01:19:02.000Z
401762472,40176247213,401762472103916701,13,4,Florida Atlantic,American Athletic,16,Memphis,American Athletic,24,Florida Atlantic,Memphis,3,"{'minutes': 8, 'seconds': 32}",3,2,28,72,3,7,2,False,Pass Reception,Caden Veltkamp pass complete to Asaad Waseem for 2 yds to the FAU 30,-0.17561211829253764,2025-09-28T01:19:51.000Z
401762472,40176247214,401762472103937801,14,4,Memphis,American Athletic,24,Florida Atlantic,American Athletic,16,Florida Atlantic,Memphis,3,"{'minutes': 6, 'seconds': 21}",2,3,70,70,4,15,0,False,Punt,"Lachlan Carrigan punt for 48 yds, fair catch by Easton Messer at the FAU 22",,2025-09-28T01:23:45.000Z
401762472,40176247214,401762472103927301,14,1,Memphis,American Athletic,24,Florida Atlantic,American Athletic,16,Florida Atlantic,Memphis,3,"{'minutes': 7, 'seconds': 26}",2,3,65,65,1,10,1,False,Rush,Greg Desrosiers Jr. run for 1 yd to the MEM 36,-0.8334176637748527,2025-09-28T01:22:00.000Z
401762472,40176247214,401762472103929301,14,2,Memphis,American Athletic,24,Florida Atlantic,American Athletic,16,Florida Atlantic,Memphis,3,"{'minutes': 7, 'seconds': 6}",2,3,64,64,2,9,-6,False,Sack,Brendon Lewis sacked by Tyler Stolsky for a loss of 6 yards to the MEM 30,-1.0959808498050911,2025-09-28T01:22:04.000Z
401762472,40176247214,401762472103937101,14,3,Memphis,American Athletic,24,Florida Atlantic,American Athletic,16,Florida Atlantic,Memphis,3,"{'minutes': 6, 'seconds': 28}",2,3,70,70,3,15,0,False,Pass Incompletion,Brendon Lewis pass incomplete to Cortez Braham Jr.,-0.13315889525431412,2025-09-28T01:22:52.000Z
401762472,40176247215,401762472103957001,15,7,Florida Atlantic,American Athletic,19,Memphis,American Athletic,24,Florida Atlantic,Memphis,3,"{'minutes': 4, 'seconds': 29}",3,2,89,11,4,5,29,True,Field Goal Good,Garrison Smith 29 yd FG GOOD,,2025-09-28T01:29:45.000Z
401762472,40176247215,401762472103938801,15,1,Florida Atlantic,American Athletic,16,Memphis,American Athletic,24,Florida Atlantic,Memphis,3,"{'minutes': 6, 'seconds': 11}",3,2,22,78,1,10,12,False,Pass Reception,Caden Veltkamp pass complete to Asaad Waseem for 12 yds to the FAU 34 for a 1ST down,0.935215412611508,2025-09-28T01:26:48.000Z
401762472,40176247215,401762472103939801,15,2,Florida Atlantic,American Athletic,16,Memphis,American Athletic,24,Florida Atlantic,Memphis,3,"{'minutes': 6, 'seconds': 1}",3,2,34,66,1,10,0,False,Pass Incompletion,Caden Veltkamp pass incomplete to Dominique Henry,-0.9864556271674072,2025-09-28T01:27:42.000Z
401762472,40176247215,401762472103945501,15,3,Florida Atlantic,American Athletic,16,Memphis,American Athletic,24,Florida Atlantic,Memphis,3,"{'minutes': 5, 'seconds': 44}",3,2,34,66,2,10,50,False,Pass Reception,Caden Veltkamp pass complete to Easton Messer for 50 yds to the MEM 16 for a 1ST down,3.754502295604647,2025-09-28T01:27:47.000Z
401762472,40176247215,401762472103948201,15,4,Florida Atlantic,American Athletic,16,Memphis,American Athletic,24,Florida Atlantic,Memphis,3,"{'minutes': 5, 'seconds': 17}",3,2,84,16,1,10,-1,False,Rush,Xavier Terrell run for a loss of 1 yard to the MEM 17,-0.4029360320644906,2025-09-28T01:03:19.000Z
401762472,40176247215,401762472103955901,15,5,Florida Atlantic,American Athletic,16,Memphis,American Athletic,24,Florida Atlantic,Memphis,3,"{'minutes': 4, 'seconds': 40}",3,2,83,17,2,11,6,False,Pass Reception,Caden Veltkamp pass complete to Jayshon Platt for 6 yds to the MEM 11,0.1127350479271745,2025-09-28T01:28:53.000Z
401762472,40176247215,401762472103956601,15,6,Florida Atlantic,American Athletic,16,Memphis,American Athletic,24,Florida Atlantic,Memphis,3,"{'minutes': 4, 'seconds': 33}",3,2,89,11,3,5,0,False,Pass Incompletion,Caden Veltkamp pass incomplete to Xavier Terrell,-0.3890809082355382,2025-09-28T01:29:39.000Z
401762472,40176247216,401762472103957003,16,1,Florida Atlantic,American Athletic,19,Memphis,American Athletic,24,Florida Atlantic,Memphis,3,"{'minutes': 4, 'seconds': 29}",3,2,35,65,1,10,0,False,Kickoff,Andrew Nelms kickoff for 61 yds,,2025-09-28T01:31:26.000Z
401762472,40176247216,401762472103994501,16,8,Memphis,American Athletic,24,Florida Atlantic,American Athletic,19,Florida Atlantic,Memphis,3,"{'minutes': 0, 'seconds': 54}",2,3,36,36,2,10,15,False,Penalty,"(00:57) Shotgun Lewis,Brendon pass incomplete deep left to Braham Jr.,Cortez thrown to FAU02 broken up by Reid,Terez PENALTY FAU Pass Interference (Reid,Terez) 15 yards from FAU36 to FAU21, 1ST DOWN. NO PLAY.",,2025-09-28T01:36:41.000Z
401762472,40176247216,401762472103999902,16,11,Memphis,American Athletic,24,Florida Atlantic,American Athletic,19,Florida Atlantic,Memphis,3,"{'minutes': 0, 'seconds': 0}",2,3,23,23,0,12,5,False,End Period,End of 3rd Quarter,,2025-09-28T01:42:50.000Z
401762472,40176247216,401762472103957701,16,2,Memphis,American Athletic,24,Florida Atlantic,American Athletic,19,Florida Atlantic,Memphis,3,"{'minutes': 4, 'seconds': 22}",2,3,65,65,1,10,17,False,Rush,Sutton Smith run for 17 yds to the FAU 48 for a 1ST down,1.5564831744113778,2025-09-28T01:32:22.000Z
401762472,40176247216,401762472103965501,16,3,Memphis,American Athletic,24,Florida Atlantic,American Athletic,19,Florida Atlantic,Memphis,3,"{'minutes': 3, 'seconds': 44}",2,3,48,48,1,10,3,False,Rush,Sutton Smith run for 3 yds to the FAU 45,-0.3648977045566397,2025-09-28T01:33:08.000Z
401762472,40176247216,401762472103969001,16,4,Memphis,American Athletic,24,Florida Atlantic,American Athletic,19,Florida Atlantic,Memphis,3,"{'minutes': 3, 'seconds': 9}",2,3,45,45,2,7,0,False,Pass Incompletion,Brendon Lewis pass incomplete to Cortez Braham Jr.,-1.110440053376724,2025-09-28T01:33:56.000Z
401762472,40176247216,401762472103974801,16,5,Memphis,American Athletic,24,Florida Atlantic,American Athletic,19,Florida Atlantic,Memphis,3,"{'minutes': 2, 'seconds': 51}",2,3,45,45,3,7,6,False,Pass Reception,Brendon Lewis pass complete to Marcello Bussey for 6 yds to the FAU 39,0.3093570910332277,2025-09-28T01:34:56.000Z
401762472,40176247216,401762472103978501,16,6,Memphis,American Athletic,24,Florida Atlantic,American Athletic,19,Florida Atlantic,Memphis,3,"{'minutes': 2, 'seconds': 14}",2,3,39,39,4,1,3,False,Rush,Greg Desrosiers Jr. run for 3 yds to the FAU 36 for a 1ST down,1.841436408166297,2025-09-28T01:35:03.000Z
401762472,40176247216,401762472103986401,16,7,Memphis,American Athletic,24,Florida Atlantic,American Athletic,19,Florida Atlantic,Memphis,3,"{'minutes': 1, 'seconds': 35}",2,3,36,36,1,10,0,False,Rush,Brendon Lewis run for no gain to the FAU 36,-0.7215426143188567,2025-09-28T01:35:47.000Z
401762472,40176247216,401762472103995501,16,9,Memphis,American Athletic,24,Florida Atlantic,American Athletic,19,Florida Atlantic,Memphis,3,"{'minutes': 0, 'seconds': 44}",2,3,21,21,1,10,-2,False,Rush,Sutton Smith run for a loss of 2 yards to the FAU 23,-0.5771900769120965,2025-09-28T01:37:32.000Z
401762472,40176247216,401762472103999901,16,10,Memphis,American Athletic,24,Florida Atlantic,American Athletic,19,Florida Atlantic,Memphis,3,"{'minutes': 0, 'seconds': 0}",2,3,23,23,2,12,5,False,Rush,Brendon Lewis run for 5 yds to the FAU 18,0.0372873972072902,2025-09-28T01:42:50.000Z
401762472,40176247216,401762472104854401,16,12,Memphis,American Athletic,31,Florida Atlantic,American Athletic,19,Florida Atlantic,Memphis,4,"{'minutes': 14, 'seconds': 55}",2,3,18,18,3,7,18,True,Passing Touchdown,Brendon Lewis pass complete to Cortez Braham Jr. for 18 yds for a TD (Gianni Spetic KICK),3.1721994935002993,2025-09-28T01:42:50.000Z
401762472,40176247217,401762472104854403,17,1,Memphis,American Athletic,31,Florida Atlantic,American Athletic,19,Florida Atlantic,Memphis,4,"{'minutes': 14, 'seconds': 55}",2,3,65,65,1,10,0,False,Kickoff,Gianni Spetic kickoff for 65 yds for a touchback,,2025-09-28T01:43:43.000Z
401762472,40176247217,401762472104855801,17,2,Florida Atlantic,American Athletic,19,Memphis,American Athletic,31,Florida Atlantic,Memphis,4,"{'minutes': 14, 'seconds': 41}",3,2,25,75,1,10,8,False,Pass Reception,Caden Veltkamp pass complete to Jayshon Platt for 8 yds to the FAU 33,0.9104368550610653,2025-09-28T01:45:31.000Z
401762472,40176247217,401762472104857101,17,3,Florida Atlantic,American Athletic,19,Memphis,American Athletic,31,Florida Atlantic,Memphis,4,"{'minutes': 14, 'seconds': 28}",3,2,33,67,2,2,12,False,Pass Reception,Caden Veltkamp pass complete to Easton Messer for 12 yds to the FAU 45 for a 1ST down,0.8907050273438912,2025-09-28T01:45:37.000Z
401762472,40176247217,401762472104865001,17,4,Florida Atlantic,American Athletic,19,Memphis,American Athletic,31,Florida Atlantic,Memphis,4,"{'minutes': 13, 'seconds': 49}",3,2,45,55,1,10,1,False,Pass Reception,Caden Veltkamp pass complete to Xavier Terrell for 1 yd to the FAU 46,-0.9265072803619887,2025-09-28T01:46:32.000Z
401762472,40176247217,401762472104867101,17,5,Florida Atlantic,American Athletic,19,Memphis,American Athletic,31,Florida Atlantic,Memphis,4,"{'minutes': 13, 'seconds': 28}",3,2,46,54,2,9,0,False,Pass Incompletion,Caden Veltkamp pass incomplete,-0.9830592290155735,2025-09-28T01:46:36.000Z
401762472,40176247217,401762472104867701,17,6,Florida Atlantic,American Athletic,19,Memphis,American Athletic,31,Florida Atlantic,Memphis,4,"{'minutes': 13, 'seconds': 22}",3,2,46,54,3,9,0,False,Pass Incompletion,Caden Veltkamp pass incomplete to Jayshon Platt,-0.6228629548732147,2025-09-28T01:47:24.000Z
401762472,40176247217,401762472104868401,17,7,Florida Atlantic,American Athletic,19,Memphis,American Athletic,31,Florida Atlantic,Memphis,4,"{'minutes': 13, 'seconds': 15}",3,2,46,54,4,9,0,False,Pass Incompletion,Caden Veltkamp pass incomplete to Dominique Henry,-0.19095729843285802,2025-09-28T01:48:14.000Z
401762472,40176247218,401762472104869201,18,1,Memphis,American Athletic,31,Florida Atlantic,American Athletic,19,Florida Atlantic,Memphis,4,"{'minutes': 13, 'seconds': 7}",2,3,46,46,1,10,0,False,Pass Incompletion,Brendon Lewis pass incomplete,-1.0250974847844603,2025-09-28T01:51:47.000Z
401762472,40176247218,401762472104869901,18,2,Memphis,American Athletic,31,Florida Atlantic,American Athletic,19,Florida Atlantic,Memphis,4,"{'minutes': 13, 'seconds': 0}",2,3,46,46,2,10,3,False,Rush,Sutton Smith run for 3 yds to the FAU 43,-0.397811859438427,2025-09-28T01:52:51.000Z
401762472,40176247218,401762472104878001,18,3,Memphis,American Athletic,31,Florida Atlantic,American Athletic,19,Florida Atlantic,Memphis,4,"{'minutes': 12, 'seconds': 19}",2,3,43,43,3,7,-12,False,Fumble Recovery (Own),"Brendon Lewis sacked by Leon Hart Jr. for a loss of 12 yards to the MEM 19 Brendon Lewis fumbled, recovered by FAU Khmari Johnson , return for 0 yards",-2.218369505231121,2025-09-28T01:53:45.000Z
401762472,40176247218,401762472104878002,18,4,Memphis,American Athletic,31,Florida Atlantic,American Athletic,19,Florida Atlantic,Memphis,4,"{'minutes': 12, 'seconds': 19}",2,3,43,43,3,7,-12,False,Fumble Recovery (Own),"Brendon Lewis sacked by Leon Hart Jr. for a loss of 12 yards to the MEM 19 Brendon Lewis fumbled, recovered by FAU Khmari Johnson , return for 0 yards",-2.218369505231121,2025-09-28T01:53:45.000Z
401762472,40176247219,401762472104878801,19,1,Florida Atlantic,American Athletic,19,Memphis,American Athletic,31,Florida Atlantic,Memphis,4,"{'minutes': 12, 'seconds': 11}",3,2,81,19,1,10,8,False,Pass Reception,Caden Veltkamp pass complete to Jayshon Platt for 8 yds to the MEM 11,0.45535034140422,2025-09-28T01:53:51.000Z
401762472,40176247219,401762472104885101,19,2,Florida Atlantic,American Athletic,19,Memphis,American Athletic,31,Florida Atlantic,Memphis,4,"{'minutes': 11, 'seconds': 48}",3,2,89,11,2,2,0,False,Pass Incompletion,Caden Veltkamp pass incomplete to Easton Messer,-0.507017704627762,2025-09-28T01:54:43.000Z
401762472,40176247219,401762472104886201,19,3,Florida Atlantic,American Athletic,19,Memphis,American Athletic,31,Florida Atlantic,Memphis,4,"{'minutes': 11, 'seconds': 37}",3,2,89,11,3,2,3,False,Rush,Caden Veltkamp run for 3 yds to the MEM 8 for a 1ST down,0.336515423161373,2025-09-28T01:55:47.000Z
401762472,40176247219,401762472104894201,19,4,Florida Atlantic,American Athletic,19,Memphis,American Athletic,31,Florida Atlantic,Memphis,4,"{'minutes': 10, 'seconds': 57}",3,2,92,8,1,8,2,False,Rush,Kaden Shields-Dutton run for 2 yds to the MEM 6,-0.209067424082246,2025-09-28T01:55:53.000Z
401762472,40176247219,401762472104897901,19,5,Florida Atlantic,American Athletic,26,Memphis,American Athletic,31,Florida Atlantic,Memphis,4,"{'minutes': 10, 'seconds': 20}",3,2,99,1,3,1,1,True,Rushing Touchdown,Xavier Terrell run for 1 yd for a TD (Garrison Smith KICK),2.45399822917955,2025-09-28T01:58:10.000Z
401762472,40176247220,401762472104897903,20,1,Florida Atlantic,American Athletic,26,Memphis,American Athletic,31,Florida Atlantic,Memphis,4,"{'minutes': 10, 'seconds': 20}",3,2,35,65,1,10,0,False,Kickoff,Andrew Nelms kickoff for 65 yds for a touchback,,2025-09-28T01:58:10.000Z
401762472,40176247220,401762472104898801,20,2,Memphis,American Athletic,31,Florida Atlantic,American Athletic,26,Florida Atlantic,Memphis,4,"{'minutes': 10, 'seconds': 11}",2,3,75,75,1,10,2,False,Rush,Greg Desrosiers Jr. run for 2 yds to the MEM 27,-0.45260367932203766,2025-09-28T02:03:10.000Z
401762472,40176247220,401762472104906701,20,3,Memphis,American Athletic,38,Florida Atlantic,American Athletic,26,Florida Atlantic,Memphis,4,"{'minutes': 9, 'seconds': 32}",2,3,73,73,2,8,73,True,Passing Touchdown,Brendon Lewis pass complete to Cortez Braham Jr. for 73 yds for a TD (Gianni Spetic KICK),6.530358799043359,2025-09-28T02:04:05.000Z
401762477,4017624771,401762477101849903,1,1,Florida Atlantic,American Athletic,0,Rice,American Athletic,0,Rice,Florida Atlantic,1,"{'minutes': 15, 'seconds': 0}",3,3,65,65,1,10,0,False,Kickoff,Andrew Nelms kickoff for 65 yds for a touchback,,2025-10-04T23:13:36.000Z
401762477,4017624771,401762477101849905,1,2,Rice,American Athletic,0,Florida Atlantic,American Athletic,0,Rice,Florida Atlantic,1,"{'minutes': 15, 'seconds': 0}",3,3,25,75,1,10,5,False,Penalty,"PENALTY FAU Offside (Doggette Jr.,CJ) 5 yards from Rice25 to Rice30. NO PLAY.",,2025-10-04T23:13:36.000Z
401762477,4017624771,401762477101854701,1,3,Rice,American Athletic,0,Florida Atlantic,American Athletic,0,Rice,Florida Atlantic,1,"{'minutes': 14, 'seconds': 52}",3,3,30,70,1,5,3,False,Rush,Quinton Jackson run for 3 yds to the RICE 33,-0.506883416113876,2025-10-04T23:13:36.000Z
401762477,4017624771,401762477101858501,1,4,Rice,American Athletic,0,Florida Atlantic,American Athletic,0,Rice,Florida Atlantic,1,"{'minutes': 14, 'seconds': 14}",3,3,33,67,2,2,-1,False,Rush,Quinton Jackson run for a loss of 1 yard to the RICE 32,-1.2995909961762164,2025-10-04T23:13:36.000Z
401762477,4017624771,401762477101866501,1,5,Rice,American Athletic,7,Florida Atlantic,American Athletic,0,Rice,Florida Atlantic,1,"{'minutes': 13, 'seconds': 34}",3,3,32,68,3,3,68,True,Rushing Touchdown,Quinton Jackson run for 68 yds for a TD (Enock Gota KICK),6.466909260836473,2025-10-04T23:13:36.000Z
401762477,4017624772,401762477101866503,2,1,Rice,American Athletic,7,Florida Atlantic,American Athletic,0,Rice,Florida Atlantic,1,"{'minutes': 13, 'seconds': 34}",3,3,35,65,1,10,0,False,Kickoff,Enock Gota kickoff for 65 yds for a touchback,,2025-10-04T23:13:36.000Z
401762477,4017624772,401762477101887001,2,7,Florida Atlantic,American Athletic,0,Rice,American Athletic,7,Rice,Florida Atlantic,1,"{'minutes': 11, 'seconds': 29}",3,3,45,45,3,6,15,False,Penalty,"PENALTY Rice Pass Interference (Crump,Khary) 15 yards from Rice45 to Rice30, 1ST DOWN. NO PLAY.",,2025-10-04T23:14:05.000Z
401762477,4017624772,401762477101867801,2,2,Florida Atlantic,American Athletic,0,Rice,American Athletic,7,Rice,Florida Atlantic,1,"{'minutes': 13, 'seconds': 21}",3,3,75,75,1,10,14,False,Pass Reception,Caden Veltkamp pass complete to Easton Messer for 14 yds to the FAU 39 for a 1ST down,1.2227390832564555,2025-10-04T23:13:36.000Z
401762477,4017624772,401762477101874301,2,3,Florida Atlantic,American Athletic,0,Rice,American Athletic,7,Rice,Florida Atlantic,1,"{'minutes': 12, 'seconds': 56}",3,3,61,61,1,10,3,False,Rush,Xavier Terrell run for 3 yds to the FAU 42,-0.428981456130188,2025-10-04T23:13:36.000Z
401762477,4017624772,401762477101878201,2,4,Florida Atlantic,American Athletic,0,Rice,American Athletic,7,Rice,Florida Atlantic,1,"{'minutes': 12, 'seconds': 17}",3,3,58,58,2,7,9,False,Pass Reception,Caden Veltkamp pass complete to Michael Kirch for 9 yds to the RICE 49 for a 1ST down,1.5216669409578056,2025-10-04T23:13:36.000Z
401762477,4017624772,401762477101879201,2,5,Florida Atlantic,American Athletic,0,Rice,American Athletic,7,Rice,Florida Atlantic,1,"{'minutes': 12, 'seconds': 7}",3,3,49,49,1,10,0,False,Pass Incompletion,Caden Veltkamp pass incomplete to Easton Messer,-1.0955888671820908,2025-10-04T23:13:36.000Z
401762477,4017624772,401762477101884001,2,6,Florida Atlantic,American Athletic,0,Rice,American Athletic,7,Rice,Florida Atlantic,1,"{'minutes': 11, 'seconds': 59}",3,3,49,49,2,10,4,False,Rush,Xavier Terrell run for 4 yds to the RICE 45,-0.1664552528152577,2025-10-04T23:13:36.000Z
401762477,4017624772,401762477101887601,2,8,Florida Atlantic,American Athletic,7,Rice,American Athletic,7,Rice,Florida Atlantic,1,"{'minutes': 11, 'seconds': 23}",3,3,30,30,1,10,30,True,Passing Touchdown,Caden Veltkamp pass complete to Michael Kirch for 30 yds for a TD (Garrison Smith KICK),2.814243132922771,2025-10-04T23:17:21.000Z
401762477,4017624773,401762477101887603,3,1,Florida Atlantic,American Athletic,7,Rice,American Athletic,7,Rice,Florida Atlantic,1,"{'minutes': 11, 'seconds': 23}",3,3,65,65,1,10,0,False,Kickoff,Andrew Nelms kickoff for 65 yds for a touchback,,2025-10-04T23:21:13.000Z
401762477,4017624773,401762477101896401,3,3,Rice,American Athletic,7,Florida Atlantic,American Athletic,7,Rice,Florida Atlantic,1,"{'minutes': 10, 'seconds': 35}",3,3,45,55,1,10,3,False,Rush,Quinton Jackson run for 3 yds to the RICE 48,-0.4238622892911614,2025-10-04T23:22:41.000Z
401762477,4017624773,401762477101888601,3,2,Rice,American Athletic,7,Florida Atlantic,American Athletic,7,Rice,Florida Atlantic,1,"{'minutes': 11, 'seconds': 13}",3,3,25,75,1,10,20,False,Rush,Quinton Jackson run for 20 yds to the RICE 45 for a 1ST down,1.8011418824049565,2025-10-04T23:22:12.000Z
401762477,4017624773,401762477101899901,3,4,Rice,American Athletic,7,Florida Atlantic,American Athletic,7,Rice,Florida Atlantic,1,"{'minutes': 10, 'seconds': 0}",3,3,48,52,2,7,2,False,Rush,Quinton Jackson run for 2 yds to the 50 yard line,-0.6656468053128571,2025-10-04T23:23:22.000Z
401762477,4017624773,401762477101907801,3,5,Rice,American Athletic,7,Florida Atlantic,American Athletic,7,Rice,Florida Atlantic,1,"{'minutes': 9, 'seconds': 21}",3,3,50,50,3,5,2,False,Rush,Daelen Alexander run for 2 yds to the FAU 48,-0.5847927579172171,2025-10-04T23:23:59.000Z
401762477,4017624773,401762477101914701,3,6,Rice,American Athletic,7,Florida Atlantic,American Athletic,7,Rice,Florida Atlantic,1,"{'minutes': 8, 'seconds': 52}",3,3,52,48,4,3,2,False,Rush,Chase Jenkins run for 2 yds to the FAU 46,-1.0490849101623994,2025-10-04T23:24:44.000Z
401762477,4017624774,401762477101916501,4,1,Florida Atlantic,American Athletic,7,Rice,American Athletic,7,Rice,Florida Atlantic,1,"{'minutes': 8, 'seconds': 34}",3,3,54,54,1,10,5,False,Pass Reception,Caden Veltkamp pass complete to Dominique Henry for 5 yds to the RICE 49,0.1068990350586356,2025-10-04T23:25:45.000Z
401762477,4017624774,401762477101917701,4,2,Florida Atlantic,American Athletic,7,Rice,American Athletic,7,Rice,Florida Atlantic,1,"{'minutes': 8, 'seconds': 22}",3,3,49,49,2,5,6,False,Pass Reception,Caden Veltkamp pass complete to Easton Messer for 6 yds to the RICE 43 for a 1ST down,0.7256284146957181,2025-10-04T23:26:01.000Z
401762477,4017624774,401762477101919401,4,3,Florida Atlantic,American Athletic,7,Rice,American Athletic,7,Rice,Florida Atlantic,1,"{'minutes': 8, 'seconds': 5}",3,3,43,43,1,10,6,False,Rush,Xavier Terrell run for 6 yds to the RICE 37,0.2876660938940478,2025-10-04T23:26:23.000Z
401762477,4017624774,401762477101925601,4,4,Florida Atlantic,American Athletic,7,Rice,American Athletic,7,Rice,Florida Atlantic,1,"{'minutes': 7, 'seconds': 43}",3,3,37,37,2,4,0,False,Pass Incompletion,Caden Veltkamp pass incomplete to Easton Messer,-0.9354587580761516,2025-10-04T23:26:46.000Z
401762477,4017624774,401762477101926901,4,5,Florida Atlantic,American Athletic,7,Rice,American Athletic,7,Rice,Florida Atlantic,1,"{'minutes': 7, 'seconds': 30}",3,3,37,37,3,4,-1,False,Pass Reception,Caden Veltkamp pass complete to Xavier Terrell for a loss of 1 yard to the RICE 38,-1.2953231157921954,2025-10-04T23:28:47.000Z
401762477,4017624774,401762477101934201,4,6,Florida Atlantic,American Athletic,14,Rice,American Athletic,7,Rice,Florida Atlantic,1,"{'minutes': 6, 'seconds': 57}",3,3,38,38,4,5,38,True,Passing Touchdown,Caden Veltkamp pass complete to Asaad Waseem for 38 yds for a TD (Garrison Smith KICK),5.295485867905153,2025-10-04T23:28:49.000Z
401762477,4017624775,401762477101934203,5,1,Florida Atlantic,American Athletic,14,Rice,American Athletic,7,Rice,Florida Atlantic,1,"{'minutes': 6, 'seconds': 57}",3,3,65,65,1,10,0,False,Kickoff,Andrew Nelms kickoff for 65 yds for a touchback,,2025-10-04T23:32:21.000Z
401762477,4017624775,401762477101967601,5,8,Rice,American Athletic,7,Florida Atlantic,American Athletic,14,Rice,Florida Atlantic,1,"{'minutes': 3, 'seconds': 23}",3,3,37,63,4,10,36,False,Punt,"Alex Bacchetta punt for 42 yds , Easton Messer returns for 36 yds to the RICE 43",,2025-10-04T23:37:45.000Z
401762477,4017624775,401762477101935301,5,2,Rice,American Athletic,7,Florida Atlantic,American Athletic,14,Rice,Florida Atlantic,1,"{'minutes': 6, 'seconds': 46}",3,3,25,75,1,10,5,False,Rush,Chase Jenkins run for 5 yds to the RICE 30,0.0945451165334843,2025-10-04T23:33:20.000Z
401762477,4017624775,401762477101939001,5,3,Rice,American Athletic,7,Florida Atlantic,American Athletic,14,Rice,Florida Atlantic,1,"{'minutes': 6, 'seconds': 9}",3,3,30,70,2,5,0,False,Rush,Daelen Alexander run for no gain to the RICE 30,-0.7537324720659102,2025-10-04T23:33:54.000Z
401762477,4017624775,401762477101947101,5,4,Rice,American Athletic,7,Florida Atlantic,American Athletic,14,Rice,Florida Atlantic,1,"{'minutes': 5, 'seconds': 28}",3,3,30,70,3,5,7,False,Pass Reception,Chase Jenkins pass complete to Drayden Dickmann for 7 yds to the RICE 37 for a 1ST down,1.6864316816759972,2025-10-04T23:34:33.000Z
401762477,4017624775,401762477101954401,5,5,Rice,American Athletic,7,Florida Atlantic,American Athletic,14,Rice,Florida Atlantic,1,"{'minutes': 4, 'seconds': 55}",3,3,37,63,1,10,-1,False,Rush,Aaron Turner run for a loss of 1 yard to the RICE 36,-1.2402959821642536,2025-10-04T23:35:22.000Z
401762477,4017624775,401762477101958701,5,6,Rice,American Athletic,7,Florida Atlantic,American Athletic,14,Rice,Florida Atlantic,1,"{'minutes': 4, 'seconds': 12}",3,3,36,64,2,11,1,False,Rush,Quinton Jackson run for 1 yd to the RICE 37,-0.4876188659469855,2025-10-04T23:35:55.000Z
401762477,4017624775,401762477101966201,5,7,Rice,American Athletic,7,Florida Atlantic,American Athletic,14,Rice,Florida Atlantic,1,"{'minutes': 3, 'seconds': 37}",3,3,37,63,3,10,0,False,Pass Incompletion,Chase Jenkins pass incomplete to Payton Matthews,-0.3431180129488407,2025-10-04T23:36:26.000Z
401762477,4017624776,401762477101968401,6,1,Florida Atlantic,American Athletic,14,Rice,American Athletic,7,Rice,Florida Atlantic,1,"{'minutes': 3, 'seconds': 15}",3,3,43,43,1,10,8,False,Rush,Xavier Terrell run for 8 yds to the RICE 35,0.6916479450906062,2025-10-04T23:38:24.000Z
401762477,4017624776,401762477101974801,6,2,Florida Atlantic,American Athletic,14,Rice,American Athletic,7,Rice,Florida Atlantic,1,"{'minutes': 2, 'seconds': 51}",3,3,35,35,2,2,0,False,Pass Incompletion,Caden Veltkamp pass incomplete to Asaad Waseem,-0.911792895519669,2025-10-04T23:38:41.000Z
401762477,4017624776,401762477101975701,6,3,Florida Atlantic,American Athletic,14,Rice,American Athletic,7,Rice,Florida Atlantic,1,"{'minutes': 2, 'seconds': 42}",3,3,35,35,3,2,4,False,Rush,Xavier Terrell run for 4 yds to the RICE 31 for a 1ST down,0.730568868286969,2025-10-04T23:39:19.000Z
401762477,4017624776,401762477101977301,6,4,Florida Atlantic,American Athletic,14,Rice,American Athletic,7,Rice,Florida Atlantic,1,"{'minutes': 2, 'seconds': 26}",3,3,31,31,1,10,0,False,Pass Incompletion,Caden Veltkamp pass incomplete to Dominique Henry,-0.5824837756999947,2025-10-04T23:39:36.000Z
401762477,4017624776,401762477101977801,6,5,Florida Atlantic,American Athletic,14,Rice,American Athletic,7,Rice,Florida Atlantic,1,"{'minutes': 2, 'seconds': 21}",3,3,31,31,2,10,0,False,Pass Interception Return,Caden Veltkamp pass intercepted Peyton Stevenson return for no gain to the RICE 7,-3.5755700542270574,2025-10-04T23:40:43.000Z
401762477,4017624777,401762477101999302,7,4,Rice,American Athletic,7,Florida Atlantic,American Athletic,14,Rice,Florida Atlantic,1,"{'minutes': 0, 'seconds': 0}",3,3,17,83,0,10,0,False,End Period,End of 1st Quarter,,2025-10-04T23:14:03.000Z
401762477,4017624777,401762477102859305,7,8,Rice,American Athletic,7,Florida Atlantic,American Athletic,14,Rice,Florida Atlantic,2,"{'minutes': 14, 'seconds': 6}",3,3,18,82,4,9,2,False,Punt,"Alex Bacchetta punt for 59 yds , Easton Messer returns for 2 yds to the FAU 15",,2025-10-04T23:50:06.000Z
401762477,4017624777,401762477101978701,7,1,Rice,American Athletic,7,Florida Atlantic,American Athletic,14,Rice,Florida Atlantic,1,"{'minutes': 2, 'seconds': 12}",3,3,7,93,1,10,3,False,Rush,D'Andre Hardeman Jr. run for 3 yds to the RICE 10,-0.12636053500831324,2025-10-04T23:41:32.000Z
401762477,4017624777,401762477101987001,7,2,Rice,American Athletic,7,Florida Atlantic,American Athletic,14,Rice,Florida Atlantic,1,"{'minutes': 1, 'seconds': 29}",3,3,10,90,2,7,6,False,Rush,D'Andre Hardeman Jr. run for 6 yds to the RICE 16,0.15107480377206262,2025-10-04T23:42:06.000Z
401762477,4017624777,401762477101994601,7,3,Rice,American Athletic,7,Florida Atlantic,American Athletic,14,Rice,Florida Atlantic,1,"{'minutes': 0, 'seconds': 53}",3,3,16,84,3,1,1,False,Rush,D'Andre Hardeman Jr. run for 1 yd to the RICE 17 for a 1ST down,0.3136103605866438,2025-10-04T23:42:47.000Z
401762477,4017624777,401762477101999901,7,5,Rice,American Athletic,7,Florida Atlantic,American Athletic,14,Rice,Florida Atlantic,1,"{'minutes': 0, 'seconds': 0}",3,3,17,83,1,10,-2,False,Rush,Aaron Turner run for a loss of 2 yards to the RICE 15,-0.6032159591482795,2025-10-04T23:43:34.000Z
401762477,4017624777,401762477102854401,7,6,Rice,American Athletic,7,Florida Atlantic,American Athletic,14,Rice,Florida Atlantic,2,"{'minutes': 14, 'seconds': 55}",3,3,15,85,2,12,0,False,Pass Incompletion,Chase Jenkins pass incomplete to Micah Barnett,-0.15392310877578377,2025-10-04T23:47:31.000Z
401762477,4017624777,401762477102855601,7,7,Rice,American Athletic,7,Florida Atlantic,American Athletic,14,Rice,Florida Atlantic,2,"{'minutes': 14, 'seconds': 43}",3,3,15,85,3,12,3,False,Rush,Quinton Jackson run for 3 yds to the RICE 18,-0.0296062901789353,2025-10-04T23:48:24.000Z
401762477,4017624778,401762477102889201,8,7,Florida Atlantic,American Athletic,14,Rice,American Athletic,7,Rice,Florida Atlantic,2,"{'minutes': 11, 'seconds': 7}",3,3,71,71,4,7,0,False,Punt,"Logan Lupo punt for 45 yds , Tyson Thompson returns for no gain to the RICE 24",,2025-10-04T23:57:09.000Z
401762477,4017624778,401762477102864001,8,1,Florida Atlantic,American Athletic,14,Rice,American Athletic,7,Rice,Florida Atlantic,2,"{'minutes': 13, 'seconds': 59}",3,3,85,85,1,10,7,False,Pass Reception,Caden Veltkamp pass complete to Easton Messer for 7 yds to the FAU 22,0.4482007778738044,2025-10-04T23:52:45.000Z
401762477,4017624778,401762477102866201,8,2,Florida Atlantic,American Athletic,14,Rice,American Athletic,7,Rice,Florida Atlantic,2,"{'minutes': 13, 'seconds': 37}",3,3,78,78,2,3,2,False,Rush,Xavier Terrell run for 2 yds to the FAU 24,-0.439795203611391,2025-10-04T23:53:07.000Z
401762477,4017624778,401762477102867901,8,3,Florida Atlantic,American Athletic,14,Rice,American Athletic,7,Rice,Florida Atlantic,2,"{'minutes': 13, 'seconds': 20}",3,3,76,76,3,1,2,False,Rush,Xavier Terrell run for 2 yds to the FAU 26 for a 1ST down,0.6057796631518304,2025-10-04T23:53:26.000Z
401762477,4017624778,401762477102875601,8,4,Florida Atlantic,American Athletic,14,Rice,American Athletic,7,Rice,Florida Atlantic,2,"{'minutes': 12, 'seconds': 43}",3,3,74,74,1,10,-1,False,Rush,Caden Veltkamp run for a loss of 1 yard to the FAU 25,-0.8380668403826874,2025-10-04T23:54:03.000Z
401762477,4017624778,401762477102878401,8,5,Florida Atlantic,American Athletic,14,Rice,American Athletic,7,Rice,Florida Atlantic,2,"{'minutes': 12, 'seconds': 15}",3,3,75,75,2,11,0,False,Pass Incompletion,Caden Veltkamp pass incomplete to Easton Messer,-0.3122814090265775,2025-10-04T23:54:32.000Z
401762477,4017624778,401762477102885701,8,6,Florida Atlantic,American Athletic,14,Rice,American Athletic,7,Rice,Florida Atlantic,2,"{'minutes': 11, 'seconds': 42}",3,3,75,75,3,11,4,False,Rush,Kaden Shields-Dutton run for 4 yds to the FAU 29,-0.02725506432218427,2025-10-04T23:56:17.000Z
401762477,4017624779,401762477102925501,9,6,Rice,American Athletic,7,Florida Atlantic,American Athletic,14,Rice,Florida Atlantic,2,"{'minutes': 7, 'seconds': 44}",3,3,29,71,4,16,0,False,Punt,"Alex Bacchetta punt for 42 yds, fair catch by Easton Messer at the FAU 29",,2025-10-05T00:01:05.000Z
401762477,4017624779,401762477102894201,9,1,Rice,American Athletic,7,Florida Atlantic,American Athletic,14,Rice,Florida Atlantic,2,"{'minutes': 10, 'seconds': 57}",3,3,24,76,1,10,9,False,Rush,Chase Jenkins run for 9 yds to the RICE 33,1.226511233321002,2025-10-04T23:57:49.000Z
401762477,4017624779,401762477102898001,9,2,Rice,American Athletic,7,Florida Atlantic,American Athletic,14,Rice,Florida Atlantic,2,"{'minutes': 10, 'seconds': 19}",3,3,33,67,2,1,2,False,Rush,Quinton Jackson run for 2 yds to the RICE 35 for a 1ST down,-0.3236099005965461,2025-10-04T23:58:24.000Z
401762477,4017624779,401762477102906001,9,3,Rice,American Athletic,7,Florida Atlantic,American Athletic,14,Rice,Florida Atlantic,2,"{'minutes': 9, 'seconds': 39}",3,3,35,65,1,10,5,False,Rush,Chase Jenkins run for 5 yds to the RICE 40,0.1088137823196469,2025-10-04T23:59:10.000Z
401762477,4017624779,401762477102914501,9,4,Rice,American Athletic,7,Florida Atlantic,American Athletic,14,Rice,Florida Atlantic,2,"{'minutes': 8, 'seconds': 54}",3,3,40,60,2,5,-1,False,Rush,Quinton Jackson run for a loss of 1 yard to the RICE 39,-1.233789827951683,2025-10-04T23:59:52.000Z
401762477,4017624779,401762477102918301,9,5,Rice,American Athletic,7,Florida Atlantic,American Athletic,14,Rice,Florida Atlantic,2,"{'minutes': 8, 'seconds': 16}",3,3,39,61,3,6,-10,False,Sack,Chase Jenkins sacked by Eric Brantley Jr. for a loss of 10 yards to the RICE 29,-0.9544178060168633,2025-10-05T00:00:24.000Z
401762477,40176247710,401762477102925901,10,1,Florida Atlantic,American Athletic,14,Rice,American Athletic,7,Rice,Florida Atlantic,2,"{'minutes': 7, 'seconds': 40}",3,3,71,71,1,10,-5,False,Penalty,"PENALTY FAU False Start (Atcavage,Alex) 5 yards from FAU29 to FAU24. NO PLAY.",,2025-10-05T00:04:37.000Z
401762477,40176247710,401762477102956301,10,7,Florida Atlantic,American Athletic,17,Rice,American Athletic,7,Rice,Florida Atlantic,2,"{'minutes': 4, 'seconds': 36}",3,3,17,17,4,6,36,True,Field Goal Good,Garrison Smith 36 yd FG GOOD,,2025-10-05T00:08:26.000Z
401762477,40176247710,401762477102927001,10,2,Florida Atlantic,American Athletic,14,Rice,American Athletic,7,Rice,Florida Atlantic,2,"{'minutes': 7, 'seconds': 29}",3,3,76,76,1,15,0,False,Rush,Xavier Terrell run for no gain to the FAU 24,-0.4116836767343264,2025-10-05T00:05:18.000Z
401762477,40176247710,401762477102934401,10,3,Florida Atlantic,American Athletic,14,Rice,American Athletic,7,Rice,Florida Atlantic,2,"{'minutes': 6, 'seconds': 55}",3,3,76,76,2,15,55,False,Pass Reception,Caden Veltkamp pass complete to Easton Messer for 55 yds to the RICE 21 for a 1ST down,4.429439785931796,2025-10-05T00:05:59.000Z
401762477,40176247710,401762477102938401,10,4,Florida Atlantic,American Athletic,14,Rice,American Athletic,7,Rice,Florida Atlantic,2,"{'minutes': 6, 'seconds': 15}",3,3,21,21,1,10,-4,False,Sack,Caden Veltkamp sacked for a loss of 4 yards to the RICE 25,-0.79592320899093,2025-10-05T00:06:48.000Z
401762477,40176247710,401762477102945301,10,5,Florida Atlantic,American Athletic,14,Rice,American Athletic,7,Rice,Florida Atlantic,2,"{'minutes': 5, 'seconds': 46}",3,3,25,25,2,14,1,False,Rush,Kaden Shields-Dutton run for 1 yd to the RICE 24,-0.5350229738335077,2025-10-05T00:07:09.000Z
401762477,40176247710,401762477102949701,10,6,Florida Atlantic,American Athletic,14,Rice,American Athletic,7,Rice,Florida Atlantic,2,"{'minutes': 5, 'seconds': 2}",3,3,24,24,3,13,7,False,Pass Reception,Caden Veltkamp pass complete to Asaad Waseem for 7 yds to the RICE 17,0.3487981332889074,2025-10-05T00:07:55.000Z
401762477,40176247711,401762477102956901,11,1,Florida Atlantic,American Athletic,17,Rice,American Athletic,7,Rice,Florida Atlantic,2,"{'minutes': 4, 'seconds': 30}",3,3,65,65,1,10,23,False,Kickoff Return (Offense),"Andrew Nelms kickoff for 63 yds , Quinton Jackson return for 23 yds to the RICE 25",,2025-10-05T00:12:29.000Z
401762477,40176247711,401762477102979901,11,7,Rice,American Athletic,7,Florida Atlantic,American Athletic,17,Rice,Florida Atlantic,2,"{'minutes': 2, 'seconds': 0}",2,3,48,52,1,10,0,False,Timeout,"Timeout Rice, clock 02:00",,2025-10-04T23:47:31.000Z
401762477,40176247711,401762477102989402,11,11,Rice,American Athletic,7,Florida Atlantic,American Athletic,17,Rice,Florida Atlantic,2,"{'minutes': 1, 'seconds': 5}",1,3,67,33,2,4,0,False,Timeout,"Timeout Rice, clock 01:05",,2025-10-05T00:21:13.000Z
401762477,40176247711,401762477102996002,11,14,Rice,American Athletic,7,Florida Atlantic,American Athletic,17,Rice,Florida Atlantic,2,"{'minutes': 0, 'seconds': 39}",0,3,75,25,1,10,0,False,Timeout,"Timeout Rice, clock 00:39",,2025-10-05T00:23:41.000Z
401762477,40176247711,401762477102997201,11,16,Rice,American Athletic,7,Florida Atlantic,American Athletic,17,Rice,Florida Atlantic,2,"{'minutes': 0, 'seconds': 27}",0,3,75,25,2,10,-15,False,Penalty,"PENALTY Rice Pass Interference (Walker,Braylen) 15 yards from FAU25 to FAU40. NO PLAY.",,2025-10-05T00:25:33.000Z
401762477,40176247711,401762477102999101,11,20,Rice,American Athletic,7,Florida Atlantic,American Athletic,17,Rice,Florida Atlantic,2,"{'minutes': 0, 'seconds': 8}",0,2,71,29,4,14,47,False,Field Goal Missed,Enock Gota 47 yd FG MISSED,,2025-10-05T00:28:37.000Z
401762477,40176247711,401762477102998702,11,19,Rice,American Athletic,7,Florida Atlantic,American Athletic,17,Rice,Florida Atlantic,2,"{'minutes': 0, 'seconds': 12}",0,2,71,29,4,14,0,False,Timeout,"Timeout Florida Atlantic, clock 00:12",,2025-10-05T00:26:49.000Z
401762477,40176247711,401762477102958001,11,2,Rice,American Athletic,7,Florida Atlantic,American Athletic,17,Rice,Florida Atlantic,2,"{'minutes': 4, 'seconds': 19}",3,3,25,75,1,10,-1,False,Pass Reception,Chase Jenkins pass complete to Drayden Dickmann for a loss of 1 yard to the RICE 24,-0.8014893508157099,2025-10-05T00:13:00.000Z
401762477,40176247711,401762477102964101,11,3,Rice,American Athletic,7,Florida Atlantic,American Athletic,17,Rice,Florida Atlantic,2,"{'minutes': 3, 'seconds': 58}",3,3,24,76,2,11,14,False,Pass Reception,Chase Jenkins pass complete to Braylen Walker for 14 yds to the RICE 38 for a 1ST down,1.9262408298575409,2025-10-05T00:14:34.000Z
401762477,40176247711,401762477102966601,11,4,Rice,American Athletic,7,Florida Atlantic,American Athletic,17,Rice,Florida Atlantic,2,"{'minutes': 3, 'seconds': 33}",3,3,38,62,1,10,4,False,Rush,Daelen Alexander run for 4 yds to the RICE 42,-0.1660250563858484,2025-10-05T00:15:03.000Z
401762477,40176247711,401762477102974101,11,5,Rice,American Athletic,7,Florida Atlantic,American Athletic,17,Rice,Florida Atlantic,2,"{'minutes': 2, 'seconds': 58}",3,3,42,58,2,6,3,False,Rush,Daelen Alexander run for 3 yds to the RICE 45,-0.4154899070251864,2025-10-05T00:15:37.000Z
401762477,40176247711,401762477102977901,11,6,Rice,American Athletic,7,Florida Atlantic,American Athletic,17,Rice,Florida Atlantic,2,"{'minutes': 2, 'seconds': 20}",3,3,45,55,3,3,3,False,Rush,Daelen Alexander run for 3 yds to the RICE 48 for a 1ST down,1.5264643153800943,2025-10-05T00:16:19.000Z
401762477,40176247711,401762477102984801,11,8,Rice,American Athletic,7,Florida Atlantic,American Athletic,17,Rice,Florida Atlantic,2,"{'minutes': 1, 'seconds': 51}",2,3,48,52,1,10,-1,False,Rush,Quinton Jackson run for a loss of 1 yard to the RICE 47,-1.374951836637621,2025-10-05T00:19:59.000Z
401762477,40176247711,401762477102987701,11,9,Rice,American Athletic,7,Florida Atlantic,American Athletic,17,Rice,Florida Atlantic,2,"{'minutes': 1, 'seconds': 22}",2,3,47,53,2,11,14,False,Rush,Aaron Turner run for 14 yds to the FAU 39 for a 1ST down,2.242567570416501,2025-10-05T00:20:32.000Z
401762477,40176247711,401762477102989401,11,10,Rice,American Athletic,7,Florida Atlantic,American Athletic,17,Rice,Florida Atlantic,2,"{'minutes': 1, 'seconds': 5}",2,3,61,39,1,10,6,False,Rush,Quinton Jackson run for 6 yds to the FAU 33,0.258293699621337,2025-10-05T00:21:13.000Z
401762477,40176247711,401762477102994101,11,12,Rice,American Athletic,7,Florida Atlantic,American Athletic,17,Rice,Florida Atlantic,2,"{'minutes': 0, 'seconds': 58}",1,3,67,33,2,4,3,False,Rush,Quinton Jackson run for 3 yds to the FAU 30,-0.255537139233873,2025-10-05T00:22:30.000Z
401762477,40176247711,401762477102996001,11,13,Rice,American Athletic,7,Florida Atlantic,American Athletic,17,Rice,Florida Atlantic,2,"{'minutes': 0, 'seconds': 39}",1,3,70,30,3,1,5,False,Rush,Quinton Jackson run for 5 yds to the FAU 25 for a 1ST down,0.4375976322780295,2025-10-05T00:23:07.000Z
401762477,40176247711,401762477102996601,11,15,Rice,American Athletic,7,Florida Atlantic,American Athletic,17,Rice,Florida Atlantic,2,"{'minutes': 0, 'seconds': 33}",0,3,75,25,1,10,0,False,Pass Incompletion,Chase Jenkins pass incomplete to Aaron Turner,-0.4522778946200265,2025-10-05T00:24:07.000Z
401762477,40176247711,401762477102998101,11,17,Rice,American Athletic,7,Florida Atlantic,American Athletic,17,Rice,Florida Atlantic,2,"{'minutes': 0, 'seconds': 18}",0,3,60,40,2,25,0,False,Pass Incompletion,Chase Jenkins pass incomplete to Drayden Dickmann,-0.7690555289151577,2025-10-05T00:26:05.000Z
401762477,40176247711,401762477102998701,11,18,Rice,American Athletic,7,Florida Atlantic,American Athletic,17,Rice,Florida Atlantic,2,"{'minutes': 0, 'seconds': 12}",0,3,60,40,3,25,11,False,Rush,Quinton Jackson run for 11 yds to the FAU 29,1.0556647306589815,2025-10-05T00:26:49.000Z
401762477,40176247712,401762477102999901,12,1,Florida Atlantic,American Athletic,17,Rice,American Athletic,7,Rice,Florida Atlantic,2,"{'minutes': 0, 'seconds': 0}",2,0,71,71,1,10,4,False,Fumble Recovery (Own),"Caden Veltkamp pass complete to Easton Messer for 4 yds Easton Messer fumbled, recovered by FAU Ty Morris",-0.1350508541150131,2025-10-05T00:29:51.000Z
401762477,40176247713,401762477103849903,13,2,Rice,American Athletic,7,Florida Atlantic,American Athletic,17,Rice,Florida Atlantic,3,"{'minutes': 15, 'seconds': 0}",3,3,35,65,1,10,0,False,Kickoff,Enock Gota kickoff for 65 yds for a touchback,,2025-10-04T00:00:00.000Z
401762477,40176247713,401762477103849912,13,10,Florida Atlantic,American Athletic,17,Rice,American Athletic,7,Rice,Florida Atlantic,3,"{'minutes': 15, 'seconds': 0}",3,3,43,43,1,10,-5,False,Penalty,"PENALTY FAU False Start (Jean,Scarlee) 5 yards from Rice43 to Rice48. NO PLAY.",,2025-10-05T00:54:00.000Z
401762477,40176247713,401762477103897601,13,14,Florida Atlantic,American Athletic,17,Rice,American Athletic,7,Rice,Florida Atlantic,3,"{'minutes': 10, 'seconds': 23}",3,3,42,42,4,9,0,False,Punt,"Logan Lupo punt for 32 yds, punt out-of-bounds at the RICE 10",,2025-10-05T00:58:05.000Z
401762477,40176247713,401762477102999904,13,1,Rice,American Athletic,7,Florida Atlantic,American Athletic,17,Rice,Florida Atlantic,2,"{'minutes': 0, 'seconds': 0}",0,2,75,25,0,10,0,False,End of Half,End of 2nd Quarter,,2025-10-05T00:29:51.000Z
401762477,40176247713,401762477103849905,13,3,Florida Atlantic,American Athletic,17,Rice,American Athletic,7,Rice,Florida Atlantic,3,"{'minutes': 15, 'seconds': 0}",3,3,75,75,1,10,11,False,Rush,Xavier Terrell run for 11 yds to the FAU 36 for a 1ST down,0.9305625119459905,2025-10-04T00:00:00.000Z
401762477,40176247713,401762477103849906,13,4,Florida Atlantic,American Athletic,17,Rice,American Athletic,7,Rice,Florida Atlantic,3,"{'minutes': 15, 'seconds': 0}",3,3,64,64,1,10,1,False,Rush,Xavier Terrell run for 1 yd to the FAU 37,-0.8530905486726476,2025-10-05T00:51:24.000Z
401762477,40176247713,401762477103849907,13,5,Florida Atlantic,American Athletic,17,Rice,American Athletic,7,Rice,Florida Atlantic,3,"{'minutes': 15, 'seconds': 0}",3,3,63,63,2,9,0,False,Pass Incompletion,Caden Veltkamp pass incomplete to Dominique Henry,-0.7156844087137806,2025-10-05T00:51:24.000Z
401762477,40176247713,401762477103849908,13,6,Florida Atlantic,American Athletic,17,Rice,American Athletic,7,Rice,Florida Atlantic,3,"{'minutes': 15, 'seconds': 0}",3,3,63,63,3,9,9,False,Pass Reception,Caden Veltkamp pass complete to Easton Messer for 9 yds to the FAU 46 for a 1ST down,2.5310700274765514,2025-10-05T00:51:24.000Z
401762477,40176247713,401762477103849909,13,7,Florida Atlantic,American Athletic,17,Rice,American Athletic,7,Rice,Florida Atlantic,3,"{'minutes': 15, 'seconds': 0}",3,3,54,54,1,10,9,False,Pass Reception,Caden Veltkamp pass complete to Easton Messer for 9 yds to the RICE 45,1.20588179851595,2025-10-05T00:51:24.000Z
401762477,40176247713,401762477103849910,13,8,Florida Atlantic,American Athletic,17,Rice,American Athletic,7,Rice,Florida Atlantic,3,"{'minutes': 15, 'seconds': 0}",3,3,45,45,2,1,0,False,Pass Incompletion,Caden Veltkamp pass incomplete to Dominique Henry,-1.2553672566879575,2025-10-05T00:54:00.000Z
401762477,40176247713,401762477103849911,13,9,Florida Atlantic,American Athletic,17,Rice,American Athletic,7,Rice,Florida Atlantic,3,"{'minutes': 15, 'seconds': 0}",3,3,45,45,3,1,2,False,Rush,Gemari Sands run for 2 yds to the RICE 43 for a 1ST down,0.8820129079263612,2025-10-05T00:54:00.000Z
401762477,40176247713,401762477103849914,13,11,Florida Atlantic,American Athletic,17,Rice,American Athletic,7,Rice,Florida Atlantic,3,"{'minutes': 15, 'seconds': 0}",3,3,48,48,1,15,-1,False,Pass Reception,Caden Veltkamp pass complete to Gemari Sands for a loss of 1 yard to the RICE 49,-1.2603268179145548,2025-10-05T00:54:00.000Z
401762477,40176247713,401762477103849915,13,12,Florida Atlantic,American Athletic,17,Rice,American Athletic,7,Rice,Florida Atlantic,3,"{'minutes': 15, 'seconds': 0}",3,3,49,49,2,16,5,False,Rush,Gemari Sands run for 5 yds to the RICE 44,0.0507684072680945,2025-10-05T00:54:00.000Z
401762477,40176247713,401762477103849916,13,13,Florida Atlantic,American Athletic,17,Rice,American Athletic,7,Rice,Florida Atlantic,3,"{'minutes': 15, 'seconds': 0}",3,3,44,44,3,11,2,False,Rush,Gemari Sands run for 2 yds to the RICE 42,-0.5309836213025196,2025-10-05T00:54:00.000Z
401762477,40176247717,401762477104914501,14,8,Florida Atlantic,American Athletic,24,Rice,American Athletic,14,Rice,Florida Atlantic,4,"{'minutes': 8, 'seconds': 54}",2,3,51,51,3,1,0,False,Timeout,"Timeout Florida Atlantic, clock 08:54",,2025-10-05T01:34:02.000Z
401762477,40176247717,401762477104919502,14,11,Florida Atlantic,American Athletic,24,Rice,American Athletic,14,Rice,Florida Atlantic,4,"{'minutes': 8, 'seconds': 4}",2,2,10,10,1,10,0,False,Timeout,"Timeout Rice, clock 08:04",,2025-10-05T01:49:35.000Z
401762477,40176247717,401762477104939601,14,15,Florida Atlantic,American Athletic,27,Rice,American Athletic,14,Rice,Florida Atlantic,4,"{'minutes': 6, 'seconds': 3}",2,2,8,8,4,8,26,True,Field Goal Good,Garrison Smith 26 yd FG GOOD,,2025-10-05T01:55:20.000Z
401762477,40176247717,401762477104877701,14,1,Florida Atlantic,American Athletic,24,Rice,American Athletic,14,Rice,Florida Atlantic,4,"{'minutes': 12, 'seconds': 22}",3,3,84,84,1,10,3,False,Pass Reception,Caden Veltkamp pass complete to Easton Messer for 3 yds to the FAU 19,-0.1951535561947866,2025-10-05T01:40:48.000Z
401762477,40176247717,401762477104884801,14,2,Florida Atlantic,American Athletic,24,Rice,American Athletic,14,Rice,Florida Atlantic,4,"{'minutes': 11, 'seconds': 51}",3,3,81,81,2,7,9,False,Rush,Xavier Terrell run for 9 yds to the FAU 28 for a 1ST down,0.9188901711324089,2025-10-05T01:41:24.000Z
401762477,40176247717,401762477104888201,14,3,Florida Atlantic,American Athletic,24,Rice,American Athletic,14,Rice,Florida Atlantic,4,"{'minutes': 11, 'seconds': 17}",3,3,72,72,1,10,0,False,Pass Incompletion,Caden Veltkamp pass incomplete to Jayshon Platt,-0.7982008475508557,2025-10-05T01:41:57.000Z
401762477,40176247717,401762477104889401,14,4,Florida Atlantic,American Athletic,24,Rice,American Athletic,14,Rice,Florida Atlantic,4,"{'minutes': 11, 'seconds': 5}",3,3,72,72,2,10,7,False,Pass Reception,Caden Veltkamp pass complete to Easton Messer for 7 yds to the FAU 35,0.35656078520897166,2025-10-05T01:42:39.000Z
401762477,40176247717,401762477104895201,14,5,Florida Atlantic,American Athletic,24,Rice,American Athletic,14,Rice,Florida Atlantic,4,"{'minutes': 10, 'seconds': 47}",3,3,65,65,3,3,5,False,Pass Reception,Caden Veltkamp pass complete to Easton Messer for 5 yds to the FAU 40 for a 1ST down,1.540372170464261,2025-10-05T01:43:00.000Z
401762477,40176247717,401762477104899101,14,6,Florida Atlantic,American Athletic,24,Rice,American Athletic,14,Rice,Florida Atlantic,4,"{'minutes': 10, 'seconds': 8}",3,3,60,60,1,10,8,False,Pass Reception,Caden Veltkamp pass complete to Jayshon Platt for 8 yds to the FAU 48,1.0159674518504005,2025-10-05T01:43:51.000Z
401762477,40176247717,401762477104907301,14,7,Florida Atlantic,American Athletic,24,Rice,American Athletic,14,Rice,Florida Atlantic,4,"{'minutes': 9, 'seconds': 26}",3,3,52,52,2,2,1,False,Rush,Xavier Terrell run for 1 yd to the FAU 49,-1.0731465617637088,2025-10-05T01:44:41.000Z
401762477,40176247717,401762477104915501,14,9,Florida Atlantic,American Athletic,24,Rice,American Athletic,14,Rice,Florida Atlantic,4,"{'minutes': 8, 'seconds': 44}",2,3,51,51,3,1,0,False,Rush,Xavier Terrell run for no gain to the FAU 49,-1.1398418153687135,2025-10-05T01:48:33.000Z
401762477,40176247717,401762477104919201,14,10,Florida Atlantic,American Athletic,24,Rice,American Athletic,14,Rice,Florida Atlantic,4,"{'minutes': 8, 'seconds': 7}",2,3,51,51,4,1,41,False,Pass Reception,Caden Veltkamp pass complete to Michael Kirch for 41 yds to the RICE 10 for a 1ST down,3.440094687176255,2025-10-05T01:49:27.000Z
401762477,40176247717,401762477104925401,14,12,Florida Atlantic,American Athletic,24,Rice,American Athletic,14,Rice,Florida Atlantic,4,"{'minutes': 7, 'seconds': 45}",2,2,10,10,1,10,2,False,Pass Reception,Caden Veltkamp pass complete to Jayshon Platt for 2 yds to the RICE 12,-0.162944112483623,2025-10-05T01:53:34.000Z
401762477,40176247717,401762477104928301,14,13,Florida Atlantic,American Athletic,24,Rice,American Athletic,14,Rice,Florida Atlantic,4,"{'minutes': 7, 'seconds': 16}",2,2,12,12,2,12,4,False,Rush,Xavier Terrell run for 4 yds to the RICE 8,-0.032560292979516,2025-10-05T01:54:06.000Z
401762477,40176247717,401762477104937001,14,14,Florida Atlantic,American Athletic,24,Rice,American Athletic,14,Rice,Florida Atlantic,4,"{'minutes': 6, 'seconds': 29}",2,2,8,8,3,8,0,False,Rush,Xavier Terrell run for no gain to the RICE 8,-0.354205173792517,2025-10-05T01:54:54.000Z
401762477,40176247718,401762477104939602,15,1,Florida Atlantic,American Athletic,27,Rice,American Athletic,14,Rice,Florida Atlantic,4,"{'minutes': 6, 'seconds': 3}",2,2,65,65,1,10,0,False,Kickoff,Andrew Nelms kickoff for 65 yds for a touchback,,2025-10-05T01:55:20.000Z
401762477,40176247718,401762477104947001,15,3,Rice,American Athletic,14,Florida Atlantic,American Athletic,27,Rice,Florida Atlantic,4,"{'minutes': 5, 'seconds': 29}",2,2,31,69,2,4,15,False,Penalty,"Florida Atlantic Penalty, Roughing The Passer (Leon Hart Jr.) to the RICE 48 for a 1ST down",,2025-10-05T01:58:34.000Z
401762477,40176247718,401762477104944501,15,2,Rice,American Athletic,14,Florida Atlantic,American Athletic,27,Rice,Florida Atlantic,4,"{'minutes': 5, 'seconds': 54}",2,2,25,75,1,10,6,False,Pass Reception,Chase Jenkins pass complete to Aaron Turner for 6 yds to the RICE 31,0.3333748010525683,2025-10-05T01:57:33.000Z
401762477,40176247718,401762477104947003,15,4,Rice,American Athletic,14,Florida Atlantic,American Athletic,27,Rice,Florida Atlantic,4,"{'minutes': 5, 'seconds': 29}",2,2,31,69,2,4,2,False,Pass Reception,Chase Jenkins pass complete to Braylen Walker for 2 yds to the RICE 33,-0.5529622556781773,2025-10-05T01:58:34.000Z
401762477,40176247718,401762477104947901,15,5,Rice,American Athletic,14,Florida Atlantic,American Athletic,27,Rice,Florida Atlantic,4,"{'minutes': 5, 'seconds': 20}",2,2,48,52,1,10,9,False,Pass Reception,Chase Jenkins pass complete to Aaron Turner for 9 yds to the FAU 43,1.150899831387264,2025-10-05T01:59:30.000Z
401762477,40176247718,401762477104954501,15,6,Rice,American Athletic,14,Florida Atlantic,American Athletic,27,Rice,Florida Atlantic,4,"{'minutes': 4, 'seconds': 54}",2,2,57,43,2,1,3,False,Pass Reception,Chase Jenkins pass complete to Aaron Turner for 3 yds to the FAU 40 for a 1ST down,-0.331894686614174,2025-10-05T01:59:57.000Z
401762477,40176247718,401762477104956801,15,7,Rice,American Athletic,14,Florida Atlantic,American Athletic,27,Rice,Florida Atlantic,4,"{'minutes': 4, 'seconds': 31}",2,2,60,40,1,10,32,False,Pass Reception,Chase Jenkins pass complete to Aaron Turner for 32 yds to the FAU 8 for a 1ST down,0.869449575237649,2025-10-05T02:00:28.000Z
401762477,40176247718,401762477104959201,15,8,Rice,American Athletic,14,Florida Atlantic,American Athletic,27,Rice,Florida Atlantic,4,"{'minutes': 4, 'seconds': 7}",2,2,92,8,1,8,7,False,Rush,Chase Jenkins run for 7 yds to the FAU 1,0.419247331226686,2025-10-05T02:02:10.000Z
401762477,40176247718,401762477104965401,15,9,Rice,American Athletic,14,Florida Atlantic,American Athletic,27,Rice,Florida Atlantic,4,"{'minutes': 3, 'seconds': 45}",2,2,99,1,2,1,-1,False,Rush,Quinton Jackson run for a loss of 1 yard to the FAU 2,-0.644478046589855,2025-10-05T02:03:45.000Z
401762477,40176247718,401762477104968001,15,10,Rice,American Athletic,21,Florida Atlantic,American Athletic,27,Rice,Florida Atlantic,4,"{'minutes': 3, 'seconds': 19}",2,2,98,2,3,2,2,True,Rushing Touchdown,Chase Jenkins run for 2 yds for a TD (Enock Gota KICK),2.544830284062861,2025-10-05T02:04:17.000Z
401762477,40176247719,401762477104968201,16,1,Rice,American Athletic,21,Florida Atlantic,American Athletic,27,Rice,Florida Atlantic,4,"{'minutes': 3, 'seconds': 17}",2,2,35,65,1,10,3,False,Kickoff Return (Offense),"Enock Gota kickoff for 49 yds , Easton Messer return for 3 yds to the FAU 19",,2025-10-05T02:06:39.000Z
401762477,40176247719,401762477104976702,16,4,Florida Atlantic,American Athletic,27,Rice,American Athletic,21,Rice,Florida Atlantic,4,"{'minutes': 2, 'seconds': 32}",2,1,79,79,3,8,0,False,Timeout,"Timeout Rice, clock 02:32",,2025-10-05T02:08:05.000Z
401762477,40176247719,401762477104997302,16,11,Florida Atlantic,American Athletic,27,Rice,American Athletic,21,Rice,Florida Atlantic,4,"{'minutes': 0, 'seconds': 0}",2,-1,58,58,0,10,0,False,End of Game,End of 4th Quarter,,2025-10-05T02:16:27.000Z
401762477,40176247719,401762477104979901,16,6,Florida Atlantic,American Athletic,27,Rice,American Athletic,21,Rice,Florida Atlantic,4,"{'minutes': 2, 'seconds': 0}",2,0,69,69,1,10,0,False,Timeout,"Timeout Rice, clock 02:00",,2025-10-05T01:34:02.000Z
401762477,40176247719,401762477104984802,16,8,Florida Atlantic,American Athletic,27,Rice,American Athletic,21,Rice,Florida Atlantic,4,"{'minutes': 1, 'seconds': 51}",2,-1,61,61,2,2,0,False,Timeout,"Timeout Rice, clock 01:51",,2025-10-05T02:13:22.000Z
401762477,40176247719,401762477104989501,16,10,Florida Atlantic,American Athletic,27,Rice,American Athletic,21,Rice,Florida Atlantic,4,"{'minutes': 1, 'seconds': 4}",2,-1,60,60,3,1,2,False,Rush,Caden Veltkamp run for 2 yds to the FAU 42 for a 1ST down,1.0884762072419605,2025-10-05T02:15:20.000Z
401762477,40176247719,401762477104999901,16,12,Florida Atlantic,American Athletic,27,Rice,American Athletic,21,Rice,Florida Atlantic,4,"{'minutes': 0, 'seconds': 0}",2,-1,58,58,1,10,-1,False,Rush,(00:49) Kneel down by Fla. Atlantic at FAU41 for loss of 1 yard.,-1.3564468491381483,2025-10-05T02:16:27.000Z
401762477,40176247719,401762477104984801,16,7,Florida Atlantic,American Athletic,27,Rice,American Athletic,21,Rice,Florida Atlantic,4,"{'minutes': 1, 'seconds': 51}",2,0,69,69,1,10,8,False,Rush,Xavier Terrell run for 8 yds to the FAU 39,1.0102722158723196,2025-10-05T02:13:22.000Z
401762477,40176247719,401762477104985801,16,9,Florida Atlantic,American Athletic,27,Rice,American Athletic,21,Rice,Florida Atlantic,4,"{'minutes': 1, 'seconds': 41}",2,-1,61,61,2,2,1,False,Rush,Xavier Terrell run for 1 yd to the FAU 40,-1.053160630038546,2025-10-05T02:14:36.000Z
401762477,40176247719,401762477104969201,16,2,Florida Atlantic,American Athletic,27,Rice,American Athletic,21,Rice,Florida Atlantic,4,"{'minutes': 3, 'seconds': 7}",2,2,81,81,1,10,0,False,Rush,Caden Veltkamp run for no gain to the FAU 19,-0.5327945515514214,2025-10-05T02:07:26.000Z
401762477,40176247719,401762477104976701,16,3,Florida Atlantic,American Athletic,27,Rice,American Athletic,21,Rice,Florida Atlantic,4,"{'minutes': 2, 'seconds': 32}",2,2,81,81,2,10,2,False,Rush,Kaden Shields-Dutton run for 2 yds to the FAU 21,-0.16226071526170927,2025-10-05T02:08:05.000Z
401762477,40176247719,401762477104977901,16,5,Florida Atlantic,American Athletic,27,Rice,American Athletic,21,Rice,Florida Atlantic,4,"{'minutes': 2, 'seconds': 20}",2,1,79,79,3,8,10,False,Rush,Caden Veltkamp run for 10 yds to the FAU 31 for a 1ST down,1.5263837827008775,2025-10-05T02:09:15.000Z
401762482,4017624821,401762482101849903,1,1,Florida Atlantic,American Athletic,0,UAB,American Athletic,0,Florida Atlantic,UAB,1,"{'minutes': 15, 'seconds': 0}",3,3,35,65,1,10,0,False,Kickoff,Andrew Nelms kickoff for 65 yds for a touchback,,2025-10-11T22:04:04.000Z
401762482,4017624821,401762482101868001,1,5,UAB,American Athletic,0,Florida Atlantic,American Athletic,0,Florida Atlantic,UAB,1,"{'minutes': 13, 'seconds': 19}",3,3,75,75,4,10,0,False,Punt,"Patrick Foley punt for 44 yds, fair catch by Easton Messer at the FAU 31",,2025-10-11T22:06:30.000Z
401762482,4017624821,401762482101868002,1,6,UAB,American Athletic,0,Florida Atlantic,American Athletic,0,Florida Atlantic,UAB,1,"{'minutes': 13, 'seconds': 19}",3,3,75,75,4,10,0,False,Punt,"Patrick Foley punt for 44 yds, fair catch by Easton Messer at the FAU 36",,2025-10-11T22:06:30.000Z
401762482,4017624821,401762482101856501,1,2,UAB,American Athletic,0,Florida Atlantic,American Athletic,0,Florida Atlantic,UAB,1,"{'minutes': 14, 'seconds': 34}",3,3,75,75,1,10,0,False,Pass Reception,Jalen Kitna pass complete to Solomon Beebe for no gain to the UAB 25,-0.7029700220436519,2025-10-11T22:04:04.000Z
401762482,4017624821,401762482101859901,1,3,UAB,American Athletic,0,Florida Atlantic,American Athletic,0,Florida Atlantic,UAB,1,"{'minutes': 14, 'seconds': 0}",3,3,75,75,2,10,0,False,Pass Reception,Jalen Kitna pass complete to Evan McCray for no gain to the UAB 25,-0.34710487712173865,2025-10-11T22:04:38.000Z
401762482,4017624821,401762482101867301,1,4,UAB,American Athletic,0,Florida Atlantic,American Athletic,0,Florida Atlantic,UAB,1,"{'minutes': 13, 'seconds': 26}",3,3,75,75,3,10,0,False,Pass Incompletion,Jalen Kitna pass incomplete to Kaleb Brown,-0.15871308844886392,2025-10-11T22:05:10.000Z
401762482,4017624822,401762482101876201,2,1,Florida Atlantic,American Athletic,0,UAB,American Athletic,0,Florida Atlantic,UAB,1,"{'minutes': 12, 'seconds': 37}",3,3,36,64,1,10,0,False,Pass Reception,Caden Veltkamp pass complete to Easton Messer for no gain to the FAU 36,-1.041155320344064,2025-10-11T22:09:17.000Z
401762482,4017624822,401762482101887201,2,2,Florida Atlantic,American Athletic,0,UAB,American Athletic,0,Florida Atlantic,UAB,1,"{'minutes': 11, 'seconds': 27}",3,3,36,64,2,10,0,False,Pass Incompletion,Caden Veltkamp pass incomplete to Asaad Waseem,-0.6310378338259923,2025-10-11T22:10:08.000Z
401762482,4017624822,401762482101899201,2,3,Florida Atlantic,American Athletic,0,UAB,American Athletic,0,Florida Atlantic,UAB,1,"{'minutes': 10, 'seconds': 7}",3,3,36,64,3,10,10,False,Rush,Easton Messer run for 10 yds to the FAU 46 for a 1ST down,2.6344882242601795,2025-10-11T22:11:25.000Z
401762482,4017624822,401762482101899202,2,4,Florida Atlantic,American Athletic,0,UAB,American Athletic,0,Florida Atlantic,UAB,1,"{'minutes': 10, 'seconds': 7}",3,3,46,54,1,10,23,False,Pass Reception,Caden Veltkamp pass complete to Asaad Waseem for 23 yds to the UAB 31 for a 1ST down,1.34295136761226,2025-10-11T22:11:25.000Z
401762482,4017624822,401762482101899203,2,5,Florida Atlantic,American Athletic,0,UAB,American Athletic,0,Florida Atlantic,UAB,1,"{'minutes': 10, 'seconds': 7}",3,3,69,31,1,10,10,False,Rush,Jayshon Platt run for 10 yds to the UAB 21 for a 1ST down,0.209649356277455,2025-10-11T22:11:25.000Z
401762482,4017624822,401762482101899204,2,6,Florida Atlantic,American Athletic,0,UAB,American Athletic,0,Florida Atlantic,UAB,1,"{'minutes': 10, 'seconds': 7}",3,3,79,21,1,10,8,False,Rush,Kaden Shields-Dutton run for 8 yds to the UAB 13,0.4611213976375015,2025-10-11T22:11:25.000Z
401762482,4017624822,401762482101899205,2,7,Florida Atlantic,American Athletic,7,UAB,American Athletic,0,Florida Atlantic,UAB,1,"{'minutes': 10, 'seconds': 7}",3,3,87,13,2,2,13,True,Rushing Touchdown,Kaden Shields-Dutton run for 13 yds for a TD (Garrison Smith KICK),2.1711754161579915,2025-10-11T22:11:25.000Z
401762482,4017624823,401762482101899207,3,1,Florida Atlantic,American Athletic,7,UAB,American Athletic,0,Florida Atlantic,UAB,1,"{'minutes': 10, 'seconds': 7}",3,3,35,65,1,10,0,False,Kickoff,Andrew Nelms kickoff for 65 yds for a touchback,,2025-10-11T22:11:25.000Z
401762482,4017624823,401762482101919604,3,5,UAB,American Athletic,0,Florida Atlantic,American Athletic,7,Florida Atlantic,UAB,1,"{'minutes': 8, 'seconds': 3}",3,3,70,70,4,5,31,False,Punt,"Patrick Foley punt for 46 yds , Easton Messer returns for 31 yds to the UAB 45",,2025-10-11T22:21:42.000Z
401762482,4017624823,401762482101904701,3,2,UAB,American Athletic,0,Florida Atlantic,American Athletic,7,Florida Atlantic,UAB,1,"{'minutes': 9, 'seconds': 52}",3,3,75,75,1,10,1,False,Rush,Jevon Jackson run for 1 yd to the UAB 26,-0.5874795431016855,2025-10-11T22:16:50.000Z
401762482,4017624823,401762482101908201,3,3,UAB,American Athletic,0,Florida Atlantic,American Athletic,7,Florida Atlantic,UAB,1,"{'minutes': 9, 'seconds': 17}",3,3,74,74,2,9,-7,False,Sack,Jalen Kitna sacked by Wilky Denaud for a loss of 7 yards to the UAB 19,-0.647613804583874,2025-10-11T22:17:17.000Z
401762482,4017624823,401762482101916201,3,4,UAB,American Athletic,0,Florida Atlantic,American Athletic,7,Florida Atlantic,UAB,1,"{'minutes': 8, 'seconds': 37}",3,3,81,81,3,16,11,False,Pass Reception,Jalen Kitna pass complete to Iverson Hooks for 11 yds to the UAB 30,0.20428208723698305,2025-10-11T22:18:07.000Z
401762482,4017624824,401762482101947802,4,7,Florida Atlantic,American Athletic,7,UAB,American Athletic,0,Florida Atlantic,UAB,1,"{'minutes': 5, 'seconds': 21}",3,3,92,8,1,8,6,False,Penalty,"UAB Penalty, Defensive Pass Interference (Delvon Gulley) to the UAB 2 for a 1ST down",,2025-10-11T22:25:33.000Z
401762482,4017624824,401762482101919607,4,1,Florida Atlantic,American Athletic,7,UAB,American Athletic,0,Florida Atlantic,UAB,1,"{'minutes': 8, 'seconds': 3}",3,3,55,45,1,10,-2,False,Rush,Kaden Shields-Dutton run for a loss of 2 yards to the UAB 47,-1.456436989817803,2025-10-11T22:21:42.000Z
401762482,4017624824,401762482101929502,4,2,Florida Atlantic,American Athletic,7,UAB,American Athletic,0,Florida Atlantic,UAB,1,"{'minutes': 7, 'seconds': 4}",3,3,53,47,2,12,7,False,Pass Reception,Caden Veltkamp pass complete to Asaad Waseem for 7 yds to the UAB 40,0.530907781437458,2025-10-11T22:22:46.000Z
401762482,4017624824,401762482101935002,4,3,Florida Atlantic,American Athletic,7,UAB,American Athletic,0,Florida Atlantic,UAB,1,"{'minutes': 6, 'seconds': 49}",3,3,60,40,3,5,3,False,Pass Reception,Caden Veltkamp pass complete to Asaad Waseem for 3 yds to the UAB 37,-0.397673841803389,2025-10-11T22:23:04.000Z
401762482,4017624824,401762482101939502,4,4,Florida Atlantic,American Athletic,7,UAB,American Athletic,0,Florida Atlantic,UAB,1,"{'minutes': 6, 'seconds': 4}",3,3,63,37,4,2,3,False,Rush,Kaden Shields-Dutton run for 3 yds to the UAB 34 for a 1ST down,1.862990974337132,2025-10-11T22:23:52.000Z
401762482,4017624824,401762482101945002,4,5,Florida Atlantic,American Athletic,7,UAB,American Athletic,0,Florida Atlantic,UAB,1,"{'minutes': 5, 'seconds': 49}",3,3,66,34,1,10,0,False,Pass Incompletion,Caden Veltkamp pass incomplete to Easton Messer,-0.6630222646782312,2025-10-11T22:24:05.000Z
401762482,4017624824,401762482101946301,4,6,Florida Atlantic,American Athletic,7,UAB,American Athletic,0,Florida Atlantic,UAB,1,"{'minutes': 5, 'seconds': 36}",3,3,66,34,2,10,26,False,Pass Reception,Caden Veltkamp pass complete to Jayshon Platt for 26 yds to the UAB 8 for a 1ST down,1.2801488568922093,2025-10-11T22:24:51.000Z
401762482,4017624824,401762482101948201,4,8,Florida Atlantic,American Athletic,14,UAB,American Athletic,0,Florida Atlantic,UAB,1,"{'minutes': 5, 'seconds': 17}",3,3,98,2,1,2,2,True,Rushing Touchdown,Kaden Shields-Dutton run for 2 yds for a TD (Garrison Smith KICK),1.213235297672098,2025-10-11T22:26:06.000Z
401762482,4017624825,401762482101948203,5,1,Florida Atlantic,American Athletic,14,UAB,American Athletic,0,Florida Atlantic,UAB,1,"{'minutes': 5, 'seconds': 17}",3,3,35,65,1,10,0,False,Kickoff,Andrew Nelms kickoff for 65 yds for a touchback,,2025-10-11T22:26:16.000Z
401762482,4017624825,401762482101954101,5,3,UAB,American Athletic,0,Florida Atlantic,American Athletic,14,Florida Atlantic,UAB,1,"{'minutes': 4, 'seconds': 58}",3,2,70,70,2,5,0,False,Timeout,"Timeout Florida Atlantic, clock 04:58",,2025-10-11T22:04:04.000Z
401762482,4017624825,401762482101974601,5,8,UAB,American Athletic,0,Florida Atlantic,American Athletic,14,Florida Atlantic,UAB,1,"{'minutes': 2, 'seconds': 53}",3,2,46,46,1,10,-5,False,Penalty,"PENALTY UAB False Start (Moore,Logan) 5 yards from FAU46 to UAB49. NO PLAY.",,2025-10-11T22:35:14.000Z
401762482,4017624825,401762482101989101,5,11,UAB,American Athletic,0,Florida Atlantic,American Athletic,14,Florida Atlantic,UAB,1,"{'minutes': 1, 'seconds': 8}",3,2,52,52,3,16,0,False,Penalty,"UAB Penalty, Illegal Formation (Devin Hightower) declined",,2025-10-11T22:37:02.000Z
401762482,4017624825,401762482101989801,5,12,UAB,American Athletic,0,Florida Atlantic,American Athletic,14,Florida Atlantic,UAB,1,"{'minutes': 1, 'seconds': 1}",3,2,52,52,4,16,0,False,Punt,"Patrick Foley punt for 33 yds, fair catch by Easton Messer at the FAU 19",,2025-10-11T22:38:35.000Z
401762482,4017624825,401762482101949201,5,2,UAB,American Athletic,0,Florida Atlantic,American Athletic,14,Florida Atlantic,UAB,1,"{'minutes': 5, 'seconds': 7}",3,3,75,75,1,10,5,False,Pass Reception,Jalen Kitna pass complete to Antonio Ferguson for 5 yds to the UAB 30,0.0945451165334843,2025-10-11T22:31:28.000Z
401762482,4017624825,401762482101955201,5,4,UAB,American Athletic,0,Florida Atlantic,American Athletic,14,Florida Atlantic,UAB,1,"{'minutes': 4, 'seconds': 47}",3,2,70,70,2,5,5,False,Rush,Isaiah Jacobs run for 5 yds to the UAB 35 for a 1ST down,0.7404929924965024,2025-10-11T22:32:55.000Z
401762482,4017624825,401762482101956901,5,5,UAB,American Athletic,0,Florida Atlantic,American Athletic,14,Florida Atlantic,UAB,1,"{'minutes': 4, 'seconds': 30}",3,2,65,65,1,10,5,False,Rush,Isaiah Jacobs run for 5 yds to the UAB 40,0.1088137823196469,2025-10-11T22:33:15.000Z
401762482,4017624825,401762482101959901,5,6,UAB,American Athletic,0,Florida Atlantic,American Athletic,14,Florida Atlantic,UAB,1,"{'minutes': 4, 'seconds': 0}",3,2,60,60,2,5,-6,False,Sack,Jalen Kitna sacked for a loss of 6 yards to the UAB 34,-1.8079937845806153,2025-10-11T22:33:39.000Z
401762482,4017624825,401762482101968901,5,7,UAB,American Athletic,0,Florida Atlantic,American Athletic,14,Florida Atlantic,UAB,1,"{'minutes': 3, 'seconds': 10}",3,2,66,66,3,11,20,False,Pass Reception,Jalen Kitna pass complete to Kaleb Brown for 20 yds to the FAU 46 for a 1ST down,3.398609604817839,2025-10-11T22:34:44.000Z
401762482,4017624825,401762482101977701,5,9,UAB,American Athletic,0,Florida Atlantic,American Athletic,14,Florida Atlantic,UAB,1,"{'minutes': 2, 'seconds': 22}",3,2,51,51,1,15,-3,False,Rush,Jevon Jackson run for a loss of 3 yards to the UAB 46,-1.598810135479992,2025-10-11T22:35:49.000Z
401762482,4017624825,401762482101986401,5,10,UAB,American Athletic,0,Florida Atlantic,American Athletic,14,Florida Atlantic,UAB,1,"{'minutes': 1, 'seconds': 35}",3,2,54,54,2,18,2,False,Pass Reception,Jalen Kitna pass complete to Solomon Beebe for 2 yds to the UAB 48,-0.3857894697329751,2025-10-11T22:36:37.000Z
401762482,4017624826,401762482101997203,6,4,Florida Atlantic,American Athletic,14,UAB,American Athletic,0,Florida Atlantic,UAB,1,"{'minutes': 0, 'seconds': 27}",2,3,35,65,1,10,15,False,Penalty,"PENALTY UAB Targeting (Rogers,JaMichael) 15 yards from FAU35 to FAU50. NO PLAY.",,2025-10-11T22:43:59.000Z
401762482,4017624826,401762482101994301,6,1,Florida Atlantic,American Athletic,14,UAB,American Athletic,0,Florida Atlantic,UAB,1,"{'minutes': 0, 'seconds': 56}",2,3,19,81,1,10,0,False,Pass Incompletion,Caden Veltkamp pass incomplete to Kaden Shields-Dutton,-0.5327945515514214,2025-10-11T22:39:07.000Z
401762482,4017624826,401762482101995301,6,2,Florida Atlantic,American Athletic,14,UAB,American Athletic,0,Florida Atlantic,UAB,1,"{'minutes': 0, 'seconds': 46}",2,3,19,81,2,10,33,False,Pass Reception,Caden Veltkamp pass complete to Asaad Waseem for 33 yds to the UAB 48 for a 1ST down,3.285180236274261,2025-10-11T22:40:03.000Z
401762482,4017624826,401762482101997201,6,3,Florida Atlantic,American Athletic,21,UAB,American Athletic,0,Florida Atlantic,UAB,1,"{'minutes': 0, 'seconds': 27}",2,3,52,48,1,10,48,True,Passing Touchdown,Easton Messer pass complete to Jayshon Platt for 48 yds for a TD (Garrison Smith KICK),3.686233836279957,2025-10-11T22:41:44.000Z
401762482,4017624827,401762482101997301,7,1,Florida Atlantic,American Athletic,21,UAB,American Athletic,0,Florida Atlantic,UAB,1,"{'minutes': 0, 'seconds': 26}",2,3,50,50,1,10,0,False,Kickoff Return (Offense),"Andrew Nelms kickoff for 14 yds , T'sai McDaniel return for no gain to the UAB 36",,2025-10-11T22:45:27.000Z
401762482,4017624827,401762482101998303,7,3,UAB,American Athletic,0,Florida Atlantic,American Athletic,21,Florida Atlantic,UAB,1,"{'minutes': 0, 'seconds': 0}",3,2,63,63,0,9,0,False,End Period,End of 1st Quarter,,2025-10-11T22:04:04.000Z
401762482,4017624827,401762482102849902,7,5,UAB,American Athletic,0,Florida Atlantic,American Athletic,21,Florida Atlantic,UAB,2,"{'minutes': 15, 'seconds': 0}",3,2,65,65,3,11,-5,False,Penalty,"PENALTY UAB False Start (Hawkins Jr.,Brandon) 5 yards from UAB35 to UAB30. NO PLAY.",,2025-10-11T22:51:08.000Z
401762482,4017624827,401762482102849905,7,7,UAB,American Athletic,0,Florida Atlantic,American Athletic,21,Florida Atlantic,UAB,2,"{'minutes': 15, 'seconds': 0}",3,2,73,73,4,19,-5,False,Penalty,"PENALTY UAB False Start (Elder,Jaylen) 5 yards from UAB27 to UAB22. NO PLAY.",,2025-10-11T22:51:08.000Z
401762482,4017624827,401762482102865401,7,8,UAB,American Athletic,0,Florida Atlantic,American Athletic,21,Florida Atlantic,UAB,2,"{'minutes': 13, 'seconds': 45}",3,2,78,78,4,24,22,False,Punt,"Patrick Foley punt for 40 yds , Easton Messer returns for 22 yds to the UAB 40",,2025-10-11T22:53:26.000Z
401762482,4017624827,401762482101998301,7,2,UAB,American Athletic,0,Florida Atlantic,American Athletic,21,Florida Atlantic,UAB,1,"{'minutes': 0, 'seconds': 16}",3,2,64,64,1,10,1,False,Rush,Jevon Jackson run for 1 yd to the UAB 37,-0.8530905486726476,2025-10-11T22:46:08.000Z
401762482,4017624827,401762482101999901,7,4,UAB,American Athletic,0,Florida Atlantic,American Athletic,21,Florida Atlantic,UAB,1,"{'minutes': 0, 'seconds': 0}",3,2,63,63,2,9,2,False,Pass Reception,Jalen Kitna pass complete to Brandon Hawkins Jr. for 2 yds to the UAB 35,-0.4595992007225442,2025-10-11T22:50:39.000Z
401762482,4017624827,401762482102849904,7,6,UAB,American Athletic,0,Florida Atlantic,American Athletic,21,Florida Atlantic,UAB,2,"{'minutes': 15, 'seconds': 0}",3,2,70,70,3,16,-3,False,Sack,Jalen Kitna sacked by CJ Doggette Jr. for a loss of 3 yards to the UAB 27,-0.1595738760622707,2025-10-11T22:51:08.000Z
401762482,4017624828,401762482102865404,8,1,Florida Atlantic,American Athletic,21,UAB,American Athletic,0,Florida Atlantic,UAB,2,"{'minutes': 13, 'seconds': 45}",2,3,60,40,1,10,3,False,Pass Reception,Caden Veltkamp pass complete to Gemari Sands for 3 yds to the UAB 37,-0.270025967249902,2025-10-11T22:55:26.000Z
401762482,4017624828,401762482102869501,8,2,Florida Atlantic,American Athletic,28,UAB,American Athletic,0,Florida Atlantic,UAB,2,"{'minutes': 13, 'seconds': 4}",2,3,63,37,2,7,37,True,Passing Touchdown,Caden Veltkamp pass complete to Jabari Smith for 37 yds for a TD (Garrison Smith KICK),3.459075111187243,2025-10-11T22:56:57.000Z
401762482,4017624829,401762482102874101,9,1,Florida Atlantic,American Athletic,28,UAB,American Athletic,0,Florida Atlantic,UAB,2,"{'minutes': 12, 'seconds': 58}",2,3,35,65,1,10,22,False,Kickoff Return (Offense),"Andrew Nelms kickoff for 64 yds , Solomon Beebe return for 22 yds to the UAB 23",,2025-10-11T23:01:24.000Z
401762482,4017624829,401762482102914704,9,11,UAB,American Athletic,0,Florida Atlantic,American Athletic,28,Florida Atlantic,UAB,2,"{'minutes': 8, 'seconds': 52}",3,2,44,44,4,5,15,False,Penalty,"(08:53) No Huddle-Shotgun Kitna,Jalen pass incomplete deep left to Hooks,Iverson thrown to FAU20 PENALTY FAU Pass Interference (Rogers Jr.,Derrick) 15 yards from FAU44 to FAU29, 1ST DOWN. NO PLAY.",,2025-10-11T23:10:54.000Z
401762482,4017624829,401762482102875001,9,2,UAB,American Athletic,0,Florida Atlantic,American Athletic,28,Florida Atlantic,UAB,2,"{'minutes': 12, 'seconds': 49}",3,2,77,77,1,10,5,False,Rush,Isaiah Jacobs run for 5 yds to the UAB 28,0.090922002905697,2025-10-11T23:01:50.000Z
401762482,4017624829,401762482102879801,9,3,UAB,American Athletic,0,Florida Atlantic,American Athletic,28,Florida Atlantic,UAB,2,"{'minutes': 12, 'seconds': 1}",3,2,72,72,2,5,5,False,Pass Reception,Jalen Kitna pass complete to Isaiah Jacobs for 5 yds to the UAB 33 for a 1ST down,0.6903784221425511,2025-10-11T23:02:38.000Z
401762482,4017624829,401762482102887301,9,4,UAB,American Athletic,0,Florida Atlantic,American Athletic,28,Florida Atlantic,UAB,2,"{'minutes': 11, 'seconds': 26}",3,2,67,67,1,10,-8,False,Sack,Jalen Kitna sacked for a loss of 8 yards to the UAB 25,-1.7046761512132962,2025-10-11T23:03:11.000Z
401762482,4017624829,401762482102896301,9,5,UAB,American Athletic,0,Florida Atlantic,American Athletic,28,Florida Atlantic,UAB,2,"{'minutes': 10, 'seconds': 36}",3,2,75,75,2,18,9,False,Pass Reception,Jalen Kitna pass complete to Solomon Beebe for 9 yds to the UAB 34,0.2933220021874252,2025-10-11T23:04:05.000Z
401762482,4017624829,401762482102904401,9,6,UAB,American Athletic,0,Florida Atlantic,American Athletic,28,Florida Atlantic,UAB,2,"{'minutes': 9, 'seconds': 55}",3,2,66,66,3,9,17,False,Pass Reception,Jalen Kitna pass complete to Iverson Hooks for 17 yds to the FAU 49 for a 1ST down,3.0780802665297715,2025-10-11T23:04:44.000Z
401762482,4017624829,401762482102908102,9,7,UAB,American Athletic,0,Florida Atlantic,American Athletic,28,Florida Atlantic,UAB,2,"{'minutes': 9, 'seconds': 18}",3,2,49,49,1,10,5,False,Pass Reception,Jalen Kitna pass complete to Brandon Hawkins Jr. for 5 yds to the FAU 44,0.1003706527461523,2025-10-11T23:07:43.000Z
401762482,4017624829,401762482102909701,9,8,UAB,American Athletic,0,Florida Atlantic,American Athletic,28,Florida Atlantic,UAB,2,"{'minutes': 9, 'seconds': 2}",3,2,44,44,2,5,0,False,Pass Incompletion,Jalen Kitna pass incomplete to Iverson Hooks,-1.1216560363049626,2025-10-11T23:09:13.000Z
401762482,4017624829,401762482102914201,9,9,UAB,American Athletic,0,Florida Atlantic,American Athletic,28,Florida Atlantic,UAB,2,"{'minutes': 8, 'seconds': 57}",3,2,44,44,3,5,0,False,Pass Incompletion,Jalen Kitna pass incomplete to Antonio Ferguson,-1.0618160775042256,2025-10-11T23:10:17.000Z
401762482,4017624829,401762482102914701,9,10,UAB,American Athletic,0,Florida Atlantic,American Athletic,28,Florida Atlantic,UAB,2,"{'minutes': 8, 'seconds': 52}",3,2,44,44,4,5,0,False,Pass Incompletion,Jalen Kitna pass incomplete to Iverson Hooks,-1.1545679872997159,2025-10-11T23:10:54.000Z
401762482,4017624829,401762482102915601,9,12,UAB,American Athletic,0,Florida Atlantic,American Athletic,28,Florida Atlantic,UAB,2,"{'minutes': 8, 'seconds': 43}",3,2,29,29,1,10,0,False,Rush,Isaiah Jacobs run for no gain to the FAU 29,-0.534372502378378,2025-10-11T23:12:04.000Z
401762482,4017624829,401762482102919501,9,13,UAB,American Athletic,0,Florida Atlantic,American Athletic,28,Florida Atlantic,UAB,2,"{'minutes': 8, 'seconds': 4}",3,2,29,29,2,10,4,False,Rush,Isaiah Jacobs run for 4 yds to the FAU 25,-0.08604287443743,2025-10-11T23:12:35.000Z
401762482,4017624829,401762482102929001,9,14,UAB,American Athletic,0,Florida Atlantic,American Athletic,28,Florida Atlantic,UAB,2,"{'minutes': 7, 'seconds': 9}",3,2,25,25,3,6,6,False,Pass Reception,Jalen Kitna pass complete to Isaiah Jacobs for 6 yds to the FAU 19 for a 1ST down,0.804268932776397,2025-10-11T23:13:31.000Z
401762482,4017624829,401762482102936801,9,15,UAB,American Athletic,0,Florida Atlantic,American Athletic,28,Florida Atlantic,UAB,2,"{'minutes': 6, 'seconds': 31}",3,2,19,19,1,10,0,False,Pass Incompletion,Jalen Kitna pass incomplete to Elijah Lagg,-0.362321296557512,2025-10-11T23:14:09.000Z
401762482,4017624829,401762482102939901,9,16,UAB,American Athletic,0,Florida Atlantic,American Athletic,28,Florida Atlantic,UAB,2,"{'minutes': 6, 'seconds': 0}",3,2,19,19,2,10,5,False,Pass Reception,Jalen Kitna pass complete to Solomon Beebe for 5 yds to the FAU 14,0.041692539492061,2025-10-11T23:15:08.000Z
401762482,4017624829,401762482102945201,9,17,UAB,American Athletic,6,Florida Atlantic,American Athletic,28,Florida Atlantic,UAB,2,"{'minutes': 5, 'seconds': 47}",3,2,14,14,3,5,14,True,Rushing Touchdown,Solomon Beebe run for 14 yds for a TD (Two-Point Conversion failed),2.925076385702974,2025-10-11T23:15:28.000Z
401762482,40176248210,401762482102945801,10,1,UAB,American Athletic,6,Florida Atlantic,American Athletic,28,Florida Atlantic,UAB,2,"{'minutes': 5, 'seconds': 41}",3,2,65,65,1,10,21,False,Kickoff Return (Offense),"Owen Simpson kickoff for 63 yds , Jayshon Platt return for 21 yds to the FAU 23",,2025-10-11T23:18:03.000Z
401762482,40176248210,401762482102946501,10,2,Florida Atlantic,American Athletic,28,UAB,American Athletic,6,Florida Atlantic,UAB,2,"{'minutes': 5, 'seconds': 34}",2,3,23,77,1,10,6,False,Pass Interception Return,Caden Veltkamp pass intercepted Devin Hightower return for 6 yds to the FAU 21,-0.7896429058106031,2025-10-11T23:19:33.000Z
401762482,40176248210,401762482102946502,10,3,Florida Atlantic,American Athletic,28,UAB,American Athletic,6,Florida Atlantic,UAB,2,"{'minutes': 5, 'seconds': 34}",2,3,23,77,1,10,7,False,Pass Interception Return,Caden Veltkamp pass intercepted Devin Hightower return for 7 yds to the FAU 21,-0.7896429058106031,2025-10-11T23:19:33.000Z
401762482,40176248211,401762482102947501,11,1,UAB,American Athletic,6,Florida Atlantic,American Athletic,28,Florida Atlantic,UAB,2,"{'minutes': 5, 'seconds': 24}",3,2,21,21,1,10,0,False,Rush,Jevon Jackson run for no gain to the FAU 21,-0.3882383440694163,2025-10-11T23:19:51.000Z
401762482,40176248211,401762482102956401,11,2,UAB,American Athletic,6,Florida Atlantic,American Athletic,28,Florida Atlantic,UAB,2,"{'minutes': 4, 'seconds': 35}",3,2,21,21,2,10,8,False,Pass Reception,Jalen Kitna pass complete to Jevon Jackson for 8 yds to the FAU 13,0.3297410229445143,2025-10-11T23:20:37.000Z
401762482,40176248211,401762482102964601,11,3,UAB,American Athletic,6,Florida Atlantic,American Athletic,28,Florida Atlantic,UAB,2,"{'minutes': 3, 'seconds': 53}",3,2,13,13,3,2,0,False,Rush,Nate Rogers run for no gain to the FAU 13,-0.4402428445504667,2025-10-11T23:21:39.000Z
401762482,40176248211,401762482102968401,11,4,UAB,American Athletic,14,Florida Atlantic,American Athletic,28,Florida Atlantic,UAB,2,"{'minutes': 3, 'seconds': 15}",3,2,13,13,4,2,13,True,Rushing Touchdown,Solomon Beebe 13 Yd Run (Jalen Kitna Pass to Iverson Hooks for Two-Point Conversion),3.1310369794708617,2025-10-11T23:22:07.000Z
401762482,40176248212,401762482102968403,12,1,UAB,American Athletic,14,Florida Atlantic,American Athletic,28,Florida Atlantic,UAB,2,"{'minutes': 3, 'seconds': 15}",3,2,65,65,1,10,0,False,Kickoff,Owen Simpson kickoff for 65 yds for a touchback,,2025-10-11T23:23:13.000Z
401762482,40176248212,401762482102968405,12,2,Florida Atlantic,American Athletic,28,UAB,American Athletic,14,Florida Atlantic,UAB,2,"{'minutes': 3, 'seconds': 15}",2,3,25,75,1,10,15,False,Penalty,"PENALTY UAB UNR: Unnecessary Roughness (Crozier,Isaiah) 15 yards from FAU25 to FAU40, 1ST DOWN. NO PLAY.",,2025-10-11T23:24:41.000Z
401762482,40176248212,401762482102976602,12,5,Florida Atlantic,American Athletic,28,UAB,American Athletic,14,Florida Atlantic,UAB,2,"{'minutes': 2, 'seconds': 33}",2,2,42,58,3,8,0,False,Timeout,"Timeout UAB, clock 02:33",,2025-10-11T23:25:52.000Z
401762482,40176248212,401762482102979904,12,8,Florida Atlantic,American Athletic,28,UAB,American Athletic,14,Florida Atlantic,UAB,2,"{'minutes': 2, 'seconds': 0}",1,2,58,42,1,10,0,False,Timeout,"Timeout Florida Atlantic, clock 02:00",,2025-10-11T23:31:19.000Z
401762482,40176248212,401762482102984403,12,9,Florida Atlantic,American Athletic,28,UAB,American Athletic,14,Florida Atlantic,UAB,2,"{'minutes': 1, 'seconds': 55}",1,2,58,42,1,10,-10,False,Penalty,"(01:58) No Huddle-Shotgun Sands,Gemari rush left for 8 yards gain to the UAB34 (Hightower,Devin; Royster,Pierre) PENALTY FAU Holding (Kirch,Michael) 10 yards from UAB42 to FAU48. NO PLAY.",,2025-10-11T23:31:37.000Z
401762482,40176248212,401762482102986304,12,12,Florida Atlantic,American Athletic,28,UAB,American Athletic,14,Florida Atlantic,UAB,2,"{'minutes': 1, 'seconds': 36}",1,1,57,43,3,11,0,False,Timeout,"Timeout UAB, clock 01:36",,2025-10-11T23:34:47.000Z
401762482,40176248212,401762482102969701,12,3,Florida Atlantic,American Athletic,28,UAB,American Athletic,14,Florida Atlantic,UAB,2,"{'minutes': 3, 'seconds': 2}",2,3,40,60,1,10,1,False,Rush,Gemari Sands run for 1 yd to the FAU 41,-0.9114215282702052,2025-10-11T23:25:20.000Z
401762482,40176248212,401762482102976601,12,4,Florida Atlantic,American Athletic,28,UAB,American Athletic,14,Florida Atlantic,UAB,2,"{'minutes': 2, 'seconds': 33}",2,3,41,59,2,9,1,False,Rush,Gemari Sands run for 1 yd to the FAU 42,-0.6972171455037888,2025-10-11T23:25:50.000Z
401762482,40176248212,401762482102977401,12,6,Florida Atlantic,American Athletic,28,UAB,American Athletic,14,Florida Atlantic,UAB,2,"{'minutes': 2, 'seconds': 25}",2,2,42,58,3,8,5,False,Pass Reception,Caden Veltkamp pass complete to Gemari Sands for 5 yds to the FAU 47,0.0479774442901393,2025-10-11T23:27:25.000Z
401762482,40176248212,401762482102979903,12,7,Florida Atlantic,American Athletic,28,UAB,American Athletic,14,Florida Atlantic,UAB,2,"{'minutes': 2, 'seconds': 0}",2,2,47,53,4,3,11,False,Rush,Gemari Sands run for 11 yds to the UAB 42 for a 1ST down,3.022626362055406,2025-10-11T23:31:19.000Z
401762482,40176248212,401762482102985102,12,10,Florida Atlantic,American Athletic,28,UAB,American Athletic,14,Florida Atlantic,UAB,2,"{'minutes': 1, 'seconds': 48}",1,2,48,52,1,20,1,False,Pass Reception,Caden Veltkamp pass complete to Asaad Waseem for 1 yd to the FAU 49,-0.7372880923686944,2025-10-11T23:32:52.000Z
401762482,40176248212,401762482102986303,12,11,Florida Atlantic,American Athletic,28,UAB,American Athletic,14,Florida Atlantic,UAB,2,"{'minutes': 1, 'seconds': 36}",1,2,49,51,2,19,8,False,Rush,Gemari Sands run for 8 yds to the UAB 43,0.6278391408382697,2025-10-11T23:34:47.000Z
401762482,40176248212,401762482102987001,12,13,Florida Atlantic,American Athletic,35,UAB,American Athletic,14,Florida Atlantic,UAB,2,"{'minutes': 1, 'seconds': 29}",1,1,57,43,3,11,43,True,Passing Touchdown,Caden Veltkamp pass complete to Dominique Henry for 43 yds for a TD (Garrison Smith KICK),5.473068199871312,2025-10-11T23:36:05.000Z
401762482,40176248213,401762482102987003,13,1,Florida Atlantic,American Athletic,35,UAB,American Athletic,14,Florida Atlantic,UAB,2,"{'minutes': 1, 'seconds': 29}",1,1,35,65,1,10,0,False,Penalty,"UAB Penalty, Defensive Offside (Devin Hightower) declined",,
401762482,40176248213,401762482102987004,13,2,Florida Atlantic,American Athletic,35,UAB,American Athletic,14,Florida Atlantic,UAB,2,"{'minutes': 1, 'seconds': 29}",1,1,35,65,1,10,0,False,Kickoff,Andrew Nelms kickoff for 65 yds for a touchback,,2025-10-11T23:36:05.000Z
401762482,40176248213,401762482102994702,13,5,UAB,American Athletic,14,Florida Atlantic,American Athletic,35,Florida Atlantic,UAB,2,"{'minutes': 0, 'seconds': 52}",1,0,59,59,2,4,0,False,Timeout,"Timeout Florida Atlantic, clock 00:52",,2025-10-11T23:38:50.000Z
401762482,40176248213,401762482102996401,13,8,UAB,American Athletic,14,Florida Atlantic,American Athletic,35,Florida Atlantic,UAB,2,"{'minutes': 0, 'seconds': 35}",1,0,59,59,4,4,0,False,Punt,"Patrick Foley punt for 42 yds, fair catch by Easton Messer at the FAU 17",,2025-10-11T23:41:46.000Z
401762482,40176248213,401762482102988401,13,3,UAB,American Athletic,14,Florida Atlantic,American Athletic,35,Florida Atlantic,UAB,2,"{'minutes': 1, 'seconds': 15}",1,1,75,75,1,10,10,False,Pass Reception,Jalen Kitna pass complete to Iverson Hooks for 10 yds to the UAB 35 for a 1ST down,0.8350381090299867,2025-10-11T23:37:46.000Z
401762482,40176248213,401762482102994701,13,4,UAB,American Athletic,14,Florida Atlantic,American Athletic,35,Florida Atlantic,UAB,2,"{'minutes': 0, 'seconds': 52}",1,1,65,65,1,10,6,False,Pass Reception,Jalen Kitna pass complete to Antonio Ferguson for 6 yds to the UAB 41,0.3983464844048346,2025-10-11T23:38:17.000Z
401762482,40176248213,401762482102995301,13,6,UAB,American Athletic,14,Florida Atlantic,American Athletic,35,Florida Atlantic,UAB,2,"{'minutes': 0, 'seconds': 46}",1,0,59,59,2,4,0,False,Pass Incompletion,Jalen Kitna pass incomplete to Brandon Hawkins Jr.,-1.1629301570993986,2025-10-11T23:40:18.000Z
401762482,40176248213,401762482102995801,13,7,UAB,American Athletic,14,Florida Atlantic,American Athletic,35,Florida Atlantic,UAB,2,"{'minutes': 0, 'seconds': 41}",1,0,59,59,3,4,0,False,Pass Incompletion,Jalen Kitna pass incomplete to Brandon Hawkins Jr.,-0.7186703560809607,2025-10-11T23:40:56.000Z
401762482,40176248214,401762482102999101,14,5,Florida Atlantic,American Athletic,35,UAB,American Athletic,14,Florida Atlantic,UAB,2,"{'minutes': 0, 'seconds': 8}",0,0,33,67,4,6,0,False,Timeout,"Timeout UAB, clock 00:08",,2025-10-11T23:44:50.000Z
401762482,40176248214,401762482102999901,14,7,Florida Atlantic,American Athletic,35,UAB,American Athletic,14,Florida Atlantic,UAB,2,"{'minutes': 0, 'seconds': 0}",0,0,33,67,4,6,0,False,Punt,"Logan Lupo punt for 51 yds, punt out-of-bounds at the UAB 16",,2025-10-11T23:44:50.000Z
401762482,40176248214,401762482102997001,14,1,Florida Atlantic,American Athletic,35,UAB,American Athletic,14,Florida Atlantic,UAB,2,"{'minutes': 0, 'seconds': 29}",0,1,17,83,1,10,9,False,Pass Reception,Caden Veltkamp pass complete to Asaad Waseem for 9 yds to the FAU 26,1.023085236154417,2025-10-11T23:42:29.000Z
401762482,40176248214,401762482102997601,14,2,Florida Atlantic,American Athletic,35,UAB,American Athletic,14,Florida Atlantic,UAB,2,"{'minutes': 0, 'seconds': 23}",0,1,26,74,2,1,3,False,Rush,Kaden Shields-Dutton run for 3 yds to the FAU 29 for a 1ST down,-0.2635195263577241,2025-10-11T23:42:49.000Z
401762482,40176248214,401762482102998602,14,3,Florida Atlantic,American Athletic,35,UAB,American Athletic,14,Florida Atlantic,UAB,2,"{'minutes': 0, 'seconds': 13}",0,1,29,71,1,10,0,False,Pass Incompletion,Caden Veltkamp pass incomplete to Asaad Waseem,-0.8305196050291288,2025-10-11T23:43:18.000Z
401762482,40176248214,401762482102998802,14,4,Florida Atlantic,American Athletic,35,UAB,American Athletic,14,Florida Atlantic,UAB,2,"{'minutes': 0, 'seconds': 11}",0,1,29,71,2,10,0,False,Pass Incompletion,Caden Veltkamp pass incomplete to Jayshon Platt,-0.43555458427823446,2025-10-11T23:43:56.000Z
401762482,40176248214,401762482102999802,14,6,Florida Atlantic,American Athletic,35,UAB,American Athletic,14,Florida Atlantic,UAB,2,"{'minutes': 0, 'seconds': 1}",0,0,29,71,3,10,4,False,Rush,Kaden Shields-Dutton run for 4 yds to the FAU 33,-0.039744911981046016,2025-10-11T23:44:39.000Z
401762482,40176248215,401762482103854702,15,2,UAB,American Athletic,14,Florida Atlantic,American Athletic,35,Florida Atlantic,UAB,3,"{'minutes': 14, 'seconds': 52}",3,3,65,65,1,10,50,False,Kickoff Return (Offense),"Owen Simpson kickoff for 65 yds , Jayshon Platt return for 50 yds to the 50 yard line",,2025-10-12T00:06:25.000Z
401762482,40176248215,401762482103877102,15,8,Florida Atlantic,American Athletic,35,UAB,American Athletic,14,Florida Atlantic,UAB,3,"{'minutes': 12, 'seconds': 28}",3,3,91,9,2,8,7,False,Penalty,"(12:28) No Huddle-Shotgun Veltkamp,Caden pass incomplete short left to Henry,Dom thrown to UAB00 PENALTY UAB Pass Interference (Gulley,Delvon) 7 yards from UAB09 to UAB02, 1ST DOWN. NO PLAY.",,2025-10-12T00:12:13.000Z
401762482,40176248215,401762482102999903,15,1,UAB,American Athletic,14,Florida Atlantic,American Athletic,35,Florida Atlantic,UAB,2,"{'minutes': 0, 'seconds': 0}",0,0,84,84,0,10,0,False,End of Half,End of 2nd Quarter,,2025-10-11T23:44:50.000Z
401762482,40176248215,401762482103854704,15,3,Florida Atlantic,American Athletic,35,UAB,American Athletic,14,Florida Atlantic,UAB,3,"{'minutes': 14, 'seconds': 52}",3,3,50,50,1,10,12,False,Rush,Kaden Shields-Dutton run for 12 yds to the UAB 38 for a 1ST down,0.746819283536185,2025-10-12T00:06:25.000Z
401762482,40176248215,401762482103854705,15,4,Florida Atlantic,American Athletic,35,UAB,American Athletic,14,Florida Atlantic,UAB,3,"{'minutes': 14, 'seconds': 52}",3,3,62,38,1,10,3,False,Rush,Kaden Shields-Dutton run for 3 yds to the UAB 35,-0.247403115532039,2025-10-12T00:08:58.000Z
401762482,40176248215,401762482103854706,15,5,Florida Atlantic,American Athletic,35,UAB,American Athletic,14,Florida Atlantic,UAB,3,"{'minutes': 14, 'seconds': 52}",3,3,65,35,2,7,8,False,Rush,Kaden Shields-Dutton run for 8 yds to the UAB 27 for a 1ST down,0.600714922725741,2025-10-12T00:08:58.000Z
401762482,40176248215,401762482103854707,15,6,Florida Atlantic,American Athletic,35,UAB,American Athletic,14,Florida Atlantic,UAB,3,"{'minutes': 14, 'seconds': 52}",3,3,73,27,1,10,16,False,Rush,Kaden Shields-Dutton run for 16 yds to the UAB 11 for a 1ST down,0.219541428023561,2025-10-12T00:08:58.000Z
401762482,40176248215,401762482103874801,15,7,Florida Atlantic,American Athletic,35,UAB,American Athletic,14,Florida Atlantic,UAB,3,"{'minutes': 12, 'seconds': 51}",3,3,89,11,1,10,2,False,Rush,Caden Veltkamp run for 2 yds to the UAB 9,-0.165648229401373,2025-10-12T00:11:41.000Z
401762482,40176248215,401762482103878301,15,9,Florida Atlantic,American Athletic,35,UAB,American Athletic,14,Florida Atlantic,UAB,3,"{'minutes': 12, 'seconds': 16}",3,3,98,2,1,2,1,False,Rush,Kaden Shields-Dutton run for 1 yd to the UAB 1,-0.687116939800908,2025-10-12T00:13:04.000Z
401762482,40176248215,401762482103885901,15,10,Florida Atlantic,American Athletic,42,UAB,American Athletic,14,Florida Atlantic,UAB,3,"{'minutes': 11, 'seconds': 40}",3,3,99,1,2,1,1,True,Rushing Touchdown,Kaden Shields-Dutton run for 1 yd for a TD (Garrison Smith KICK),1.900352237473006,2025-10-12T00:13:54.000Z
401762482,40176248220,401762482104934202,16,9,UAB,American Athletic,30,Florida Atlantic,American Athletic,50,Florida Atlantic,UAB,4,"{'minutes': 6, 'seconds': 57}",3,3,21,21,1,10,-5,False,Penalty,"(06:57) No Huddle-Shotgun Kitna,Jalen pass incomplete deep right to Lagg,Elijah thrown to FAU00 PENALTY UAB Ineligible Downfield on Pass (Lepkowski,Adam) 5 yards from FAU21 to FAU26. NO PLAY.",,2025-10-12T01:05:51.000Z
401762482,40176248220,401762482104947402,16,13,UAB,American Athletic,30,Florida Atlantic,American Athletic,50,Florida Atlantic,UAB,4,"{'minutes': 5, 'seconds': 25}",3,3,17,17,4,6,-10,False,Penalty,"(05:32) No Huddle-Shotgun Kitna,Jalen rush middle for 13 yards gain to the FAU04 (Williams,Dillion) PENALTY UAB Holding (Moore,Logan) 10 yards from FAU17 to FAU27. NO PLAY.",,2025-10-12T01:09:31.000Z
401762482,40176248220,401762482104949401,16,14,UAB,American Athletic,33,Florida Atlantic,American Athletic,50,Florida Atlantic,UAB,4,"{'minutes': 5, 'seconds': 5}",3,3,27,27,4,16,45,True,Field Goal Good,Jonah Delange 45 yd FG GOOD,,2025-10-12T01:10:58.000Z
401762482,40176248220,401762482104949410,16,15,UAB,American Athletic,30,Florida Atlantic,American Athletic,50,Florida Atlantic,UAB,4,"{'minutes': 5, 'seconds': 5}",3,3,65,65,1,10,-5,False,Penalty,"(05:05) Simpson,Owen onside kickoff 10 yards to the UAB45 PENALTY UAB Illegal Motion (Toussom,Eddy) 5 yards from UAB35 to UAB30. NO PLAY.",,2025-10-12T01:10:58.000Z
401762482,40176248220,401762482104885601,16,1,UAB,American Athletic,30,Florida Atlantic,American Athletic,50,Florida Atlantic,UAB,4,"{'minutes': 11, 'seconds': 43}",3,3,63,63,1,10,9,False,Rush,Jevon Jackson run for 9 yds to the UAB 46,1.3755540761931897,2025-10-12T01:01:00.000Z
401762482,40176248220,401762482104887701,16,2,UAB,American Athletic,30,Florida Atlantic,American Athletic,50,Florida Atlantic,UAB,4,"{'minutes': 11, 'seconds': 22}",3,3,54,54,2,1,5,False,Rush,Jevon Jackson run for 5 yds to the FAU 49 for a 1ST down,-0.0873738342526878,2025-10-12T01:01:26.000Z
401762482,40176248220,401762482104895401,16,3,UAB,American Athletic,30,Florida Atlantic,American Athletic,50,Florida Atlantic,UAB,4,"{'minutes': 10, 'seconds': 45}",3,3,49,49,1,10,4,False,Pass Reception,Jalen Kitna pass complete to Solomon Beebe for 4 yds to the FAU 45,-0.1369390380115582,2025-10-12T01:02:05.000Z
401762482,40176248220,401762482104898701,16,4,UAB,American Athletic,30,Florida Atlantic,American Athletic,50,Florida Atlantic,UAB,4,"{'minutes': 10, 'seconds': 12}",3,3,45,45,2,6,4,False,Rush,Jevon Jackson run for 4 yds to the FAU 41,-0.1449228473880205,2025-10-12T01:02:36.000Z
401762482,40176248220,401762482104907601,16,5,UAB,American Athletic,30,Florida Atlantic,American Athletic,50,Florida Atlantic,UAB,4,"{'minutes': 9, 'seconds': 23}",3,3,41,41,3,2,3,False,Rush,Isaiah Jacobs run for 3 yds to the FAU 38 for a 1ST down,0.949599788451639,2025-10-12T01:03:23.000Z
401762482,40176248220,401762482104915801,16,6,UAB,American Athletic,30,Florida Atlantic,American Athletic,50,Florida Atlantic,UAB,4,"{'minutes': 8, 'seconds': 41}",3,3,38,38,1,10,9,False,Pass Reception,Jalen Kitna pass complete to Isaiah Jacobs for 9 yds to the FAU 29,0.800789073122285,2025-10-12T01:04:06.000Z
401762482,40176248220,401762482104919101,16,7,UAB,American Athletic,30,Florida Atlantic,American Athletic,50,Florida Atlantic,UAB,4,"{'minutes': 8, 'seconds': 8}",3,3,29,29,2,1,0,False,Rush,Isaiah Jacobs run for no gain to the FAU 29,-0.7945910922877883,2025-10-12T01:04:40.000Z
401762482,40176248220,401762482104926101,16,8,UAB,American Athletic,30,Florida Atlantic,American Athletic,50,Florida Atlantic,UAB,4,"{'minutes': 7, 'seconds': 38}",3,3,29,29,3,1,8,False,Rush,Isaiah Jacobs run for 8 yds to the FAU 21 for a 1ST down,0.4560978539551983,2025-10-12T01:05:09.000Z
401762482,40176248220,401762482104935601,16,10,UAB,American Athletic,30,Florida Atlantic,American Athletic,50,Florida Atlantic,UAB,4,"{'minutes': 6, 'seconds': 43}",3,3,26,26,1,15,2,False,Pass Reception,Jalen Kitna pass complete to Jevon Jackson for 2 yds to the FAU 24,-0.2554654650322519,2025-10-12T01:07:03.000Z
401762482,40176248220,401762482104939701,16,11,UAB,American Athletic,30,Florida Atlantic,American Athletic,50,Florida Atlantic,UAB,4,"{'minutes': 6, 'seconds': 2}",3,3,24,24,2,13,7,False,Pass Reception,Jalen Kitna pass complete to Iverson Hooks for 7 yds to the FAU 17,0.241474197766685,2025-10-12T01:07:56.000Z
401762482,40176248220,401762482104946601,16,12,UAB,American Athletic,30,Florida Atlantic,American Athletic,50,Florida Atlantic,UAB,4,"{'minutes': 5, 'seconds': 33}",3,3,17,17,3,6,0,False,Pass Incompletion,Jalen Kitna pass incomplete to Iverson Hooks,-0.541738138844277,2025-10-12T01:08:13.000Z
401762482,40176248221,401762482104949408,17,1,UAB,American Athletic,33,Florida Atlantic,American Athletic,50,Florida Atlantic,UAB,4,"{'minutes': 5, 'seconds': 5}",3,3,70,70,1,10,0,False,Kickoff,Patrick Foley kickoff for 11 yds,,2025-10-12T01:10:58.000Z
401762482,40176248221,401762482104967003,17,5,Florida Atlantic,American Athletic,50,UAB,American Athletic,33,Florida Atlantic,UAB,4,"{'minutes': 3, 'seconds': 29}",2,3,70,30,4,1,0,False,Timeout,"Timeout Florida Atlantic, clock 03:29",,2025-10-12T01:20:43.000Z
401762482,40176248221,401762482104976302,17,8,Florida Atlantic,American Athletic,50,UAB,American Athletic,33,Florida Atlantic,UAB,4,"{'minutes': 2, 'seconds': 36}",2,2,90,10,2,8,0,False,Timeout,"Timeout UAB, clock 02:36",,2025-10-12T01:24:23.000Z
401762482,40176248221,401762482104976802,17,10,Florida Atlantic,American Athletic,50,UAB,American Athletic,33,Florida Atlantic,UAB,4,"{'minutes': 2, 'seconds': 31}",2,1,92,8,3,6,0,False,Timeout,"Timeout UAB, clock 02:31",,2025-10-12T01:25:42.000Z
401762482,40176248221,401762482104979901,17,12,Florida Atlantic,American Athletic,50,UAB,American Athletic,33,Florida Atlantic,UAB,4,"{'minutes': 2, 'seconds': 0}",1,1,90,10,4,8,0,False,Timeout,"Timeout Florida Atlantic, clock 02:00",,2025-10-12T00:53:34.000Z
401762482,40176248221,401762482104955001,17,2,Florida Atlantic,American Athletic,50,UAB,American Athletic,33,Florida Atlantic,UAB,4,"{'minutes': 4, 'seconds': 49}",3,3,61,39,1,10,5,False,Rush,Gemari Sands run for 5 yds to the UAB 34,0.086001265551813,2025-10-12T01:19:15.000Z
401762482,40176248221,401762482104958801,17,3,Florida Atlantic,American Athletic,50,UAB,American Athletic,33,Florida Atlantic,UAB,4,"{'minutes': 4, 'seconds': 11}",3,3,66,34,2,5,2,False,Rush,Gemari Sands run for 2 yds to the UAB 32,-0.4492013966457123,2025-10-12T01:20:02.000Z
401762482,40176248221,401762482104967001,17,4,Florida Atlantic,American Athletic,50,UAB,American Athletic,33,Florida Atlantic,UAB,4,"{'minutes': 3, 'seconds': 29}",3,3,68,32,3,3,2,False,Rush,Gemari Sands run for 2 yds to the UAB 30,-0.5216384573801082,2025-10-12T01:20:43.000Z
401762482,40176248221,401762482104968901,17,6,Florida Atlantic,American Athletic,50,UAB,American Athletic,33,Florida Atlantic,UAB,4,"{'minutes': 3, 'seconds': 10}",2,3,70,30,4,1,18,False,Pass Reception,Caden Veltkamp pass complete to Easton Messer for 18 yds to the UAB 12 for a 1ST down,1.495182601369633,2025-10-12T01:23:44.000Z
401762482,40176248221,401762482104976301,17,7,Florida Atlantic,American Athletic,50,UAB,American Athletic,33,Florida Atlantic,UAB,4,"{'minutes': 2, 'seconds': 36}",2,3,88,12,1,10,2,False,Rush,Gemari Sands run for 2 yds to the UAB 10,-0.1686350677656265,2025-10-12T01:24:23.000Z
401762482,40176248221,401762482104976801,17,9,Florida Atlantic,American Athletic,50,UAB,American Athletic,33,Florida Atlantic,UAB,4,"{'minutes': 2, 'seconds': 31}",2,2,90,10,2,8,2,False,Rush,Gemari Sands run for 2 yds to the UAB 8,-0.157317157174672,2025-10-12T01:25:42.000Z
401762482,40176248221,401762482104978701,17,11,Florida Atlantic,American Athletic,50,UAB,American Athletic,33,Florida Atlantic,UAB,4,"{'minutes': 2, 'seconds': 12}",2,1,92,8,3,6,-2,False,Rush,Caden Veltkamp run for a loss of 2 yards to the UAB 10,-0.5306365511494313,2025-10-12T01:26:56.000Z
401762482,40176248221,401762482104984201,17,13,Florida Atlantic,American Athletic,53,UAB,American Athletic,33,Florida Atlantic,UAB,4,"{'minutes': 1, 'seconds': 57}",1,1,90,10,4,8,28,True,Field Goal Good,Garrison Smith 28 yd FG GOOD,,2025-10-12T01:31:09.000Z
401762482,40176248222,401762482104984202,18,1,Florida Atlantic,American Athletic,53,UAB,American Athletic,33,Florida Atlantic,UAB,4,"{'minutes': 1, 'seconds': 57}",1,1,35,65,1,10,0,False,Kickoff,Andrew Nelms kickoff for 65 yds for a touchback,,2025-10-12T01:33:17.000Z
401762482,40176248222,401762482104984902,18,2,UAB,American Athletic,33,Florida Atlantic,American Athletic,53,Florida Atlantic,UAB,4,"{'minutes': 1, 'seconds': 50}",1,1,75,75,1,10,-15,False,Penalty,"UAB Penalty, UNR: Unnecessary Roughness (-15 Yards) to the UAB 15",,2025-10-12T01:33:55.000Z
401762482,40176248222,401762482104988101,18,3,UAB,American Athletic,33,Florida Atlantic,American Athletic,53,Florida Atlantic,UAB,4,"{'minutes': 1, 'seconds': 18}",1,1,85,85,2,20,5,False,Pass Reception,Jalen Kitna pass complete to Iverson Hooks for 5 yds to the UAB 20,0.00653052407858644,2025-10-12T01:34:45.000Z
401762482,40176248222,401762482104994501,18,4,UAB,American Athletic,33,Florida Atlantic,American Athletic,53,Florida Atlantic,UAB,4,"{'minutes': 0, 'seconds': 54}",1,1,80,80,3,15,0,False,Pass Incompletion,Jalen Kitna pass incomplete to J.C. Sivley,-0.06579665004736057,2025-10-12T01:35:12.000Z
401762482,40176248222,401762482104995201,18,5,UAB,American Athletic,33,Florida Atlantic,American Athletic,53,Florida Atlantic,UAB,4,"{'minutes': 0, 'seconds': 47}",1,1,80,80,4,15,-4,False,Sack,Jalen Kitna sacked by Earl Miller Jr. for a loss of 4 yards to the UAB 16,0.35966424426539323,2025-10-12T01:36:07.000Z
401762482,40176248223,401762482104997702,19,2,Florida Atlantic,American Athletic,53,UAB,American Athletic,33,Florida Atlantic,UAB,4,"{'minutes': 0, 'seconds': 0}",1,1,83,17,0,11,0,False,End of Game,End of 4th Quarter,,2025-10-12T01:37:40.000Z
401762482,40176248223,401762482104996301,19,1,Florida Atlantic,American Athletic,53,UAB,American Athletic,33,Florida Atlantic,UAB,4,"{'minutes': 0, 'seconds': 36}",1,1,84,16,1,10,-1,False,Rush,(00:43) Kneel down by Fla. Atlantic at UAB17 for loss of 1 yard.,-0.4029360320644906,2025-10-12T01:36:43.000Z
401762482,40176248223,401762482104999901,19,3,Florida Atlantic,American Athletic,53,UAB,American Athletic,33,Florida Atlantic,UAB,4,"{'minutes': 0, 'seconds': 0}",1,1,83,17,2,11,-1,False,Rush,(00:24) Kneel down by Fla. Atlantic at UAB18 for loss of 1 yard.,-0.5282577273189637,2025-10-12T01:37:46.000Z
401762490,40176249010,401762490102957101,10,4,South Florida,American Athletic,21,Florida Atlantic,American Athletic,3,South Florida,Florida Atlantic,2,"{'minutes': 4, 'seconds': 28}",0,3,23,77,4,7,67,False,Punt,"Chase Leon punt for 44 yds , Easton Messer returns for 67 yds Florida Atlantic Penalty, Personal Foul (Asaad Waseem) to the FAU 45",,2025-10-19T00:50:35.000Z
401762490,40176249010,401762490102948201,10,2,South Florida,American Athletic,21,Florida Atlantic,American Athletic,3,South Florida,Florida Atlantic,2,"{'minutes': 5, 'seconds': 17}",0,3,22,78,2,8,1,False,Rush,Alvon Isaac run for 1 yd to the USF 23,-0.31006126911042564,2025-10-19T00:47:45.000Z
401762490,40176249010,401762490102946301,10,1,South Florida,American Athletic,21,Florida Atlantic,American Athletic,3,South Florida,Florida Atlantic,2,"{'minutes': 5, 'seconds': 36}",0,3,20,80,1,10,2,False,Rush,Byrum Brown run for 2 yds to the USF 22,-0.3623882030735057,2025-10-19T00:47:16.000Z
401762490,40176249010,401762490102955301,10,3,South Florida,American Athletic,21,Florida Atlantic,American Athletic,3,South Florida,Florida Atlantic,2,"{'minutes': 4, 'seconds': 46}",0,3,23,77,3,7,0,False,Pass Incompletion,Byrum Brown pass incomplete to JeyQuan Smith,-0.19834493688263335,2025-10-19T00:48:25.000Z
401762490,40176249011,401762490102968601,11,3,Florida Atlantic,American Athletic,3,South Florida,American Athletic,21,South Florida,Florida Atlantic,2,"{'minutes': 3, 'seconds': 13}",3,-1,52,52,3,7,0,False,Timeout,"Timeout South Florida, clock 03:13",,2025-10-19T00:51:35.000Z
401762490,40176249011,401762490102974601,11,5,Florida Atlantic,American Athletic,3,South Florida,American Athletic,21,South Florida,Florida Atlantic,2,"{'minutes': 2, 'seconds': 53}",3,-1,42,42,1,10,10,False,Penalty,"(02:56) No Huddle-Shotgun Veltkamp,Caden pass incomplete short right to Platt,Jayshon thrown to USF35 QB hurried by Watson III,Rico PENALTY USF Holding (Knox,Ben) 10 yards from USF42 to USF32, 1ST DOWN. NO PLAY.",,2025-10-19T00:53:15.000Z
401762490,40176249011,401762490102998101,11,15,Florida Atlantic,American Athletic,3,South Florida,American Athletic,21,South Florida,Florida Atlantic,2,"{'minutes': 0, 'seconds': 18}",2,-2,11,11,4,1,0,False,Timeout,"Timeout Florida Atlantic, clock 00:18",,2025-10-19T00:12:23.000Z
401762490,40176249011,401762490102998102,11,16,Florida Atlantic,American Athletic,3,South Florida,American Athletic,21,South Florida,Florida Atlantic,2,"{'minutes': 0, 'seconds': 18}",2,-2,11,11,4,1,-5,False,Penalty,"PENALTY FAU False Start (Kirch,Michael) 5 yards from USF11 to USF16. NO PLAY.",,2025-10-19T00:12:23.000Z
401762490,40176249011,401762490102999002,11,19,Florida Atlantic,American Athletic,3,South Florida,American Athletic,21,South Florida,Florida Atlantic,2,"{'minutes': 0, 'seconds': 9}",1,-2,10,10,2,10,0,False,Timeout,"Timeout Florida Atlantic, clock 00:09",,2025-10-19T01:07:17.000Z
401762490,40176249011,401762490102999902,11,20,Florida Atlantic,American Athletic,6,South Florida,American Athletic,21,South Florida,Florida Atlantic,2,"{'minutes': 0, 'seconds': 0}",1,-2,10,10,3,10,28,True,Field Goal Good,Garrison Smith 28 yd FG GOOD,,2025-10-19T00:12:23.000Z
401762490,40176249011,401762490102999904,11,21,Florida Atlantic,American Athletic,6,South Florida,American Athletic,21,South Florida,Florida Atlantic,2,"{'minutes': 0, 'seconds': 0}",1,-2,65,65,0,10,0,False,End of Half,End of 2nd Quarter,,2025-10-19T00:12:23.000Z
401762490,40176249011,401762490102979901,11,9,Florida Atlantic,American Athletic,3,South Florida,American Athletic,21,South Florida,Florida Atlantic,2,"{'minutes': 2, 'seconds': 0}",3,-2,23,23,4,1,0,False,Timeout,"Timeout South Florida, clock 02:00",,2025-10-19T00:55:06.000Z
401762490,40176249011,401762490102979902,11,10,Florida Atlantic,American Athletic,3,South Florida,American Athletic,21,South Florida,Florida Atlantic,2,"{'minutes': 2, 'seconds': 0}",3,-2,23,23,4,1,-5,False,Penalty,"PENALTY FAU False Start (King,Okino) 5 yards from USF23 to USF28. NO PLAY.",,2025-10-19T00:55:06.000Z
401762490,40176249011,401762490102966501,11,1,Florida Atlantic,American Athletic,3,South Florida,American Athletic,21,South Florida,Florida Atlantic,2,"{'minutes': 3, 'seconds': 34}",3,0,55,55,1,10,1,False,Rush,Gemari Sands run for 1 yd to the FAU 46,-0.9265072803619887,2025-10-19T00:51:06.000Z
401762490,40176249011,401762490102967501,11,2,Florida Atlantic,American Athletic,3,South Florida,American Athletic,21,South Florida,Florida Atlantic,2,"{'minutes': 3, 'seconds': 24}",3,0,54,54,2,9,2,False,Rush,Gemari Sands run for 2 yds to the FAU 48,-0.6062660912681573,2025-10-19T00:51:25.000Z
401762490,40176249011,401762490102969601,11,4,Florida Atlantic,American Athletic,3,South Florida,American Athletic,21,South Florida,Florida Atlantic,2,"{'minutes': 3, 'seconds': 3}",3,-1,52,52,3,7,10,False,Pass Reception,Caden Veltkamp pass complete to Dominique Henry for 10 yds to the USF 42 for a 1ST down,2.514451137374387,2025-10-19T00:53:05.000Z
401762490,40176249011,401762490102975401,11,6,Florida Atlantic,American Athletic,3,South Florida,American Athletic,21,South Florida,Florida Atlantic,2,"{'minutes': 2, 'seconds': 45}",3,-1,32,32,1,10,2,False,Pass Reception,Caden Veltkamp pass complete to Asaad Waseem for 2 yds to the USF 30,-0.3235476292174476,2025-10-19T00:54:05.000Z
401762490,40176249011,401762490102977101,11,7,Florida Atlantic,American Athletic,3,South Florida,American Athletic,21,South Florida,Florida Atlantic,2,"{'minutes': 2, 'seconds': 28}",3,-1,30,30,2,8,2,False,Rush,Caden Veltkamp run for 2 yds to the USF 28,-0.386157001222502,2025-10-19T00:54:26.000Z
401762490,40176249011,401762490102979701,11,8,Florida Atlantic,American Athletic,3,South Florida,American Athletic,21,South Florida,Florida Atlantic,2,"{'minutes': 2, 'seconds': 2}",3,-1,28,28,3,6,5,False,Pass Reception,Caden Veltkamp pass complete to Asaad Waseem for 5 yds to the USF 23,0.05764595241822,2025-10-19T00:54:47.000Z
401762490,40176249011,401762490102984301,11,11,Florida Atlantic,American Athletic,3,South Florida,American Athletic,21,South Florida,Florida Atlantic,2,"{'minutes': 1, 'seconds': 56}",3,-2,28,28,4,6,8,False,Pass Reception,Caden Veltkamp pass complete to Jayshon Platt for 8 yds to the USF 20 for a 1ST down,1.84050104162095,2025-10-19T00:58:56.000Z
401762490,40176249011,401762490102985201,11,12,Florida Atlantic,American Athletic,3,South Florida,American Athletic,21,South Florida,Florida Atlantic,2,"{'minutes': 1, 'seconds': 47}",3,-2,20,20,1,10,-3,False,Sack,Caden Veltkamp sacked by Jacob Merrifield for a loss of 3 yards to the USF 23,-0.653947056842327,2025-10-19T01:00:16.000Z
401762490,40176249011,401762490102989701,11,13,Florida Atlantic,American Athletic,3,South Florida,American Athletic,21,South Florida,Florida Atlantic,2,"{'minutes': 1, 'seconds': 2}",3,-2,23,23,2,13,1,False,Pass Reception,Caden Veltkamp pass complete to Gemari Sands for 1 yd to the USF 22,-0.4631187986645225,2025-10-19T01:01:06.000Z
401762490,40176249011,401762490102998001,11,14,Florida Atlantic,American Athletic,3,South Florida,American Athletic,21,South Florida,Florida Atlantic,2,"{'minutes': 0, 'seconds': 19}",3,-2,22,22,3,12,11,False,Pass Reception,Caden Veltkamp pass complete to Jayshon Platt for 11 yds to the USF 11,0.737070144556947,2025-10-19T01:01:46.000Z
401762490,40176249011,401762490102998601,11,17,Florida Atlantic,American Athletic,3,South Florida,American Athletic,21,South Florida,Florida Atlantic,2,"{'minutes': 0, 'seconds': 13}",2,-2,16,16,4,6,8,False,Pass Reception,Caden Veltkamp pass complete to Gemari Sands for 8 yds to the USF 8 for a 1ST down,1.2364320018659463,2025-10-19T01:04:56.000Z
401762490,40176249011,401762490102999001,11,18,Florida Atlantic,American Athletic,3,South Florida,American Athletic,21,South Florida,Florida Atlantic,2,"{'minutes': 0, 'seconds': 9}",2,-2,8,8,1,8,-2,False,Rush,Caden Veltkamp run for a loss of 2 yards to the USF 10,-0.4796203328016926,2025-10-19T01:07:17.000Z
401762490,40176249012,401762490103849903,12,1,South Florida,American Athletic,21,Florida Atlantic,American Athletic,6,South Florida,Florida Atlantic,3,"{'minutes': 15, 'seconds': 0}",3,3,35,65,1,10,0,False,Kickoff,Adam Zouagui kickoff for 65 yds for a touchback,,2025-10-19T01:29:17.000Z
401762490,40176249012,401762490103876601,12,8,Florida Atlantic,American Athletic,6,South Florida,American Athletic,21,South Florida,Florida Atlantic,3,"{'minutes': 12, 'seconds': 33}",3,2,18,18,2,2,0,False,Timeout,"Timeout South Florida, clock 12:33",,2025-10-19T02:19:14.000Z
401762490,40176249012,401762490103878201,12,9,Florida Atlantic,American Athletic,6,South Florida,American Athletic,21,South Florida,Florida Atlantic,3,"{'minutes': 12, 'seconds': 17}",3,2,18,18,2,2,15,False,Penalty,"(12:22) Shotgun Henry,Dom pass incomplete short left to Kirch,Michael thrown to USF00 broken up by Lee,Jarvis, 1ST DOWN, PENALTY USF Pass Interference (Lee,Jarvis) 15 yards from USF18 to USF03, 1ST DOWN. NO PLAY.",,2025-10-19T01:39:49.000Z
401762490,40176249012,401762490103855401,12,2,Florida Atlantic,American Athletic,6,South Florida,American Athletic,21,South Florida,Florida Atlantic,3,"{'minutes': 14, 'seconds': 45}",3,3,75,75,1,10,0,False,Pass Reception,Caden Veltkamp pass complete to Kaden Shields-Dutton for no gain to the FAU 25,-0.7029700220436519,2025-10-19T02:19:14.000Z
401762490,40176249012,401762490103857801,12,3,Florida Atlantic,American Athletic,6,South Florida,American Athletic,21,South Florida,Florida Atlantic,3,"{'minutes': 14, 'seconds': 21}",3,3,75,75,2,10,18,False,Pass Reception,Caden Veltkamp pass complete to Kaden Shields-Dutton for 18 yds to the FAU 43 for a 1ST down,2.315408444253647,2025-10-19T02:19:14.000Z
401762490,40176249012,401762490103859201,12,4,Florida Atlantic,American Athletic,6,South Florida,American Athletic,21,South Florida,Florida Atlantic,3,"{'minutes': 14, 'seconds': 7}",3,3,57,57,1,10,-1,False,Rush,Kaden Shields-Dutton run for a loss of 1 yard to the FAU 42,-1.3694998851390174,2025-10-19T02:19:14.000Z
401762490,40176249012,401762490103866801,12,5,Florida Atlantic,American Athletic,6,South Florida,American Athletic,21,South Florida,Florida Atlantic,3,"{'minutes': 13, 'seconds': 31}",3,3,58,58,2,11,12,False,Pass Reception,Caden Veltkamp pass complete to Dominique Henry for 12 yds to the USF 46 for a 1ST down,2.2915291745158797,2025-10-19T02:19:14.000Z
401762490,40176249012,401762490103868801,12,6,Florida Atlantic,American Athletic,6,South Florida,American Athletic,21,South Florida,Florida Atlantic,3,"{'minutes': 13, 'seconds': 11}",3,3,46,46,1,10,20,False,Pass Reception,Caden Veltkamp pass complete to Easton Messer for 20 yds to the USF 26 for a 1ST down,0.8232852857262838,2025-10-19T02:19:14.000Z
401762490,40176249012,401762490103876201,12,7,Florida Atlantic,American Athletic,6,South Florida,American Athletic,21,South Florida,Florida Atlantic,3,"{'minutes': 12, 'seconds': 37}",3,3,26,26,1,10,8,False,Rush,Caden Veltkamp run for 8 yds to the USF 18,0.4837395689012885,2025-10-19T02:19:14.000Z
401762490,40176249012,401762490103878701,12,10,Florida Atlantic,American Athletic,13,South Florida,American Athletic,21,South Florida,Florida Atlantic,3,"{'minutes': 12, 'seconds': 12}",3,2,3,3,1,3,3,True,Passing Touchdown,Caden Veltkamp pass complete to Michael Kirch for 3 yds for a TD (Garrison Smith KICK),1.464451732731337,2025-10-19T01:41:19.000Z
401762490,40176249013,401762490103878703,13,1,Florida Atlantic,American Athletic,13,South Florida,American Athletic,21,South Florida,Florida Atlantic,3,"{'minutes': 12, 'seconds': 12}",3,2,65,65,1,10,0,False,Kickoff,Andrew Nelms kickoff for 65 yds for a touchback,,2025-10-19T01:41:19.000Z
401762490,40176249013,401762490103895301,13,6,South Florida,American Athletic,21,Florida Atlantic,American Athletic,13,South Florida,Florida Atlantic,3,"{'minutes': 10, 'seconds': 46}",2,3,32,68,4,16,0,False,Punt,"Chase Leon punt for 40 yds, punt out-of-bounds at the FAU 28",,2025-10-19T01:48:22.000Z
401762490,40176249013,401762490103879201,13,2,South Florida,American Athletic,21,Florida Atlantic,American Athletic,13,South Florida,Florida Atlantic,3,"{'minutes': 12, 'seconds': 7}",2,3,25,75,1,10,13,False,Rush,Byrum Brown run for 13 yds to the USF 38 for a 1ST down,1.124751479041831,2025-10-19T01:45:20.000Z
401762490,40176249013,401762490103885501,13,3,South Florida,American Athletic,21,Florida Atlantic,American Athletic,13,South Florida,Florida Atlantic,3,"{'minutes': 11, 'seconds': 44}",2,3,38,62,1,10,3,False,Rush,Byrum Brown run for 3 yds to the USF 41,-0.4251117664036599,2025-10-19T01:45:50.000Z
401762490,40176249013,401762490103887201,13,4,South Florida,American Athletic,21,Florida Atlantic,American Athletic,13,South Florida,Florida Atlantic,3,"{'minutes': 11, 'seconds': 27}",2,3,41,59,2,7,3,False,Rush,Sam Franklin run for 3 yds to the USF 44,-0.3882554623969305,2025-10-19T01:46:10.000Z
401762490,40176249013,401762490103889401,13,5,South Florida,American Athletic,21,Florida Atlantic,American Athletic,13,South Florida,Florida Atlantic,3,"{'minutes': 11, 'seconds': 5}",2,3,44,56,3,4,-12,False,Sack,Byrum Brown sacked by Gavench Marcelin for a loss of 12 yards to the USF 32,-1.5333374567633333,2025-10-19T01:46:30.000Z
401762490,40176249014,401762490103905201,14,4,Florida Atlantic,American Athletic,13,South Florida,American Athletic,21,South Florida,Florida Atlantic,3,"{'minutes': 9, 'seconds': 47}",3,2,75,75,4,13,5,False,Punt,"Logan Lupo punt for 44 yds, punt out-of-bounds at the USF 36 , Christian Neptune returns for 5 yds to the USF 36",,2025-10-19T01:53:41.000Z
401762490,40176249014,401762490103896101,14,1,Florida Atlantic,American Athletic,13,South Florida,American Athletic,21,South Florida,Florida Atlantic,3,"{'minutes': 10, 'seconds': 38}",3,2,72,72,1,10,-3,False,Sack,Caden Veltkamp sacked by Devin Lee for a loss of 3 yards to the FAU 25,-1.0963995718890294,2025-10-19T01:51:42.000Z
401762490,40176249014,401762490103899801,14,2,Florida Atlantic,American Athletic,13,South Florida,American Athletic,21,South Florida,Florida Atlantic,3,"{'minutes': 10, 'seconds': 1}",3,2,75,75,2,13,0,False,Pass Incompletion,Caden Veltkamp pass incomplete to Jayshon Platt,-0.25390197034266215,2025-10-19T01:52:11.000Z
401762490,40176249014,401762490103904301,14,3,Florida Atlantic,American Athletic,13,South Florida,American Athletic,21,South Florida,Florida Atlantic,3,"{'minutes': 9, 'seconds': 56}",3,2,75,75,3,13,0,False,Pass Incompletion,Caden Veltkamp pass incomplete to Dominique Henry,-0.1149304157891482,2025-10-19T01:53:01.000Z
401762490,40176249015,401762490103917901,15,5,South Florida,American Athletic,24,Florida Atlantic,American Athletic,13,South Florida,Florida Atlantic,3,"{'minutes': 8, 'seconds': 20}",2,3,77,23,4,8,41,True,Field Goal Good,Nico Gramatica 41 yd FG GOOD,,2025-10-19T01:56:31.000Z
401762490,40176249015,401762490103907101,15,1,South Florida,American Athletic,21,Florida Atlantic,American Athletic,13,South Florida,Florida Atlantic,3,"{'minutes': 9, 'seconds': 28}",2,3,36,64,1,10,39,False,Pass Reception,Byrum Brown pass complete to Keshaun Singleton for 39 yds to the FAU 25 for a 1ST down,2.4471082455092734,2025-10-19T01:54:51.000Z
401762490,40176249015,401762490103908501,15,2,South Florida,American Athletic,21,Florida Atlantic,American Athletic,13,South Florida,Florida Atlantic,3,"{'minutes': 9, 'seconds': 14}",2,3,75,25,1,10,1,False,Rush,Nykahi Davenport run for 1 yd to the FAU 24,-0.3463709171906278,2025-10-19T01:55:01.000Z
401762490,40176249015,401762490103914501,15,3,South Florida,American Athletic,21,Florida Atlantic,American Athletic,13,South Florida,Florida Atlantic,3,"{'minutes': 8, 'seconds': 54}",2,3,76,24,2,9,1,False,Rush,Nykahi Davenport run for 1 yd to the FAU 23,-0.4236718920210584,2025-10-19T01:55:21.000Z
401762490,40176249015,401762490103917401,15,4,South Florida,American Athletic,21,Florida Atlantic,American Athletic,13,South Florida,Florida Atlantic,3,"{'minutes': 8, 'seconds': 25}",2,3,77,23,3,8,0,False,Pass Incompletion,Byrum Brown pass incomplete to Christian Neptune,-0.7701289820414613,2025-10-19T01:55:51.000Z
401762490,40176249016,401762490103918601,16,1,South Florida,American Athletic,24,Florida Atlantic,American Athletic,13,South Florida,Florida Atlantic,3,"{'minutes': 8, 'seconds': 13}",2,3,35,65,1,10,28,False,Kickoff Return (Offense),"Adam Zouagui kickoff for 65 yds , Jayshon Platt return for 28 yds to the FAU 28",,2025-10-19T01:58:04.000Z
401762490,40176249016,401762490103925601,16,3,Florida Atlantic,American Athletic,13,South Florida,American Athletic,24,South Florida,Florida Atlantic,3,"{'minutes': 7, 'seconds': 43}",3,2,71,71,2,9,-10,False,Penalty,"(07:52) No Huddle-Shotgun Veltkamp,Caden pass complete short right to Shields-Dutton,Kaden caught at FAU27, for 17 yards to the FAU46 (Ward,Tavin), out of bounds PENALTY FAU Holding (Jean,Scarlee) 10 yards from FAU29 to FAU19. NO PLAY.",,2025-10-19T01:59:11.000Z
401762490,40176249016,401762490103938901,16,6,Florida Atlantic,American Athletic,13,South Florida,American Athletic,24,South Florida,Florida Atlantic,3,"{'minutes': 6, 'seconds': 10}",3,2,72,72,4,10,0,False,Punt,"Logan Lupo punt for 42 yds, fair catch by Christian Neptune at the USF 30",,2025-10-19T02:01:22.000Z
401762490,40176249016,401762490103919501,16,2,Florida Atlantic,American Athletic,13,South Florida,American Athletic,24,South Florida,Florida Atlantic,3,"{'minutes': 8, 'seconds': 4}",3,2,72,72,1,10,1,False,Rush,Kaden Shields-Dutton run for 1 yd to the FAU 29,-0.6645196581023116,2025-10-19T01:58:53.000Z
401762490,40176249016,401762490103927401,16,4,Florida Atlantic,American Athletic,13,South Florida,American Athletic,24,South Florida,Florida Atlantic,3,"{'minutes': 7, 'seconds': 25}",3,2,81,81,2,19,2,False,Pass Reception,Caden Veltkamp pass complete to Jabari Smith Jr. for 2 yds to the FAU 17,-0.06131024990433253,2025-10-19T02:00:11.000Z
401762490,40176249016,401762490103935001,16,5,Florida Atlantic,American Athletic,13,South Florida,American Athletic,24,South Florida,Florida Atlantic,3,"{'minutes': 6, 'seconds': 49}",3,2,83,83,3,21,11,False,Pass Reception,Caden Veltkamp pass complete to Kaden Shields-Dutton for 11 yds to the FAU 28,0.10231558213484425,2025-10-19T02:00:42.000Z
401762490,40176249017,401762490103956801,17,7,South Florida,American Athletic,24,Florida Atlantic,American Athletic,13,South Florida,Florida Atlantic,3,"{'minutes': 4, 'seconds': 31}",1,3,76,24,4,1,0,False,Timeout,"Timeout South Florida, clock 04:31",,2025-10-19T02:04:22.000Z
401762490,40176249017,401762490103939601,17,1,South Florida,American Athletic,24,Florida Atlantic,American Athletic,13,South Florida,Florida Atlantic,3,"{'minutes': 6, 'seconds': 3}",2,3,30,70,1,10,5,False,Rush,Byrum Brown run for 5 yds to the USF 35,0.1029188553265588,2025-10-19T02:02:13.000Z
401762490,40176249017,401762490103945501,17,2,South Florida,American Athletic,24,Florida Atlantic,American Athletic,13,South Florida,Florida Atlantic,3,"{'minutes': 5, 'seconds': 44}",2,3,35,65,2,5,0,False,Pass Incompletion,Byrum Brown pass incomplete to Jeremiah Koger,-0.9147012934951732,2025-10-19T02:02:32.000Z
401762490,40176249017,401762490103946501,17,3,South Florida,American Athletic,24,Florida Atlantic,American Athletic,13,South Florida,Florida Atlantic,3,"{'minutes': 5, 'seconds': 34}",2,3,35,65,3,5,32,False,Pass Reception,Byrum Brown pass complete to Christian Neptune for 32 yds to the FAU 33 for a 1ST down,3.6014941835709697,2025-10-19T02:03:22.000Z
401762490,40176249017,401762490103948801,17,4,South Florida,American Athletic,24,Florida Atlantic,American Athletic,13,South Florida,Florida Atlantic,3,"{'minutes': 5, 'seconds': 11}",2,3,67,33,1,10,0,False,Pass Reception,Byrum Brown pass complete to Alvon Isaac for no gain to the FAU 33,-0.6351269961541294,2025-10-19T02:03:42.000Z
401762490,40176249017,401762490103954201,17,5,South Florida,American Athletic,24,Florida Atlantic,American Athletic,13,South Florida,Florida Atlantic,3,"{'minutes': 4, 'seconds': 57}",2,3,67,33,2,10,5,False,Rush,Alvon Isaac run for 5 yds to the FAU 28,0.0567533407587514,2025-10-19T02:04:02.000Z
401762490,40176249017,401762490103956301,17,6,South Florida,American Athletic,24,Florida Atlantic,American Athletic,13,South Florida,Florida Atlantic,3,"{'minutes': 4, 'seconds': 36}",2,3,72,28,3,5,4,False,Rush,Alvon Isaac run for 4 yds to the FAU 24,-0.1044271705002586,2025-10-19T02:04:22.000Z
401762490,40176249017,401762490103958901,17,8,South Florida,American Athletic,31,Florida Atlantic,American Athletic,13,South Florida,Florida Atlantic,3,"{'minutes': 4, 'seconds': 10}",1,3,76,24,4,1,24,True,Passing Touchdown,Byrum Brown pass complete to Wyatt Sullivan for 24 yds for a TD (Nico Gramatica KICK),3.5858755993976246,2025-10-19T02:08:33.000Z
401762490,40176249018,401762490103958903,18,1,South Florida,American Athletic,31,Florida Atlantic,American Athletic,13,South Florida,Florida Atlantic,3,"{'minutes': 4, 'seconds': 10}",1,3,35,65,1,10,0,False,Kickoff,Adam Zouagui kickoff for 65 yds for a touchback,,2025-10-19T02:08:33.000Z
401762490,40176249018,401762490103975601,18,8,Florida Atlantic,American Athletic,13,South Florida,American Athletic,31,South Florida,Florida Atlantic,3,"{'minutes': 2, 'seconds': 43}",3,0,47,47,3,4,0,False,Timeout,"Timeout South Florida, clock 02:43",,2025-10-19T02:13:53.000Z
401762490,40176249018,401762490103979401,18,10,Florida Atlantic,American Athletic,13,South Florida,American Athletic,31,South Florida,Florida Atlantic,3,"{'minutes': 2, 'seconds': 5}",3,0,41,41,1,10,10,False,Penalty,"(02:06) No Huddle-Shotgun Veltkamp,Caden pass incomplete short left to Hoch,Branden thrown to USF25 PENALTY USF Holding (Dalias,Jermaine) 10 yards from USF41 to USF31, 1ST DOWN. NO PLAY.",,2025-10-19T02:15:04.000Z
401762490,40176249018,401762490103998901,18,14,Florida Atlantic,American Athletic,13,South Florida,American Athletic,31,South Florida,Florida Atlantic,3,"{'minutes': 0, 'seconds': 10}",3,0,40,40,4,19,0,False,Punt,"Logan Lupo punt for 33 yds, fair catch by Christian Neptune at the USF 7",,2025-10-19T02:17:44.000Z
401762490,40176249018,401762490103959601,18,2,Florida Atlantic,American Athletic,13,South Florida,American Athletic,31,South Florida,Florida Atlantic,3,"{'minutes': 4, 'seconds': 3}",3,1,75,75,1,10,10,False,Pass Reception,Caden Veltkamp pass complete to Asaad Waseem for 10 yds to the FAU 35 for a 1ST down,0.8350381090299867,2025-10-19T02:11:33.000Z
401762490,40176249018,401762490103966901,18,3,Florida Atlantic,American Athletic,13,South Florida,American Athletic,31,South Florida,Florida Atlantic,3,"{'minutes': 3, 'seconds': 30}",3,1,65,65,1,10,-2,False,Sack,Caden Veltkamp sacked for a loss of 2 yards to the FAU 33,-1.3169300165905415,2025-10-19T02:12:03.000Z
401762490,40176249018,401762490103968401,18,4,Florida Atlantic,American Athletic,13,South Florida,American Athletic,31,South Florida,Florida Atlantic,3,"{'minutes': 3, 'seconds': 15}",3,1,67,67,2,12,0,False,Pass Incompletion,Caden Veltkamp pass incomplete to Gemari Sands,-0.4542686160428877,2025-10-19T02:12:13.000Z
401762490,40176249018,401762490103969601,18,5,Florida Atlantic,American Athletic,13,South Florida,American Athletic,31,South Florida,Florida Atlantic,3,"{'minutes': 3, 'seconds': 3}",3,1,67,67,3,12,14,False,Pass Reception,Caden Veltkamp pass complete to Easton Messer for 14 yds to the FAU 47 for a 1ST down,2.9186162097514563,2025-10-19T02:13:03.000Z
401762490,40176249018,401762490103974501,18,6,Florida Atlantic,American Athletic,13,South Florida,American Athletic,31,South Florida,Florida Atlantic,3,"{'minutes': 2, 'seconds': 54}",3,1,53,53,1,10,0,False,Pass Incompletion,Caden Veltkamp pass incomplete to Dominique Henry,-1.1527089917962545,2025-10-19T02:13:14.000Z
401762490,40176249018,401762490103975401,18,7,Florida Atlantic,American Athletic,13,South Florida,American Athletic,31,South Florida,Florida Atlantic,3,"{'minutes': 2, 'seconds': 45}",3,1,53,53,2,10,6,False,Pass Reception,Caden Veltkamp pass complete to Easton Messer for 6 yds to the USF 47,0.3206201789111418,2025-10-19T02:13:53.000Z
401762490,40176249018,401762490103978701,18,9,Florida Atlantic,American Athletic,13,South Florida,American Athletic,31,South Florida,Florida Atlantic,3,"{'minutes': 2, 'seconds': 12}",3,0,47,47,3,4,6,False,Pass Reception,Caden Veltkamp pass complete to Branden Hoch for 6 yds to the USF 41 for a 1ST down,1.686868620561901,2025-10-19T02:15:03.000Z
401762490,40176249018,401762490103984701,18,11,Florida Atlantic,American Athletic,13,South Florida,American Athletic,31,South Florida,Florida Atlantic,3,"{'minutes': 1, 'seconds': 52}",3,0,31,31,1,10,3,False,Pass Reception,Caden Veltkamp pass complete to Michael Kirch for 3 yds to the USF 28,-0.1807619553029143,2025-10-19T02:15:53.000Z
401762490,40176249018,401762490103988501,18,12,Florida Atlantic,American Athletic,13,South Florida,American Athletic,31,South Florida,Florida Atlantic,3,"{'minutes': 1, 'seconds': 14}",3,0,28,28,2,7,-21,False,Fumble Recovery (Own),"Caden Veltkamp sacked by Fred Gaskin for a loss of 21 yards to the USF 49 Caden Veltkamp fumbled, recovered by FAU Caden Veltkamp , return for 0 yards",-4.035124500158819,2025-10-19T02:16:34.000Z
401762490,40176249018,401762490103994301,18,13,Florida Atlantic,American Athletic,13,South Florida,American Athletic,31,South Florida,Florida Atlantic,3,"{'minutes': 0, 'seconds': 56}",3,0,49,49,3,28,9,False,Rush,Kaden Shields-Dutton run for 9 yds to the USF 40,0.33515663427426023,2025-10-19T02:16:54.000Z
401762490,40176249019,401762490103999902,19,3,South Florida,American Athletic,31,Florida Atlantic,American Athletic,13,South Florida,Florida Atlantic,3,"{'minutes': 0, 'seconds': 0}",0,3,7,93,0,10,0,False,End Period,End of 3rd Quarter,,2025-10-19T02:19:14.000Z
401762490,40176249019,401762490103999601,19,1,South Florida,American Athletic,31,Florida Atlantic,American Athletic,13,South Florida,Florida Atlantic,3,"{'minutes': 0, 'seconds': 3}",0,3,7,93,1,10,0,False,Pass Incompletion,Byrum Brown pass incomplete to JeyQuan Smith,-0.3062456358083505,2025-10-19T02:18:34.000Z
401762490,40176249019,401762490103999901,19,2,South Florida,American Athletic,31,Florida Atlantic,American Athletic,13,South Florida,Florida Atlantic,3,"{'minutes': 0, 'seconds': 0}",0,3,7,93,2,10,0,False,Rush,Sam Franklin run for no gain to the USF 7,-0.13220699495240051,2025-10-19T02:19:14.000Z
401762490,40176249019,401762490104855201,19,4,South Florida,American Athletic,31,Florida Atlantic,American Athletic,13,South Florida,Florida Atlantic,4,"{'minutes': 14, 'seconds': 47}",0,3,7,93,3,10,22,False,Pass Reception,Byrum Brown pass complete to Mudia Reuben for 22 yds to the USF 29 for a 1ST down,1.536342969907837,2025-10-19T02:23:35.000Z
401762490,40176249019,401762490104856701,19,5,South Florida,American Athletic,31,Florida Atlantic,American Athletic,13,South Florida,Florida Atlantic,4,"{'minutes': 14, 'seconds': 32}",0,3,29,71,1,10,3,False,Rush,Byrum Brown run for 3 yds to the USF 32,-0.3446420231971743,2025-10-19T02:23:45.000Z
401762490,40176249019,401762490104858701,19,6,South Florida,American Athletic,31,Florida Atlantic,American Athletic,13,South Florida,Florida Atlantic,4,"{'minutes': 14, 'seconds': 12}",0,3,32,68,2,7,8,False,Rush,Sam Franklin run for 8 yds to the USF 40 for a 1ST down,1.3633582918084635,2025-10-19T02:24:15.000Z
401762490,40176249019,401762490104866001,19,7,South Florida,American Athletic,38,Florida Atlantic,American Athletic,13,South Florida,Florida Atlantic,4,"{'minutes': 13, 'seconds': 39}",0,3,40,60,1,10,60,True,Passing Touchdown,Byrum Brown pass complete to Jeremiah Koger for 60 yds for a TD (Nico Gramatica KICK),4.756900604143675,2025-10-19T02:24:35.000Z
401762490,40176249020,401762490104866003,20,1,South Florida,American Athletic,38,Florida Atlantic,American Athletic,13,South Florida,Florida Atlantic,4,"{'minutes': 13, 'seconds': 39}",0,3,35,65,1,10,0,False,Kickoff,Adam Zouagui kickoff for 65 yds for a touchback,,2025-10-19T02:24:35.000Z
401762490,40176249020,401762490104866501,20,2,Florida Atlantic,American Athletic,13,South Florida,American Athletic,38,South Florida,Florida Atlantic,4,"{'minutes': 13, 'seconds': 34}",3,0,75,75,1,10,0,False,Penalty,"(13:39) Shotgun Veltkamp,Caden pass intercepted by Knox,Ben at FAU31, End Of Play PENALTY USF Pass Interference declined USF Personal Foul (Flowers,Dennard) 15 yards from FAU25 to FAU40, 1ST DOWN. NO PLAY.",,
401762490,40176249020,401762490104886401,20,11,Florida Atlantic,American Athletic,13,South Florida,American Athletic,38,South Florida,Florida Atlantic,4,"{'minutes': 11, 'seconds': 35}",3,0,31,31,1,10,-10,False,Penalty,"(11:38) No Huddle-Shotgun Veltkamp,Caden sacked for loss of 2 yards to the USF33 (Harris,D.J.) PENALTY FAU Holding (Nonar,Ja'Kavion) 10 yards from USF31 to USF41. NO PLAY.",,2025-10-19T02:34:56.000Z
401762490,40176249020,401762490104877301,20,7,Florida Atlantic,American Athletic,13,South Florida,American Athletic,38,South Florida,Florida Atlantic,4,"{'minutes': 12, 'seconds': 26}",3,0,49,49,1,10,0,False,Pass Incompletion,Caden Veltkamp pass incomplete,-1.0955888671820908,2025-10-19T02:32:46.000Z
401762490,40176249020,401762490104867401,20,3,Florida Atlantic,American Athletic,13,South Florida,American Athletic,38,South Florida,Florida Atlantic,4,"{'minutes': 13, 'seconds': 25}",3,0,60,60,1,10,3,False,Rush,Kaden Shields-Dutton run for 3 yds to the FAU 43,-0.4315308590496248,2025-10-19T02:31:16.000Z
401762490,40176249020,401762490104869001,20,4,Florida Atlantic,American Athletic,13,South Florida,American Athletic,38,South Florida,Florida Atlantic,4,"{'minutes': 13, 'seconds': 9}",3,0,57,57,2,7,0,False,Pass Incompletion,Caden Veltkamp pass incomplete to Jayshon Platt,-1.0130007081040446,2025-10-19T02:31:36.000Z
401762490,40176249020,401762490104869701,20,5,Florida Atlantic,American Athletic,13,South Florida,American Athletic,38,South Florida,Florida Atlantic,4,"{'minutes': 13, 'seconds': 2}",3,0,57,57,3,7,6,False,Rush,Kaden Shields-Dutton run for 6 yds to the FAU 49,0.2475106418716475,2025-10-19T02:32:16.000Z
401762490,40176249020,401762490104875301,20,6,Florida Atlantic,American Athletic,13,South Florida,American Athletic,38,South Florida,Florida Atlantic,4,"{'minutes': 12, 'seconds': 46}",3,0,51,51,4,1,2,False,Rush,Caden Veltkamp run for 2 yds to the USF 49 for a 1ST down,2.191590977788449,2025-10-19T02:32:26.000Z
401762490,40176249020,401762490104878101,20,8,Florida Atlantic,American Athletic,13,South Florida,American Athletic,38,South Florida,Florida Atlantic,4,"{'minutes': 12, 'seconds': 18}",3,0,49,49,2,10,2,False,Rush,Gemari Sands run for 2 yds to the USF 47,-0.625577595101671,2025-10-19T02:33:36.000Z
401762490,40176249020,401762490104879901,20,9,Florida Atlantic,American Athletic,13,South Florida,American Athletic,38,South Florida,Florida Atlantic,4,"{'minutes': 12, 'seconds': 0}",3,0,47,47,3,8,0,False,Pass Incompletion,Caden Veltkamp pass incomplete to Dominique Henry,-0.8837000512172395,2025-10-19T02:33:46.000Z
401762490,40176249020,401762490104884601,20,10,Florida Atlantic,American Athletic,13,South Florida,American Athletic,38,South Florida,Florida Atlantic,4,"{'minutes': 11, 'seconds': 53}",3,0,47,47,4,8,16,False,Pass Reception,Caden Veltkamp pass complete to Asaad Waseem for 16 yds to the USF 31 for a 1ST down,3.5252508950653016,2025-10-19T02:34:36.000Z
401762490,40176249020,401762490104889001,20,12,Florida Atlantic,American Athletic,13,South Florida,American Athletic,38,South Florida,Florida Atlantic,4,"{'minutes': 11, 'seconds': 9}",3,0,41,41,1,20,21,False,Pass Interception Return,Caden Veltkamp pass intercepted Rico Watson III return for 21 yds to the FAU 45,-2.6816026467202647,2025-10-19T02:36:07.000Z
401762490,40176249021,401762490104895901,21,2,South Florida,American Athletic,38,Florida Atlantic,American Athletic,13,South Florida,Florida Atlantic,4,"{'minutes': 10, 'seconds': 40}",0,3,61,39,2,4,-5,False,Penalty,"PENALTY USF Offside (Singleton,Keshaun) 5 yards from FAU39 to FAU44. NO PLAY.",,2025-10-19T02:37:57.000Z
401762490,40176249021,401762490104906801,21,5,South Florida,American Athletic,38,Florida Atlantic,American Athletic,13,South Florida,Florida Atlantic,4,"{'minutes': 9, 'seconds': 31}",0,3,66,34,1,10,15,False,Penalty,"(09:37) No Huddle-Shotgun Brown,Byrum pass incomplete short right to Singleton,Keshaun thrown to FAU34 PENALTY FAU Personal Foul (Stolsky,Tyler) 15 yards from FAU34 to FAU19, 1ST DOWN. NO PLAY.",,2025-10-19T03:10:08.000Z
401762490,40176249021,401762490104907701,21,6,South Florida,American Athletic,38,Florida Atlantic,American Athletic,13,South Florida,Florida Atlantic,4,"{'minutes': 9, 'seconds': 22}",0,3,81,19,1,10,17,False,Rush,Nykahi Davenport run for 17 yds to the FAU 2 for a 1ST down,1.391212330965425,2025-10-19T03:10:08.000Z
401762490,40176249021,401762490104889601,21,1,South Florida,American Athletic,38,Florida Atlantic,American Athletic,13,South Florida,Florida Atlantic,4,"{'minutes': 11, 'seconds': 3}",0,3,55,45,1,10,6,False,Rush,Nykahi Davenport run for 6 yds to the FAU 39,0.3037840163725374,2025-10-19T02:37:09.000Z
401762490,40176249021,401762490104898001,21,3,South Florida,American Athletic,38,Florida Atlantic,American Athletic,13,South Florida,Florida Atlantic,4,"{'minutes': 10, 'seconds': 19}",0,3,56,44,2,9,5,False,Rush,Nykahi Davenport run for 5 yds to the FAU 39,0.0767293564685083,2025-10-19T02:38:17.000Z
401762490,40176249021,401762490104904201,21,4,South Florida,American Athletic,38,Florida Atlantic,American Athletic,13,South Florida,Florida Atlantic,4,"{'minutes': 9, 'seconds': 57}",0,3,61,39,3,4,5,False,Rush,Byrum Brown run for 5 yds to the FAU 34 for a 1ST down,1.2340192702192123,2025-10-19T03:10:08.000Z
401762490,40176249021,401762490104909401,21,7,South Florida,American Athletic,45,Florida Atlantic,American Athletic,13,South Florida,Florida Atlantic,4,"{'minutes': 9, 'seconds': 5}",0,3,98,2,1,2,2,True,Rushing Touchdown,Nykahi Davenport run for 2 yds for a TD (Nico Gramatica KICK),1.213235297672098,2025-10-19T02:45:02.000Z
401762490,40176249022,401762490104909403,22,1,South Florida,American Athletic,45,Florida Atlantic,American Athletic,13,South Florida,Florida Atlantic,4,"{'minutes': 9, 'seconds': 5}",0,3,35,65,1,10,0,False,Kickoff,Adam Zouagui kickoff for 65 yds for a touchback,,2025-10-19T02:45:02.000Z
401762490,40176249022,401762490104914101,22,2,Florida Atlantic,American Athletic,13,South Florida,American Athletic,45,South Florida,Florida Atlantic,4,"{'minutes': 8, 'seconds': 58}",3,0,75,75,1,10,6,False,Rush,Gemari Sands run for 6 yds to the FAU 31,0.3333748010525683,2025-10-19T02:45:44.000Z
401762490,40176249022,401762490104916301,22,3,Florida Atlantic,American Athletic,13,South Florida,American Athletic,45,South Florida,Florida Atlantic,4,"{'minutes': 8, 'seconds': 36}",3,0,69,69,2,4,-4,False,Rush,Gemari Sands run for a loss of 4 yards to the FAU 27,-1.2647859965112351,2025-10-19T02:46:02.000Z
401762490,40176249022,401762490104919501,22,4,Florida Atlantic,American Athletic,13,South Florida,American Athletic,45,South Florida,Florida Atlantic,4,"{'minutes': 8, 'seconds': 4}",3,0,73,73,3,8,0,False,Pass Incompletion,Caden Veltkamp pass incomplete to Michael Kirch,-0.22421028645399854,2025-10-19T02:46:32.000Z
401762490,40176249022,401762490104924101,22,5,Florida Atlantic,American Athletic,13,South Florida,American Athletic,45,South Florida,Florida Atlantic,4,"{'minutes': 7, 'seconds': 58}",3,0,73,73,4,8,4,False,Pass Reception,Caden Veltkamp pass complete to Ethan Ervin for 4 yds to the FAU 31,0.23337660163398688,2025-10-19T02:50:32.000Z
401762490,4017624901,401762490101849903,1,1,Florida Atlantic,American Athletic,0,South Florida,American Athletic,0,South Florida,Florida Atlantic,1,"{'minutes': 15, 'seconds': 0}",3,3,65,65,1,10,0,False,Kickoff,Andrew Nelms kickoff for 65 yds for a touchback,,2025-10-19T00:12:13.000Z
401762490,4017624901,401762490101854401,1,2,South Florida,American Athletic,0,Florida Atlantic,American Athletic,0,South Florida,Florida Atlantic,1,"{'minutes': 14, 'seconds': 55}",3,3,25,75,1,10,0,False,Rush,Alvon Isaac run for no gain to the USF 25,-0.7029700220436519,2025-10-19T00:12:13.000Z
401762490,4017624901,401762490101856101,1,3,South Florida,American Athletic,0,Florida Atlantic,American Athletic,0,South Florida,Florida Atlantic,1,"{'minutes': 14, 'seconds': 38}",3,3,25,75,2,10,0,False,Pass Incompletion,Byrum Brown pass incomplete to Jeremiah Koger,-0.34710487712173865,2025-10-19T00:12:13.000Z
401762490,4017624901,401762490101856801,1,4,South Florida,American Athletic,0,Florida Atlantic,American Athletic,0,South Florida,Florida Atlantic,1,"{'minutes': 14, 'seconds': 31}",3,3,25,75,3,10,16,False,Rush,Byrum Brown run for 16 yds to the USF 41 for a 1ST down,2.468817669088285,2025-10-19T00:12:13.000Z
401762490,4017624901,401762490101858501,1,5,South Florida,American Athletic,0,Florida Atlantic,American Athletic,0,South Florida,Florida Atlantic,1,"{'minutes': 14, 'seconds': 14}",3,3,41,59,1,10,1,False,Rush,Alvon Isaac run for 1 yd to the USF 42,-0.9199637917398017,2025-10-19T00:12:13.000Z
401762490,4017624901,401762490101864101,1,6,South Florida,American Athletic,0,Florida Atlantic,American Athletic,0,South Florida,Florida Atlantic,1,"{'minutes': 13, 'seconds': 58}",3,3,42,58,2,9,0,False,Pass Incompletion,Byrum Brown pass incomplete to Mudia Reuben,-0.873448258672486,2025-10-19T00:12:13.000Z
401762490,4017624901,401762490101865601,1,7,South Florida,American Athletic,0,Florida Atlantic,American Athletic,0,South Florida,Florida Atlantic,1,"{'minutes': 13, 'seconds': 43}",3,3,42,58,3,9,9,False,Pass Reception,Byrum Brown pass complete to Keshaun Singleton for 9 yds to the FAU 49 for a 1ST down,2.6900938485734667,2025-10-19T00:12:13.000Z
401762490,4017624901,401762490101867301,1,8,South Florida,American Athletic,0,Florida Atlantic,American Athletic,0,South Florida,Florida Atlantic,1,"{'minutes': 13, 'seconds': 26}",3,3,51,49,1,10,5,False,Pass Reception,Byrum Brown pass complete to Keshaun Singleton for 5 yds to the FAU 44,0.1003706527461523,2025-10-19T00:12:13.000Z
401762490,4017624901,401762490101869001,1,9,South Florida,American Athletic,0,Florida Atlantic,American Athletic,0,South Florida,Florida Atlantic,1,"{'minutes': 13, 'seconds': 9}",3,3,56,44,2,5,4,False,Rush,Alvon Isaac run for 4 yds to the FAU 40,-0.134731553471518,2025-10-19T00:12:13.000Z
401762490,4017624901,401762490101874301,1,10,South Florida,American Athletic,0,Florida Atlantic,American Athletic,0,South Florida,Florida Atlantic,1,"{'minutes': 12, 'seconds': 56}",3,3,60,40,3,1,3,False,Rush,Alvon Isaac run for 3 yds to the FAU 37 for a 1ST down,0.7452828208858708,2025-10-19T00:12:13.000Z
401762490,4017624901,401762490101877601,1,11,South Florida,American Athletic,0,Florida Atlantic,American Athletic,0,South Florida,Florida Atlantic,1,"{'minutes': 12, 'seconds': 23}",3,3,63,37,1,10,12,False,Pass Reception,Byrum Brown pass complete to Keshaun Singleton for 12 yds to the FAU 25 for a 1ST down,0.3513242692106857,2025-10-19T00:12:13.000Z
401762490,4017624901,401762490101879501,1,12,South Florida,American Athletic,0,Florida Atlantic,American Athletic,0,South Florida,Florida Atlantic,1,"{'minutes': 12, 'seconds': 4}",3,3,75,25,1,10,3,False,Pass Reception,Byrum Brown pass complete to Jeremiah Koger for 3 yds to the FAU 22,-0.1408898471373875,2025-10-18T23:41:02.000Z
401762490,4017624901,401762490101885301,1,13,South Florida,American Athletic,7,Florida Atlantic,American Athletic,0,South Florida,Florida Atlantic,1,"{'minutes': 11, 'seconds': 46}",3,3,78,22,2,7,22,True,Rushing Touchdown,Byrum Brown run for 22 yds for a TD (Nico Gramatica KICK),2.840974209403445,2025-10-18T23:41:52.000Z
401762490,4017624902,401762490101885801,2,1,South Florida,American Athletic,7,Florida Atlantic,American Athletic,0,South Florida,Florida Atlantic,1,"{'minutes': 11, 'seconds': 41}",3,3,35,65,1,10,22,False,Kickoff Return (Offense),"Adam Zouagui kickoff for 65 yds , Jayshon Platt return for 22 yds to the FAU 22",,2025-10-18T23:46:22.000Z
401762490,4017624902,401762490101897801,2,6,Florida Atlantic,American Athletic,0,South Florida,American Athletic,7,South Florida,Florida Atlantic,1,"{'minutes': 10, 'seconds': 21}",3,3,65,65,2,9,-5,False,Penalty,PENALTY FAU False Start 5 yards from FAU35 to FAU30. NO PLAY.,,2025-10-18T23:48:12.000Z
401762490,4017624902,401762490101916901,2,10,Florida Atlantic,American Athletic,0,South Florida,American Athletic,7,South Florida,Florida Atlantic,1,"{'minutes': 8, 'seconds': 30}",3,3,54,54,1,10,15,False,Penalty,"(08:37) No Huddle-Shotgun Veltkamp,Caden pass incomplete deep middle to Henry,Dom thrown to USF15 broken up by Rucker,De'Shawn PENALTY USF Pass Interference (Rucker,De'Shawn) 15 yards from FAU46 to USF39, 1ST DOWN. NO PLAY.",,2025-10-18T23:50:12.000Z
401762490,4017624902,401762490101927301,2,14,Florida Atlantic,American Athletic,0,South Florida,American Athletic,7,South Florida,Florida Atlantic,1,"{'minutes': 7, 'seconds': 26}",3,2,27,27,1,10,0,False,Timeout,"Timeout South Florida, clock 07:26",,2025-10-18T23:55:12.000Z
401762490,4017624902,401762490101944601,2,18,Florida Atlantic,American Athletic,3,South Florida,American Athletic,7,South Florida,Florida Atlantic,1,"{'minutes': 5, 'seconds': 53}",3,2,27,27,4,10,45,True,Field Goal Good,Garrison Smith 45 yd FG GOOD,,2025-10-18T23:56:52.000Z
401762490,4017624902,401762490101887001,2,2,Florida Atlantic,American Athletic,0,South Florida,American Athletic,7,South Florida,Florida Atlantic,1,"{'minutes': 11, 'seconds': 29}",3,3,78,78,1,10,4,False,Pass Reception,Caden Veltkamp pass complete to Asaad Waseem for 4 yds to the FAU 26,-0.098522001264528,2025-10-18T23:46:42.000Z
401762490,4017624902,401762490101887901,2,3,Florida Atlantic,American Athletic,0,South Florida,American Athletic,7,South Florida,Florida Atlantic,1,"{'minutes': 11, 'seconds': 20}",3,3,74,74,2,6,3,False,Pass Reception,Caden Veltkamp pass complete to Easton Messer for 3 yds to the FAU 29,-0.2398017134839297,2025-10-18T23:46:52.000Z
401762490,4017624902,401762490101889901,2,4,Florida Atlantic,American Athletic,0,South Florida,American Athletic,7,South Florida,Florida Atlantic,1,"{'minutes': 11, 'seconds': 0}",3,3,71,71,3,3,5,False,Pass Reception,Caden Veltkamp pass complete to Asaad Waseem for 5 yds to the FAU 34 for a 1ST down,1.2735391273599657,2025-10-18T23:47:12.000Z
401762490,4017624902,401762490101897101,2,5,Florida Atlantic,American Athletic,0,South Florida,American Athletic,7,South Florida,Florida Atlantic,1,"{'minutes': 10, 'seconds': 28}",3,3,66,66,1,10,1,False,Rush,Kaden Shields-Dutton run for 1 yd to the FAU 35,-0.8121551588526277,2025-10-18T23:47:52.000Z
401762490,4017624902,401762490101899501,2,7,Florida Atlantic,American Athletic,0,South Florida,American Athletic,7,South Florida,Florida Atlantic,1,"{'minutes': 10, 'seconds': 4}",3,3,70,70,2,14,7,False,Pass Reception,Caden Veltkamp pass complete to Michael Kirch for 7 yds to the FAU 37,0.2606315670349906,2025-10-18T23:48:42.000Z
401762490,4017624902,401762490101907501,2,8,Florida Atlantic,American Athletic,0,South Florida,American Athletic,7,South Florida,Florida Atlantic,1,"{'minutes': 9, 'seconds': 24}",3,3,63,63,3,7,6,False,Rush,Kaden Shields-Dutton run for 6 yds to the FAU 43,0.1968082066449677,2025-10-18T23:49:22.000Z
401762490,4017624902,401762490101915501,2,9,Florida Atlantic,American Athletic,0,South Florida,American Athletic,7,South Florida,Florida Atlantic,1,"{'minutes': 8, 'seconds': 44}",3,3,57,57,4,1,3,False,Rush,Caden Veltkamp run for 3 yds to the FAU 46 for a 1ST down,2.188784540945655,2025-10-18T23:49:52.000Z
401762490,4017624902,401762490101917601,2,11,Florida Atlantic,American Athletic,0,South Florida,American Athletic,7,South Florida,Florida Atlantic,1,"{'minutes': 8, 'seconds': 23}",3,3,39,39,1,10,4,False,Pass Reception,Caden Veltkamp pass complete to Jayshon Platt for 4 yds to the USF 35,-0.0852102081894834,2025-10-18T23:50:52.000Z
401762490,4017624902,401762490101918901,2,12,Florida Atlantic,American Athletic,0,South Florida,American Athletic,7,South Florida,Florida Atlantic,1,"{'minutes': 8, 'seconds': 10}",3,3,35,35,2,6,4,False,Pass Reception,Caden Veltkamp pass complete to Easton Messer for 4 yds to the USF 31,-0.0936096396760996,2025-10-18T23:51:22.000Z
401762490,4017624902,401762490101925801,2,13,Florida Atlantic,American Athletic,0,South Florida,American Athletic,7,South Florida,Florida Atlantic,1,"{'minutes': 7, 'seconds': 41}",3,3,31,31,3,2,4,False,Pass Reception,Caden Veltkamp pass complete to Easton Messer for 4 yds to the USF 27 for a 1ST down,0.577977561405648,2025-10-18T23:51:42.000Z
401762490,4017624902,401762490101927801,2,15,Florida Atlantic,American Athletic,0,South Florida,American Athletic,7,South Florida,Florida Atlantic,1,"{'minutes': 7, 'seconds': 21}",3,2,27,27,1,10,-8,False,Sack,Caden Veltkamp sacked by Mac Harris for a loss of 8 yards to the USF 35,-1.7703483238861235,2025-10-18T23:55:22.000Z
401762490,4017624902,401762490101936101,2,16,Florida Atlantic,American Athletic,0,South Florida,American Athletic,7,South Florida,Florida Atlantic,1,"{'minutes': 6, 'seconds': 38}",3,2,35,35,2,18,5,False,Pass Reception,Caden Veltkamp pass complete to Asaad Waseem for 5 yds to the USF 30,0.0476011649961432,2025-10-18T23:56:02.000Z
401762490,4017624902,401762490101937801,2,17,Florida Atlantic,American Athletic,0,South Florida,American Athletic,7,South Florida,Florida Atlantic,1,"{'minutes': 6, 'seconds': 21}",3,2,30,30,3,13,3,False,Pass Reception,Caden Veltkamp pass complete to Easton Messer for 3 yds to the USF 27,-0.3685086400971967,2025-10-18T23:56:22.000Z
401762490,4017624903,401762490101988001,3,12,South Florida,American Athletic,7,Florida Atlantic,American Athletic,3,South Florida,Florida Atlantic,1,"{'minutes': 1, 'seconds': 19}",2,3,75,25,4,7,43,False,Field Goal Missed,Nico Gramatica 43 yd FG MISSED,,2025-10-19T00:06:22.000Z
401762490,4017624903,401762490101945101,3,1,Florida Atlantic,American Athletic,3,South Florida,American Athletic,7,South Florida,Florida Atlantic,1,"{'minutes': 5, 'seconds': 48}",3,2,65,65,1,10,17,False,Kickoff Return (Offense),"Andrew Nelms kickoff for 65 yds , Alvon Isaac return for 17 yds to the USF 17",,2025-10-19T00:01:02.000Z
401762490,4017624903,401762490101945701,3,2,South Florida,American Athletic,7,Florida Atlantic,American Athletic,3,South Florida,Florida Atlantic,1,"{'minutes': 5, 'seconds': 42}",2,3,17,83,1,10,12,False,Rush,Nykahi Davenport run for 12 yds to the USF 29 for a 1ST down,0.7595657097966928,2025-10-19T00:01:12.000Z
401762490,4017624903,401762490101947401,3,3,South Florida,American Athletic,7,Florida Atlantic,American Athletic,3,South Florida,Florida Atlantic,1,"{'minutes': 5, 'seconds': 25}",2,3,29,71,1,10,8,False,Rush,Byrum Brown run for 8 yds to the USF 37,0.98359054098046,2025-10-19T00:01:23.000Z
401762490,4017624903,401762490101949601,3,4,South Florida,American Athletic,7,Florida Atlantic,American Athletic,3,South Florida,Florida Atlantic,1,"{'minutes': 5, 'seconds': 3}",2,3,37,63,2,2,3,False,Rush,Nykahi Davenport run for 3 yds to the USF 40 for a 1ST down,0.0351257276308293,2025-10-19T00:01:52.000Z
401762490,4017624903,401762490101957801,3,5,South Florida,American Athletic,7,Florida Atlantic,American Athletic,3,South Florida,Florida Atlantic,1,"{'minutes': 4, 'seconds': 21}",2,3,40,60,1,10,20,False,Rush,Christian Neptune run for 20 yds to the FAU 40 for a 1ST down,1.5678514602063345,2025-10-19T00:02:42.000Z
401762490,4017624903,401762490101965701,3,6,South Florida,American Athletic,7,Florida Atlantic,American Athletic,3,South Florida,Florida Atlantic,1,"{'minutes': 3, 'seconds': 42}",2,3,60,40,1,10,4,False,Pass Reception,Byrum Brown pass complete to Keshaun Singleton for 4 yds to the FAU 36,-0.090113775884788,2025-10-19T00:03:22.000Z
401762490,4017624903,401762490101967101,3,7,South Florida,American Athletic,7,Florida Atlantic,American Athletic,3,South Florida,Florida Atlantic,1,"{'minutes': 3, 'seconds': 28}",2,3,64,36,2,6,3,False,Rush,Nykahi Davenport run for 3 yds to the FAU 33,-0.2898728533651003,2025-10-19T00:03:32.000Z
401762490,4017624903,401762490101969701,3,8,South Florida,American Athletic,7,Florida Atlantic,American Athletic,3,South Florida,Florida Atlantic,1,"{'minutes': 3, 'seconds': 2}",2,3,67,33,3,3,5,False,Rush,Nykahi Davenport run for 5 yds to the FAU 28 for a 1ST down,0.8050212990487983,2025-10-19T00:03:53.000Z
401762490,4017624903,401762490101975701,3,9,South Florida,American Athletic,7,Florida Atlantic,American Athletic,3,South Florida,Florida Atlantic,1,"{'minutes': 2, 'seconds': 42}",2,3,72,28,1,10,0,False,Pass Incompletion,Byrum Brown pass incomplete to Keshaun Singleton,-0.512081873784803,2025-10-19T00:04:22.000Z
401762490,4017624903,401762490101976401,3,10,South Florida,American Athletic,7,Florida Atlantic,American Athletic,3,South Florida,Florida Atlantic,1,"{'minutes': 2, 'seconds': 35}",2,3,72,28,2,10,-2,False,Rush,Christian Neptune run for a loss of 2 yards to the FAU 30,-1.077162508034407,2025-10-19T00:05:02.000Z
401762490,4017624903,401762490101984501,3,11,South Florida,American Athletic,7,Florida Atlantic,American Athletic,3,South Florida,Florida Atlantic,1,"{'minutes': 1, 'seconds': 54}",2,3,70,30,3,12,5,False,Pass Reception,Byrum Brown pass complete to Jeremiah Koger for 5 yds to the FAU 25,0.048961237715618,2025-10-19T00:05:42.000Z
401762490,4017624904,401762490101999902,4,4,Florida Atlantic,American Athletic,3,South Florida,American Athletic,7,South Florida,Florida Atlantic,1,"{'minutes': 0, 'seconds': 0}",3,2,82,82,0,17,7,False,End Period,End of 1st Quarter,,2025-10-19T00:12:13.000Z
401762490,4017624904,401762490102855101,4,5,Florida Atlantic,American Athletic,3,South Florida,American Athletic,7,South Florida,Florida Atlantic,2,"{'minutes': 14, 'seconds': 48}",3,2,75,75,4,10,0,False,Punt,"Logan Lupo punt for 50 yds, punt out-of-bounds at the USF 25",,2025-10-19T00:12:23.000Z
401762490,4017624904,401762490101996001,4,1,Florida Atlantic,American Athletic,3,South Florida,American Athletic,7,South Florida,Florida Atlantic,1,"{'minutes': 0, 'seconds': 39}",3,2,75,75,1,10,7,False,Fumble Recovery (Own),"run for 7 yds to the FAU 18 fumbled, recovered by FAU Easton Messer",0.604642460086338,2025-10-19T00:07:42.000Z
401762490,4017624904,401762490101996201,4,2,Florida Atlantic,American Athletic,3,South Florida,American Athletic,7,South Florida,Florida Atlantic,1,"{'minutes': 0, 'seconds': 37}",3,2,82,82,2,17,0,False,Pass Incompletion,Caden Veltkamp pass incomplete to Jayshon Platt,-0.1052159632619274,2025-10-19T00:07:42.000Z
401762490,4017624904,401762490101999901,4,3,Florida Atlantic,American Athletic,3,South Florida,American Athletic,7,South Florida,Florida Atlantic,1,"{'minutes': 0, 'seconds': 0}",3,2,82,82,3,17,7,False,Pass Reception,Caden Veltkamp pass complete to Dominique Henry for 7 yds to the FAU 25,0.0421941257411813,2025-10-19T00:12:13.000Z
401762490,4017624905,401762490102878101,5,7,South Florida,American Athletic,7,Florida Atlantic,American Athletic,3,South Florida,Florida Atlantic,2,"{'minutes': 12, 'seconds': 18}",2,3,76,24,4,1,5,False,Penalty,"PENALTY FAU Disconcerting Signals 5 yards from FAU24 to FAU19, 1ST DOWN. NO PLAY.",,2025-10-19T00:12:23.000Z
401762490,4017624905,401762490102855501,5,1,South Florida,American Athletic,7,Florida Atlantic,American Athletic,3,South Florida,Florida Atlantic,2,"{'minutes': 14, 'seconds': 44}",2,3,25,75,1,10,0,False,Pass Incompletion,Byrum Brown pass incomplete to Mudia Reuben,-0.7029700220436519,2025-10-19T00:12:23.000Z
401762490,4017624905,401762490102856101,5,2,South Florida,American Athletic,7,Florida Atlantic,American Athletic,3,South Florida,Florida Atlantic,2,"{'minutes': 14, 'seconds': 38}",2,3,25,75,2,10,20,False,Rush,Byrum Brown run for 20 yds to the USF 45 for a 1ST down,2.5041119044486084,2025-10-19T00:12:23.000Z
401762490,4017624905,401762490102859801,5,3,South Florida,American Athletic,7,Florida Atlantic,American Athletic,3,South Florida,Florida Atlantic,2,"{'minutes': 14, 'seconds': 1}",2,3,45,55,1,10,22,False,Pass Reception,Byrum Brown pass complete to Jeremiah Koger for 22 yds to the FAU 33 for a 1ST down,1.373538463814377,2025-10-19T00:12:23.000Z
401762490,4017624905,401762490102865501,5,4,South Florida,American Athletic,7,Florida Atlantic,American Athletic,3,South Florida,Florida Atlantic,2,"{'minutes': 13, 'seconds': 44}",2,3,67,33,1,10,1,False,Rush,Alvon Isaac run for 1 yd to the FAU 32,-0.482852560268812,2025-10-19T00:12:23.000Z
401762490,4017624905,401762490102868001,5,5,South Florida,American Athletic,7,Florida Atlantic,American Athletic,3,South Florida,Florida Atlantic,2,"{'minutes': 13, 'seconds': 19}",2,3,68,32,2,9,8,False,Rush,Byrum Brown run for 8 yds to the FAU 24,0.504504541282856,2025-10-19T00:12:23.000Z
401762490,4017624905,401762490102876501,5,6,South Florida,American Athletic,7,Florida Atlantic,American Athletic,3,South Florida,Florida Atlantic,2,"{'minutes': 12, 'seconds': 34}",2,3,76,24,3,1,0,False,Rush,Byrum Brown run for no gain to the FAU 24,-0.7044528069096806,2025-10-19T00:12:23.000Z
401762490,4017624905,401762490102879901,5,8,South Florida,American Athletic,14,Florida Atlantic,American Athletic,3,South Florida,Florida Atlantic,2,"{'minutes': 12, 'seconds': 0}",2,3,81,19,1,10,19,True,Passing Touchdown,Byrum Brown pass complete to Jonathan Echols for 19 yds for a TD (Nico Gramatica KICK),2.604447628637523,2025-10-19T00:12:23.000Z
401762490,4017624906,401762490102884201,6,1,South Florida,American Athletic,14,Florida Atlantic,American Athletic,3,South Florida,Florida Atlantic,2,"{'minutes': 11, 'seconds': 57}",2,3,35,65,1,10,30,False,Kickoff,Chase Leon kickoff for 30 yds,,2025-10-19T00:12:23.000Z
401762490,4017624906,401762490102905501,6,8,South Florida,American Athletic,14,Florida Atlantic,American Athletic,3,South Florida,Florida Atlantic,2,"{'minutes': 9, 'seconds': 44}",1,3,99,1,4,1,0,False,Timeout,"Timeout South Florida, clock 09:44",,2025-10-19T00:30:39.000Z
401762490,4017624906,401762490102886701,6,3,South Florida,American Athletic,14,Florida Atlantic,American Athletic,3,South Florida,Florida Atlantic,2,"{'minutes': 11, 'seconds': 32}",2,3,72,28,2,3,1,False,Rush,Sam Franklin run for 1 yd to the FAU 27,-0.535331707357552,2025-10-19T00:12:23.000Z
401762490,4017624906,401762490102884901,6,2,South Florida,American Athletic,14,Florida Atlantic,American Athletic,3,South Florida,Florida Atlantic,2,"{'minutes': 11, 'seconds': 50}",2,3,65,35,1,10,7,False,Rush,Sam Franklin run for 7 yds to the FAU 28,0.393521863681004,2025-10-19T00:12:23.000Z
401762490,4017624906,401762490102888701,6,4,South Florida,American Athletic,14,Florida Atlantic,American Athletic,3,South Florida,Florida Atlantic,2,"{'minutes': 11, 'seconds': 12}",2,3,73,27,3,2,18,False,Rush,Byrum Brown run for 18 yds to the FAU 9 for a 1ST down,0.690160803807036,2025-10-19T00:12:23.000Z
401762490,4017624906,401762490102895101,6,5,South Florida,American Athletic,14,Florida Atlantic,American Athletic,3,South Florida,Florida Atlantic,2,"{'minutes': 10, 'seconds': 48}",2,3,91,9,1,9,5,False,Rush,Sam Franklin run for 5 yds to the FAU 4,0.0903475831985075,2025-10-19T00:12:23.000Z
401762490,4017624906,401762490102896901,6,6,South Florida,American Athletic,14,Florida Atlantic,American Athletic,3,South Florida,Florida Atlantic,2,"{'minutes': 10, 'seconds': 30}",2,3,96,4,2,4,2,False,Rush,Sam Franklin run for 2 yds to the FAU 2,-0.2109400436149005,2025-10-19T00:12:23.000Z
401762490,4017624906,401762490102899101,6,7,South Florida,American Athletic,14,Florida Atlantic,American Athletic,3,South Florida,Florida Atlantic,2,"{'minutes': 10, 'seconds': 8}",2,3,98,2,3,2,1,False,Rush,Sam Franklin run for 1 yd to the FAU 1,-0.24092369079324,2025-10-19T00:12:23.000Z
401762490,4017624906,401762490102905901,6,9,South Florida,American Athletic,21,Florida Atlantic,American Athletic,3,South Florida,Florida Atlantic,2,"{'minutes': 9, 'seconds': 40}",1,3,99,1,4,1,1,True,Rushing Touchdown,Cole Skinner run for 1 yd for a TD (Nico Gramatica KICK),2.785753974856101,2025-10-19T00:32:24.000Z
401762490,4017624907,401762490102905903,7,1,South Florida,American Athletic,21,Florida Atlantic,American Athletic,3,South Florida,Florida Atlantic,2,"{'minutes': 9, 'seconds': 40}",1,3,35,65,1,10,0,False,Kickoff,Adam Zouagui kickoff for 65 yds for a touchback,,2025-10-19T00:32:24.000Z
401762490,4017624907,401762490102906402,7,3,Florida Atlantic,American Athletic,3,South Florida,American Athletic,21,South Florida,Florida Atlantic,2,"{'minutes': 9, 'seconds': 35}",3,1,75,75,2,10,-5,False,Penalty,"PENALTY FAU False Start (Richardson,Daughtry) 5 yards from FAU25 to FAU20. NO PLAY.",,2025-10-19T00:34:54.000Z
401762490,4017624907,401762490102915501,7,6,Florida Atlantic,American Athletic,3,South Florida,American Athletic,21,South Florida,Florida Atlantic,2,"{'minutes': 8, 'seconds': 44}",3,1,81,81,4,16,0,False,Punt,"Logan Lupo punt for 53 yds, punt out-of-bounds at the USF 28",,2025-10-19T00:37:14.000Z
401762490,4017624907,401762490102906401,7,2,Florida Atlantic,American Athletic,3,South Florida,American Athletic,21,South Florida,Florida Atlantic,2,"{'minutes': 9, 'seconds': 35}",3,1,75,75,1,10,0,False,Pass Incompletion,Caden Veltkamp pass incomplete to Gemari Sands,-0.7029700220436519,2025-10-19T00:34:54.000Z
401762490,4017624907,401762490102906701,7,4,Florida Atlantic,American Athletic,3,South Florida,American Athletic,21,South Florida,Florida Atlantic,2,"{'minutes': 9, 'seconds': 32}",3,1,80,80,2,15,0,False,Pass Incompletion,Caden Veltkamp pass incomplete to Branden Hoch,-0.14903888205704785,2025-10-19T00:35:54.000Z
401762490,4017624907,401762490102908001,7,5,Florida Atlantic,American Athletic,3,South Florida,American Athletic,21,South Florida,Florida Atlantic,2,"{'minutes': 9, 'seconds': 19}",3,1,80,80,3,15,-1,False,Pass Reception,Caden Veltkamp pass complete to Gemari Sands for a loss of 1 yard to the FAU 19,-0.07406084156506498,2025-10-19T00:36:44.000Z
401762490,4017624908,401762490102924201,8,4,South Florida,American Athletic,21,Florida Atlantic,American Athletic,3,South Florida,Florida Atlantic,2,"{'minutes': 7, 'seconds': 57}",1,3,32,68,4,6,26,False,Punt,"Chase Leon punt for 47 yds, punt out-of-bounds at the FAU 47 , Easton Messer returns for 26 yds to the FAU 47",,2025-10-19T00:40:04.000Z
401762490,4017624908,401762490102915801,8,1,South Florida,American Athletic,21,Florida Atlantic,American Athletic,3,South Florida,Florida Atlantic,2,"{'minutes': 8, 'seconds': 41}",1,3,28,72,1,10,0,False,Pass Incompletion,Byrum Brown pass incomplete to Christian Neptune,-0.7982008475508557,2025-10-19T00:38:24.000Z
401762490,4017624908,401762490102916401,8,2,South Florida,American Athletic,21,Florida Atlantic,American Athletic,3,South Florida,Florida Atlantic,2,"{'minutes': 8, 'seconds': 35}",1,3,28,72,2,10,4,False,Rush,Nykahi Davenport run for 4 yds to the USF 32,-0.07506658124804935,2025-10-19T00:38:54.000Z
401762490,4017624908,401762490102919101,8,3,South Florida,American Athletic,21,Florida Atlantic,American Athletic,3,South Florida,Florida Atlantic,2,"{'minutes': 8, 'seconds': 8}",1,3,32,68,3,6,0,False,Pass Incompletion,Byrum Brown pass incomplete to Christian Neptune,-0.3737068023046843,2025-10-19T00:39:14.000Z
401762490,4017624909,401762490102937002,9,6,Florida Atlantic,American Athletic,3,South Florida,American Athletic,21,South Florida,Florida Atlantic,2,"{'minutes': 6, 'seconds': 29}",3,0,20,20,1,10,0,False,Timeout,"Timeout South Florida, clock 06:29",,2025-10-19T00:42:14.000Z
401762490,4017624909,401762490102945601,9,10,Florida Atlantic,American Athletic,3,South Florida,American Athletic,21,South Florida,Florida Atlantic,2,"{'minutes': 5, 'seconds': 43}",3,0,19,19,4,9,37,False,Field Goal Missed,Garrison Smith 37 yd FG MISSED,,2025-10-19T00:46:15.000Z
401762490,4017624909,401762490102925201,9,1,Florida Atlantic,American Athletic,3,South Florida,American Athletic,21,South Florida,Florida Atlantic,2,"{'minutes': 7, 'seconds': 47}",3,1,53,53,1,10,6,False,Pass Reception,Caden Veltkamp pass complete to Gemari Sands for 6 yds to the USF 47,0.3681512148633137,2025-10-19T00:40:55.000Z
401762490,4017624909,401762490102927101,9,2,Florida Atlantic,American Athletic,3,South Florida,American Athletic,21,South Florida,Florida Atlantic,2,"{'minutes': 7, 'seconds': 28}",3,1,47,47,2,4,-1,False,Rush,Gemari Sands run for a loss of 1 yard to the USF 48,-1.4471815082345587,2025-10-19T00:41:24.000Z
401762490,4017624909,401762490102929301,9,3,Florida Atlantic,American Athletic,3,South Florida,American Athletic,21,South Florida,Florida Atlantic,2,"{'minutes': 7, 'seconds': 6}",3,1,48,48,3,5,1,False,Rush,Caden Veltkamp run for 1 yd to the USF 47,-0.8082387668534725,2025-10-19T00:41:34.000Z
401762490,4017624909,401762490102935101,9,4,Florida Atlantic,American Athletic,3,South Florida,American Athletic,21,South Florida,Florida Atlantic,2,"{'minutes': 6, 'seconds': 48}",3,1,47,47,4,4,9,False,Pass Reception,Caden Veltkamp pass complete to Asaad Waseem for 9 yds to the USF 38 for a 1ST down,2.887975845212837,2025-10-19T00:41:54.000Z
401762490,4017624909,401762490102937001,9,5,Florida Atlantic,American Athletic,3,South Florida,American Athletic,21,South Florida,Florida Atlantic,2,"{'minutes': 6, 'seconds': 29}",3,1,38,38,1,10,18,False,Pass Reception,Caden Veltkamp pass complete to Michael Kirch for 18 yds to the USF 20 for a 1ST down,0.476664919553489,2025-10-19T00:42:14.000Z
401762490,4017624909,401762490102938701,9,7,Florida Atlantic,American Athletic,3,South Florida,American Athletic,21,South Florida,Florida Atlantic,2,"{'minutes': 6, 'seconds': 12}",3,0,20,20,1,10,1,False,Rush,Gemari Sands run for 1 yd to the USF 19,-0.289944449954191,2025-10-19T00:44:25.000Z
401762490,4017624909,401762490102944501,9,8,Florida Atlantic,American Athletic,3,South Florida,American Athletic,21,South Florida,Florida Atlantic,2,"{'minutes': 5, 'seconds': 54}",3,0,19,19,2,9,0,False,Pass Incompletion,Caden Veltkamp pass incomplete to Asaad Waseem,-0.437632075588811,2025-10-19T00:44:45.000Z
401762490,4017624909,401762490102945001,9,9,Florida Atlantic,American Athletic,3,South Florida,American Athletic,21,South Florida,Florida Atlantic,2,"{'minutes': 5, 'seconds': 49}",3,0,19,19,3,9,0,False,Pass Incompletion,Caden Veltkamp pass incomplete to Asaad Waseem,-0.670831592610355,2025-10-19T00:45:25.000Z
401762490,40176249023,401762490104965901,23,8,South Florida,American Athletic,45,Florida Atlantic,American Athletic,13,South Florida,Florida Atlantic,4,"{'minutes': 3, 'seconds': 40}",0,3,93,7,3,7,-10,False,Penalty,"(03:44) No Huddle-Shotgun Moore,Gaston pass complete short right to Reuben,Mudia caught at FAU00, for 7 yards to the FAU00 TOUCHDOWN nullified by penalty, clock 03:40 PENALTY USF Holding (Best,Cole) 10 yards from FAU07 to FAU17. NO PLAY.",,2025-10-19T02:55:03.000Z
401762490,40176249023,401762490104974501,23,10,South Florida,American Athletic,45,Florida Atlantic,American Athletic,13,South Florida,Florida Atlantic,4,"{'minutes': 2, 'seconds': 54}",-1,3,90,10,4,10,0,False,Timeout,"Timeout South Florida, clock 02:54",,2025-10-19T02:56:43.000Z
401762490,40176249023,401762490104974901,23,11,South Florida,American Athletic,48,Florida Atlantic,American Athletic,13,South Florida,Florida Atlantic,4,"{'minutes': 2, 'seconds': 50}",-1,3,90,10,4,10,28,True,Field Goal Good,Nico Gramatica 28 yd FG GOOD,,2025-10-19T02:57:44.000Z
401762490,40176249023,401762490104924801,23,1,South Florida,American Athletic,45,Florida Atlantic,American Athletic,13,South Florida,Florida Atlantic,4,"{'minutes': 7, 'seconds': 51}",0,3,69,31,1,10,5,False,Rush,Nykahi Davenport run for 5 yds to the FAU 26,0.0783240996557135,2025-10-19T02:50:54.000Z
401762490,40176249023,401762490104927401,23,2,South Florida,American Athletic,45,Florida Atlantic,American Athletic,13,South Florida,Florida Atlantic,4,"{'minutes': 7, 'seconds': 25}",0,3,74,26,2,5,4,False,Rush,Gaston Moore run for 4 yds to the FAU 22,-0.0513588404648415,2025-10-19T02:51:15.000Z
401762490,40176249023,401762490104929901,23,3,South Florida,American Athletic,45,Florida Atlantic,American Athletic,13,South Florida,Florida Atlantic,4,"{'minutes': 7, 'seconds': 0}",0,3,78,22,3,1,5,False,Rush,Nykahi Davenport run for 5 yds to the FAU 17 for a 1ST down,0.235077808097662,2025-10-19T02:51:43.000Z
401762490,40176249023,401762490104938901,23,4,South Florida,American Athletic,45,Florida Atlantic,American Athletic,13,South Florida,Florida Atlantic,4,"{'minutes': 6, 'seconds': 10}",0,3,83,17,1,10,2,False,Rush,Nykahi Davenport run for 2 yds to the FAU 15,-0.1885388219160615,2025-10-19T02:52:33.000Z
401762490,40176249023,401762490104947301,23,5,South Florida,American Athletic,45,Florida Atlantic,American Athletic,13,South Florida,Florida Atlantic,4,"{'minutes': 5, 'seconds': 26}",0,3,85,15,2,8,8,False,Rush,Sam Franklin run for 8 yds to the FAU 7 for a 1ST down,0.5716872943732645,2025-10-19T02:53:13.000Z
401762490,40176249023,401762490104949101,23,6,South Florida,American Athletic,45,Florida Atlantic,American Athletic,13,South Florida,Florida Atlantic,4,"{'minutes': 5, 'seconds': 8}",0,3,93,7,1,7,3,False,Rush,Sam Franklin run for 3 yds to the FAU 4,-0.1371356101207495,2025-10-19T02:53:33.000Z
401762490,40176249023,401762490104958501,23,7,South Florida,American Athletic,45,Florida Atlantic,American Athletic,13,South Florida,Florida Atlantic,4,"{'minutes': 4, 'seconds': 14}",0,3,96,4,2,4,-3,False,Rush,Gaston Moore run for a loss of 3 yards to the FAU 7,-0.5507043882723915,2025-10-19T02:54:33.000Z
401762490,40176249023,401762490104966701,23,9,South Florida,American Athletic,45,Florida Atlantic,American Athletic,13,South Florida,Florida Atlantic,4,"{'minutes': 3, 'seconds': 32}",0,3,83,17,3,17,7,False,Pass Reception,Gaston Moore pass complete to Jonathan Echols for 7 yds to the FAU 10,0.297625691560331,2025-10-19T02:56:13.000Z
401762490,40176249024,401762490104974902,24,1,South Florida,American Athletic,48,Florida Atlantic,American Athletic,13,South Florida,Florida Atlantic,4,"{'minutes': 2, 'seconds': 50}",-1,3,35,65,1,10,0,False,Kickoff,Adam Zouagui kickoff for 65 yds for a touchback,,2025-10-19T02:57:44.000Z
401762490,40176249024,401762490104999903,24,16,Florida Atlantic,American Athletic,13,South Florida,American Athletic,48,South Florida,Florida Atlantic,4,"{'minutes': 0, 'seconds': 0}",3,-3,9,9,0,5,0,False,End of Game,End of 4th Quarter,,2025-10-19T03:10:08.000Z
401762490,40176249024,401762490104979902,24,5,Florida Atlantic,American Athletic,13,South Florida,American Athletic,48,South Florida,Florida Atlantic,4,"{'minutes': 2, 'seconds': 0}",3,-2,67,67,4,2,0,False,Timeout,"Timeout South Florida, clock 02:00",,2025-10-19T03:00:54.000Z
401762490,40176249024,401762490104988302,24,9,Florida Atlantic,American Athletic,13,South Florida,American Athletic,48,South Florida,Florida Atlantic,4,"{'minutes': 1, 'seconds': 16}",3,-3,41,41,1,10,0,False,Timeout,"Timeout South Florida, clock 01:16",,2025-10-19T03:05:15.000Z
401762490,40176249024,401762490104988301,24,8,Florida Atlantic,American Athletic,13,South Florida,American Athletic,48,South Florida,Florida Atlantic,4,"{'minutes': 1, 'seconds': 16}",3,-2,61,61,2,12,20,False,Pass Reception,Jordan Magwood pass complete to Joseph Young for 20 yds to the USF 41 for a 1ST down,2.940692910598025,2025-10-19T03:05:15.000Z
401762490,40176249024,401762490104989801,24,10,Florida Atlantic,American Athletic,13,South Florida,American Athletic,48,South Florida,Florida Atlantic,4,"{'minutes': 1, 'seconds': 1}",3,-3,41,41,1,10,5,False,Rush,Jordan Magwood run for 5 yds to the USF 36,0.0885892770886229,2025-10-19T03:07:05.000Z
401762490,40176249024,401762490104994601,24,11,Florida Atlantic,American Athletic,13,South Florida,American Athletic,48,South Florida,Florida Atlantic,4,"{'minutes': 0, 'seconds': 53}",3,-3,36,36,2,5,5,False,Pass Reception,Jordan Magwood pass complete to Jade Card for 5 yds to the USF 31 for a 1ST down,0.3099841787349485,2025-10-19T03:07:45.000Z
401762490,40176249024,401762490104976501,24,2,Florida Atlantic,American Athletic,13,South Florida,American Athletic,48,South Florida,Florida Atlantic,4,"{'minutes': 2, 'seconds': 34}",3,-1,75,75,1,10,3,False,Rush,Jordan Magwood run for 3 yds to the FAU 28,-0.2957674139440157,2025-10-19T02:59:56.000Z
401762490,40176249024,401762490104978801,24,3,Florida Atlantic,American Athletic,13,South Florida,American Athletic,48,South Florida,Florida Atlantic,4,"{'minutes': 2, 'seconds': 11}",3,-1,72,72,2,7,0,False,Pass Incompletion,Jordan Magwood pass incomplete to Joseph Young,-0.5594317282120231,2025-10-19T03:00:24.000Z
401762490,40176249024,401762490104979901,24,4,Florida Atlantic,American Athletic,13,South Florida,American Athletic,48,South Florida,Florida Atlantic,4,"{'minutes': 2, 'seconds': 0}",3,-1,72,72,3,7,5,False,Pass Reception,Jordan Magwood pass complete to Martavious Collins for 5 yds to the FAU 33,0.03429729127444769,2025-10-19T03:00:54.000Z
401762490,40176249024,401762490104984601,24,6,Florida Atlantic,American Athletic,13,South Florida,American Athletic,48,South Florida,Florida Atlantic,4,"{'minutes': 1, 'seconds': 53}",3,-2,67,67,4,2,8,False,Rush,Jordan Magwood run for 8 yds to the FAU 41 for a 1ST down,2.2396446208044853,2025-10-19T03:04:15.000Z
401762490,40176249024,401762490104986201,24,7,Florida Atlantic,American Athletic,13,South Florida,American Athletic,48,South Florida,Florida Atlantic,4,"{'minutes': 1, 'seconds': 37}",3,-2,59,59,1,10,2,False,Pass Reception,Jordan Magwood pass complete to Ethan Ervin for 2 yds to the FAU 39,-0.6841550241957303,2025-10-19T03:04:45.000Z
401762490,40176249024,401762490104995601,24,12,Florida Atlantic,American Athletic,13,South Florida,American Athletic,48,South Florida,Florida Atlantic,4,"{'minutes': 0, 'seconds': 43}",3,-3,31,31,1,10,0,False,Pass Incompletion,Jordan Magwood pass incomplete to Jabari Smith Jr.,-0.5824837756999947,2025-10-19T03:08:05.000Z
401762490,40176249024,401762490104996401,24,13,Florida Atlantic,American Athletic,13,South Florida,American Athletic,48,South Florida,Florida Atlantic,4,"{'minutes': 0, 'seconds': 35}",3,-3,31,31,2,10,0,False,Pass Reception,Jordan Magwood pass complete to Jade Card for no gain to the USF 31,-0.7953313095977654,2025-10-19T03:08:45.000Z
401762490,40176249024,401762490104998601,24,14,Florida Atlantic,American Athletic,13,South Florida,American Athletic,48,South Florida,Florida Atlantic,4,"{'minutes': 0, 'seconds': 13}",3,-3,31,31,3,10,17,False,Pass Reception,Jordan Magwood pass complete to Jabari Smith Jr. for 17 yds to the USF 14 for a 1ST down,1.6714780801916265,2025-10-19T03:09:15.000Z
401762490,40176249024,401762490104999901,24,15,Florida Atlantic,American Athletic,13,South Florida,American Athletic,48,South Florida,Florida Atlantic,4,"{'minutes': 0, 'seconds': 0}",3,-3,14,14,1,10,5,False,Rush,Ethan Ervin run for 5 yds to the USF 9,0.0745432474784075,2025-10-19T03:10:08.000Z
401762493,4017624932,40176249353,1,12,Florida Atlantic,American Athletic,7,Navy,American Athletic,0,Navy,Florida Atlantic,1,"{'minutes': 12, 'seconds': 17}",3,3,43,43,2,15,43,True,Pass Reception,"(12:21) No Huddle-Shotgun #10 C.Veltkamp pass complete deep middle to #3 J.Platt caught at Navy01, for 43 yards to the Navy00 TOUCHDOWN, clock 12:17, 1ST DOWN #37 G.Smith kick attempt good (H: #19 L.Lupo, LS: #43 J.Lee)",4.9213754965481655,2025-10-25T19:43:36.000Z
401762493,4017624932,4017624933,1,1,Navy,American Athletic,0,Florida Atlantic,American Athletic,0,Navy,Florida Atlantic,1,"{'minutes': 15, 'seconds': 0}",3,3,35,65,1,10,0,False,Kickoff,"(15:00) #99 L.Gossett kickoff 65 yards to the FAU00, Touchback",,2025-10-25T19:36:18.000Z
401762493,4017624932,40176249350,1,11,Florida Atlantic,American Athletic,0,Navy,American Athletic,0,Navy,Florida Atlantic,1,"{'minutes': 12, 'seconds': 23}",3,3,38,38,2,10,5,False,Penalty,PENALTY FAU False Start (#66 S.Jean) 5 yards from Navy38 to Navy43. NO PLAY,,2025-10-25T19:42:54.000Z
401762493,4017624932,40176249312,1,2,Florida Atlantic,American Athletic,0,Navy,American Athletic,0,Navy,Florida Atlantic,1,"{'minutes': 14, 'seconds': 55}",3,3,75,75,1,10,3,False,Rush,(14:59) Shotgun #28 K.Shields-Dutton rush middle for 3 yards gain to the FAU28 (#96 L.Robinson),-0.2957674139440157,2025-10-25T19:39:01.000Z
401762493,4017624932,40176249316,1,3,Florida Atlantic,American Athletic,0,Navy,American Athletic,0,Navy,Florida Atlantic,1,"{'minutes': 14, 'seconds': 38}",3,3,72,72,2,7,0,False,Pass Incompletion,(14:38) No Huddle-Shotgun #10 C.Veltkamp pass incomplete short left to #9 D.Henry thrown to FAU38,-0.5594317282120231,2025-10-25T19:39:21.000Z
401762493,4017624932,40176249319,1,4,Florida Atlantic,American Athletic,0,Navy,American Athletic,0,Navy,Florida Atlantic,1,"{'minutes': 14, 'seconds': 28}",3,3,72,72,3,7,10,False,Pass Reception,"(14:36) No Huddle-Shotgun #10 C.Veltkamp pass complete short right to #28 K.Shields-Dutton caught at FAU25, for 10 yards to the FAU38 (#16 G.Sessi; #28 B.Allen), out of bounds, 1ST DOWN",1.9799506211978697,2025-10-25T19:39:55.000Z
401762493,4017624932,40176249324,1,5,Florida Atlantic,American Athletic,0,Navy,American Athletic,0,Navy,Florida Atlantic,1,"{'minutes': 14, 'seconds': 8}",3,3,62,62,1,10,14,False,Pass Reception,"(14:14) No Huddle-Shotgun #10 C.Veltkamp pass complete short left to #8 E.Messer caught at FAU35, for 14 yards to the Navy48 (#16 G.Sessi), out of bounds, 1ST DOWN",1.2667698043995337,2025-10-25T19:40:21.000Z
401762493,4017624932,40176249329,1,6,Florida Atlantic,American Athletic,0,Navy,American Athletic,0,Navy,Florida Atlantic,1,"{'minutes': 13, 'seconds': 43}",3,3,48,48,1,10,4,False,Rush,(13:53) No Huddle-Shotgun #10 C.Veltkamp rush middle for 4 yards gain to the Navy44 (#58 C.Cauley),-0.1319374071745773,2025-10-25T19:40:51.000Z
401762493,4017624932,40176249334,1,7,Florida Atlantic,American Athletic,0,Navy,American Athletic,0,Navy,Florida Atlantic,1,"{'minutes': 13, 'seconds': 32}",3,3,44,44,2,6,5,False,Pass Reception,"(13:35) No Huddle-Shotgun #10 C.Veltkamp pass complete short left to #0 A.Waseem caught at Navy45, for 5 yards to the Navy39 (#18 P.Hamilton), out of bounds",0.1011658861169183,2025-10-25T19:41:04.000Z
401762493,4017624932,40176249339,1,8,Florida Atlantic,American Athletic,0,Navy,American Athletic,0,Navy,Florida Atlantic,1,"{'minutes': 13, 'seconds': 16}",3,3,39,39,3,1,-1,False,Rush,(13:20) No Huddle-Shotgun #28 K.Shields-Dutton rush middle for 1 yard loss to the Navy40 (#49 A.Klenk; #58 C.Cauley),-1.375930670245326,2025-10-25T19:41:23.000Z
401762493,4017624932,40176249343,1,9,Florida Atlantic,American Athletic,0,Navy,American Athletic,0,Navy,Florida Atlantic,1,"{'minutes': 12, 'seconds': 36}",3,3,40,40,4,2,2,False,Rush,"(12:41) No Huddle-Shotgun #10 C.Veltkamp rush middle for 2 yards gain to the Navy38 (#56 M.Parker; #58 C.Cauley), 1ST DOWN",1.998343378997754,2025-10-25T19:42:02.000Z
401762493,4017624932,40176249347,1,10,Florida Atlantic,American Athletic,0,Navy,American Athletic,0,Navy,Florida Atlantic,1,"{'minutes': 12, 'seconds': 23}",3,3,38,38,1,10,0,False,Pass Incompletion,(12:24) No Huddle-Shotgun #10 C.Veltkamp pass incomplete short right to #8 E.Messer thrown to Navy40,-0.7828922522763084,2025-10-25T19:42:20.000Z
401762493,4017624934,40176249396,2,9,Navy,American Athletic,7,Florida Atlantic,American Athletic,7,Navy,Florida Atlantic,1,"{'minutes': 7, 'seconds': 38}",3,3,93,7,1,7,7,True,Rush,"(07:40) No Huddle #11 B.Horvath rush left for 7 yards gain to the FAU00 TOUCHDOWN, clock 07:38 #17 N.Kirkwood kick attempt good (H: #11 J.Carlson, LS: #92 R.Fry)",2.196754630327211,2025-10-25T19:53:02.000Z
401762493,4017624934,40176249361,2,1,Florida Atlantic,American Athletic,7,Navy,American Athletic,0,Navy,Florida Atlantic,1,"{'minutes': 12, 'seconds': 11}",3,3,65,65,1,10,28,False,Kickoff,(12:17) #42 A.Nelms kickoff 65 yards to the Navy00 #25 I.Bryant return 28 yards to the Navy28 (#43 H.Chavez),,2025-10-25T19:47:43.000Z
401762493,4017624934,40176249366,2,2,Navy,American Athletic,0,Florida Atlantic,American Athletic,7,Navy,Florida Atlantic,1,"{'minutes': 12, 'seconds': 5}",3,3,28,72,1,10,2,False,Rush,(12:09) #46 A.Tecza rush middle for 2 yards gain to the Navy30 (#6 L.Hart Jr.; #4 D.Williams),-0.5100717857614772,2025-10-25T19:48:33.000Z
401762493,4017624934,40176249370,2,3,Navy,American Athletic,0,Florida Atlantic,American Athletic,7,Navy,Florida Atlantic,1,"{'minutes': 11, 'seconds': 27}",3,3,30,70,2,8,21,False,Rush,"(11:35) No Huddle-Shotgun #11 B.Horvath rush left for 21 yards gain to the FAU49 (#32 D.McGhee), 1ST DOWN",2.603373946390281,2025-10-25T19:49:08.000Z
401762493,4017624934,40176249374,2,4,Navy,American Athletic,0,Florida Atlantic,American Athletic,7,Navy,Florida Atlantic,1,"{'minutes': 10, 'seconds': 45}",3,3,51,49,1,10,5,False,Rush,(10:48) No Huddle #46 A.Tecza rush middle for 5 yards gain to the FAU44 (#5 D.Batiste),0.1003706527461523,2025-10-25T19:49:54.000Z
401762493,4017624934,40176249378,2,5,Navy,American Athletic,0,Florida Atlantic,American Athletic,7,Navy,Florida Atlantic,1,"{'minutes': 10, 'seconds': 6}",3,3,56,44,2,5,4,False,Rush,(10:09) No Huddle-Shotgun #11 B.Horvath rush middle for 4 yards gain to the FAU40 (#44 T.Stolsky),-0.134731553471518,2025-10-25T19:50:33.000Z
401762493,4017624934,40176249382,2,6,Navy,American Athletic,0,Florida Atlantic,American Athletic,7,Navy,Florida Atlantic,1,"{'minutes': 9, 'seconds': 29}",3,3,60,40,3,1,2,False,Rush,"(09:31) No Huddle #11 B.Horvath rush middle for 2 yards gain to the FAU38 (#44 T.Stolsky; #1 C.Doggette Jr.), 1ST DOWN",0.702098803777426,2025-10-25T19:51:10.000Z
401762493,4017624934,40176249386,2,7,Navy,American Athletic,0,Florida Atlantic,American Athletic,7,Navy,Florida Atlantic,1,"{'minutes': 8, 'seconds': 46}",3,3,62,38,1,10,8,False,Rush,(08:53) No Huddle-Shotgun #24 B.Chatman rush right for 8 yards gain to the FAU30 (#44 T.Stolsky),0.605641975704613,2025-10-25T19:51:50.000Z
401762493,4017624934,40176249390,2,8,Navy,American Athletic,0,Florida Atlantic,American Athletic,7,Navy,Florida Atlantic,1,"{'minutes': 7, 'seconds': 59}",3,3,70,30,2,2,23,False,Pass Reception,"(08:15) No Huddle #11 B.Horvath pass complete deep middle to #24 B.Chatman caught at FAU10, for 23 yards to the FAU07 (#20 C.Keys Jr.), 1ST DOWN",0.292196042553364,2025-10-25T19:52:34.000Z
401762493,4017624936,401762493103,3,1,Navy,American Athletic,7,Florida Atlantic,American Athletic,7,Navy,Florida Atlantic,1,"{'minutes': 7, 'seconds': 38}",3,3,35,65,1,10,0,False,Kickoff,"(07:38) #99 L.Gossett kickoff 65 yards to the FAU00, Touchback",,2025-10-25T19:54:00.000Z
401762493,4017624936,401762493106,3,2,Florida Atlantic,American Athletic,7,Navy,American Athletic,7,Navy,Florida Atlantic,1,"{'minutes': 7, 'seconds': 30}",3,3,75,75,1,10,3,False,Pass Reception,"(07:37) Shotgun #10 C.Veltkamp pass complete short left to #8 E.Messer caught at FAU22, for 3 yards to the FAU28 (#18 P.Hamilton)",-0.2957674139440157,2025-10-25T19:57:41.000Z
401762493,4017624936,401762493111,3,3,Florida Atlantic,American Athletic,7,Navy,American Athletic,7,Navy,Florida Atlantic,1,"{'minutes': 7, 'seconds': 7}",3,3,72,72,2,7,0,False,Pass Incompletion,(07:09) No Huddle-Shotgun #10 C.Veltkamp pass incomplete short left to #23 G.Sands thrown to FAU29,-0.5594317282120231,2025-10-25T19:58:11.000Z
401762493,4017624936,401762493114,3,4,Florida Atlantic,American Athletic,7,Navy,American Athletic,7,Navy,Florida Atlantic,1,"{'minutes': 7, 'seconds': 1}",3,3,72,72,3,7,0,False,Sack,"(07:05) No Huddle-Shotgun #10 C.Veltkamp sacked for loss of 5 yards to the FAU23 (#49 A.Klenk), fumble by #10 C.Veltkamp recovered by Navy #56 M.Parker at FAU23, End Of Play",-0.26587881160037785,2025-10-25T19:58:57.000Z
401762493,4017624937,401762493127,4,2,Navy,American Athletic,14,Florida Atlantic,American Athletic,7,Navy,Florida Atlantic,1,"{'minutes': 6, 'seconds': 16}",3,3,84,16,2,3,16,True,Rush,"(06:21) No Huddle-Shotgun #5 B.Woodson rush left for 16 yards gain to the FAU00 TOUCHDOWN, clock 06:16, 1ST DOWN #17 N.Kirkwood kick attempt good (H: #11 J.Carlson, LS: #92 R.Fry)",2.342680571625605,2025-10-25T20:00:34.000Z
401762493,4017624937,401762493122,4,1,Navy,American Athletic,7,Florida Atlantic,American Athletic,7,Navy,Florida Atlantic,1,"{'minutes': 6, 'seconds': 46}",3,3,77,23,1,10,7,False,Pass Reception,"(06:58) No Huddle-Shotgun #11 B.Horvath pass complete short middle to #24 B.Chatman caught at FAU25, for 7 yards to the FAU16 (#20 C.Keys Jr.)",0.3212971064456235,2025-10-25T19:59:52.000Z
401762493,4017624939,401762493134,5,1,Navy,American Athletic,14,Florida Atlantic,American Athletic,7,Navy,Florida Atlantic,1,"{'minutes': 6, 'seconds': 10}",3,3,35,65,1,10,32,False,Kickoff,(06:16) #99 L.Gossett kickoff 65 yards to the FAU00 #3 J.Platt return 32 yards to the FAU32 (#18 P.Hamilton),,2025-10-25T20:04:28.000Z
401762493,4017624939,401762493145,5,3,Florida Atlantic,American Athletic,7,Navy,American Athletic,14,Navy,Florida Atlantic,1,"{'minutes': 5, 'seconds': 23}",2,3,68,68,1,10,0,False,Timeout,"Timeout Florida Atlantic, clock 05:23",,2025-10-25T20:06:03.000Z
401762493,4017624939,401762493178,5,10,Florida Atlantic,American Athletic,7,Navy,American Athletic,14,Navy,Florida Atlantic,1,"{'minutes': 2, 'seconds': 49}",2,3,7,7,3,4,5,False,Penalty,PENALTY FAU False Start (#19 B.Hoch) 5 yards from Navy07 to Navy12. NO PLAY,,2025-10-25T20:14:01.000Z
401762493,4017624939,401762493184,5,12,Florida Atlantic,American Athletic,10,Navy,American Athletic,14,Navy,Florida Atlantic,1,"{'minutes': 2, 'seconds': 35}",2,3,12,12,4,9,30,True,Field Goal Good,"(02:35) #37 G.Smith field goal attempt from 30 yards GOOD (H: #19 L.Lupo, LS: #43 J.Lee), clock 02:35",,2025-10-25T20:14:55.000Z
401762493,4017624939,401762493139,5,2,Florida Atlantic,American Athletic,7,Navy,American Athletic,14,Navy,Florida Atlantic,1,"{'minutes': 6, 'seconds': 0}",3,3,68,68,1,10,2,False,Rush,(06:07) No Huddle-Shotgun #23 G.Sands rush middle for 2 yards gain to the FAU34 (#39 J.Grant),-0.5836824413377926,2025-10-25T20:05:06.000Z
401762493,4017624939,401762493143,5,4,Florida Atlantic,American Athletic,7,Navy,American Athletic,14,Navy,Florida Atlantic,1,"{'minutes': 5, 'seconds': 19}",2,3,66,66,2,8,0,False,Pass Incompletion,(05:22) No Huddle-Shotgun #10 C.Veltkamp pass incomplete short right to #3 J.Platt thrown to FAU42,-0.6778990972831398,2025-10-25T20:07:05.000Z
401762493,4017624939,401762493147,5,5,Florida Atlantic,American Athletic,7,Navy,American Athletic,14,Navy,Florida Atlantic,1,"{'minutes': 5, 'seconds': 6}",2,3,66,66,3,8,7,False,Rush,(05:17) No Huddle-Shotgun #10 C.Veltkamp rush left for 7 yards gain to the FAU41 (#53 M.Bleazard),0.29218061496592457,2025-10-25T20:07:46.000Z
401762493,4017624939,401762493152,5,6,Florida Atlantic,American Athletic,7,Navy,American Athletic,14,Navy,Florida Atlantic,1,"{'minutes': 4, 'seconds': 58}",2,3,59,59,4,1,2,False,Rush,"(05:03) No Huddle-Shotgun #10 C.Veltkamp rush middle for 2 yards gain to the FAU43 (#96 L.Robinson), 1ST DOWN",2.023394941785541,2025-10-25T20:08:13.000Z
401762493,4017624939,401762493156,5,7,Florida Atlantic,American Athletic,7,Navy,American Athletic,14,Navy,Florida Atlantic,1,"{'minutes': 4, 'seconds': 5}",2,3,57,57,1,10,44,False,Pass Reception,"(04:18) No Huddle-Shotgun #10 C.Veltkamp pass complete deep middle to #3 J.Platt caught at Navy15, for 44 yards to the Navy13 (#28 B.Allen), 1ST DOWN",1.9263874824654794,2025-10-25T20:08:57.000Z
401762493,4017624939,401762493161,5,8,Florida Atlantic,American Athletic,7,Navy,American Athletic,14,Navy,Florida Atlantic,1,"{'minutes': 3, 'seconds': 44}",2,3,13,13,1,10,4,False,Rush,"(03:52) No Huddle-Shotgun #10 C.Veltkamp rush middle for 4 yards gain to the Navy09, End Of Play",-0.017336858055032,2025-10-25T20:09:31.000Z
401762493,4017624939,401762493170,5,9,Florida Atlantic,American Athletic,7,Navy,American Athletic,14,Navy,Florida Atlantic,1,"{'minutes': 3, 'seconds': 28}",2,3,9,9,2,6,2,False,Pass Reception,"(03:33) Shotgun #10 C.Veltkamp pass complete short left to #8 E.Messer caught at Navy11, for 2 yards to the Navy07 (#3 I.Oniha), out of bounds",-0.177871782476252,2025-10-25T20:13:03.000Z
401762493,4017624939,401762493181,5,11,Florida Atlantic,American Athletic,7,Navy,American Athletic,14,Navy,Florida Atlantic,1,"{'minutes': 2, 'seconds': 39}",2,3,12,12,3,9,0,False,Pass Incompletion,(02:42) No Huddle-Shotgun #10 C.Veltkamp pass incomplete short middle to #0 A.Waseem thrown to Navy00,-0.464914983739831,2025-10-25T20:14:16.000Z
401762493,40176249311,401762493238,6,13,Navy,American Athletic,21,Florida Atlantic,American Athletic,10,Navy,Florida Atlantic,2,"{'minutes': 11, 'seconds': 45}",3,2,93,7,2,7,7,True,Rush,"(11:48) No Huddle-Shotgun #11 B.Horvath rush middle for 7 yards gain to the FAU00 TOUCHDOWN, clock 11:45 #17 N.Kirkwood kick attempt good (H: #11 J.Carlson, LS: #92 R.Fry)",2.607148468017737,2025-10-25T20:29:22.000Z
401762493,40176249311,401762493187,6,1,Florida Atlantic,American Athletic,10,Navy,American Athletic,14,Navy,Florida Atlantic,1,"{'minutes': 2, 'seconds': 35}",2,3,65,65,1,10,0,False,Kickoff,"(02:35) #42 A.Nelms kickoff 65 yards to the Navy00, Touchback",,2025-10-25T20:14:57.000Z
401762493,40176249311,401762493190,6,2,Navy,American Athletic,14,Florida Atlantic,American Athletic,10,Navy,Florida Atlantic,1,"{'minutes': 2, 'seconds': 23}",3,2,25,75,1,10,15,False,Rush,"(02:30) #24 B.Chatman rush left for 15 yards gain to the Navy40 (#20 C.Keys Jr.), 1ST DOWN",1.320854515577646,2025-10-25T20:18:46.000Z
401762493,40176249311,401762493194,6,3,Navy,American Athletic,14,Florida Atlantic,American Athletic,10,Navy,Florida Atlantic,1,"{'minutes': 1, 'seconds': 52}",3,2,40,60,1,10,15,False,Rush,"(01:58) No Huddle-Shotgun #11 B.Horvath rush right for 15 yards gain to the FAU45 (#4 D.Williams), 1ST DOWN",1.2803865190766075,2025-10-25T20:19:16.000Z
401762493,40176249311,401762493198,6,4,Navy,American Athletic,14,Florida Atlantic,American Athletic,10,Navy,Florida Atlantic,1,"{'minutes': 1, 'seconds': 11}",3,2,55,45,1,10,3,False,Rush,(01:18) No Huddle-Shotgun #11 B.Horvath rush middle for 3 yards gain to the FAU42 (#23 D.Allen; #6 L.Hart Jr.),-0.3299594446081446,2025-10-25T20:19:58.000Z
401762493,40176249311,401762493202,6,5,Navy,American Athletic,14,Florida Atlantic,American Athletic,10,Navy,Florida Atlantic,1,"{'minutes': 0, 'seconds': 39}",3,2,58,42,2,7,6,False,Rush,(00:45) No Huddle-Shotgun #46 A.Tecza rush middle for 6 yards gain to the FAU36 (#30 K.Johnson),0.3104531103526006,2025-10-25T20:20:29.000Z
401762493,40176249311,401762493206,6,6,Navy,American Athletic,14,Florida Atlantic,American Athletic,10,Navy,Florida Atlantic,1,"{'minutes': 0, 'seconds': 16}",3,2,64,36,3,1,9,False,Rush,"(00:16) No Huddle #46 A.Tecza rush middle for 9 yards gain to the FAU27 (#20 C.Keys Jr.), 1ST DOWN. #46 A.Tecza injured on the play",0.754739577931126,2025-10-25T20:20:59.000Z
401762493,40176249311,401762493212,6,7,Navy,American Athletic,14,Florida Atlantic,American Athletic,10,Navy,Florida Atlantic,1,"{'minutes': 0, 'seconds': 0}",3,2,64,36,3,1,9,False,End Period,End of 1st quarter.,0.754739577931126,2025-10-25T20:22:02.000Z
401762493,40176249311,401762493216,6,8,Navy,American Athletic,14,Florida Atlantic,American Athletic,10,Navy,Florida Atlantic,2,"{'minutes': 14, 'seconds': 54}",3,2,73,27,1,10,2,False,Rush,(14:58) Shotgun #22 E.Heidenreich rush right for 2 yards gain to the FAU25 (#10 E.Brantley Jr),-0.262946006262057,2025-10-25T20:26:04.000Z
401762493,40176249311,401762493222,6,9,Navy,American Athletic,14,Florida Atlantic,American Athletic,10,Navy,Florida Atlantic,2,"{'minutes': 14, 'seconds': 16}",3,2,75,25,2,8,6,False,Rush,(14:19) No Huddle #46 A.Tecza rush middle for 6 yards gain to the FAU19 (#30 K.Johnson),0.1771785358377365,2025-10-25T20:26:44.000Z
401762493,40176249311,401762493226,6,10,Navy,American Athletic,14,Florida Atlantic,American Athletic,10,Navy,Florida Atlantic,2,"{'minutes': 13, 'seconds': 34}",3,2,81,19,3,2,0,False,Rush,(13:44) No Huddle #11 B.Horvath rush left for 0 yards to the FAU19 (#6 L.Hart Jr.),-0.5662281391123595,2025-10-25T20:27:18.000Z
401762493,40176249311,401762493230,6,11,Navy,American Athletic,14,Florida Atlantic,American Athletic,10,Navy,Florida Atlantic,2,"{'minutes': 13, 'seconds': 2}",3,2,81,19,4,2,11,False,Rush,"(13:07) No Huddle #24 B.Chatman rush right for 11 yards gain to the FAU08 (#20 C.Keys Jr.), out of bounds, 1ST DOWN",1.073676882228474,2025-10-25T20:27:57.000Z
401762493,40176249311,401762493234,6,12,Navy,American Athletic,14,Florida Atlantic,American Athletic,10,Navy,Florida Atlantic,2,"{'minutes': 12, 'seconds': 23}",3,2,92,8,1,8,1,False,Rush,(12:26) No Huddle #46 A.Tecza rush middle for 1 yard gain to the FAU07 (#32 D.McGhee),-0.287548899318045,2025-10-25T20:28:41.000Z
401762493,40176249313,401762493245,7,1,Navy,American Athletic,21,Florida Atlantic,American Athletic,10,Navy,Florida Atlantic,2,"{'minutes': 11, 'seconds': 41}",3,2,35,65,1,10,14,False,Kickoff,(11:45) #99 L.Gossett kickoff 57 yards to the FAU08 #3 J.Platt return 14 yards to the FAU22 (#20 T.Gillis),,2025-10-25T20:33:14.000Z
401762493,40176249313,401762493282,7,9,Florida Atlantic,American Athletic,10,Navy,American Athletic,21,Navy,Florida Atlantic,2,"{'minutes': 8, 'seconds': 17}",2,3,15,15,3,3,5,False,Penalty,PENALTY FAU False Start (#75 M.Hinds) 5 yards from Navy15 to Navy20. NO PLAY,,2025-10-25T20:37:32.000Z
401762493,40176249313,401762493287,7,10,Florida Atlantic,American Athletic,10,Navy,American Athletic,21,Navy,Florida Atlantic,2,"{'minutes': 7, 'seconds': 50}",1,3,15,15,3,3,0,False,Timeout,"Timeout Florida Atlantic, clock 07:50",,2025-10-25T20:38:26.000Z
401762493,40176249313,401762493289,7,12,Florida Atlantic,American Athletic,13,Navy,American Athletic,21,Navy,Florida Atlantic,2,"{'minutes': 7, 'seconds': 37}",1,3,20,20,4,8,38,True,Field Goal Good,"(07:37) #37 G.Smith field goal attempt from 38 yards GOOD (H: #19 L.Lupo, LS: #43 J.Lee), clock 07:37",,2025-10-25T20:40:15.000Z
401762493,40176249313,401762493250,7,2,Florida Atlantic,American Athletic,10,Navy,American Athletic,21,Navy,Florida Atlantic,2,"{'minutes': 11, 'seconds': 32}",2,3,78,78,1,10,21,False,Pass Reception,"(11:38) Shotgun #10 C.Veltkamp pass complete short left to #9 D.Henry caught at FAU29, for 21 yards to the FAU43 (#56 M.Parker), 1ST DOWN",1.8066681048297957,2025-10-25T20:33:59.000Z
401762493,40176249313,401762493255,7,3,Florida Atlantic,American Athletic,10,Navy,American Athletic,21,Navy,Florida Atlantic,2,"{'minutes': 11, 'seconds': 13}",2,3,57,57,1,10,6,False,Pass Reception,"(11:22) No Huddle-Shotgun #10 C.Veltkamp pass complete short right to #3 J.Platt caught at FAU47, for 6 yards to the FAU49, out of bounds at FAU49",0.391648506498802,2025-10-25T20:34:15.000Z
401762493,40176249313,401762493260,7,4,Florida Atlantic,American Athletic,10,Navy,American Athletic,21,Navy,Florida Atlantic,2,"{'minutes': 10, 'seconds': 40}",2,3,51,51,2,4,2,False,Rush,(10:47) No Huddle-Shotgun #23 G.Sands rush middle for 2 yards gain to the Navy49 (#96 L.Robinson),-0.723936165444119,2025-10-25T20:34:51.000Z
401762493,40176249313,401762493264,7,5,Florida Atlantic,American Athletic,10,Navy,American Athletic,21,Navy,Florida Atlantic,2,"{'minutes': 10, 'seconds': 15}",2,3,49,49,3,2,8,False,Rush,"(10:23) No Huddle-Shotgun #23 G.Sands rush middle for 8 yards gain to the Navy41 (#16 G.Sessi), out of bounds, 1ST DOWN",1.557084730560124,2025-10-25T20:35:16.000Z
401762493,40176249313,401762493268,7,6,Florida Atlantic,American Athletic,10,Navy,American Athletic,21,Navy,Florida Atlantic,2,"{'minutes': 9, 'seconds': 39}",2,3,41,41,1,10,19,False,Pass Reception,"(09:50) No Huddle-Shotgun #10 C.Veltkamp pass complete short right to #8 E.Messer caught at Navy25, for 19 yards to the Navy22 (#28 B.Allen; #58 C.Cauley), 1ST DOWN",0.5928968592480593,2025-10-25T20:35:54.000Z
401762493,40176249313,401762493273,7,7,Florida Atlantic,American Athletic,10,Navy,American Athletic,21,Navy,Florida Atlantic,2,"{'minutes': 9, 'seconds': 23}",2,3,22,22,1,10,2,False,Rush,(09:27) No Huddle-Shotgun #23 G.Sands rush middle for 2 yards gain to the Navy20 (#58 C.Cauley; #14 J.Campbell),-0.218895918192836,2025-10-25T20:36:14.000Z
401762493,40176249313,401762493277,7,8,Florida Atlantic,American Athletic,10,Navy,American Athletic,21,Navy,Florida Atlantic,2,"{'minutes': 8, 'seconds': 47}",2,3,20,20,2,8,5,False,Pass Reception,"(08:51) No Huddle-Shotgun #10 C.Veltkamp pass complete short left to #8 E.Messer caught at Navy23, for 5 yards to the Navy15 (#18 P.Hamilton; #16 G.Sessi), out of bounds",0.055456896462639,2025-10-25T20:36:51.000Z
401762493,40176249313,401762493285,7,11,Florida Atlantic,American Athletic,10,Navy,American Athletic,21,Navy,Florida Atlantic,2,"{'minutes': 7, 'seconds': 42}",1,3,20,20,3,8,0,False,Pass Incompletion,(07:48) No Huddle-Shotgun #10 C.Veltkamp pass incomplete short right thrown to Navy20 QB hurried by #49 A.Klenk,-0.6753287328746875,2025-10-25T20:39:35.000Z
401762493,40176249315,401762493292,8,1,Florida Atlantic,American Athletic,13,Navy,American Athletic,21,Navy,Florida Atlantic,2,"{'minutes': 7, 'seconds': 29}",1,3,65,65,1,10,31,False,Kickoff,"(07:37) #42 A.Nelms kickoff 64 yards to the Navy01 #25 I.Bryant return 35 yards to the Navy36 (#42 A.Nelms), out of bounds PENALTY Navy Personal Foul (#81 W.Miller) 15 yards from Navy32 to Navy17",,2025-10-25T20:43:22.000Z
401762493,40176249315,401762493298,8,2,Navy,American Athletic,21,Florida Atlantic,American Athletic,13,Navy,Florida Atlantic,2,"{'minutes': 7, 'seconds': 20}",3,1,17,83,1,10,23,False,Rush,"(07:26) Shotgun #24 B.Chatman rush right for 23 yards gain to the Navy40 (#20 C.Keys Jr.), 1ST DOWN",1.778281978407982,2025-10-25T20:45:03.000Z
401762493,40176249315,401762493302,8,3,Navy,American Athletic,21,Florida Atlantic,American Athletic,13,Navy,Florida Atlantic,2,"{'minutes': 6, 'seconds': 45}",3,1,40,60,1,10,-6,False,Rush,"(06:48) No Huddle Navy rush middle for 6 yards loss to the Navy34 fumbled by Navy at Navy39 recovered by FAU #11 G.Marcelin at Navy34, End Of Play",-2.0223051237121608,2025-10-25T20:45:44.000Z
401762493,40176249316,401762493319,9,1,Florida Atlantic,American Athletic,13,Navy,American Athletic,21,Navy,Florida Atlantic,2,"{'minutes': 6, 'seconds': 31}",1,3,34,34,1,10,10,False,Penalty,PENALTY FAU Holding (#23 G.Sands) 10 yards from Navy34 to Navy44. NO PLAY,,2025-10-25T20:47:25.000Z
401762493,40176249316,401762493334,9,5,Florida Atlantic,American Athletic,13,Navy,American Athletic,21,Navy,Florida Atlantic,2,"{'minutes': 5, 'seconds': 31}",1,3,43,43,4,19,0,False,Punt,(05:31) #19 L.Lupo punt 40 yards to the Navy03,,2025-10-25T20:50:40.000Z
401762493,40176249316,401762493322,9,2,Florida Atlantic,American Athletic,13,Navy,American Athletic,21,Navy,Florida Atlantic,2,"{'minutes': 6, 'seconds': 2}",1,3,44,44,1,20,0,False,Pass Incompletion,(06:29) No Huddle-Shotgun #10 C.Veltkamp pass incomplete short right to #89 M.Kirch thrown to Navy45 broken up by #35 L.Pirris,-1.0127225801435602,2025-10-25T20:48:58.000Z
401762493,40176249316,401762493326,9,3,Florida Atlantic,American Athletic,13,Navy,American Athletic,21,Navy,Florida Atlantic,2,"{'minutes': 5, 'seconds': 51}",1,3,44,44,2,20,1,False,Pass Reception,"(06:00) No Huddle-Shotgun #10 C.Veltkamp pass complete short left to #9 D.Henry caught at Navy47, for 1 yard to the Navy43 (#13 A.Duhart; #58 C.Cauley)",-0.6806655369592542,2025-10-25T20:49:33.000Z
401762493,40176249316,401762493331,9,4,Florida Atlantic,American Athletic,13,Navy,American Athletic,21,Navy,Florida Atlantic,2,"{'minutes': 5, 'seconds': 40}",1,3,43,43,3,19,0,False,Pass Incompletion,(05:42) No Huddle-Shotgun #10 C.Veltkamp pass incomplete short middle to #0 A.Waseem thrown to Navy29,-0.5711263680388257,2025-10-25T20:49:52.000Z
401762493,40176249317,401762493388,10,14,Navy,American Athletic,21,Florida Atlantic,American Athletic,13,Navy,Florida Atlantic,2,"{'minutes': 0, 'seconds': 19}",1,1,97,3,2,3,0,False,Timeout,"Timeout Navy, clock 00:19",,2025-10-25T21:05:07.000Z
401762493,40176249317,401762493365,10,7,Navy,American Athletic,21,Florida Atlantic,American Athletic,13,Navy,Florida Atlantic,2,"{'minutes': 2, 'seconds': 0}",3,1,66,34,1,10,0,False,Timeout,"Timeout , clock 02:00",,2025-10-25T20:57:35.000Z
401762493,40176249317,401762493383,10,12,Navy,American Athletic,21,Florida Atlantic,American Athletic,13,Navy,Florida Atlantic,2,"{'minutes': 0, 'seconds': 22}",2,1,95,5,1,5,0,False,Timeout,"Timeout Navy, clock 00:22",,2025-10-25T21:03:40.000Z
401762493,40176249317,401762493394,10,18,Florida Atlantic,American Athletic,13,Navy,American Athletic,21,Navy,Florida Atlantic,2,"{'minutes': 0, 'seconds': 3}",0,0,99,99,3,1,0,False,Timeout,"Timeout Florida Atlantic, clock 00:03",,2025-10-25T21:07:30.000Z
401762493,40176249317,401762493393,10,17,Navy,American Athletic,21,Florida Atlantic,American Athletic,13,Navy,Florida Atlantic,2,"{'minutes': 0, 'seconds': 3}",0,1,99,1,3,1,0,False,Timeout,"Timeout Navy, clock 00:03",,2025-10-25T21:06:15.000Z
401762493,40176249317,401762493338,10,1,Navy,American Athletic,21,Florida Atlantic,American Athletic,13,Navy,Florida Atlantic,2,"{'minutes': 5, 'seconds': 24}",3,1,3,97,1,10,25,False,Rush,"(05:29) No Huddle #24 B.Chatman rush right for 25 yards gain to the Navy28 (#4 D.Williams), out of bounds, 1ST DOWN",1.1018858494738488,2025-10-25T20:53:45.000Z
401762493,40176249317,401762493342,10,2,Navy,American Athletic,21,Florida Atlantic,American Athletic,13,Navy,Florida Atlantic,2,"{'minutes': 4, 'seconds': 49}",3,1,28,72,1,10,12,False,Rush,"(04:54) Shotgun #24 B.Chatman rush left for 12 yards gain to the Navy40 (#11 G.Marcelin), 1ST DOWN",1.0987321081223769,2025-10-25T20:54:27.000Z
401762493,40176249317,401762493346,10,3,Navy,American Athletic,21,Florida Atlantic,American Athletic,13,Navy,Florida Atlantic,2,"{'minutes': 4, 'seconds': 10}",3,1,40,60,1,10,13,False,Rush,"(04:14) No Huddle #11 B.Horvath rush right for 13 yards gain to the FAU47 (#44 T.Stolsky), 1ST DOWN",1.1436983628772455,2025-10-25T20:55:06.000Z
401762493,40176249317,401762493350,10,4,Navy,American Athletic,21,Florida Atlantic,American Athletic,13,Navy,Florida Atlantic,2,"{'minutes': 3, 'seconds': 31}",3,1,53,47,1,10,7,False,Pass Reception,"(03:36) No Huddle #11 B.Horvath pass complete short right to #24 B.Chatman caught at FAU44, for 7 yards to the FAU40 (#32 D.McGhee)",0.5447460725225992,2025-10-25T20:55:45.000Z
401762493,40176249317,401762493355,10,5,Navy,American Athletic,21,Florida Atlantic,American Athletic,13,Navy,Florida Atlantic,2,"{'minutes': 3, 'seconds': 0}",3,1,60,40,2,3,6,False,Rush,"(03:06) No Huddle #46 A.Tecza rush middle for 6 yards gain to the FAU34 (#20 C.Keys Jr.; #6 L.Hart Jr.), 1ST DOWN",0.1317300078301608,2025-10-25T20:56:19.000Z
401762493,40176249317,401762493359,10,6,Navy,American Athletic,21,Florida Atlantic,American Athletic,13,Navy,Florida Atlantic,2,"{'minutes': 2, 'seconds': 20}",3,1,66,34,1,10,10,False,Rush,"(02:26) No Huddle-Shotgun #11 B.Horvath rush right for 10 yards gain to the FAU24 (#6 L.Hart Jr.; #8 C.Tooley III), 1ST DOWN",0.255288212306695,2025-10-25T20:56:59.000Z
401762493,40176249317,401762493363,10,8,Navy,American Athletic,21,Florida Atlantic,American Athletic,13,Navy,Florida Atlantic,2,"{'minutes': 1, 'seconds': 52}",3,1,76,24,1,10,4,False,Rush,(01:57) Shotgun #22 E.Heidenreich rush right for 4 yards gain to the FAU20 (#6 L.Hart Jr.),-0.0334632336053265,2025-10-25T21:00:38.000Z
401762493,40176249317,401762493368,10,9,Navy,American Athletic,21,Florida Atlantic,American Athletic,13,Navy,Florida Atlantic,2,"{'minutes': 1, 'seconds': 13}",3,1,80,20,2,6,4,False,Rush,(01:17) No Huddle #46 A.Tecza rush middle for 4 yards gain to the FAU16 (#2 W.Denaud; #6 L.Hart Jr.),-0.0372868396160725,2025-10-25T21:01:18.000Z
401762493,40176249317,401762493372,10,10,Navy,American Athletic,21,Florida Atlantic,American Athletic,13,Navy,Florida Atlantic,2,"{'minutes': 0, 'seconds': 37}",3,1,84,16,3,2,5,False,Rush,"(00:39) No Huddle #11 B.Horvath rush right for 5 yards gain to the FAU11 (#4 D.Williams; #20 C.Keys Jr.), out of bounds, 1ST DOWN, PENALTY FAU Face Mask (#4 D.Williams) 6 yards from FAU11 to FAU05, 1ST DOWN",0.230448608460449,2025-10-25T21:01:55.000Z
401762493,40176249317,401762493377,10,11,Navy,American Athletic,21,Florida Atlantic,American Athletic,13,Navy,Florida Atlantic,2,"{'minutes': 0, 'seconds': 30}",3,1,95,5,1,5,2,False,Rush,(00:34) No Huddle-Shotgun #11 B.Horvath rush middle for 2 yards gain to the FAU03 (#7 B.Langston; #44 T.Stolsky),-0.327643773401219,2025-10-25T21:03:00.000Z
401762493,40176249317,401762493381,10,13,Navy,American Athletic,21,Florida Atlantic,American Athletic,13,Navy,Florida Atlantic,2,"{'minutes': 0, 'seconds': 19}",2,1,97,3,2,3,2,False,Rush,(00:21) #22 E.Heidenreich rush right for 2 yards gain to the FAU01 (#7 B.Langston; #44 T.Stolsky),-0.242573615219457,2025-10-25T21:04:28.000Z
401762493,40176249317,401762493386,10,15,Navy,American Athletic,21,Florida Atlantic,American Athletic,13,Navy,Florida Atlantic,2,"{'minutes': 0, 'seconds': 12}",1,1,99,1,3,1,-1,False,Rush,(00:18) #46 A.Tecza rush middle for 1 yard loss to the FAU02 (#10 E.Brantley Jr; #1 C.Doggette Jr.),-0.397354472074852,2025-10-25T21:05:50.000Z
401762493,40176249317,401762493391,10,16,Navy,American Athletic,21,Florida Atlantic,American Athletic,13,Navy,Florida Atlantic,2,"{'minutes': 0, 'seconds': 3}",1,1,98,2,4,2,1,False,Pass Reception,"(00:00) #11 B.Horvath pass complete short left to #24 B.Chatman caught at FAU01, for 1 yard to the FAU01 (#4 D.Williams), TURNOVER ON DOWNS",-4.148647298745598,2025-10-25T21:08:30.000Z
401762493,40176249317,401762493401,10,19,Navy,American Athletic,21,Florida Atlantic,American Athletic,13,Navy,Florida Atlantic,2,"{'minutes': 0, 'seconds': 0}",0,0,98,2,4,2,-97,False,End Period,End of 2nd quarter.,-4.148647298745598,2025-10-25T21:08:55.000Z
401762493,40176249319,401762493406,11,1,Florida Atlantic,American Athletic,13,Navy,American Athletic,21,Navy,Florida Atlantic,3,"{'minutes': 14, 'seconds': 55}",3,3,65,65,1,10,21,False,Kickoff,(15:00) #42 A.Nelms kickoff 64 yards to the Navy01 #25 I.Bryant return 21 yards to the Navy22 (#43 H.Chavez),,2025-10-25T21:30:14.000Z
401762493,40176249319,401762493420,11,4,Navy,American Athletic,21,Florida Atlantic,American Athletic,13,Navy,Florida Atlantic,3,"{'minutes': 14, 'seconds': 15}",3,3,25,75,3,7,5,False,Penalty,PENALTY Navy False Start (#22 E.Heidenreich) 5 yards from Navy25 to Navy20. NO PLAY,,2025-10-25T21:32:20.000Z
401762493,40176249319,401762493413,11,2,Navy,American Athletic,21,Florida Atlantic,American Athletic,13,Navy,Florida Atlantic,3,"{'minutes': 14, 'seconds': 50}",3,3,22,78,1,10,3,False,Rush,"(14:53) Shotgun #24 B.Chatman rush right for 3 yards gain to the Navy25 (#11 G.Marcelin), out of bounds",-0.2595333371439592,2025-10-25T21:31:01.000Z
401762493,40176249319,401762493417,11,3,Navy,American Athletic,21,Florida Atlantic,American Athletic,13,Navy,Florida Atlantic,3,"{'minutes': 14, 'seconds': 15}",3,3,25,75,2,7,0,False,Pass Incompletion,(14:15) No Huddle-Shotgun #11 B.Horvath pass incomplete deep middle to #22 E.Heidenreich thrown to FAU45,-0.48195105428222096,2025-10-25T21:31:45.000Z
401762493,40176249319,401762493423,11,5,Navy,American Athletic,21,Florida Atlantic,American Athletic,13,Navy,Florida Atlantic,3,"{'minutes': 13, 'seconds': 54}",3,3,20,80,3,12,18,False,Pass Reception,"(14:13) Shotgun #11 B.Horvath pass complete short right to #46 A.Tecza caught at Navy37, for 18 yards to the Navy38 (#4 D.Williams), 1ST DOWN",2.2949006415262447,2025-10-25T21:33:05.000Z
401762493,40176249319,401762493428,11,6,Navy,American Athletic,21,Florida Atlantic,American Athletic,13,Navy,Florida Atlantic,3,"{'minutes': 13, 'seconds': 25}",3,3,38,62,1,10,5,False,Rush,(13:28) Shotgun #46 A.Tecza rush middle for 5 yards gain to the Navy43 (#6 L.Hart Jr.),0.1104483361431646,2025-10-25T21:33:44.000Z
401762493,40176249319,401762493432,11,7,Navy,American Athletic,21,Florida Atlantic,American Athletic,13,Navy,Florida Atlantic,3,"{'minutes': 12, 'seconds': 49}",3,3,43,57,2,5,2,False,Rush,(12:54) No Huddle #46 A.Tecza rush middle for 2 yards gain to the Navy45 (#13 E.Miller Jr.; #6 L.Hart Jr.),-0.6919632995541994,2025-10-25T21:34:18.000Z
401762493,40176249319,401762493436,11,8,Navy,American Athletic,21,Florida Atlantic,American Athletic,13,Navy,Florida Atlantic,3,"{'minutes': 12, 'seconds': 14}",3,3,45,55,3,3,6,False,Rush,"(12:16) No Huddle-Shotgun #24 B.Chatman rush right for 6 yards gain to the FAU49 (#32 D.McGhee), out of bounds, 1ST DOWN",1.7721880524532772,2025-10-25T21:34:56.000Z
401762493,40176249319,401762493440,11,9,Navy,American Athletic,21,Florida Atlantic,American Athletic,13,Navy,Florida Atlantic,3,"{'minutes': 11, 'seconds': 40}",3,3,51,49,1,10,0,False,Pass Incompletion,(11:42) No Huddle #11 B.Horvath pass incomplete short right to #83 C.Howard thrown to FAU34,-1.0955888671820908,2025-10-25T21:35:37.000Z
401762493,40176249319,401762493443,11,10,Navy,American Athletic,21,Florida Atlantic,American Athletic,13,Navy,Florida Atlantic,3,"{'minutes': 11, 'seconds': 31}",3,3,51,49,2,10,4,False,Rush,(11:37) No Huddle-Shotgun #11 B.Horvath rush left for 4 yards gain to the FAU45 (#8 C.Tooley III; #44 T.Stolsky),-0.1664552528152577,2025-10-25T21:36:18.000Z
401762493,40176249319,401762493448,11,11,Navy,American Athletic,21,Florida Atlantic,American Athletic,13,Navy,Florida Atlantic,3,"{'minutes': 11, 'seconds': 7}",3,3,55,45,3,6,3,False,Rush,(11:09) Shotgun #11 B.Horvath rush middle for 3 yards gain to the FAU42 (#7 B.Langston),-0.3966519447516905,2025-10-25T21:38:59.000Z
401762493,40176249319,401762493452,11,12,Navy,American Athletic,21,Florida Atlantic,American Athletic,13,Navy,Florida Atlantic,3,"{'minutes': 10, 'seconds': 25}",3,3,58,42,4,3,2,False,Rush,"(10:29) No Huddle-Shotgun #22 E.Heidenreich rush right for 2 yards gain to the FAU40 (#4 D.Williams; #15 T.Luman), TURNOVER ON DOWNS",-1.5789733836137128,2025-10-25T21:39:39.000Z
401762493,40176249320,401762493489,12,9,Florida Atlantic,American Athletic,13,Navy,American Athletic,21,Navy,Florida Atlantic,3,"{'minutes': 6, 'seconds': 31}",3,3,31,31,4,10,49,False,Field Goal Missed,"(06:31) #37 G.Smith field goal attempt from 49 yards NO GOOD (H: #19 L.Lupo, LS: #43 J.Lee), clock 06:31",,2025-10-25T21:47:43.000Z
401762493,40176249320,401762493457,12,1,Florida Atlantic,American Athletic,13,Navy,American Athletic,21,Navy,Florida Atlantic,3,"{'minutes': 10, 'seconds': 17}",3,3,60,60,1,10,2,False,Rush,(10:19) Shotgun #23 G.Sands rush right for 2 yards gain to the FAU42 (#56 M.Parker),-0.6799841752385892,2025-10-25T21:43:10.000Z
401762493,40176249320,401762493461,12,2,Florida Atlantic,American Athletic,13,Navy,American Athletic,21,Navy,Florida Atlantic,3,"{'minutes': 9, 'seconds': 37}",3,3,58,58,2,8,6,False,Rush,(09:43) No Huddle-Shotgun #10 C.Veltkamp rush middle for 6 yards gain to the FAU48 (#58 C.Cauley),0.3461197078705407,2025-10-25T21:43:49.000Z
401762493,40176249320,401762493465,12,3,Florida Atlantic,American Athletic,13,Navy,American Athletic,21,Navy,Florida Atlantic,3,"{'minutes': 8, 'seconds': 53}",3,3,52,52,3,2,3,False,Rush,"(08:57) No Huddle-Shotgun #10 C.Veltkamp rush middle for 3 yards gain to the Navy49 (#28 B.Allen), 1ST DOWN",1.3284345198744756,2025-10-25T21:44:33.000Z
401762493,40176249320,401762493469,12,4,Florida Atlantic,American Athletic,13,Navy,American Athletic,21,Navy,Florida Atlantic,3,"{'minutes': 8, 'seconds': 29}",3,3,49,49,1,10,2,False,Rush,(08:36) No Huddle-Shotgun #23 G.Sands rush right for 2 yards gain to the Navy47 (#35 L.Pirris),-0.6159141942829951,2025-10-25T21:44:54.000Z
401762493,40176249320,401762493473,12,5,Florida Atlantic,American Athletic,13,Navy,American Athletic,21,Navy,Florida Atlantic,3,"{'minutes': 8, 'seconds': 10}",3,3,47,47,2,8,16,False,Pass Reception,"(08:19) No Huddle-Shotgun #10 C.Veltkamp pass complete short middle to #8 E.Messer caught at Navy40, for 16 yards to the Navy31 (#16 G.Sessi), 1ST DOWN",1.5362985758472953,2025-10-25T21:45:14.000Z
401762493,40176249320,401762493478,12,6,Florida Atlantic,American Athletic,13,Navy,American Athletic,21,Navy,Florida Atlantic,3,"{'minutes': 7, 'seconds': 50}",3,3,31,31,1,10,-2,False,Sack,"(07:57) No Huddle-Shotgun #10 C.Veltkamp sacked for loss of 3 yards to the Navy34 (#90 J.Moutome, #96 L.Robinson)",-0.888144093928609,2025-10-25T21:45:34.000Z
401762493,40176249320,401762493482,12,7,Florida Atlantic,American Athletic,13,Navy,American Athletic,21,Navy,Florida Atlantic,3,"{'minutes': 7, 'seconds': 13}",3,3,34,34,2,13,3,False,Rush,"(07:19) No Huddle-Shotgun #10 C.Veltkamp rush left for 3 yards gain to the Navy31 (#56 M.Parker), out of bounds",-0.3208698871769757,2025-10-25T21:46:18.000Z
401762493,40176249320,401762493486,12,8,Florida Atlantic,American Athletic,13,Navy,American Athletic,21,Navy,Florida Atlantic,3,"{'minutes': 6, 'seconds': 37}",3,3,31,31,3,10,0,False,Pass Incompletion,(06:37) No Huddle-Shotgun #10 C.Veltkamp pass incomplete short right to #0 A.Waseem thrown to Navy30 broken up by #49 A.Klenk,-1.002352602273861,2025-10-25T21:46:59.000Z
401762493,40176249321,401762493493,13,1,Navy,American Athletic,21,Florida Atlantic,American Athletic,13,Navy,Florida Atlantic,3,"{'minutes': 6, 'seconds': 23}",3,3,31,69,1,10,9,False,Rush,(06:28) Shotgun #11 B.Horvath rush middle for 9 yards gain to the Navy40 (#44 T.Stolsky; #32 D.McGhee),1.3649000856171405,2025-10-25T21:51:17.000Z
401762493,40176249321,401762493497,13,2,Navy,American Athletic,21,Florida Atlantic,American Athletic,13,Navy,Florida Atlantic,3,"{'minutes': 5, 'seconds': 49}",3,3,40,60,2,1,8,False,Rush,"(05:54) No Huddle #22 E.Heidenreich rush right for 8 yards gain to the Navy48 (#2 W.Denaud; #44 T.Stolsky), 1ST DOWN",0.2343366307874783,2025-10-25T21:51:49.000Z
401762493,40176249321,401762493501,13,3,Navy,American Athletic,21,Florida Atlantic,American Athletic,13,Navy,Florida Atlantic,3,"{'minutes': 5, 'seconds': 8}",3,3,48,52,1,10,3,False,Pass Reception,"(05:11) No Huddle-Shotgun #11 B.Horvath pass complete short right to #22 E.Heidenreich caught at Navy49, for 3 yards to the FAU49 (#44 T.Stolsky), out of bounds",-0.4041069346079117,2025-10-25T21:52:33.000Z
401762493,40176249321,401762493506,13,4,Navy,American Athletic,21,Florida Atlantic,American Athletic,13,Navy,Florida Atlantic,3,"{'minutes': 4, 'seconds': 35}",3,3,51,49,2,7,1,False,Rush,(04:40) No Huddle-Shotgun #11 B.Horvath rush middle for 1 yard gain to the FAU48 (#2 W.Denaud; #7 B.Langston),-0.9032517101023387,2025-10-25T21:53:09.000Z
401762493,40176249321,401762493510,13,5,Navy,American Athletic,21,Florida Atlantic,American Athletic,13,Navy,Florida Atlantic,3,"{'minutes': 3, 'seconds': 52}",3,3,52,48,3,6,5,False,Pass Reception,"(03:58) No Huddle-Shotgun #11 B.Horvath pass complete short middle to #24 B.Chatman caught at FAU48, for 5 yards to the FAU43 (#44 T.Stolsky)",0.0731869917404317,2025-10-25T21:53:49.000Z
401762493,40176249321,401762493515,13,6,Navy,American Athletic,21,Florida Atlantic,American Athletic,13,Navy,Florida Atlantic,3,"{'minutes': 3, 'seconds': 7}",3,3,57,43,4,1,1,False,Rush,"(03:16) No Huddle #46 A.Tecza rush middle for 1 yard gain to the FAU42 (#4 D.Williams; #9 N.Barber), 1ST DOWN. #2 W.Denaud, #83 C.Howard injured on the play",1.9472904701081257,2025-10-25T21:54:31.000Z
401762493,40176249321,401762493521,13,7,Navy,American Athletic,21,Florida Atlantic,American Athletic,13,Navy,Florida Atlantic,3,"{'minutes': 2, 'seconds': 40}",3,3,58,42,1,10,2,False,Rush,(02:46) Shotgun #24 B.Chatman rush left for 3 yards gain (2) to the FAU39 (#23 D.Allen) PENALTY Navy Holding (#46 A.Tecza) 10 yards from FAU40 to FAU50,-0.4922124363662006,2025-10-25T21:58:10.000Z
401762493,40176249321,401762493528,13,8,Navy,American Athletic,21,Florida Atlantic,American Athletic,13,Navy,Florida Atlantic,3,"{'minutes': 2, 'seconds': 9}",3,3,50,50,1,18,23,False,Pass Reception,"(02:20) Shotgun #5 B.Woodson pass complete short right to #85 J.Norris caught at FAU40, for 23 yards to the FAU27 (#23 D.Allen; #32 D.McGhee), 1ST DOWN",2.183476252296927,2025-10-25T21:59:22.000Z
401762493,40176249321,401762493533,13,9,Navy,American Athletic,21,Florida Atlantic,American Athletic,13,Navy,Florida Atlantic,3,"{'minutes': 1, 'seconds': 31}",3,3,73,27,1,10,7,False,Rush,(01:39) No Huddle-Shotgun #11 B.Horvath rush middle for 7 yards gain to the FAU20 (#15 T.Luman; #4 D.Williams),0.3376362038341565,2025-10-25T22:00:03.000Z
401762493,40176249321,401762493537,13,10,Navy,American Athletic,21,Florida Atlantic,American Athletic,13,Navy,Florida Atlantic,3,"{'minutes': 1, 'seconds': 0}",3,3,80,20,2,3,1,False,Rush,(01:03) No Huddle #46 A.Tecza rush middle for 1 yard gain to the FAU19 (#9 N.Barber),-0.423403674258477,2025-10-25T22:00:39.000Z
401762493,40176249321,401762493541,13,11,Navy,American Athletic,21,Florida Atlantic,American Athletic,13,Navy,Florida Atlantic,3,"{'minutes': 0, 'seconds': 19}",3,3,81,19,3,2,0,False,Pass Incompletion,(00:24) No Huddle-Shotgun #11 B.Horvath pass incomplete short right to #46 A.Tecza thrown to FAU17,-0.5662281391123595,2025-10-25T22:01:20.000Z
401762493,40176249321,401762493544,13,12,Navy,American Athletic,21,Florida Atlantic,American Athletic,13,Navy,Florida Atlantic,3,"{'minutes': 0, 'seconds': 10}",3,3,81,19,4,2,0,False,Pass Incompletion,"(00:14) No Huddle #11 B.Horvath pass incomplete short right to #86 J.Guerin thrown to FAU00 broken up by #32 D.McGhee QB hurried by #7 B.Langston, TURNOVER ON DOWNS",-3.606723549071834,2025-10-25T22:02:09.000Z
401762493,40176249322,401762493548,14,1,Florida Atlantic,American Athletic,13,Navy,American Athletic,21,Navy,Florida Atlantic,3,"{'minutes': 0, 'seconds': 7}",3,3,81,81,1,10,22,False,Fumble Recovery (Opponent),"(00:07) Shotgun #10 C.Veltkamp pass complete short left to #9 D.Henry caught at FAU26, for 22 yards to the FAU41 fumbled by #9 D.Henry at FAU38 forced by #58 C.Cauley recovered by Navy #58 C.Cauley at FAU41, End Of Play",-0.5613804789972034,2025-10-25T22:05:34.000Z
401762493,40176249322,401762493555,14,2,Florida Atlantic,American Athletic,13,Navy,American Athletic,21,Navy,Florida Atlantic,3,"{'minutes': 0, 'seconds': 0}",3,3,19,19,1,10,-22,False,End Period,End of 3rd quarter.,-3.864822117669725,2025-10-25T22:06:06.000Z
401762493,40176249323,401762493570,15,3,Navy,American Athletic,28,Florida Atlantic,American Athletic,13,Navy,Florida Atlantic,4,"{'minutes': 13, 'seconds': 47}",3,3,99,1,1,1,1,True,Rush,"(13:47) No Huddle #46 A.Tecza rush middle for 1 yard gain to the FAU00 TOUCHDOWN, clock 13:47 #17 N.Kirkwood kick attempt good (H: #11 J.Carlson, LS: #92 R.Fry)",0.938021275120443,2025-10-25T22:10:45.000Z
401762493,40176249323,401762493560,15,1,Navy,American Athletic,21,Florida Atlantic,American Athletic,13,Navy,Florida Atlantic,4,"{'minutes': 14, 'seconds': 53}",3,3,59,41,1,10,4,False,Rush,(14:59) No Huddle #46 A.Tecza rush middle for 4 yards gain to the FAU37 (#28 Z.Horton),-0.0951556089752721,2025-10-25T22:09:33.000Z
401762493,40176249323,401762493566,15,2,Navy,American Athletic,21,Florida Atlantic,American Athletic,13,Navy,Florida Atlantic,4,"{'minutes': 14, 'seconds': 9}",3,3,63,37,2,6,36,False,Rush,"(14:19) No Huddle #24 B.Chatman rush left for 36 yards gain to the FAU01 (#3 D.Rogers Jr.), 1ST DOWN",2.3976539597513487,2025-10-25T22:10:13.000Z
401762493,40176249325,401762493577,16,1,Navy,American Athletic,28,Florida Atlantic,American Athletic,13,Navy,Florida Atlantic,4,"{'minutes': 13, 'seconds': 42}",3,3,35,65,1,10,21,False,Kickoff,(13:47) #99 L.Gossett kickoff 65 yards to the FAU00 #3 J.Platt return 21 yards to the FAU21 (#49 A.Klenk; #39 J.Grant),,2025-10-25T22:14:40.000Z
401762493,40176249325,401762493582,16,2,Florida Atlantic,American Athletic,13,Navy,American Athletic,28,Navy,Florida Atlantic,4,"{'minutes': 13, 'seconds': 36}",3,3,79,79,1,10,0,False,Pass Incompletion,(13:36) Shotgun #10 C.Veltkamp pass incomplete short right to #28 K.Shields-Dutton thrown to FAU23 QB hurried by #95 G.Willis,-0.585616097616759,2025-10-25T22:15:28.000Z
401762493,40176249325,401762493585,16,3,Florida Atlantic,American Athletic,13,Navy,American Athletic,28,Navy,Florida Atlantic,4,"{'minutes': 13, 'seconds': 29}",3,3,79,79,2,10,6,False,Pass Reception,"(13:33) No Huddle-Shotgun #10 C.Veltkamp pass complete short right to #8 E.Messer caught at FAU26, for 6 yards to the FAU27 (#16 G.Sessi), out of bounds",0.14172218692377925,2025-10-25T22:16:04.000Z
401762493,40176249325,401762493590,16,4,Florida Atlantic,American Athletic,13,Navy,American Athletic,28,Navy,Florida Atlantic,4,"{'minutes': 13, 'seconds': 6}",3,3,73,73,3,4,8,False,Pass Reception,"(13:18) No Huddle-Shotgun #10 C.Veltkamp pass complete short left to #0 A.Waseem caught at FAU32, for 8 yards to the FAU35 (#13 A.Duhart), 1ST DOWN",1.5317116898188008,2025-10-25T22:16:21.000Z
401762493,40176249325,401762493595,16,5,Florida Atlantic,American Athletic,13,Navy,American Athletic,28,Navy,Florida Atlantic,4,"{'minutes': 12, 'seconds': 49}",3,3,65,65,1,10,-5,False,Sack,(12:56) No Huddle-Shotgun #10 C.Veltkamp sacked for loss of 5 yards to the FAU30 (#49 A.Klenk),-1.6411798070728363,2025-10-25T22:16:48.000Z
401762493,40176249325,401762493599,16,6,Florida Atlantic,American Athletic,13,Navy,American Athletic,28,Navy,Florida Atlantic,4,"{'minutes': 12, 'seconds': 5}",3,3,70,70,2,15,2,False,Rush,"(12:16) No Huddle-Shotgun #10 C.Veltkamp rush left for 2 yards gain to the FAU32, End Of Play",-0.1914930625545832,2025-10-25T22:17:29.000Z
401762493,40176249325,401762493604,16,7,Florida Atlantic,American Athletic,13,Navy,American Athletic,28,Navy,Florida Atlantic,4,"{'minutes': 11, 'seconds': 49}",3,3,68,68,3,13,0,False,Interception,"(11:51) No Huddle-Shotgun #10 C.Veltkamp pass intercepted by #58 C.Cauley at FAU41, End Of Play",0.07538988031875427,2025-10-25T22:17:48.000Z
401762493,40176249326,401762493622,17,4,Navy,American Athletic,35,Florida Atlantic,American Athletic,13,Navy,Florida Atlantic,4,"{'minutes': 9, 'seconds': 40}",3,3,81,19,1,10,19,True,Rush,"(09:44) #11 B.Horvath rush left for 19 yards gain to the FAU00 TOUCHDOWN, clock 09:40, 1ST DOWN #17 N.Kirkwood kick attempt good (H: #11 J.Carlson, LS: #92 R.Fry)",2.604447628637523,2025-10-25T22:23:19.000Z
401762493,40176249326,401762493609,17,1,Navy,American Athletic,28,Florida Atlantic,American Athletic,13,Navy,Florida Atlantic,4,"{'minutes': 11, 'seconds': 41}",3,3,59,41,1,10,1,False,Rush,(11:46) #22 E.Heidenreich rush left for 1 yard gain to the FAU40 (#30 K.Johnson),-0.6717839246394793,2025-10-25T22:21:14.000Z
401762493,40176249326,401762493613,17,2,Navy,American Athletic,28,Florida Atlantic,American Athletic,13,Navy,Florida Atlantic,4,"{'minutes': 11, 'seconds': 5}",3,3,60,40,2,9,2,False,Rush,(11:10) No Huddle-Shotgun #11 B.Horvath rush middle for 2 yards gain to the FAU38 (#10 E.Brantley Jr; #32 D.McGhee),-0.5732895315990874,2025-10-25T22:21:48.000Z
401762493,40176249326,401762493617,17,3,Navy,American Athletic,28,Florida Atlantic,American Athletic,13,Navy,Florida Atlantic,4,"{'minutes': 10, 'seconds': 19}",3,3,62,38,3,7,19,False,Pass Reception,"(10:22) No Huddle-Shotgun #11 B.Horvath pass complete short left to #22 E.Heidenreich caught at FAU24, for 19 yards to the FAU19 (#18 Z.Paret), out of bounds, 1ST DOWN",1.881145453497563,2025-10-25T22:22:37.000Z
401762493,40176249328,401762493701,18,18,Florida Atlantic,American Athletic,19,Navy,American Athletic,35,Navy,Florida Atlantic,4,"{'minutes': 5, 'seconds': 38}",3,2,5,5,4,3,5,True,Pass Reception,"(05:41) No Huddle-Shotgun #10 C.Veltkamp pass complete short right to #28 K.Shields-Dutton caught at Navy03, for 5 yards to the Navy00 TOUCHDOWN, clock 05:38, 1ST DOWN #10 C.Veltkamp pass attempt failed #10 C.Veltkamp pass attempt failed PENALTY",2.958471078558153,2025-10-25T22:40:03.000Z
401762493,40176249328,401762493629,18,1,Navy,American Athletic,35,Florida Atlantic,American Athletic,13,Navy,Florida Atlantic,4,"{'minutes': 9, 'seconds': 35}",3,3,35,65,1,10,14,False,Kickoff,(09:40) #99 L.Gossett kickoff 64 yards to the FAU01 #3 J.Platt return 14 yards to the FAU15 (#49 A.Klenk),,2025-10-25T22:27:11.000Z
401762493,40176249328,401762493676,18,11,Navy,American Athletic,35,Florida Atlantic,American Athletic,13,Navy,Florida Atlantic,4,"{'minutes': 6, 'seconds': 58}",2,3,24,76,1,10,0,False,Timeout,"Timeout Navy, clock 06:58",,2025-10-25T22:31:45.000Z
401762493,40176249328,401762493634,18,2,Florida Atlantic,American Athletic,13,Navy,American Athletic,35,Navy,Florida Atlantic,4,"{'minutes': 9, 'seconds': 24}",3,3,85,85,1,10,13,False,Pass Reception,"(09:31) No Huddle-Shotgun #10 C.Veltkamp pass complete short right to #3 J.Platt caught at FAU27, for 13 yards to the FAU28 (#28 B.Allen), 1ST DOWN",0.7653288376091574,2025-10-25T22:27:57.000Z
401762493,40176249328,401762493639,18,3,Florida Atlantic,American Athletic,13,Navy,American Athletic,35,Navy,Florida Atlantic,4,"{'minutes': 9, 'seconds': 8}",3,3,72,72,1,10,1,False,Pass Reception,"(09:14) No Huddle-Shotgun #10 C.Veltkamp pass complete short right to #23 G.Sands caught at FAU24, for 1 yard to the FAU29 (#35 L.Pirris; #56 M.Parker)",-0.6645196581023116,2025-10-25T22:28:13.000Z
401762493,40176249328,401762493644,18,4,Florida Atlantic,American Athletic,13,Navy,American Athletic,35,Navy,Florida Atlantic,4,"{'minutes': 8, 'seconds': 37}",3,3,71,71,2,9,4,False,Rush,(08:45) No Huddle-Shotgun #23 G.Sands rush middle for 4 yards gain to the FAU33 (#13 A.Duhart; #58 C.Cauley),-0.08569544283898714,2025-10-25T22:28:42.000Z
401762493,40176249328,401762493648,18,5,Florida Atlantic,American Athletic,13,Navy,American Athletic,35,Navy,Florida Atlantic,4,"{'minutes': 8, 'seconds': 20}",3,3,67,67,3,5,0,False,Pass Incompletion,(08:23) No Huddle-Shotgun #10 C.Veltkamp pass incomplete short right to #8 E.Messer thrown to FAU29,-0.4381545907354214,2025-10-25T22:29:07.000Z
401762493,40176249328,401762493651,18,6,Florida Atlantic,American Athletic,13,Navy,American Athletic,35,Navy,Florida Atlantic,4,"{'minutes': 8, 'seconds': 7}",3,3,67,67,4,5,14,False,Pass Reception,"(08:15) No Huddle-Shotgun #10 C.Veltkamp pass complete short middle to #5 J.Smith Jr. caught at FAU46, for 14 yards to the FAU47 (#13 A.Duhart; #39 J.Grant), 1ST DOWN",2.9487029703694647,2025-10-25T22:29:52.000Z
401762493,40176249328,401762493656,18,7,Florida Atlantic,American Athletic,13,Navy,American Athletic,35,Navy,Florida Atlantic,4,"{'minutes': 7, 'seconds': 49}",3,3,53,53,1,10,6,False,Pass Reception,"(07:57) No Huddle-Shotgun #10 C.Veltkamp pass complete short left to #28 K.Shields-Dutton caught at Navy48, for 6 yards to the Navy47 (#35 L.Pirris; #39 J.Grant)",0.3681512148633137,2025-10-25T22:30:09.000Z
401762493,40176249328,401762493661,18,8,Florida Atlantic,American Athletic,13,Navy,American Athletic,35,Navy,Florida Atlantic,4,"{'minutes': 7, 'seconds': 34}",3,3,47,47,2,4,8,False,Pass Reception,"(07:40) No Huddle-Shotgun #10 C.Veltkamp pass complete short left to #28 K.Shields-Dutton caught at Navy41, for 8 yards to the Navy39 (#56 M.Parker), 1ST DOWN",0.586709663778443,2025-10-25T22:30:28.000Z
401762493,40176249328,401762493666,18,9,Florida Atlantic,American Athletic,13,Navy,American Athletic,35,Navy,Florida Atlantic,4,"{'minutes': 7, 'seconds': 15}",3,3,39,39,1,10,15,False,Pass Reception,"(07:23) No Huddle-Shotgun #10 C.Veltkamp pass complete short right to #3 J.Platt caught at Navy27, for 15 yards to the Navy24 (#18 P.Hamilton), 1ST DOWN",0.459000606324576,2025-10-25T22:30:44.000Z
401762493,40176249328,401762493671,18,10,Florida Atlantic,American Athletic,13,Navy,American Athletic,35,Navy,Florida Atlantic,4,"{'minutes': 6, 'seconds': 58}",3,3,24,24,1,10,0,False,Pass Incompletion,(07:03) No Huddle-Shotgun #10 C.Veltkamp pass incomplete deep middle to #3 J.Platt thrown to Navy00 broken up by #28 B.Allen,-0.4346450377339437,2025-10-25T22:31:04.000Z
401762493,40176249328,401762493674,18,12,Florida Atlantic,American Athletic,13,Navy,American Athletic,35,Navy,Florida Atlantic,4,"{'minutes': 6, 'seconds': 53}",3,2,24,24,2,10,0,False,Pass Incompletion,(06:55) No Huddle-Shotgun #10 C.Veltkamp pass incomplete short left to #5 J.Smith Jr. thrown to Navy14 broken up by #3 I.Oniha,-0.5789972760549578,2025-10-25T22:32:51.000Z
401762493,40176249328,401762493678,18,13,Florida Atlantic,American Athletic,13,Navy,American Athletic,35,Navy,Florida Atlantic,4,"{'minutes': 6, 'seconds': 41}",3,2,24,24,3,10,6,False,Pass Reception,"(06:49) No Huddle-Shotgun #10 C.Veltkamp pass complete short left to #5 J.Smith Jr. caught at Navy19, for 6 yards to the Navy18 (#39 J.Grant; #95 G.Willis)",0.1864060373142191,2025-10-25T22:33:32.000Z
401762493,40176249328,401762493683,18,14,Florida Atlantic,American Athletic,13,Navy,American Athletic,35,Navy,Florida Atlantic,4,"{'minutes': 6, 'seconds': 8}",3,2,18,18,4,4,6,False,Pass Reception,"(06:22) No Huddle-Shotgun #10 C.Veltkamp pass complete short right to #8 E.Messer caught at Navy12, for 6 yards to the Navy12, End Of Play, 1ST DOWN. Navy is challenging the ruling on the field - ""Pass completion"". CALL UPHELD",0.978579683045732,2025-10-25T22:33:59.000Z
401762493,40176249328,401762493691,18,15,Florida Atlantic,American Athletic,13,Navy,American Athletic,35,Navy,Florida Atlantic,4,"{'minutes': 6, 'seconds': 4}",3,2,12,12,1,10,0,False,Pass Incompletion,(06:06) Shotgun #10 C.Veltkamp pass incomplete short middle to #5 J.Smith Jr. thrown to Navy05 QB hurried by #49 A.Klenk,-0.2977696357406735,2025-10-25T22:38:30.000Z
401762493,40176249328,401762493694,18,16,Florida Atlantic,American Athletic,13,Navy,American Athletic,35,Navy,Florida Atlantic,4,"{'minutes': 5, 'seconds': 57}",3,2,12,12,2,10,7,False,Rush,(06:01) No Huddle-Shotgun #28 K.Shields-Dutton rush middle for 7 yards gain to the Navy05 (#81 W.Miller; #95 G.Willis),0.18149082282319,2025-10-25T22:39:02.000Z
401762493,40176249328,401762493698,18,17,Florida Atlantic,American Athletic,13,Navy,American Athletic,35,Navy,Florida Atlantic,4,"{'minutes': 5, 'seconds': 43}",3,2,5,5,3,3,0,False,Pass Incompletion,(05:43) No Huddle-Shotgun #10 C.Veltkamp pass incomplete short right to #80 J.Young thrown to Navy00 broken up by #28 B.Allen,-0.312097723604744,2025-10-25T22:39:22.000Z
401762493,40176249330,401762493719,19,3,Navy,American Athletic,42,Florida Atlantic,American Athletic,19,Navy,Florida Atlantic,4,"{'minutes': 5, 'seconds': 29}",2,3,69,31,1,10,31,True,Rush,"(05:36) Shotgun #11 B.Horvath rush left for 31 yards gain to the FAU00 TOUCHDOWN, clock 05:29, 1ST DOWN #17 N.Kirkwood kick attempt good (H: #11 J.Carlson, LS: #92 R.Fry)",2.841946170072948,2025-10-25T22:44:33.000Z
401762493,40176249330,401762493712,19,1,Florida Atlantic,American Athletic,19,Navy,American Athletic,35,Navy,Florida Atlantic,4,"{'minutes': 5, 'seconds': 38}",3,2,65,65,0,0,15,False,Penalty,PENALTY FAU UNR: Unnecessary Roughness (#78 D.Richardson) 15 yards from FAU35 to FAU20. NO PLAY,,2025-10-25T22:42:42.000Z
401762493,40176249330,401762493715,19,2,Florida Atlantic,American Athletic,19,Navy,American Athletic,35,Navy,Florida Atlantic,4,"{'minutes': 5, 'seconds': 38}",3,2,80,80,1,10,0,False,Kickoff,"(05:38) #42 A.Nelms onside kickoff 11 yards to the FAU31, End Of Play",,2025-10-25T22:42:50.000Z
401762493,40176249332,401762493784,20,15,Florida Atlantic,American Athletic,25,Navy,American Athletic,42,Navy,Florida Atlantic,4,"{'minutes': 2, 'seconds': 0}",3,2,4,4,3,4,4,True,Pass Reception,"(02:01) No Huddle-Shotgun #7 Z.Gibson pass complete short right to #5 J.Smith Jr. caught at Navy07, for 4 yards to the Navy00 TOUCHDOWN, clock 02:00 #7 Z.Gibson pass attempt failed",2.6959729214765815,2025-10-25T22:53:59.000Z
401762493,40176249332,401762493794,20,16,Florida Atlantic,American Athletic,25,Navy,American Athletic,42,Navy,Florida Atlantic,4,"{'minutes': 2, 'seconds': 0}",3,2,97,97,0,0,0,False,Timeout,"Timeout , clock 02:00",,2025-10-25T22:55:28.000Z
401762493,40176249332,401762493726,20,1,Navy,American Athletic,42,Florida Atlantic,American Athletic,19,Navy,Florida Atlantic,4,"{'minutes': 5, 'seconds': 29}",2,3,35,65,1,10,0,False,Kickoff,(05:29) #99 L.Gossett kickoff 25 yards to the FAU40 fair catch by #19 B.Hoch at FAU40,,2025-10-25T22:45:25.000Z
401762493,40176249332,401762493755,20,9,Florida Atlantic,American Athletic,19,Navy,American Athletic,42,Navy,Florida Atlantic,4,"{'minutes': 4, 'seconds': 5}",3,2,45,45,4,10,5,False,Penalty,(04:05) No Huddle-Shotgun #7 Z.Gibson pass incomplete short right to #80 J.Young thrown to Navy34 broken up by #49 A.Klenk PENALTY Navy Offside (#35 L.Pirris) 5 yards from Navy45 to Navy40. NO PLAY,,2025-10-25T22:51:04.000Z
401762493,40176249332,401762493729,20,2,Florida Atlantic,American Athletic,19,Navy,American Athletic,42,Navy,Florida Atlantic,4,"{'minutes': 5, 'seconds': 18}",3,2,60,60,1,10,2,False,Rush,(05:27) No Huddle-Shotgun #21 E.Ervin rush middle for 2 yards gain to the FAU42 (#94 X.Arrington),-0.6799841752385892,2025-10-25T22:47:25.000Z
401762493,40176249332,401762493733,20,3,Florida Atlantic,American Athletic,19,Navy,American Athletic,42,Navy,Florida Atlantic,4,"{'minutes': 5, 'seconds': 11}",3,2,58,58,2,8,0,False,Pass Incompletion,(05:11) No Huddle-Shotgun #7 Z.Gibson pass incomplete short right to #0 A.Waseem thrown to FAU40,-0.9286544985354048,2025-10-25T22:47:40.000Z
401762493,40176249332,401762493736,20,4,Florida Atlantic,American Athletic,19,Navy,American Athletic,42,Navy,Florida Atlantic,4,"{'minutes': 5, 'seconds': 1}",3,2,58,58,3,8,2,False,Pass Reception,"(05:08) No Huddle-Shotgun #7 Z.Gibson pass complete short left to #21 E.Ervin caught at FAU43, for 2 yards to the FAU44 (#35 L.Pirris)",-0.35571846005357877,2025-10-25T22:48:15.000Z
401762493,40176249332,401762493741,20,5,Florida Atlantic,American Athletic,19,Navy,American Athletic,42,Navy,Florida Atlantic,4,"{'minutes': 4, 'seconds': 25}",3,2,56,56,4,6,11,False,Pass Reception,"(04:39) No Huddle-Shotgun #7 Z.Gibson pass complete short middle to #19 B.Hoch caught at Navy48, for 11 yards to the Navy45 (#56 M.Parker; #3 I.Oniha), 1ST DOWN",3.24474365290418,2025-10-25T22:48:45.000Z
401762493,40176249332,401762493746,20,6,Florida Atlantic,American Athletic,19,Navy,American Athletic,42,Navy,Florida Atlantic,4,"{'minutes': 4, 'seconds': 21}",3,2,45,45,1,10,0,False,Pass Incompletion,(04:21) No Huddle-Shotgun #7 Z.Gibson pass incomplete short middle to #21 E.Ervin thrown to Navy41,-0.997770018980635,2025-10-25T22:49:06.000Z
401762493,40176249332,401762493749,20,7,Florida Atlantic,American Athletic,19,Navy,American Athletic,42,Navy,Florida Atlantic,4,"{'minutes': 4, 'seconds': 17}",3,2,45,45,2,10,0,False,Pass Incompletion,(04:19) No Huddle-Shotgun #7 Z.Gibson pass incomplete short left to #19 B.Hoch thrown to Navy40 QB hurried by #49 A.Klenk,-1.067301371027259,2025-10-25T22:49:34.000Z
401762493,40176249332,401762493752,20,8,Florida Atlantic,American Athletic,19,Navy,American Athletic,42,Navy,Florida Atlantic,4,"{'minutes': 4, 'seconds': 10}",3,2,45,45,3,10,0,False,Pass Incompletion,(04:15) No Huddle-Shotgun #7 Z.Gibson pass incomplete short left to #21 E.Ervin thrown to Navy38 QB hurried by #98 K.Whiteside,-0.8578975699550249,2025-10-25T22:50:13.000Z
401762493,40176249332,401762493762,20,10,Florida Atlantic,American Athletic,19,Navy,American Athletic,42,Navy,Florida Atlantic,4,"{'minutes': 3, 'seconds': 50}",3,2,40,40,4,5,14,False,Pass Reception,"(04:02) No Huddle-Shotgun #7 Z.Gibson pass complete short left to #19 B.Hoch caught at Navy33, for 14 yards to the Navy26 (#16 G.Sessi), 1ST DOWN",2.7659303123372307,2025-10-25T22:51:30.000Z
401762493,40176249332,401762493767,20,11,Florida Atlantic,American Athletic,19,Navy,American Athletic,42,Navy,Florida Atlantic,4,"{'minutes': 3, 'seconds': 40}",3,2,26,26,1,10,0,False,Pass Incompletion,(03:40) No Huddle-Shotgun #7 Z.Gibson pass incomplete short left to #0 A.Waseem thrown to Navy22 broken up by #35 L.Pirris,-0.4710467974920665,2025-10-25T22:51:49.000Z
401762493,40176249332,401762493770,20,12,Florida Atlantic,American Athletic,19,Navy,American Athletic,42,Navy,Florida Atlantic,4,"{'minutes': 3, 'seconds': 28}",3,2,26,26,2,10,20,False,Pass Reception,"(03:37) No Huddle-Shotgun #7 Z.Gibson pass complete short left to #19 B.Hoch caught at Navy10, for 20 yards to the Navy06 (#35 L.Pirris), 1ST DOWN",1.13855914883497,2025-10-25T22:52:25.000Z
401762493,40176249332,401762493775,20,13,Florida Atlantic,American Athletic,19,Navy,American Athletic,42,Navy,Florida Atlantic,4,"{'minutes': 2, 'seconds': 56}",3,2,6,6,1,6,0,False,Pass Reception,"(03:05) No Huddle-Shotgun #7 Z.Gibson pass complete short right to #21 E.Ervin caught at Navy07, for 0 yards to the Navy06 (#18 P.Hamilton)",-0.476177221716661,2025-10-25T22:52:57.000Z
401762493,40176249332,401762493780,20,14,Florida Atlantic,American Athletic,19,Navy,American Athletic,42,Navy,Florida Atlantic,4,"{'minutes': 2, 'seconds': 15}",3,2,6,6,2,6,2,False,Rush,(02:20) No Huddle-Shotgun #21 E.Ervin rush middle for 2 yards gain to the Navy04 (#94 X.Arrington; #98 K.Whiteside),-0.1673059286946435,2025-10-25T22:53:42.000Z
401762493,40176249334,401762493815,21,6,Florida Atlantic,American Athletic,32,Navy,American Athletic,42,Navy,Florida Atlantic,4,"{'minutes': 1, 'seconds': 10}",3,2,9,9,1,9,9,True,Pass Reception,"(01:11) No Huddle-Shotgun #7 Z.Gibson pass complete short right to #5 J.Smith Jr. caught at Navy00, for 9 yards to the Navy00 TOUCHDOWN, clock 01:10 #37 G.Smith kick attempt good (H: #19 L.Lupo, LS: #43 J.Lee)",2.424237823646468,2025-10-25T23:00:34.000Z
401762493,40176249334,401762493792,21,1,Florida Atlantic,American Athletic,25,Navy,American Athletic,42,Navy,Florida Atlantic,4,"{'minutes': 1, 'seconds': 59}",3,2,65,65,1,10,0,False,Kickoff,(02:00) #42 A.Nelms onside kickoff 20 yards to the Navy45,,2025-10-25T22:55:13.000Z
401762493,40176249334,401762493820,21,7,Florida Atlantic,American Athletic,31,Navy,American Athletic,42,Navy,Florida Atlantic,4,"{'minutes': 1, 'seconds': 10}",3,2,3,3,0,0,5,False,Penalty,PENALTY FAU False Start (#75 M.Hinds) 5 yards from Navy03 to Navy08. NO PLAY,,2025-10-25T23:01:18.000Z
401762493,40176249334,401762493796,21,2,Florida Atlantic,American Athletic,25,Navy,American Athletic,42,Navy,Florida Atlantic,4,"{'minutes': 1, 'seconds': 52}",3,2,45,45,1,10,3,False,Pass Reception,"(01:58) Shotgun #7 Z.Gibson pass complete short left to #28 K.Shields-Dutton caught at FAU50, for 3 yards to the Navy42 (#35 L.Pirris)",-0.3299594446081446,2025-10-25T22:58:48.000Z
401762493,40176249334,401762493801,21,3,Florida Atlantic,American Athletic,25,Navy,American Athletic,42,Navy,Florida Atlantic,4,"{'minutes': 1, 'seconds': 44}",3,2,42,42,2,7,19,False,Pass Reception,"(01:50) No Huddle-Shotgun #7 Z.Gibson pass complete short right to #21 E.Ervin caught at Navy40, for 19 yards to the Navy23 (#28 B.Allen), 1ST DOWN",1.142495851603984,2025-10-25T22:59:26.000Z
401762493,40176249334,401762493806,21,4,Florida Atlantic,American Athletic,25,Navy,American Athletic,42,Navy,Florida Atlantic,4,"{'minutes': 1, 'seconds': 30}",3,2,23,23,1,10,6,False,Rush,"(01:43) No Huddle-Shotgun #7 Z.Gibson rush middle for 6 yards gain to the Navy17, End Of Play",0.1912250505569165,2025-10-25T22:59:55.000Z
401762493,40176249334,401762493811,21,5,Florida Atlantic,American Athletic,25,Navy,American Athletic,42,Navy,Florida Atlantic,4,"{'minutes': 1, 'seconds': 16}",3,2,17,17,2,4,8,False,Rush,"(01:18) No Huddle-Shotgun #21 E.Ervin rush middle for 8 yards gain to the Navy09 (#35 L.Pirris), 1ST DOWN",0.048514803867844,2025-10-25T23:00:14.000Z
401762493,40176249336,401762493828,22,1,Florida Atlantic,American Athletic,32,Navy,American Athletic,42,Navy,Florida Atlantic,4,"{'minutes': 1, 'seconds': 9}",3,2,65,65,1,10,0,False,Kickoff,"(01:09) #42 A.Nelms onside kickoff 9 yards to the FAU44, End Of Play",,2025-10-25T23:03:50.000Z
401762493,40176249336,401762493832,22,2,Navy,American Athletic,42,Florida Atlantic,American Athletic,32,Navy,Florida Atlantic,4,"{'minutes': 1, 'seconds': 1}",2,3,57,43,1,10,9,False,Rush,(01:02) Shotgun #11 B.Horvath rush right for 9 yards gain to the FAU34 (#44 T.Stolsky; #18 Z.Paret),0.9071042242020542,2025-10-25T23:04:16.000Z
401762493,40176249336,401762493836,22,3,Navy,American Athletic,42,Florida Atlantic,American Athletic,32,Navy,Florida Atlantic,4,"{'minutes': 0, 'seconds': 57}",2,3,66,34,2,1,3,False,Rush,"(01:00) #46 A.Tecza rush middle for 3 yards gain to the FAU31 (#25 M.Wright III; #44 T.Stolsky), 1ST DOWN",-0.396680306344148,2025-10-25T23:05:25.000Z
401762493,40176249336,401762493840,22,4,Navy,American Athletic,42,Florida Atlantic,American Athletic,32,Navy,Florida Atlantic,4,"{'minutes': 0, 'seconds': 29}",2,3,69,31,1,10,-2,False,Rush,(00:29) Kneel down by Navy at FAU33 for loss of 2 yards,-0.888144093928609,2025-10-25T23:06:10.000Z
401762493,40176249336,401762493845,22,5,Navy,American Athletic,42,Florida Atlantic,American Athletic,32,Navy,Florida Atlantic,4,"{'minutes': 0, 'seconds': 0}",2,3,69,31,1,10,-2,False,End Period,End of 4th quarter.,-0.888144093928609,2025-10-25T23:06:47.000Z
401762505,4017625052,4017625053,1,1,Florida Atlantic,American Athletic,0,Tulsa,American Athletic,0,Florida Atlantic,Tulsa,1,"{'minutes': 15, 'seconds': 0}",3,3,35,65,1,10,0,False,Kickoff,"(15:00) #42 A.Nelms kickoff 65 yards to the Tulsa00, Touchback",,2025-11-08T20:01:01.000Z
401762505,4017625052,40176250512,1,2,Tulsa,American Athletic,0,Florida Atlantic,American Athletic,0,Florida Atlantic,Tulsa,1,"{'minutes': 14, 'seconds': 55}",3,3,75,75,1,10,0,False,Pass Incompletion,(14:55) No Huddle-Shotgun #10 B.Hayes pass incomplete short middle to #80 B.Foley thrown to Tulsa30 QB hurried by #5 D.Batiste and #26 J.Sweeney,-0.7029700220436519,2025-11-08T20:03:24.000Z
401762505,4017625052,40176250515,1,3,Tulsa,American Athletic,0,Florida Atlantic,American Athletic,0,Florida Atlantic,Tulsa,1,"{'minutes': 14, 'seconds': 45}",3,3,75,75,2,10,13,False,Pass Reception,"(14:50) No Huddle-Shotgun #10 B.Hayes pass complete short left to #80 B.Foley caught at Tulsa35, for 13 yards to the Tulsa38 (#8 C.Tooley III), 1ST DOWN",1.8277215010854828,2025-11-08T20:03:52.000Z
401762505,4017625052,40176250520,1,4,Tulsa,American Athletic,0,Florida Atlantic,American Athletic,0,Florida Atlantic,Tulsa,1,"{'minutes': 14, 'seconds': 21}",3,3,62,62,1,10,3,False,Rush,(14:26) No Huddle-Shotgun #7 Z.Steptoe rush right for 3 yards gain to the Tulsa41 (#8 C.Tooley III; #44 T.Stolsky),-0.4251117664036599,2025-11-08T20:04:16.000Z
401762505,4017625052,40176250524,1,5,Tulsa,American Athletic,0,Florida Atlantic,American Athletic,0,Florida Atlantic,Tulsa,1,"{'minutes': 13, 'seconds': 58}",3,3,59,59,2,7,11,False,Pass Interception Return,(14:04) No Huddle-Shotgun #10 B.Hayes pass intercepted by #27 T.Reid at Tulsa49 #27 T.Reid return 11 yards to the Tulsa38 (#15 J.Smith),-1.6218845929168495,2025-11-08T20:04:57.000Z
401762505,4017625053,40176250545,2,5,Florida Atlantic,American Athletic,3,Tulsa,American Athletic,0,Florida Atlantic,Tulsa,1,"{'minutes': 12, 'seconds': 47}",3,3,82,18,4,9,35,True,Field Goal Good,"(12:47) #37 G.Smith field goal attempt from 35 yards GOOD (H: #19 L.Lupo, LS: #43 J.Lee), clock 12:47",,2025-11-08T20:07:59.000Z
401762505,4017625053,40176250535,2,2,Florida Atlantic,American Athletic,0,Tulsa,American Athletic,0,Florida Atlantic,Tulsa,1,"{'minutes': 13, 'seconds': 30}",3,3,81,19,1,10,1,False,Rush,(13:37) No Huddle-Shotgun #28 K.Shields-Dutton rush middle for 1 yard gain to the Tulsa18 (#0 R.Coney),-0.280938211620716,2025-11-08T20:05:46.000Z
401762505,4017625053,40176250531,2,1,Florida Atlantic,American Athletic,0,Tulsa,American Athletic,0,Florida Atlantic,Tulsa,1,"{'minutes': 13, 'seconds': 45}",3,3,62,38,1,10,19,False,Rush,"(13:54) No Huddle-Shotgun #28 K.Shields-Dutton rush middle for 19 yards gain to the Tulsa19 (#0 R.Coney), 1ST DOWN",0.490145019947665,2025-11-08T20:05:29.000Z
401762505,4017625053,40176250539,2,3,Florida Atlantic,American Athletic,0,Tulsa,American Athletic,0,Florida Atlantic,Tulsa,1,"{'minutes': 12, 'seconds': 59}",3,3,82,18,2,9,0,False,Pass Incompletion,(13:01) No Huddle-Shotgun #10 C.Veltkamp pass incomplete short right to #3 J.Platt thrown to Tulsa00,-0.415945299207808,2025-11-08T20:06:22.000Z
401762505,4017625053,40176250542,2,4,Florida Atlantic,American Athletic,0,Tulsa,American Athletic,0,Florida Atlantic,Tulsa,1,"{'minutes': 12, 'seconds': 52}",3,3,82,18,3,9,0,False,Pass Incompletion,(12:57) No Huddle-Shotgun #10 C.Veltkamp pass incomplete short left to #8 E.Messer thrown to Tulsa00 QB hurried by #0 R.Coney,-0.639420536387652,2025-11-08T20:07:07.000Z
401762505,4017625055,40176250548,3,1,Florida Atlantic,American Athletic,3,Tulsa,American Athletic,0,Florida Atlantic,Tulsa,1,"{'minutes': 12, 'seconds': 47}",3,3,35,65,1,10,0,False,Kickoff,"(12:47) #42 A.Nelms kickoff 65 yards to the Tulsa00, Touchback",,2025-11-08T20:08:02.000Z
401762505,4017625055,40176250551,3,2,Tulsa,American Athletic,0,Florida Atlantic,American Athletic,3,Florida Atlantic,Tulsa,1,"{'minutes': 12, 'seconds': 43}",3,3,75,75,1,10,0,False,Pass Incompletion,(12:43) No Huddle-Shotgun #10 B.Hayes pass incomplete short middle thrown to Tulsa25 broken up by #7 B.Langston,-0.7029700220436519,2025-11-08T20:12:04.000Z
401762505,4017625055,40176250554,3,3,Tulsa,American Athletic,0,Florida Atlantic,American Athletic,3,Florida Atlantic,Tulsa,1,"{'minutes': 12, 'seconds': 32}",3,3,75,75,2,10,0,False,Rush,(12:39) No Huddle-Shotgun #21 D.Richardson rush middle for 0 yards to the Tulsa25 (#11 G.Marcelin),-0.34710487712173865,2025-11-08T20:12:31.000Z
401762505,4017625055,40176250558,3,4,Tulsa,American Athletic,0,Florida Atlantic,American Athletic,3,Florida Atlantic,Tulsa,1,"{'minutes': 11, 'seconds': 52}",3,3,75,75,3,10,10,False,Pass Reception,"(12:04) No Huddle-Shotgun #10 B.Hayes pass complete short middle to #18 D.Gee Jr. caught at Tulsa25, for 10 yards to the Tulsa35 (#6 L.Hart Jr.), 1ST DOWN",1.8851130081953773,2025-11-08T20:13:09.000Z
401762505,4017625055,40176250564,3,5,Tulsa,American Athletic,0,Florida Atlantic,American Athletic,3,Florida Atlantic,Tulsa,1,"{'minutes': 11, 'seconds': 38}",3,3,65,65,1,10,1,False,Rush,(11:42) No Huddle-Shotgun #21 D.Richardson rush right for 1 yard gain to the Tulsa36 (#11 G.Marcelin; #26 J.Sweeney),-0.8334176637748527,2025-11-08T20:13:27.000Z
401762505,4017625055,40176250568,3,6,Tulsa,American Athletic,0,Florida Atlantic,American Athletic,3,Florida Atlantic,Tulsa,1,"{'minutes': 11, 'seconds': 13}",3,3,64,64,2,9,1,False,Rush,(11:18) No Huddle-Shotgun #21 D.Richardson rush right for 1 yard gain to the Tulsa37 (#7 B.Langston; #44 T.Stolsky),-0.5707961879282806,2025-11-08T20:13:53.000Z
401762505,4017625055,40176250572,3,7,Tulsa,American Athletic,0,Florida Atlantic,American Athletic,3,Florida Atlantic,Tulsa,1,"{'minutes': 10, 'seconds': 46}",3,3,63,63,3,8,10,False,Pass Reception,"(10:54) No Huddle-Shotgun #10 B.Hayes pass complete short left to #21 D.Richardson caught at Tulsa38, for 10 yards to the Tulsa47 (#6 L.Hart Jr.), 1ST DOWN",2.5516314288211603,2025-11-08T20:14:16.000Z
401762505,4017625055,40176250577,3,8,Tulsa,American Athletic,0,Florida Atlantic,American Athletic,3,Florida Atlantic,Tulsa,1,"{'minutes': 10, 'seconds': 31}",3,3,53,53,1,10,0,False,Pass Incompletion,(10:31) No Huddle-Shotgun #10 B.Hayes pass incomplete deep left to #21 D.Richardson thrown to FAU 30,-1.1527089917962545,2025-11-08T20:14:44.000Z
401762505,4017625055,40176250582,3,9,Tulsa,American Athletic,0,Florida Atlantic,American Athletic,3,Florida Atlantic,Tulsa,1,"{'minutes': 10, 'seconds': 19}",3,3,53,53,2,10,6,False,Rush,(10:26) No Huddle-Shotgun #10 B.Hayes rush middle for 6 yards gain to the FAU 47 (#44 T.Stolsky; #23 D.Allen). #44 T.Stolsky injured on the play,0.3206201789111418,2025-11-08T20:15:15.000Z
401762505,4017625055,40176250586,3,10,Tulsa,American Athletic,0,Florida Atlantic,American Athletic,3,Florida Atlantic,Tulsa,1,"{'minutes': 10, 'seconds': 12}",3,3,47,47,3,4,1,False,Rush,(10:15) No Huddle-Shotgun #10 B.Hayes rush left for 1 yard gain to the FAU 46 (#96 J.Roberts),-0.8563310288571149,2025-11-08T20:18:47.000Z
401762505,4017625055,40176250590,3,11,Tulsa,American Athletic,0,Florida Atlantic,American Athletic,3,Florida Atlantic,Tulsa,1,"{'minutes': 9, 'seconds': 31}",3,3,46,46,4,3,6,False,Pass Reception,"(09:43) No Huddle-Shotgun #10 B.Hayes pass complete short right to #19 G.Tempest caught at FAU 40, for 6 yards to the FAU 40 (#26 J.Sweeney), out of bounds, 1ST DOWN",2.5946701313781944,2025-11-08T20:19:18.000Z
401762505,4017625055,40176250595,3,12,Tulsa,American Athletic,0,Florida Atlantic,American Athletic,3,Florida Atlantic,Tulsa,1,"{'minutes': 9, 'seconds': 6}",3,3,40,40,1,10,-5,False,Sack,(09:11) No Huddle-Shotgun #10 B.Hayes pass incomplete deep middle thrown to FAU 20 QB hurried by #7 B.Langston PENALTY Tulsa Intentional Grounding (#10 B.Hayes),-1.927606356965283,2025-11-08T20:19:58.000Z
401762505,4017625055,401762505102,3,13,Tulsa,American Athletic,0,Florida Atlantic,American Athletic,3,Florida Atlantic,Tulsa,1,"{'minutes': 8, 'seconds': 59}",3,3,45,45,2,15,0,False,Pass Incompletion,(09:03) No Huddle-Shotgun #10 B.Hayes pass incomplete short left to #21 D.Richardson thrown to FAU 37 QB hurried by #28 Z.Horton,-0.9605387170985145,2025-11-08T20:21:06.000Z
401762505,4017625055,401762505105,3,14,Tulsa,American Athletic,0,Florida Atlantic,American Athletic,3,Florida Atlantic,Tulsa,1,"{'minutes': 8, 'seconds': 46}",3,3,45,45,3,15,12,False,Pass Reception,"(08:53) No Huddle-Shotgun #10 B.Hayes pass complete short middle to #2 A.Allen caught at FAU 40, for 12 yards to the FAU 33 (#30 K.Johnson)",1.525999049154314,2025-11-08T20:21:47.000Z
401762505,4017625055,401762505110,3,15,Tulsa,American Athletic,0,Florida Atlantic,American Athletic,3,Florida Atlantic,Tulsa,1,"{'minutes': 8, 'seconds': 6}",3,3,33,33,4,3,0,False,Pass Incompletion,"(08:06) Shotgun #10 B.Hayes pass incomplete deep left to #1 B.Presley thrown to FAU 00, TURNOVER ON DOWNS",-2.4488048311531756,2025-11-08T20:22:34.000Z
401762505,4017625056,401762505114,4,1,Florida Atlantic,American Athletic,3,Tulsa,American Athletic,0,Florida Atlantic,Tulsa,1,"{'minutes': 8, 'seconds': 1}",3,3,33,67,1,10,6,False,Rush,"(08:01) No Huddle-Shotgun #23 G.Sands rush left for 6 yards gain to the FAU 39 (#7 E.Green), out of bounds",0.3906282102434897,2025-11-08T20:23:23.000Z
401762505,4017625056,401762505118,4,2,Florida Atlantic,American Athletic,3,Tulsa,American Athletic,0,Florida Atlantic,Tulsa,1,"{'minutes': 7, 'seconds': 24}",3,3,39,61,2,4,1,False,Rush,(07:27) No Huddle-Shotgun #23 G.Sands rush right for 1 yard gain to the FAU 40 (#54 B.Turner Jr.),-0.9142250210409683,2025-11-08T20:24:18.000Z
401762505,4017625056,401762505122,4,3,Florida Atlantic,American Athletic,3,Tulsa,American Athletic,0,Florida Atlantic,Tulsa,1,"{'minutes': 6, 'seconds': 43}",3,3,40,60,3,3,10,False,Pass Reception,"(06:47) No Huddle-Shotgun #10 C.Veltkamp pass complete short left to #9 D.Henry caught at FAU 46, for 10 yards to the FAU 50 (#0 R.Coney; #1 C.Lewis), 1ST DOWN",2.1112415478172544,2025-11-08T20:24:58.000Z
401762505,4017625056,401762505127,4,4,Florida Atlantic,American Athletic,3,Tulsa,American Athletic,0,Florida Atlantic,Tulsa,1,"{'minutes': 6, 'seconds': 28}",3,3,50,50,1,10,0,False,Pass Incompletion,(06:31) No Huddle-Shotgun #10 C.Veltkamp pass incomplete deep middle to #9 D.Henry thrown to Tulsa10,-1.1143038065675126,2025-11-08T20:25:14.000Z
401762505,4017625056,401762505130,4,5,Florida Atlantic,American Athletic,3,Tulsa,American Athletic,0,Florida Atlantic,Tulsa,1,"{'minutes': 6, 'seconds': 21}",3,3,50,50,2,10,3,False,Rush,(06:25) No Huddle-Shotgun #23 G.Sands rush right for 3 yards gain to the Tulsa47 (#11 J.Burnett; #19 T.Cooper),-0.3987948868419303,2025-11-08T20:25:52.000Z
401762505,4017625056,401762505134,4,6,Florida Atlantic,American Athletic,10,Tulsa,American Athletic,0,Florida Atlantic,Tulsa,1,"{'minutes': 6, 'seconds': 0}",3,3,53,47,3,7,47,True,Passing Touchdown,"(06:06) No Huddle-Shotgun #10 C.Veltkamp pass complete short right to #3 J.Platt caught at Tulsa39, for 47 yards to the Tulsa00 TOUCHDOWN, clock 06:00, 1ST DOWN. The previous play is under automatic review - ""Runner was inbounds"". CALL UPHELD #37 G.Smith kick attempt good (H: #19 L.Lupo, LS: #43 J.Lee)",5.354510625530816,2025-11-08T20:26:10.000Z
401762505,4017625058,401762505198,5,13,Tulsa,American Athletic,0,Florida Atlantic,American Athletic,10,Florida Atlantic,Tulsa,1,"{'minutes': 1, 'seconds': 19}",2,3,33,33,3,4,0,False,Timeout,"Timeout Tulsa, clock 01:19",,2025-11-08T20:39:36.000Z
401762505,4017625058,401762505146,5,1,Florida Atlantic,American Athletic,10,Tulsa,American Athletic,0,Florida Atlantic,Tulsa,1,"{'minutes': 6, 'seconds': 0}",3,3,35,65,1,10,0,False,Kickoff,"(06:00) #42 A.Nelms kickoff 65 yards to the Tulsa00, Touchback",,2025-11-08T20:28:40.000Z
401762505,4017625058,401762505149,5,2,Tulsa,American Athletic,0,Florida Atlantic,American Athletic,10,Florida Atlantic,Tulsa,1,"{'minutes': 5, 'seconds': 53}",3,3,75,75,1,10,2,False,Rush,(05:55) Shotgun #21 D.Richardson rush middle for 2 yards gain to the Tulsa27 (#6 L.Hart Jr.; #15 T.Luman),-0.45260367932203766,2025-11-08T20:32:37.000Z
401762505,4017625058,401762505153,5,3,Tulsa,American Athletic,0,Florida Atlantic,American Athletic,10,Florida Atlantic,Tulsa,1,"{'minutes': 5, 'seconds': 17}",3,3,73,73,2,8,4,False,Pass Reception,"(05:24) Shotgun #10 B.Hayes pass complete short right to #19 G.Tempest caught at Tulsa24, for 4 yards to the Tulsa31 (#23 D.Allen; #3 D.Rogers Jr.)",-0.08212860423373947,2025-11-08T20:33:09.000Z
401762505,4017625058,401762505158,5,4,Tulsa,American Athletic,0,Florida Atlantic,American Athletic,10,Florida Atlantic,Tulsa,1,"{'minutes': 4, 'seconds': 44}",3,3,69,69,3,4,6,False,Pass Reception,"(04:44) Shotgun #10 B.Hayes pass complete short middle to #23 L.Lucas caught at Tulsa33, for 6 yards to the Tulsa37 (#23 D.Allen), 1ST DOWN",1.5619766096993484,2025-11-08T20:33:55.000Z
401762505,4017625058,401762505164,5,5,Tulsa,American Athletic,0,Florida Atlantic,American Athletic,10,Florida Atlantic,Tulsa,1,"{'minutes': 4, 'seconds': 5}",3,3,63,63,1,10,11,False,Pass Reception,"(04:19) Shotgun #10 B.Hayes pass complete short middle to #19 G.Tempest caught at Tulsa47, for 11 yards to the Tulsa48 (#23 D.Allen), 1ST DOWN",1.0424565048673191,2025-11-08T20:34:19.000Z
401762505,4017625058,401762505169,5,6,Tulsa,American Athletic,0,Florida Atlantic,American Athletic,10,Florida Atlantic,Tulsa,1,"{'minutes': 3, 'seconds': 41}",3,3,52,52,1,10,4,False,Pass Reception,"(03:49) Shotgun #10 B.Hayes pass complete short left to #80 B.Foley caught at Tulsa46, for 4 yards to the FAU 48 (#6 L.Hart Jr.)",-0.1504912861657514,2025-11-08T20:34:48.000Z
401762505,4017625058,401762505174,5,7,Tulsa,American Athletic,0,Florida Atlantic,American Athletic,10,Florida Atlantic,Tulsa,1,"{'minutes': 3, 'seconds': 16}",3,3,48,48,2,6,2,False,Rush,"(03:19) Shotgun #10 B.Hayes rush left for 2 yards gain to the FAU 46, out of bounds at FAU 46",-0.6708786539192211,2025-11-08T20:35:16.000Z
401762505,4017625058,401762505178,5,8,Tulsa,American Athletic,0,Florida Atlantic,American Athletic,10,Florida Atlantic,Tulsa,1,"{'minutes': 2, 'seconds': 47}",3,3,46,46,3,4,0,False,Rush,(02:50) Shotgun #21 D.Richardson rush left for 0 yards to the FAU 46 (#32 D.McGhee). #11 G.Marcelin injured on the play,-1.071428384521834,2025-11-08T20:35:48.000Z
401762505,4017625058,401762505182,5,9,Tulsa,American Athletic,0,Florida Atlantic,American Athletic,10,Florida Atlantic,Tulsa,1,"{'minutes': 2, 'seconds': 9}",3,3,46,46,4,4,7,False,Rush,"(02:12) Shotgun #10 B.Hayes rush middle for 7 yards gain to the FAU 39 (#32 D.McGhee), out of bounds, 1ST DOWN",2.7604140583856864,2025-11-08T20:37:37.000Z
401762505,4017625058,401762505186,5,10,Tulsa,American Athletic,0,Florida Atlantic,American Athletic,10,Florida Atlantic,Tulsa,1,"{'minutes': 1, 'seconds': 43}",3,3,39,39,1,10,0,False,Pass Incompletion,(01:43) Shotgun #10 B.Hayes pass incomplete deep left to #80 B.Foley thrown to FAU 19,-0.814236079442537,2025-11-08T20:38:07.000Z
401762505,4017625058,401762505189,5,11,Tulsa,American Athletic,0,Florida Atlantic,American Athletic,10,Florida Atlantic,Tulsa,1,"{'minutes': 1, 'seconds': 36}",3,3,39,39,2,10,6,False,Rush,(01:38) Shotgun #21 D.Richardson rush middle for 6 yards gain to the FAU 33 (#44 T.Stolsky),0.2615358759088887,2025-11-08T20:38:39.000Z
401762505,4017625058,401762505193,5,12,Tulsa,American Athletic,0,Florida Atlantic,American Athletic,10,Florida Atlantic,Tulsa,1,"{'minutes': 1, 'seconds': 19}",3,3,33,33,3,4,0,False,Pass Incompletion,(01:19) Shotgun #10 B.Hayes pass incomplete short right to #21 D.Richardson thrown to FAU 30,-0.9878222652679103,2025-11-08T20:38:59.000Z
401762505,4017625058,401762505196,5,14,Tulsa,American Athletic,0,Florida Atlantic,American Athletic,10,Florida Atlantic,Tulsa,1,"{'minutes': 1, 'seconds': 14}",2,3,33,33,4,4,0,False,Pass Incompletion,"(01:14) Shotgun #10 B.Hayes pass incomplete short right to #19 G.Tempest thrown to FAU 20, TURNOVER ON DOWNS",-2.3190389762668904,2025-11-08T20:40:47.000Z
401762505,4017625059,401762505216,6,4,Florida Atlantic,American Athletic,10,Tulsa,American Athletic,0,Florida Atlantic,Tulsa,1,"{'minutes': 0, 'seconds': 0}",3,2,92,8,1,8,-2,False,End Period,End of 1st quarter.,-0.4796203328016926,2025-11-08T20:43:05.000Z
401762505,4017625059,401762505201,6,1,Florida Atlantic,American Athletic,10,Tulsa,American Athletic,0,Florida Atlantic,Tulsa,1,"{'minutes': 1, 'seconds': 4}",3,2,33,67,1,10,9,False,Pass Reception,"(01:14) No Huddle-Shotgun #10 C.Veltkamp pass complete short right to #8 E.Messer caught at FAU 34, for 9 yards to the FAU 42 (#16 D.Robinson)",1.381064908582042,2025-11-08T20:41:32.000Z
401762505,4017625059,401762505206,6,2,Florida Atlantic,American Athletic,10,Tulsa,American Athletic,0,Florida Atlantic,Tulsa,1,"{'minutes': 0, 'seconds': 27}",3,2,42,58,2,1,50,False,Rush,"(00:44) No Huddle-Shotgun #28 K.Shields-Dutton rush middle for 50 yards gain to the Tulsa08 (#7 E.Green), 1ST DOWN",1.728392191859415,2025-11-08T20:42:04.000Z
401762505,4017625059,401762505210,6,3,Florida Atlantic,American Athletic,10,Tulsa,American Athletic,0,Florida Atlantic,Tulsa,1,"{'minutes': 0, 'seconds': 20}",3,2,92,8,1,8,-2,False,Rush,(00:20) No Huddle-Shotgun #28 K.Shields-Dutton rush middle for 2 yards loss to the Tulsa10 (#23 J.Williams),-0.4796203328016926,2025-11-08T20:42:27.000Z
401762505,4017625059,401762505220,6,5,Florida Atlantic,American Athletic,10,Tulsa,American Athletic,0,Florida Atlantic,Tulsa,2,"{'minutes': 14, 'seconds': 46}",3,2,90,10,2,10,9,False,Pass Reception,"(14:55) No Huddle-Shotgun #10 C.Veltkamp pass complete short right to #23 G.Sands caught at Tulsa10, for 9 yards to the Tulsa01 (#0 R.Coney)",0.3452216723218346,2025-11-08T20:46:52.000Z
401762505,4017625059,401762505227,6,6,Florida Atlantic,American Athletic,10,Tulsa,American Athletic,0,Florida Atlantic,Tulsa,2,"{'minutes': 14, 'seconds': 11}",3,2,99,1,3,1,-2,False,Fumble Recovery (Opponent),"(14:19) No Huddle-Shotgun #10 C.Veltkamp rush middle for 2 yards loss to the Tulsa03 fumbled by #10 C.Veltkamp at Tulsa02 recovered by Tulsa #54 B.Turner Jr. at Tulsa03, End Of Play",-4.54600177082045,2025-11-08T20:47:49.000Z
401762505,40176250510,401762505271,7,10,Tulsa,American Athletic,0,Florida Atlantic,American Athletic,10,Florida Atlantic,Tulsa,2,"{'minutes': 10, 'seconds': 0}",2,3,12,12,4,4,5,False,Penalty,PENALTY Tulsa Delay Of Game  5 yards from FAU 12 to FAU 17. NO PLAY,,2025-11-08T20:54:04.000Z
401762505,40176250510,401762505274,7,11,Tulsa,American Athletic,3,Florida Atlantic,American Athletic,10,Florida Atlantic,Tulsa,2,"{'minutes': 9, 'seconds': 56}",2,3,17,17,4,9,35,True,Field Goal Good,"(09:56) #11 S.Morgan field goal attempt from 35 yards GOOD (H: #29 A.Davies, LS: #42 A.Fedigan), clock 09:56",,2025-11-08T20:54:45.000Z
401762505,40176250510,401762505234,7,1,Tulsa,American Athletic,0,Florida Atlantic,American Athletic,10,Florida Atlantic,Tulsa,2,"{'minutes': 14, 'seconds': 4}",2,3,97,97,1,10,6,False,Rush,(14:07) Shotgun #21 D.Richardson rush right for 6 yards gain to the Tulsa09 (#20 J.Harriott),0.17379937225260012,2025-11-08T20:48:39.000Z
401762505,40176250510,401762505238,7,2,Tulsa,American Athletic,0,Florida Atlantic,American Athletic,10,Florida Atlantic,Tulsa,2,"{'minutes': 13, 'seconds': 31}",2,3,91,91,2,4,0,False,Pass Incompletion,(13:34) Shotgun #10 B.Hayes pass incomplete deep left to #15 J.Smith thrown to Tulsa40,-0.3604056323007718,2025-11-08T20:49:13.000Z
401762505,40176250510,401762505241,7,3,Tulsa,American Athletic,0,Florida Atlantic,American Athletic,10,Florida Atlantic,Tulsa,2,"{'minutes': 13, 'seconds': 22}",2,3,91,91,3,4,7,False,Pass Reception,"(13:28) Shotgun #10 B.Hayes pass complete short middle to #2 A.Allen caught at Tulsa12, for 7 yards to the Tulsa16 (#44 T.Stolsky), 1ST DOWN",0.5647554945843982,2025-11-08T20:49:52.000Z
401762505,40176250510,401762505246,7,4,Tulsa,American Athletic,0,Florida Atlantic,American Athletic,10,Florida Atlantic,Tulsa,2,"{'minutes': 12, 'seconds': 50}",2,3,84,84,1,10,20,False,Rush,"(12:56) Shotgun #2 A.Allen rush middle for 20 yards gain to the Tulsa36 (#32 D.McGhee), 1ST DOWN",1.4321767194283437,2025-11-08T20:50:26.000Z
401762505,40176250510,401762505250,7,5,Tulsa,American Athletic,0,Florida Atlantic,American Athletic,10,Florida Atlantic,Tulsa,2,"{'minutes': 12, 'seconds': 34}",2,3,64,64,1,10,6,False,Rush,(12:37) Shotgun #2 A.Allen rush middle for 6 yards gain to the Tulsa42 (#6 L.Hart Jr.),0.4008542507084805,2025-11-08T20:50:44.000Z
401762505,40176250510,401762505254,7,6,Tulsa,American Athletic,0,Florida Atlantic,American Athletic,10,Florida Atlantic,Tulsa,2,"{'minutes': 11, 'seconds': 54}",2,3,58,58,2,4,40,False,Pass Reception,"(11:58) Shotgun #10 B.Hayes pass complete short left to #6 J.Emmers caught at Tulsa41, for 40 yards to the FAU 18 (#22 L.Johnson), out of bounds, 1ST DOWN",2.1545456479962595,2025-11-08T20:51:22.000Z
401762505,40176250510,401762505259,7,7,Tulsa,American Athletic,0,Florida Atlantic,American Athletic,10,Florida Atlantic,Tulsa,2,"{'minutes': 11, 'seconds': 25}",2,3,18,18,1,10,3,False,Rush,(11:28) No Huddle-Shotgun #2 A.Allen rush middle for 3 yards gain to the FAU 15 (#96 J.Roberts),-0.111402529616803,2025-11-08T20:51:57.000Z
401762505,40176250510,401762505263,7,8,Tulsa,American Athletic,0,Florida Atlantic,American Athletic,10,Florida Atlantic,Tulsa,2,"{'minutes': 10, 'seconds': 51}",2,3,15,15,2,7,0,False,Pass Incompletion,(10:51) No Huddle-Shotgun #10 B.Hayes pass incomplete short middle thrown to FAU 10 QB hurried by #26 J.Sweeney,-0.368112823172597,2025-11-08T20:52:37.000Z
401762505,40176250510,401762505266,7,9,Tulsa,American Athletic,0,Florida Atlantic,American Athletic,10,Florida Atlantic,Tulsa,2,"{'minutes': 10, 'seconds': 41}",2,3,15,15,3,7,3,False,Pass Reception,"(10:46) No Huddle-Shotgun #10 B.Hayes pass complete short left to #21 D.Richardson caught at FAU 15, for 3 yards to the FAU 12 (#26 J.Sweeney)",-0.154007929545127,2025-11-08T20:53:15.000Z
401762505,40176250512,401762505277,8,1,Tulsa,American Athletic,3,Florida Atlantic,American Athletic,10,Florida Atlantic,Tulsa,2,"{'minutes': 9, 'seconds': 56}",2,3,65,65,1,10,0,False,Kickoff,"(09:56) #11 S.Morgan kickoff 65 yards to the FAU 00, Touchback",,2025-11-08T20:54:49.000Z
401762505,40176250512,401762505280,8,2,Florida Atlantic,American Athletic,10,Tulsa,American Athletic,3,Florida Atlantic,Tulsa,2,"{'minutes': 9, 'seconds': 48}",3,2,25,75,1,10,3,False,Rush,(09:51) No Huddle-Shotgun #23 G.Sands rush right for 3 yards gain to the FAU 28 (#99 T.Newhouse; #33 W.Alexander),-0.2957674139440157,2025-11-08T20:59:28.000Z
401762505,40176250512,401762505284,8,3,Florida Atlantic,American Athletic,10,Tulsa,American Athletic,3,Florida Atlantic,Tulsa,2,"{'minutes': 9, 'seconds': 14}",3,2,28,72,2,7,4,False,Pass Reception,"(09:18) No Huddle-Shotgun #10 C.Veltkamp pass complete short left to #8 E.Messer caught at FAU 25, for 4 yards to the FAU 32 (#21 S.Smith)",-0.0933867271711355,2025-11-08T21:00:01.000Z
401762505,40176250512,401762505289,8,4,Florida Atlantic,American Athletic,10,Tulsa,American Athletic,3,Florida Atlantic,Tulsa,2,"{'minutes': 9, 'seconds': 0}",3,2,32,68,3,3,0,False,Pass Incompletion,(09:00) No Huddle-Shotgun #10 C.Veltkamp pass incomplete short right to #89 M.Kirch thrown to FAU 36 broken up by #16 D.Robinson,-0.5139435334013278,2025-11-08T21:00:22.000Z
401762505,40176250512,401762505292,8,5,Florida Atlantic,American Athletic,10,Tulsa,American Athletic,3,Florida Atlantic,Tulsa,2,"{'minutes': 8, 'seconds': 54}",3,2,32,68,4,3,2,False,Rush,"(08:57) No Huddle #28 K.Shields-Dutton rush middle for 2 yards gain to the FAU 34 (#27 Z.Woodham; #9 D.Collins), TURNOVER ON DOWNS",-0.019147205762199526,2025-11-08T21:01:01.000Z
401762505,40176250513,401762505308,9,4,Tulsa,American Athletic,3,Florida Atlantic,American Athletic,10,Florida Atlantic,Tulsa,2,"{'minutes': 7, 'seconds': 58}",2,3,26,26,4,2,5,False,Penalty,PENALTY Tulsa False Start (#18 D.Gee Jr.) 5 yards from FAU 26 to FAU 31. NO PLAY,,2025-11-08T21:03:33.000Z
401762505,40176250513,401762505311,9,5,Tulsa,American Athletic,6,Florida Atlantic,American Athletic,10,Florida Atlantic,Tulsa,2,"{'minutes': 7, 'seconds': 39}",2,3,31,31,4,7,49,True,Field Goal Good,"(07:39) #11 S.Morgan field goal attempt from 49 yards GOOD (H: #29 A.Davies, LS: #42 A.Fedigan), clock 07:39",,2025-11-08T21:04:19.000Z
401762505,40176250513,401762505297,9,1,Tulsa,American Athletic,3,Florida Atlantic,American Athletic,10,Florida Atlantic,Tulsa,2,"{'minutes': 8, 'seconds': 46}",2,3,34,34,1,10,6,False,Rush,(08:50) No Huddle-Shotgun #2 A.Allen rush middle for 6 yards gain to the FAU 28 (#11 G.Marcelin),0.228690499805612,2025-11-08T21:02:04.000Z
401762505,40176250513,401762505301,9,2,Tulsa,American Athletic,3,Florida Atlantic,American Athletic,10,Florida Atlantic,Tulsa,2,"{'minutes': 8, 'seconds': 35}",2,3,28,28,2,4,0,False,Pass Incompletion,(08:35) No Huddle-Shotgun #10 B.Hayes pass incomplete deep right to #18 D.Gee Jr. thrown to FAU 08 broken up by #32 D.McGhee,-0.6711891564291486,2025-11-08T21:02:20.000Z
401762505,40176250513,401762505304,9,3,Tulsa,American Athletic,3,Florida Atlantic,American Athletic,10,Florida Atlantic,Tulsa,2,"{'minutes': 8, 'seconds': 27}",2,3,28,28,3,4,2,False,Rush,(08:31) No Huddle-Shotgun #2 A.Allen rush right for 2 yards gain to the FAU 26 (#8 C.Tooley III; #44 T.Stolsky),-0.4538654387692507,2025-11-08T21:02:48.000Z
401762505,40176250515,401762505314,10,1,Tulsa,American Athletic,6,Florida Atlantic,American Athletic,10,Florida Atlantic,Tulsa,2,"{'minutes': 7, 'seconds': 39}",2,3,65,65,1,10,0,False,Kickoff,"(07:39) #11 S.Morgan kickoff 65 yards to the FAU 00, Touchback",,2025-11-08T21:04:22.000Z
401762505,40176250515,401762505317,10,2,Florida Atlantic,American Athletic,10,Tulsa,American Athletic,6,Florida Atlantic,Tulsa,2,"{'minutes': 7, 'seconds': 30}",3,2,25,75,1,10,5,False,Pass Reception,"(07:35) No Huddle-Shotgun #10 C.Veltkamp pass complete short left to #9 D.Henry caught at FAU 30, for 5 yards to the FAU 30 (#1 C.Lewis)",0.0945451165334843,2025-11-08T21:08:10.000Z
401762505,40176250515,401762505322,10,3,Florida Atlantic,American Athletic,10,Tulsa,American Athletic,6,Florida Atlantic,Tulsa,2,"{'minutes': 7, 'seconds': 16}",3,2,30,70,2,5,1,False,Rush,(07:20) No Huddle-Shotgun #28 K.Shields-Dutton rush middle for 1 yard gain to the FAU 31 (#90 J.Hjelle),-0.6292774000892614,2025-11-08T21:08:25.000Z
401762505,40176250515,401762505326,10,4,Florida Atlantic,American Athletic,10,Tulsa,American Athletic,6,Florida Atlantic,Tulsa,2,"{'minutes': 6, 'seconds': 34}",3,2,31,69,3,4,11,False,Pass Reception,"(06:47) No Huddle-Shotgun #10 C.Veltkamp pass complete short right to #19 B.Hoch caught at FAU 33, for 11 yards to the FAU 42 (#21 S.Smith), 1ST DOWN",2.050784191237783,2025-11-08T21:09:02.000Z
401762505,40176250515,401762505331,10,5,Florida Atlantic,American Athletic,10,Tulsa,American Athletic,6,Florida Atlantic,Tulsa,2,"{'minutes': 6, 'seconds': 18}",3,2,42,58,1,10,8,False,Pass Reception,"(06:26) No Huddle-Shotgun #10 C.Veltkamp pass complete short right to #19 B.Hoch caught at FAU 45, for 8 yards to the FAU 50 (#7 E.Green)",0.9916447666850381,2025-11-08T21:09:19.000Z
401762505,40176250515,401762505336,10,6,Florida Atlantic,American Athletic,10,Tulsa,American Athletic,6,Florida Atlantic,Tulsa,2,"{'minutes': 6, 'seconds': 0}",3,2,50,50,2,2,6,False,Rush,"(06:09) No Huddle-Shotgun #10 C.Veltkamp rush middle for 6 yards gain to the Tulsa44 (#10 T.Hardiman), 1ST DOWN",0.1571760878442561,2025-11-08T21:09:37.000Z
401762505,40176250515,401762505340,10,7,Florida Atlantic,American Athletic,17,Tulsa,American Athletic,6,Florida Atlantic,Tulsa,2,"{'minutes': 5, 'seconds': 21}",3,2,56,44,1,10,44,True,Passing Touchdown,"(05:26) No Huddle-Shotgun #10 C.Veltkamp pass complete deep left to #8 E.Messer caught at Tulsa10, for 44 yards to the Tulsa00 TOUCHDOWN, clock 05:21, 1ST DOWN #37 G.Smith kick attempt good (H: #19 L.Lupo, LS: #43 J.Lee)",3.4128823575100213,2025-11-08T21:10:20.000Z
401762505,40176250517,401762505348,11,1,Florida Atlantic,American Athletic,17,Tulsa,American Athletic,6,Florida Atlantic,Tulsa,2,"{'minutes': 5, 'seconds': 21}",3,2,35,65,1,10,0,False,Kickoff,(05:21) #42 A.Nelms kickoff 55 yards to the Tulsa10 fair catch by #5 C.Johnson II at Tulsa10,,2025-11-08T21:11:04.000Z
401762505,40176250517,401762505377,11,8,Tulsa,American Athletic,6,Florida Atlantic,American Athletic,17,Florida Atlantic,Tulsa,2,"{'minutes': 2, 'seconds': 0}",2,3,59,59,1,10,0,False,Timeout,"Timeout , clock 02:00",,2025-11-08T21:19:03.000Z
401762505,40176250517,401762505393,11,12,Tulsa,American Athletic,6,Florida Atlantic,American Athletic,17,Florida Atlantic,Tulsa,2,"{'minutes': 1, 'seconds': 19}",1,3,16,16,1,10,0,False,Timeout,"Timeout Tulsa, clock 01:19",,2025-11-08T21:24:21.000Z
401762505,40176250517,401762505391,11,14,Tulsa,American Athletic,6,Florida Atlantic,American Athletic,17,Florida Atlantic,Tulsa,2,"{'minutes': 1, 'seconds': 15}",1,3,9,9,2,3,5,False,Penalty,"(01:15) No Huddle-Shotgun #10 B.Hayes rush right for 3 yards loss to the FAU 12 (#28 Z.Horton), out of bounds PENALTY FAU  Offside (#11 G.Marcelin) 5 yards from FAU 09 to FAU 04, 1ST DOWN. NO PLAY",,2025-11-08T21:25:49.000Z
401762505,40176250517,401762505351,11,2,Tulsa,American Athletic,6,Florida Atlantic,American Athletic,17,Florida Atlantic,Tulsa,2,"{'minutes': 5, 'seconds': 12}",2,3,75,75,1,10,9,False,Rush,(05:16) No Huddle-Shotgun #2 A.Allen rush middle for 9 yards gain to the Tulsa34 (#6 L.Hart Jr.; #44 T.Stolsky),1.252308359788624,2025-11-08T21:15:21.000Z
401762505,40176250517,401762505355,11,3,Tulsa,American Athletic,6,Florida Atlantic,American Athletic,17,Florida Atlantic,Tulsa,2,"{'minutes': 4, 'seconds': 53}",2,3,66,66,2,1,13,False,Rush,"(04:58) No Huddle-Shotgun #10 B.Hayes rush left for 13 yards gain to the Tulsa47, out of bounds at Tulsa47, 1ST DOWN",0.73014732635939,2025-11-08T21:15:39.000Z
401762505,40176250517,401762505359,11,4,Tulsa,American Athletic,6,Florida Atlantic,American Athletic,17,Florida Atlantic,Tulsa,2,"{'minutes': 4, 'seconds': 19}",2,3,53,53,1,10,9,False,Rush,(04:23) No Huddle-Shotgun #2 A.Allen rush right for 9 yards gain to the FAU 44 (#26 J.Sweeney),1.1787223367393838,2025-11-08T21:16:17.000Z
401762505,40176250517,401762505363,11,5,Tulsa,American Athletic,6,Florida Atlantic,American Athletic,17,Florida Atlantic,Tulsa,2,"{'minutes': 3, 'seconds': 35}",2,3,44,44,2,1,0,False,Rush,(03:38) No Huddle-Shotgun #2 A.Allen rush middle for 0 yards to the FAU 44 (#7 B.Langston),-1.2256788565205634,2025-11-08T21:17:02.000Z
401762505,40176250517,401762505367,11,6,Tulsa,American Athletic,6,Florida Atlantic,American Athletic,17,Florida Atlantic,Tulsa,2,"{'minutes': 2, 'seconds': 54}",2,3,44,44,3,1,3,False,Rush,"(02:58) No Huddle-Shotgun #21 D.Richardson rush middle for 3 yards gain to the FAU 41 (#5 D.Batiste), 1ST DOWN",0.901736327457968,2025-11-08T21:17:42.000Z
401762505,40176250517,401762505371,11,7,Tulsa,American Athletic,6,Florida Atlantic,American Athletic,17,Florida Atlantic,Tulsa,2,"{'minutes': 2, 'seconds': 19}",2,3,41,41,1,10,5,False,Rush,"(02:24) No Huddle-Shotgun #10 B.Hayes rush right for 5 yards gain to the FAU 36, out of bounds at FAU 36",0.0885892770886229,2025-11-08T21:18:16.000Z
401762505,40176250517,401762505375,11,9,Tulsa,American Athletic,6,Florida Atlantic,American Athletic,17,Florida Atlantic,Tulsa,2,"{'minutes': 1, 'seconds': 57}",2,3,36,36,2,5,0,False,Pass Incompletion,(01:57) No Huddle-Shotgun #10 B.Hayes pass incomplete short middle to #80 B.Foley thrown to FAU 36 broken up by #26 J.Sweeney,-0.8978390125055055,2025-11-08T21:22:07.000Z
401762505,40176250517,401762505379,11,10,Tulsa,American Athletic,6,Florida Atlantic,American Athletic,17,Florida Atlantic,Tulsa,2,"{'minutes': 1, 'seconds': 51}",2,3,36,36,3,5,5,False,Rush,"(01:53) No Huddle-Shotgun #2 A.Allen rush middle for 5 yards gain to the FAU 31 (#14 T.Luman), 1ST DOWN",1.207823191240454,2025-11-08T21:22:43.000Z
401762505,40176250517,401762505383,11,11,Tulsa,American Athletic,6,Florida Atlantic,American Athletic,17,Florida Atlantic,Tulsa,2,"{'minutes': 1, 'seconds': 27}",2,3,31,31,1,10,15,False,Rush,"(01:31) No Huddle-Shotgun #10 B.Hayes rush left for 15 yards gain to the FAU 16 (#30 K.Johnson), out of bounds, 1ST DOWN",0.2732234487805736,2025-11-08T21:23:18.000Z
401762505,40176250517,401762505387,11,13,Tulsa,American Athletic,6,Florida Atlantic,American Athletic,17,Florida Atlantic,Tulsa,2,"{'minutes': 1, 'seconds': 17}",1,3,16,16,1,10,7,False,Rush,(01:21) No Huddle-Shotgun #18 D.Gee Jr. rush right for 7 yards gain to the FAU 09 (#20 C.Keys Jr.),0.3060293004171264,2025-11-08T21:24:00.000Z
401762505,40176250517,401762505397,11,15,Tulsa,American Athletic,6,Florida Atlantic,American Athletic,24,Florida Atlantic,Tulsa,2,"{'minutes': 0, 'seconds': 58}",1,3,4,4,1,4,95,True,Fumble Return Touchdown,Damarius McGhee 95 Yd Fumble Return (Garrison Smith Kick),-12.311809481286025,2025-11-08T21:26:40.000Z
401762505,40176250519,401762505410,12,1,Florida Atlantic,American Athletic,24,Tulsa,American Athletic,6,Florida Atlantic,Tulsa,2,"{'minutes': 0, 'seconds': 53}",3,1,35,65,1,10,21,False,Kickoff,(00:57) #42 A.Nelms kickoff 63 yards to the Tulsa02 #1 B.Presley return 21 yards to the Tulsa23 (#25 M.Wright III),,2025-11-08T21:32:42.000Z
401762505,40176250519,401762505415,12,2,Tulsa,American Athletic,6,Florida Atlantic,American Athletic,24,Florida Atlantic,Tulsa,2,"{'minutes': 0, 'seconds': 50}",1,3,77,77,1,10,0,False,Pass Incompletion,(00:51) No Huddle-Shotgun #10 B.Hayes pass incomplete short left to #21 D.Richardson thrown to Tulsa25,-0.6425305871127751,2025-11-08T21:33:22.000Z
401762505,40176250519,401762505418,12,3,Tulsa,American Athletic,6,Florida Atlantic,American Athletic,24,Florida Atlantic,Tulsa,2,"{'minutes': 0, 'seconds': 43}",1,3,77,77,2,10,9,False,Pass Interception Return,(00:45) No Huddle-Shotgun #10 B.Hayes pass intercepted by #20 C.Keys Jr. at Tulsa36 #20 C.Keys Jr. return 9 yards to the Tulsa27 (#77 B.Duffel) PENALTY FAU  Personal Foul 15 yards from Tulsa27 to Tulsa42,-0.14711231869782804,2025-11-08T21:34:03.000Z
401762505,40176250520,401762505428,13,1,Florida Atlantic,American Athletic,24,Tulsa,American Athletic,6,Florida Atlantic,Tulsa,2,"{'minutes': 0, 'seconds': 36}",3,1,58,42,1,10,4,False,Pass Reception,"(00:41) No Huddle-Shotgun #10 C.Veltkamp pass complete short left to #23 G.Sands caught at Tulsa38, for 4 yards to the Tulsa38 (#33 W.Alexander), out of bounds",-0.1003137729896652,2025-11-08T21:35:08.000Z
401762505,40176250520,401762505433,13,2,Florida Atlantic,American Athletic,24,Tulsa,American Athletic,6,Florida Atlantic,Tulsa,2,"{'minutes': 0, 'seconds': 30}",3,1,62,38,2,6,0,False,Pass Incompletion,(00:30) No Huddle-Shotgun #10 C.Veltkamp pass incomplete short left to #3 J.Platt thrown to Tulsa20 broken up by #18 Z.Williams,-0.9595013827419905,2025-11-08T21:35:45.000Z
401762505,40176250520,401762505436,13,3,Florida Atlantic,American Athletic,24,Tulsa,American Athletic,6,Florida Atlantic,Tulsa,2,"{'minutes': 0, 'seconds': 26}",3,1,62,38,3,6,27,False,Pass Reception,"(00:29) No Huddle-Shotgun #10 C.Veltkamp pass complete deep right to #3 J.Platt caught at Tulsa11, for 27 yards to the Tulsa11, End Of Play, 1ST DOWN, PENALTY Tulsa Offside declined",1.8330112139358548,2025-11-08T21:36:18.000Z
401762505,40176250520,401762505442,13,4,Florida Atlantic,American Athletic,31,Tulsa,American Athletic,6,Florida Atlantic,Tulsa,2,"{'minutes': 0, 'seconds': 14}",3,1,89,11,1,10,11,True,Pass Reception,"(00:16) No Huddle-Shotgun #10 C.Veltkamp pass complete short left to #8 E.Messer caught at Tulsa00, for 11 yards to the Tulsa00 TOUCHDOWN, clock 00:14, 1ST DOWN #37 G.Smith kick attempt good (H: #19 L.Lupo, LS: #43 J.Lee)",2.521739413367925,2025-11-08T21:37:08.000Z
401762505,40176250522,401762505450,14,1,Florida Atlantic,American Athletic,31,Tulsa,American Athletic,6,Florida Atlantic,Tulsa,2,"{'minutes': 0, 'seconds': 14}",3,1,35,65,1,10,0,False,Kickoff,"(00:14) #42 A.Nelms onside kickoff 15 yards to the FAU 50, End Of Play",,2025-11-08T21:37:55.000Z
401762505,40176250522,401762505468,14,5,Florida Atlantic,American Athletic,31,Tulsa,American Athletic,6,Florida Atlantic,Tulsa,2,"{'minutes': 0, 'seconds': 1}",2,1,50,50,2,10,0,False,Timeout,"Timeout Florida Atlantic, clock 00:01",,2025-11-08T21:42:46.000Z
401762505,40176250522,401762505472,14,6,Tulsa,American Athletic,6,Florida Atlantic,American Athletic,31,Florida Atlantic,Tulsa,2,"{'minutes': 0, 'seconds': 0}",1,2,57,57,3,3,7,False,End Period,End of 2nd quarter.,1.8683058419402536,2025-11-08T21:45:02.000Z
401762505,40176250522,401762505454,14,2,Tulsa,American Athletic,6,Florida Atlantic,American Athletic,31,Florida Atlantic,Tulsa,2,"{'minutes': 0, 'seconds': 8}",1,3,50,50,1,10,0,False,Pass Incompletion,(00:08) No Huddle-Shotgun #10 B.Hayes pass incomplete deep left to #19 G.Tempest thrown to FAU 00,-1.1143038065675126,2025-11-08T21:39:55.000Z
401762505,40176250522,401762505458,14,3,Tulsa,American Athletic,6,Florida Atlantic,American Athletic,31,Florida Atlantic,Tulsa,2,"{'minutes': 0, 'seconds': 2}",1,3,50,50,2,10,7,False,Pass Reception,"(00:02) No Huddle-Shotgun #10 B.Hayes pass complete short right to #19 G.Tempest caught at FAU 43, for 7 yards to the FAU 43 (#32 D.McGhee), out of bounds",0.5711788490243421,2025-11-08T21:40:37.000Z
401762505,40176250522,401762505466,14,4,Tulsa,American Athletic,6,Florida Atlantic,American Athletic,31,Florida Atlantic,Tulsa,2,"{'minutes': 0, 'seconds': 1}",1,3,43,43,3,3,0,False,Pass Incompletion,(00:00) No Huddle-Shotgun #10 B.Hayes pass incomplete deep middle thrown to FAU 00 broken up by #26 J.Sweeney,-1.1301183864381823,2025-11-08T21:43:46.000Z
401762505,40176250524,401762505477,15,1,Tulsa,American Athletic,6,Florida Atlantic,American Athletic,31,Florida Atlantic,Tulsa,3,"{'minutes': 15, 'seconds': 0}",3,3,65,65,1,10,0,False,Kickoff,"(15:00) #11 S.Morgan kickoff 65 yards to the FAU 00, Touchback",,2025-11-08T22:06:09.000Z
401762505,40176250524,401762505501,15,5,Florida Atlantic,American Athletic,31,Tulsa,American Athletic,6,Florida Atlantic,Tulsa,3,"{'minutes': 14, 'seconds': 12}",3,3,28,72,4,7,0,False,Punt,"(14:17) #19 L.Lupo punt 27 yards to the Tulsa45, out of bounds at Tulsa45",,2025-11-08T22:11:08.000Z
401762505,40176250524,401762505482,15,2,Florida Atlantic,American Athletic,31,Tulsa,American Athletic,6,Florida Atlantic,Tulsa,3,"{'minutes': 14, 'seconds': 50}",3,3,25,75,1,10,3,False,Rush,(14:53) No Huddle-Shotgun #28 K.Shields-Dutton rush middle for 3 yards gain to the FAU 28 (#35 C.Turner III; #11 J.Burnett),-0.2957674139440157,2025-11-08T22:07:22.000Z
401762505,40176250524,401762505494,15,3,Florida Atlantic,American Athletic,31,Tulsa,American Athletic,6,Florida Atlantic,Tulsa,3,"{'minutes': 14, 'seconds': 36}",3,3,28,72,2,7,0,False,Pass Incompletion,"(14:36) No Huddle-Shotgun #10 C.Veltkamp pass incomplete short right to #8 E.Messer thrown to FAU 31 broken up by #16 D.Robinson. The previous play is under automatic review - ""Incomplete pass"". CALL OVERTURNED. (Original Play: (14:36) No Huddle-Shotgun #10 C.Veltkamp pass complete short right to #8 E.Messer caught at FAU 31, for 3 yards to the FAU 31 (#21 S.Smith))",-0.5594317282120231,2025-11-08T22:10:20.000Z
401762505,40176250524,401762505498,15,4,Florida Atlantic,American Athletic,31,Tulsa,American Athletic,6,Florida Atlantic,Tulsa,3,"{'minutes': 14, 'seconds': 20}",3,3,28,72,3,7,0,False,Pass Incompletion,(14:20) No Huddle-Shotgun #10 C.Veltkamp pass incomplete short middle to #8 E.Messer thrown to FAU 33,-0.26587881160037785,2025-11-08T22:10:32.000Z
401762505,40176250525,401762505559,16,13,Tulsa,American Athletic,12,Florida Atlantic,American Athletic,31,Florida Atlantic,Tulsa,3,"{'minutes': 9, 'seconds': 38}",3,3,3,3,0,0,5,False,Penalty,PENALTY Tulsa Delay Of Game  5 yards from FAU 03 to FAU 08. NO PLAY,,2025-11-08T22:23:27.000Z
401762505,40176250525,401762505506,16,1,Tulsa,American Athletic,6,Florida Atlantic,American Athletic,31,Florida Atlantic,Tulsa,3,"{'minutes': 14, 'seconds': 4}",3,3,55,55,1,10,11,False,Rush,"(14:08) No Huddle-Shotgun #2 A.Allen rush middle for 11 yards gain to the FAU 44 (#6 L.Hart Jr.), 1ST DOWN",0.8637308798063437,2025-11-08T22:11:49.000Z
401762505,40176250525,401762505510,16,2,Tulsa,American Athletic,6,Florida Atlantic,American Athletic,31,Florida Atlantic,Tulsa,3,"{'minutes': 13, 'seconds': 38}",3,3,44,44,1,10,5,False,Pass Reception,"(13:45) No Huddle-Shotgun #10 B.Hayes pass complete short left to #2 A.Allen caught at FAU 47, for 5 yards to the FAU 39 (#8 C.Tooley III; #6 L.Hart Jr.)",0.0928537506515159,2025-11-08T22:12:12.000Z
401762505,40176250525,401762505515,16,3,Tulsa,American Athletic,6,Florida Atlantic,American Athletic,31,Florida Atlantic,Tulsa,3,"{'minutes': 13, 'seconds': 19}",3,3,39,39,2,5,1,False,Pass Reception,"(13:22) No Huddle-Shotgun #10 B.Hayes pass complete short right to #19 G.Tempest caught at FAU 42, for 1 yard to the FAU 38 (#44 T.Stolsky). #6 L.Hart Jr. injured on the play",-0.7641236503692923,2025-11-08T22:12:35.000Z
401762505,40176250525,401762505521,16,4,Tulsa,American Athletic,6,Florida Atlantic,American Athletic,31,Florida Atlantic,Tulsa,3,"{'minutes': 12, 'seconds': 50}",3,3,38,38,3,4,5,False,Pass Reception,"(12:59) No Huddle-Shotgun #10 B.Hayes pass complete short left to #3 M.Tease caught at FAU 33, for 5 yards to the FAU 33 (#27 T.Reid), 1ST DOWN",1.1810774837258098,2025-11-08T22:16:31.000Z
401762505,40176250525,401762505526,16,5,Tulsa,American Athletic,6,Florida Atlantic,American Athletic,31,Florida Atlantic,Tulsa,3,"{'minutes': 12, 'seconds': 36}",3,3,33,33,1,10,0,False,Pass Incompletion,(12:36) No Huddle-Shotgun #10 B.Hayes pass incomplete short right thrown to FAU 21 QB hurried by #23 D.Allen,-0.6351269961541294,2025-11-08T22:16:50.000Z
401762505,40176250525,401762505529,16,6,Tulsa,American Athletic,6,Florida Atlantic,American Athletic,31,Florida Atlantic,Tulsa,3,"{'minutes': 12, 'seconds': 29}",3,3,33,33,2,10,5,False,Rush,(12:32) No Huddle-Shotgun #2 A.Allen rush middle for 5 yards gain to the FAU 28 (#62 E.Sledge; #14 T.Luman),0.0567533407587514,2025-11-08T22:17:22.000Z
401762505,40176250525,401762505533,16,7,Tulsa,American Athletic,6,Florida Atlantic,American Athletic,31,Florida Atlantic,Tulsa,3,"{'minutes': 11, 'seconds': 58}",3,3,28,28,3,5,4,False,Pass Reception,"(12:02) No Huddle-Shotgun #10 B.Hayes pass complete short left to #2 A.Allen caught at FAU 26, for 4 yards to the FAU 24 (#44 T.Stolsky)",-0.1044271705002586,2025-11-08T22:17:53.000Z
401762505,40176250525,401762505538,16,8,Tulsa,American Athletic,6,Florida Atlantic,American Athletic,31,Florida Atlantic,Tulsa,3,"{'minutes': 11, 'seconds': 13}",3,3,24,24,4,1,2,False,Rush,"(11:19) No Huddle-Shotgun #2 A.Allen rush middle for 2 yards gain to the FAU 22 (#23 D.Allen; #44 T.Stolsky), 1ST DOWN",0.9382528327491646,2025-11-08T22:18:35.000Z
401762505,40176250525,401762505542,16,9,Tulsa,American Athletic,6,Florida Atlantic,American Athletic,31,Florida Atlantic,Tulsa,3,"{'minutes': 10, 'seconds': 55}",3,3,22,22,1,10,13,False,Pass Reception,"(10:58) No Huddle-Shotgun #10 B.Hayes pass complete short left to #2 A.Allen caught at FAU 18, for 13 yards to the FAU 09, out of bounds at FAU 09, 1ST DOWN",0.223384943001992,2025-11-08T22:18:56.000Z
401762505,40176250525,401762505547,16,10,Tulsa,American Athletic,6,Florida Atlantic,American Athletic,31,Florida Atlantic,Tulsa,3,"{'minutes': 10, 'seconds': 34}",3,3,9,9,1,9,3,False,Rush,(10:37) No Huddle-Shotgun #2 A.Allen rush middle for 3 yards gain to the FAU 06 (#11 G.Marcelin). #11 G.Marcelin injured on the play,-0.10442916913547,2025-11-08T22:19:21.000Z
401762505,40176250525,401762505551,16,11,Tulsa,American Athletic,6,Florida Atlantic,American Athletic,31,Florida Atlantic,Tulsa,3,"{'minutes': 10, 'seconds': 4}",3,3,6,6,2,6,-1,False,Rush,(10:11) No Huddle-Shotgun #10 B.Hayes rush middle for 1 yard loss to the FAU 07 (#9 N.Barber),-0.355927635938414,2025-11-08T22:22:05.000Z
401762505,40176250525,401762505555,16,12,Tulsa,American Athletic,12,Florida Atlantic,American Athletic,31,Florida Atlantic,Tulsa,3,"{'minutes': 9, 'seconds': 38}",3,3,7,7,3,7,7,True,Rushing Touchdown,"(09:38) No Huddle-Shotgun #10 B.Hayes rush right for 7 yards gain to the FAU 00 TOUCHDOWN, clock 09:38 #10 B.Hayes pass attempt failed",2.884594628720352,2025-11-08T22:22:36.000Z
401762505,40176250527,401762505565,17,1,Tulsa,American Athletic,12,Florida Atlantic,American Athletic,31,Florida Atlantic,Tulsa,3,"{'minutes': 9, 'seconds': 38}",3,3,65,65,1,10,0,False,Kickoff,"(09:38) #11 S.Morgan kickoff 65 yards to the FAU 00, Touchback",,2025-11-08T22:24:29.000Z
401762505,40176250527,401762505614,17,12,Florida Atlantic,American Athletic,34,Tulsa,American Athletic,12,Florida Atlantic,Tulsa,3,"{'minutes': 5, 'seconds': 34}",3,3,97,3,4,3,20,True,Field Goal Good,"(05:34) #37 G.Smith field goal attempt from 20 yards GOOD (H: #19 L.Lupo, LS: #43 J.Lee), clock 05:34",,2025-11-08T22:33:02.000Z
401762505,40176250527,401762505568,17,2,Florida Atlantic,American Athletic,31,Tulsa,American Athletic,12,Florida Atlantic,Tulsa,3,"{'minutes': 9, 'seconds': 23}",3,3,25,75,1,10,28,False,Pass Reception,"(09:33) No Huddle-Shotgun #10 C.Veltkamp pass complete deep left to #0 A.Waseem caught at FAU 48, for 28 yards to the Tulsa47, End Of Play, 1ST DOWN",2.4645528784548913,2025-11-08T22:28:10.000Z
401762505,40176250527,401762505573,17,3,Florida Atlantic,American Athletic,31,Tulsa,American Athletic,12,Florida Atlantic,Tulsa,3,"{'minutes': 8, 'seconds': 58}",3,3,53,47,1,10,0,False,Rush,(09:01) No Huddle-Shotgun #28 K.Shields-Dutton rush middle for 0 yards to the Tulsa47 (#32 H.Ball),-1.0507069190375147,2025-11-08T22:28:47.000Z
401762505,40176250527,401762505577,17,4,Florida Atlantic,American Athletic,31,Tulsa,American Athletic,12,Florida Atlantic,Tulsa,3,"{'minutes': 8, 'seconds': 29}",3,3,53,47,2,10,20,False,Pass Reception,"(08:37) No Huddle-Shotgun #10 C.Veltkamp pass complete short middle to #0 A.Waseem caught at Tulsa30, for 20 yards to the Tulsa27 (#18 Z.Williams; #26 J.Anglin), 1ST DOWN",1.9226283189124587,2025-11-08T22:29:11.000Z
401762505,40176250527,401762505582,17,5,Florida Atlantic,American Athletic,31,Tulsa,American Athletic,12,Florida Atlantic,Tulsa,3,"{'minutes': 8, 'seconds': 19}",3,3,73,27,1,10,0,False,Pass Incompletion,(08:19) No Huddle-Shotgun #10 C.Veltkamp pass incomplete short middle to #3 J.Platt thrown to Tulsa15 broken up by #7 E.Green,-0.490975886965904,2025-11-08T22:29:29.000Z
401762505,40176250527,401762505585,17,6,Florida Atlantic,American Athletic,31,Tulsa,American Athletic,12,Florida Atlantic,Tulsa,3,"{'minutes': 8, 'seconds': 9}",3,3,73,27,2,10,3,False,Pass Reception,"(08:17) No Huddle-Shotgun #10 C.Veltkamp pass complete short left to #0 A.Waseem caught at Tulsa30, for 3 yards to the Tulsa24 (#21 S.Smith)",-0.2093670493815374,2025-11-08T22:30:11.000Z
401762505,40176250527,401762505590,17,7,Florida Atlantic,American Athletic,31,Tulsa,American Athletic,12,Florida Atlantic,Tulsa,3,"{'minutes': 7, 'seconds': 48}",3,3,76,24,3,7,6,False,Pass Reception,"(07:57) No Huddle-Shotgun #10 C.Veltkamp pass complete short middle to #0 A.Waseem caught at Tulsa20, for 6 yards to the Tulsa18 (#21 S.Smith)",0.1837764374961264,2025-11-08T22:30:29.000Z
401762505,40176250527,401762505595,17,8,Florida Atlantic,American Athletic,31,Tulsa,American Athletic,12,Florida Atlantic,Tulsa,3,"{'minutes': 7, 'seconds': 12}",3,3,82,18,4,1,12,False,Pass Reception,"(07:30) No Huddle-Shotgun #10 C.Veltkamp pass complete short right to #3 J.Platt caught at Tulsa06, for 12 yards to the Tulsa06 (#3 J.Drew), 1ST DOWN",1.205357569177524,2025-11-08T22:30:59.000Z
401762505,40176250527,401762505600,17,9,Florida Atlantic,American Athletic,31,Tulsa,American Athletic,12,Florida Atlantic,Tulsa,3,"{'minutes': 7, 'seconds': 3}",3,3,94,6,1,6,-2,False,Rush,(07:07) No Huddle-Shotgun #10 C.Veltkamp rush middle for 2 yards loss to the Tulsa08 (#88 N.Johnson),-0.624281183667788,2025-11-08T22:31:19.000Z
401762505,40176250527,401762505604,17,10,Florida Atlantic,American Athletic,31,Tulsa,American Athletic,12,Florida Atlantic,Tulsa,3,"{'minutes': 6, 'seconds': 16}",3,3,92,8,2,8,7,False,Pass Reception,"(06:24) No Huddle-Shotgun #10 C.Veltkamp pass complete short right to #10 C.Veltkamp caught at Tulsa01, for 7 yards to the Tulsa01, End Of Play",0.222772725553515,2025-11-08T22:32:01.000Z
401762505,40176250527,401762505609,17,11,Florida Atlantic,American Athletic,31,Tulsa,American Athletic,12,Florida Atlantic,Tulsa,3,"{'minutes': 6, 'seconds': 3}",3,3,99,1,3,1,-2,False,Pass Reception,"(06:08) No Huddle-Shotgun #10 C.Veltkamp pass complete short right to #3 J.Platt caught at Tulsa03, for 2 yards loss to the Tulsa03 (#7 E.Green)",-0.462348315322832,2025-11-08T22:32:17.000Z
401762505,40176250529,401762505617,18,1,Florida Atlantic,American Athletic,34,Tulsa,American Athletic,12,Florida Atlantic,Tulsa,3,"{'minutes': 5, 'seconds': 34}",3,3,35,65,1,10,0,False,Kickoff,"(05:34) #42 A.Nelms kickoff 65 yards to the Tulsa00, Touchback",,2025-11-08T22:33:06.000Z
401762505,40176250529,401762505620,18,2,Tulsa,American Athletic,12,Florida Atlantic,American Athletic,34,Florida Atlantic,Tulsa,3,"{'minutes': 5, 'seconds': 23}",3,3,75,75,1,10,21,False,Pass Reception,"(05:25) No Huddle-Shotgun #10 B.Hayes pass complete short right to #2 A.Allen caught at Tulsa25, for 21 yards to the Tulsa46 (#28 Z.Horton), 1ST DOWN",1.8928575820361135,2025-11-08T22:37:09.000Z
401762505,40176250529,401762505625,18,3,Tulsa,American Athletic,12,Florida Atlantic,American Athletic,34,Florida Atlantic,Tulsa,3,"{'minutes': 4, 'seconds': 57}",3,3,54,54,1,10,2,False,Rush,(05:02) No Huddle-Shotgun #2 A.Allen rush middle for 2 yards gain to the Tulsa48 (#15 T.Luman),-0.6735165476975664,2025-11-08T22:37:35.000Z
401762505,40176250529,401762505629,18,4,Tulsa,American Athletic,12,Florida Atlantic,American Athletic,34,Florida Atlantic,Tulsa,3,"{'minutes': 4, 'seconds': 34}",3,3,52,52,2,8,5,False,Pass Reception,"(04:42) No Huddle-Shotgun #10 B.Hayes pass complete short right to #80 B.Foley caught at FAU 47, for 5 yards to the FAU 47 (#28 Z.Horton; #26 J.Sweeney)",0.0889931174190934,2025-11-08T22:37:56.000Z
401762505,40176250529,401762505634,18,5,Tulsa,American Athletic,12,Florida Atlantic,American Athletic,34,Florida Atlantic,Tulsa,3,"{'minutes': 3, 'seconds': 47}",3,3,47,47,3,3,31,False,Pass Reception,"(04:08) No Huddle-Shotgun #10 B.Hayes pass complete deep left to #19 G.Tempest caught at FAU 16, for 31 yards to the FAU 16, End Of Play, 1ST DOWN",2.2006982466713065,2025-11-08T22:38:36.000Z
401762505,40176250529,401762505639,18,6,Tulsa,American Athletic,12,Florida Atlantic,American Athletic,34,Florida Atlantic,Tulsa,3,"{'minutes': 3, 'seconds': 36}",3,3,16,16,1,10,5,False,Pass Reception,"(03:40) No Huddle-Shotgun #10 B.Hayes pass complete short left to #2 A.Allen caught at FAU 17, for 5 yards to the FAU 11 (#27 T.Reid)",0.0743553747013194,2025-11-08T22:38:57.000Z
401762505,40176250529,401762505644,18,7,Tulsa,American Athletic,12,Florida Atlantic,American Athletic,34,Florida Atlantic,Tulsa,3,"{'minutes': 2, 'seconds': 55}",3,3,11,11,2,5,9,False,Rush,"(03:01) No Huddle-Shotgun #10 B.Hayes rush right for 9 yards gain to the FAU 02 (#26 J.Sweeney), 1ST DOWN",1.281132048918957,2025-11-08T22:39:36.000Z
401762505,40176250529,401762505648,18,8,Tulsa,American Athletic,18,Florida Atlantic,American Athletic,34,Florida Atlantic,Tulsa,3,"{'minutes': 2, 'seconds': 38}",3,3,2,2,1,2,2,True,Rushing Touchdown,"(02:39) No Huddle-Shotgun #2 A.Allen rush middle for 2 yards gain to the FAU 00 TOUCHDOWN, clock 02:38 #10 B.Hayes pass attempt failed",1.213235297672098,2025-11-08T22:39:59.000Z
401762505,40176250531,401762505656,19,1,Tulsa,American Athletic,18,Florida Atlantic,American Athletic,34,Florida Atlantic,Tulsa,3,"{'minutes': 2, 'seconds': 38}",3,3,65,65,1,10,0,False,Kickoff,"(02:38) #11 S.Morgan kickoff 65 yards to the FAU 00, Touchback",,2025-11-08T22:40:50.000Z
401762505,40176250531,401762505672,19,5,Florida Atlantic,American Athletic,34,Tulsa,American Athletic,18,Florida Atlantic,Tulsa,3,"{'minutes': 0, 'seconds': 41}",3,3,16,84,4,19,32,False,Punt Return,(00:51) #19 L.Lupo punt 50 yards to the Tulsa34 #19 G.Tempest return 32 yards to the FAU 34 (#92 K.Brown-Richardson),,2025-11-08T22:44:27.000Z
401762505,40176250531,401762505659,19,2,Florida Atlantic,American Athletic,34,Tulsa,American Athletic,18,Florida Atlantic,Tulsa,3,"{'minutes': 2, 'seconds': 27}",3,3,25,75,1,10,-6,False,Rush,(02:30) No Huddle-Shotgun #23 G.Sands rush middle for 6 yards loss to the FAU 19 (#11 J.Burnett),-1.1098077151473014,2025-11-08T22:42:42.000Z
401762505,40176250531,401762505663,19,3,Florida Atlantic,American Athletic,34,Tulsa,American Athletic,18,Florida Atlantic,Tulsa,3,"{'minutes': 1, 'seconds': 57}",3,3,19,81,2,16,-9,False,Sack,(02:01) No Huddle-Shotgun #10 C.Veltkamp sacked for loss of 9 yards to the FAU 10 (#88 N.Johnson),-0.20294087387931814,2025-11-08T22:43:13.000Z
401762505,40176250531,401762505667,19,4,Florida Atlantic,American Athletic,34,Tulsa,American Athletic,18,Florida Atlantic,Tulsa,3,"{'minutes': 1, 'seconds': 8}",3,3,10,90,3,25,6,False,Pass Reception,"(01:24) No Huddle-Shotgun #10 C.Veltkamp pass complete short right to #8 E.Messer caught at FAU 07, for 6 yards to the FAU 16 (#15 A.Williams)",0.00509084944222505,2025-11-08T22:43:48.000Z
401762505,40176250532,401762505678,20,1,Tulsa,American Athletic,18,Florida Atlantic,American Athletic,34,Florida Atlantic,Tulsa,3,"{'minutes': 0, 'seconds': 35}",3,3,34,34,1,10,10,False,Penalty,"(00:35) No Huddle-Shotgun #10 B.Hayes pass incomplete short right thrown to FAU 24, 1ST DOWN, PENALTY FAU  Pass Interference (#32 D.McGhee) 10 yards from FAU 34 to FAU 24, 1ST DOWN. NO PLAY",,2025-11-08T22:45:45.000Z
401762505,40176250532,401762505716,20,9,Tulsa,American Athletic,21,Florida Atlantic,American Athletic,34,Florida Atlantic,Tulsa,4,"{'minutes': 13, 'seconds': 1}",3,3,5,5,4,5,22,True,Field Goal Good,"(13:01) #11 S.Morgan field goal attempt from 22 yards GOOD (H: #29 A.Davies, LS: #42 A.Fedigan), clock 13:01",,2025-11-08T22:54:19.000Z
401762505,40176250532,401762505693,20,4,Tulsa,American Athletic,18,Florida Atlantic,American Athletic,34,Florida Atlantic,Tulsa,3,"{'minutes': 0, 'seconds': 0}",3,3,74,74,2,12,55,False,End Period,End of 3rd quarter.,4.263247339501474,2025-11-08T22:48:00.000Z
401762505,40176250532,401762505682,20,2,Tulsa,American Athletic,18,Florida Atlantic,American Athletic,34,Florida Atlantic,Tulsa,3,"{'minutes': 0, 'seconds': 25}",3,3,24,24,1,10,-2,False,Sack,(00:29) No Huddle-Shotgun #10 B.Hayes sacked for loss of 2 yards to the FAU 26 (#5 D.Batiste),-0.6539528449105508,2025-11-08T22:46:06.000Z
401762505,40176250532,401762505686,20,3,Tulsa,American Athletic,18,Florida Atlantic,American Athletic,34,Florida Atlantic,Tulsa,3,"{'minutes': 0, 'seconds': 25}",3,3,26,26,2,12,7,False,Pass Reception,"(00:00) No Huddle-Shotgun #10 B.Hayes pass complete short right to #1 B.Presley caught at FAU 19, for 7 yards to the FAU 19 (#32 D.McGhee)",0.2650914597054578,2025-11-08T22:46:38.000Z
401762505,40176250532,401762505697,20,5,Tulsa,American Athletic,18,Florida Atlantic,American Athletic,34,Florida Atlantic,Tulsa,4,"{'minutes': 14, 'seconds': 49}",3,3,19,19,3,5,11,False,Rush,"(14:53) No Huddle-Shotgun #2 A.Allen rush right for 11 yards gain to the FAU 08 (#27 T.Reid; #6 L.Hart Jr.), 1ST DOWN",0.750699765112376,2025-11-08T22:50:36.000Z
401762505,40176250532,401762505703,20,6,Tulsa,American Athletic,18,Florida Atlantic,American Athletic,34,Florida Atlantic,Tulsa,4,"{'minutes': 14, 'seconds': 21}",3,3,8,8,1,8,0,False,Pass Incompletion,(14:21) No Huddle-Shotgun #10 B.Hayes pass incomplete short right thrown to FAU 00 QB hurried by #1 C.Doggette Jr.,-0.357171386033373,2025-11-08T22:51:11.000Z
401762505,40176250532,401762505706,20,7,Tulsa,American Athletic,18,Florida Atlantic,American Athletic,34,Florida Atlantic,Tulsa,4,"{'minutes': 14, 'seconds': 4}",3,3,8,8,2,8,-1,False,Rush,"(14:15) No Huddle-Shotgun #10 B.Hayes rush right for 1 yard loss to the FAU 09 (#27 T.Reid), out of bounds",-0.333341699999171,2025-11-08T22:51:47.000Z
401762505,40176250532,401762505710,20,8,Tulsa,American Athletic,18,Florida Atlantic,American Athletic,34,Florida Atlantic,Tulsa,4,"{'minutes': 13, 'seconds': 21}",3,3,9,9,3,9,4,False,Rush,(13:27) No Huddle-Shotgun #10 B.Hayes rush right for 4 yards gain to the FAU 05 (#44 T.Stolsky). #44 T.Stolsky injured on the play,-0.042479503078356,2025-11-08T22:52:33.000Z
401762505,40176250534,401762505719,21,1,Tulsa,American Athletic,21,Florida Atlantic,American Athletic,34,Florida Atlantic,Tulsa,4,"{'minutes': 13, 'seconds': 1}",3,3,65,65,1,10,0,False,Kickoff,"(13:01) #11 S.Morgan kickoff 65 yards to the FAU 00, Touchback",,2025-11-08T22:54:25.000Z
401762505,40176250534,401762505722,21,2,Florida Atlantic,American Athletic,34,Tulsa,American Athletic,21,Florida Atlantic,Tulsa,4,"{'minutes': 12, 'seconds': 51}",3,3,25,75,1,10,27,False,Rush,"(12:56) No Huddle-Shotgun #28 K.Shields-Dutton rush middle for 27 yards gain to the Tulsa48 (#21 S.Smith), 1ST DOWN",2.3915212834413646,2025-11-08T22:58:14.000Z
401762505,40176250534,401762505726,21,3,Florida Atlantic,American Athletic,34,Tulsa,American Athletic,21,Florida Atlantic,Tulsa,4,"{'minutes': 12, 'seconds': 19}",3,3,52,48,1,10,0,False,Rush,(12:22) No Huddle-Shotgun #28 Z.Horton rush middle for 0 yards to the Tulsa48 (#90 J.Hjelle),-1.0742999147475647,2025-11-08T22:58:47.000Z
401762505,40176250534,401762505730,21,4,Florida Atlantic,American Athletic,34,Tulsa,American Athletic,21,Florida Atlantic,Tulsa,4,"{'minutes': 11, 'seconds': 44}",3,3,52,48,2,10,3,False,Pass Reception,"(11:53) No Huddle-Shotgun #10 C.Veltkamp pass complete short middle to #9 D.Henry caught at Tulsa45, for 3 yards to the Tulsa45, End Of Play",-0.4010378431857991,2025-11-08T22:59:17.000Z
401762505,40176250534,401762505735,21,5,Florida Atlantic,American Athletic,34,Tulsa,American Athletic,21,Florida Atlantic,Tulsa,4,"{'minutes': 11, 'seconds': 9}",3,3,55,45,3,7,6,False,Rush,(11:13) No Huddle-Shotgun #28 K.Shields-Dutton rush right for 6 yards gain to the Tulsa39 (#15 A.Williams). #10 C.Veltkamp injured on the play,0.3093570910332277,2025-11-08T22:59:56.000Z
401762505,40176250534,401762505739,21,6,Florida Atlantic,American Athletic,34,Tulsa,American Athletic,21,Florida Atlantic,Tulsa,4,"{'minutes': 10, 'seconds': 27}",3,3,61,39,4,1,30,False,Pass Reception,"(10:34) No Huddle-Shotgun #7 Z.Gibson pass complete deep middle to #3 J.Platt caught at Tulsa10, for 30 yards to the Tulsa09 (#21 S.Smith), 1ST DOWN",2.427976679533625,2025-11-08T23:01:12.000Z
401762505,40176250534,401762505744,21,7,Florida Atlantic,American Athletic,40,Tulsa,American Athletic,21,Florida Atlantic,Tulsa,4,"{'minutes': 9, 'seconds': 58}",3,3,91,9,1,9,9,True,Passing Touchdown,Easton Messer 9 Yd pass from Zach Gibson (Two-Point Pass Conversion Failed),2.424237823646468,2025-11-08T23:01:53.000Z
401762505,40176250536,401762505752,22,1,Florida Atlantic,American Athletic,40,Tulsa,American Athletic,21,Florida Atlantic,Tulsa,4,"{'minutes': 9, 'seconds': 58}",3,3,35,65,1,10,0,False,Kickoff,"(09:58) #42 A.Nelms kickoff 65 yards to the Tulsa00, Touchback",,2025-11-08T23:03:15.000Z
401762505,40176250536,401762505755,22,2,Tulsa,American Athletic,21,Florida Atlantic,American Athletic,40,Florida Atlantic,Tulsa,4,"{'minutes': 9, 'seconds': 47}",3,3,75,75,1,10,8,False,Rush,(09:53) No Huddle-Shotgun #2 A.Allen rush middle for 8 yards gain to the Tulsa33 (#6 L.Hart Jr.),0.9104368550610653,2025-11-08T23:06:55.000Z
401762505,40176250536,401762505759,22,3,Tulsa,American Athletic,21,Florida Atlantic,American Athletic,40,Florida Atlantic,Tulsa,4,"{'minutes': 9, 'seconds': 28}",3,3,67,67,2,2,4,False,Rush,"(09:32) No Huddle-Shotgun #10 B.Hayes rush middle for 4 yards gain to the Tulsa37 (#6 L.Hart Jr.), 1ST DOWN",0.116807471082506,2025-11-08T23:07:15.000Z
401762505,40176250536,401762505763,22,4,Tulsa,American Athletic,21,Florida Atlantic,American Athletic,40,Florida Atlantic,Tulsa,4,"{'minutes': 9, 'seconds': 8}",3,3,63,63,1,10,-6,False,Sack,(09:12) No Huddle-Shotgun #10 B.Hayes sacked for loss of 6 yards to the Tulsa31 (#2 W.Denaud),-1.846640514428989,2025-11-08T23:07:37.000Z
401762505,40176250536,401762505768,22,5,Tulsa,American Athletic,21,Florida Atlantic,American Athletic,40,Florida Atlantic,Tulsa,4,"{'minutes': 8, 'seconds': 48}",3,3,69,69,2,16,9,False,Rush,(08:52) No Huddle-Shotgun #2 A.Allen rush middle for 9 yards gain to the Tulsa40 (#96 J.Roberts),0.49717493077480945,2025-11-08T23:07:55.000Z
401762505,40176250536,401762505772,22,6,Tulsa,American Athletic,21,Florida Atlantic,American Athletic,40,Florida Atlantic,Tulsa,4,"{'minutes': 8, 'seconds': 8}",3,3,60,60,3,7,0,False,Pass Incompletion,(08:10) No Huddle-Shotgun #10 B.Hayes pass incomplete deep right to #18 D.Gee Jr. thrown to FAU 25 broken up by #27 T.Reid,-0.5321990300834347,2025-11-08T23:08:37.000Z
401762505,40176250536,401762505775,22,7,Tulsa,American Athletic,21,Florida Atlantic,American Athletic,40,Florida Atlantic,Tulsa,4,"{'minutes': 8, 'seconds': 3}",3,3,60,60,4,7,-10,False,Sack,"(08:03) No Huddle-Shotgun #10 B.Hayes sacked for loss of 10 yards to the Tulsa30 (#5 D.Batiste), TURNOVER ON DOWNS",-0.06782459268463548,2025-11-08T23:09:22.000Z
401762505,40176250537,401762505797,23,5,Florida Atlantic,American Athletic,40,Tulsa,American Athletic,21,Florida Atlantic,Tulsa,4,"{'minutes': 5, 'seconds': 56}",3,3,52,48,4,28,5,False,Penalty,PENALTY FAU  Delay Of Game  5 yards from Tulsa48 to FAU 47. NO PLAY,,2025-11-08T23:16:04.000Z
401762505,40176250537,401762505781,23,1,Florida Atlantic,American Athletic,40,Tulsa,American Athletic,21,Florida Atlantic,Tulsa,4,"{'minutes': 7, 'seconds': 58}",3,3,70,30,1,10,10,False,Penalty,(07:58) No Huddle-Shotgun #23 G.Sands rush right for 15 yards gain to the Tulsa15 (#7 E.Green) PENALTY FAU  Holding (#66 S.Jean) 10 yards from Tulsa30 to Tulsa40. NO PLAY,,2025-11-08T23:13:02.000Z
401762505,40176250537,401762505800,23,6,Florida Atlantic,American Athletic,40,Tulsa,American Athletic,21,Florida Atlantic,Tulsa,4,"{'minutes': 5, 'seconds': 50}",3,3,47,53,4,33,0,False,Punt,(05:50) #19 L.Lupo punt 34 yards to the Tulsa19 fair catch by #19 G.Tempest at Tulsa19,,2025-11-08T23:16:34.000Z
401762505,40176250537,401762505786,23,2,Florida Atlantic,American Athletic,40,Tulsa,American Athletic,21,Florida Atlantic,Tulsa,4,"{'minutes': 7, 'seconds': 25}",3,3,60,40,1,20,0,False,Rush,(07:30) No Huddle-Shotgun #23 G.Sands rush middle for 0 yards to the Tulsa40 (#33 W.Alexander; #90 J.Hjelle),-0.9900073175123049,2025-11-08T23:13:35.000Z
401762505,40176250537,401762505790,23,3,Florida Atlantic,American Athletic,40,Tulsa,American Athletic,21,Florida Atlantic,Tulsa,4,"{'minutes': 6, 'seconds': 22}",3,3,60,40,2,20,-8,False,Rush,(06:31) No Huddle-Shotgun #21 E.Ervin rush left for 8 yards loss to the Tulsa48 (#6 C.Thompson Jr.),-1.8080095582050335,2025-11-08T23:14:34.000Z
401762505,40176250537,401762505794,23,4,Florida Atlantic,American Athletic,40,Tulsa,American Athletic,21,Florida Atlantic,Tulsa,4,"{'minutes': 5, 'seconds': 56}",3,3,52,48,3,28,0,False,Pass Incompletion,(05:56) No Huddle-Shotgun #7 Z.Gibson pass incomplete short right to #21 E.Ervin thrown to Tulsa48,-0.20874590923996195,2025-11-08T23:15:47.000Z
401762505,40176250538,401762505849,24,12,Tulsa,American Athletic,21,Florida Atlantic,American Athletic,40,Florida Atlantic,Tulsa,4,"{'minutes': 1, 'seconds': 59}",3,3,54,54,4,11,0,False,Punt,(02:06) #29 A.Davies punt 45 yards to the FAU 09,,2025-11-08T23:23:44.000Z
401762505,40176250538,401762505815,24,4,Tulsa,American Athletic,21,Florida Atlantic,American Athletic,40,Florida Atlantic,Tulsa,4,"{'minutes': 4, 'seconds': 58}",3,3,78,78,4,7,15,False,Penalty,"(04:58) No Huddle-Shotgun #10 B.Hayes pass incomplete deep middle to #19 G.Tempest thrown to Tulsa50 PENALTY FAU  Pass Interference (#30 K.Johnson) 15 yards from Tulsa22 to Tulsa37, 1ST DOWN. NO PLAY",,2025-11-08T23:18:40.000Z
401762505,40176250538,401762505804,24,1,Tulsa,American Athletic,21,Florida Atlantic,American Athletic,40,Florida Atlantic,Tulsa,4,"{'minutes': 5, 'seconds': 42}",3,3,81,81,1,10,3,False,Rush,(05:45) No Huddle-Shotgun #2 A.Allen rush middle for 3 yards gain to the Tulsa22 (#30 K.Johnson),-0.2256553240907335,2025-11-08T23:17:10.000Z
401762505,40176250538,401762505808,24,2,Tulsa,American Athletic,21,Florida Atlantic,American Athletic,40,Florida Atlantic,Tulsa,4,"{'minutes': 5, 'seconds': 27}",3,3,78,78,2,7,0,False,Pass Incompletion,(05:27) No Huddle-Shotgun #10 B.Hayes pass incomplete short right to #19 G.Tempest thrown to Tulsa26 broken up by #3 D.Rogers Jr.,-0.4144639504621246,2025-11-08T23:17:30.000Z
401762505,40176250538,401762505811,24,3,Tulsa,American Athletic,21,Florida Atlantic,American Athletic,40,Florida Atlantic,Tulsa,4,"{'minutes': 5, 'seconds': 18}",3,3,78,78,3,7,0,False,Rush,(05:23) No Huddle-Shotgun #2 A.Allen rush middle for 0 yards to the Tulsa22 (#13 E.Miller Jr.; #6 L.Hart Jr.),-0.1873092161427703,2025-11-08T23:18:02.000Z
401762505,40176250538,401762505819,24,5,Tulsa,American Athletic,21,Florida Atlantic,American Athletic,40,Florida Atlantic,Tulsa,4,"{'minutes': 4, 'seconds': 47}",3,3,63,63,1,10,0,False,Rush,(04:51) No Huddle-Shotgun #2 A.Allen rush middle for 0 yards to the Tulsa37 (#1 C.Doggette Jr.),-1.065701080215459,2025-11-08T23:19:17.000Z
401762505,40176250538,401762505823,24,6,Tulsa,American Athletic,21,Florida Atlantic,American Athletic,40,Florida Atlantic,Tulsa,4,"{'minutes': 4, 'seconds': 20}",3,3,63,63,2,10,5,False,Pass Reception,"(04:27) No Huddle-Shotgun #10 B.Hayes pass complete short middle to #19 G.Tempest caught at Tulsa36, for 5 yards to the Tulsa42, End Of Play",0.062211084497986,2025-11-08T23:19:41.000Z
401762505,40176250538,401762505828,24,7,Tulsa,American Athletic,21,Florida Atlantic,American Athletic,40,Florida Atlantic,Tulsa,4,"{'minutes': 3, 'seconds': 59}",3,3,58,58,3,5,3,False,Rush,(04:02) No Huddle-Shotgun #2 A.Allen rush right for 3 yards gain to the Tulsa45 (#25 M.Wright III),-0.2951505782045843,2025-11-08T23:20:06.000Z
401762505,40176250538,401762505832,24,8,Tulsa,American Athletic,21,Florida Atlantic,American Athletic,40,Florida Atlantic,Tulsa,4,"{'minutes': 3, 'seconds': 22}",3,3,55,55,4,2,2,False,Rush,"(03:25) No Huddle-Shotgun #21 D.Richardson rush middle for 2 yards gain to the Tulsa47 (#5 D.Batiste), 1ST DOWN",2.2538519339264997,2025-11-08T23:20:43.000Z
401762505,40176250538,401762505836,24,9,Tulsa,American Athletic,21,Florida Atlantic,American Athletic,40,Florida Atlantic,Tulsa,4,"{'minutes': 2, 'seconds': 51}",3,3,53,53,1,10,3,False,Rush,(02:55) No Huddle-Shotgun #10 B.Hayes rush middle for 3 yards gain to the Tulsa50 (#30 K.Johnson),-0.4117922810157673,2025-11-08T23:21:13.000Z
401762505,40176250538,401762505840,24,10,Tulsa,American Athletic,21,Florida Atlantic,American Athletic,40,Florida Atlantic,Tulsa,4,"{'minutes': 2, 'seconds': 36}",3,3,50,50,2,7,0,False,Pass Incompletion,(02:36) No Huddle-Shotgun #10 B.Hayes pass incomplete short middle to #5 C.Johnson II thrown to FAU 44,-1.1264780873146414,2025-11-08T23:21:32.000Z
401762505,40176250538,401762505843,24,11,Tulsa,American Athletic,21,Florida Atlantic,American Athletic,40,Florida Atlantic,Tulsa,4,"{'minutes': 2, 'seconds': 28}",3,3,50,50,3,7,-4,False,Sack,(02:28) No Huddle-Shotgun #10 B.Hayes sacked for loss of 4 yards to the Tulsa46 (#96 J.Roberts),-1.274151839037744,2025-11-08T23:22:22.000Z
401762505,40176250539,401762505853,25,1,Florida Atlantic,American Athletic,40,Tulsa,American Athletic,21,Florida Atlantic,Tulsa,4,"{'minutes': 1, 'seconds': 48}",3,3,9,91,1,10,8,False,Rush,(01:53) No Huddle-Shotgun #21 E.Ervin rush middle for 8 yards gain to the FAU 17 (#26 J.Anglin),0.5673218727665672,2025-11-08T23:27:03.000Z
401762505,40176250539,401762505857,25,2,Florida Atlantic,American Athletic,40,Tulsa,American Athletic,21,Florida Atlantic,Tulsa,4,"{'minutes': 1, 'seconds': 4}",3,3,17,83,2,2,4,False,Rush,"(01:09) No Huddle-Shotgun #21 E.Ervin rush middle for 4 yards gain to the FAU 21 (#99 T.Newhouse), 1ST DOWN",-0.0756707065588449,2025-11-08T23:27:47.000Z
401762505,40176250539,401762505861,25,3,Florida Atlantic,American Athletic,40,Tulsa,American Athletic,21,Florida Atlantic,Tulsa,4,"{'minutes': 0, 'seconds': 34}",3,3,21,79,1,10,-2,False,Rush,(00:34) Kneel down by Fla. Atlantic at FAU 19 for loss of 2 yards,-0.7325616754847815,2025-11-08T23:28:31.000Z
401762505,40176250539,401762505866,25,4,Florida Atlantic,American Athletic,40,Tulsa,American Athletic,21,Florida Atlantic,Tulsa,4,"{'minutes': 0, 'seconds': 0}",3,3,21,79,1,10,-2,False,End Period,End of 4th quarter.,-0.7325616754847815,2025-11-08T23:29:05.000Z
401762509,40176250918,401762509436,12,2,Florida Atlantic,American Athletic,10,Tulane,American Athletic,21,Tulane,Florida Atlantic,2,"{'minutes': 0, 'seconds': 35}",0,1,46,46,1,10,17,False,Pass Reception,"(00:42) No Huddle-Shotgun #10 C.Veltkamp pass complete short middle to #8 E.Messer caught at TLN33, for 17 yards to the TLN29 (#3 J.White), 1ST DOWN",0.7549862235363523,2025-11-15T22:32:45.000Z
401762509,40176250918,401762509441,12,3,Florida Atlantic,American Athletic,10,Tulane,American Athletic,21,Tulane,Florida Atlantic,2,"{'minutes': 0, 'seconds': 24}",0,1,29,29,1,10,0,False,Interception,"(00:29) No Huddle-Shotgun #10 C.Veltkamp pass intercepted by #8 I.Wadsworth at TLN01, End Of Play",-4.211698815401888,2025-11-15T22:33:03.000Z
401762509,40176250918,401762509431,12,1,Florida Atlantic,American Athletic,10,Tulane,American Athletic,21,Tulane,Florida Atlantic,2,"{'minutes': 0, 'seconds': 42}",0,1,56,56,1,10,10,False,Pass Reception,"(00:48) Shotgun #10 C.Veltkamp pass complete short left to #23 G.Sands caught at FAU41, for 10 yards to the TLN46 (#4 C.Rodgers), 1ST DOWN",0.8268953732448417,2025-11-15T22:32:17.000Z
401762509,40176250919,401762509446,13,1,Tulane,American Athletic,21,Florida Atlantic,American Athletic,10,Tulane,Florida Atlantic,2,"{'minutes': 0, 'seconds': 23}",1,0,1,99,1,10,1,False,Rush,(00:23) No Huddle #12 J.Retzlaff rush middle for 1 yard gain to the TLN02 (#7 B.Langston),-0.20239104774718264,2025-11-15T22:34:13.000Z
401762509,40176250919,401762509452,13,2,Tulane,American Athletic,21,Florida Atlantic,American Athletic,10,Tulane,Florida Atlantic,2,"{'minutes': 0, 'seconds': 0}",1,0,1,99,1,10,1,False,End Period,End of 2nd quarter.,-0.20239104774718264,2025-11-15T22:34:40.000Z
401762509,40176250921,401762509459,14,1,Florida Atlantic,American Athletic,10,Tulane,American Athletic,21,Tulane,Florida Atlantic,3,"{'minutes': 15, 'seconds': 0}",3,3,65,65,1,10,0,False,Kickoff,"(15:00) #42 A.Nelms kickoff 65 yards to the TLN00, Touchback",,2025-11-15T22:55:34.000Z
401762509,40176250921,401762509475,14,5,Tulane,American Athletic,21,Florida Atlantic,American Athletic,10,Tulane,Florida Atlantic,3,"{'minutes': 13, 'seconds': 9}",3,3,36,64,1,10,0,False,Penalty,(13:09) No Huddle-Shotgun #25 J.McClure rush left for 0 yards to the TLN36 (#32 D.McGhee) PENALTY TLN Holding (#56 S.Hurst) 10 yards from TLN36 to TLN26. NO PLAY,,2025-11-15T22:59:09.000Z
401762509,40176250921,401762509520,14,13,Tulane,American Athletic,21,Florida Atlantic,American Athletic,10,Tulane,Florida Atlantic,3,"{'minutes': 9, 'seconds': 8}",3,3,60,40,3,12,10,False,Penalty,"(09:08) Shotgun #12 J.Retzlaff rush left for 10 yards gain to the FAU30 (#30 K.Johnson; #5 D.Batiste), out of bounds PENALTY TLN Holding (#58 J.Hollifield) 10 yards from FAU40 to FAU50. NO PLAY. #5 D.Batiste injured on the play",,2025-11-15T23:12:18.000Z
401762509,40176250921,401762509528,14,15,Tulane,American Athletic,21,Florida Atlantic,American Athletic,10,Tulane,Florida Atlantic,3,"{'minutes': 8, 'seconds': 29}",3,3,50,50,4,22,0,False,Punt,"(08:35) #38 A.Clark punt 50 yards to the FAU00, Touchback",,2025-11-15T23:14:42.000Z
401762509,40176250921,401762509466,14,3,Tulane,American Athletic,21,Florida Atlantic,American Athletic,10,Tulane,Florida Atlantic,3,"{'minutes': 14, 'seconds': 17}",3,3,29,71,2,6,5,False,Pass Reception,"(14:26) No Huddle-Shotgun #12 J.Retzlaff pass complete short middle to #5 A.Brown-Stephens caught at TLN34, for 5 yards to the TLN34 (#6 L.Hart Jr.)",0.0912547629899487,2025-11-15T22:57:37.000Z
401762509,40176250921,401762509471,14,4,Tulane,American Athletic,21,Florida Atlantic,American Athletic,10,Tulane,Florida Atlantic,3,"{'minutes': 13, 'seconds': 35}",3,3,34,66,3,1,2,False,Rush,"(13:44) No Huddle #6 B.Sullivan rush middle for 2 yards gain to the TLN36 (#6 L.Hart Jr.), 1ST DOWN",0.9535963738949382,2025-11-15T22:58:18.000Z
401762509,40176250921,401762509462,14,2,Tulane,American Athletic,21,Florida Atlantic,American Athletic,10,Tulane,Florida Atlantic,3,"{'minutes': 14, 'seconds': 49}",3,3,25,75,1,10,4,False,Rush,(14:59) No Huddle-Shotgun #25 J.McClure rush middle for 4 yards gain to the TLN29 (#26 J.Sweeney),-0.1142886249388964,2025-11-15T22:57:03.000Z
401762509,40176250921,401762509480,14,6,Tulane,American Athletic,21,Florida Atlantic,American Athletic,10,Tulane,Florida Atlantic,3,"{'minutes': 12, 'seconds': 33}",3,3,26,74,1,20,25,False,Pass Reception,"(12:45) No Huddle-Shotgun #12 J.Retzlaff pass complete short middle to #83 B.Bohanon caught at TLN43, for 25 yards to the FAU49 (#20 C.Keys Jr.), 1ST DOWN",3.1093018556673293,2025-11-15T22:59:40.000Z
401762509,40176250921,401762509485,14,7,Tulane,American Athletic,21,Florida Atlantic,American Athletic,10,Tulane,Florida Atlantic,3,"{'minutes': 12, 'seconds': 3}",3,3,51,49,1,10,4,False,Rush,(12:10) No Huddle-Shotgun #2 Z.Mobley rush right for 4 yards gain to the FAU45 (#6 L.Hart Jr.),-0.1369390380115582,2025-11-15T23:00:17.000Z
401762509,40176250921,401762509489,14,8,Tulane,American Athletic,21,Florida Atlantic,American Athletic,10,Tulane,Florida Atlantic,3,"{'minutes': 11, 'seconds': 34}",3,3,55,45,2,6,-4,False,Sack,"(11:40) No Huddle-Shotgun #12 J.Retzlaff sacked for loss of 8 yards to the TLN47 (#1 C.Doggette Jr., #5 D.Batiste)",-1.9975749928902182,2025-11-15T23:00:46.000Z
401762509,40176250921,401762509493,14,9,Tulane,American Athletic,21,Florida Atlantic,American Athletic,10,Tulane,Florida Atlantic,3,"{'minutes': 10, 'seconds': 43}",3,3,47,53,3,14,12,False,Pass Reception,"(10:57) No Huddle-Shotgun #12 J.Retzlaff pass complete short right to #82 J.Pascuzzi caught at TLN50, for 12 yards to the FAU41 (#20 C.Keys Jr.; #23 D.Allen)",1.3500845664781993,2025-11-15T23:01:28.000Z
401762509,40176250921,401762509506,14,10,Tulane,American Athletic,21,Florida Atlantic,American Athletic,10,Tulane,Florida Atlantic,3,"{'minutes': 10, 'seconds': 14}",3,3,59,41,4,2,3,False,Rush,"(10:14) No Huddle-Shotgun #12 J.Retzlaff rush left for 3 yards gain to the FAU38 (#32 D.McGhee), out of bounds, 1ST DOWN. The previous play is under automatic review - ""First down"". CALL OVERTURNED. (Original Play: (10:14) No Huddle-Shotgun #12 J.Retzlaff rush left for 1 yard gain to the FAU40 (#32 D.McGhee), out of bounds, TURNOVER ON DOWNS)",2.0956734276223905,2025-11-15T23:06:34.000Z
401762509,40176250921,401762509511,14,11,Tulane,American Athletic,21,Florida Atlantic,American Athletic,10,Tulane,Florida Atlantic,3,"{'minutes': 9, 'seconds': 44}",3,3,62,38,1,10,-2,False,Rush,"(09:48) No Huddle-Shotgun #6 B.Sullivan rush left for 2 yards loss to the FAU40 (#6 L.Hart Jr.), out of bounds",-1.180858328752638,2025-11-15T23:07:07.000Z
401762509,40176250921,401762509515,14,12,Tulane,American Athletic,21,Florida Atlantic,American Athletic,10,Tulane,Florida Atlantic,3,"{'minutes': 9, 'seconds': 9}",3,3,60,40,2,12,0,False,Pass Incompletion,(09:12) No Huddle-Shotgun #12 J.Retzlaff pass incomplete short left thrown to FAU25. #11 G.Marcelin injured on the play,-1.0300537141483108,2025-11-15T23:07:49.000Z
401762509,40176250921,401762509525,14,14,Tulane,American Athletic,21,Florida Atlantic,American Athletic,10,Tulane,Florida Atlantic,3,"{'minutes': 8, 'seconds': 37}",3,3,50,50,3,22,0,False,Pass Incompletion,(08:43) No Huddle-Shotgun #12 J.Retzlaff pass incomplete short right thrown to FAU40,-0.2974561760334202,2025-11-15T23:14:06.000Z
401762509,40176250922,401762509532,15,1,Florida Atlantic,American Athletic,10,Tulane,American Athletic,21,Tulane,Florida Atlantic,3,"{'minutes': 8, 'seconds': 20}",3,3,80,80,1,10,8,False,Pass Reception,"(08:29) No Huddle-Shotgun #10 C.Veltkamp pass complete short left to #28 K.Shields-Dutton caught at FAU21, for 8 yards to the FAU28 (#5 H.Dyson III), out of bounds",0.7987441096809142,2025-11-15T23:17:52.000Z
401762509,40176250922,401762509537,15,2,Florida Atlantic,American Athletic,10,Tulane,American Athletic,21,Tulane,Florida Atlantic,3,"{'minutes': 8, 'seconds': 6}",3,3,72,72,2,2,0,False,Pass Incompletion,(08:09) No Huddle-Shotgun #10 C.Veltkamp pass incomplete short left to #0 A.Waseem thrown to FAU29,-0.9674616238506859,2025-11-15T23:18:14.000Z
401762509,40176250922,401762509540,15,3,Florida Atlantic,American Athletic,10,Tulane,American Athletic,21,Tulane,Florida Atlantic,3,"{'minutes': 7, 'seconds': 56}",3,3,72,72,3,2,1,False,Rush,(08:06) No Huddle-Shotgun #10 C.Veltkamp rush left for 1 yard gain to the FAU29 (#7 K.Adams III),-0.3985907481447333,2025-11-15T23:18:51.000Z
401762509,40176250922,401762509546,15,4,Florida Atlantic,American Athletic,10,Tulane,American Athletic,21,Tulane,Florida Atlantic,3,"{'minutes': 7, 'seconds': 22}",3,3,71,71,4,1,4,False,Rush,"(07:28) No Huddle-Shotgun #10 C.Veltkamp rush middle for 4 yards gain to the FAU33, End Of Play, 1ST DOWN",1.524309388778459,2025-11-15T23:19:24.000Z
401762509,40176250922,401762509550,15,5,Florida Atlantic,American Athletic,10,Tulane,American Athletic,21,Tulane,Florida Atlantic,3,"{'minutes': 7, 'seconds': 2}",3,3,67,67,1,10,0,False,Pass Incompletion,(07:07) No Huddle-Shotgun #10 C.Veltkamp pass incomplete deep middle to #8 E.Messer thrown to TLN40 broken up by #7 K.Adams III,-0.956890163923906,2025-11-15T23:19:48.000Z
401762509,40176250922,401762509553,15,6,Florida Atlantic,American Athletic,10,Tulane,American Athletic,21,Tulane,Florida Atlantic,3,"{'minutes': 6, 'seconds': 54}",3,3,67,67,2,10,11,False,Rush,"(07:00) No Huddle-Shotgun #23 G.Sands rush middle for 11 yards gain to the FAU44 (#1 J.Tchienchou), 1ST DOWN",2.015764051685749,2025-11-15T23:20:24.000Z
401762509,40176250922,401762509557,15,7,Florida Atlantic,American Athletic,10,Tulane,American Athletic,21,Tulane,Florida Atlantic,3,"{'minutes': 6, 'seconds': 25}",3,3,56,56,1,10,7,False,Pass Reception,"(06:36) No Huddle-Shotgun #10 C.Veltkamp pass complete short right to #0 A.Waseem caught at FAU41, for 7 yards to the TLN49 (#1 J.Tchienchou)",0.6703928066087635,2025-11-15T23:20:47.000Z
401762509,40176250922,401762509562,15,8,Florida Atlantic,American Athletic,10,Tulane,American Athletic,21,Tulane,Florida Atlantic,3,"{'minutes': 6, 'seconds': 6}",3,3,49,49,2,3,4,False,Rush,"(06:13) No Huddle-Shotgun #23 G.Sands rush middle for 4 yards gain to the TLN45 (#6 K.Hamilton; #96 G.Guidry), 1ST DOWN",0.2232758897034745,2025-11-15T23:21:14.000Z
401762509,40176250922,401762509566,15,9,Florida Atlantic,American Athletic,10,Tulane,American Athletic,21,Tulane,Florida Atlantic,3,"{'minutes': 5, 'seconds': 40}",3,3,45,45,1,10,-5,False,Pass Reception,"(05:50) No Huddle-Shotgun #10 C.Veltkamp pass complete short left to #0 A.Waseem caught at TLN49, for 5 yards loss to the TLN50 (#11 E.Shine)",-2.1179584248948107,2025-11-15T23:21:34.000Z
401762509,40176250922,401762509571,15,10,Florida Atlantic,American Athletic,10,Tulane,American Athletic,21,Tulane,Florida Atlantic,3,"{'minutes': 5, 'seconds': 15}",3,3,50,50,2,15,10,False,Pass Interception Return,(05:26) No Huddle-Shotgun #10 C.Veltkamp pass intercepted by #20 J.Johnson at TLN32 broken up by #3 J.White #20 J.Johnson return 10 yards to the TLN42 (#8 E.Messer),-1.4055274900381214,2025-11-15T23:22:36.000Z
401762509,40176250923,401762509577,16,1,Tulane,American Athletic,21,Florida Atlantic,American Athletic,10,Tulane,Florida Atlantic,3,"{'minutes': 5, 'seconds': 10}",3,3,42,58,1,10,0,False,Pass Incompletion,(05:13) No Huddle-Shotgun #12 J.Retzlaff pass incomplete short left to #15 Z.Lewis Jr. thrown to FAU45,-1.1496266880203319,2025-11-15T23:23:03.000Z
401762509,40176250923,401762509580,16,2,Tulane,American Athletic,21,Florida Atlantic,American Athletic,10,Tulane,Florida Atlantic,3,"{'minutes': 5, 'seconds': 1}",3,3,42,58,2,10,11,False,Rush,"(05:08) No Huddle-Shotgun #25 J.McClure rush middle for 11 yards gain to the FAU47 (#26 J.Sweeney), 1ST DOWN",2.0981276587932176,2025-11-15T23:23:38.000Z
401762509,40176250923,401762509584,16,3,Tulane,American Athletic,21,Florida Atlantic,American Athletic,10,Tulane,Florida Atlantic,3,"{'minutes': 4, 'seconds': 19}",3,3,53,47,1,10,8,False,Pass Interception Return,(04:26) No Huddle-Shotgun #12 J.Retzlaff pass intercepted by #96 J.Roberts at FAU42 #96 J.Roberts return 8 yards to the TLN50 (#78 R.Baker),-3.38679775873357,2025-11-15T23:24:40.000Z
401762509,40176250924,401762509590,17,1,Florida Atlantic,American Athletic,10,Tulane,American Athletic,21,Tulane,Florida Atlantic,3,"{'minutes': 4, 'seconds': 14}",3,3,50,50,1,10,0,False,Pass Incompletion,(04:18) No Huddle-Shotgun #10 C.Veltkamp pass incomplete short right to #23 G.Sands thrown to FAU46,-1.1143038065675126,2025-11-15T23:25:27.000Z
401762509,40176250924,401762509593,17,2,Florida Atlantic,American Athletic,10,Tulane,American Athletic,21,Tulane,Florida Atlantic,3,"{'minutes': 4, 'seconds': 8}",3,3,50,50,2,10,7,False,Rush,(04:14) No Huddle-Shotgun #23 G.Sands rush middle for 7 yards gain to the TLN43 (#1 J.Tchienchou),0.5711788490243421,2025-11-15T23:26:00.000Z
401762509,40176250924,401762509597,17,3,Florida Atlantic,American Athletic,10,Tulane,American Athletic,21,Tulane,Florida Atlantic,3,"{'minutes': 3, 'seconds': 34}",3,3,43,43,3,3,0,False,Pass Incompletion,(03:38) No Huddle-Shotgun #10 C.Veltkamp pass incomplete deep right to #0 A.Waseem thrown to TLN18,-1.1301183864381823,2025-11-15T23:26:35.000Z
401762509,40176250924,401762509600,17,4,Florida Atlantic,American Athletic,10,Tulane,American Athletic,21,Tulane,Florida Atlantic,3,"{'minutes': 3, 'seconds': 28}",3,3,43,43,4,3,-6,False,Pass Reception,"(03:34) No Huddle-Shotgun #10 C.Veltkamp pass complete short middle to #0 A.Waseem caught at TLN45, for 6 yards loss to the TLN49 (#42 M.Williams), TURNOVER ON DOWNS",-1.4853447238972741,2025-11-15T23:27:18.000Z
401762509,40176250925,401762509606,18,1,Tulane,American Athletic,21,Florida Atlantic,American Athletic,10,Tulane,Florida Atlantic,3,"{'minutes': 3, 'seconds': 19}",3,3,49,51,1,10,9,False,Rush,(03:28) No Huddle-Shotgun #25 J.McClure rush left for 9 yards gain to the FAU42 (#30 K.Johnson),1.122673355463087,2025-11-15T23:28:19.000Z
401762509,40176250925,401762509610,18,2,Tulane,American Athletic,21,Florida Atlantic,American Athletic,10,Tulane,Florida Atlantic,3,"{'minutes': 2, 'seconds': 26}",3,3,58,42,2,1,18,False,Pass Reception,"(02:46) No Huddle-Shotgun #12 J.Retzlaff pass complete short left to #82 J.Pascuzzi caught at FAU24, for 18 yards to the FAU24, End Of Play, 1ST DOWN. The previous play is under automatic review - ""Pass completion"". CALL UPHELD",0.119255899822877,
401762509,40176250925,401762509616,18,3,Tulane,American Athletic,21,Florida Atlantic,American Athletic,10,Tulane,Florida Atlantic,3,"{'minutes': 2, 'seconds': 7}",3,3,76,24,1,10,1,False,Rush,(02:14) No Huddle-Shotgun #25 J.McClure rush left for 1 yard gain to the FAU23 (#11 G.Marcelin),-0.3334518667191766,2025-11-15T23:34:03.000Z
401762509,40176250925,401762509620,18,4,Tulane,American Athletic,21,Florida Atlantic,American Athletic,10,Tulane,Florida Atlantic,3,"{'minutes': 1, 'seconds': 29}",3,3,77,23,2,9,15,False,Rush,"(01:42) No Huddle-Shotgun #5 A.Brown-Stephens rush right for 15 yards gain to the FAU08 (#27 T.Reid), 1ST DOWN",0.6952902466264596,2025-11-15T23:34:37.000Z
401762509,40176250925,401762509624,18,5,Tulane,American Athletic,28,Florida Atlantic,American Athletic,10,Tulane,Florida Atlantic,3,"{'minutes': 1, 'seconds': 0}",3,3,92,8,1,8,8,True,Rushing Touchdown,"(01:03) No Huddle-Shotgun #25 J.McClure rush middle for 8 yards gain to the FAU00 TOUCHDOWN, clock 01:00 #91 P.Durkin kick attempt good (H: #38 A.Clark, LS: #57 J.Arredondo)",2.319599568699692,2025-11-15T23:35:17.000Z
401762509,40176250927,401762509631,19,1,Tulane,American Athletic,28,Florida Atlantic,American Athletic,10,Tulane,Florida Atlantic,3,"{'minutes': 1, 'seconds': 0}",3,3,35,65,1,10,0,False,Kickoff,"(01:00) #91 P.Durkin kickoff 65 yards to the FAU00, Touchback",,2025-11-15T23:36:05.000Z
401762509,40176250927,401762509654,19,6,Florida Atlantic,American Athletic,10,Tulane,American Athletic,28,Tulane,Florida Atlantic,3,"{'minutes': 0, 'seconds': 0}",3,3,54,54,2,5,4,False,End Period,End of 3rd quarter.,-0.167302274554267,2025-11-15T23:39:25.000Z
401762509,40176250927,401762509634,19,2,Florida Atlantic,American Athletic,10,Tulane,American Athletic,28,Tulane,Florida Atlantic,3,"{'minutes': 0, 'seconds': 48}",3,3,75,75,1,10,4,False,Pass Reception,"(00:58) No Huddle-Shotgun #10 C.Veltkamp pass complete short left to #28 K.Shields-Dutton caught at FAU26, for 4 yards to the FAU29 (#1 J.Tchienchou), out of bounds",-0.1142886249388964,2025-11-15T23:38:03.000Z
401762509,40176250927,401762509639,19,3,Florida Atlantic,American Athletic,10,Tulane,American Athletic,28,Tulane,Florida Atlantic,3,"{'minutes': 0, 'seconds': 34}",3,3,71,71,2,6,12,False,Rush,"(00:41) No Huddle-Shotgun #28 K.Shields-Dutton rush middle for 12 yards gain to the FAU41 (#1 J.Tchienchou; #30 J.Moore), 1ST DOWN",1.5330313948617906,2025-11-15T23:38:20.000Z
401762509,40176250927,401762509643,19,4,Florida Atlantic,American Athletic,10,Tulane,American Athletic,28,Tulane,Florida Atlantic,3,"{'minutes': 0, 'seconds': 20}",3,3,59,59,1,10,5,False,Rush,(00:24) No Huddle-Shotgun #28 K.Shields-Dutton rush middle for 5 yards gain to the FAU46 (#1 J.Tchienchou),0.1104175997643273,2025-11-15T23:38:37.000Z
401762509,40176250927,401762509647,19,5,Florida Atlantic,American Athletic,10,Tulane,American Athletic,28,Tulane,Florida Atlantic,3,"{'minutes': 0, 'seconds': 4}",3,3,54,54,2,5,4,False,Pass Reception,"(00:04) No Huddle-Shotgun #10 C.Veltkamp pass complete short left to #0 A.Waseem caught at TLN50, for 4 yards to the FAU50 (#13 T.Smith), out of bounds",-0.167302274554267,2025-11-15T23:38:57.000Z
401762509,40176250927,401762509658,19,7,Florida Atlantic,American Athletic,10,Tulane,American Athletic,28,Tulane,Florida Atlantic,4,"{'minutes': 14, 'seconds': 53}",3,3,50,50,3,1,7,False,Rush,"(14:59) No Huddle-Shotgun #28 K.Shields-Dutton rush middle for 7 yards gain to the TLN43 (#96 G.Guidry), 1ST DOWN",1.363526936657513,2025-11-15T23:43:00.000Z
401762509,40176250927,401762509664,19,8,Florida Atlantic,American Athletic,10,Tulane,American Athletic,28,Tulane,Florida Atlantic,4,"{'minutes': 14, 'seconds': 40}",3,3,43,43,1,10,2,False,Rush,(14:43) No Huddle-Shotgun #28 K.Shields-Dutton rush middle for 2 yards gain to the TLN41 (#29 S.Hopper; #96 G.Guidry),-0.5109950870570472,2025-11-15T23:43:14.000Z
401762509,40176250927,401762509668,19,9,Florida Atlantic,American Athletic,10,Tulane,American Athletic,28,Tulane,Florida Atlantic,4,"{'minutes': 14, 'seconds': 0}",3,3,41,41,2,8,9,False,Rush,"(14:05) No Huddle-Shotgun #23 G.Sands rush middle for 9 yards gain to the TLN32 (#3 J.White), 1ST DOWN",0.991845749398939,2025-11-15T23:43:54.000Z
401762509,40176250927,401762509672,19,10,Florida Atlantic,American Athletic,10,Tulane,American Athletic,28,Tulane,Florida Atlantic,4,"{'minutes': 13, 'seconds': 35}",3,3,32,32,1,10,2,False,Rush,(13:41) No Huddle-Shotgun #23 G.Sands rush right for 2 yards gain to the TLN30 (#95 T.McAlpine),-0.3235476292174476,2025-11-15T23:44:19.000Z
401762509,40176250927,401762509676,19,11,Florida Atlantic,American Athletic,10,Tulane,American Athletic,28,Tulane,Florida Atlantic,4,"{'minutes': 13, 'seconds': 25}",3,3,30,30,2,8,0,False,Pass Incompletion,(13:28) No Huddle-Shotgun #10 C.Veltkamp pass incomplete short right to #23 G.Sands thrown to TLN35,-0.728184745898302,2025-11-15T23:44:31.000Z
401762509,40176250927,401762509679,19,12,Florida Atlantic,American Athletic,10,Tulane,American Athletic,28,Tulane,Florida Atlantic,4,"{'minutes': 13, 'seconds': 21}",3,3,30,30,3,8,0,False,Pass Incompletion,(13:25) No Huddle-Shotgun #10 C.Veltkamp pass incomplete short right to #3 J.Platt thrown to TLN21,-0.9632826756807144,2025-11-15T23:45:15.000Z
401762509,40176250927,401762509682,19,13,Florida Atlantic,American Athletic,10,Tulane,American Athletic,28,Tulane,Florida Atlantic,4,"{'minutes': 13, 'seconds': 10}",3,3,30,30,4,8,12,False,Pass Reception,"(13:20) No Huddle-Shotgun #10 C.Veltkamp pass complete short left to #3 J.Platt caught at TLN19, for 12 yards to the TLN18 (#8 I.Wadsworth), 1ST DOWN",2.2947417673148354,2025-11-15T23:45:56.000Z
401762509,40176250927,401762509687,19,14,Florida Atlantic,American Athletic,10,Tulane,American Athletic,28,Tulane,Florida Atlantic,4,"{'minutes': 12, 'seconds': 55}",3,3,18,18,1,10,0,False,Pass Incompletion,(13:01) No Huddle-Shotgun #10 C.Veltkamp pass incomplete short right thrown to TLN07,-0.350740748439042,2025-11-15T23:46:19.000Z
401762509,40176250927,401762509690,19,15,Florida Atlantic,American Athletic,10,Tulane,American Athletic,28,Tulane,Florida Atlantic,4,"{'minutes': 12, 'seconds': 44}",3,3,18,18,2,10,11,False,Pass Reception,"(12:49) No Huddle-Shotgun #10 C.Veltkamp pass complete short middle to #9 D.Henry caught at TLN12, for 11 yards to the TLN07 (#30 J.Moore; #42 M.Williams), 1ST DOWN",0.745778827182422,2025-11-15T23:46:56.000Z
401762509,40176250927,401762509695,19,16,Florida Atlantic,American Athletic,10,Tulane,American Athletic,28,Tulane,Florida Atlantic,4,"{'minutes': 12, 'seconds': 26}",3,3,7,7,1,7,3,False,Pass Reception,"(12:33) No Huddle-Shotgun #10 C.Veltkamp pass complete short right to #0 A.Waseem caught at TLN05, for 3 yards to the TLN04 (#3 J.White). #3 J.White injured on the play",-0.1371356101207495,2025-11-15T23:47:15.000Z
401762509,40176250927,401762509700,19,17,Florida Atlantic,American Athletic,10,Tulane,American Athletic,28,Tulane,Florida Atlantic,4,"{'minutes': 11, 'seconds': 49}",3,3,4,4,2,4,0,False,Fumble Recovery (Own),"(12:16) No Huddle-Shotgun #10 C.Veltkamp rush middle for 0 yards to the TLN04 fumbled by #10 C.Veltkamp at TLN04 forced by #4 C.Rodgers recovered by FAU #6 R.Mikeska at TLN04, End Of Play",-0.362082681028621,2025-11-15T23:49:11.000Z
401762509,40176250927,401762509706,19,18,Florida Atlantic,American Athletic,10,Tulane,American Athletic,28,Tulane,Florida Atlantic,4,"{'minutes': 11, 'seconds': 28}",3,3,4,4,3,4,3,False,Rush,(11:35) No Huddle-Shotgun #23 G.Sands rush middle for 3 yards gain to the TLN01 (#4 C.Rodgers; #0 M.Westmoreland). #0 M.Westmoreland injured on the play,-0.0897810533795195,2025-11-15T23:49:52.000Z
401762509,40176250927,401762509710,19,19,Florida Atlantic,American Athletic,16,Tulane,American Athletic,28,Tulane,Florida Atlantic,4,"{'minutes': 11, 'seconds': 9}",3,3,1,1,4,1,1,True,Rushing Touchdown,"(11:11) No Huddle-Shotgun #28 K.Shields-Dutton rush middle for 1 yard gain to the TLN00 TOUCHDOWN, clock 11:09 #10 C.Veltkamp pass attempt failed",2.785753974856101,2025-11-15T23:52:26.000Z
401762509,40176250929,401762509717,20,1,Florida Atlantic,American Athletic,16,Tulane,American Athletic,28,Tulane,Florida Atlantic,4,"{'minutes': 11, 'seconds': 3}",3,3,65,65,1,10,12,False,Kickoff,(11:09) #42 A.Nelms kickoff 44 yards to the TLN21 #2 Z.Mobley return 12 yards to the TLN33 (#43 H.Chavez),,2025-11-15T23:56:22.000Z
401762509,40176250929,401762509781,20,14,Florida Atlantic,American Athletic,16,Tulane,American Athletic,28,Tulane,Florida Atlantic,4,"{'minutes': 4, 'seconds': 35}",2,3,92,92,3,4,0,False,Timeout,"Timeout Florida Atlantic, clock 04:35",,2025-11-16T00:05:38.000Z
401762509,40176250929,401762509722,20,2,Tulane,American Athletic,28,Florida Atlantic,American Athletic,16,Tulane,Florida Atlantic,4,"{'minutes': 10, 'seconds': 57}",3,3,33,67,1,10,1,False,Pass Reception,"(11:02) No Huddle-Shotgun #12 J.Retzlaff pass complete short left to #1 O.Hayes caught at TLN31, for 1 yard to the TLN34 (#20 C.Keys Jr.), out of bounds",-0.7895437741198555,2025-11-15T23:57:12.000Z
401762509,40176250929,401762509727,20,3,Tulane,American Athletic,28,Florida Atlantic,American Athletic,16,Tulane,Florida Atlantic,4,"{'minutes': 10, 'seconds': 24}",3,3,34,66,2,9,6,False,Rush,(10:35) No Huddle-Shotgun #25 J.McClure rush middle for 6 yards gain to the TLN40 (#27 T.Reid),0.265946963322377,2025-11-15T23:57:44.000Z
401762509,40176250929,401762509731,20,4,Tulane,American Athletic,28,Florida Atlantic,American Athletic,16,Tulane,Florida Atlantic,4,"{'minutes': 9, 'seconds': 42}",3,3,40,60,3,3,2,False,Pass Reception,"(09:54) No Huddle-Shotgun #12 J.Retzlaff pass complete short right to #83 B.Bohanon caught at TLN38, for 2 yards to the TLN42 (#26 J.Sweeney)",-0.4800748761591213,2025-11-15T23:58:26.000Z
401762509,40176250929,401762509736,20,5,Tulane,American Athletic,28,Florida Atlantic,American Athletic,16,Tulane,Florida Atlantic,4,"{'minutes': 9, 'seconds': 4}",3,3,42,58,4,1,2,False,Rush,"(09:16) #12 J.Retzlaff rush middle for 2 yards gain to the TLN44 (#1 C.Doggette Jr.; #6 L.Hart Jr.), 1ST DOWN",2.0625455747184427,2025-11-15T23:59:00.000Z
401762509,40176250929,401762509742,20,6,Tulane,American Athletic,28,Florida Atlantic,American Athletic,16,Tulane,Florida Atlantic,4,"{'minutes': 8, 'seconds': 35}",3,3,44,56,1,10,3,False,Rush,(08:40) No Huddle-Shotgun #2 Z.Mobley rush left for 3 yards gain to the TLN47 (#6 L.Hart Jr.),-0.42807362159939,2025-11-15T23:59:37.000Z
401762509,40176250929,401762509746,20,7,Tulane,American Athletic,28,Florida Atlantic,American Athletic,16,Tulane,Florida Atlantic,4,"{'minutes': 7, 'seconds': 50}",3,3,47,53,2,7,14,False,Pass Reception,"(08:00) No Huddle-Shotgun #12 J.Retzlaff pass complete short middle to #1 O.Hayes caught at FAU41, for 14 yards to the FAU39 (#8 C.Tooley III), 1ST DOWN, PENALTY TLN UNR: Unnecessary Roughness (#7 S.Preston) 15 yards from FAU39 to TLN46",1.657817848047145,2025-11-16T00:00:18.000Z
401762509,40176250929,401762509753,20,8,Tulane,American Athletic,28,Florida Atlantic,American Athletic,16,Tulane,Florida Atlantic,4,"{'minutes': 7, 'seconds': 27}",3,3,46,54,1,10,3,False,Rush,(07:33) No Huddle-Shotgun #2 Z.Mobley rush middle for 3 yards gain to the TLN49 (#6 L.Hart Jr.),-0.4184086843592085,2025-11-16T00:01:46.000Z
401762509,40176250929,401762509757,20,9,Tulane,American Athletic,28,Florida Atlantic,American Athletic,16,Tulane,Florida Atlantic,4,"{'minutes': 6, 'seconds': 46}",3,3,49,51,2,7,15,False,Pass Reception,"(06:54) No Huddle-Shotgun #12 J.Retzlaff pass complete short right to #88 J.Reid caught at FAU39, for 15 yards to the FAU36 (#26 J.Sweeney), 1ST DOWN",1.5925281270306204,2025-11-16T00:02:26.000Z
401762509,40176250929,401762509762,20,10,Tulane,American Athletic,28,Florida Atlantic,American Athletic,16,Tulane,Florida Atlantic,4,"{'minutes': 6, 'seconds': 11}",3,3,64,36,1,10,22,False,Pass Reception,"(06:19) No Huddle-Shotgun #12 J.Retzlaff pass complete deep right to #82 J.Pascuzzi caught at FAU15, for 22 yards to the FAU14, out of bounds at FAU14, 1ST DOWN",0.4624949198347145,2025-11-16T00:03:05.000Z
401762509,40176250929,401762509767,20,11,Tulane,American Athletic,28,Florida Atlantic,American Athletic,16,Tulane,Florida Atlantic,4,"{'minutes': 5, 'seconds': 36}",3,3,86,14,1,10,0,False,Pass Incompletion,(05:39) No Huddle-Shotgun #12 J.Retzlaff pass incomplete short right to #7 S.Preston thrown to FAU05,-0.3125697195395781,2025-11-16T00:03:50.000Z
401762509,40176250929,401762509770,20,12,Tulane,American Athletic,28,Florida Atlantic,American Athletic,16,Tulane,Florida Atlantic,4,"{'minutes': 5, 'seconds': 25}",3,3,86,14,2,10,6,False,Rush,(05:35) No Huddle-Shotgun #25 J.McClure rush middle for 6 yards gain to the FAU08 (#6 L.Hart Jr.),0.1121725579727996,2025-11-16T00:04:29.000Z
401762509,40176250929,401762509774,20,13,Tulane,American Athletic,28,Florida Atlantic,American Athletic,16,Tulane,Florida Atlantic,4,"{'minutes': 4, 'seconds': 35}",3,3,92,8,3,4,7,False,Pass Reception,"(04:46) No Huddle-Shotgun #12 J.Retzlaff pass complete short left to #7 S.Preston caught at FAU01, for 7 yards to the FAU01 (#20 C.Keys Jr.), 1ST DOWN",1.810659061625417,2025-11-16T00:05:20.000Z
401762509,40176250929,401762509779,20,15,Tulane,American Athletic,35,Florida Atlantic,American Athletic,16,Tulane,Florida Atlantic,4,"{'minutes': 4, 'seconds': 30}",3,2,99,1,1,1,1,True,Rushing Touchdown,"(04:34) #12 J.Retzlaff rush middle for 1 yard gain to the FAU00 TOUCHDOWN, clock 04:30 #91 P.Durkin kick attempt good (H: #38 A.Clark, LS: #57 J.Arredondo)",0.938021275120443,2025-11-16T00:08:44.000Z
401762509,4017625092,4017625093,1,1,Tulane,American Athletic,0,Florida Atlantic,American Athletic,0,Tulane,Florida Atlantic,1,"{'minutes': 15, 'seconds': 0}",3,3,35,65,1,10,0,False,Kickoff,"(15:00) #91 P.Durkin kickoff 65 yards to the FAU00, Touchback",,2025-11-15T21:00:42.000Z
401762509,4017625092,40176250912,1,2,Florida Atlantic,American Athletic,0,Tulane,American Athletic,0,Tulane,Florida Atlantic,1,"{'minutes': 14, 'seconds': 55}",3,3,75,75,1,10,0,False,Pass Incompletion,(14:59) No Huddle-Shotgun #10 C.Veltkamp pass incomplete short right to #28 K.Shields-Dutton thrown to FAU30,-0.7029700220436519,2025-11-15T21:03:10.000Z
401762509,4017625092,40176250915,1,3,Florida Atlantic,American Athletic,0,Tulane,American Athletic,0,Tulane,Florida Atlantic,1,"{'minutes': 14, 'seconds': 45}",3,3,75,75,2,10,16,False,Pass Reception,"(14:55) No Huddle-Shotgun #10 C.Veltkamp pass complete short middle to #0 A.Waseem caught at FAU36, for 16 yards to the FAU41 (#5 H.Dyson III; #20 J.Johnson), 1ST DOWN",2.121712791966546,2025-11-15T21:03:35.000Z
401762509,4017625092,40176250920,1,4,Florida Atlantic,American Athletic,0,Tulane,American Athletic,0,Tulane,Florida Atlantic,1,"{'minutes': 14, 'seconds': 16}",3,3,59,59,1,10,9,False,Pass Reception,"(14:30) No Huddle-Shotgun #10 C.Veltkamp pass complete short left to #9 D.Henry caught at FAU50, for 9 yards to the FAU50 (#11 E.Shine), out of bounds",1.3220501527298012,2025-11-15T21:03:59.000Z
401762509,4017625092,40176250925,1,5,Florida Atlantic,American Athletic,0,Tulane,American Athletic,0,Tulane,Florida Atlantic,1,"{'minutes': 14, 'seconds': 4}",3,3,50,50,2,1,-1,False,Rush,(14:08) No Huddle-Shotgun #28 K.Shields-Dutton rush middle for 1 yard loss to the FAU49 (#5 H.Dyson III; #95 T.McAlpine),-1.6565840366394262,2025-11-15T21:04:20.000Z
401762509,4017625092,40176250929,1,6,Florida Atlantic,American Athletic,0,Tulane,American Athletic,0,Tulane,Florida Atlantic,1,"{'minutes': 13, 'seconds': 39}",3,3,51,51,3,2,3,False,Pass Reception,"(13:49) No Huddle-Shotgun #10 C.Veltkamp pass complete short left to #8 E.Messer caught at FAU47, for 3 yards to the TLN48 (#4 C.Rodgers), 1ST DOWN",1.3073123974280954,2025-11-15T21:04:39.000Z
401762509,4017625092,40176250934,1,7,Florida Atlantic,American Athletic,0,Tulane,American Athletic,0,Tulane,Florida Atlantic,1,"{'minutes': 13, 'seconds': 15}",3,3,48,48,1,10,10,False,Rush,"(13:19) No Huddle-Shotgun #28 K.Shields-Dutton rush middle for 10 yards gain to the TLN38 (#4 C.Rodgers), 1ST DOWN",0.591641187694769,2025-11-15T21:05:09.000Z
401762509,4017625092,40176250938,1,8,Florida Atlantic,American Athletic,0,Tulane,American Athletic,0,Tulane,Florida Atlantic,1,"{'minutes': 12, 'seconds': 54}",3,3,38,38,1,10,11,False,Pass Reception,"(13:04) No Huddle-Shotgun #10 C.Veltkamp pass complete short right to #0 A.Waseem caught at TLN30, for 11 yards to the TLN27 (#3 J.White), out of bounds, 1ST DOWN",0.353311807193702,2025-11-15T21:05:27.000Z
401762509,4017625092,40176250943,1,9,Florida Atlantic,American Athletic,0,Tulane,American Athletic,0,Tulane,Florida Atlantic,1,"{'minutes': 12, 'seconds': 43}",3,3,27,27,1,10,0,False,Interception,"(12:44) No Huddle-Shotgun #10 C.Veltkamp pass intercepted by #32 B.Despanie at TLN00 broken up by #11 E.Shine, Touchback",-4.258719158608514,2025-11-15T21:05:44.000Z
401762509,4017625093,40176250959,2,4,Tulane,American Athletic,0,Florida Atlantic,American Athletic,0,Tulane,Florida Atlantic,1,"{'minutes': 11, 'seconds': 18}",3,3,26,74,4,4,0,False,Punt,(11:25) #38 A.Clark punt 47 yards to the FAU27,,2025-11-15T21:08:29.000Z
401762509,4017625093,40176250947,2,1,Tulane,American Athletic,0,Florida Atlantic,American Athletic,0,Tulane,Florida Atlantic,1,"{'minutes': 12, 'seconds': 20}",3,3,20,80,1,10,3,False,Pass Reception,"(12:43) No Huddle-Shotgun #12 J.Retzlaff pass complete short right to #7 S.Preston caught at TLN16, for 3 yards to the TLN23 (#9 N.Barber)",-0.2366097161141063,2025-11-15T21:06:44.000Z
401762509,4017625093,40176250952,2,2,Tulane,American Athletic,0,Florida Atlantic,American Athletic,0,Tulane,Florida Atlantic,1,"{'minutes': 12, 'seconds': 0}",3,3,23,77,2,7,3,False,Rush,(12:05) No Huddle-Shotgun #23 J.Gordon rush middle for 3 yards gain to the TLN26 (#9 N.Barber),-0.18622825165887136,2025-11-15T21:07:19.000Z
401762509,4017625093,40176250956,2,3,Tulane,American Athletic,0,Florida Atlantic,American Athletic,0,Tulane,Florida Atlantic,1,"{'minutes': 11, 'seconds': 29}",3,3,26,74,3,4,0,False,Pass Incompletion,(11:32) No Huddle-Shotgun #12 J.Retzlaff pass incomplete short left to #83 B.Bohanon thrown to TLN31,-0.3362980935228226,2025-11-15T21:07:54.000Z
401762509,4017625094,40176250989,3,7,Florida Atlantic,American Athletic,0,Tulane,American Athletic,0,Tulane,Florida Atlantic,1,"{'minutes': 8, 'seconds': 37}",3,3,58,58,4,6,0,False,Punt,"(08:44) #19 L.Lupo punt 31 yards to the TLN27, out of bounds at TLN27",,2025-11-15T21:15:35.000Z
401762509,4017625094,40176250963,3,1,Florida Atlantic,American Athletic,0,Tulane,American Athletic,0,Tulane,Florida Atlantic,1,"{'minutes': 11, 'seconds': 11}",3,3,73,73,1,10,1,False,Rush,(11:18) No Huddle-Shotgun #23 G.Sands rush middle for 1 yard gain to the FAU28 (#92 A.Cooley),-0.638641687269482,2025-11-15T21:12:19.000Z
401762509,4017625094,40176250967,3,2,Florida Atlantic,American Athletic,0,Tulane,American Athletic,0,Tulane,Florida Atlantic,1,"{'minutes': 10, 'seconds': 46}",3,3,72,72,2,9,1,False,Pass Reception,"(10:54) No Huddle-Shotgun #10 C.Veltkamp pass complete short right to #9 D.Henry caught at FAU28, for 1 yard to the FAU29 (#7 K.Adams III)",-0.3831401310441871,2025-11-15T21:12:40.000Z
401762509,4017625094,40176250972,3,3,Florida Atlantic,American Athletic,0,Tulane,American Athletic,0,Tulane,Florida Atlantic,1,"{'minutes': 10, 'seconds': 15}",3,3,71,71,3,8,9,False,Pass Reception,"(10:23) No Huddle-Shotgun #10 C.Veltkamp pass complete short middle to #23 G.Sands caught at FAU34, for 9 yards to the FAU38 (#42 M.Williams), 1ST DOWN",2.001493611856115,2025-11-15T21:13:11.000Z
401762509,4017625094,40176250977,3,4,Florida Atlantic,American Athletic,0,Tulane,American Athletic,0,Tulane,Florida Atlantic,1,"{'minutes': 9, 'seconds': 50}",3,3,62,62,1,10,7,False,Pass Reception,"(09:54) No Huddle-Shotgun #10 C.Veltkamp pass complete short right to #8 E.Messer caught at FAU42, for 7 yards to the FAU45 (#13 T.Smith), out of bounds",0.7103851122578037,2025-11-15T21:13:41.000Z
401762509,4017625094,40176250982,3,5,Florida Atlantic,American Athletic,0,Tulane,American Athletic,0,Tulane,Florida Atlantic,1,"{'minutes': 9, 'seconds': 18}",3,3,55,55,2,3,-3,False,Rush,(09:26) No Huddle-Shotgun #23 G.Sands rush left for 3 yards loss to the FAU42 (#17 D.Winner-Johnson),-1.9246256912794104,2025-11-15T21:14:15.000Z
401762509,4017625094,40176250986,3,6,Florida Atlantic,American Athletic,0,Tulane,American Athletic,0,Tulane,Florida Atlantic,1,"{'minutes': 8, 'seconds': 46}",3,3,58,58,3,6,0,False,Pass Incompletion,(08:55) No Huddle-Shotgun #10 C.Veltkamp pass incomplete deep right to #0 A.Waseem thrown to TLN31,-0.6401731194806475,2025-11-15T21:14:43.000Z
401762509,4017625095,401762509107,4,4,Tulane,American Athletic,0,Florida Atlantic,American Athletic,0,Tulane,Florida Atlantic,1,"{'minutes': 6, 'seconds': 44}",3,3,35,65,4,2,2,False,Punt Return,"(06:52) #38 A.Clark punt 53 yards to the FAU12 muffed by #8 E.Messer at FAU12 recovered by TLN #19 S.Nicholas at FAU14, End Of Play",,2025-11-15T21:20:43.000Z
401762509,4017625095,40176250994,4,1,Tulane,American Athletic,0,Florida Atlantic,American Athletic,0,Tulane,Florida Atlantic,1,"{'minutes': 8, 'seconds': 31}",3,3,27,73,1,10,4,False,Rush,(08:37) Shotgun #23 J.Gordon rush middle for 4 yards gain to the TLN31 (#9 N.Barber; #5 D.Batiste),-0.1248442803913914,2025-11-15T21:18:48.000Z
401762509,4017625095,40176250998,4,2,Tulane,American Athletic,0,Florida Atlantic,American Athletic,0,Tulane,Florida Atlantic,1,"{'minutes': 8, 'seconds': 0}",3,3,31,69,2,6,2,False,Rush,(08:05) No Huddle-Shotgun #23 J.Gordon rush middle for 2 yards gain to the TLN33 (#44 T.Stolsky),-0.4580111197221628,2025-11-15T21:19:19.000Z
401762509,4017625095,401762509102,4,3,Tulane,American Athletic,0,Florida Atlantic,American Athletic,0,Tulane,Florida Atlantic,1,"{'minutes': 7, 'seconds': 13}",3,3,33,67,3,4,2,False,Pass Reception,"(07:23) No Huddle-Shotgun #12 J.Retzlaff pass complete short left to #15 Z.Lewis Jr. caught at TLN35, for 2 yards to the TLN35 (#27 T.Reid)",-0.317231241699794,2025-11-15T21:20:03.000Z
401762509,4017625096,401762509115,5,1,Tulane,American Athletic,7,Florida Atlantic,American Athletic,0,Tulane,Florida Atlantic,1,"{'minutes': 6, 'seconds': 38}",3,3,86,14,1,10,14,True,Rushing Touchdown,"(06:44) No Huddle-Shotgun #4 J.Calloway rush right for 14 yards gain to the FAU00 TOUCHDOWN, clock 06:38, 1ST DOWN #91 P.Durkin kick attempt good (H: #38 A.Clark, LS: #57 J.Arredondo)",2.5482831751790815,2025-11-15T21:21:44.000Z
401762509,4017625098,401762509122,6,1,Tulane,American Athletic,7,Florida Atlantic,American Athletic,0,Tulane,Florida Atlantic,1,"{'minutes': 6, 'seconds': 38}",3,3,35,65,1,10,0,False,Kickoff,"(06:38) #91 P.Durkin kickoff 65 yards to the FAU00, Touchback",,2025-11-15T21:22:34.000Z
401762509,4017625098,401762509125,6,2,Florida Atlantic,American Athletic,0,Tulane,American Athletic,7,Tulane,Florida Atlantic,1,"{'minutes': 6, 'seconds': 38}",3,3,75,75,1,10,13,False,Penalty,"(06:38) No Huddle-Shotgun #10 C.Veltkamp pass complete short right to #28 K.Shields-Dutton caught at FAU26, for 5 yards to the FAU30 (#4 C.Rodgers) PENALTY FAU Pass Interference (#89 M.Kirch) 13 yards from FAU25 to FAU12. NO PLAY",,2025-11-15T21:26:58.000Z
401762509,4017625098,401762509145,6,6,Florida Atlantic,American Athletic,0,Tulane,American Athletic,7,Tulane,Florida Atlantic,1,"{'minutes': 4, 'seconds': 26}",3,3,21,21,2,21,15,False,Penalty,"(04:26) No Huddle-Shotgun #10 C.Veltkamp pass incomplete deep right to #0 A.Waseem thrown to TLN00, 1ST DOWN, PENALTY TLN Pass Interference (#3 J.White) 15 yards from TLN21 to TLN06, 1ST DOWN. NO PLAY",,2025-11-15T21:29:39.000Z
401762509,4017625098,401762509162,6,10,Florida Atlantic,American Athletic,0,Tulane,American Athletic,7,Tulane,Florida Atlantic,1,"{'minutes': 2, 'seconds': 14}",3,3,2,2,4,2,5,False,Penalty,"(02:14) Shotgun #10 C.Veltkamp pass complete short left to #9 D.Henry caught at TLN03, for 2 yards to the TLN00 TOUCHDOWN nullified by penalty, clock 02:09 PENALTY FAU Illegal Formation 5 yards from TLN02 to TLN07. NO PLAY",,2025-11-15T21:32:46.000Z
401762509,4017625098,401762509168,6,11,Florida Atlantic,American Athletic,3,Tulane,American Athletic,7,Tulane,Florida Atlantic,1,"{'minutes': 2, 'seconds': 6}",3,3,7,7,4,7,25,True,Field Goal Good,"(02:06) #37 G.Smith field goal attempt from 25 yards GOOD (H: #19 L.Lupo, LS: #43 J.Lee), clock 02:06",,2025-11-15T21:33:32.000Z
401762509,4017625098,401762509131,6,3,Florida Atlantic,American Athletic,0,Tulane,American Athletic,7,Tulane,Florida Atlantic,1,"{'minutes': 5, 'seconds': 54}",3,3,88,88,1,23,50,False,Pass Reception,"(06:07) No Huddle-Shotgun #10 C.Veltkamp pass complete short middle to #8 E.Messer caught at FAU25, for 50 yards to the TLN38 (#11 E.Shine; #32 B.Despanie), out of bounds, 1ST DOWN",4.1677143918292705,2025-11-15T21:27:45.000Z
401762509,4017625098,401762509136,6,4,Florida Atlantic,American Athletic,0,Tulane,American Athletic,7,Tulane,Florida Atlantic,1,"{'minutes': 5, 'seconds': 25}",3,3,38,38,1,10,28,False,Pass Reception,"(05:42) No Huddle-Shotgun #10 C.Veltkamp pass complete deep left to #9 D.Henry caught at TLN10, for 28 yards to the TLN10 (#11 E.Shine), 1ST DOWN",0.580765806335746,2025-11-15T21:28:13.000Z
401762509,4017625098,401762509141,6,5,Florida Atlantic,American Athletic,0,Tulane,American Athletic,7,Tulane,Florida Atlantic,1,"{'minutes': 4, 'seconds': 58}",3,3,10,10,1,10,-6,False,Sack,"(05:13) No Huddle-Shotgun #10 C.Veltkamp sacked for loss of 11 yards to the TLN21 (#6 K.Hamilton, #5 H.Dyson III)",-0.6627197624582465,2025-11-15T21:28:53.000Z
401762509,4017625098,401762509149,6,7,Florida Atlantic,American Athletic,0,Tulane,American Athletic,7,Tulane,Florida Atlantic,1,"{'minutes': 4, 'seconds': 2}",3,3,6,6,1,6,1,False,Pass Reception,"(04:19) No Huddle-Shotgun #10 C.Veltkamp pass complete short right to #0 A.Waseem caught at TLN07, for 1 yard to the TLN05 (#7 K.Adams III)",-0.386087920464643,2025-11-15T21:30:25.000Z
401762509,4017625098,401762509154,6,8,Florida Atlantic,American Athletic,0,Tulane,American Athletic,7,Tulane,Florida Atlantic,1,"{'minutes': 3, 'seconds': 32}",3,3,5,5,2,5,0,False,Rush,(03:39) No Huddle-Shotgun #23 G.Sands rush left for 0 yards to the TLN05 (#42 M.Williams; #3 J.White),-0.32302193763867,2025-11-15T21:31:04.000Z
401762509,4017625098,401762509158,6,9,Florida Atlantic,American Athletic,0,Tulane,American Athletic,7,Tulane,Florida Atlantic,1,"{'minutes': 2, 'seconds': 45}",3,3,5,5,3,5,3,False,Rush,(02:56) No Huddle-Shotgun #23 G.Sands rush middle for 3 yards gain to the TLN02 (#90 E.Nairne),-0.089753072085812,2025-11-15T21:31:52.000Z
401762509,40176250910,401762509171,7,1,Florida Atlantic,American Athletic,3,Tulane,American Athletic,7,Tulane,Florida Atlantic,1,"{'minutes': 1, 'seconds': 53}",3,3,65,65,1,10,30,False,Kickoff,"(02:06) #42 A.Nelms kickoff 65 yards to the TLN00 #13 T.Smith return 100 yards to the FAU00 TOUCHDOWN nullified by penalty, clock 01:53 PENALTY TLN Holding (#81 K.Tasby) 10 yards from TLN30 to TLN20",,2025-11-15T21:34:54.000Z
401762509,40176250910,401762509199,7,7,Tulane,American Athletic,7,Florida Atlantic,American Athletic,3,Tulane,Florida Atlantic,1,"{'minutes': 0, 'seconds': 0}",3,3,67,33,3,10,4,False,End Period,End of 1st quarter.,-0.1557575544853087,2025-11-15T21:39:25.000Z
401762509,40176250910,401762509177,7,2,Tulane,American Athletic,7,Florida Atlantic,American Athletic,3,Tulane,Florida Atlantic,1,"{'minutes': 1, 'seconds': 44}",3,3,20,80,1,10,26,False,Pass Reception,"(01:51) No Huddle-Shotgun #12 J.Retzlaff pass complete short left to #5 A.Brown-Stephens caught at TLN20, for 26 yards to the TLN46 (#20 C.Keys Jr.), out of bounds, 1ST DOWN",2.201160257919895,2025-11-15T21:36:23.000Z
401762509,40176250910,401762509182,7,3,Tulane,American Athletic,7,Florida Atlantic,American Athletic,3,Tulane,Florida Atlantic,1,"{'minutes': 1, 'seconds': 18}",3,3,46,54,1,10,21,False,Pass Reception,"(01:29) No Huddle-Shotgun #12 J.Retzlaff pass complete short middle to #5 A.Brown-Stephens caught at FAU35, for 21 yards to the FAU33 (#26 J.Sweeney), 1ST DOWN",1.28182276418322,2025-11-15T21:36:50.000Z
401762509,40176250910,401762509187,7,4,Tulane,American Athletic,7,Florida Atlantic,American Athletic,3,Tulane,Florida Atlantic,1,"{'minutes': 0, 'seconds': 40}",3,3,67,33,1,10,0,False,Pass Incompletion,(00:43) No Huddle-Shotgun #12 J.Retzlaff pass incomplete short middle to #83 B.Bohanon thrown to FAU24,-0.6351269961541294,2025-11-15T21:37:36.000Z
401762509,40176250910,401762509201,7,5,Tulane,American Athletic,7,Florida Atlantic,American Athletic,3,Tulane,Florida Atlantic,1,"{'minutes': 0, 'seconds': 39}",3,3,67,33,2,10,0,False,Pass Incompletion,(00:39) No Huddle-Shotgun #12 J.Retzlaff pass incomplete short right to #20 A.Barnes III thrown to FAU30,-0.8568313524572986,2025-11-15T21:40:15.000Z
401762509,40176250910,401762509193,7,6,Tulane,American Athletic,7,Florida Atlantic,American Athletic,3,Tulane,Florida Atlantic,1,"{'minutes': 0, 'seconds': 34}",3,3,67,33,3,10,4,False,Rush,(00:34) No Huddle-Shotgun #23 J.Gordon rush middle for 4 yards gain to the FAU29 (#6 L.Hart Jr.),-0.1557575544853087,2025-11-15T21:38:53.000Z
401762509,40176250910,401762509206,7,8,Tulane,American Athletic,14,Florida Atlantic,American Athletic,3,Tulane,Florida Atlantic,2,"{'minutes': 14, 'seconds': 54}",3,3,71,29,4,6,29,True,Passing Touchdown,"(14:59) No Huddle-Shotgun #12 J.Retzlaff pass complete deep right to #83 B.Bohanon caught at FAU00, for 29 yards to the FAU00 TOUCHDOWN, clock 14:54, 1ST DOWN #91 P.Durkin kick attempt good (H: #38 A.Clark, LS: #57 J.Arredondo)",4.550790676598725,2025-11-15T21:43:23.000Z
401762509,40176250912,401762509216,8,1,Tulane,American Athletic,14,Florida Atlantic,American Athletic,3,Tulane,Florida Atlantic,2,"{'minutes': 14, 'seconds': 54}",3,3,35,65,1,10,0,False,Kickoff,"(14:54) #91 P.Durkin kickoff 65 yards to the FAU00, Touchback",,2025-11-15T21:44:12.000Z
401762509,40176250912,401762509246,8,7,Florida Atlantic,American Athletic,3,Tulane,American Athletic,14,Tulane,Florida Atlantic,2,"{'minutes': 12, 'seconds': 42}",3,3,28,28,1,10,5,False,Penalty,(12:42) PENALTY FAU False Start (#75 M.Hinds) 5 yards from TLN28 to TLN33. NO PLAY,,2025-11-15T21:49:13.000Z
401762509,40176250912,401762509258,8,10,Florida Atlantic,American Athletic,3,Tulane,American Athletic,14,Tulane,Florida Atlantic,2,"{'minutes': 11, 'seconds': 57}",3,3,17,17,1,10,9,False,Penalty,"(11:57) No Huddle-Shotgun #10 C.Veltkamp pass incomplete short left to #8 E.Messer thrown to TLN00 PENALTY TLN Holding (#1 J.Tchienchou) 9 yards from TLN17 to TLN08, 1ST DOWN. NO PLAY",,2025-11-15T21:50:19.000Z
401762509,40176250912,401762509223,8,2,Florida Atlantic,American Athletic,3,Tulane,American Athletic,14,Tulane,Florida Atlantic,2,"{'minutes': 14, 'seconds': 47}",3,3,75,75,1,10,0,False,Pass Incompletion,(14:52) No Huddle-Shotgun #10 C.Veltkamp pass incomplete short right to #28 K.Shields-Dutton thrown to FAU24,-0.7029700220436519,2025-11-15T21:46:32.000Z
401762509,40176250912,401762509226,8,3,Florida Atlantic,American Athletic,3,Tulane,American Athletic,14,Tulane,Florida Atlantic,2,"{'minutes': 14, 'seconds': 35}",3,3,75,75,2,10,4,False,Pass Reception,"(14:47) No Huddle-Shotgun #10 C.Veltkamp pass complete short right to #0 A.Waseem caught at FAU29, for 4 yards to the FAU29 (#3 J.White; #42 M.Williams)",-0.06222348980634162,2025-11-15T21:47:06.000Z
401762509,40176250912,401762509231,8,4,Florida Atlantic,American Athletic,3,Tulane,American Athletic,14,Tulane,Florida Atlantic,2,"{'minutes': 13, 'seconds': 59}",3,3,71,71,3,6,14,False,Pass Reception,"(14:05) No Huddle-Shotgun #10 C.Veltkamp pass complete short left to #8 E.Messer caught at FAU29, for 14 yards to the FAU43 (#22 L.Green), out of bounds, 1ST DOWN",2.3776319340599885,2025-11-15T21:47:44.000Z
401762509,40176250912,401762509236,8,5,Florida Atlantic,American Athletic,3,Tulane,American Athletic,14,Tulane,Florida Atlantic,2,"{'minutes': 13, 'seconds': 23}",3,3,57,57,1,10,18,False,Pass Reception,"(13:31) No Huddle-Shotgun #10 C.Veltkamp pass complete short middle to #9 D.Henry caught at FAU50, for 18 yards to the TLN39 (#17 D.Winner-Johnson), 1ST DOWN",1.3248781425797755,2025-11-15T21:48:22.000Z
401762509,40176250912,401762509241,8,6,Florida Atlantic,American Athletic,3,Tulane,American Athletic,14,Tulane,Florida Atlantic,2,"{'minutes': 13, 'seconds': 2}",3,3,39,39,1,10,11,False,Pass Reception,"(13:11) No Huddle-Shotgun #10 C.Veltkamp pass complete short left to #9 D.Henry caught at TLN30, for 11 yards to the TLN28 (#22 L.Green), 1ST DOWN",0.37642408079312,2025-11-15T21:48:43.000Z
401762509,40176250912,401762509249,8,8,Florida Atlantic,American Athletic,3,Tulane,American Athletic,14,Tulane,Florida Atlantic,2,"{'minutes': 12, 'seconds': 16}",3,3,33,33,1,15,13,False,Pass Reception,"(12:30) No Huddle-Shotgun #10 C.Veltkamp pass complete short left to #19 B.Hoch caught at TLN27, for 13 yards to the TLN20 (#1 J.Tchienchou)",1.0542064886529785,2025-11-15T21:49:40.000Z
401762509,40176250912,401762509254,8,9,Florida Atlantic,American Athletic,3,Tulane,American Athletic,14,Tulane,Florida Atlantic,2,"{'minutes': 12, 'seconds': 8}",3,3,20,20,2,2,3,False,Rush,"(12:11) No Huddle-Shotgun #28 K.Shields-Dutton rush middle for 3 yards gain to the TLN17 (#6 K.Hamilton), 1ST DOWN",-0.312589378994512,2025-11-15T21:49:56.000Z
401762509,40176250912,401762509262,8,11,Florida Atlantic,American Athletic,3,Tulane,American Athletic,14,Tulane,Florida Atlantic,2,"{'minutes': 11, 'seconds': 49}",3,3,8,8,1,8,0,False,Pass Incompletion,(11:49) No Huddle-Shotgun #10 C.Veltkamp pass incomplete short left to #28 K.Shields-Dutton thrown to TLN01,-0.357171386033373,2025-11-15T21:51:06.000Z
401762509,40176250912,401762509265,8,12,Florida Atlantic,American Athletic,3,Tulane,American Athletic,14,Tulane,Florida Atlantic,2,"{'minutes': 11, 'seconds': 43}",3,3,8,8,2,8,4,False,Rush,(11:48) No Huddle-Shotgun #28 K.Shields-Dutton rush middle for 4 yards gain to the TLN04 (#4 C.Rodgers),-0.0192019667435165,2025-11-15T21:51:43.000Z
401762509,40176250912,401762509269,8,13,Florida Atlantic,American Athletic,3,Tulane,American Athletic,14,Tulane,Florida Atlantic,2,"{'minutes': 11, 'seconds': 12}",3,3,4,4,3,4,0,False,Pass Incompletion,(11:16) No Huddle #10 C.Veltkamp pass incomplete short right thrown to TLN00,-0.2868087912016805,2025-11-15T21:52:17.000Z
401762509,40176250912,401762509272,8,14,Florida Atlantic,American Athletic,10,Tulane,American Athletic,14,Tulane,Florida Atlantic,2,"{'minutes': 11, 'seconds': 6}",3,3,4,4,4,4,4,True,Passing Touchdown,"(11:12) No Huddle-Shotgun #10 C.Veltkamp pass complete short middle to #3 J.Platt caught at TLN00, for 4 yards to the TLN00 TOUCHDOWN, clock 11:06 #37 G.Smith kick attempt good (H: #19 L.Lupo, LS: #43 J.Lee)",2.982781712678262,2025-11-15T21:52:57.000Z
401762509,40176250914,401762509280,9,1,Florida Atlantic,American Athletic,10,Tulane,American Athletic,14,Tulane,Florida Atlantic,2,"{'minutes': 11, 'seconds': 6}",3,3,65,65,1,10,0,False,Kickoff,"(11:06) #42 A.Nelms kickoff 65 yards to the TLN00, Touchback",,2025-11-15T21:53:43.000Z
401762509,40176250914,401762509283,9,2,Tulane,American Athletic,14,Florida Atlantic,American Athletic,10,Tulane,Florida Atlantic,2,"{'minutes': 10, 'seconds': 59}",3,3,25,75,1,10,6,False,Rush,(11:06) No Huddle-Shotgun #20 A.Barnes III rush middle for 6 yards gain to the TLN31 (#6 L.Hart Jr.),0.3333748010525683,2025-11-15T21:57:56.000Z
401762509,40176250914,401762509287,9,3,Tulane,American Athletic,14,Florida Atlantic,American Athletic,10,Tulane,Florida Atlantic,2,"{'minutes': 10, 'seconds': 28}",3,3,31,69,2,4,0,False,Rush,(10:34) No Huddle-Shotgun #12 J.Retzlaff rush middle for 0 yards to the TLN31 (#44 T.Stolsky),-0.8681070846083454,2025-11-15T21:58:27.000Z
401762509,40176250914,401762509291,9,4,Tulane,American Athletic,14,Florida Atlantic,American Athletic,10,Tulane,Florida Atlantic,2,"{'minutes': 9, 'seconds': 37}",3,3,31,69,3,4,6,False,Pass Reception,"(09:53) No Huddle-Shotgun #12 J.Retzlaff pass complete short left to #4 J.Calloway caught at TLN34, for 6 yards to the TLN37 (#32 D.McGhee), 1ST DOWN",1.5619766096993484,2025-11-15T21:59:10.000Z
401762509,40176250914,401762509296,9,5,Tulane,American Athletic,14,Florida Atlantic,American Athletic,10,Tulane,Florida Atlantic,2,"{'minutes': 9, 'seconds': 1}",3,3,37,63,1,10,4,False,Rush,(09:09) No Huddle-Shotgun #25 J.McClure rush middle for 4 yards gain to the TLN41 (#1 C.Doggette Jr.),-0.1644248613169578,2025-11-15T21:59:51.000Z
401762509,40176250914,401762509300,9,6,Tulane,American Athletic,14,Florida Atlantic,American Athletic,10,Tulane,Florida Atlantic,2,"{'minutes': 8, 'seconds': 31}",3,3,41,59,2,6,0,False,Pass Incompletion,(08:36) No Huddle-Shotgun #12 J.Retzlaff pass incomplete deep left to #15 Z.Lewis Jr. thrown to FAU38 broken up by #3 D.Rogers Jr.,-1.0222685605653614,2025-11-15T22:00:25.000Z
401762509,40176250914,401762509303,9,7,Tulane,American Athletic,14,Florida Atlantic,American Athletic,10,Tulane,Florida Atlantic,2,"{'minutes': 8, 'seconds': 24}",3,3,41,59,3,6,19,False,Pass Reception,"(08:31) No Huddle-Shotgun #12 J.Retzlaff pass complete short middle to #7 S.Preston caught at FAU43, for 19 yards to the FAU40 (#26 J.Sweeney), 1ST DOWN, PENALTY FAU Illegal Substitution declined",3.0481550715227286,2025-11-15T22:01:02.000Z
401762509,40176250914,401762509309,9,8,Tulane,American Athletic,14,Florida Atlantic,American Athletic,10,Tulane,Florida Atlantic,2,"{'minutes': 7, 'seconds': 50}",3,3,60,40,1,10,26,False,Rush,"(08:01) No Huddle-Shotgun #25 J.McClure rush middle for 26 yards gain to the FAU14 (#18 Z.Paret; #32 D.McGhee), 1ST DOWN",0.6407659687582595,2025-11-15T22:01:51.000Z
401762509,40176250914,401762509313,9,9,Tulane,American Athletic,21,Florida Atlantic,American Athletic,10,Tulane,Florida Atlantic,2,"{'minutes': 7, 'seconds': 8}",3,3,86,14,1,10,14,True,Passing Touchdown,"(07:14) No Huddle-Shotgun #12 J.Retzlaff pass complete short right to #85 A.Miller Jr. caught at FAU00, for 14 yards to the FAU00 TOUCHDOWN, clock 07:08, 1ST DOWN #91 P.Durkin kick attempt good (H: #38 A.Clark, LS: #57 J.Arredondo)",2.5482831751790815,2025-11-15T22:02:42.000Z
401762509,40176250916,401762509321,10,1,Tulane,American Athletic,21,Florida Atlantic,American Athletic,10,Tulane,Florida Atlantic,2,"{'minutes': 7, 'seconds': 8}",3,3,35,65,1,10,0,False,Kickoff,"(07:08) #91 P.Durkin kickoff 65 yards to the FAU00, Touchback",,2025-11-15T22:03:47.000Z
401762509,40176250916,401762509330,10,4,Florida Atlantic,American Athletic,10,Tulane,American Athletic,21,Tulane,Florida Atlantic,2,"{'minutes': 6, 'seconds': 55}",3,3,75,75,3,10,15,False,Penalty,"(06:55) No Huddle-Shotgun #10 C.Veltkamp pass incomplete short middle to #5 J.Smith Jr. thrown to FAU40 PENALTY TLN Targeting (#32 B.Despanie) 15 yards from FAU25 to FAU40, 1ST DOWN. NO PLAY. Tulane #32 B.Despanie has been disqualified",,2025-11-15T22:09:12.000Z
401762509,40176250916,401762509363,10,10,Tulane,American Athletic,21,Florida Atlantic,American Athletic,10,Tulane,Florida Atlantic,2,"{'minutes': 5, 'seconds': 9}",2,3,23,77,1,10,0,False,Timeout,"Timeout Tulane, clock 05:09",,2025-11-15T22:16:03.000Z
401762509,40176250916,401762509389,10,16,Florida Atlantic,American Athletic,10,Tulane,American Athletic,21,Tulane,Florida Atlantic,2,"{'minutes': 2, 'seconds': 12}",2,2,1,1,4,1,0,False,Timeout,"Timeout Florida Atlantic, clock 02:12",,2025-11-15T22:21:25.000Z
401762509,40176250916,401762509377,10,14,Florida Atlantic,American Athletic,10,Tulane,American Athletic,21,Tulane,Florida Atlantic,2,"{'minutes': 3, 'seconds': 29}",3,2,8,8,2,8,6,False,Pass Reception,"(03:37) No Huddle-Shotgun #10 C.Veltkamp pass complete short left to #0 A.Waseem caught at TLN03, for 6 yards to the TLN02 (#7 K.Adams III; #3 J.White)",0.131940670670204,2025-11-15T22:19:46.000Z
401762509,40176250916,401762509382,10,15,Florida Atlantic,American Athletic,10,Tulane,American Athletic,21,Tulane,Florida Atlantic,2,"{'minutes': 2, 'seconds': 48}",3,2,2,2,3,2,1,False,Pass Reception,"(02:57) No Huddle-Shotgun #10 C.Veltkamp pass complete short middle to #8 E.Messer caught at TLN05, for 1 yard to the TLN01 (#20 J.Johnson), out of bounds",-0.24092369079324,2025-11-15T22:20:25.000Z
401762509,40176250916,401762509387,10,17,Florida Atlantic,American Athletic,10,Tulane,American Athletic,21,Tulane,Florida Atlantic,2,"{'minutes': 2, 'seconds': 8}",2,2,1,1,4,1,0,False,Rush,"(02:11) Shotgun #10 C.Veltkamp rush middle for 0 yards to the TLN01 (#4 C.Rodgers), TURNOVER ON DOWNS",-4.214246025143899,2025-11-15T22:22:38.000Z
401762509,40176250916,401762509324,10,2,Florida Atlantic,American Athletic,10,Tulane,American Athletic,21,Tulane,Florida Atlantic,2,"{'minutes': 7, 'seconds': 1}",3,3,75,75,1,10,0,False,Pass Incompletion,(07:08) No Huddle-Shotgun #10 C.Veltkamp pass incomplete deep right to #5 J.Smith Jr. thrown to TLN49,-0.7029700220436519,2025-11-15T22:07:45.000Z
401762509,40176250916,401762509327,10,3,Florida Atlantic,American Athletic,10,Tulane,American Athletic,21,Tulane,Florida Atlantic,2,"{'minutes': 6, 'seconds': 55}",3,3,75,75,2,10,0,False,Pass Incompletion,(07:00) No Huddle-Shotgun #10 C.Veltkamp pass incomplete deep left to #9 D.Henry thrown to TLN45 broken up by #22 L.Green,-0.34710487712173865,2025-11-15T22:08:13.000Z
401762509,40176250916,401762509334,10,5,Florida Atlantic,American Athletic,10,Tulane,American Athletic,21,Tulane,Florida Atlantic,2,"{'minutes': 6, 'seconds': 33}",3,3,60,60,1,10,2,False,Rush,(06:48) No Huddle-Shotgun #23 G.Sands rush middle for 2 yards gain to the FAU42 (#6 K.Hamilton; #42 M.Williams),-0.6799841752385892,2025-11-15T22:12:28.000Z
401762509,40176250916,401762509339,10,6,Florida Atlantic,American Athletic,10,Tulane,American Athletic,21,Tulane,Florida Atlantic,2,"{'minutes': 6, 'seconds': 20}",3,3,58,58,2,8,0,False,Pass Reception,"(06:24) No Huddle-Shotgun #10 C.Veltkamp pass complete short left to #23 G.Sands caught at FAU43, for 23 yards to the TLN35 (#22 L.Green; #1 J.Tchienchou) PENALTY FAU Holding offsetting TLN Illegal Use Of Hands offsetting. NO PLAY",-0.9286544985354048,
401762509,40176250916,401762509395,10,7,Florida Atlantic,American Athletic,10,Tulane,American Athletic,21,Tulane,Florida Atlantic,2,"{'minutes': 6, 'seconds': 0}",3,3,33,33,1,10,10,False,Pass Reception,"(06:00) No Huddle-Shotgun #10 C.Veltkamp pass complete short left to #19 B.Hoch caught at TLN23, for 10 yards to the TLN23 (#20 J.Johnson), 1ST DOWN",0.2390970954307595,2025-11-15T22:23:37.000Z
401762509,40176250916,401762509346,10,8,Florida Atlantic,American Athletic,10,Tulane,American Athletic,21,Tulane,Florida Atlantic,2,"{'minutes': 5, 'seconds': 9}",3,3,58,58,2,8,25,False,Pass Reception,"(06:23) No Huddle-Shotgun #10 C.Veltkamp pass complete deep middle to #8 E.Messer caught at TLN33, for 25 yards to the TLN33 (#30 J.Moore), 1ST DOWN",2.5338100058802766,2025-11-15T22:15:12.000Z
401762509,40176250916,401762509356,10,9,Florida Atlantic,American Athletic,10,Tulane,American Athletic,21,Tulane,Florida Atlantic,2,"{'minutes': 5, 'seconds': 9}",3,3,23,23,1,10,5,False,Pass Reception,"(05:30) No Huddle-Shotgun #10 C.Veltkamp pass complete short middle to #23 G.Sands caught at TLN18, for 5 yards to the TLN18 (#17 D.Winner-Johnson)",0.0748292871583285,2025-11-15T22:15:46.000Z
401762509,40176250916,401762509361,10,11,Florida Atlantic,American Athletic,10,Tulane,American Athletic,21,Tulane,Florida Atlantic,2,"{'minutes': 5, 'seconds': 1}",3,2,18,18,2,5,2,False,Rush,(05:09) No Huddle-Shotgun #23 G.Sands rush middle for 2 yards gain to the TLN16 (#1 J.Tchienchou),-0.245297641964239,2025-11-15T22:18:15.000Z
401762509,40176250916,401762509368,10,12,Florida Atlantic,American Athletic,10,Tulane,American Athletic,21,Tulane,Florida Atlantic,2,"{'minutes': 4, 'seconds': 37}",3,2,16,16,3,3,9,False,Pass Reception,"(04:46) No Huddle-Shotgun #10 C.Veltkamp pass complete short middle to #89 M.Kirch caught at TLN10, for 9 yards to the TLN07 (#7 K.Adams III), 1ST DOWN",0.637691402549928,2025-11-15T22:18:36.000Z
401762509,40176250916,401762509373,10,13,Florida Atlantic,American Athletic,10,Tulane,American Athletic,21,Tulane,Florida Atlantic,2,"{'minutes': 4, 'seconds': 7}",3,2,7,7,1,7,-1,False,Rush,(04:13) No Huddle-Shotgun #10 C.Veltkamp rush right for 1 yard loss to the TLN08 (#4 C.Rodgers),-0.480016324405854,2025-11-15T22:19:09.000Z
401762509,40176250917,401762509393,11,1,Tulane,American Athletic,21,Florida Atlantic,American Athletic,10,Tulane,Florida Atlantic,2,"{'minutes': 2, 'seconds': 8}",2,2,1,99,1,10,5,False,Penalty,PENALTY FAU Offside (#1 C.Doggette Jr.) 5 yards from TLN01 to TLN06. NO PLAY,,2025-11-15T22:23:47.000Z
401762509,40176250917,401762509407,11,3,Tulane,American Athletic,21,Florida Atlantic,American Athletic,10,Tulane,Florida Atlantic,2,"{'minutes': 2, 'seconds': 0}",1,2,6,94,1,5,0,False,Timeout,"Timeout Tulane, clock 02:00",,2025-11-15T22:24:48.000Z
401762509,40176250917,401762509420,11,7,Florida Atlantic,American Athletic,10,Tulane,American Athletic,21,Tulane,Florida Atlantic,2,"{'minutes': 1, 'seconds': 1}",1,1,11,11,2,11,0,False,Timeout,"Timeout Florida Atlantic, clock 01:01",,2025-11-15T22:29:10.000Z
401762509,40176250917,401762509425,11,8,Florida Atlantic,American Athletic,10,Tulane,American Athletic,21,Tulane,Florida Atlantic,2,"{'minutes': 0, 'seconds': 58}",0,1,17,17,3,5,0,False,Timeout,"Timeout Florida Atlantic, clock 00:58",,2025-11-15T22:30:39.000Z
401762509,40176250917,401762509423,11,10,Tulane,American Athletic,21,Florida Atlantic,American Athletic,10,Tulane,Florida Atlantic,2,"{'minutes': 0, 'seconds': 49}",1,0,18,82,4,4,0,False,Punt,(00:57) #38 A.Clark punt 38 yards to the FAU44,,2025-11-15T22:31:22.000Z
401762509,40176250917,401762509401,11,2,Tulane,American Athletic,21,Florida Atlantic,American Athletic,10,Tulane,Florida Atlantic,2,"{'minutes': 2, 'seconds': 0}",2,2,6,94,1,5,4,False,Rush,(02:05) No Huddle-Shotgun #2 Z.Mobley rush middle for 4 yards gain to the TLN10 (#20 C.Keys Jr.; #9 N.Barber),-0.060732560574718,2025-11-15T22:24:14.000Z
401762509,40176250917,401762509405,11,4,Tulane,American Athletic,21,Florida Atlantic,American Athletic,10,Tulane,Florida Atlantic,2,"{'minutes': 1, 'seconds': 56}",1,2,10,90,2,1,2,False,Rush,"(01:58) No Huddle #12 J.Retzlaff rush middle for 2 yards gain to the TLN12 (#9 N.Barber), 1ST DOWN",-0.38022388307371363,2025-11-15T22:27:40.000Z
401762509,40176250917,401762509410,11,5,Tulane,American Athletic,21,Florida Atlantic,American Athletic,10,Tulane,Florida Atlantic,2,"{'minutes': 1, 'seconds': 43}",1,2,12,88,1,10,-1,False,Rush,(01:51) No Huddle-Shotgun #2 Z.Mobley rush middle for 1 yard loss to the TLN11 (#62 E.Sledge; #6 L.Hart Jr.),-0.43315014427316356,2025-11-15T22:28:00.000Z
401762509,40176250917,401762509414,11,6,Tulane,American Athletic,21,Florida Atlantic,American Athletic,10,Tulane,Florida Atlantic,2,"{'minutes': 1, 'seconds': 1}",1,2,11,89,2,11,6,False,Rush,(01:06) No Huddle-Shotgun #6 B.Sullivan rush left for 6 yards gain to the TLN17 (#6 L.Hart Jr.),0.081286366569298,2025-11-15T22:28:45.000Z
401762509,40176250917,401762509418,11,9,Tulane,American Athletic,21,Florida Atlantic,American Athletic,10,Tulane,Florida Atlantic,2,"{'minutes': 0, 'seconds': 57}",1,0,17,83,3,5,1,False,Rush,(00:59) No Huddle-Shotgun #6 B.Sullivan rush left for 1 yard gain to the TLN18 (#30 K.Johnson),-0.15732414052188393,2025-11-15T22:30:14.000Z
401762509,40176250931,401762509828,21,10,Florida Atlantic,American Athletic,16,Tulane,American Athletic,35,Tulane,Florida Atlantic,4,"{'minutes': 1, 'seconds': 55}",1,3,23,23,3,1,0,False,Timeout,"Timeout Florida Atlantic, clock 01:55",,2025-11-16T00:17:07.000Z
401762509,40176250931,401762509841,21,12,Tulane,American Athletic,35,Florida Atlantic,American Athletic,24,Tulane,Florida Atlantic,4,"{'minutes': 1, 'seconds': 49}",2,1,3,97,0,0,0,False,Timeout,"Timeout Tulane, clock 01:49",,2025-11-16T00:22:33.000Z
401762509,40176250931,401762509787,21,1,Tulane,American Athletic,35,Florida Atlantic,American Athletic,16,Tulane,Florida Atlantic,4,"{'minutes': 4, 'seconds': 30}",3,2,35,65,1,10,0,False,Kickoff,"(04:30) #91 P.Durkin kickoff 65 yards to the FAU00, Touchback",,2025-11-16T00:09:39.000Z
401762509,40176250931,401762509790,21,2,Florida Atlantic,American Athletic,16,Tulane,American Athletic,35,Tulane,Florida Atlantic,4,"{'minutes': 4, 'seconds': 21}",2,3,75,75,1,10,19,False,Pass Reception,"(04:29) No Huddle-Shotgun #10 C.Veltkamp pass complete short left to #0 A.Waseem caught at FAU22, for 19 yards to the FAU44 (#3 J.White), 1ST DOWN",1.7075723383420156,2025-11-16T00:13:45.000Z
401762509,40176250931,401762509795,21,3,Florida Atlantic,American Athletic,16,Tulane,American Athletic,35,Tulane,Florida Atlantic,4,"{'minutes': 4, 'seconds': 3}",2,3,56,56,1,10,7,False,Pass Reception,"(04:11) No Huddle-Shotgun #10 C.Veltkamp pass complete short middle to #23 G.Sands caught at FAU47, for 7 yards to the TLN49 (#4 C.Rodgers)",0.6703928066087635,2025-11-16T00:14:05.000Z
401762509,40176250931,401762509800,21,4,Florida Atlantic,American Athletic,16,Tulane,American Athletic,35,Tulane,Florida Atlantic,4,"{'minutes': 3, 'seconds': 40}",2,3,49,49,2,3,6,False,Pass Reception,"(03:53) No Huddle-Shotgun #10 C.Veltkamp pass complete short right to #3 J.Platt caught at TLN45, for 6 yards to the TLN43 (#7 K.Adams III), 1ST DOWN",0.3474198868396883,2025-11-16T00:14:23.000Z
401762509,40176250931,401762509805,21,5,Florida Atlantic,American Athletic,16,Tulane,American Athletic,35,Tulane,Florida Atlantic,4,"{'minutes': 3, 'seconds': 27}",2,3,43,43,1,10,7,False,Pass Reception,"(03:32) No Huddle-Shotgun #10 C.Veltkamp pass complete short right to #23 G.Sands caught at TLN43, for 7 yards to the TLN36 (#5 H.Dyson III), out of bounds",0.4865052754922522,2025-11-16T00:14:41.000Z
401762509,40176250931,401762509810,21,6,Florida Atlantic,American Athletic,16,Tulane,American Athletic,35,Tulane,Florida Atlantic,4,"{'minutes': 2, 'seconds': 54}",2,3,36,36,2,3,4,False,Pass Reception,"(03:02) No Huddle-Shotgun #10 C.Veltkamp pass complete short right to #8 E.Messer caught at TLN39, for 4 yards to the TLN32 (#8 I.Wadsworth), out of bounds, 1ST DOWN",-0.0056546131503604,2025-11-16T00:15:15.000Z
401762509,40176250931,401762509815,21,7,Florida Atlantic,American Athletic,16,Tulane,American Athletic,35,Tulane,Florida Atlantic,4,"{'minutes': 2, 'seconds': 22}",2,3,32,32,1,10,9,False,Rush,(02:29) No Huddle-Shotgun #23 G.Sands rush left for 9 yards gain to the TLN23 (#8 I.Wadsworth; #48 J.Garner),0.7099805309828754,2025-11-16T00:15:53.000Z
401762509,40176250931,401762509819,21,8,Florida Atlantic,American Athletic,16,Tulane,American Athletic,35,Tulane,Florida Atlantic,4,"{'minutes': 2, 'seconds': 1}",2,3,23,23,2,1,0,False,Pass Incompletion,(02:04) No Huddle-Shotgun #10 C.Veltkamp pass incomplete deep left to #0 A.Waseem thrown to TLN00 broken up by #1 J.Tchienchou,-0.6856098366455365,2025-11-16T00:16:18.000Z
401762509,40176250931,401762509822,21,9,Florida Atlantic,American Athletic,16,Tulane,American Athletic,35,Tulane,Florida Atlantic,4,"{'minutes': 1, 'seconds': 55}",2,3,23,23,3,1,11,False,Rush,"(02:00) No Huddle-Shotgun #28 K.Shields-Dutton rush middle for 11 yards gain to the TLN12 (#3 J.White; #1 J.Tchienchou), 1ST DOWN",0.317054189215698,2025-11-16T00:16:52.000Z
401762509,40176250931,401762509826,21,11,Florida Atlantic,American Athletic,24,Tulane,American Athletic,35,Tulane,Florida Atlantic,4,"{'minutes': 1, 'seconds': 49}",1,3,12,12,1,10,12,True,Passing Touchdown,"(01:53) No Huddle-Shotgun #10 C.Veltkamp pass complete short middle to #8 E.Messer caught at TLN00, for 12 yards to the TLN00 TOUCHDOWN, clock 01:49, 1ST DOWN #0 A.Waseem pass attempt Successful",2.5300945420359255,2025-11-16T00:20:20.000Z
401762509,40176250933,401762509839,22,1,Florida Atlantic,American Athletic,24,Tulane,American Athletic,35,Tulane,Florida Atlantic,4,"{'minutes': 1, 'seconds': 48}",1,2,65,65,1,10,0,False,Kickoff,"(01:49) #42 A.Nelms onside kickoff 6 yards to the FAU41, End Of Play",,2025-11-16T00:22:29.000Z
401762509,40176250933,401762509850,22,3,Florida Atlantic,American Athletic,24,Tulane,American Athletic,35,Tulane,Florida Atlantic,4,"{'minutes': 1, 'seconds': 44}",0,2,59,59,1,10,0,False,Timeout,"Timeout Florida Atlantic, clock 01:44",,2025-11-16T00:25:01.000Z
401762509,40176250933,401762509855,22,5,Florida Atlantic,American Athletic,24,Tulane,American Athletic,35,Tulane,Florida Atlantic,4,"{'minutes': 1, 'seconds': 39}",-1,2,60,60,2,9,0,False,Timeout,"Timeout Florida Atlantic, clock 01:39",,2025-11-16T00:25:54.000Z
401762509,40176250933,401762509844,22,2,Tulane,American Athletic,35,Florida Atlantic,American Athletic,24,Tulane,Florida Atlantic,4,"{'minutes': 1, 'seconds': 44}",2,1,59,41,1,10,1,False,Rush,(01:48) No Huddle-Shotgun #23 J.Gordon rush middle for 1 yard gain to the FAU40 (#32 D.McGhee),-0.6717839246394793,2025-11-16T00:24:43.000Z
401762509,40176250933,401762509848,22,4,Tulane,American Athletic,35,Florida Atlantic,American Athletic,24,Tulane,Florida Atlantic,4,"{'minutes': 1, 'seconds': 39}",2,0,60,40,2,9,0,False,Rush,(01:39) No Huddle-Shotgun #6 B.Sullivan rush right for 0 yards to the FAU40 (#6 L.Hart Jr.),-1.02281513636375,2025-11-16T00:25:40.000Z
401762509,40176250933,401762509853,22,6,Tulane,American Athletic,35,Florida Atlantic,American Athletic,24,Tulane,Florida Atlantic,4,"{'minutes': 1, 'seconds': 33}",2,-1,60,40,3,9,19,False,Rush,"(01:36) #25 J.McClure rush right for 19 yards gain to the FAU21 (#30 K.Johnson), 1ST DOWN",2.302821873104256,2025-11-16T00:26:47.000Z
401762509,40176250933,401762509858,22,7,Tulane,American Athletic,35,Florida Atlantic,American Athletic,24,Tulane,Florida Atlantic,4,"{'minutes': 1, 'seconds': 1}",2,-1,79,21,1,10,-1,False,Rush,(01:07) Kneel down by #12 J.Retzlaff at FAU22 for loss of 1 yard,-0.479995909902588,2025-11-16T00:27:29.000Z
401762509,40176250933,401762509861,22,8,Tulane,American Athletic,35,Florida Atlantic,American Athletic,24,Tulane,Florida Atlantic,4,"{'minutes': 0, 'seconds': 31}",2,-1,78,22,2,11,-1,False,Rush,(00:31) Kneel down by #12 J.Retzlaff at FAU23 for loss of 1 yard,-0.689349067212069,2025-11-16T00:28:03.000Z
401762509,40176250933,401762509866,22,9,Tulane,American Athletic,35,Florida Atlantic,American Athletic,24,Tulane,Florida Atlantic,4,"{'minutes': 0, 'seconds': 0}",2,-1,78,22,2,11,-1,False,End Period,End of 4th quarter.,-0.689349067212069,2025-11-16T00:28:36.000Z
401757175,40175717532,401757175714,19,1,UConn,FBS Independents,34,Florida Atlantic,American Athletic,31,Florida Atlantic,UConn,4,"{'minutes': 13, 'seconds': 32}",3,3,71,71,1,10,1,False,Rush,(13:36) Shotgun #7 M.Brown rush right for 1 yard gain to the Con30 (#9 N.Barber; #6 L.Hart Jr.),-0.6903738736488947,2025-11-22T22:49:28.000Z
401757175,40175717532,401757175718,19,2,UConn,FBS Independents,34,Florida Atlantic,American Athletic,31,Florida Atlantic,UConn,4,"{'minutes': 12, 'seconds': 53}",3,3,70,70,2,9,12,False,Pass Reception,"(13:01) Shotgun #2 J.Fagnano pass complete short middle to #86 A.Honig caught at Con35, for 12 yards to the Con42 (#6 L.Hart Jr.; #96 J.Roberts), 1ST DOWN",1.9042875343645438,2025-11-22T22:50:02.000Z
401757175,40175717532,401757175723,19,3,UConn,FBS Independents,34,Florida Atlantic,American Athletic,31,Florida Atlantic,UConn,4,"{'minutes': 12, 'seconds': 40}",3,3,58,58,1,10,10,False,Penalty,"(12:40) Shotgun #2 J.Fagnano pass complete short right to #15 T.Smith caught at FAU45, for 18 yards to the FAU40, out of bounds at FAU40 PENALTY Con Holding (#78 C.Casady) 10 yards from Con42 to Con32. NO PLAY",,2025-11-22T22:50:35.000Z
401757175,40175717532,401757175729,19,4,UConn,FBS Independents,34,Florida Atlantic,American Athletic,31,Florida Atlantic,UConn,4,"{'minutes': 12, 'seconds': 13}",3,3,68,68,1,20,0,False,Pass Incompletion,(12:15) Shotgun #2 J.Fagnano pass incomplete short left to #7 M.Brown thrown to Con30,-0.4296883063901378,2025-11-22T22:51:18.000Z
401757175,40175717532,401757175732,19,5,UConn,FBS Independents,34,Florida Atlantic,American Athletic,31,Florida Atlantic,UConn,4,"{'minutes': 12, 'seconds': 0}",3,3,68,68,2,20,16,False,Pass Reception,"(12:07) Shotgun #2 J.Fagnano pass complete short middle to #81 L.Hansen caught at Con40, for 16 yards to the Con48 (#26 J.Sweeney)",1.6207467072087782,2025-11-22T22:52:02.000Z
401757175,40175717532,401757175737,19,6,UConn,FBS Independents,34,Florida Atlantic,American Athletic,31,Florida Atlantic,UConn,4,"{'minutes': 11, 'seconds': 27}",3,3,52,52,3,4,7,False,Pass Reception,"(11:32) Shotgun #2 J.Fagnano pass complete short right to #1 S.Bell caught at FAU46, for 7 yards to the FAU45, out of bounds at FAU45, 1ST DOWN",1.932822063181664,2025-11-22T22:52:38.000Z
401757175,40175717532,401757175742,19,7,UConn,FBS Independents,34,Florida Atlantic,American Athletic,31,Florida Atlantic,UConn,4,"{'minutes': 10, 'seconds': 59}",3,3,45,45,1,10,6,False,Pass Reception,"(11:00) Shotgun #2 J.Fagnano pass complete short left to #1 S.Bell caught at FAU46, for 6 yards to the FAU39, out of bounds at FAU39",0.3037840163725374,2025-11-22T22:53:12.000Z
401757175,40175717532,401757175747,19,8,UConn,FBS Independents,34,Florida Atlantic,American Athletic,31,Florida Atlantic,UConn,4,"{'minutes': 10, 'seconds': 44}",3,3,39,39,2,4,5,False,Penalty,PENALTY Con False Start (#73 W.Hoeh) 5 yards from FAU39 to FAU44. NO PLAY,,2025-11-22T22:53:39.000Z
401757175,40175717532,401757175750,19,9,UConn,FBS Independents,41,Florida Atlantic,American Athletic,31,Florida Atlantic,UConn,4,"{'minutes': 10, 'seconds': 11}",3,3,44,44,2,9,44,True,Rushing Touchdown,Mel Brown 44 Yd Run (Chris Freeman Kick),4.247474787601391,2025-11-22T22:54:22.000Z
401757175,40175717534,401757175757,20,1,UConn,FBS Independents,41,Florida Atlantic,American Athletic,31,Florida Atlantic,UConn,4,"{'minutes': 10, 'seconds': 11}",3,3,65,65,1,10,0,False,Kickoff,"(10:11) #28 C.Freeman kickoff 65 yards to the FAU00, Touchback",,2025-11-22T22:55:17.000Z
401757175,40175717534,401757175760,20,2,Florida Atlantic,American Athletic,31,UConn,FBS Independents,41,Florida Atlantic,UConn,4,"{'minutes': 9, 'seconds': 57}",3,3,25,75,1,10,3,False,Pass Reception,"(10:09) No Huddle-Shotgun #10 C.Veltkamp pass complete short left to #23 G.Sands caught at FAU26, for 3 yards to the FAU28 (#12 T.McDonald)",-0.2957674139440157,2025-11-22T22:59:13.000Z
401757175,40175717534,401757175765,20,3,Florida Atlantic,American Athletic,31,UConn,FBS Independents,41,Florida Atlantic,UConn,4,"{'minutes': 9, 'seconds': 44}",3,3,28,72,2,7,0,False,Pass Incompletion,(09:44) No Huddle-Shotgun #10 C.Veltkamp pass incomplete short right to #3 J.Platt thrown to FAU33,-0.5594317282120231,2025-11-22T22:59:37.000Z
401757175,40175717534,401757175768,20,4,Florida Atlantic,American Athletic,31,UConn,FBS Independents,41,Florida Atlantic,UConn,4,"{'minutes': 9, 'seconds': 33}",3,3,28,72,3,7,8,False,Pass Reception,"(09:40) No Huddle-Shotgun #10 C.Veltkamp pass complete short left to #0 A.Waseem caught at FAU25, for 8 yards to the FAU36 (#11 D.Branch), 1ST DOWN. #96 M.Black injured on the play",1.7857616541020294,2025-11-22T23:00:04.000Z
401757175,40175717534,401757175773,20,5,Florida Atlantic,American Athletic,31,UConn,FBS Independents,41,Florida Atlantic,UConn,4,"{'minutes': 9, 'seconds': 10}",3,3,36,64,1,10,21,False,Pass Reception,"(09:16) No Huddle-Shotgun #10 C.Veltkamp pass complete short middle to #8 E.Messer caught at FAU43, for 21 yards to the Con43 (#7 M.McLean), 1ST DOWN",1.7948225198444767,2025-11-22T23:01:43.000Z
401757175,40175717534,401757175778,20,6,Florida Atlantic,American Athletic,31,UConn,FBS Independents,41,Florida Atlantic,UConn,4,"{'minutes': 8, 'seconds': 49}",3,3,57,43,1,10,4,False,Rush,(08:56) No Huddle-Shotgun #23 G.Sands rush left for 4 yards gain to the Con39 (#3 D.Brinson),-0.1055620972164722,2025-11-22T23:02:02.000Z
401757175,40175717534,401757175782,20,7,Florida Atlantic,American Athletic,31,UConn,FBS Independents,41,Florida Atlantic,UConn,4,"{'minutes': 8, 'seconds': 28}",3,3,61,39,2,6,7,False,Pass Reception,"(08:34) No Huddle-Shotgun #10 C.Veltkamp pass complete short left to #0 A.Waseem caught at Con36, for 7 yards to the Con32 (#20 O.Gilbert), 1ST DOWN",0.586412759558364,2025-11-22T23:02:24.000Z
401757175,40175717534,401757175787,20,8,Florida Atlantic,American Athletic,31,UConn,FBS Independents,41,Florida Atlantic,UConn,4,"{'minutes': 8, 'seconds': 10}",3,3,68,32,1,10,0,False,Pass Incompletion,(08:10) No Huddle-Shotgun #10 C.Veltkamp pass incomplete short left thrown to Con24,-0.6082596672078662,2025-11-22T23:02:48.000Z
401757175,40175717534,401757175790,20,9,Florida Atlantic,American Athletic,31,UConn,FBS Independents,41,Florida Atlantic,UConn,4,"{'minutes': 8, 'seconds': 4}",3,3,68,32,2,10,0,False,Pass Incompletion,(08:10) No Huddle-Shotgun #10 C.Veltkamp pass incomplete short right thrown to Con22,-0.8264171095016728,2025-11-22T23:03:30.000Z
401757175,40175717534,401757175793,20,10,Florida Atlantic,American Athletic,31,UConn,FBS Independents,41,Florida Atlantic,UConn,4,"{'minutes': 7, 'seconds': 45}",3,3,68,32,3,10,-1,False,Pass Reception,"(08:04) No Huddle-Shotgun #10 C.Veltkamp pass complete short right to #8 E.Messer caught at Con34, for 1 yard loss to the Con33 (#3 D.Brinson)",-1.2226400659143302,2025-11-22T23:04:08.000Z
401757175,40175717534,401757175798,20,11,Florida Atlantic,American Athletic,38,UConn,FBS Independents,41,Florida Atlantic,UConn,4,"{'minutes': 7, 'seconds': 13}",3,3,67,33,4,11,33,True,Passing Touchdown,Easton Messer 33 Yd pass from Caden Veltkamp (Garrison Smith Kick),5.528836268212832,2025-11-22T23:04:56.000Z
401757175,40175717536,401757175806,21,1,Florida Atlantic,American Athletic,38,UConn,FBS Independents,41,Florida Atlantic,UConn,4,"{'minutes': 7, 'seconds': 13}",3,3,35,65,1,10,0,False,Kickoff,"(07:13) #42 A.Nelms kickoff 65 yards to the Con00, Touchback",,2025-11-22T23:05:41.000Z
401757175,40175717536,401757175809,21,2,UConn,FBS Independents,41,Florida Atlantic,American Athletic,38,Florida Atlantic,UConn,4,"{'minutes': 7, 'seconds': 5}",3,3,75,75,1,10,7,False,Rush,(07:07) #0 C.Edwards rush right for 26 yards gain (7) to the FAU49 (#20 C.Keys Jr.) PENALTY Con Holding (#1 S.Bell) 10 yards from Con32 to Con22,0.604642460086338,2025-11-22T23:12:23.000Z
401757175,40175717536,401757175814,21,3,UConn,FBS Independents,41,Florida Atlantic,American Athletic,38,Florida Atlantic,UConn,4,"{'minutes': 6, 'seconds': 49}",3,3,78,78,1,13,1,False,Rush,(06:53) #0 C.Edwards rush right for 1 yard gain to the Con23 (#7 B.Langston),-0.3772213332895271,2025-11-22T23:13:41.000Z
401757175,40175717536,401757175818,21,4,UConn,FBS Independents,41,Florida Atlantic,American Athletic,38,Florida Atlantic,UConn,4,"{'minutes': 6, 'seconds': 2}",3,3,77,77,2,12,5,False,Pass Reception,"(06:13) #2 J.Fagnano pass complete short right to #0 C.Edwards caught at Con24, for 5 yards to the Con28 (#4 D.Williams; #6 L.Hart Jr.)",0.0300583711145066,2025-11-22T23:14:21.000Z
401757175,40175717536,401757175823,21,5,UConn,FBS Independents,41,Florida Atlantic,American Athletic,38,Florida Atlantic,UConn,4,"{'minutes': 5, 'seconds': 36}",3,3,72,72,3,7,0,False,Pass Incompletion,(05:36) #2 J.Fagnano pass incomplete deep right to #1 S.Bell thrown to FAU35,-0.26587881160037785,2025-11-22T23:15:00.000Z
401757175,40175717536,401757175826,21,6,UConn,FBS Independents,41,Florida Atlantic,American Athletic,38,Florida Atlantic,UConn,4,"{'minutes': 5, 'seconds': 25}",3,3,72,72,4,7,0,False,Punt,(05:31) #17 C.Stutz punt 48 yards to the FAU24,,2025-11-22T23:15:42.000Z
401757175,40175717537,401757175876,22,11,Florida Atlantic,American Athletic,45,UConn,FBS Independents,41,Florida Atlantic,UConn,4,"{'minutes': 2, 'seconds': 11}",3,3,89,11,1,10,11,True,Rushing Touchdown,Caden Veltkamp 11 Yd Run (Garrison Smith Kick),2.521739413367925,2025-11-22T23:27:05.000Z
401757175,40175717537,401757175830,22,1,Florida Atlantic,American Athletic,38,UConn,FBS Independents,41,Florida Atlantic,UConn,4,"{'minutes': 5, 'seconds': 15}",3,3,24,76,1,10,7,False,Rush,(05:20) No Huddle-Shotgun #28 K.Shields-Dutton rush middle for 7 yards gain to the FAU31 (#6 B.Parham; #21 L.Molette III),0.5892240913275142,2025-11-22T23:19:08.000Z
401757175,40175717537,401757175834,22,2,Florida Atlantic,American Athletic,38,UConn,FBS Independents,41,Florida Atlantic,UConn,4,"{'minutes': 4, 'seconds': 55}",3,3,31,69,2,3,3,False,Rush,"(04:59) No Huddle-Shotgun #28 K.Shields-Dutton rush middle for 3 yards gain to the FAU34 (#5 A.Key), 1ST DOWN",0.2196248623586623,2025-11-22T23:19:29.000Z
401757175,40175717537,401757175838,22,3,Florida Atlantic,American Athletic,38,UConn,FBS Independents,41,Florida Atlantic,UConn,4,"{'minutes': 4, 'seconds': 39}",3,3,34,66,1,10,9,False,Rush,(04:42) No Huddle-Shotgun #28 K.Shields-Dutton rush middle for 9 yards gain to the FAU43 (#58 A.Harris Jr.). #13 C.Chadwick injured on the play,1.3844644054795978,2025-11-22T23:19:45.000Z
401757175,40175717537,401757175844,22,4,Florida Atlantic,American Athletic,38,UConn,FBS Independents,41,Florida Atlantic,UConn,4,"{'minutes': 4, 'seconds': 21}",3,3,43,57,2,1,5,False,Rush,"(04:28) No Huddle-Shotgun #28 K.Shields-Dutton rush middle for 5 yards gain to the FAU48 (#32 O.Diomande), 1ST DOWN. #5 A.Key injured on the play",-0.0557493044604146,2025-11-22T23:21:39.000Z
401757175,40175717537,401757175850,22,5,Florida Atlantic,American Athletic,38,UConn,FBS Independents,41,Florida Atlantic,UConn,4,"{'minutes': 4, 'seconds': 11}",3,3,48,52,1,10,0,False,Pass Incompletion,(04:11) No Huddle-Shotgun #10 C.Veltkamp pass incomplete short right to #8 E.Messer thrown to Con45,-1.1430602484821704,2025-11-22T23:23:21.000Z
401757175,40175717537,401757175853,22,6,Florida Atlantic,American Athletic,38,UConn,FBS Independents,41,Florida Atlantic,UConn,4,"{'minutes': 3, 'seconds': 54}",3,3,48,52,2,10,8,False,Pass Reception,"(04:06) No Huddle-Shotgun #10 C.Veltkamp pass complete short left to #9 D.Henry caught at Con44, for 8 yards to the Con44 (#3 D.Brinson)",0.8357816210463973,2025-11-22T23:23:50.000Z
401757175,40175717537,401757175858,22,7,Florida Atlantic,American Athletic,38,UConn,FBS Independents,41,Florida Atlantic,UConn,4,"{'minutes': 3, 'seconds': 43}",3,3,56,44,3,2,5,False,Rush,"(03:48) No Huddle-Shotgun #10 C.Veltkamp rush middle for 5 yards gain to the Con39, End Of Play, 1ST DOWN",1.174894361214653,2025-11-22T23:24:07.000Z
401757175,40175717537,401757175863,22,8,Florida Atlantic,American Athletic,38,UConn,FBS Independents,41,Florida Atlantic,UConn,4,"{'minutes': 3, 'seconds': 15}",3,3,61,39,1,10,8,False,Rush,(03:19) No Huddle-Shotgun #23 G.Sands rush middle for 8 yards gain to the Con31 (#32 O.Diomande; #89 T.Jones),0.6211478423237775,2025-11-22T23:24:36.000Z
401757175,40175717537,401757175867,22,9,Florida Atlantic,American Athletic,38,UConn,FBS Independents,41,Florida Atlantic,UConn,4,"{'minutes': 2, 'seconds': 51}",3,3,69,31,2,2,8,False,Rush,"(02:54) No Huddle-Shotgun #23 G.Sands rush middle for 8 yards gain to the Con23 (#32 O.Diomande), 1ST DOWN",-0.144686965463455,2025-11-22T23:25:01.000Z
401757175,40175717537,401757175871,22,10,Florida Atlantic,American Athletic,38,UConn,FBS Independents,41,Florida Atlantic,UConn,4,"{'minutes': 2, 'seconds': 27}",3,3,77,23,1,10,12,False,Pass Reception,"(02:27) No Huddle-Shotgun #10 C.Veltkamp pass complete short left to #9 D.Henry caught at Con11, for 12 yards to the Con11, out of bounds at Con11, 1ST DOWN. #58 A.Harris Jr. injured on the play",0.1422382647033035,2025-11-22T23:25:31.000Z
401757175,40175717539,401757175883,23,1,Florida Atlantic,American Athletic,45,UConn,FBS Independents,41,Florida Atlantic,UConn,4,"{'minutes': 2, 'seconds': 11}",3,3,35,65,1,10,0,False,Kickoff,"(02:11) #42 A.Nelms kickoff 65 yards to the Con00, Touchback",,2025-11-22T23:27:50.000Z
401757175,40175717539,401757175916,23,9,Florida Atlantic,American Athletic,45,UConn,FBS Independents,41,Florida Atlantic,UConn,4,"{'minutes': 1, 'seconds': 8}",2,3,44,56,3,10,0,False,Timeout,"Timeout Florida Atlantic, clock 01:08",,2025-11-22T23:37:58.000Z
401757175,40175717539,401757175945,23,17,Florida Atlantic,American Athletic,45,UConn,FBS Independents,41,Florida Atlantic,UConn,4,"{'minutes': 0, 'seconds': 28}",1,3,8,92,3,1,0,False,Timeout,"Timeout Florida Atlantic, clock 00:28",,2025-11-22T23:43:19.000Z
401757175,40175717539,401757175886,23,2,UConn,FBS Independents,41,Florida Atlantic,American Athletic,45,Florida Atlantic,UConn,4,"{'minutes': 2, 'seconds': 0}",3,3,75,75,1,10,16,False,Pass Reception,"(02:10) No Huddle-Shotgun #2 J.Fagnano pass complete short left to #81 L.Hansen caught at Con41, for 16 yards to the Con41, End Of Play, 1ST DOWN",1.4187427699228943,2025-11-22T23:29:57.000Z
401757175,40175717539,401757175891,23,3,UConn,FBS Independents,41,Florida Atlantic,American Athletic,45,Florida Atlantic,UConn,4,"{'minutes': 1, 'seconds': 49}",3,3,59,59,1,10,7,False,Pass Reception,"(01:55) No Huddle-Shotgun #2 J.Fagnano pass complete short right to #1 S.Bell caught at Con45, for 7 yards to the Con48 (#27 T.Reid)",0.6972022034641013,2025-11-22T23:34:03.000Z
401757175,40175717539,401757175896,23,4,UConn,FBS Independents,41,Florida Atlantic,American Athletic,45,Florida Atlantic,UConn,4,"{'minutes': 1, 'seconds': 36}",3,3,52,52,2,3,0,False,Pass Incompletion,(01:36) No Huddle-Shotgun #2 J.Fagnano pass incomplete short right to #81 L.Hansen thrown to FAU40,-1.2941979966519932,2025-11-22T23:34:23.000Z
401757175,40175717539,401757175899,23,5,UConn,FBS Independents,41,Florida Atlantic,American Athletic,45,Florida Atlantic,UConn,4,"{'minutes': 1, 'seconds': 31}",3,3,52,52,3,3,8,False,Pass Reception,"(01:31) No Huddle-Shotgun #2 J.Fagnano pass complete short right to #81 L.Hansen caught at Con48, for 8 yards to the FAU44 (#6 L.Hart Jr.), 1ST DOWN",1.843125785476298,2025-11-22T23:35:07.000Z
401757175,40175717539,401757175904,23,6,UConn,FBS Independents,41,Florida Atlantic,American Athletic,45,Florida Atlantic,UConn,4,"{'minutes': 1, 'seconds': 23}",3,3,44,44,1,10,0,False,Pass Incompletion,(01:23) No Huddle-Shotgun #2 J.Fagnano pass incomplete short middle to #1 S.Bell thrown to FAU25,-0.9690270974076257,2025-11-22T23:35:30.000Z
401757175,40175717539,401757175907,23,7,UConn,FBS Independents,41,Florida Atlantic,American Athletic,45,Florida Atlantic,UConn,4,"{'minutes': 1, 'seconds': 19}",3,3,44,44,2,10,0,False,Pass Incompletion,(01:19) No Huddle-Shotgun #2 J.Fagnano pass incomplete short right to #22 V.Rosa thrown to FAU45 QB hurried by #7 B.Langston and #10 E.Brantley Jr,-1.0658475431296655,2025-11-22T23:36:05.000Z
401757175,40175717539,401757175910,23,8,UConn,FBS Independents,41,Florida Atlantic,American Athletic,45,Florida Atlantic,UConn,4,"{'minutes': 1, 'seconds': 19}",3,3,44,44,3,10,9,False,Rush,(01:19) No Huddle-Shotgun #7 M.Brown rush right for 9 yards gain to the FAU35 (#4 D.Williams),0.9802761211772104,2025-11-22T23:36:48.000Z
401757175,40175717539,401757175914,23,10,UConn,FBS Independents,41,Florida Atlantic,American Athletic,45,Florida Atlantic,UConn,4,"{'minutes': 1, 'seconds': 2}",3,2,35,35,4,1,8,False,Rush,"(01:03) No Huddle-Shotgun #0 C.Edwards rush middle for 8 yards gain to the FAU27 (#27 T.Reid; #0 W.Philord), 1ST DOWN",1.726200035478616,2025-11-22T23:39:01.000Z
401757175,40175717539,401757175919,23,11,UConn,FBS Independents,41,Florida Atlantic,American Athletic,45,Florida Atlantic,UConn,4,"{'minutes': 0, 'seconds': 57}",3,2,27,27,1,10,0,False,Pass Incompletion,(00:57) No Huddle-Shotgun #2 J.Fagnano pass incomplete short left to #1 S.Bell thrown to FAU27 broken up by #11 G.Marcelin,-0.490975886965904,2025-11-22T23:39:28.000Z
401757175,40175717539,401757175922,23,12,UConn,FBS Independents,41,Florida Atlantic,American Athletic,45,Florida Atlantic,UConn,4,"{'minutes': 0, 'seconds': 53}",3,2,27,27,2,10,0,False,Pass Incompletion,(00:53) No Huddle-Shotgun #2 J.Fagnano pass incomplete short middle to #1 S.Bell thrown to FAU11 broken up by #8 C.Tooley III QB hurried by #5 D.Batiste,-0.6693725505407375,2025-11-22T23:40:04.000Z
401757175,40175717539,401757175925,23,13,UConn,FBS Independents,41,Florida Atlantic,American Athletic,45,Florida Atlantic,UConn,4,"{'minutes': 0, 'seconds': 46}",3,2,27,27,3,10,10,False,Pass Reception,"(00:48) No Huddle-Shotgun #2 J.Fagnano pass complete short middle to #6 R.Murphy caught at FAU27, for 10 yards to the FAU17 (#27 T.Reid), 1ST DOWN",1.3217261761137136,2025-11-22T23:40:44.000Z
401757175,40175717539,401757175930,23,14,UConn,FBS Independents,41,Florida Atlantic,American Athletic,45,Florida Atlantic,UConn,4,"{'minutes': 0, 'seconds': 37}",3,2,17,17,1,10,7,False,Rush,(00:37) No Huddle-Shotgun #0 C.Edwards rush middle for 7 yards gain to the FAU10 (#4 D.Williams),0.307369563857817,2025-11-22T23:41:05.000Z
401757175,40175717539,401757175934,23,15,UConn,FBS Independents,41,Florida Atlantic,American Athletic,45,Florida Atlantic,UConn,4,"{'minutes': 0, 'seconds': 32}",3,2,10,10,2,3,2,False,Pass Reception,"(00:32) No Huddle-Shotgun #2 J.Fagnano pass complete short right to #5 S.Porter caught at FAU14, for 2 yards to the FAU08 (#27 T.Reid), out of bounds",-0.255019467805439,2025-11-22T23:42:13.000Z
401757175,40175717539,401757175939,23,16,UConn,FBS Independents,41,Florida Atlantic,American Athletic,45,Florida Atlantic,UConn,4,"{'minutes': 0, 'seconds': 28}",3,2,8,8,3,1,7,False,Rush,"(00:28) No Huddle-Shotgun #0 C.Edwards rush middle for 7 yards gain to the FAU01 (#30 K.Johnson), 1ST DOWN",1.589531731611593,2025-11-22T23:42:49.000Z
401757175,40175717539,401757175943,23,18,UConn,FBS Independents,48,Florida Atlantic,American Athletic,45,Florida Atlantic,UConn,4,"{'minutes': 0, 'seconds': 26}",3,1,1,1,1,1,1,True,Rushing Touchdown,Cam Edwards 1 Yd Run (Chris Freeman Kick),0.938021275120443,2025-11-22T23:44:20.000Z
401757175,40175717541,401757175951,24,1,UConn,FBS Independents,48,Florida Atlantic,American Athletic,45,Florida Atlantic,UConn,4,"{'minutes': 0, 'seconds': 22}",3,1,65,65,1,10,11,False,Kickoff,(00:26) #28 C.Freeman kickoff 65 yards to the FAU00 #3 J.Platt return 11 yards to the FAU11 (#10 G.Koch) PENALTY Con Face Mask 15 yards from FAU11 to FAU26,,2025-11-22T23:46:31.000Z
401757175,40175717541,401757175957,24,2,Florida Atlantic,American Athletic,45,UConn,FBS Independents,48,Florida Atlantic,UConn,4,"{'minutes': 0, 'seconds': 11}",1,3,26,74,1,10,27,False,Pass Reception,"(00:19) No Huddle-Shotgun #10 C.Veltkamp pass complete short left to #3 J.Platt caught at FAU35, for 27 yards to the Con47, out of bounds at Con47, 1ST DOWN",2.3935740711945357,2025-11-22T23:47:44.000Z
401757175,40175717541,401757175962,24,3,Florida Atlantic,American Athletic,45,UConn,FBS Independents,48,Florida Atlantic,UConn,4,"{'minutes': 0, 'seconds': 4}",1,3,53,47,1,10,29,False,Pass Reception,"(00:04) No Huddle-Shotgun #10 C.Veltkamp pass complete short middle to #8 E.Messer caught at Con28, for 29 yards to the Con18 (#21 L.Molette III; #7 M.McLean), 1ST DOWN",1.021409532195839,2025-11-22T23:48:21.000Z
401757175,40175717541,401757175967,24,4,Florida Atlantic,American Athletic,45,UConn,FBS Independents,48,Florida Atlantic,UConn,4,"{'minutes': 0, 'seconds': 4}",1,3,82,18,1,10,36,False,Field Goal Missed,Garrison Smith 36 Yard Field Goal Missed,,2025-11-22T23:49:46.000Z
401757175,40175717541,401757175973,24,5,Florida Atlantic,American Athletic,45,UConn,FBS Independents,48,Florida Atlantic,UConn,4,"{'minutes': 0, 'seconds': 0}",1,3,82,18,1,10,0,False,End Period,End of 4th quarter.,-0.350740748439042,2025-11-22T23:50:42.000Z
401757175,4017571752,4017571753,1,1,Florida Atlantic,American Athletic,0,UConn,FBS Independents,0,Florida Atlantic,UConn,1,"{'minutes': 15, 'seconds': 0}",3,3,35,65,1,10,0,False,Kickoff,"(15:00) #42 A.Nelms kickoff 65 yards to the Con00, Touchback",,2025-11-22T20:02:26.000Z
401757175,4017571752,40175717517,1,3,UConn,FBS Independents,0,Florida Atlantic,American Athletic,0,Florida Atlantic,UConn,1,"{'minutes': 14, 'seconds': 3}",3,3,35,35,1,10,3,False,Rush,(14:14) No Huddle-Shotgun #0 C.Edwards rush right for 3 yards gain to the FAU32 (#9 N.Barber),-0.2162251621009335,2025-11-22T20:04:38.000Z
401757175,4017571752,40175717512,1,2,UConn,FBS Independents,0,Florida Atlantic,American Athletic,0,Florida Atlantic,UConn,1,"{'minutes': 14, 'seconds': 50}",3,3,75,75,1,10,40,False,Pass Reception,"(14:57) No Huddle-Shotgun #2 J.Fagnano pass complete short left to #1 S.Bell caught at Con30, for 40 yards to the FAU35 (#26 J.Sweeney), out of bounds, 1ST DOWN",3.1051663359443653,2025-11-22T20:03:52.000Z
401757175,4017571752,40175717521,1,4,UConn,FBS Independents,0,Florida Atlantic,American Athletic,0,Florida Atlantic,UConn,1,"{'minutes': 13, 'seconds': 32}",3,3,32,32,2,7,12,False,Rush,"(13:40) No Huddle-Shotgun #0 C.Edwards rush left for 12 yards gain to the FAU20 (#44 T.Stolsky; #26 J.Sweeney), 1ST DOWN",0.5708862168461905,2025-11-22T20:05:12.000Z
401757175,4017571752,40175717525,1,5,UConn,FBS Independents,0,Florida Atlantic,American Athletic,0,Florida Atlantic,UConn,1,"{'minutes': 13, 'seconds': 0}",3,3,20,20,1,10,0,False,Pass Incompletion,(13:01) No Huddle-Shotgun #2 J.Fagnano pass incomplete short right to #86 A.Honig thrown to FAU08 broken up by #27 T.Reid,-0.374805786232315,2025-11-22T20:05:52.000Z
401757175,4017571752,40175717528,1,6,UConn,FBS Independents,0,Florida Atlantic,American Athletic,0,Florida Atlantic,UConn,1,"{'minutes': 12, 'seconds': 44}",3,3,20,20,2,10,-1,False,Rush,(12:50) No Huddle-Shotgun #7 M.Brown rush left for 1 yard loss to the FAU21 (#1 C.Doggette Jr.),-0.600461011401741,2025-11-22T20:06:36.000Z
401757175,4017571752,40175717532,1,7,UConn,FBS Independents,0,Florida Atlantic,American Athletic,0,Florida Atlantic,UConn,1,"{'minutes': 12, 'seconds': 13}",3,3,21,21,3,11,0,False,Pass Incompletion,(12:13) No Huddle-Shotgun #2 J.Fagnano pass incomplete short right to #81 L.Hansen thrown to FAU05,-0.7921713856904358,2025-11-22T20:07:15.000Z
401757175,4017571752,40175717535,1,8,UConn,FBS Independents,3,Florida Atlantic,American Athletic,0,Florida Atlantic,UConn,1,"{'minutes': 12, 'seconds': 8}",3,3,21,21,4,11,39,True,Field Goal Good,"(12:08) #28 C.Freeman field goal attempt from 39 yards GOOD (H: #17 C.Stutz, LS: #47 Z.Christinat), clock 12:08",,2025-11-22T20:07:59.000Z
401757175,4017571754,40175717538,2,1,UConn,FBS Independents,3,Florida Atlantic,American Athletic,0,Florida Atlantic,UConn,1,"{'minutes': 12, 'seconds': 8}",3,3,65,65,1,10,0,False,Kickoff,"(12:08) #28 C.Freeman kickoff 65 yards to the FAU00, Touchback",,2025-11-22T20:08:02.000Z
401757175,4017571754,40175717590,2,2,Florida Atlantic,American Athletic,3,UConn,FBS Independents,3,Florida Atlantic,UConn,1,"{'minutes': 12, 'seconds': 2}",3,3,25,75,1,10,10,False,Pass Reception,"(12:02) No Huddle-Shotgun #10 C.Veltkamp pass complete short right to #8 E.Messer caught at FAU30, for 10 yards to the FAU35 (#6 B.Parham), 1ST DOWN",0.8350381090299867,2025-11-22T20:18:40.000Z
401757175,4017571754,40175717546,2,3,Florida Atlantic,American Athletic,0,UConn,FBS Independents,3,Florida Atlantic,UConn,1,"{'minutes': 11, 'seconds': 37}",3,3,35,65,1,10,3,False,Rush,(11:48) No Huddle-Shotgun #28 K.Shields-Dutton rush middle for 3 yards gain to the FAU38 (#7 M.McLean; #58 A.Harris Jr.),-0.4062307312880424,2025-11-22T20:12:52.000Z
401757175,4017571754,40175717550,2,4,Florida Atlantic,American Athletic,0,UConn,FBS Independents,3,Florida Atlantic,UConn,1,"{'minutes': 11, 'seconds': 23}",3,3,38,62,2,7,16,False,Pass Reception,"(11:29) No Huddle-Shotgun #10 C.Veltkamp pass complete short right to #3 J.Platt caught at Con46, for 16 yards to the Con46 (#2 D.Pringle), 1ST DOWN",2.105660333844913,2025-11-22T20:13:08.000Z
401757175,4017571754,40175717555,2,5,Florida Atlantic,American Athletic,0,UConn,FBS Independents,3,Florida Atlantic,UConn,1,"{'minutes': 11, 'seconds': 8}",3,3,54,46,1,10,0,False,Pass Incompletion,(11:08) No Huddle-Shotgun #10 C.Veltkamp pass incomplete short right thrown to Con40,-1.0250974847844603,2025-11-22T20:13:30.000Z
401757175,4017571754,40175717558,2,6,Florida Atlantic,American Athletic,0,UConn,FBS Independents,3,Florida Atlantic,UConn,1,"{'minutes': 10, 'seconds': 45}",3,3,54,46,2,10,12,False,Pass Reception,"(11:05) No Huddle-Shotgun #10 C.Veltkamp pass complete short right to #28 K.Shields-Dutton caught at Con34, for 12 yards to the Con34 (#21 L.Molette III), 1ST DOWN",1.6316587320052547,2025-11-22T20:14:09.000Z
401757175,4017571754,40175717563,2,7,Florida Atlantic,American Athletic,0,UConn,FBS Independents,3,Florida Atlantic,UConn,1,"{'minutes': 10, 'seconds': 38}",3,3,66,34,1,10,5,False,Penalty,PENALTY FAU False Start (#57 J.Nonar) 5 yards from Con34 to Con39. NO PLAY,,2025-11-22T20:14:49.000Z
401757175,4017571754,40175717566,2,8,Florida Atlantic,American Athletic,0,UConn,FBS Independents,3,Florida Atlantic,UConn,1,"{'minutes': 10, 'seconds': 4}",3,3,61,39,1,15,3,False,Rush,(10:29) No Huddle-Shotgun #28 K.Shields-Dutton rush right for 3 yards gain to the Con36 (#21 L.Molette III; #92 S.Wright),-0.2927004826142401,2025-11-22T20:15:20.000Z
401757175,4017571754,40175717570,2,9,Florida Atlantic,American Athletic,0,UConn,FBS Independents,3,Florida Atlantic,UConn,1,"{'minutes': 9, 'seconds': 50}",3,3,64,36,2,12,2,False,Pass Reception,"(09:55) No Huddle-Shotgun #10 C.Veltkamp pass complete short right to #28 K.Shields-Dutton caught at Con37, for 2 yards to the Con34 (#2 D.Pringle; #21 L.Molette III)",-0.5400009080612802,2025-11-22T20:15:39.000Z
401757175,4017571754,40175717575,2,10,Florida Atlantic,American Athletic,0,UConn,FBS Independents,3,Florida Atlantic,UConn,1,"{'minutes': 9, 'seconds': 21}",3,3,66,34,3,10,3,False,Pass Reception,"(09:26) No Huddle-Shotgun #10 C.Veltkamp pass complete short right to #0 A.Waseem caught at Con37, for 3 yards to the Con31 (#21 L.Molette III; #5 A.Key)",-0.3766772418451707,2025-11-22T20:16:20.000Z
401757175,4017571754,40175717580,2,11,Florida Atlantic,American Athletic,3,UConn,FBS Independents,3,Florida Atlantic,UConn,1,"{'minutes': 8, 'seconds': 47}",3,3,69,31,4,7,49,True,Field Goal Good,"(08:47) #37 G.Smith field goal attempt from 49 yards GOOD (H: #19 L.Lupo, LS: #43 J.Lee), clock 08:47",,2025-11-22T20:17:02.000Z
401757175,4017571756,40175717583,3,1,Florida Atlantic,American Athletic,3,UConn,FBS Independents,3,Florida Atlantic,UConn,1,"{'minutes': 8, 'seconds': 41}",3,3,35,65,1,10,18,False,Kickoff,(08:45) #42 A.Nelms kickoff 60 yards to the Con05 #7 M.Brown return 18 yards to the Con23 (#14 J.Card),,2025-11-22T20:20:38.000Z
401757175,4017571756,40175717598,3,2,UConn,FBS Independents,3,Florida Atlantic,American Athletic,3,Florida Atlantic,UConn,1,"{'minutes': 8, 'seconds': 34}",3,3,77,77,1,10,19,False,Pass Reception,"(08:37) No Huddle-Shotgun #2 J.Fagnano pass complete short left to #1 S.Bell caught at Con21, for 19 yards to the Con42, out of bounds at Con42, 1ST DOWN",1.6486538821500814,2025-11-22T20:21:26.000Z
401757175,4017571756,401757175103,3,3,UConn,FBS Independents,3,Florida Atlantic,American Athletic,3,Florida Atlantic,UConn,1,"{'minutes': 7, 'seconds': 57}",3,3,58,58,1,10,2,False,Rush,"(08:02) No Huddle-Shotgun #7 M.Brown rush left for 2 yards gain to the Con44 (#44 T.Stolsky; #9 N.Barber) PENALTY FAU Face Mask (#9 N.Barber) 15 yards from Con44 to FAU41, 1ST DOWN",-0.686234543960909,2025-11-22T20:22:10.000Z
401757175,4017571756,401757175109,3,4,UConn,FBS Independents,3,Florida Atlantic,American Athletic,3,Florida Atlantic,UConn,1,"{'minutes': 7, 'seconds': 34}",3,3,41,41,1,10,0,False,Pass Incompletion,(07:34) No Huddle-Shotgun #2 J.Fagnano pass incomplete short left to #1 S.Bell thrown to FAU28 QB hurried by #30 K.Johnson,-0.8772679222659558,2025-11-22T20:22:59.000Z
401757175,4017571756,401757175112,3,5,UConn,FBS Independents,3,Florida Atlantic,American Athletic,3,Florida Atlantic,UConn,1,"{'minutes': 7, 'seconds': 22}",3,3,41,41,2,10,17,False,Pass Reception,"(07:29) No Huddle-Shotgun #2 J.Fagnano pass complete short right to #1 S.Bell caught at FAU35, for 17 yards to the FAU24 (#27 T.Reid; #32 D.McGhee), 1ST DOWN. #1 S.Bell injured on the play",1.4363495995555002,2025-11-22T20:23:39.000Z
401757175,4017571756,401757175118,3,6,UConn,FBS Independents,3,Florida Atlantic,American Athletic,3,Florida Atlantic,UConn,1,"{'minutes': 7, 'seconds': 6}",3,3,24,24,1,10,0,False,Pass Incompletion,(07:20) No Huddle-Shotgun #2 J.Fagnano pass incomplete short right to #15 T.Smith thrown to FAU29,-0.4346450377339437,2025-11-22T20:25:41.000Z
401757175,4017571756,401757175121,3,7,UConn,FBS Independents,3,Florida Atlantic,American Athletic,3,Florida Atlantic,UConn,1,"{'minutes': 6, 'seconds': 58}",3,3,24,24,2,10,0,False,Rush,(07:04) No Huddle-Shotgun #0 C.Edwards rush right for 0 yards to the FAU24 (#1 C.Doggette Jr.; #30 K.Johnson),-0.5789972760549578,2025-11-22T20:26:23.000Z
401757175,4017571756,401757175544,3,8,UConn,FBS Independents,10,Florida Atlantic,American Athletic,3,Florida Atlantic,UConn,1,"{'minutes': 6, 'seconds': 21}",3,3,24,24,3,10,24,True,Passing Touchdown,John Neider 24 Yd pass from Joe Fagnano (Chris Freeman Kick),3.6950802623958765,2025-11-22T22:11:55.000Z
401757175,4017571758,401757175133,4,1,UConn,FBS Independents,10,Florida Atlantic,American Athletic,3,Florida Atlantic,UConn,1,"{'minutes': 6, 'seconds': 13}",3,3,65,65,1,10,28,False,Kickoff,"(06:21) #28 C.Freeman kickoff 62 yards to the FAU03 #3 J.Platt return 28 yards to the FAU31, out of bounds at FAU31",,2025-11-22T20:31:23.000Z
401757175,4017571758,401757175138,4,2,Florida Atlantic,American Athletic,3,UConn,FBS Independents,10,Florida Atlantic,UConn,1,"{'minutes': 6, 'seconds': 1}",3,3,31,69,1,10,12,False,Pass Reception,"(06:08) No Huddle-Shotgun #10 C.Veltkamp pass complete short middle to #9 D.Henry caught at FAU43, for 12 yards to the FAU43 (#21 L.Molette III), 1ST DOWN",1.1419743076037232,2025-11-22T20:32:15.000Z
401757175,4017571758,401757175143,4,3,Florida Atlantic,American Athletic,3,UConn,FBS Independents,10,Florida Atlantic,UConn,1,"{'minutes': 5, 'seconds': 52}",3,3,43,57,1,10,0,False,Pass Incompletion,(05:52) No Huddle-Shotgun #10 C.Veltkamp pass incomplete short left to #9 D.Henry thrown to FAU47 broken up by #13 C.Chadwick,-1.15714755134967,2025-11-22T20:32:32.000Z
401757175,4017571758,401757175146,4,4,Florida Atlantic,American Athletic,3,UConn,FBS Independents,10,Florida Atlantic,UConn,1,"{'minutes': 5, 'seconds': 36}",3,3,43,57,2,10,5,False,Rush,(05:44) No Huddle-Shotgun #23 G.Sands rush middle for 5 yards gain to the FAU48 (#33 K.Choute),0.070449934831398,2025-11-22T20:33:13.000Z
401757175,4017571758,401757175151,4,5,Florida Atlantic,American Athletic,3,UConn,FBS Independents,10,Florida Atlantic,UConn,1,"{'minutes': 5, 'seconds': 24}",3,3,48,52,3,5,5,False,Pass Reception,"(05:31) No Huddle-Shotgun #10 C.Veltkamp pass complete short left to #9 D.Henry caught at Con47, for 5 yards to the Con47 (#13 C.Chadwick), out of bounds, 1ST DOWN",1.9388120727631686,2025-11-22T20:33:27.000Z
401757175,4017571758,401757175156,4,6,Florida Atlantic,American Athletic,3,UConn,FBS Independents,10,Florida Atlantic,UConn,1,"{'minutes': 5, 'seconds': 1}",3,3,53,47,1,10,2,False,Rush,(05:05) No Huddle-Shotgun #23 G.Sands rush middle for 2 yards gain to the Con45 (#1 B.Smiley III; #6 B.Parham),-0.583582209593514,2025-11-22T20:33:54.000Z
401757175,4017571758,401757175160,4,7,Florida Atlantic,American Athletic,3,UConn,FBS Independents,10,Florida Atlantic,UConn,1,"{'minutes': 4, 'seconds': 43}",3,3,55,45,2,8,0,False,Pass Incompletion,(04:43) No Huddle-Shotgun #10 C.Veltkamp pass incomplete short left thrown to Con40 QB hurried by #1 B.Smiley III,-1.0965479630049713,2025-11-22T20:34:15.000Z
401757175,4017571758,401757175163,4,8,Florida Atlantic,American Athletic,3,UConn,FBS Independents,10,Florida Atlantic,UConn,1,"{'minutes': 4, 'seconds': 38}",3,3,55,45,3,8,7,False,Pass Reception,"(04:40) No Huddle-Shotgun #10 C.Veltkamp pass complete short left to #0 A.Waseem caught at Con47, for 7 yards to the Con38, out of bounds at Con38",0.5386704814986452,2025-11-22T20:34:54.000Z
401757175,4017571758,401757175168,4,9,Florida Atlantic,American Athletic,3,UConn,FBS Independents,10,Florida Atlantic,UConn,1,"{'minutes': 4, 'seconds': 25}",3,3,62,38,4,1,-2,False,Pass Reception,"(04:26) No Huddle-Shotgun #10 C.Veltkamp pass complete short left to #0 A.Waseem caught at Con40, for 2 yards loss to the Con40 (#13 C.Chadwick; #21 L.Molette III), TURNOVER ON DOWNS",-2.24533806763373,2025-11-22T20:35:28.000Z
401757175,4017571759,401757175174,5,1,UConn,FBS Independents,10,Florida Atlantic,American Athletic,3,Florida Atlantic,UConn,1,"{'minutes': 4, 'seconds': 17}",3,3,60,60,1,10,4,False,Rush,(04:20) No Huddle-Shotgun #7 M.Brown rush right for 4 yards gain to the Con44 (#5 D.Batiste),-0.1674744380827829,2025-11-22T20:36:25.000Z
401757175,4017571759,401757175178,5,2,UConn,FBS Independents,17,Florida Atlantic,American Athletic,3,Florida Atlantic,UConn,1,"{'minutes': 3, 'seconds': 38}",3,3,56,56,2,6,56,True,Passing Touchdown,Shamar Porter 56 Yd pass from Joe Fagnano (Chris Freeman Kick),4.924375042226458,2025-11-22T20:37:02.000Z
401757175,40175717511,401757175186,6,1,UConn,FBS Independents,17,Florida Atlantic,American Athletic,3,Florida Atlantic,UConn,1,"{'minutes': 3, 'seconds': 38}",3,3,65,65,1,10,0,False,Kickoff,"(03:38) #28 C.Freeman kickoff 65 yards to the FAU00, Touchback",,2025-11-22T20:37:56.000Z
401757175,40175717511,401757175189,6,2,Florida Atlantic,American Athletic,3,UConn,FBS Independents,17,Florida Atlantic,UConn,1,"{'minutes': 3, 'seconds': 28}",3,3,25,75,1,10,15,False,Pass Reception,"(03:34) No Huddle-Shotgun #10 C.Veltkamp pass complete short middle to #9 D.Henry caught at FAU34, for 15 yards to the FAU40 (#21 L.Molette III), 1ST DOWN",1.320854515577646,2025-11-22T20:39:49.000Z
401757175,40175717511,401757175194,6,3,Florida Atlantic,American Athletic,3,UConn,FBS Independents,17,Florida Atlantic,UConn,1,"{'minutes': 3, 'seconds': 9}",3,3,40,60,1,10,2,False,Pass Reception,"(03:17) No Huddle-Shotgun #10 C.Veltkamp pass complete short middle to #8 E.Messer caught at FAU42, for 2 yards to the FAU42 (#32 O.Diomande)",-0.6799841752385892,2025-11-22T20:40:05.000Z
401757175,40175717511,401757175199,6,4,Florida Atlantic,American Athletic,3,UConn,FBS Independents,17,Florida Atlantic,UConn,1,"{'minutes': 2, 'seconds': 50}",3,3,42,58,2,8,5,False,Rush,(02:55) No Huddle-Shotgun #28 K.Shields-Dutton rush left for 5 yards gain to the FAU47 (#7 M.McLean; #96 M.Black),0.0862897758910038,2025-11-22T20:41:28.000Z
401757175,40175717511,401757175203,6,5,Florida Atlantic,American Athletic,3,UConn,FBS Independents,17,Florida Atlantic,UConn,1,"{'minutes': 2, 'seconds': 38}",3,3,47,53,3,3,10,False,Penalty,"(02:38) No Huddle-Shotgun #10 C.Veltkamp pass complete short right to #8 E.Messer caught at Con45, for 12 yards to the Con41 (#6 B.Parham) PENALTY FAU Holding (#53 V.Fiacable) 10 yards from FAU47 to FAU37. NO PLAY",,2025-11-22T20:42:20.000Z
401757175,40175717511,401757175209,6,6,Florida Atlantic,American Athletic,3,UConn,FBS Independents,17,Florida Atlantic,UConn,1,"{'minutes': 2, 'seconds': 6}",3,3,37,63,3,13,3,False,Pass Interception Return,(02:09) No Huddle-Shotgun #10 C.Veltkamp pass intercepted by #7 M.McLean at Con42 #7 M.McLean return 3 yards to the Con45 (#23 G.Sands),-0.06701743715210018,2025-11-22T20:43:33.000Z
401757175,40175717512,401757175215,7,1,UConn,FBS Independents,17,Florida Atlantic,American Athletic,3,Florida Atlantic,UConn,1,"{'minutes': 1, 'seconds': 55}",3,3,55,55,1,10,23,False,Rush,"(02:02) No Huddle-Shotgun #0 C.Edwards rush left for 23 yards gain to the FAU32 (#22 L.Johnson), 1ST DOWN",1.4050938117274026,2025-11-22T20:43:41.000Z
401757175,40175717512,401757175219,7,2,UConn,FBS Independents,24,Florida Atlantic,American Athletic,3,Florida Atlantic,UConn,1,"{'minutes': 1, 'seconds': 21}",3,3,32,32,1,10,32,True,Passing Touchdown,Alex Honig 32 Yd pass from Joe Fagnano (Chris Freeman Kick),2.8715194255889624,2025-11-22T20:44:19.000Z
401757175,40175717514,401757175227,8,1,UConn,FBS Independents,24,Florida Atlantic,American Athletic,3,Florida Atlantic,UConn,1,"{'minutes': 1, 'seconds': 21}",3,3,65,65,1,10,0,False,Kickoff,"(01:21) #28 C.Freeman kickoff 65 yards to the FAU00, Touchback",,2025-11-22T20:46:38.000Z
401757175,40175717514,401757175230,8,2,Florida Atlantic,American Athletic,3,UConn,FBS Independents,24,Florida Atlantic,UConn,1,"{'minutes': 1, 'seconds': 7}",3,3,25,75,1,10,-2,False,Rush,(01:15) No Huddle-Shotgun #23 G.Sands rush middle for 2 yards loss to the FAU23 (#1 B.Smiley III; #89 T.Jones),-0.8852575132705454,2025-11-22T20:47:13.000Z
401757175,40175717514,401757175234,8,3,Florida Atlantic,American Athletic,3,UConn,FBS Independents,24,Florida Atlantic,UConn,1,"{'minutes': 0, 'seconds': 34}",3,3,23,77,2,12,15,False,Pass Reception,"(00:42) No Huddle-Shotgun #10 C.Veltkamp pass complete short right to #3 J.Platt caught at FAU38, for 15 yards to the FAU38 (#21 L.Molette III), 1ST DOWN",2.0100089923123763,2025-11-22T20:47:47.000Z
401757175,40175717514,401757175239,8,4,Florida Atlantic,American Athletic,3,UConn,FBS Independents,24,Florida Atlantic,UConn,1,"{'minutes': 0, 'seconds': 12}",3,3,38,62,1,10,2,False,Rush,(00:16) No Huddle-Shotgun #23 G.Sands rush middle for 2 yards gain to the FAU40 (#89 T.Jones; #9 A.Renwick),-0.6656376494811928,2025-11-22T20:48:13.000Z
401757175,40175717514,401757175243,8,5,Florida Atlantic,American Athletic,3,UConn,FBS Independents,24,Florida Atlantic,UConn,1,"{'minutes': 0, 'seconds': 4}",3,3,40,60,2,8,4,False,Pass Reception,"(00:04) No Huddle-Shotgun #10 C.Veltkamp pass complete short right to #23 G.Sands caught at FAU36, for 4 yards to the FAU44 (#2 D.Pringle), out of bounds",-0.1477295793193977,2025-11-22T20:48:24.000Z
401757175,40175717514,401757175250,8,6,Florida Atlantic,American Athletic,3,UConn,FBS Independents,24,Florida Atlantic,UConn,1,"{'minutes': 0, 'seconds': 0}",3,3,40,60,2,8,4,False,End Period,End of 1st quarter.,-0.1477295793193977,2025-11-22T20:48:56.000Z
401757175,40175717514,401757175254,8,7,Florida Atlantic,American Athletic,3,UConn,FBS Independents,30,Florida Atlantic,UConn,2,"{'minutes': 14, 'seconds': 48}",3,3,44,56,3,4,11,False,Pass Reception,"(14:57) No Huddle-Shotgun #10 C.Veltkamp pass complete short left to #0 A.Waseem caught at FAU50, for 11 yards to the Con45 (#2 D.Pringle; #13 C.Chadwick), 1ST DOWN",2.289856784413013,2025-11-22T20:52:32.000Z
401757175,40175717514,401757175262,8,8,Florida Atlantic,American Athletic,3,UConn,FBS Independents,30,Florida Atlantic,UConn,2,"{'minutes': 14, 'seconds': 32}",3,3,55,45,1,10,6,False,Pass Reception,"(14:38) No Huddle-Shotgun #10 C.Veltkamp pass complete short right to #23 G.Sands caught at FAU50, for 6 yards to the Con39 (#6 B.Parham)",0.3037840163725374,2025-11-22T20:52:50.000Z
401757175,40175717514,401757175267,8,9,Florida Atlantic,American Athletic,10,UConn,FBS Independents,24,Florida Atlantic,UConn,2,"{'minutes': 14, 'seconds': 18}",3,3,61,39,2,4,39,True,Rushing Touchdown,Easton Messer 39 Yd Run (Garrison Smith Kick),3.1727300686945306,2025-11-22T20:53:13.000Z
401757175,40175717516,401757175274,9,1,Florida Atlantic,American Athletic,10,UConn,FBS Independents,24,Florida Atlantic,UConn,2,"{'minutes': 14, 'seconds': 18}",3,3,35,65,1,10,0,False,Kickoff,"(14:18) #42 A.Nelms kickoff 65 yards to the Con00, Touchback",,2025-11-22T20:54:12.000Z
401757175,40175717516,401757175277,9,2,UConn,FBS Independents,24,Florida Atlantic,American Athletic,10,Florida Atlantic,UConn,2,"{'minutes': 14, 'seconds': 7}",3,3,75,75,1,10,9,False,Pass Reception,"(14:12) No Huddle-Shotgun #2 J.Fagnano pass complete short left to #81 L.Hansen caught at Con34, for 9 yards to the Con34 (#6 L.Hart Jr.; #22 L.Johnson)",1.252308359788624,2025-11-22T20:58:16.000Z
401757175,40175717516,401757175282,9,3,UConn,FBS Independents,24,Florida Atlantic,American Athletic,10,Florida Atlantic,UConn,2,"{'minutes': 13, 'seconds': 39}",3,3,66,66,2,1,2,False,Rush,"(13:44) No Huddle #7 M.Brown rush right for 2 yards gain to the Con36 (#44 T.Stolsky), 1ST DOWN",-0.3217458478426334,2025-11-22T20:58:47.000Z
401757175,40175717516,401757175286,9,4,UConn,FBS Independents,24,Florida Atlantic,American Athletic,10,Florida Atlantic,UConn,2,"{'minutes': 12, 'seconds': 58}",3,3,64,64,1,10,5,False,Penalty,PENALTY Con False Start (#73 W.Hoeh) 5 yards from Con36 to Con31. NO PLAY,,2025-11-22T20:59:41.000Z
401757175,40175717516,401757175289,9,5,UConn,FBS Independents,24,Florida Atlantic,American Athletic,10,Florida Atlantic,UConn,2,"{'minutes': 12, 'seconds': 27}",3,3,69,69,1,15,0,False,Pass Reception,"(12:34) No Huddle-Shotgun #2 J.Fagnano pass complete short right to #7 M.Brown caught at Con31, for 0 yards to the Con31 (#30 K.Johnson)",-0.6035125831550907,2025-11-22T21:00:17.000Z
401757175,40175717516,401757175294,9,6,UConn,FBS Independents,24,Florida Atlantic,American Athletic,10,Florida Atlantic,UConn,2,"{'minutes': 11, 'seconds': 53}",3,3,69,69,2,15,3,False,Rush,(11:58) No Huddle-Shotgun #7 M.Brown rush middle for 3 yards gain to the Con34 (#23 D.Allen),-0.13854778079248842,2025-11-22T21:00:53.000Z
401757175,40175717516,401757175298,9,7,UConn,FBS Independents,24,Florida Atlantic,American Athletic,10,Florida Atlantic,UConn,2,"{'minutes': 11, 'seconds': 8}",3,3,66,66,3,12,15,False,Pass Reception,"(11:19) No Huddle-Shotgun #2 J.Fagnano pass complete short left to #6 R.Murphy caught at Con47, for 15 yards to the Con49 (#6 L.Hart Jr.; #4 D.Williams), 1ST DOWN",3.061829645050717,2025-11-22T21:01:32.000Z
401757175,40175717516,401757175303,9,8,UConn,FBS Independents,24,Florida Atlantic,American Athletic,10,Florida Atlantic,UConn,2,"{'minutes': 10, 'seconds': 6}",3,3,51,51,1,10,-18,False,Fumble Recovery (Own),(10:37) No Huddle-Shotgun #2 J.Fagnano rush right for 18 yards loss to the Con31 fumbled by #2 J.Fagnano at Con39 recovered by Con #2 J.Fagnano at Con33 (#23 D.Allen),-3.3185898265014,2025-11-22T21:02:18.000Z
401757175,40175717516,401757175309,9,9,UConn,FBS Independents,24,Florida Atlantic,American Athletic,10,Florida Atlantic,UConn,2,"{'minutes': 9, 'seconds': 42}",3,3,69,69,2,28,0,False,Pass Reception,"(09:49) No Huddle-Shotgun #2 J.Fagnano pass complete short left to #0 C.Edwards caught at Con31, for 0 yards to the Con31 (#30 K.Johnson; #28 Z.Horton)",-0.09417377702897234,2025-11-22T21:03:02.000Z
401757175,40175717516,401757175314,9,10,UConn,FBS Independents,24,Florida Atlantic,American Athletic,10,Florida Atlantic,UConn,2,"{'minutes': 9, 'seconds': 10}",3,3,69,69,3,28,11,False,Rush,(09:14) No Huddle-Shotgun #0 C.Edwards rush right for 11 yards gain to the Con42 (#23 D.Allen),0.14149848927981878,2025-11-22T21:03:37.000Z
401757175,40175717516,401757175318,9,11,UConn,FBS Independents,24,Florida Atlantic,American Athletic,10,Florida Atlantic,UConn,2,"{'minutes': 8, 'seconds': 30}",3,3,58,58,4,17,0,False,Punt,"(08:30) #17 C.Stutz punt 58 yards to the FAU00, Touchback",,2025-11-22T21:04:23.000Z
401757175,40175717517,401757175361,10,10,Florida Atlantic,American Athletic,17,UConn,FBS Independents,24,Florida Atlantic,UConn,2,"{'minutes': 5, 'seconds': 22}",3,3,83,17,3,10,17,True,Rushing Touchdown,Caden Veltkamp 17 Yd Run (Garrison Smith Kick),3.3215777072971697,2025-11-22T21:13:52.000Z
401757175,40175717517,401757175322,10,1,Florida Atlantic,American Athletic,10,UConn,FBS Independents,24,Florida Atlantic,UConn,2,"{'minutes': 8, 'seconds': 15}",3,3,20,80,1,10,18,False,Pass Reception,"(08:25) No Huddle-Shotgun #10 C.Veltkamp pass complete short right to #3 J.Platt caught at FAU35, for 18 yards to the FAU38, out of bounds at FAU38, 1ST DOWN",1.4330541549256122,2025-11-22T21:07:39.000Z
401757175,40175717517,401757175327,10,2,Florida Atlantic,American Athletic,10,UConn,FBS Independents,24,Florida Atlantic,UConn,2,"{'minutes': 7, 'seconds': 57}",3,3,38,62,1,10,10,False,Penalty,(07:57) No Huddle-Shotgun #23 G.Sands rush left for 7 yards gain to the FAU45 (#3 D.Brinson) PENALTY FAU Holding (#62 O.King) 10 yards from FAU38 to FAU28. NO PLAY,,2025-11-22T21:08:22.000Z
401757175,40175717517,401757175332,10,3,Florida Atlantic,American Athletic,10,UConn,FBS Independents,24,Florida Atlantic,UConn,2,"{'minutes': 7, 'seconds': 29}",3,3,28,72,1,20,4,False,Pass Reception,"(07:33) No Huddle-Shotgun #10 C.Veltkamp pass complete short right to #8 E.Messer caught at FAU32, for 4 yards to the FAU32, out of bounds at FAU32",-0.0682769277931703,2025-11-22T21:09:04.000Z
401757175,40175717517,401757175337,10,4,Florida Atlantic,American Athletic,10,UConn,FBS Independents,24,Florida Atlantic,UConn,2,"{'minutes': 6, 'seconds': 47}",3,3,32,68,2,16,31,False,Pass Reception,"(07:01) No Huddle-Shotgun #10 C.Veltkamp pass complete deep right to #0 A.Waseem caught at Con42, for 31 yards to the Con37, out of bounds at Con37, 1ST DOWN",3.808922088020452,2025-11-22T21:09:43.000Z
401757175,40175717517,401757175342,10,5,Florida Atlantic,American Athletic,10,UConn,FBS Independents,24,Florida Atlantic,UConn,2,"{'minutes': 6, 'seconds': 34}",3,3,63,37,1,10,2,False,Rush,(06:37) No Huddle-Shotgun #23 G.Sands rush middle for 2 yards gain to the Con35 (#6 B.Parham),-0.4014146126260343,2025-11-22T21:10:13.000Z
401757175,40175717517,401757175346,10,6,Florida Atlantic,American Athletic,10,UConn,FBS Independents,24,Florida Atlantic,UConn,2,"{'minutes': 6, 'seconds': 10}",3,3,65,35,2,8,8,False,Rush,"(06:15) No Huddle-Shotgun #9 D.Henry rush right for 8 yards gain to the Con27 (#1 B.Smiley III), 1ST DOWN. #1 B.Smiley III injured on the play",0.7115424027112915,2025-11-22T21:10:35.000Z
401757175,40175717517,401757175350,10,7,Florida Atlantic,American Athletic,10,UConn,FBS Independents,24,Florida Atlantic,UConn,2,"{'minutes': 5, 'seconds': 48}",3,3,73,27,1,10,10,False,Pass Reception,"(05:57) No Huddle-Shotgun #10 C.Veltkamp pass complete short right to #8 E.Messer caught at Con22, for 10 yards to the Con17 (#7 M.McLean; #32 O.Diomande), 1ST DOWN",0.161377738607072,2025-11-22T21:12:04.000Z
401757175,40175717517,401757175355,10,8,Florida Atlantic,American Athletic,10,UConn,FBS Independents,24,Florida Atlantic,UConn,2,"{'minutes': 5, 'seconds': 37}",3,3,83,17,1,10,0,False,Pass Incompletion,(05:37) No Huddle-Shotgun #10 C.Veltkamp pass incomplete short right to #3 J.Platt thrown to Con17,-0.340019558909725,2025-11-22T21:12:28.000Z
401757175,40175717517,401757175358,10,9,Florida Atlantic,American Athletic,10,UConn,FBS Independents,24,Florida Atlantic,UConn,2,"{'minutes': 5, 'seconds': 32}",3,3,83,17,2,10,0,False,Pass Incompletion,(05:32) No Huddle-Shotgun #10 C.Veltkamp pass incomplete short left to #0 A.Waseem thrown to Con00,-0.4016550456030307,2025-11-22T21:13:11.000Z
401757175,40175717519,401757175368,11,1,Florida Atlantic,American Athletic,17,UConn,FBS Independents,24,Florida Atlantic,UConn,2,"{'minutes': 5, 'seconds': 15}",3,3,35,65,1,10,22,False,Kickoff,(05:22) #42 A.Nelms kickoff 63 yards to the Con02 #7 M.Brown return 22 yards to the Con24 (#22 L.Johnson),,2025-11-22T21:18:36.000Z
401757175,40175717519,401757175406,11,9,UConn,FBS Independents,24,Florida Atlantic,American Athletic,17,Florida Atlantic,UConn,2,"{'minutes': 2, 'seconds': 0}",2,3,13,13,2,3,0,False,Timeout,"Timeout UConn, clock 02:00",,2025-11-22T21:24:57.000Z
401757175,40175717519,401757175411,11,11,Florida Atlantic,American Athletic,17,UConn,FBS Independents,24,Florida Atlantic,UConn,2,"{'minutes': 1, 'seconds': 52}",2,2,18,82,3,8,0,False,Timeout,"Timeout Florida Atlantic, clock 01:52",,2025-11-22T21:28:43.000Z
401757175,40175717519,401757175431,11,16,Florida Atlantic,American Athletic,17,UConn,FBS Independents,24,Florida Atlantic,UConn,2,"{'minutes': 1, 'seconds': 13}",1,2,5,95,3,5,0,False,Timeout,"Timeout Florida Atlantic, clock 01:13",,2025-11-22T21:32:58.000Z
401757175,40175717519,401757175432,11,17,Florida Atlantic,American Athletic,17,UConn,FBS Independents,24,Florida Atlantic,UConn,2,"{'minutes': 1, 'seconds': 13}",0,2,5,95,3,5,0,False,Timeout,"Timeout Florida Atlantic, clock 01:13",,2025-11-22T21:33:24.000Z
401757175,40175717519,401757175373,11,2,UConn,FBS Independents,24,Florida Atlantic,American Athletic,17,Florida Atlantic,UConn,2,"{'minutes': 5, 'seconds': 2}",3,3,76,76,1,10,5,False,Rush,(05:10) No Huddle-Shotgun #22 V.Rosa rush left for 5 yards gain to the Con29 (#7 B.Langston),0.0927395188594593,2025-11-22T21:19:28.000Z
401757175,40175717519,401757175377,11,3,UConn,FBS Independents,24,Florida Atlantic,American Athletic,17,Florida Atlantic,UConn,2,"{'minutes': 4, 'seconds': 22}",3,3,71,71,2,5,15,False,Pass Reception,"(04:28) No Huddle-Shotgun #2 J.Fagnano pass complete short middle to #80 J.Neider caught at Con43, for 15 yards to the Con44 (#26 J.Sweeney), 1ST DOWN",1.6826960431770255,2025-11-22T21:20:09.000Z
401757175,40175717519,401757175382,11,4,UConn,FBS Independents,24,Florida Atlantic,American Athletic,17,Florida Atlantic,UConn,2,"{'minutes': 3, 'seconds': 42}",3,3,56,56,1,10,11,False,Rush,"(03:44) #0 C.Edwards rush left for 11 yards gain to the FAU45, out of bounds at FAU45, 1ST DOWN",0.893668696312238,2025-11-22T21:20:53.000Z
401757175,40175717519,401757175386,11,5,UConn,FBS Independents,24,Florida Atlantic,American Athletic,17,Florida Atlantic,UConn,2,"{'minutes': 3, 'seconds': 11}",3,3,45,45,1,10,5,False,Penalty,PENALTY Con Illegal Substitution  5 yards from FAU45 to FAU50. NO PLAY,,2025-11-22T21:21:38.000Z
401757175,40175717519,401757175389,11,6,UConn,FBS Independents,24,Florida Atlantic,American Athletic,17,Florida Atlantic,UConn,2,"{'minutes': 3, 'seconds': 4}",3,3,50,50,1,15,15,False,Pass Reception,"(03:05) #2 J.Fagnano pass complete short middle to #81 L.Hansen caught at FAU39, for 15 yards to the FAU35 (#6 L.Hart Jr.; #96 J.Roberts), 1ST DOWN, PENALTY FAU Personal Foul (#14 T.Luman) 15 yards from FAU35 to FAU20, 1ST DOWN",1.5689688555666204,2025-11-22T21:22:48.000Z
401757175,40175717519,401757175395,11,7,UConn,FBS Independents,24,Florida Atlantic,American Athletic,17,Florida Atlantic,UConn,2,"{'minutes': 2, 'seconds': 28}",3,3,20,20,1,10,7,False,Pass Reception,"(02:37) #2 J.Fagnano pass complete short right to #81 L.Hansen caught at FAU20, for 7 yards to the FAU13, End Of Play",0.312961885301428,2025-11-22T21:23:59.000Z
401757175,40175717519,401757175400,11,8,UConn,FBS Independents,24,Florida Atlantic,American Athletic,17,Florida Atlantic,UConn,2,"{'minutes': 2, 'seconds': 0}",3,3,13,13,2,3,-5,False,Sack,(02:03) #2 J.Fagnano sacked for loss of 5 yards to the FAU18 (#96 J.Roberts),-0.932001622582598,2025-11-22T21:24:39.000Z
401757175,40175717519,401757175404,11,10,UConn,FBS Independents,24,Florida Atlantic,American Athletic,17,Florida Atlantic,UConn,2,"{'minutes': 1, 'seconds': 52}",2,3,18,18,3,8,7,False,Rush,(01:54) #2 J.Fagnano rush middle for 7 yards gain to the FAU11 (#23 D.Allen),0.2390440263312675,2025-11-22T21:28:17.000Z
401757175,40175717519,401757175409,11,12,UConn,FBS Independents,24,Florida Atlantic,American Athletic,17,Florida Atlantic,UConn,2,"{'minutes': 1, 'seconds': 49}",2,2,11,11,4,1,2,False,Rush,"(01:49) #0 C.Edwards rush left for 2 yards gain to the FAU09 (#7 B.Langston), 1ST DOWN",0.5736856163351335,2025-11-22T21:29:49.000Z
401757175,40175717519,401757175414,11,13,UConn,FBS Independents,24,Florida Atlantic,American Athletic,17,Florida Atlantic,UConn,2,"{'minutes': 1, 'seconds': 23}",2,2,9,9,1,9,4,False,Pass Reception,"(01:29) #2 J.Fagnano pass complete short right to #0 C.Edwards caught at FAU08, for 4 yards to the FAU05 (#27 T.Reid)",-0.014339867883452,2025-11-22T21:30:56.000Z
401757175,40175717519,401757175421,11,14,UConn,FBS Independents,24,Florida Atlantic,American Athletic,17,Florida Atlantic,UConn,2,"{'minutes': 1, 'seconds': 19}",2,2,5,5,2,5,0,False,Pass Incompletion,(01:19) #2 J.Fagnano pass incomplete short middle to #80 J.Neider thrown to FAU00 broken up by #26 J.Sweeney,-0.32302193763867,2025-11-22T21:31:39.000Z
401757175,40175717519,401757175424,11,15,UConn,FBS Independents,24,Florida Atlantic,American Athletic,17,Florida Atlantic,UConn,2,"{'minutes': 1, 'seconds': 13}",2,2,5,5,3,5,-2,False,Pass Reception,"(01:12) #2 J.Fagnano pass complete short left to #6 R.Murphy caught at FAU06, for 2 yards loss to the FAU07 (#22 L.Johnson)",-0.448030760284906,2025-11-22T21:32:29.000Z
401757175,40175717519,401757175429,11,18,UConn,FBS Independents,27,Florida Atlantic,American Athletic,17,Florida Atlantic,UConn,2,"{'minutes': 1, 'seconds': 9}",2,0,7,7,4,7,25,True,Field Goal Good,Chris Freeman 25 Yd Field Goal ,,2025-11-22T21:33:51.000Z
401757175,40175717521,401757175434,12,1,UConn,FBS Independents,27,Florida Atlantic,American Athletic,17,Florida Atlantic,UConn,2,"{'minutes': 1, 'seconds': 9}",2,0,65,65,1,10,0,False,Kickoff,"(01:09) #28 C.Freeman kickoff 65 yards to the FAU00, Touchback",,2025-11-22T21:33:53.000Z
401757175,40175717521,401757175466,12,9,UConn,FBS Independents,27,Florida Atlantic,American Athletic,17,Florida Atlantic,UConn,2,"{'minutes': 0, 'seconds': 37}",0,0,32,32,3,14,0,False,Timeout,"Timeout UConn, clock 00:37",,2025-11-22T21:39:48.000Z
401757175,40175717521,401757175444,12,3,UConn,FBS Independents,27,Florida Atlantic,American Athletic,17,Florida Atlantic,UConn,2,"{'minutes': 0, 'seconds': 58}",1,0,25,25,1,10,0,False,Timeout,"Timeout UConn, clock 00:58",,2025-11-22T21:36:19.000Z
401757175,40175717521,401757175437,12,2,Florida Atlantic,American Athletic,17,UConn,FBS Independents,27,Florida Atlantic,UConn,2,"{'minutes': 0, 'seconds': 58}",0,2,25,75,1,10,4,False,Pass Reception,"(01:07) No Huddle-Shotgun #10 C.Veltkamp pass complete short right to #0 A.Waseem caught at FAU29, for 4 yards to the FAU29 (#3 D.Brinson)",-0.1142886249388964,2025-11-22T21:35:57.000Z
401757175,40175717521,401757175442,12,4,Florida Atlantic,American Athletic,17,UConn,FBS Independents,27,Florida Atlantic,UConn,2,"{'minutes': 0, 'seconds': 57}",0,1,29,71,2,6,7,False,Pass Reception,"(01:02) No Huddle-Shotgun #10 C.Veltkamp pass complete short middle to #28 K.Shields-Dutton caught at FAU35, for 7 yards to the FAU36 (#13 C.Chadwick), 1ST DOWN",1.044851136884887,2025-11-22T21:37:12.000Z
401757175,40175717521,401757175449,12,5,Florida Atlantic,American Athletic,17,UConn,FBS Independents,27,Florida Atlantic,UConn,2,"{'minutes': 0, 'seconds': 52}",0,1,36,64,1,10,0,False,Pass Incompletion,(00:52) No Huddle-Shotgun #10 C.Veltkamp pass incomplete short middle to #28 K.Shields-Dutton thrown to FAU38 QB hurried by #89 T.Jones and #33 K.Choute,-1.041155320344064,2025-11-22T21:37:34.000Z
401757175,40175717521,401757175452,12,6,Florida Atlantic,American Athletic,17,UConn,FBS Independents,27,Florida Atlantic,UConn,2,"{'minutes': 0, 'seconds': 46}",0,1,36,64,2,10,1,False,Pass Reception,"(00:48) No Huddle-Shotgun #10 C.Veltkamp pass complete short right to #23 G.Sands caught at FAU33, for 1 yard to the FAU37, out of bounds at FAU37",-0.5276196370423643,2025-11-22T21:38:11.000Z
401757175,40175717521,401757175457,12,7,Florida Atlantic,American Athletic,17,UConn,FBS Independents,27,Florida Atlantic,UConn,2,"{'minutes': 0, 'seconds': 46}",0,1,37,63,3,9,5,False,Penalty,PENALTY FAU False Start (#53 V.Fiacable) 5 yards from FAU37 to FAU32. NO PLAY,,2025-11-22T21:38:42.000Z
401757175,40175717521,401757175460,12,8,Florida Atlantic,American Athletic,17,UConn,FBS Independents,27,Florida Atlantic,UConn,2,"{'minutes': 0, 'seconds': 37}",0,1,32,68,3,14,10,False,Rush,(00:38) No Huddle-Shotgun #23 G.Sands rush middle for 10 yards gain to the FAU42 (#21 L.Molette III; #11 D.Branch),0.4260859178052998,2025-11-22T21:39:31.000Z
401757175,40175717521,401757175464,12,10,Florida Atlantic,American Athletic,17,UConn,FBS Independents,27,Florida Atlantic,UConn,2,"{'minutes': 0, 'seconds': 30}",0,0,42,58,4,4,0,False,Punt,(00:31) #19 L.Lupo punt 43 yards to the Con15 fair catch by #19 J.Harper at Con15,,2025-11-22T21:40:59.000Z
401757175,40175717522,401757175469,13,1,UConn,FBS Independents,27,Florida Atlantic,American Athletic,17,Florida Atlantic,UConn,2,"{'minutes': 0, 'seconds': 25}",0,0,85,85,1,10,23,False,Pass Reception,"(00:25) #2 J.Fagnano pass complete short left to #1 S.Bell caught at Con27, for 23 yards to the Con38 (#26 J.Sweeney; #22 L.Johnson), 1ST DOWN",1.667957909195719,2025-11-22T21:41:39.000Z
401757175,40175717522,401757175474,13,2,UConn,FBS Independents,27,Florida Atlantic,American Athletic,17,Florida Atlantic,UConn,2,"{'minutes': 0, 'seconds': 17}",0,0,62,62,1,10,0,False,Pass Incompletion,(00:17) #2 J.Fagnano pass incomplete deep right to #6 R.Murphy thrown to FAU30,-1.087995077167328,2025-11-22T21:41:59.000Z
401757175,40175717522,401757175477,13,3,UConn,FBS Independents,27,Florida Atlantic,American Athletic,17,Florida Atlantic,UConn,2,"{'minutes': 0, 'seconds': 17}",0,0,62,62,2,10,15,False,Penalty,PENALTY Con UNS: Unsportsmanlike Conduct (#50 T.Green) 15 yards from Con38 to Con23. NO PLAY,,2025-11-22T21:42:46.000Z
401757175,40175717522,401757175480,13,4,UConn,FBS Independents,27,Florida Atlantic,American Athletic,17,Florida Atlantic,UConn,2,"{'minutes': 0, 'seconds': 11}",0,0,77,77,2,25,-1,False,Rush,(00:11) Kneel down by UConn at Con22 for loss of 1 yard,-0.0761101737950982,2025-11-22T21:43:20.000Z
401757175,40175717522,401757175485,13,5,UConn,FBS Independents,27,Florida Atlantic,American Athletic,17,Florida Atlantic,UConn,2,"{'minutes': 0, 'seconds': 0}",0,0,77,77,2,25,-1,False,End Period,End of 2nd quarter.,-0.0761101737950982,2025-11-22T21:43:32.000Z
401757175,40175717524,401757175490,14,1,UConn,FBS Independents,27,Florida Atlantic,American Athletic,17,Florida Atlantic,UConn,3,"{'minutes': 15, 'seconds': 0}",3,3,65,65,1,10,0,False,Kickoff,"(15:00) #28 C.Freeman kickoff 65 yards to the FAU00, Touchback",,2025-11-22T22:03:56.000Z
401757175,40175717524,401757175495,14,2,Florida Atlantic,American Athletic,17,UConn,FBS Independents,27,Florida Atlantic,UConn,3,"{'minutes': 14, 'seconds': 50}",3,3,25,75,1,10,4,False,Rush,(14:56) No Huddle-Shotgun #28 K.Shields-Dutton rush middle for 4 yards gain to the FAU29 (#8 S.Moa; #33 K.Choute),-0.1142886249388964,2025-11-22T22:05:36.000Z
401757175,40175717524,401757175499,14,3,Florida Atlantic,American Athletic,17,UConn,FBS Independents,27,Florida Atlantic,UConn,3,"{'minutes': 14, 'seconds': 40}",3,3,29,71,2,6,10,False,Pass Reception,"(14:43) No Huddle-Shotgun #10 C.Veltkamp pass complete short left to #8 E.Messer caught at FAU26, for 10 yards to the FAU39 (#13 C.Chadwick; #58 A.Harris Jr.), 1ST DOWN",1.3370277081953519,2025-11-22T22:05:49.000Z
401757175,40175717524,401757175504,14,4,Florida Atlantic,American Athletic,17,UConn,FBS Independents,27,Florida Atlantic,UConn,3,"{'minutes': 14, 'seconds': 7}",3,3,39,61,1,10,13,False,Pass Reception,"(14:28) No Huddle-Shotgun #10 C.Veltkamp pass complete short left to #0 A.Waseem caught at FAU40, for 13 yards to the Con48, out of bounds at Con48, 1ST DOWN, PENALTY Con Personal Foul (#2 D.Pringle) 15 yards from Con48 to Con33, 1ST DOWN",1.168782200184909,2025-11-22T22:06:24.000Z
401757175,40175717524,401757175510,14,5,Florida Atlantic,American Athletic,17,UConn,FBS Independents,27,Florida Atlantic,UConn,3,"{'minutes': 13, 'seconds': 45}",3,3,67,33,1,10,5,False,Rush,(13:51) No Huddle-Shotgun #28 K.Shields-Dutton rush middle for 5 yards gain to the Con28 (#32 O.Diomande),0.079824986683601,2025-11-22T22:07:27.000Z
401757175,40175717524,401757175514,14,6,Florida Atlantic,American Athletic,17,UConn,FBS Independents,27,Florida Atlantic,UConn,3,"{'minutes': 13, 'seconds': 25}",3,3,72,28,2,5,-10,False,Sack,(13:27) No Huddle-Shotgun #10 C.Veltkamp sacked for loss of 10 yards to the Con38 (#11 D.Branch),-2.639826169065543,2025-11-22T22:07:50.000Z
401757175,40175717524,401757175518,14,7,Florida Atlantic,American Athletic,17,UConn,FBS Independents,27,Florida Atlantic,UConn,3,"{'minutes': 12, 'seconds': 39}",3,3,62,38,3,15,8,False,Pass Reception,"(12:49) No Huddle-Shotgun #10 C.Veltkamp pass complete short right to #0 A.Waseem caught at Con38, for 8 yards to the Con30 (#11 D.Branch; #89 T.Jones)",0.6970271649479666,2025-11-22T22:08:29.000Z
401757175,40175717524,401757175523,14,8,Florida Atlantic,American Athletic,17,UConn,FBS Independents,27,Florida Atlantic,UConn,3,"{'minutes': 12, 'seconds': 29}",3,3,70,30,4,7,15,False,Penalty,"(12:29) No Huddle-Shotgun #10 C.Veltkamp pass incomplete deep right to #3 J.Platt thrown to Con02 broken up by #2 D.Pringle PENALTY Con Pass Interference (#2 D.Pringle) 15 yards from Con30 to Con15, 1ST DOWN. NO PLAY",,2025-11-22T22:09:02.000Z
401757175,40175717524,401757175527,14,9,Florida Atlantic,American Athletic,17,UConn,FBS Independents,27,Florida Atlantic,UConn,3,"{'minutes': 12, 'seconds': 14}",3,3,85,15,1,10,4,False,Pass Reception,"(12:23) No Huddle-Shotgun #10 C.Veltkamp pass complete short left to #8 E.Messer caught at Con16, for 4 yards to the Con11 (#6 B.Parham)",-0.019365161227934,2025-11-22T22:09:37.000Z
401757175,40175717524,401757175532,14,10,Florida Atlantic,American Athletic,17,UConn,FBS Independents,27,Florida Atlantic,UConn,3,"{'minutes': 12, 'seconds': 6}",3,3,89,11,2,6,0,False,Pass Incompletion,(12:06) No Huddle-Shotgun #10 C.Veltkamp pass incomplete short left to #8 E.Messer thrown to Con06,-0.3363006671858974,2025-11-22T22:09:54.000Z
401757175,40175717524,401757175535,14,11,Florida Atlantic,American Athletic,24,UConn,FBS Independents,27,Florida Atlantic,UConn,3,"{'minutes': 12, 'seconds': 1}",3,3,89,11,3,6,11,True,Rushing Touchdown,Kaden Shields-Dutton 11 Yd Run (Garrison Smith Kick),2.9138649179789144,2025-11-22T22:10:35.000Z
401757175,40175717526,401757175542,15,1,Florida Atlantic,American Athletic,24,UConn,FBS Independents,27,Florida Atlantic,UConn,3,"{'minutes': 12, 'seconds': 1}",3,3,35,65,1,10,0,False,Kickoff,"(12:01) #42 A.Nelms kickoff 65 yards to the Con00, Touchback",,2025-11-22T22:11:21.000Z
401757175,40175717526,401757175550,15,2,UConn,FBS Independents,27,Florida Atlantic,American Athletic,24,Florida Atlantic,UConn,3,"{'minutes': 11, 'seconds': 52}",3,3,75,75,1,10,4,False,Rush,(11:56) #7 M.Brown rush left for 4 yards gain to the Con29 (#26 J.Sweeney),-0.1142886249388964,2025-11-22T22:16:24.000Z
401757175,40175717526,401757175554,15,3,UConn,FBS Independents,27,Florida Atlantic,American Athletic,24,Florida Atlantic,UConn,3,"{'minutes': 11, 'seconds': 18}",3,3,71,71,2,6,6,False,Pass Reception,"(11:21) #2 J.Fagnano pass complete short right to #7 M.Brown caught at Con28, for 6 yards to the Con35 (#20 C.Keys Jr.), out of bounds, 1ST DOWN",0.9493267339688831,2025-11-22T22:17:02.000Z
401757175,40175717526,401757175559,15,4,UConn,FBS Independents,27,Florida Atlantic,American Athletic,24,Florida Atlantic,UConn,3,"{'minutes': 10, 'seconds': 42}",3,3,65,65,1,10,2,False,Rush,(10:47) #7 M.Brown rush right for 2 yards gain to the Con37 (#22 L.Johnson; #6 L.Hart Jr.),-0.63079683335922,2025-11-22T22:17:43.000Z
401757175,40175717526,401757175563,15,5,UConn,FBS Independents,27,Florida Atlantic,American Athletic,24,Florida Atlantic,UConn,3,"{'minutes': 9, 'seconds': 59}",3,3,63,63,2,8,-5,False,Sack,"(10:03) #2 J.Fagnano sacked for loss of 9 yards to the Con28 (#7 B.Langston, #9 N.Barber)",-1.2018760362681995,2025-11-22T22:18:26.000Z
401757175,40175717526,401757175567,15,6,UConn,FBS Independents,27,Florida Atlantic,American Athletic,24,Florida Atlantic,UConn,3,"{'minutes': 9, 'seconds': 14}",3,3,72,72,3,17,4,False,Rush,(09:18) #2 J.Fagnano rush middle for 4 yards gain to the Con32 (#11 G.Marcelin),-0.01994170186948274,2025-11-22T22:19:10.000Z
401757175,40175717526,401757175571,15,7,UConn,FBS Independents,27,Florida Atlantic,American Athletic,24,Florida Atlantic,UConn,3,"{'minutes': 8, 'seconds': 38}",3,3,68,68,4,13,0,False,Punt,(08:38) #17 C.Stutz punt 67 yards to the FAU01,,2025-11-22T22:19:51.000Z
401757175,40175717527,401757175575,16,1,Florida Atlantic,American Athletic,24,UConn,FBS Independents,27,Florida Atlantic,UConn,3,"{'minutes': 8, 'seconds': 28}",3,3,1,99,1,10,1,False,Rush,"(08:33) No Huddle-Shotgun #23 G.Sands rush middle for 1 yard gain to the FAU02, End Of Play",-0.20239104774718264,2025-11-22T22:23:10.000Z
401757175,40175717527,401757175579,16,2,Florida Atlantic,American Athletic,24,UConn,FBS Independents,27,Florida Atlantic,UConn,3,"{'minutes': 8, 'seconds': 9}",3,3,2,98,2,9,4,False,Rush,(08:15) No Huddle-Shotgun #23 G.Sands rush middle for 4 yards gain to the FAU06 (#21 L.Molette III),-0.0139061439761754,2025-11-22T22:23:26.000Z
401757175,40175717527,401757175583,16,3,Florida Atlantic,American Athletic,24,UConn,FBS Independents,27,Florida Atlantic,UConn,3,"{'minutes': 7, 'seconds': 43}",3,3,6,94,3,5,3,False,Penalty,PENALTY FAU False Start (#53 V.Fiacable) 3 yards from FAU06 to FAU03. NO PLAY,,2025-11-22T22:24:04.000Z
401757175,40175717527,401757175586,16,4,Florida Atlantic,American Athletic,24,UConn,FBS Independents,27,Florida Atlantic,UConn,3,"{'minutes': 7, 'seconds': 19}",3,3,3,97,3,8,7,False,Pass Reception,"(07:41) No Huddle-Shotgun #10 C.Veltkamp pass complete short right to #0 A.Waseem caught at FAU10, for 7 yards to the FAU10 (#6 B.Parham)",0.07853305094956654,2025-11-22T22:24:45.000Z
401757175,40175717527,401757175591,16,5,Florida Atlantic,American Athletic,31,UConn,FBS Independents,27,Florida Atlantic,UConn,3,"{'minutes': 6, 'seconds': 48}",3,3,10,90,4,1,90,True,Passing Touchdown,Dominique Henry 90 Yd pass from Caden Veltkamp (Garrison Smith Kick),7.220352376139428,2025-11-22T22:25:16.000Z
401757175,40175717529,401757175599,17,1,Florida Atlantic,American Athletic,31,UConn,FBS Independents,27,Florida Atlantic,UConn,3,"{'minutes': 6, 'seconds': 48}",3,3,35,65,1,10,0,False,Kickoff,"(06:48) #42 A.Nelms kickoff 65 yards to the Con00, Touchback",,2025-11-22T22:26:10.000Z
401757175,40175717529,401757175646,17,11,UConn,FBS Independents,34,Florida Atlantic,American Athletic,31,Florida Atlantic,UConn,3,"{'minutes': 2, 'seconds': 9}",3,3,1,1,1,1,1,True,Rushing Touchdown,Cam Edwards 1 Yd Run (Chris Freeman Kick),0.938021275120443,2025-11-22T22:36:06.000Z
401757175,40175717529,401757175602,17,2,UConn,FBS Independents,27,Florida Atlantic,American Athletic,31,Florida Atlantic,UConn,3,"{'minutes': 6, 'seconds': 36}",3,3,75,75,1,10,6,False,Pass Reception,"(06:42) #2 J.Fagnano pass complete short left to #1 S.Bell caught at Con26, for 6 yards to the Con31 (#11 G.Marcelin)",0.3333748010525683,2025-11-22T22:30:40.000Z
401757175,40175717529,401757175607,17,3,UConn,FBS Independents,27,Florida Atlantic,American Athletic,31,Florida Atlantic,UConn,3,"{'minutes': 6, 'seconds': 14}",3,3,69,69,2,4,7,False,Pass Reception,"(06:23) #2 J.Fagnano pass complete short left to #6 R.Murphy caught at Con35, for 7 yards to the Con38 (#20 C.Keys Jr.), 1ST DOWN",0.7913766779892626,2025-11-22T22:31:00.000Z
401757175,40175717529,401757175612,17,4,UConn,FBS Independents,27,Florida Atlantic,American Athletic,31,Florida Atlantic,UConn,3,"{'minutes': 5, 'seconds': 42}",3,3,62,62,1,10,4,False,Rush,(05:48) #0 C.Edwards rush middle for 4 yards gain to the Con42 (#6 L.Hart Jr.),-0.1660250563858484,2025-11-22T22:31:34.000Z
401757175,40175717529,401757175616,17,5,UConn,FBS Independents,27,Florida Atlantic,American Athletic,31,Florida Atlantic,UConn,3,"{'minutes': 5, 'seconds': 7}",3,3,58,58,2,6,13,False,Pass Reception,"(05:17) #2 J.Fagnano pass complete short left to #15 T.Smith caught at Con49, for 13 yards to the FAU45 (#30 K.Johnson), 1ST DOWN",1.642514611998271,2025-11-22T22:32:08.000Z
401757175,40175717529,401757175621,17,6,UConn,FBS Independents,27,Florida Atlantic,American Athletic,31,Florida Atlantic,UConn,3,"{'minutes': 4, 'seconds': 20}",3,3,45,45,1,10,3,False,Rush,(04:31) Shotgun #0 C.Edwards rush middle for 3 yards gain to the FAU42 (#9 N.Barber; #11 G.Marcelin),-0.3299594446081446,2025-11-22T22:32:51.000Z
401757175,40175717529,401757175625,17,7,UConn,FBS Independents,27,Florida Atlantic,American Athletic,31,Florida Atlantic,UConn,3,"{'minutes': 3, 'seconds': 43}",3,3,42,42,2,7,7,False,Pass Reception,"(03:52) Shotgun #2 J.Fagnano pass complete short right to #0 C.Edwards caught at FAU47, for 7 yards to the FAU35 (#20 C.Keys Jr.; #26 J.Sweeney), 1ST DOWN",0.8338847458982566,2025-11-22T22:33:29.000Z
401757175,40175717529,401757175630,17,8,UConn,FBS Independents,27,Florida Atlantic,American Athletic,31,Florida Atlantic,UConn,3,"{'minutes': 3, 'seconds': 4}",3,3,35,35,1,10,15,False,Pass Reception,"(03:10) Shotgun #2 J.Fagnano pass complete short left to #81 L.Hansen caught at FAU24, for 15 yards to the FAU20 (#4 D.Williams), 1ST DOWN",0.354661054745257,2025-11-22T22:34:11.000Z
401757175,40175717529,401757175635,17,9,UConn,FBS Independents,27,Florida Atlantic,American Athletic,31,Florida Atlantic,UConn,3,"{'minutes': 2, 'seconds': 53}",3,3,20,20,1,10,0,False,Penalty,"(02:53) Shotgun #2 J.Fagnano pass complete short right to #1 S.Bell caught at FAU22, for 0 yards to the FAU20, out of bounds at FAU20 PENALTY Con Holding (#5 S.Porter) 10 yards from FAU20 to FAU30. NO PLAY",,2025-11-22T22:34:51.000Z
401757175,40175717529,401757175641,17,10,UConn,FBS Independents,27,Florida Atlantic,American Athletic,31,Florida Atlantic,UConn,3,"{'minutes': 2, 'seconds': 20}",3,3,30,30,1,20,29,False,Pass Reception,"(02:30) Shotgun #2 J.Fagnano pass complete short left to #0 C.Edwards caught at FAU30, for 29 yards to the FAU01 (#27 T.Reid), 1ST DOWN",2.5940798645838825,2025-11-22T22:35:41.000Z
401757175,40175717531,401757175655,18,1,UConn,FBS Independents,34,Florida Atlantic,American Athletic,31,Florida Atlantic,UConn,3,"{'minutes': 2, 'seconds': 9}",3,3,65,65,1,10,0,False,Kickoff,"(02:09) #28 C.Freeman kickoff 65 yards to the FAU00, Touchback",,2025-11-22T22:37:02.000Z
401757175,40175717531,401757175658,18,2,Florida Atlantic,American Athletic,31,UConn,FBS Independents,34,Florida Atlantic,UConn,3,"{'minutes': 1, 'seconds': 59}",3,3,25,75,1,10,10,False,Rush,"(02:03) No Huddle-Shotgun #28 K.Shields-Dutton rush right for 10 yards gain to the FAU35 (#2 D.Pringle; #7 M.McLean), 1ST DOWN",0.8350381090299867,2025-11-22T22:38:55.000Z
401757175,40175717531,401757175662,18,3,Florida Atlantic,American Athletic,31,UConn,FBS Independents,34,Florida Atlantic,UConn,3,"{'minutes': 1, 'seconds': 42}",3,3,35,65,1,10,2,False,Rush,(01:49) No Huddle-Shotgun #8 E.Messer rush right for 2 yards gain to the FAU37 (#89 T.Jones),-0.63079683335922,2025-11-22T22:39:10.000Z
401757175,40175717531,401757175666,18,4,Florida Atlantic,American Athletic,31,UConn,FBS Independents,34,Florida Atlantic,UConn,3,"{'minutes': 1, 'seconds': 23}",3,3,37,63,2,8,-3,False,Pass Reception,"(01:28) No Huddle-Shotgun #10 C.Veltkamp pass complete short left to #8 E.Messer caught at FAU34, for 3 yards loss to the FAU34 (#3 D.Brinson)",-1.0683831689017484,2025-11-22T22:39:30.000Z
401757175,40175717531,401757175671,18,5,Florida Atlantic,American Athletic,31,UConn,FBS Independents,34,Florida Atlantic,UConn,3,"{'minutes': 0, 'seconds': 36}",3,3,34,66,3,11,15,False,Pass Reception,"(00:43) No Huddle-Shotgun #10 C.Veltkamp pass complete short left to #9 D.Henry caught at FAU49, for 15 yards to the FAU49 (#32 O.Diomande; #21 L.Molette III), 1ST DOWN",3.0185298090593644,2025-11-22T22:40:15.000Z
401757175,40175717531,401757175676,18,6,Florida Atlantic,American Athletic,31,UConn,FBS Independents,34,Florida Atlantic,UConn,3,"{'minutes': 0, 'seconds': 15}",3,3,49,51,1,10,-2,False,Pass Reception,"(00:25) No Huddle-Shotgun #10 C.Veltkamp pass complete short right to #3 J.Platt caught at FAU50, for 2 yards loss to the FAU47 (#3 D.Brinson)",-1.5881457651407354,2025-11-22T22:40:33.000Z
401757175,40175717531,401757175681,18,7,Florida Atlantic,American Athletic,31,UConn,FBS Independents,34,Florida Atlantic,UConn,3,"{'minutes': 0, 'seconds': 7}",3,3,47,53,2,12,12,False,Pass Reception,"(00:07) No Huddle-Shotgun #10 C.Veltkamp pass complete short left to #0 A.Waseem caught at Con38, for 12 yards to the Con41 (#13 C.Chadwick), 1ST DOWN",2.270993343137155,2025-11-22T22:40:57.000Z
401757175,40175717531,401757175688,18,8,Florida Atlantic,American Athletic,31,UConn,FBS Independents,34,Florida Atlantic,UConn,3,"{'minutes': 0, 'seconds': 0}",3,3,47,53,2,12,12,False,End Period,End of 3rd quarter.,2.270993343137155,2025-11-22T22:41:36.000Z
401757175,40175717531,401757175692,18,9,Florida Atlantic,American Athletic,31,UConn,FBS Independents,34,Florida Atlantic,UConn,4,"{'minutes': 14, 'seconds': 57}",3,3,59,41,1,10,0,False,Pass Incompletion,(14:57) No Huddle-Shotgun #10 C.Veltkamp pass incomplete short left to #28 K.Shields-Dutton thrown to Con45 broken up by #92 S.Wright,-0.8772679222659558,2025-11-22T22:45:37.000Z
401757175,40175717531,401757175697,18,10,Florida Atlantic,American Athletic,31,UConn,FBS Independents,34,Florida Atlantic,UConn,4,"{'minutes': 14, 'seconds': 47}",3,3,59,41,2,10,9,False,Rush,(14:51) No Huddle-Shotgun #28 K.Shields-Dutton rush middle for 9 yards gain to the Con32 (#6 B.Parham),0.8728508949825518,2025-11-22T22:46:06.000Z
401757175,40175717531,401757175701,18,11,Florida Atlantic,American Athletic,31,UConn,FBS Independents,34,Florida Atlantic,UConn,4,"{'minutes': 14, 'seconds': 15}",3,3,68,32,3,1,3,False,Rush,"(14:22) No Huddle-Shotgun #28 K.Shields-Dutton rush right for 3 yards gain to the Con29 (#32 O.Diomande), 1ST DOWN",0.4566354685818115,2025-11-22T22:47:54.000Z
401757175,40175717531,401757175705,18,12,Florida Atlantic,American Athletic,31,UConn,FBS Independents,34,Florida Atlantic,UConn,4,"{'minutes': 13, 'seconds': 43}",3,3,71,29,1,10,0,False,Fumble Recovery (Opponent),"(13:43) No Huddle-Shotgun #28 K.Shields-Dutton rush middle for 0 yards to the Con29 fumbled by #28 K.Shields-Dutton at Con31 recovered by Con #89 T.Jones at Con29 #89 T.Jones return 0 yards to the Con29, End Of Play",-4.211698815401888,2025-11-22T22:48:38.000Z
401762519,40176251929,401762519792,20,4,East Carolina,American Athletic,42,Florida Atlantic,American Athletic,3,Florida Atlantic,East Carolina,4,"{'minutes': 10, 'seconds': 39}",3,2,76,76,4,5,0,False,Punt,"#0 M.Wright Jr. punt 21 yards to the ECU45, out of bounds at ECU45",,2025-11-29T19:52:25.000Z
401762519,40176251929,401762519778,20,1,East Carolina,American Athletic,42,Florida Atlantic,American Athletic,3,Florida Atlantic,East Carolina,4,"{'minutes': 12, 'seconds': 19}",3,2,81,81,1,10,5,False,Rush,Shotgun #5 P.Jenkins rush left for 5 yards gain to the ECU24 (#9 N.Barber; #10 E.Brantley Jr),0.0837442926407759,2025-11-29T19:47:08.000Z
401762519,40176251929,401762519782,20,2,East Carolina,American Athletic,42,Florida Atlantic,American Athletic,3,Florida Atlantic,East Carolina,4,"{'minutes': 12, 'seconds': 19}",3,2,76,76,2,5,-3,False,Rush,Shotgun #0 K.Pearson rush middle for 3 yards loss to the ECU21 (#23 D.Allen),-0.7787995594539066,2025-11-29T19:47:32.000Z
401762519,40176251929,401762519786,20,3,East Carolina,American Athletic,42,Florida Atlantic,American Athletic,3,Florida Atlantic,East Carolina,4,"{'minutes': 12, 'seconds': 19}",3,2,79,79,3,8,3,False,Rush,"Shotgun #0 K.Pearson rush left for 3 yards gain to the ECU24, out of bounds at ECU24",-0.06853651557647655,2025-11-29T19:51:29.000Z
401762519,40176251930,401762519800,21,1,Florida Atlantic,American Athletic,3,East Carolina,American Athletic,42,Florida Atlantic,East Carolina,4,"{'minutes': 10, 'seconds': 39}",2,3,55,45,1,10,11,False,Pass Reception,"No Huddle-Shotgun #7 Z.Gibson pass complete short left to #23 G.Sands caught at ECU47, for 11 yards to the ECU34 (#39 A.Ross), out of bounds, 1ST DOWN",0.539787924153398,2025-11-29T19:53:27.000Z
401762519,40176251930,401762519805,21,2,Florida Atlantic,American Athletic,3,East Carolina,American Athletic,42,Florida Atlantic,East Carolina,4,"{'minutes': 10, 'seconds': 39}",2,3,66,34,1,10,6,False,Rush,No Huddle-Shotgun #23 G.Sands rush middle for 6 yards gain to the ECU28 (#25 N.Holmes),0.228690499805612,2025-11-29T19:53:44.000Z
401762519,40176251930,401762519809,21,3,Florida Atlantic,American Athletic,3,East Carolina,American Athletic,42,Florida Atlantic,East Carolina,4,"{'minutes': 10, 'seconds': 39}",2,3,72,28,2,4,0,False,Rush,No Huddle-Shotgun #23 G.Sands rush left for 0 yards to the ECU28 (#7 S.Dankah; #8 J.Robinson),-0.6711891564291486,2025-11-29T19:53:56.000Z
401762519,40176251930,401762519813,21,4,Florida Atlantic,American Athletic,3,East Carolina,American Athletic,42,Florida Atlantic,East Carolina,4,"{'minutes': 10, 'seconds': 39}",2,3,72,28,3,4,6,False,Rush,"No Huddle-Shotgun #23 G.Sands rush middle for 6 yards gain to the ECU22 (#4 K.Merrell; #13 A.Duncanson), 1ST DOWN",0.7316020508887466,2025-11-29T19:54:35.000Z
401762519,40176251930,401762519817,21,5,Florida Atlantic,American Athletic,3,East Carolina,American Athletic,42,Florida Atlantic,East Carolina,4,"{'minutes': 10, 'seconds': 39}",2,3,78,22,1,10,4,False,Pass Reception,"No Huddle-Shotgun #7 Z.Gibson pass complete short left to #5 J.Smith Jr. caught at ECU24, for 4 yards to the ECU18 (#4 K.Merrell)",-0.029486254339333,2025-11-29T19:55:04.000Z
401762519,40176251930,401762519822,21,6,Florida Atlantic,American Athletic,3,East Carolina,American Athletic,42,Florida Atlantic,East Carolina,4,"{'minutes': 10, 'seconds': 39}",2,3,82,18,2,6,3,False,Rush,No Huddle-Shotgun #28 K.Shields-Dutton rush left for 3 yards gain to the ECU15 (#54 Z.Wilson; #28 L.Paulk),-0.133952767390864,2025-11-29T19:55:41.000Z
401762519,40176251930,401762519826,21,7,Florida Atlantic,American Athletic,3,East Carolina,American Athletic,42,Florida Atlantic,East Carolina,4,"{'minutes': 7, 'seconds': 19}",2,3,85,15,3,3,0,False,Interception,"No Huddle-Shotgun #7 Z.Gibson pass intercepted by #39 A.Ross at ECU00, Touchback",-4.188938211621343,2025-11-29T19:56:21.000Z
401762519,40176251931,401762519831,22,1,East Carolina,American Athletic,42,Florida Atlantic,American Athletic,3,Florida Atlantic,East Carolina,4,"{'minutes': 7, 'seconds': 19}",3,2,80,80,1,10,10,False,Penalty,"PENALTY ECU UNS: Unsportsmanlike Conduct (#39 A.Ross) 10 yards from ECU20 to ECU10. NO PLAY. The previous play is under automatic review - ""Interception"". CALL UPHELD",,
401762519,40176251931,401762519856,22,7,East Carolina,American Athletic,42,Florida Atlantic,American Athletic,3,Florida Atlantic,East Carolina,4,"{'minutes': 4, 'seconds': 30}",2,2,61,61,2,14,0,False,Timeout,"Timeout East Carolina, clock 04:30",,2025-11-29T20:01:20.000Z
401762519,40176251931,401762519859,22,8,East Carolina,American Athletic,42,Florida Atlantic,American Athletic,3,Florida Atlantic,East Carolina,4,"{'minutes': 3, 'seconds': 39}",2,2,63,63,4,16,0,False,Punt,#48 T.O'Halloran punt 44 yards to the FAU19 fair catch by #0 A.Waseem at FAU19,,2025-11-29T20:03:02.000Z
401762519,40176251931,401762519838,22,2,East Carolina,American Athletic,42,Florida Atlantic,American Athletic,3,Florida Atlantic,East Carolina,4,"{'minutes': 7, 'seconds': 19}",3,2,90,90,2,20,16,False,Rush,"Shotgun #21 M.Gunn Jr. rush left for 16 yards gain to the ECU26 (#2 W.Denaud), 1ST DOWN",0.5238225830685792,2025-11-29T19:58:24.000Z
401762519,40176251931,401762519842,22,3,East Carolina,American Athletic,42,Florida Atlantic,American Athletic,3,Florida Atlantic,East Carolina,4,"{'minutes': 7, 'seconds': 19}",3,2,74,74,3,4,17,False,Rush,"Shotgun #21 M.Gunn Jr. rush left for 17 yards gain to the ECU43 (#18 Z.Paret), 1ST DOWN",2.343579065866754,2025-11-29T19:59:08.000Z
401762519,40176251931,401762519846,22,4,East Carolina,American Athletic,42,Florida Atlantic,American Athletic,3,Florida Atlantic,East Carolina,4,"{'minutes': 7, 'seconds': 19}",3,2,57,57,1,10,-4,False,Rush,"Shotgun #0 M.Wright Jr. rush right for 4 yards loss to the ECU39, End Of Play",-1.90266307689501,2025-11-29T19:59:42.000Z
401762519,40176251931,401762519850,22,5,East Carolina,American Athletic,42,Florida Atlantic,American Athletic,3,Florida Atlantic,East Carolina,4,"{'minutes': 7, 'seconds': 19}",3,2,61,61,2,14,1,False,Rush,Shotgun #5 P.Jenkins rush middle for 1 yard gain to the ECU40 (#2 W.Denaud; #10 E.Brantley Jr),-0.45348460528751394,2025-11-29T20:00:18.000Z
401762519,40176251931,401762519854,22,6,East Carolina,American Athletic,42,Florida Atlantic,American Athletic,3,Florida Atlantic,East Carolina,4,"{'minutes': 4, 'seconds': 30}",3,2,60,60,3,13,-3,False,Rush,"Shotgun #0 M.Wright Jr. rush right for 3 yards loss to the ECU37, End Of Play",-0.4270947936724703,2025-11-29T20:02:20.000Z
401762519,40176251931,401762519898,22,9,East Carolina,American Athletic,42,Florida Atlantic,American Athletic,3,Florida Atlantic,East Carolina,4,"{'minutes': 2, 'seconds': 0}",2,2,90,90,1,10,0,False,Pass Incompletion,Shotgun #0 M.Wright Jr. pass incomplete deep right to #21 M.Gunn Jr. thrown to FAU43 broken up by #27 T.Reid,-0.34929852451643395,2025-11-29T20:10:19.000Z
401762519,40176251932,401762519883,23,6,Florida Atlantic,American Athletic,3,East Carolina,American Athletic,42,Florida Atlantic,East Carolina,4,"{'minutes': 3, 'seconds': 39}",2,2,32,68,4,7,5,False,Penalty,No Huddle-Shotgun #7 Z.Gibson pass incomplete deep right to #14 J.Card thrown to ECU39 PENALTY ECU Offside 5 yards from FAU32 to FAU37. NO PLAY,,2025-11-29T20:07:29.000Z
401762519,40176251932,401762519889,23,7,Florida Atlantic,American Athletic,3,East Carolina,American Athletic,42,Florida Atlantic,East Carolina,4,"{'minutes': 3, 'seconds': 39}",2,2,37,63,4,2,15,False,Penalty,"PENALTY ECU UNS: Unsportsmanlike Conduct (#39 A.Ross) 15 yards from FAU37 to ECU48, 1ST DOWN. NO PLAY",,2025-11-29T20:07:43.000Z
401762519,40176251932,401762519897,23,10,Florida Atlantic,American Athletic,3,East Carolina,American Athletic,42,Florida Atlantic,East Carolina,4,"{'minutes': 2, 'seconds': 0}",1,2,52,48,1,10,0,False,Timeout,"Timeout Florida Atlantic, clock 02:00",,2025-11-29T20:08:16.000Z
401762519,40176251932,401762519863,23,1,Florida Atlantic,American Athletic,3,East Carolina,American Athletic,42,Florida Atlantic,East Carolina,4,"{'minutes': 3, 'seconds': 39}",2,2,19,81,1,10,9,False,Pass Reception,"No Huddle-Shotgun #7 Z.Gibson pass complete short right to #89 M.Kirch caught at FAU20, for 9 yards to the FAU28 (#23 J.Benton)",1.0829013043177111,2025-11-29T20:03:51.000Z
401762519,40176251932,401762519868,23,2,Florida Atlantic,American Athletic,3,East Carolina,American Athletic,42,Florida Atlantic,East Carolina,4,"{'minutes': 3, 'seconds': 39}",2,2,28,72,2,1,1,False,Rush,"No Huddle-Shotgun #20 J.Harriott rush middle for 1 yard gain to the FAU29 (#51 E.Powell), 1ST DOWN",-0.4198986560698792,2025-11-29T20:04:21.000Z
401762519,40176251932,401762519872,23,3,Florida Atlantic,American Athletic,3,East Carolina,American Athletic,42,Florida Atlantic,East Carolina,4,"{'minutes': 3, 'seconds': 39}",2,2,29,71,1,10,0,False,Pass Incompletion,No Huddle-Shotgun #7 Z.Gibson pass incomplete short middle to #20 J.Harriott thrown to FAU35,-0.8305196050291288,2025-11-29T20:04:41.000Z
401762519,40176251932,401762519875,23,4,Florida Atlantic,American Athletic,3,East Carolina,American Athletic,42,Florida Atlantic,East Carolina,4,"{'minutes': 3, 'seconds': 39}",2,2,29,71,2,10,3,False,Pass Reception,"No Huddle-Shotgun #7 Z.Gibson pass complete short left to #0 A.Waseem caught at FAU33, for 3 yards to the FAU32 (#13 A.Duncanson)",-0.19071028959338143,2025-11-29T20:05:12.000Z
401762519,40176251932,401762519880,23,5,Florida Atlantic,American Athletic,3,East Carolina,American Athletic,42,Florida Atlantic,East Carolina,4,"{'minutes': 3, 'seconds': 39}",2,2,32,68,3,7,0,False,Pass Incompletion,No Huddle-Shotgun #7 Z.Gibson pass incomplete short middle to #19 B.Hoch thrown to FAU40 broken up by #31 D.Horsley,-0.337154854011259,2025-11-29T20:05:47.000Z
401762519,40176251932,401762519892,23,8,Florida Atlantic,American Athletic,3,East Carolina,American Athletic,42,Florida Atlantic,East Carolina,4,"{'minutes': 3, 'seconds': 39}",2,2,52,48,1,10,0,False,Pass Incompletion,No Huddle-Shotgun #7 Z.Gibson pass incomplete short right to #20 J.Harriott thrown to ECU50,-1.0742999147475647,2025-11-29T20:07:54.000Z
401762519,40176251932,401762519895,23,9,Florida Atlantic,American Athletic,3,East Carolina,American Athletic,42,Florida Atlantic,East Carolina,4,"{'minutes': 2, 'seconds': 0}",2,2,52,48,2,10,10,False,Pass Reception,"No Huddle-Shotgun #7 Z.Gibson pass complete short middle to #23 G.Sands caught at ECU44, for 10 yards to the ECU38 (#31 D.Horsley), out of bounds, 1ST DOWN",1.6659411024423336,2025-11-29T20:11:00.000Z
401762519,40176251932,401762519904,23,11,Florida Atlantic,American Athletic,3,East Carolina,American Athletic,42,Florida Atlantic,East Carolina,4,"{'minutes': 2, 'seconds': 0}",1,2,62,38,1,10,2,False,Pass Reception,"No Huddle-Shotgun #7 Z.Gibson pass complete short left to #23 G.Sands caught at ECU37, for 2 yards to the ECU36 (#92 D.Worthen)",-0.4188055231076804,2025-11-29T20:11:21.000Z
401762519,40176251932,401762519909,23,12,Florida Atlantic,American Athletic,3,East Carolina,American Athletic,42,Florida Atlantic,East Carolina,4,"{'minutes': 2, 'seconds': 0}",1,2,64,36,2,8,0,False,Pass Incompletion,No Huddle-Shotgun #7 Z.Gibson pass incomplete short right thrown to ECU36 QB hurried by #98 T.Brazell,-0.9143934634314963,2025-11-29T20:12:35.000Z
401762519,40176251932,401762519914,23,13,Florida Atlantic,American Athletic,3,East Carolina,American Athletic,42,Florida Atlantic,East Carolina,4,"{'minutes': 2, 'seconds': 0}",1,2,64,36,3,8,2,False,Pass Reception,"No Huddle-Shotgun #7 Z.Gibson pass complete short left to #23 G.Sands caught at ECU35, for 2 yards to the ECU34, out of bounds at ECU34",-0.6040331322312831,2025-11-29T20:13:24.000Z
401762519,40176251932,401762519919,23,14,Florida Atlantic,American Athletic,3,East Carolina,American Athletic,42,Florida Atlantic,East Carolina,4,"{'minutes': 1, 'seconds': 11}",1,2,66,34,4,6,0,False,Pass Incompletion,"No Huddle-Shotgun #7 Z.Gibson pass incomplete short middle to #88 J.Coolman thrown to ECU29, TURNOVER ON DOWNS",-1.9681752326443522,2025-11-29T20:14:08.000Z
401762519,40176251933,401762519931,24,3,East Carolina,American Athletic,42,Florida Atlantic,American Athletic,3,Florida Atlantic,East Carolina,4,"{'minutes': 0, 'seconds': 0}",2,1,67,67,2,11,67,False,End of Game,End of 4th quarter.,,2025-11-29T20:15:42.000Z
401762519,40176251933,401762519926,24,2,East Carolina,American Athletic,42,Florida Atlantic,American Athletic,3,Florida Atlantic,East Carolina,4,"{'minutes': 0, 'seconds': 30}",2,1,67,67,2,11,0,False,Rush,Kneel down by East Carolina at ECU33 for loss of 0 yards,-0.49594830416759533,
401762519,40176251933,401762519923,24,1,East Carolina,American Athletic,42,Florida Atlantic,American Athletic,3,Florida Atlantic,East Carolina,4,"{'minutes': 1, 'seconds': 11}",2,1,66,66,1,10,-1,False,Rush,Kneel down by East Carolina at ECU33 for loss of 1 yard,-1.140315983000674,2025-11-29T20:15:11.000Z
401762519,4017625192,4017625193,1,1,Florida Atlantic,American Athletic,0,East Carolina,American Athletic,0,Florida Atlantic,East Carolina,1,"{'minutes': 15, 'seconds': 0}",3,3,35,65,1,10,0,False,Kickoff,"(15:00) #42 A.Nelms kickoff 65 yards to the ECU00, Touchback",,2025-11-29T17:01:01.000Z
401762519,4017625192,40176251912,1,2,East Carolina,American Athletic,0,Florida Atlantic,American Athletic,0,Florida Atlantic,East Carolina,1,"{'minutes': 14, 'seconds': 48}",3,3,75,75,1,10,5,False,Rush,(14:53) No Huddle-Shotgun #4 K.Houser rush middle for 5 yards gain to the ECU30 (#6 L.Hart Jr.; #7 B.Langston),0.0945451165334843,2025-11-29T17:03:55.000Z
401762519,4017625192,40176251916,1,3,East Carolina,American Athletic,0,Florida Atlantic,American Athletic,0,Florida Atlantic,East Carolina,1,"{'minutes': 14, 'seconds': 32}",3,3,70,70,2,5,2,False,Rush,(14:35) No Huddle-Shotgun #7 L.Montgomery rush middle for 2 yards gain to the ECU32 (#7 B.Langston),-0.4836992576486355,2025-11-29T17:04:13.000Z
401762519,4017625192,40176251920,1,4,East Carolina,American Athletic,0,Florida Atlantic,American Athletic,0,Florida Atlantic,East Carolina,1,"{'minutes': 14, 'seconds': 12}",3,3,68,68,3,3,4,False,Rush,"(14:16) No Huddle-Shotgun #4 K.Houser rush middle for 4 yards gain to the ECU36 (#6 L.Hart Jr.), 1ST DOWN",1.3197166530611417,2025-11-29T17:04:32.000Z
401762519,4017625192,40176251924,1,5,East Carolina,American Athletic,0,Florida Atlantic,American Athletic,0,Florida Atlantic,East Carolina,1,"{'minutes': 14, 'seconds': 0}",3,3,64,64,1,10,0,False,Pass Incompletion,(14:00) No Huddle-Shotgun #4 K.Houser pass incomplete deep left to #9 A.Smith thrown to FAU25 broken up by #27 T.Reid,-1.041155320344064,2025-11-29T17:04:53.000Z
401762519,4017625192,40176251927,1,6,East Carolina,American Athletic,0,Florida Atlantic,American Athletic,0,Florida Atlantic,East Carolina,1,"{'minutes': 13, 'seconds': 52}",3,3,64,64,2,10,5,False,Rush,(13:53) No Huddle-Shotgun #7 L.Montgomery rush middle for 5 yards gain to the ECU41 (#44 T.Stolsky),0.060625014314497,2025-11-29T17:05:14.000Z
401762519,4017625192,40176251931,1,7,East Carolina,American Athletic,0,Florida Atlantic,American Athletic,0,Florida Atlantic,East Carolina,1,"{'minutes': 13, 'seconds': 9}",3,3,59,59,3,5,9,False,Pass Reception,"(13:16) No Huddle-Shotgun #4 K.Houser pass complete short middle to #9 A.Smith caught at ECU50, for 9 yards to the ECU50 (#20 C.Keys Jr.), 1ST DOWN",2.286310981683525,2025-11-29T17:05:54.000Z
401762519,4017625192,40176251936,1,8,East Carolina,American Athletic,0,Florida Atlantic,American Athletic,0,Florida Atlantic,East Carolina,1,"{'minutes': 12, 'seconds': 55}",3,3,50,50,1,10,16,False,Pass Reception,"(12:55) No Huddle-Shotgun #4 K.Houser pass complete short middle to #6 D.Riles caught at FAU37, for 16 yards to the FAU34 (#4 D.Williams; #44 T.Stolsky), 1ST DOWN",0.904685771207703,2025-11-29T17:06:13.000Z
401762519,4017625192,40176251941,1,9,East Carolina,American Athletic,0,Florida Atlantic,American Athletic,0,Florida Atlantic,East Carolina,1,"{'minutes': 12, 'seconds': 30}",3,3,34,34,1,10,3,False,Rush,(12:33) No Huddle-Shotgun #7 L.Montgomery rush middle for 3 yards gain to the FAU31 (#44 T.Stolsky; #96 J.Roberts),-0.2066800678483923,2025-11-29T17:07:04.000Z
401762519,4017625192,40176251945,1,10,East Carolina,American Athletic,0,Florida Atlantic,American Athletic,0,Florida Atlantic,East Carolina,1,"{'minutes': 11, 'seconds': 50}",3,3,31,31,2,7,7,False,Rush,"(11:52) No Huddle-Shotgun #21 M.Gunn Jr. rush left for 7 yards gain to the FAU24 (#27 T.Reid; #96 J.Roberts), 1ST DOWN",0.4619682801550873,2025-11-29T17:07:44.000Z
401762519,4017625192,40176251949,1,11,East Carolina,American Athletic,0,Florida Atlantic,American Athletic,0,Florida Atlantic,East Carolina,1,"{'minutes': 11, 'seconds': 23}",3,3,24,24,1,10,8,False,Rush,(11:28) No Huddle-Shotgun #21 M.Gunn Jr. rush left for 8 yards gain to the FAU16 (#4 D.Williams; #96 J.Roberts),0.473141035171443,2025-11-29T17:08:11.000Z
401762519,4017625192,40176251954,1,12,East Carolina,American Athletic,0,Florida Atlantic,American Athletic,0,Florida Atlantic,East Carolina,1,"{'minutes': 10, 'seconds': 59}",3,3,16,16,2,2,9,False,Rush,"(10:58) No Huddle-Shotgun #4 K.Houser rush right for 9 yards gain to the FAU07 (#20 C.Keys Jr.; #0 W.Philord), 1ST DOWN. #0 W.Philord, #20 C.Keys Jr. injured on the play",0.011542283108321,2025-11-29T17:08:38.000Z
401762519,4017625192,40176251959,1,13,East Carolina,American Athletic,0,Florida Atlantic,American Athletic,0,Florida Atlantic,East Carolina,1,"{'minutes': 10, 'seconds': 42}",3,3,7,7,1,7,6,False,Rush,(10:44) No Huddle-Shotgun #21 M.Gunn Jr. rush middle for 6 yards gain to the FAU01 (#6 L.Hart Jr.),0.296402392854205,2025-11-29T17:12:42.000Z
401762519,4017625192,40176251963,1,14,East Carolina,American Athletic,7,Florida Atlantic,American Athletic,0,Florida Atlantic,East Carolina,1,"{'minutes': 10, 'seconds': 27}",3,3,1,1,2,1,1,True,Rushing Touchdown,"(10:27) No Huddle-Shotgun #21 M.Gunn Jr. rush middle for 1 yard gain to the FAU00 TOUCHDOWN, clock 10:27 #30 N.Mazzie kick attempt good (H: #37 R.Leavy, LS: #85 T.O'Brien)",1.900352237473006,2025-11-29T17:13:03.000Z
401762519,4017625194,40176251970,2,1,East Carolina,American Athletic,7,Florida Atlantic,American Athletic,0,Florida Atlantic,East Carolina,1,"{'minutes': 10, 'seconds': 27}",3,3,65,65,1,10,0,False,Kickoff,"(10:27) #95 A.Conrad kickoff 65 yards to the FAU00, Touchback",,2025-11-29T17:14:01.000Z
401762519,4017625194,40176251973,2,2,Florida Atlantic,American Athletic,0,East Carolina,American Athletic,7,Florida Atlantic,East Carolina,1,"{'minutes': 10, 'seconds': 19}",3,3,25,75,1,10,2,False,Fumble Recovery (Opponent),"(10:19) No Huddle-Shotgun #10 C.Veltkamp pass complete short left to #8 E.Messer caught at FAU23, for 2 yards to the FAU27 fumbled by #8 E.Messer at FAU27 forced by #15 J.Lowery recovered by ECU #8 J.Robinson at FAU27, End Of Play",-0.9222448802786785,2025-11-29T17:15:44.000Z
401762519,4017625195,40176251981,3,1,East Carolina,American Athletic,14,Florida Atlantic,American Athletic,0,Florida Atlantic,East Carolina,1,"{'minutes': 10, 'seconds': 10}",3,3,27,27,1,10,27,True,Pass Reception,"(10:10) No Huddle-Shotgun #4 K.Houser pass complete short right to #6 D.Riles caught at FAU30, for 27 yards to the FAU00 TOUCHDOWN, clock 10:10, 1ST DOWN #30 N.Mazzie kick attempt good (H: #37 R.Leavy, LS: #85 T.O'Brien)",2.741280841391486,2025-11-29T17:16:45.000Z
401762519,4017625197,40176251989,4,1,East Carolina,American Athletic,14,Florida Atlantic,American Athletic,0,Florida Atlantic,East Carolina,1,"{'minutes': 10, 'seconds': 10}",3,3,65,65,1,10,0,False,Kickoff,"(10:10) #95 A.Conrad kickoff 65 yards to the FAU00, Touchback",,2025-11-29T17:17:25.000Z
401762519,4017625197,401762519106,4,6,Florida Atlantic,American Athletic,0,East Carolina,American Athletic,14,Florida Atlantic,East Carolina,1,"{'minutes': 9, 'seconds': 18}",3,3,36,64,4,10,0,False,Punt,(09:20) #19 L.Lupo punt 48 yards to the ECU16 fair catch by #19 P.Mangrum at ECU16,,2025-11-29T17:23:39.000Z
401762519,4017625197,40176251992,4,2,Florida Atlantic,American Athletic,0,East Carolina,American Athletic,14,Florida Atlantic,East Carolina,1,"{'minutes': 9, 'seconds': 56}",3,3,25,75,1,10,11,False,Pass Reception,"(10:06) No Huddle-Shotgun #10 C.Veltkamp pass complete short left to #9 D.Henry caught at FAU34, for 11 yards to the FAU36 (#3 T.Wilk; #11 D.Johnson Jr.), 1ST DOWN",0.9305625119459905,2025-11-29T17:21:14.000Z
401762519,4017625197,40176251997,4,3,Florida Atlantic,American Athletic,0,East Carolina,American Athletic,14,Florida Atlantic,East Carolina,1,"{'minutes': 9, 'seconds': 36}",3,3,36,64,1,10,0,False,Pass Incompletion,(09:38) No Huddle-Shotgun #10 C.Veltkamp pass incomplete short middle to #28 K.Shields-Dutton thrown to FAU40 broken up by #10 D.Wilson,-1.041155320344064,2025-11-29T17:21:45.000Z
401762519,4017625197,401762519100,4,4,Florida Atlantic,American Athletic,0,East Carolina,American Athletic,14,Florida Atlantic,East Carolina,1,"{'minutes': 9, 'seconds': 27}",3,3,36,64,2,10,0,False,Pass Incompletion,(09:30) No Huddle-Shotgun #10 C.Veltkamp pass incomplete short right to #0 A.Waseem thrown to FAU36,-0.6310378338259923,2025-11-29T17:22:21.000Z
401762519,4017625197,401762519103,4,5,Florida Atlantic,American Athletic,0,East Carolina,American Athletic,14,Florida Atlantic,East Carolina,1,"{'minutes': 9, 'seconds': 26}",3,3,36,64,3,10,0,False,Pass Incompletion,(09:23) No Huddle-Shotgun #10 C.Veltkamp pass incomplete short right to #3 J.Platt thrown to FAU40,-0.32221199814427326,2025-11-29T17:23:02.000Z
401762519,4017625198,401762519110,5,1,East Carolina,American Athletic,14,Florida Atlantic,American Athletic,0,Florida Atlantic,East Carolina,1,"{'minutes': 9, 'seconds': 5}",3,3,84,84,1,10,1,False,Rush,(09:18) No Huddle-Shotgun #5 P.Jenkins rush right for 1 yard gain to the ECU17 (#7 B.Langston),-0.3882045720730636,2025-11-29T17:26:52.000Z
401762519,4017625198,401762519114,5,2,East Carolina,American Athletic,14,Florida Atlantic,American Athletic,0,Florida Atlantic,East Carolina,1,"{'minutes': 8, 'seconds': 46}",3,3,83,83,2,9,7,False,Rush,(08:49) No Huddle-Shotgun #5 P.Jenkins rush left for 7 yards gain to the ECU24 (#27 T.Reid),0.25511656212544676,2025-11-29T17:27:14.000Z
401762519,4017625198,401762519118,5,3,East Carolina,American Athletic,14,Florida Atlantic,American Athletic,0,Florida Atlantic,East Carolina,1,"{'minutes': 8, 'seconds': 28}",3,3,76,76,3,2,5,False,Rush,"(08:33) No Huddle-Shotgun #0 M.Wright Jr. rush right for 5 yards gain to the ECU29, out of bounds at ECU29, 1ST DOWN",0.9368404643963268,2025-11-29T17:27:35.000Z
401762519,4017625198,401762519122,5,4,East Carolina,American Athletic,14,Florida Atlantic,American Athletic,0,Florida Atlantic,East Carolina,1,"{'minutes': 8, 'seconds': 2}",3,3,71,71,1,10,46,False,Pass Reception,"(08:13) No Huddle-Shotgun #4 K.Houser pass complete short left to #19 P.Mangrum caught at ECU44, for 46 yards to the FAU25 (#27 T.Reid), 1ST DOWN",3.075532510488907,2025-11-29T17:27:55.000Z
401762519,4017625198,401762519127,5,5,East Carolina,American Athletic,14,Florida Atlantic,American Athletic,0,Florida Atlantic,East Carolina,1,"{'minutes': 7, 'seconds': 26}",3,3,25,25,1,10,3,False,Rush,(07:29) No Huddle-Shotgun #5 P.Jenkins rush middle for 3 yards gain to the FAU22 (#27 T.Reid),-0.1408898471373875,2025-11-29T17:28:39.000Z
401762519,4017625198,401762519131,5,6,East Carolina,American Athletic,21,Florida Atlantic,American Athletic,0,Florida Atlantic,East Carolina,1,"{'minutes': 7, 'seconds': 4}",3,3,22,22,2,7,22,True,Pass Reception,"(07:02) No Huddle-Shotgun #4 K.Houser pass complete short right to #10 B.Spalding caught at FAU07, for 22 yards to the FAU00 TOUCHDOWN, clock 07:04, 1ST DOWN #30 N.Mazzie kick attempt good (H: #37 R.Leavy, LS: #85 T.O'Brien)",2.840974209403445,2025-11-29T17:29:07.000Z
401762519,40176251910,401762519141,6,1,East Carolina,American Athletic,21,Florida Atlantic,American Athletic,0,Florida Atlantic,East Carolina,1,"{'minutes': 7, 'seconds': 4}",3,3,65,65,1,10,0,False,Kickoff,"(07:04) #95 A.Conrad kickoff 65 yards to the FAU00, Touchback",,2025-11-29T17:30:10.000Z
401762519,40176251910,401762519149,6,3,Florida Atlantic,American Athletic,0,East Carolina,American Athletic,21,Florida Atlantic,East Carolina,1,"{'minutes': 6, 'seconds': 42}",3,3,23,77,2,12,77,False,Penalty,"(06:42) No Huddle-Shotgun #10 C.Veltkamp pass incomplete short left to #9 D.Henry thrown to FAU31 PENALTY ECU Pass Interference (#2 J.Riddle) 9 yards from FAU23 to FAU32, 1ST DOWN",,2025-11-29T17:32:09.000Z
401762519,40176251910,401762519173,6,9,Florida Atlantic,American Athletic,0,East Carolina,American Athletic,21,Florida Atlantic,East Carolina,1,"{'minutes': 4, 'seconds': 11}",3,3,36,64,4,16,0,False,Punt,(04:16) #19 L.Lupo punt 61 yards to the ECU03,,2025-11-29T17:35:03.000Z
401762519,40176251910,401762519144,6,2,Florida Atlantic,American Athletic,0,East Carolina,American Athletic,21,Florida Atlantic,East Carolina,1,"{'minutes': 6, 'seconds': 48}",3,3,25,75,1,10,-2,False,Pass Reception,"(06:56) No Huddle-Shotgun #10 C.Veltkamp pass complete short right to #8 E.Messer caught at FAU21, for 2 yards loss to the FAU23 (#4 K.Merrell)",-0.8852575132705454,2025-11-29T17:31:35.000Z
401762519,40176251910,401762519153,6,4,Florida Atlantic,American Athletic,0,East Carolina,American Athletic,21,Florida Atlantic,East Carolina,1,"{'minutes': 6, 'seconds': 15}",3,3,32,68,1,10,3,False,Rush,(06:17) No Huddle-Shotgun #23 G.Sands rush middle for 3 yards gain to the FAU35 (#54 Z.Wilson),-0.3783931239488095,2025-11-29T17:32:54.000Z
401762519,40176251910,401762519157,6,5,Florida Atlantic,American Athletic,0,East Carolina,American Athletic,21,Florida Atlantic,East Carolina,1,"{'minutes': 6, 'seconds': 5}",3,3,35,65,2,7,7,False,Rush,"(06:08) No Huddle-Shotgun #23 G.Sands rush right for 7 yards gain to the FAU42 (#4 K.Merrell), 1ST DOWN",1.3360006275513534,2025-11-29T17:33:03.000Z
401762519,40176251910,401762519161,6,6,Florida Atlantic,American Athletic,0,East Carolina,American Athletic,21,Florida Atlantic,East Carolina,1,"{'minutes': 5, 'seconds': 46}",3,3,42,58,1,10,0,False,Rush,(05:48) No Huddle-Shotgun #23 G.Sands rush middle for 0 yards to the FAU42 (#42 J.Davis),-1.1496266880203319,2025-11-29T17:33:23.000Z
401762519,40176251910,401762519165,6,7,Florida Atlantic,American Athletic,0,East Carolina,American Athletic,21,Florida Atlantic,East Carolina,1,"{'minutes': 5, 'seconds': 26}",3,3,42,58,2,10,-5,False,Sack,(05:28) No Huddle-Shotgun #10 C.Veltkamp sacked for loss of 5 yards to the FAU37 (#93 R.Roseborough),-1.3025899957897709,2025-11-29T17:33:43.000Z
401762519,40176251910,401762519169,6,8,Florida Atlantic,American Athletic,0,East Carolina,American Athletic,21,Florida Atlantic,East Carolina,1,"{'minutes': 4, 'seconds': 38}",3,3,37,63,3,15,-1,False,Sack,(04:41) No Huddle-Shotgun #10 C.Veltkamp sacked for loss of 1 yard to the FAU36 (#54 Z.Wilson),-0.24650327617266132,2025-11-29T17:34:30.000Z
401762519,40176251911,401762519189,7,4,East Carolina,American Athletic,21,Florida Atlantic,American Athletic,0,Florida Atlantic,East Carolina,1,"{'minutes': 3, 'seconds': 9}",3,3,82,82,2,10,5,False,Penalty,(03:09) No Huddle-Shotgun #4 K.Houser rush middle for 6 yards gain to the ECU24 (#22 L.Johnson) PENALTY ECU Illegal Formation 5 yards from ECU18 to ECU13. NO PLAY,,2025-11-29T17:37:39.000Z
401762519,40176251911,401762519202,7,7,East Carolina,American Athletic,21,Florida Atlantic,American Athletic,0,Florida Atlantic,East Carolina,1,"{'minutes': 2, 'seconds': 14}",3,3,83,83,4,11,60,False,Punt Return,"(02:26) #48 T.O'Halloran punt 53 yards to the FAU30 #8 E.Messer return 60 yards to the ECU10 (#3 K.Robinson), out of bounds. The previous play is under automatic review - ""Runner was out of bounds"". CALL UPHELD",,2025-11-29T17:39:36.000Z
401762519,40176251911,401762519177,7,1,East Carolina,American Athletic,21,Florida Atlantic,American Athletic,0,Florida Atlantic,East Carolina,1,"{'minutes': 4, 'seconds': 2}",3,3,97,97,1,10,4,False,Rush,(04:05) No Huddle-Shotgun #21 M.Gunn Jr. rush middle for 4 yards gain to the ECU07 (#6 L.Hart Jr.; #11 G.Marcelin),-0.030123301046684148,2025-11-29T17:35:53.000Z
401762519,40176251911,401762519181,7,2,East Carolina,American Athletic,21,Florida Atlantic,American Athletic,0,Florida Atlantic,East Carolina,1,"{'minutes': 3, 'seconds': 39}",3,3,93,93,2,6,11,False,Pass Reception,"(03:45) No Huddle-Shotgun #4 K.Houser pass complete short left to #6 D.Riles caught at ECU05, for 11 yards to the ECU18 (#23 D.Allen), 1ST DOWN",0.4993436134937346,2025-11-29T17:36:14.000Z
401762519,40176251911,401762519186,7,3,East Carolina,American Athletic,21,Florida Atlantic,American Athletic,0,Florida Atlantic,East Carolina,1,"{'minutes': 3, 'seconds': 16}",3,3,82,82,1,10,0,False,Pass Incompletion,(03:16) No Huddle-Shotgun #4 K.Houser pass incomplete deep left to #9 A.Smith thrown to FAU43 broken up by #27 T.Reid,-0.5080208698531008,2025-11-29T17:36:44.000Z
401762519,40176251911,401762519194,7,5,East Carolina,American Athletic,21,Florida Atlantic,American Athletic,0,Florida Atlantic,East Carolina,1,"{'minutes': 2, 'seconds': 56}",3,3,87,87,2,15,0,False,Pass Incompletion,(02:54) No Huddle-Shotgun #4 K.Houser pass incomplete short right to #1 Y.Smith thrown to ECU17 broken up by #22 L.Johnson,-0.09508768904296971,2025-11-29T17:38:13.000Z
401762519,40176251911,401762519197,7,6,East Carolina,American Athletic,21,Florida Atlantic,American Athletic,0,Florida Atlantic,East Carolina,1,"{'minutes': 2, 'seconds': 50}",3,3,87,87,3,15,4,False,Pass Reception,"(02:51) No Huddle-Shotgun #4 K.Houser pass complete short right to #10 B.Spalding caught at ECU10, for 4 yards to the ECU17 (#4 D.Williams), out of bounds",-0.00752795755054336,2025-11-29T17:38:55.000Z
401762519,40176251912,401762519223,8,4,Florida Atlantic,American Athletic,3,East Carolina,American Athletic,21,Florida Atlantic,East Carolina,1,"{'minutes': 1, 'seconds': 0}",3,3,85,15,4,15,33,True,Field Goal Good,"(01:00) #37 G.Smith field goal attempt from 33 yards GOOD (H: #19 L.Lupo, LS: #43 J.Lee), clock 01:00",,2025-11-29T17:44:00.000Z
401762519,40176251912,401762519212,8,1,Florida Atlantic,American Athletic,0,East Carolina,American Athletic,21,Florida Atlantic,East Carolina,1,"{'minutes': 2, 'seconds': 9}",3,3,90,10,1,10,0,False,Pass Incompletion,(02:09) No Huddle-Shotgun #10 C.Veltkamp pass incomplete short left to #5 J.Smith Jr. thrown to ECU00 broken up by #2 J.Riddle,-0.2853930592519426,2025-11-29T17:42:23.000Z
401762519,40176251912,401762519215,8,2,Florida Atlantic,American Athletic,0,East Carolina,American Athletic,21,Florida Atlantic,East Carolina,1,"{'minutes': 1, 'seconds': 57}",3,3,90,10,2,10,1,False,Rush,(02:03) No Huddle-Shotgun #28 K.Shields-Dutton rush middle for 1 yard gain to the ECU09 (#22 J.Jean),-0.2108927532308514,2025-11-29T17:42:53.000Z
401762519,40176251912,401762519219,8,3,Florida Atlantic,American Athletic,0,East Carolina,American Athletic,21,Florida Atlantic,East Carolina,1,"{'minutes': 1, 'seconds': 32}",3,3,91,9,3,9,-6,False,Sack,(01:35) No Huddle-Shotgun #10 C.Veltkamp sacked for loss of 6 yards to the ECU15 (#22 J.Jean),-1.266260050073388,2025-11-29T17:43:22.000Z
401762519,40176251914,401762519226,9,1,Florida Atlantic,American Athletic,3,East Carolina,American Athletic,21,Florida Atlantic,East Carolina,1,"{'minutes': 1, 'seconds': 0}",3,3,35,65,1,10,0,False,Kickoff,"(01:00) #42 A.Nelms kickoff 65 yards to the ECU00, Touchback",,2025-11-29T17:44:15.000Z
401762519,40176251914,401762519262,9,9,East Carolina,American Athletic,21,Florida Atlantic,American Athletic,3,Florida Atlantic,East Carolina,2,"{'minutes': 14, 'seconds': 6}",3,3,46,46,2,8,8,False,Penalty,(14:06) No Huddle-Shotgun #7 L.Montgomery rush middle for 1 yard gain to the FAU45 (#1 C.Doggette Jr.) PENALTY ECU Holding (#77 C.Trnavsky) 8 yards from FAU46 to ECU46. NO PLAY,,2025-11-29T17:52:22.000Z
401762519,40176251914,401762519229,9,2,East Carolina,American Athletic,21,Florida Atlantic,American Athletic,3,Florida Atlantic,East Carolina,1,"{'minutes': 0, 'seconds': 44}",3,3,75,75,1,10,7,False,Pass Reception,"(00:54) No Huddle-Shotgun #4 K.Houser pass complete short left to #10 B.Spalding caught at ECU23, for 7 yards to the ECU32, out of bounds at ECU32",0.604642460086338,2025-11-29T17:46:18.000Z
401762519,40176251914,401762519234,9,3,East Carolina,American Athletic,21,Florida Atlantic,American Athletic,3,Florida Atlantic,East Carolina,1,"{'minutes': 0, 'seconds': 31}",3,3,68,68,2,3,7,False,Rush,"(00:34) No Huddle-Shotgun #7 L.Montgomery rush middle for 7 yards gain to the ECU39 (#2 W.Denaud; #6 L.Hart Jr.), 1ST DOWN",0.6180966231701175,2025-11-29T17:46:36.000Z
401762519,40176251914,401762519238,9,4,East Carolina,American Athletic,21,Florida Atlantic,American Athletic,3,Florida Atlantic,East Carolina,1,"{'minutes': 0, 'seconds': 9}",3,3,61,61,1,10,9,False,Pass Reception,"(00:17) No Huddle-Shotgun #4 K.Houser pass complete short left to #6 D.Riles caught at ECU45, for 9 yards to the ECU48 (#44 T.Stolsky)",1.3542745326053647,2025-11-29T17:46:53.000Z
401762519,40176251914,401762519243,9,5,East Carolina,American Athletic,21,Florida Atlantic,American Athletic,3,Florida Atlantic,East Carolina,1,"{'minutes': 0, 'seconds': 9}",3,3,52,52,2,1,0,False,Pass Incompletion,(00:00) No Huddle-Shotgun #4 K.Houser pass incomplete short left to #10 B.Spalding thrown to FAU47,-1.4113338120086834,2025-11-29T17:47:18.000Z
401762519,40176251914,401762519248,9,6,East Carolina,American Athletic,21,Florida Atlantic,American Athletic,3,Florida Atlantic,East Carolina,1,"{'minutes': 0, 'seconds': 0}",3,3,52,52,2,1,0,False,End Period,End of 1st quarter.,-1.4113338120086834,2025-11-29T17:47:27.000Z
401762519,40176251914,401762519252,9,7,East Carolina,American Athletic,21,Florida Atlantic,American Athletic,3,Florida Atlantic,East Carolina,2,"{'minutes': 14, 'seconds': 51}",3,3,52,52,3,1,4,False,Rush,"(14:54) No Huddle-Shotgun #7 L.Montgomery rush middle for 4 yards gain to the FAU48 (#44 T.Stolsky), 1ST DOWN",1.2258414795882278,2025-11-29T17:51:25.000Z
401762519,40176251914,401762519258,9,8,East Carolina,American Athletic,21,Florida Atlantic,American Athletic,3,Florida Atlantic,East Carolina,2,"{'minutes': 14, 'seconds': 34}",3,3,48,48,1,10,2,False,Rush,(14:37) No Huddle-Shotgun #7 L.Montgomery rush middle for 2 yards gain to the FAU46 (#44 T.Stolsky),-0.6002320779981093,2025-11-29T17:51:42.000Z
401762519,40176251914,401762519267,9,10,East Carolina,American Athletic,21,Florida Atlantic,American Athletic,3,Florida Atlantic,East Carolina,2,"{'minutes': 13, 'seconds': 53}",3,3,54,54,2,16,6,False,Pass Reception,"(13:58) No Huddle-Shotgun #4 K.Houser pass complete short left to #6 D.Riles caught at ECU49, for 6 yards to the FAU48 (#18 Z.Paret; #6 L.Hart Jr.)",0.2359138912014682,2025-11-29T17:53:04.000Z
401762519,40176251914,401762519272,9,11,East Carolina,American Athletic,21,Florida Atlantic,American Athletic,3,Florida Atlantic,East Carolina,2,"{'minutes': 13, 'seconds': 1}",3,3,48,48,3,10,13,False,Pass Reception,"(13:10) No Huddle-Shotgun #4 K.Houser pass complete short right to #6 D.Riles caught at FAU35, for 13 yards to the FAU35 (#26 J.Sweeney), out of bounds, 1ST DOWN",2.838941619195396,2025-11-29T17:53:54.000Z
401762519,40176251914,401762519277,9,12,East Carolina,American Athletic,21,Florida Atlantic,American Athletic,3,Florida Atlantic,East Carolina,2,"{'minutes': 12, 'seconds': 45}",3,3,35,35,1,10,9,False,Rush,(12:48) No Huddle-Shotgun #7 L.Montgomery rush middle for 9 yards gain to the FAU26 (#44 T.Stolsky),0.750522367763128,2025-11-29T17:54:18.000Z
401762519,40176251914,401762519281,9,13,East Carolina,American Athletic,21,Florida Atlantic,American Athletic,3,Florida Atlantic,East Carolina,2,"{'minutes': 12, 'seconds': 32}",3,3,26,26,2,1,3,False,Rush,"(12:34) No Huddle-Shotgun #7 L.Montgomery rush middle for 3 yards gain to the FAU23 (#2 W.Denaud; #44 T.Stolsky), 1ST DOWN. #11 G.Marcelin injured on the play",-0.4419112620574005,2025-11-29T17:54:32.000Z
401762519,40176251914,401762519287,9,14,East Carolina,American Athletic,21,Florida Atlantic,American Athletic,3,Florida Atlantic,East Carolina,2,"{'minutes': 12, 'seconds': 4}",3,3,23,23,1,10,7,False,Pass Reception,"(12:11) No Huddle-Shotgun #4 K.Houser pass complete short left to #10 B.Spalding caught at FAU25, for 7 yards to the FAU16 (#22 L.Johnson)",0.3212971064456235,2025-11-29T17:57:58.000Z
401762519,40176251914,401762519292,9,15,East Carolina,American Athletic,21,Florida Atlantic,American Athletic,3,Florida Atlantic,East Carolina,2,"{'minutes': 11, 'seconds': 30}",3,3,16,16,2,3,9,False,Rush,"(11:33) No Huddle-Shotgun #21 M.Gunn Jr. rush right for 9 yards gain to the FAU07 (#27 T.Reid), 1ST DOWN",0.145925941298394,2025-11-29T17:58:36.000Z
401762519,40176251914,401762519296,9,16,East Carolina,American Athletic,21,Florida Atlantic,American Athletic,3,Florida Atlantic,East Carolina,2,"{'minutes': 11, 'seconds': 15}",3,3,7,7,1,7,3,False,Rush,(11:18) No Huddle-Shotgun #21 M.Gunn Jr. rush middle for 3 yards gain to the FAU04 (#44 T.Stolsky),-0.1371356101207495,2025-11-29T17:58:51.000Z
401762519,40176251914,401762519300,9,17,East Carolina,American Athletic,28,Florida Atlantic,American Athletic,3,Florida Atlantic,East Carolina,2,"{'minutes': 10, 'seconds': 54}",3,3,4,4,2,4,4,True,Rushing Touchdown,"(10:53) No Huddle-Shotgun #4 K.Houser rush left for 4 yards gain to the FAU00 TOUCHDOWN, clock 10:54 #30 N.Mazzie kick attempt good (H: #37 R.Leavy, LS: #85 T.O'Brien)",2.3338902404479605,2025-11-29T17:59:16.000Z
401762519,40176251916,401762519307,10,1,East Carolina,American Athletic,28,Florida Atlantic,American Athletic,3,Florida Atlantic,East Carolina,2,"{'minutes': 10, 'seconds': 54}",3,3,65,65,1,10,0,False,Kickoff,"(10:54) #95 A.Conrad kickoff 65 yards to the FAU00, Touchback",,2025-11-29T18:00:00.000Z
401762519,40176251916,401762519331,10,6,East Carolina,American Athletic,28,Florida Atlantic,American Athletic,3,Florida Atlantic,East Carolina,2,"{'minutes': 9, 'seconds': 20}",2,3,84,84,1,10,0,False,Timeout,"Timeout East Carolina, clock 09:20",,2025-11-29T18:05:31.000Z
401762519,40176251916,401762519329,10,7,Florida Atlantic,American Athletic,3,East Carolina,American Athletic,28,Florida Atlantic,East Carolina,2,"{'minutes': 9, 'seconds': 15}",3,2,90,10,2,4,10,False,Penalty,"(09:15) No Huddle-Shotgun #10 C.Veltkamp pass complete short left to #9 D.Henry caught at ECU05, for 5 yards to the ECU05 (#24 T.Brown) PENALTY FAU Holding (#73 A.Atcavage) 10 yards from ECU10 to ECU20. NO PLAY",,2025-11-29T18:09:00.000Z
401762519,40176251916,401762519336,10,8,Florida Atlantic,American Athletic,3,East Carolina,American Athletic,28,Florida Atlantic,East Carolina,2,"{'minutes': 8, 'seconds': 55}",3,2,80,20,2,14,5,False,Penalty,(08:55) No Huddle-Shotgun #10 C.Veltkamp pass incomplete short right to #3 J.Platt thrown to ECU15 PENALTY ECU Offside (#5 R.Craig) 5 yards from ECU20 to ECU15. NO PLAY,,2025-11-29T18:09:43.000Z
401762519,40176251916,401762519310,10,2,Florida Atlantic,American Athletic,3,East Carolina,American Athletic,28,Florida Atlantic,East Carolina,2,"{'minutes': 10, 'seconds': 43}",3,3,25,75,1,10,-1,False,Rush,(10:49) No Huddle-Shotgun #23 G.Sands rush middle for 1 yard loss to the FAU24 (#98 T.Brazell),-0.8014893508157099,2025-11-29T18:03:48.000Z
401762519,40176251916,401762519314,10,3,Florida Atlantic,American Athletic,3,East Carolina,American Athletic,28,Florida Atlantic,East Carolina,2,"{'minutes': 10, 'seconds': 4}",3,3,24,76,2,11,36,False,Pass Reception,"(10:19) No Huddle-Shotgun #10 C.Veltkamp pass complete deep middle to #3 J.Platt caught at ECU40, for 36 yards to the ECU40 (#24 T.Brown), 1ST DOWN",3.6901953265996905,2025-11-29T18:04:18.000Z
401762519,40176251916,401762519319,10,4,Florida Atlantic,American Athletic,3,East Carolina,American Athletic,28,Florida Atlantic,East Carolina,2,"{'minutes': 9, 'seconds': 49}",3,3,60,40,1,10,24,False,Pass Reception,"(09:54) No Huddle-Shotgun #10 C.Veltkamp pass complete short middle to #8 E.Messer caught at ECU25, for 24 yards to the ECU16 (#24 T.Brown), 1ST DOWN",0.6203264226449666,2025-11-29T18:04:43.000Z
401762519,40176251916,401762519324,10,5,Florida Atlantic,American Athletic,3,East Carolina,American Athletic,28,Florida Atlantic,East Carolina,2,"{'minutes': 9, 'seconds': 25}",3,3,84,16,1,10,6,False,Pass Reception,"(09:29) No Huddle-Shotgun #10 C.Veltkamp pass complete short right to #0 A.Waseem caught at ECU16, for 6 yards to the ECU10 (#4 K.Merrell; #22 J.Jean)",0.1820990038493714,2025-11-29T18:05:08.000Z
401762519,40176251916,401762519340,10,9,Florida Atlantic,American Athletic,3,East Carolina,American Athletic,28,Florida Atlantic,East Carolina,2,"{'minutes': 8, 'seconds': 51}",3,2,85,15,2,9,0,False,Pass Incompletion,(08:50) No Huddle-Shotgun #10 C.Veltkamp pass incomplete short right to #3 J.Platt thrown to ECU07,-0.357795042815253,2025-11-29T18:10:23.000Z
401762519,40176251916,401762519343,10,10,Florida Atlantic,American Athletic,3,East Carolina,American Athletic,28,Florida Atlantic,East Carolina,2,"{'minutes': 8, 'seconds': 39}",3,2,85,15,3,9,35,False,Pass Interception Return,"(08:44) No Huddle-Shotgun #10 C.Veltkamp pass intercepted by #3 T.Wilk at ECU04 #3 T.Wilk return 35 yards to the ECU39, out of bounds at ECU39",-3.815644357172239,2025-11-29T18:11:43.000Z
401762519,40176251917,401762519363,11,4,East Carolina,American Athletic,28,Florida Atlantic,American Athletic,3,Florida Atlantic,East Carolina,2,"{'minutes': 6, 'seconds': 43}",2,3,21,21,1,10,10,False,Penalty,"(06:43) No Huddle-Shotgun #4 K.Houser rush right for 2 yards loss to the FAU23, End Of Play PENALTY ECU Holding (#69 E.Poku) 10 yards from FAU21 to FAU31. NO PLAY",,2025-11-29T18:14:11.000Z
401762519,40176251917,401762519391,11,10,East Carolina,American Athletic,28,Florida Atlantic,American Athletic,3,Florida Atlantic,East Carolina,2,"{'minutes': 3, 'seconds': 42}",2,3,5,5,3,5,3,False,Penalty,"(03:42) No Huddle-Shotgun #4 K.Houser pass incomplete short middle to #6 D.Riles thrown to FAU00 PENALTY FAU Pass Interference (#6 L.Hart Jr.) 3 yards from FAU05 to FAU02, 1ST DOWN. NO PLAY",,2025-11-29T18:17:44.000Z
401762519,40176251917,401762519350,11,1,East Carolina,American Athletic,28,Florida Atlantic,American Athletic,3,Florida Atlantic,East Carolina,2,"{'minutes': 8, 'seconds': 25}",2,3,61,61,1,10,3,False,Rush,(08:34) No Huddle-Shotgun #7 L.Montgomery rush middle for 3 yards gain to the ECU42 (#1 C.Doggette Jr.; #6 L.Hart Jr.),-0.428981456130188,2025-11-29T18:12:04.000Z
401762519,40176251917,401762519354,11,2,East Carolina,American Athletic,28,Florida Atlantic,American Athletic,3,Florida Atlantic,East Carolina,2,"{'minutes': 8, 'seconds': 2}",2,3,58,58,2,7,1,False,Rush,(08:10) No Huddle-Shotgun #7 L.Montgomery rush middle for 1 yard gain to the ECU43 (#9 N.Barber),-0.8101736832907446,2025-11-29T18:12:28.000Z
401762519,40176251917,401762519358,11,3,East Carolina,American Athletic,28,Florida Atlantic,American Athletic,3,Florida Atlantic,East Carolina,2,"{'minutes': 7, 'seconds': 7}",2,3,57,57,3,6,36,False,Pass Reception,"(07:27) No Huddle-Shotgun #4 K.Houser pass complete deep left to #10 B.Spalding caught at FAU21, for 36 yards to the FAU21 (#23 D.Allen), 1ST DOWN",3.4618743620903056,2025-11-29T18:13:10.000Z
401762519,40176251917,401762519370,11,5,East Carolina,American Athletic,28,Florida Atlantic,American Athletic,3,Florida Atlantic,East Carolina,2,"{'minutes': 6, 'seconds': 20}",2,3,31,31,1,20,6,False,Rush,(06:23) No Huddle-Shotgun #7 L.Montgomery rush right for 6 yards gain to the FAU25 (#27 T.Reid),0.1598512581012983,2025-11-29T18:14:46.000Z
401762519,40176251917,401762519374,11,6,East Carolina,American Athletic,28,Florida Atlantic,American Athletic,3,Florida Atlantic,East Carolina,2,"{'minutes': 5, 'seconds': 39}",2,3,25,25,2,14,11,False,Pass Reception,"(05:47) No Huddle-Shotgun #4 K.Houser pass complete short left to #8 J.Conner caught at FAU25, for 11 yards to the FAU14 (#4 D.Williams; #11 G.Marcelin)",0.639021059719742,2025-11-29T18:15:22.000Z
401762519,40176251917,401762519379,11,7,East Carolina,American Athletic,28,Florida Atlantic,American Athletic,3,Florida Atlantic,East Carolina,2,"{'minutes': 5, 'seconds': 1}",2,3,14,14,3,3,6,False,Rush,"(05:05) No Huddle-Shotgun #4 K.Houser rush middle for 6 yards gain to the FAU08 (#30 K.Johnson), 1ST DOWN",0.469599394366989,2025-11-29T18:16:03.000Z
401762519,40176251917,401762519383,11,8,East Carolina,American Athletic,28,Florida Atlantic,American Athletic,3,Florida Atlantic,East Carolina,2,"{'minutes': 4, 'seconds': 40}",2,3,8,8,1,8,1,False,Rush,(04:45) No Huddle-Shotgun #7 L.Montgomery rush middle for 1 yard gain to the FAU07 (#6 L.Hart Jr.),-0.287548899318045,2025-11-29T18:16:26.000Z
401762519,40176251917,401762519387,11,9,East Carolina,American Athletic,28,Florida Atlantic,American Athletic,3,Florida Atlantic,East Carolina,2,"{'minutes': 4, 'seconds': 14}",2,3,7,7,2,7,2,False,Rush,(04:17) No Huddle-Shotgun #7 L.Montgomery rush right for 2 yards gain to the FAU05 (#30 K.Johnson),-0.154451161150853,2025-11-29T18:16:52.000Z
401762519,40176251917,401762519395,11,11,East Carolina,American Athletic,28,Florida Atlantic,American Athletic,3,Florida Atlantic,East Carolina,2,"{'minutes': 3, 'seconds': 25}",2,3,2,2,1,2,1,False,Rush,(03:35) Shotgun #93 R.Roseborough rush middle for 1 yard gain to the FAU01 (#6 L.Hart Jr.; #15 T.Luman),-0.687116939800908,2025-11-29T18:18:34.000Z
401762519,40176251917,401762519399,11,12,East Carolina,American Athletic,35,Florida Atlantic,American Athletic,3,Florida Atlantic,East Carolina,2,"{'minutes': 3, 'seconds': 10}",2,3,1,1,2,1,1,True,Rushing Touchdown,"(03:10) Shotgun #93 R.Roseborough rush middle for 1 yard gain to the FAU00 TOUCHDOWN, clock 03:10 #30 N.Mazzie kick attempt good (H: #37 R.Leavy, LS: #85 T.O'Brien)",1.900352237473006,2025-11-29T18:19:03.000Z
401762519,40176251919,401762519406,12,1,East Carolina,American Athletic,35,Florida Atlantic,American Athletic,3,Florida Atlantic,East Carolina,2,"{'minutes': 3, 'seconds': 4}",2,3,65,65,1,10,23,False,Kickoff,(03:10) #95 A.Conrad kickoff 62 yards to the FAU03 #3 J.Platt return 23 yards to the FAU26 (#23 J.Benton),,2025-11-29T18:20:45.000Z
401762519,40176251919,401762519422,12,5,Florida Atlantic,American Athletic,3,East Carolina,American Athletic,35,Florida Atlantic,East Carolina,2,"{'minutes': 2, 'seconds': 14}",3,2,42,58,3,7,10,False,Penalty,"(02:14) No Huddle-Shotgun #10 C.Veltkamp rush middle for 4 yards gain to the FAU46, End Of Play PENALTY FAU Holding (#73 A.Atcavage) 10 yards from FAU42 to FAU32. NO PLAY",,2025-11-29T18:23:22.000Z
401762519,40176251919,401762519434,12,7,Florida Atlantic,American Athletic,3,East Carolina,American Athletic,35,Florida Atlantic,East Carolina,2,"{'minutes': 1, 'seconds': 42}",3,2,38,62,4,11,0,False,Punt,(01:49) #19 L.Lupo punt 43 yards to the ECU19 PENALTY FAU Illegal Formation 5 yards from ECU19 to ECU24,,2025-11-29T18:27:23.000Z
401762519,40176251919,401762519411,12,2,Florida Atlantic,American Athletic,3,East Carolina,American Athletic,35,Florida Atlantic,East Carolina,2,"{'minutes': 2, 'seconds': 55}",3,2,26,74,1,10,13,False,Rush,"(03:01) No Huddle-Shotgun #28 K.Shields-Dutton rush middle for 13 yards gain to the FAU39 (#2 J.Riddle; #4 K.Merrell), 1ST DOWN",1.1517602759960999,2025-11-29T18:21:42.000Z
401762519,40176251919,401762519415,12,3,Florida Atlantic,American Athletic,3,East Carolina,American Athletic,35,Florida Atlantic,East Carolina,2,"{'minutes': 2, 'seconds': 42}",3,2,39,61,1,10,0,False,Pass Incompletion,(02:42) No Huddle-Shotgun #10 C.Veltkamp pass incomplete deep right to #8 E.Messer thrown to ECU40 broken up by #3 T.Wilk,-1.1077677360468863,2025-11-29T18:22:02.000Z
401762519,40176251919,401762519418,12,4,Florida Atlantic,American Athletic,3,East Carolina,American Athletic,35,Florida Atlantic,East Carolina,2,"{'minutes': 2, 'seconds': 26}",3,2,39,61,2,10,3,False,Rush,"(02:36) No Huddle-Shotgun #10 C.Veltkamp rush middle for 3 yards gain to the FAU42, End Of Play",-0.3079777569559656,2025-11-29T18:22:42.000Z
401762519,40176251919,401762519428,12,6,Florida Atlantic,American Athletic,3,East Carolina,American Athletic,35,Florida Atlantic,East Carolina,2,"{'minutes': 1, 'seconds': 55}",3,2,32,68,3,17,6,False,Pass Reception,"(01:55) No Huddle-Shotgun #10 C.Veltkamp pass complete short right to #28 K.Shields-Dutton caught at FAU35, for 6 yards to the FAU38 (#10 D.Wilson)",0.05445992520924658,2025-11-29T18:24:09.000Z
401762519,40176251920,401762519453,13,4,Florida Atlantic,American Athletic,3,East Carolina,American Athletic,35,Florida Atlantic,East Carolina,2,"{'minutes': 0, 'seconds': 58}",2,2,57,43,2,1,0,False,Timeout,"Timeout Florida Atlantic, clock 00:58",,2025-11-29T18:31:09.000Z
401762519,40176251920,401762519454,13,1,East Carolina,American Athletic,35,Florida Atlantic,American Athletic,3,Florida Atlantic,East Carolina,2,"{'minutes': 1, 'seconds': 37}",2,3,76,76,1,10,10,False,Pass Reception,"(01:37) Shotgun #4 K.Houser pass complete short middle to #8 J.Conner caught at ECU31, for 10 yards to the ECU34 (#8 C.Tooley III), 1ST DOWN",0.8088489536861765,2025-11-29T18:32:37.000Z
401762519,40176251920,401762519459,13,2,East Carolina,American Athletic,35,Florida Atlantic,American Athletic,3,Florida Atlantic,East Carolina,2,"{'minutes': 1, 'seconds': 13}",2,3,66,66,1,10,10,False,Rush,"(01:13) Shotgun #21 M.Gunn Jr. rush middle for 10 yards gain to the ECU44 (#20 C.Keys Jr.), 1ST DOWN",0.9665866083503082,2025-11-29T18:33:10.000Z
401762519,40176251920,401762519448,13,3,East Carolina,American Athletic,35,Florida Atlantic,American Athletic,3,Florida Atlantic,East Carolina,2,"{'minutes': 0, 'seconds': 58}",2,3,57,57,2,1,0,False,Pass Incompletion,(00:58) Shotgun #4 K.Houser pass incomplete deep middle to #3 K.Robinson thrown to FAU26,-1.435070345234486,2025-11-29T18:30:01.000Z
401762519,40176251920,401762519451,13,5,East Carolina,American Athletic,42,Florida Atlantic,American Athletic,3,Florida Atlantic,East Carolina,2,"{'minutes': 0, 'seconds': 53}",2,2,56,56,2,10,0,False,Pass Reception,"(00:28) Shotgun #4 K.Houser pass complete short right to #8 J.Conner caught at ECU44, for 0 yards to the ECU44 (#20 C.Keys Jr.; #30 K.Johnson)",-0.8812901257339192,2025-11-29T18:33:54.000Z
401762519,40176251920,401762519466,13,6,East Carolina,American Athletic,42,Florida Atlantic,American Athletic,3,Florida Atlantic,East Carolina,2,"{'minutes': 0, 'seconds': 48}",2,2,56,56,3,10,36,False,Rush,"(00:28) Shotgun #21 M.Gunn Jr. rush middle for 36 yards gain to the FAU20 (#23 D.Allen), 1ST DOWN",3.794791866347408,2025-11-29T18:35:03.000Z
401762519,40176251920,401762519470,13,7,East Carolina,American Athletic,42,Florida Atlantic,American Athletic,3,Florida Atlantic,East Carolina,2,"{'minutes': 0, 'seconds': 43}",2,2,20,20,1,10,12,False,Rush,"(00:25) Shotgun #21 M.Gunn Jr. rush right for 12 yards gain to the FAU08 (#4 D.Williams; #30 K.Johnson), out of bounds, 1ST DOWN",0.298328160332007,2025-11-29T18:35:51.000Z
401762519,40176251920,401762519474,13,8,East Carolina,American Athletic,42,Florida Atlantic,American Athletic,3,Florida Atlantic,East Carolina,2,"{'minutes': 0, 'seconds': 38}",2,2,8,8,1,8,1,False,Pass Reception,"(00:28) Shotgun #4 K.Houser pass complete short left to #12 J.Pettaway caught at FAU08, for 1 yard to the FAU07 (#22 L.Johnson)",-0.287548899318045,2025-11-29T18:36:38.000Z
401762519,40176251920,401762519479,13,9,East Carolina,American Athletic,42,Florida Atlantic,American Athletic,3,Florida Atlantic,East Carolina,2,"{'minutes': 0, 'seconds': 33}",2,2,7,7,2,7,0,False,Pass Incompletion,(00:24) Shotgun #4 K.Houser pass incomplete short left to #8 J.Conner thrown to FAU00,-0.277446160702615,2025-11-29T18:37:07.000Z
401762519,40176251920,401762519482,13,10,East Carolina,American Athletic,42,Florida Atlantic,American Athletic,3,Florida Atlantic,East Carolina,2,"{'minutes': 0, 'seconds': 14}",2,2,7,7,3,7,7,True,Rushing Touchdown,Katin Houser 7 Yd Run (Nick Mazzie Kick),2.884594628720352,2025-11-29T18:37:28.000Z
401762519,40176251922,401762519512,14,4,Florida Atlantic,American Athletic,3,East Carolina,American Athletic,42,Florida Atlantic,East Carolina,2,"{'minutes': 0, 'seconds': 3}",1,2,31,69,3,4,0,False,Timeout,"Timeout Florida Atlantic, clock 00:03",,2025-11-29T18:41:30.000Z
401762519,40176251922,401762519520,14,6,East Carolina,American Athletic,42,Florida Atlantic,American Athletic,3,Florida Atlantic,East Carolina,2,"{'minutes': 0, 'seconds': 1}",2,1,65,65,1,10,0,False,Kickoff,"(00:01) #30 N.Mazzie kickoff 44 yards to the FAU21 #0 A.Waseem return 0 yards to the FAU21, End Of Play",,2025-11-29T18:43:03.000Z
401762519,40176251922,401762519500,14,1,Florida Atlantic,American Athletic,3,East Carolina,American Athletic,42,Florida Atlantic,East Carolina,2,"{'minutes': 0, 'seconds': 3}",2,2,21,79,2,14,10,False,Pass Reception,"No Huddle-Shotgun #10 C.Veltkamp pass complete short middle to #23 G.Sands caught at FAU25, for 10 yards to the FAU31 (#13 A.Duncanson; #10 D.Wilson), 1ST DOWN",0.48162846854278474,2025-11-29T18:40:36.000Z
401762519,40176251922,401762519505,14,2,Florida Atlantic,American Athletic,3,East Carolina,American Athletic,42,Florida Atlantic,East Carolina,2,"{'minutes': 0, 'seconds': 3}",2,2,31,69,3,4,28,False,Pass Reception,"No Huddle-Shotgun #10 C.Veltkamp pass complete short middle to #9 D.Henry caught at FAU47, for 28 yards to the ECU41 (#13 A.Duncanson), 1ST DOWN",3.371967777380579,2025-11-29T18:41:05.000Z
401762519,40176251922,401762519510,14,3,Florida Atlantic,American Athletic,3,East Carolina,American Athletic,42,Florida Atlantic,East Carolina,2,"{'minutes': 0, 'seconds': 3}",2,2,59,41,1,10,21,False,Pass Reception,"No Huddle-Shotgun #10 C.Veltkamp pass complete short left to #0 A.Waseem caught at ECU41, for 21 yards to the ECU20 (#5 R.Craig), 1ST DOWN",0.6225918968648204,2025-11-29T18:41:34.000Z
401762519,40176251922,401762519527,14,5,Florida Atlantic,American Athletic,3,East Carolina,American Athletic,42,Florida Atlantic,East Carolina,2,"{'minutes': 0, 'seconds': 3}",1,2,21,79,1,10,0,False,Pass Incompletion,(00:03) No Huddle-Shotgun #10 C.Veltkamp pass incomplete deep middle to #8 E.Messer thrown to ECU41,-0.585616097616759,2025-11-29T18:46:21.000Z
401762519,40176251922,401762519518,14,7,Florida Atlantic,American Athletic,3,East Carolina,American Athletic,42,Florida Atlantic,East Carolina,2,"{'minutes': 0, 'seconds': 0}",1,2,59,41,1,10,-28,False,End Period,End of 2nd quarter.,-4.1031563203702905,2025-11-29T18:41:51.000Z
401762519,40176251924,401762519533,15,4,East Carolina,American Athletic,42,Florida Atlantic,American Athletic,3,Florida Atlantic,East Carolina,3,"{'minutes': 14, 'seconds': 52}",3,3,65,65,1,10,53,False,Kickoff,#30 N.Mazzie kickoff 65 yards to the FAU00 #3 J.Platt return 53 yards to the ECU47 (#4 K.Merrell),,2025-11-29T19:01:15.000Z
401762519,40176251924,401762519540,15,1,Florida Atlantic,American Athletic,3,East Carolina,American Athletic,42,Florida Atlantic,East Carolina,3,"{'minutes': 15, 'seconds': 0}",3,3,53,47,1,10,-10,False,Pass Reception,"No Huddle-Shotgun #10 C.Veltkamp pass complete short left to #8 E.Messer caught at FAU44, for 10 yards loss to the FAU43 (#9 J.Lampley)",-2.9696312232699302,2025-11-29T19:01:55.000Z
401762519,40176251924,401762519545,15,2,Florida Atlantic,American Athletic,3,East Carolina,American Athletic,42,Florida Atlantic,East Carolina,3,"{'minutes': 15, 'seconds': 0}",3,3,43,57,2,20,9,False,Rush,No Huddle-Shotgun #28 K.Shields-Dutton rush left for 9 yards gain to the ECU48 (#10 D.Wilson),0.6625568186399793,2025-11-29T19:02:51.000Z
401762519,40176251924,401762519549,15,3,Florida Atlantic,American Athletic,3,East Carolina,American Athletic,42,Florida Atlantic,East Carolina,3,"{'minutes': 15, 'seconds': 0}",3,3,52,48,3,11,4,False,Pass Reception,"No Huddle-Shotgun #10 C.Veltkamp pass complete short left to #0 A.Waseem caught at ECU46, for 4 yards to the ECU44 (#15 J.Lowery), out of bounds",-0.1378896660207687,2025-11-29T19:03:08.000Z
401762519,40176251924,401762519554,15,5,Florida Atlantic,American Athletic,3,East Carolina,American Athletic,42,Florida Atlantic,East Carolina,3,"{'minutes': 13, 'seconds': 21}",3,3,56,44,4,7,0,False,Pass Incompletion,"No Huddle-Shotgun #10 C.Veltkamp pass incomplete short left to #9 D.Henry thrown to ECU32 broken up by #15 J.Lowery, TURNOVER ON DOWNS",-0.9418336880828502,2025-11-29T19:03:52.000Z
401762519,40176251925,401762519575,16,4,East Carolina,American Athletic,42,Florida Atlantic,American Athletic,3,Florida Atlantic,East Carolina,3,"{'minutes': 12, 'seconds': 22}",3,3,55,55,4,9,0,False,Punt,"#0 M.Wright Jr. punt 32 yards to the FAU23, out of bounds at FAU23",,2025-11-29T19:09:22.000Z
401762519,40176251925,401762519558,16,1,East Carolina,American Athletic,42,Florida Atlantic,American Athletic,3,Florida Atlantic,East Carolina,3,"{'minutes': 13, 'seconds': 21}",3,3,56,56,1,10,-4,False,Rush,Shotgun #21 M.Gunn Jr. rush middle for 4 yards loss to the ECU40 (#7 B.Langston),-1.9311778665492705,2025-11-29T19:04:37.000Z
401762519,40176251925,401762519564,16,2,East Carolina,American Athletic,42,Florida Atlantic,American Athletic,3,Florida Atlantic,East Carolina,3,"{'minutes': 13, 'seconds': 21}",3,3,60,60,2,14,5,False,Rush,Shotgun #21 M.Gunn Jr. rush middle for 5 yards gain to the ECU45 (#8 C.Tooley III; #44 T.Stolsky). #8 C.Tooley III injured on the play,0.0439012455188878,2025-11-29T19:04:57.000Z
401762519,40176251925,401762519570,16,3,East Carolina,American Athletic,42,Florida Atlantic,American Athletic,3,Florida Atlantic,East Carolina,3,"{'minutes': 13, 'seconds': 21}",3,3,55,55,3,9,0,False,Pass Incompletion,Shotgun #4 K.Houser pass incomplete short middle to #9 A.Smith thrown to FAU43,-0.5919648164575921,2025-11-29T19:08:47.000Z
401762519,40176251926,401762519580,17,1,Florida Atlantic,American Athletic,3,East Carolina,American Athletic,42,Florida Atlantic,East Carolina,3,"{'minutes': 12, 'seconds': 22}",3,3,23,77,1,10,-2,False,Pass Reception,"No Huddle-Shotgun #10 C.Veltkamp pass complete short middle to #8 E.Messer caught at FAU18, for 2 yards loss to the FAU21 (#4 K.Merrell; #11 D.Johnson Jr.)",-0.8061936161441414,2025-11-29T19:10:02.000Z
401762519,40176251926,401762519586,17,2,Florida Atlantic,American Athletic,3,East Carolina,American Athletic,42,Florida Atlantic,East Carolina,3,"{'minutes': 12, 'seconds': 22}",3,3,21,79,2,12,4,False,Pass Reception,"No Huddle-Shotgun #10 C.Veltkamp pass complete short left to #8 E.Messer caught at FAU25, for 4 yards to the FAU25 (#11 D.Johnson Jr.)",-0.040164311751885506,2025-11-29T19:10:32.000Z
401762519,40176251926,401762519591,17,3,Florida Atlantic,American Athletic,3,East Carolina,American Athletic,42,Florida Atlantic,East Carolina,3,"{'minutes': 12, 'seconds': 22}",3,3,25,75,3,8,11,False,Pass Reception,"No Huddle-Shotgun #10 C.Veltkamp pass complete short middle to #9 D.Henry caught at FAU35, for 11 yards to the FAU36 (#2 J.Riddle), 1ST DOWN",1.9095224143100928,2025-11-29T19:11:07.000Z
401762519,40176251926,401762519596,17,4,Florida Atlantic,American Athletic,3,East Carolina,American Athletic,42,Florida Atlantic,East Carolina,3,"{'minutes': 12, 'seconds': 22}",3,3,36,64,1,10,7,False,Pass Reception,"No Huddle-Shotgun #10 C.Veltkamp pass complete short middle to #23 G.Sands caught at FAU42, for 7 yards to the FAU43 (#11 D.Johnson Jr.; #99 J.Benton)",0.7106238902527534,2025-11-29T19:11:24.000Z
401762519,40176251926,401762519601,17,5,Florida Atlantic,American Athletic,3,East Carolina,American Athletic,42,Florida Atlantic,East Carolina,3,"{'minutes': 12, 'seconds': 22}",3,3,43,57,2,3,0,False,Pass Incompletion,No Huddle-Shotgun #10 C.Veltkamp pass incomplete short left to #8 E.Messer thrown to FAU41,-1.273149056539049,2025-11-29T19:11:42.000Z
401762519,40176251926,401762519604,17,6,Florida Atlantic,American Athletic,3,East Carolina,American Athletic,42,Florida Atlantic,East Carolina,3,"{'minutes': 12, 'seconds': 22}",3,3,43,57,3,3,8,False,Rush,"No Huddle-Shotgun #23 G.Sands rush left for 8 yards gain to the ECU49 (#12 C.Graves), 1ST DOWN",1.9473872224243785,2025-11-29T19:12:26.000Z
401762519,40176251926,401762519608,17,7,Florida Atlantic,American Athletic,3,East Carolina,American Athletic,42,Florida Atlantic,East Carolina,3,"{'minutes': 12, 'seconds': 22}",3,3,51,49,1,10,-13,False,Sack,No Huddle-Shotgun #10 C.Veltkamp sacked for loss of 13 yards to the FAU38 (#54 Z.Wilson),-3.1975100757993076,2025-11-29T19:12:50.000Z
401762519,40176251926,401762519613,17,8,Florida Atlantic,American Athletic,3,East Carolina,American Athletic,42,Florida Atlantic,East Carolina,3,"{'minutes': 12, 'seconds': 22}",3,3,38,62,2,23,17,False,Pass Reception,"No Huddle-Shotgun #10 C.Veltkamp pass complete short left to #8 E.Messer caught at FAU35, for 17 yards to the ECU45 (#2 J.Riddle), out of bounds",1.9354659558019591,2025-11-29T19:13:23.000Z
401762519,40176251926,401762519618,17,9,Florida Atlantic,American Athletic,3,East Carolina,American Athletic,42,Florida Atlantic,East Carolina,3,"{'minutes': 12, 'seconds': 22}",3,3,55,45,3,6,3,False,Pass Reception,"No Huddle-Shotgun #10 C.Veltkamp pass complete short middle to #3 J.Platt caught at ECU42, for 3 yards to the ECU42, End Of Play",-0.3966519447516905,2025-11-29T19:14:14.000Z
401762519,40176251926,401762519623,17,10,Florida Atlantic,American Athletic,3,East Carolina,American Athletic,42,Florida Atlantic,East Carolina,3,"{'minutes': 12, 'seconds': 22}",3,3,58,42,4,3,7,False,Pass Reception,"No Huddle-Shotgun #10 C.Veltkamp pass complete short left to #9 D.Henry caught at ECU35, for 7 yards to the ECU35 (#5 R.Craig), 1ST DOWN",2.448437832609331,2025-11-29T19:14:33.000Z
401762519,40176251926,401762519628,17,11,Florida Atlantic,American Athletic,3,East Carolina,American Athletic,42,Florida Atlantic,East Carolina,3,"{'minutes': 8, 'seconds': 1}",3,3,65,35,1,10,10,False,Pass Interception Return,No Huddle-Shotgun #10 C.Veltkamp pass intercepted by #2 J.Riddle at ECU29 #2 J.Riddle return 10 yards to the ECU39 (#8 E.Messer),-4.027411216223044,2025-11-29T19:15:06.000Z
401762519,40176251927,401762519684,18,13,East Carolina,American Athletic,42,Florida Atlantic,American Athletic,3,Florida Atlantic,East Carolina,3,"{'minutes': 8, 'seconds': 1}",3,3,19,19,3,5,5,False,Penalty,PENALTY ECU Encroachment (#12 J.Pettaway) 5 yards from FAU19 to FAU24. NO PLAY,,2025-11-29T19:24:43.000Z
401762519,40176251927,401762519692,18,15,East Carolina,American Athletic,42,Florida Atlantic,American Athletic,3,Florida Atlantic,East Carolina,3,"{'minutes': 8, 'seconds': 1}",3,3,12,12,1,10,5,False,Penalty,PENALTY ECU False Start  5 yards from FAU12 to FAU17. NO PLAY,,2025-11-29T19:25:47.000Z
401762519,40176251927,401762519695,18,16,East Carolina,American Athletic,42,Florida Atlantic,American Athletic,3,Florida Atlantic,East Carolina,3,"{'minutes': 8, 'seconds': 1}",3,3,17,17,1,15,10,False,Penalty,"Shotgun #4 K.Houser pass complete short right to #12 J.Pettaway caught at FAU18, for 2 yards to the FAU15 (#4 D.Williams; #44 T.Stolsky) PENALTY ECU Holding (#9 A.Smith) 10 yards from FAU17 to FAU27. NO PLAY",,2025-11-29T19:26:53.000Z
401762519,40176251927,401762519634,18,1,East Carolina,American Athletic,42,Florida Atlantic,American Athletic,3,Florida Atlantic,East Carolina,3,"{'minutes': 8, 'seconds': 1}",3,3,61,61,1,10,5,False,Rush,Shotgun #4 K.Houser rush middle for 5 yards gain to the ECU44 (#28 Z.Horton),0.1106253034395996,2025-11-29T19:18:09.000Z
401762519,40176251927,401762519638,18,2,East Carolina,American Athletic,42,Florida Atlantic,American Athletic,3,Florida Atlantic,East Carolina,3,"{'minutes': 8, 'seconds': 1}",3,3,56,56,2,5,3,False,Rush,Shotgun #7 L.Montgomery rush left for 3 yards gain to the ECU47 (#2 W.Denaud; #44 T.Stolsky),-0.4426345986280449,2025-11-29T19:18:28.000Z
401762519,40176251927,401762519642,18,3,East Carolina,American Athletic,42,Florida Atlantic,American Athletic,3,Florida Atlantic,East Carolina,3,"{'minutes': 8, 'seconds': 1}",3,3,53,53,3,2,1,False,Rush,Shotgun #7 L.Montgomery rush middle for 1 yard gain to the ECU48 (#1 C.Doggette Jr.; #7 B.Langston),-0.8445615777303681,2025-11-29T19:18:54.000Z
401762519,40176251927,401762519646,18,4,East Carolina,American Athletic,42,Florida Atlantic,American Athletic,3,Florida Atlantic,East Carolina,3,"{'minutes': 8, 'seconds': 1}",3,3,52,52,4,1,2,False,Rush,"Shotgun #7 L.Montgomery rush middle for 2 yards gain to the ECU50 (#2 W.Denaud; #4 D.Williams), 1ST DOWN",2.1901749772623065,2025-11-29T19:19:36.000Z
401762519,40176251927,401762519650,18,5,East Carolina,American Athletic,42,Florida Atlantic,American Athletic,3,Florida Atlantic,East Carolina,3,"{'minutes': 8, 'seconds': 1}",3,3,50,50,1,10,0,False,Pass Incompletion,Shotgun #4 K.Houser pass incomplete short middle thrown to ECU50 broken up by #44 T.Stolsky,-1.1143038065675126,2025-11-29T19:20:03.000Z
401762519,40176251927,401762519653,18,6,East Carolina,American Athletic,42,Florida Atlantic,American Athletic,3,Florida Atlantic,East Carolina,3,"{'minutes': 8, 'seconds': 1}",3,3,50,50,2,10,8,False,Rush,Shotgun #4 K.Houser rush middle for 8 yards gain to the FAU42 (#2 W.Denaud),0.8233244266089327,2025-11-29T19:20:30.000Z
401762519,40176251927,401762519657,18,7,East Carolina,American Athletic,42,Florida Atlantic,American Athletic,3,Florida Atlantic,East Carolina,3,"{'minutes': 8, 'seconds': 1}",3,3,42,42,3,2,4,False,Rush,"Shotgun #4 K.Houser rush middle for 4 yards gain to the FAU38 (#44 T.Stolsky; #27 T.Reid), 1ST DOWN",1.037798663494765,2025-11-29T19:21:00.000Z
401762519,40176251927,401762519661,18,8,East Carolina,American Athletic,42,Florida Atlantic,American Athletic,3,Florida Atlantic,East Carolina,3,"{'minutes': 8, 'seconds': 1}",3,3,38,38,1,10,-1,False,Rush,Shotgun #7 L.Montgomery rush left for 1 yard loss to the FAU39 (#2 W.Denaud; #7 B.Langston),-0.977642243698774,2025-11-29T19:21:40.000Z
401762519,40176251927,401762519665,18,9,East Carolina,American Athletic,42,Florida Atlantic,American Athletic,3,Florida Atlantic,East Carolina,3,"{'minutes': 8, 'seconds': 1}",3,3,39,39,2,11,6,False,Pass Reception,"Shotgun #4 K.Houser pass complete short right to #8 J.Conner caught at FAU40, for 6 yards to the FAU33 (#29 K.Boylston)",0.2587252921042465,2025-11-29T19:22:08.000Z
401762519,40176251927,401762519672,18,10,East Carolina,American Athletic,42,Florida Atlantic,American Athletic,3,Florida Atlantic,East Carolina,3,"{'minutes': 8, 'seconds': 1}",3,3,33,33,3,5,9,False,Rush,"Shotgun #4 K.Houser rush left for 9 yards gain to the FAU24 (#10 E.Brantley Jr), 1ST DOWN",1.1320716515727405,2025-11-29T19:22:42.000Z
401762519,40176251927,401762519676,18,11,East Carolina,American Athletic,42,Florida Atlantic,American Athletic,3,Florida Atlantic,East Carolina,3,"{'minutes': 8, 'seconds': 1}",3,3,24,24,1,10,0,False,Pass Incompletion,Shotgun #4 K.Houser pass incomplete short left thrown to FAU19 QB hurried by #30 K.Johnson,-0.4346450377339437,2025-11-29T19:23:26.000Z
401762519,40176251927,401762519679,18,12,East Carolina,American Athletic,42,Florida Atlantic,American Athletic,3,Florida Atlantic,East Carolina,3,"{'minutes': 8, 'seconds': 1}",3,3,24,24,2,10,5,False,Pass Reception,"Shotgun #4 K.Houser pass complete short middle to #6 D.Riles caught at FAU19, for 5 yards to the FAU19 (#11 G.Marcelin; #28 Z.Horton)",0.0457836525288507,2025-11-29T19:24:05.000Z
401762519,40176251927,401762519687,18,14,East Carolina,American Athletic,42,Florida Atlantic,American Athletic,3,Florida Atlantic,East Carolina,3,"{'minutes': 8, 'seconds': 1}",3,3,24,24,3,10,12,False,Pass Reception,"Shotgun #4 K.Houser pass complete short left to #14 D.Lorick caught at FAU24, for 12 yards to the FAU12 (#30 K.Johnson), 1ST DOWN",1.164985720359951,2025-11-29T19:25:24.000Z
401762519,40176251927,401762519703,18,17,East Carolina,American Athletic,42,Florida Atlantic,American Athletic,3,Florida Atlantic,East Carolina,3,"{'minutes': 1, 'seconds': 6}",3,3,27,27,1,25,5,False,Fumble Recovery (Own),"Shotgun #4 K.Houser sacked for loss of 6 yards to the FAU21 (#96 J.Roberts), fumble by #4 K.Houser recovered by FAU #44 T.Stolsky at FAU21 #44 T.Stolsky return 5 yards to the FAU26 (#8 J.Conner; #62 J.McCrimon). The previous play is under automatic review - ""Fumble"". CALL UPHELD",0.0316526610101367,2025-11-29T19:27:59.000Z
401762519,40176251928,401762519742,19,7,Florida Atlantic,American Athletic,3,East Carolina,American Athletic,42,Florida Atlantic,East Carolina,4,"{'minutes': 15, 'seconds': 0}",3,3,65,35,1,10,10,False,Penalty,No Huddle-Shotgun #7 Z.Gibson pass incomplete short right to #0 A.Waseem thrown to ECU35 PENALTY FAU Holding (#66 S.Jean) 10 yards from ECU35 to ECU45. NO PLAY,,2025-11-29T19:37:29.000Z
401762519,40176251928,401762519767,19,13,Florida Atlantic,American Athletic,3,East Carolina,American Athletic,42,Florida Atlantic,East Carolina,4,"{'minutes': 12, 'seconds': 59}",2,3,94,6,1,6,0,False,Timeout,"Timeout Florida Atlantic, clock 12:59",,2025-11-29T19:40:30.000Z
401762519,40176251928,401762519716,19,2,Florida Atlantic,American Athletic,3,East Carolina,American Athletic,42,Florida Atlantic,East Carolina,3,"{'minutes': 1, 'seconds': 6}",3,3,23,77,2,13,0,False,Pass Incompletion,No Huddle-Shotgun #7 Z.Gibson pass incomplete short left to #9 D.Henry thrown to FAU30,-0.2237941287350802,2025-11-29T19:31:44.000Z
401762519,40176251928,401762519719,19,3,Florida Atlantic,American Athletic,3,East Carolina,American Athletic,42,Florida Atlantic,East Carolina,3,"{'minutes': 1, 'seconds': 6}",3,3,23,77,3,13,5,False,Pass Reception,"No Huddle-Shotgun #7 Z.Gibson pass complete short right to #9 D.Henry caught at FAU28, for 5 yards to the FAU28 (#2 J.Riddle)",0.01124283301151863,2025-11-29T19:32:15.000Z
401762519,40176251928,401762519712,19,1,Florida Atlantic,American Athletic,3,East Carolina,American Athletic,42,Florida Atlantic,East Carolina,3,"{'minutes': 1, 'seconds': 6}",3,3,26,74,1,10,-3,False,Rush,No Huddle-Shotgun #28 K.Shields-Dutton rush middle for 3 yards loss to the FAU23 (#98 T.Brazell),-1.0017998591432935,2025-11-29T19:31:17.000Z
401762519,40176251928,401762519726,19,4,Florida Atlantic,American Athletic,3,East Carolina,American Athletic,42,Florida Atlantic,East Carolina,3,"{'minutes': 0, 'seconds': 0}",3,3,23,77,3,13,5,False,End Period,End of 3rd quarter.,0.01124283301151863,2025-11-29T19:32:47.000Z
401762519,40176251928,401762519730,19,5,Florida Atlantic,American Athletic,3,East Carolina,American Athletic,42,Florida Atlantic,East Carolina,4,"{'minutes': 15, 'seconds': 0}",3,3,28,72,4,8,20,False,Pass Reception,"No Huddle-Shotgun #7 Z.Gibson pass complete deep left to #8 E.Messer caught at FAU48, for 20 yards to the FAU48 (#22 J.Jean; #2 J.Riddle), 1ST DOWN",3.21307317861739,2025-11-29T19:36:43.000Z
401762519,40176251928,401762519737,19,6,Florida Atlantic,American Athletic,3,East Carolina,American Athletic,42,Florida Atlantic,East Carolina,4,"{'minutes': 15, 'seconds': 0}",3,3,48,52,1,10,17,False,Pass Reception,"No Huddle-Shotgun #7 Z.Gibson pass complete short middle to #19 B.Hoch caught at ECU35, for 17 yards to the ECU35, End Of Play, 1ST DOWN",1.035465504933475,2025-11-29T19:37:04.000Z
401762519,40176251928,401762519746,19,8,Florida Atlantic,American Athletic,3,East Carolina,American Athletic,42,Florida Atlantic,East Carolina,4,"{'minutes': 15, 'seconds': 0}",3,3,55,45,1,20,26,False,Pass Reception,"No Huddle-Shotgun #7 Z.Gibson pass complete short middle to #8 E.Messer caught at ECU26, for 26 yards to the ECU19 (#3 T.Wilk), 1ST DOWN",2.080518993671875,2025-11-29T19:38:26.000Z
401762519,40176251928,401762519751,19,9,Florida Atlantic,American Athletic,3,East Carolina,American Athletic,42,Florida Atlantic,East Carolina,4,"{'minutes': 15, 'seconds': 0}",3,3,81,19,1,10,7,False,Pass Reception,"No Huddle-Shotgun #7 Z.Gibson pass complete short left to #8 E.Messer caught at ECU15, for 7 yards to the ECU12 (#12 C.Graves)",0.310818362814722,2025-11-29T19:38:52.000Z
401762519,40176251928,401762519756,19,10,Florida Atlantic,American Athletic,3,East Carolina,American Athletic,42,Florida Atlantic,East Carolina,4,"{'minutes': 15, 'seconds': 0}",3,3,88,12,2,3,6,False,Rush,"No Huddle-Shotgun #28 K.Shields-Dutton rush left for 6 yards gain to the ECU06 (#12 C.Graves), 1ST DOWN",0.241139494757524,2025-11-29T19:39:11.000Z
401762519,40176251928,401762519760,19,11,Florida Atlantic,American Athletic,3,East Carolina,American Athletic,42,Florida Atlantic,East Carolina,4,"{'minutes': 15, 'seconds': 0}",3,3,94,6,1,6,0,False,Pass Incompletion,No Huddle-Shotgun #7 Z.Gibson pass incomplete short left to #19 B.Hoch thrown to ECU05,-0.476177221716661,2025-11-29T19:39:34.000Z
401762519,40176251928,401762519765,19,12,Florida Atlantic,American Athletic,3,East Carolina,American Athletic,42,Florida Atlantic,East Carolina,4,"{'minutes': 12, 'seconds': 59}",3,3,94,6,2,6,5,False,Rush,No Huddle-Shotgun #23 G.Sands rush middle for 5 yards gain to the ECU01 (#7 S.Dankah),0.074668763602388,2025-11-29T19:43:19.000Z
401762519,40176251928,401762519770,19,14,Florida Atlantic,American Athletic,3,East Carolina,American Athletic,42,Florida Atlantic,East Carolina,4,"{'minutes': 12, 'seconds': 19}",2,3,99,1,3,1,-3,False,Fumble Recovery (Opponent),No Huddle-Shotgun #7 Z.Gibson rush middle for 3 yards loss to the ECU04 fumbled by #7 Z.Gibson at ECU04 recovered by ECU #2 J.Riddle at ECU04 #2 J.Riddle return 15 yards to the ECU19 (#23 G.Sands; #7 Z.Gibson),-4.54600177082045,2025-11-29T19:43:59.000Z
