gameId,driveId,id,driveNumber,playNumber,offense,offenseConference,offenseScore,defense,defenseConference,defenseScore,home,away,period,clock,offenseTimeouts,defenseTimeouts,yardline,yardsToGoal,down,distance,yardsGained,scoring,playType,playText,ppa,wallclock
401762430,4017624301,401762430101854501,1,1,Alabama State,SWAC,0,UAB,American Athletic,0,UAB,Alabama State,1,"{'minutes': 14, 'seconds': 54}",3,3,65,65,1,10,24,False,Kickoff,"Stewart McCall II kickoff for 51 yds , Solomon Beebe return for 24 yds to the UAB 38",,2025-08-29T01:05:30.000Z
401762430,4017624301,401762430101886001,1,9,UAB,American Athletic,3,Alabama State,SWAC,0,UAB,Alabama State,1,"{'minutes': 11, 'seconds': 39}",3,3,77,23,4,4,42,True,Field Goal Good,Jonah Delange 42 yd FG GOOD,,2025-08-29T00:38:00.000Z
401762430,4017624301,401762430101855201,1,2,UAB,American Athletic,0,Alabama State,SWAC,0,UAB,Alabama State,1,"{'minutes': 14, 'seconds': 47}",3,3,38,62,1,10,2,False,Rush,Jevon Jackson run for 2 yds to the UAB 40,-0.6656376494811928,2025-08-29T01:05:30.000Z
401762430,4017624301,401762430101858701,1,3,UAB,American Athletic,0,Alabama State,SWAC,0,UAB,Alabama State,1,"{'minutes': 14, 'seconds': 12}",3,3,40,60,2,8,16,False,Rush,Jevon Jackson run for 16 yds to the ALST 44 for a 1ST down,2.205758932650662,2025-08-29T01:05:30.000Z
401762430,4017624301,401762430101864801,1,4,UAB,American Athletic,0,Alabama State,SWAC,0,UAB,Alabama State,1,"{'minutes': 13, 'seconds': 51}",3,3,56,44,1,10,6,False,Rush,Jevon Jackson run for 6 yds to the ALST 38,0.295635896925372,2025-08-29T01:05:30.000Z
401762430,4017624301,401762430101867701,1,5,UAB,American Athletic,0,Alabama State,SWAC,0,UAB,Alabama State,1,"{'minutes': 13, 'seconds': 22}",3,3,62,38,2,4,9,False,Rush,Jevon Jackson run for 9 yds to the ALST 29 for a 1ST down,0.3289452759865373,2025-08-29T01:05:30.000Z
401762430,4017624301,401762430101876001,1,6,UAB,American Athletic,0,Alabama State,SWAC,0,UAB,Alabama State,1,"{'minutes': 12, 'seconds': 39}",3,3,71,29,1,10,4,False,Pass Reception,Jalen Kitna pass complete to Iverson Hooks for 4 yds to the ALST 25,-0.046112472291792,2025-08-29T01:05:30.000Z
401762430,4017624301,401762430101878101,1,7,UAB,American Athletic,0,Alabama State,SWAC,0,UAB,Alabama State,1,"{'minutes': 12, 'seconds': 18}",3,3,75,25,2,6,2,False,Rush,Solomon Beebe run for 2 yds to the ALST 23,-0.3057032551935704,2025-08-29T01:05:30.000Z
401762430,4017624301,401762430101885601,1,8,UAB,American Athletic,0,Alabama State,SWAC,0,UAB,Alabama State,1,"{'minutes': 11, 'seconds': 43}",3,3,77,23,3,4,0,False,Pass Incompletion,Jalen Kitna pass incomplete to Iverson Hooks,-0.6874037895655523,2025-08-29T00:38:00.000Z
401762430,4017624302,401762430101886002,2,1,UAB,American Athletic,3,Alabama State,SWAC,0,UAB,Alabama State,1,"{'minutes': 11, 'seconds': 39}",3,3,35,65,1,10,0,False,Kickoff,Owen Simpson kickoff for 65 yds for a touchback,,2025-08-29T00:38:00.000Z
401762430,4017624302,401762430101888101,2,2,Alabama State,SWAC,0,UAB,American Athletic,3,UAB,Alabama State,1,"{'minutes': 11, 'seconds': 18}",3,3,75,75,1,10,15,False,Pass Reception,Andrew Body pass complete to Jalen Jones for 15 yds to the ALST 40 for a 1ST down,1.320854515577646,2025-08-29T01:05:30.000Z
401762430,4017624302,401762430101894201,2,3,Alabama State,SWAC,7,UAB,American Athletic,3,UAB,Alabama State,1,"{'minutes': 10, 'seconds': 57}",3,3,60,60,1,10,60,True,Rushing Touchdown,Andrew Body run for 60 yds for a TD (Andrew Abu-Akel KICK),4.756900604143675,2025-08-29T00:44:49.000Z
401762430,4017624303,401762430101894701,3,1,Alabama State,SWAC,7,UAB,American Athletic,3,UAB,Alabama State,1,"{'minutes': 10, 'seconds': 52}",3,3,65,65,1,10,24,False,Kickoff,"Stewart McCall II kickoff for 62 yds , Solomon Beebe return for 24 yds to the UAB 27",,2025-08-29T01:05:30.000Z
401762430,4017624303,401762430101935401,3,12,UAB,American Athletic,3,Alabama State,SWAC,7,UAB,Alabama State,1,"{'minutes': 6, 'seconds': 45}",3,3,87,13,3,1,5,False,Penalty,"PENALTY ASU Offside (Richardson,Myles) 5 yards from ASU13 to ASU08, 1ST DOWN. NO PLAY.",,2025-08-29T01:05:30.000Z
401762430,4017624303,401762430101895601,3,2,UAB,American Athletic,3,Alabama State,SWAC,7,UAB,Alabama State,1,"{'minutes': 10, 'seconds': 43}",3,3,27,73,1,10,6,False,Rush,Jevon Jackson run for 6 yds to the UAB 33,0.3503911107524118,2025-08-29T01:05:30.000Z
401762430,4017624303,401762430101897601,3,3,UAB,American Athletic,3,Alabama State,SWAC,7,UAB,Alabama State,1,"{'minutes': 10, 'seconds': 23}",3,3,33,67,2,4,12,False,Rush,Jevon Jackson run for 12 yds to the UAB 45 for a 1ST down,1.3057110861531598,2025-08-29T01:05:30.000Z
401762430,4017624303,401762430101904901,3,4,UAB,American Athletic,3,Alabama State,SWAC,7,UAB,Alabama State,1,"{'minutes': 9, 'seconds': 50}",3,3,45,55,1,10,0,False,Pass Incompletion,Jalen Kitna pass incomplete to Corri Milliner,-1.1618692012952412,2025-08-29T01:05:30.000Z
401762430,4017624303,401762430101905601,3,5,UAB,American Athletic,3,Alabama State,SWAC,7,UAB,Alabama State,1,"{'minutes': 9, 'seconds': 43}",3,3,45,55,2,10,11,False,Pass Reception,Jalen Kitna pass complete to Corri Milliner for 11 yds to the ALST 44 for a 1ST down,2.025600081101585,2025-08-29T01:05:30.000Z
401762430,4017624303,401762430101908801,3,6,UAB,American Athletic,3,Alabama State,SWAC,7,UAB,Alabama State,1,"{'minutes': 9, 'seconds': 11}",3,3,56,44,1,10,7,False,Pass Reception,Jalen Kitna pass complete to Evan McCray for 7 yds to the ALST 37,0.5005481645051048,2025-08-29T01:05:30.000Z
401762430,4017624303,401762430101914301,3,7,UAB,American Athletic,3,Alabama State,SWAC,7,UAB,Alabama State,1,"{'minutes': 8, 'seconds': 56}",3,3,63,37,2,3,4,False,Rush,Isaiah Jacobs run for 4 yds to the ALST 33 for a 1ST down,0.0092594195029285,2025-08-29T01:05:30.000Z
401762430,4017624303,401762430101919101,3,8,UAB,American Athletic,3,Alabama State,SWAC,7,UAB,Alabama State,1,"{'minutes': 8, 'seconds': 8}",3,3,67,33,1,10,5,False,Pass Reception,Jalen Kitna pass complete to Iverson Hooks for 5 yds to the ALST 28,0.079824986683601,2025-08-29T01:05:30.000Z
401762430,4017624303,401762430101924801,3,9,UAB,American Athletic,3,Alabama State,SWAC,7,UAB,Alabama State,1,"{'minutes': 7, 'seconds': 51}",3,3,72,28,2,5,6,False,Pass Reception,Jalen Kitna pass complete to Iverson Hooks for 6 yds to the ALST 22 for a 1ST down,0.175627020169927,2025-08-29T01:05:30.000Z
401762430,4017624303,401762430101926701,3,10,UAB,American Athletic,3,Alabama State,SWAC,7,UAB,Alabama State,1,"{'minutes': 7, 'seconds': 32}",3,3,78,22,1,10,8,False,Rush,Jevon Jackson run for 8 yds to the ALST 14,0.464651193572722,2025-08-29T01:05:30.000Z
401762430,4017624303,401762430101928501,3,11,UAB,American Athletic,3,Alabama State,SWAC,7,UAB,Alabama State,1,"{'minutes': 7, 'seconds': 14}",3,3,86,14,2,2,1,False,Rush,Jevon Jackson run for 1 yd to the ALST 13,-0.41936557184132,2025-08-29T01:05:30.000Z
401762430,4017624303,401762430101937601,3,13,UAB,American Athletic,10,Alabama State,SWAC,7,UAB,Alabama State,1,"{'minutes': 6, 'seconds': 23}",3,3,92,8,1,8,8,True,Passing Touchdown,Jalen Kitna pass complete to Iverson Hooks for 8 yds for a TD (Jonah Delange KICK),2.319599568699692,2025-08-29T01:05:30.000Z
401762430,4017624304,401762430101998002,4,12,Alabama State,SWAC,7,UAB,American Athletic,10,UAB,Alabama State,1,"{'minutes': 0, 'seconds': 0}",3,3,23,23,0,2,9,False,End Period,End of 1st Quarter,,2025-08-29T01:05:30.000Z
401762430,4017624304,401762430101938001,4,1,UAB,American Athletic,10,Alabama State,SWAC,7,UAB,Alabama State,1,"{'minutes': 6, 'seconds': 19}",3,3,35,65,1,10,19,False,Kickoff,"Owen Simpson kickoff for 65 yds , Jahbari Kuykendall return for 19 yds to the ALST 19",,2025-08-29T01:05:30.000Z
401762430,4017624304,401762430101959001,4,5,Alabama State,SWAC,7,UAB,American Athletic,10,UAB,Alabama State,1,"{'minutes': 4, 'seconds': 9}",3,3,43,43,1,10,5,False,Penalty,"(04:13) No Huddle-Shotgun Hostzclaw,Jamarie rush right for 6 yards gain to the UAB37 (Ennis,Eli) PENALTY UAB Offside (Morrison,Amorie) 5 yards from UAB43 to UAB38. NO PLAY.",,2025-08-29T01:05:30.000Z
401762430,4017624304,401762430101938901,4,2,Alabama State,SWAC,7,UAB,American Athletic,10,UAB,Alabama State,1,"{'minutes': 6, 'seconds': 10}",3,3,81,81,1,10,-3,False,Rush,Jamarie Hostzclaw run for a loss of 3 yards to the ALST 16,-0.7153237677572752,2025-08-29T01:05:30.000Z
401762430,4017624304,401762430101947101,4,3,Alabama State,SWAC,7,UAB,American Athletic,10,UAB,Alabama State,1,"{'minutes': 5, 'seconds': 28}",3,3,84,84,2,13,6,False,Rush,Andrew Body run for 6 yds to the ALST 22,0.07520449320441713,2025-08-29T01:05:30.000Z
401762430,4017624304,401762430101955401,4,4,Alabama State,SWAC,7,UAB,American Athletic,10,UAB,Alabama State,1,"{'minutes': 4, 'seconds': 45}",3,3,78,78,3,7,35,False,Pass Reception,Andrew Body pass complete to Jalen Jones for 35 yds to the UAB 43 for a 1ST down,3.7263687076248004,2025-08-29T01:05:30.000Z
401762430,4017624304,401762430101965501,4,6,Alabama State,SWAC,7,UAB,American Athletic,10,UAB,Alabama State,1,"{'minutes': 3, 'seconds': 44}",3,3,38,38,1,5,3,False,Rush,Jamarie Hostzclaw run for 3 yds to the UAB 35,-0.274517945124121,2025-08-29T01:05:30.000Z
401762430,4017624304,401762430101969501,4,7,Alabama State,SWAC,7,UAB,American Athletic,10,UAB,Alabama State,1,"{'minutes': 3, 'seconds': 4}",3,3,35,35,2,2,-1,False,Rush,Jamarie Hostzclaw run for a loss of 1 yard to the UAB 36,-1.123330998856872,2025-08-29T01:05:30.000Z
401762430,4017624304,401762430101977601,4,8,Alabama State,SWAC,7,UAB,American Athletic,10,UAB,Alabama State,1,"{'minutes': 2, 'seconds': 23}",3,3,36,36,3,3,5,False,Rush,Andrew Body run for 5 yds to the UAB 31 for a 1ST down,0.942106971624172,2025-08-29T01:05:30.000Z
401762430,4017624304,401762430101985901,4,9,Alabama State,SWAC,7,UAB,American Athletic,10,UAB,Alabama State,1,"{'minutes': 1, 'seconds': 40}",3,3,31,31,1,10,1,False,Rush,Jamarie Hostzclaw run for 1 yd to the UAB 30,-0.4430810195122044,2025-08-29T01:05:30.000Z
401762430,4017624304,401762430101994001,4,10,Alabama State,SWAC,7,UAB,American Athletic,10,UAB,Alabama State,1,"{'minutes': 0, 'seconds': 59}",3,3,30,30,2,9,7,False,Rush,Jamarie Hostzclaw run for 7 yds to the UAB 23,0.3323590522288114,2025-08-29T01:05:30.000Z
401762430,4017624304,401762430101998001,4,11,Alabama State,SWAC,7,UAB,American Athletic,10,UAB,Alabama State,1,"{'minutes': 0, 'seconds': 19}",3,3,23,23,3,2,9,False,Rush,Andrew Body run for 9 yds to the UAB 14 for a 1ST down,0.4043849621772595,2025-08-29T01:05:30.000Z
401762430,4017624304,401762430102854301,4,13,Alabama State,SWAC,14,UAB,American Athletic,10,UAB,Alabama State,2,"{'minutes': 14, 'seconds': 56}",3,3,14,14,1,10,14,True,Passing Touchdown,Andrew Body pass complete to Dylan Djete for 14 yds for a TD (Andrew Abu-Akel KICK),2.5482831751790815,2025-08-29T01:07:24.000Z
401762430,4017624305,401762430102854701,5,1,Alabama State,SWAC,14,UAB,American Athletic,10,UAB,Alabama State,2,"{'minutes': 14, 'seconds': 52}",3,3,65,65,1,10,5,False,Kickoff,"Stewart McCall II kickoff for 51 yds , Solomon Beebe return for 5 yds to the UAB 19",,2025-08-29T01:54:04.000Z
401762430,4017624305,401762430102855401,5,2,UAB,American Athletic,10,Alabama State,SWAC,14,UAB,Alabama State,2,"{'minutes': 14, 'seconds': 45}",3,3,19,81,1,10,20,False,Pass Reception,Jalen Kitna pass complete to Corri Milliner for 20 yds to the UAB 39 for a 1ST down,1.5836034845379305,2025-08-29T01:54:04.000Z
401762430,4017624305,401762430102857501,5,3,UAB,American Athletic,10,Alabama State,SWAC,14,UAB,Alabama State,2,"{'minutes': 14, 'seconds': 24}",3,3,39,61,1,10,12,False,Rush,Solomon Beebe run for 12 yds to the ALST 49 for a 1ST down,1.0926854848276177,2025-08-29T01:54:04.000Z
401762430,4017624305,401762430102859701,5,4,UAB,American Athletic,17,Alabama State,SWAC,14,UAB,Alabama State,2,"{'minutes': 14, 'seconds': 2}",3,3,51,49,1,10,49,True,Passing Touchdown,Jalen Kitna pass complete to Corri Milliner for 49 yds for a TD (Jonah Delange KICK),3.7623305516372483,2025-08-29T01:13:45.000Z
401762430,4017624306,401762430102859703,6,1,UAB,American Athletic,17,Alabama State,SWAC,14,UAB,Alabama State,2,"{'minutes': 14, 'seconds': 2}",3,3,35,65,1,10,0,False,Kickoff,Owen Simpson kickoff for 65 yds for a touchback,,2025-08-29T01:13:45.000Z
401762430,4017624306,401762430102876701,6,5,Alabama State,SWAC,14,UAB,American Athletic,17,UAB,Alabama State,2,"{'minutes': 12, 'seconds': 32}",3,3,74,74,4,9,19,False,Punt,"Harrison Tuck punt for 45 yds, punt out-of-bounds at the UAB 48 , Iverson Hooks returns for 19 yds to the UAB 48",,2025-08-29T01:54:04.000Z
401762430,4017624306,401762430102864601,6,2,Alabama State,SWAC,14,UAB,American Athletic,17,UAB,Alabama State,2,"{'minutes': 13, 'seconds': 53}",3,3,75,75,1,10,5,False,Rush,Andrew Body run for 5 yds to the ALST 30,0.0945451165334843,2025-08-29T01:54:04.000Z
401762430,4017624306,401762430102867001,6,3,Alabama State,SWAC,14,UAB,American Athletic,17,UAB,Alabama State,2,"{'minutes': 13, 'seconds': 29}",3,3,70,70,2,5,0,False,Pass Incompletion,Andrew Body pass incomplete to Derick Harden,-0.7537324720659102,2025-08-29T01:54:04.000Z
401762430,4017624306,401762430102868001,6,4,Alabama State,SWAC,14,UAB,American Athletic,17,UAB,Alabama State,2,"{'minutes': 13, 'seconds': 19}",3,3,70,70,3,5,-4,False,Sack,Andrew Body sacked by Calvin Pitcher for a loss of 4 yards to the ALST 26,-0.5253738231302858,2025-08-29T01:54:04.000Z
401762430,4017624307,401762430102877701,7,1,UAB,American Athletic,17,Alabama State,SWAC,14,UAB,Alabama State,2,"{'minutes': 12, 'seconds': 22}",3,3,48,52,1,10,5,False,Rush,Solomon Beebe run for 5 yds to the ALST 47,0.1045373160815773,2025-08-29T01:54:04.000Z
401762430,4017624307,401762430102884301,7,2,UAB,American Athletic,17,Alabama State,SWAC,14,UAB,Alabama State,2,"{'minutes': 11, 'seconds': 56}",3,3,53,47,2,5,9,False,Rush,Solomon Beebe run for 9 yds to the ALST 38 for a 1ST down,0.8089243240436657,2025-08-29T01:54:04.000Z
401762430,4017624307,401762430102888601,7,3,UAB,American Athletic,17,Alabama State,SWAC,14,UAB,Alabama State,2,"{'minutes': 11, 'seconds': 13}",3,3,62,38,1,10,10,False,Pass Reception,Jalen Kitna pass complete to Corri Milliner for 10 yds to the ALST 28 for a 1ST down,0.330578174446757,2025-08-29T01:54:04.000Z
401762430,4017624307,401762430102897801,7,4,UAB,American Athletic,17,Alabama State,SWAC,14,UAB,Alabama State,2,"{'minutes': 10, 'seconds': 21}",3,3,72,28,1,10,16,False,Pass Reception,Jalen Kitna pass complete to Solomon Beebe for 16 yds to the ALST 12 for a 1ST down,0.2339199321025055,2025-08-29T01:54:04.000Z
401762430,4017624307,401762430102905201,7,5,UAB,American Athletic,17,Alabama State,SWAC,14,UAB,Alabama State,2,"{'minutes': 9, 'seconds': 47}",3,3,88,12,1,10,6,False,Rush,Jevon Jackson run for 6 yds to the ALST 6,0.1802070190916435,2025-08-29T01:54:04.000Z
401762430,4017624307,401762430102907201,7,6,UAB,American Athletic,17,Alabama State,SWAC,14,UAB,Alabama State,2,"{'minutes': 9, 'seconds': 27}",3,3,94,6,2,4,2,False,Rush,Jevon Jackson run for 2 yds to the ALST 4,-0.214637322558069,2025-08-29T01:54:04.000Z
401762430,4017624307,401762430102909401,7,7,UAB,American Athletic,17,Alabama State,SWAC,14,UAB,Alabama State,2,"{'minutes': 9, 'seconds': 5}",3,3,96,4,3,2,1,False,Rush,Jevon Jackson run for 1 yd to the ALST 3,-0.252780610187641,2025-08-29T01:54:04.000Z
401762430,4017624307,401762430102916701,7,8,UAB,American Athletic,17,Alabama State,SWAC,14,UAB,Alabama State,2,"{'minutes': 8, 'seconds': 32}",3,3,97,3,4,1,0,False,Rush,Jevon Jackson run for no gain to the ALST 3,-4.182694544310008,2025-08-29T01:32:30.000Z
401762430,4017624308,401762430102998001,8,15,Alabama State,SWAC,14,UAB,American Athletic,17,UAB,Alabama State,2,"{'minutes': 0, 'seconds': 19}",3,3,21,21,1,10,-5,False,Penalty,"Alabama State Penalty, Illegal Forward Pass (Andrew Body) to the UAB 25",,2025-08-29T01:48:06.000Z
401762430,4017624308,401762430102998602,8,17,Alabama State,SWAC,14,UAB,American Athletic,17,UAB,Alabama State,2,"{'minutes': 0, 'seconds': 13}",3,2,31,31,3,20,0,False,Timeout,"Timeout UAB, clock 00:13",,2025-08-29T01:50:14.000Z
401762430,4017624308,401762430102999902,8,19,Alabama State,SWAC,21,UAB,American Athletic,17,UAB,Alabama State,2,"{'minutes': 0, 'seconds': 0}",3,2,65,65,0,10,0,False,End of Half,End of 2nd Quarter,,2025-08-29T01:54:04.000Z
401762430,4017624308,401762430102917601,8,1,Alabama State,SWAC,14,UAB,American Athletic,17,UAB,Alabama State,2,"{'minutes': 8, 'seconds': 23}",3,3,97,97,1,10,5,False,Rush,Marcus Harris II run for 5 yds to the ALST 8,0.06184263743594176,2025-08-29T01:54:04.000Z
401762430,4017624308,401762430102925301,8,2,Alabama State,SWAC,14,UAB,American Athletic,17,UAB,Alabama State,2,"{'minutes': 7, 'seconds': 46}",3,3,92,92,2,5,4,False,Rush,Marcus Harris II run for 4 yds to the ALST 12,-0.03191908731343318,2025-08-29T01:54:04.000Z
401762430,4017624308,401762430102934601,8,3,Alabama State,SWAC,14,UAB,American Athletic,17,UAB,Alabama State,2,"{'minutes': 6, 'seconds': 53}",3,3,88,88,3,1,3,False,Rush,Ajai Harrell run for 3 yds to the ALST 15 for a 1ST down,0.30663346174218287,2025-08-29T01:54:04.000Z
401762430,4017624308,401762430102937701,8,4,Alabama State,SWAC,14,UAB,American Athletic,17,UAB,Alabama State,2,"{'minutes': 6, 'seconds': 22}",3,3,85,85,1,10,4,False,Rush,Jamarie Hostzclaw run for 4 yds to the ALST 19,-0.0658646968869041,2025-08-29T01:37:16.000Z
401762430,4017624308,401762430102946201,8,5,Alabama State,SWAC,14,UAB,American Athletic,17,UAB,Alabama State,2,"{'minutes': 5, 'seconds': 37}",3,3,81,81,2,6,0,False,Pass Reception,Andrew Body pass complete to Jalen Jones for no gain to the ALST 19,-0.4060245273248624,2025-08-29T01:54:04.000Z
401762430,4017624308,401762430102954701,8,6,Alabama State,SWAC,14,UAB,American Athletic,17,UAB,Alabama State,2,"{'minutes': 4, 'seconds': 52}",3,3,81,81,3,6,9,False,Rush,Andrew Body run for 9 yds to the ALST 28 for a 1ST down,1.2372180618209239,2025-08-29T01:54:04.000Z
401762430,4017624308,401762430102959001,8,7,Alabama State,SWAC,14,UAB,American Athletic,17,UAB,Alabama State,2,"{'minutes': 4, 'seconds': 9}",3,3,72,72,1,10,11,False,Pass Reception,Andrew Body pass complete to Ajai Harrell for 11 yds to the ALST 39 for a 1ST down,1.0006166758011863,2025-08-29T01:54:04.000Z
401762430,4017624308,401762430102965801,8,8,Alabama State,SWAC,14,UAB,American Athletic,17,UAB,Alabama State,2,"{'minutes': 3, 'seconds': 41}",3,3,61,61,1,10,2,False,Rush,Jamarie Hostzclaw run for 2 yds to the ALST 41,-0.673782181215797,2025-08-29T01:54:04.000Z
401762430,4017624308,401762430102969901,8,9,Alabama State,SWAC,14,UAB,American Athletic,17,UAB,Alabama State,2,"{'minutes': 3, 'seconds': 0}",3,3,59,59,2,8,9,False,Pass Reception,Andrew Body pass complete to Ajai Harrell for 9 yds to the 50 yard line for a 1ST down,1.68738628555929,2025-08-29T01:54:04.000Z
401762430,4017624308,401762430102976701,8,10,Alabama State,SWAC,14,UAB,American Athletic,17,UAB,Alabama State,2,"{'minutes': 2, 'seconds': 32}",3,3,50,50,1,10,2,False,Rush,Andrew Body run for 2 yds to the UAB 48,-0.63044122362105,2025-08-29T01:54:04.000Z
401762430,4017624308,401762430102985401,8,11,Alabama State,SWAC,14,UAB,American Athletic,17,UAB,Alabama State,2,"{'minutes': 1, 'seconds': 45}",3,3,48,48,2,8,7,False,Rush,Andrew Body run for 7 yds to the UAB 41,0.59263087678702,2025-08-29T01:54:04.000Z
401762430,4017624308,401762430102989001,8,12,Alabama State,SWAC,14,UAB,American Athletic,17,UAB,Alabama State,2,"{'minutes': 1, 'seconds': 9}",3,3,41,41,3,1,2,False,Rush,Marcus Harris II run for 2 yds to the UAB 39 for a 1ST down,0.738783724023852,2025-08-29T01:46:04.000Z
401762430,4017624308,401762430102996001,8,13,Alabama State,SWAC,14,UAB,American Athletic,17,UAB,Alabama State,2,"{'minutes': 0, 'seconds': 39}",3,3,39,39,1,10,0,False,Pass Incompletion,Andrew Body pass incomplete to Dylan Djete,-0.814236079442537,2025-08-29T01:47:14.000Z
401762430,4017624308,401762430102996901,8,14,Alabama State,SWAC,14,UAB,American Athletic,17,UAB,Alabama State,2,"{'minutes': 0, 'seconds': 30}",3,3,39,39,2,10,18,False,Pass Reception,Andrew Body pass complete to Jalen Jones for 18 yds to the UAB 21 for a 1ST down,1.322377820578595,2025-08-29T01:54:04.000Z
401762430,4017624308,401762430102998601,8,16,Alabama State,SWAC,14,UAB,American Athletic,17,UAB,Alabama State,2,"{'minutes': 0, 'seconds': 13}",3,3,25,25,2,14,-6,False,Sack,Andrew Body sacked by Chris Burge for a loss of 6 yards to the UAB 31,-1.930128439167854,2025-08-29T01:50:14.000Z
401762430,4017624308,401762430102999401,8,18,Alabama State,SWAC,21,UAB,American Athletic,17,UAB,Alabama State,2,"{'minutes': 0, 'seconds': 5}",3,2,31,31,3,20,31,True,Passing Touchdown,Andrew Body pass complete to Ajai Harrell for 31 yds for a TD (Andrew Abu-Akel KICK),5.358348461954277,2025-08-29T01:51:23.000Z
401762430,4017624309,401762430103854401,9,2,UAB,American Athletic,17,Alabama State,SWAC,21,UAB,Alabama State,3,"{'minutes': 14, 'seconds': 55}",3,3,35,65,1,10,28,False,Kickoff,"Owen Simpson kickoff for 61 yds , Nehemiah Hixon return for 28 yds to the ALST 32",,2025-08-29T02:16:11.000Z
401762430,4017624309,401762430103894102,9,11,Alabama State,SWAC,21,UAB,American Athletic,17,UAB,Alabama State,3,"{'minutes': 10, 'seconds': 58}",3,3,10,10,2,10,5,False,Penalty,"PENALTY UAB Offside (Smalls,Eamon) 5 yards from UAB10 to UAB05. NO PLAY.",,2025-08-29T02:23:53.000Z
401762430,4017624309,401762430102999901,9,1,Alabama State,SWAC,21,UAB,American Athletic,17,UAB,Alabama State,2,"{'minutes': 0, 'seconds': 0}",3,2,65,65,1,10,32,False,Kickoff,"Stewart McCall II kickoff for 43 yds , Amari Brundidge return for 32 yds to the ALST 46",,2025-08-29T01:54:04.000Z
401762430,4017624309,401762430103855901,9,3,Alabama State,SWAC,21,UAB,American Athletic,17,UAB,Alabama State,3,"{'minutes': 14, 'seconds': 40}",3,3,68,68,1,10,6,False,Rush,Jamarie Hostzclaw run for 6 yds to the ALST 38,0.3855228600463665,2025-08-29T03:08:07.000Z
401762430,4017624309,401762430103857801,9,4,Alabama State,SWAC,21,UAB,American Athletic,17,UAB,Alabama State,3,"{'minutes': 14, 'seconds': 21}",3,3,62,62,2,4,5,False,Rush,Jamarie Hostzclaw run for 5 yds to the ALST 43 for a 1ST down,0.6684711580841665,2025-08-29T03:08:07.000Z
401762430,4017624309,401762430103866301,9,5,Alabama State,SWAC,21,UAB,American Athletic,17,UAB,Alabama State,3,"{'minutes': 13, 'seconds': 36}",3,3,57,57,1,10,25,False,Pass Reception,Andrew Body pass complete to Ajai Harrell for 25 yds to the UAB 32 for a 1ST down,1.593797271922364,2025-08-29T03:08:07.000Z
401762430,4017624309,401762430103869801,9,6,Alabama State,SWAC,21,UAB,American Athletic,17,UAB,Alabama State,3,"{'minutes': 13, 'seconds': 1}",3,3,32,32,1,10,12,False,Rush,Jamarie Hostzclaw run for 12 yds to the UAB 20 for a 1ST down,0.2535916965572634,2025-08-29T03:08:07.000Z
401762430,4017624309,401762430103876301,9,7,Alabama State,SWAC,21,UAB,American Athletic,17,UAB,Alabama State,3,"{'minutes': 12, 'seconds': 36}",3,3,20,20,1,10,4,False,Rush,Jamarie Hostzclaw run for 4 yds to the UAB 16,-0.026039089926776,2025-08-29T03:08:07.000Z
401762430,4017624309,401762430103884201,9,8,Alabama State,SWAC,21,UAB,American Athletic,17,UAB,Alabama State,3,"{'minutes': 11, 'seconds': 57}",3,3,16,16,2,6,5,False,Rush,Andrew Body run for 5 yds to the UAB 11,0.074364623415507,2025-08-29T03:08:07.000Z
401762430,4017624309,401762430103886501,9,9,Alabama State,SWAC,21,UAB,American Athletic,17,UAB,Alabama State,3,"{'minutes': 11, 'seconds': 34}",3,3,11,11,3,1,1,False,Rush,Andrew Body run for 1 yd to the UAB 10 for a 1ST down,0.055775353293526,2025-08-29T03:08:07.000Z
401762430,4017624309,401762430103894101,9,10,Alabama State,SWAC,21,UAB,American Athletic,17,UAB,Alabama State,3,"{'minutes': 10, 'seconds': 58}",3,3,10,10,1,10,0,False,Pass Incompletion,Andrew Body pass incomplete to Jalen Jones,-0.2853930592519426,2025-08-29T02:23:53.000Z
401762430,4017624309,401762430103895401,9,12,Alabama State,SWAC,21,UAB,American Athletic,17,UAB,Alabama State,3,"{'minutes': 10, 'seconds': 45}",3,3,5,5,2,5,0,False,Rush,Karl Ligon run for no gain to the UAB 5,-0.32302193763867,2025-08-29T03:08:07.000Z
401762430,4017624309,401762430103898901,9,13,Alabama State,SWAC,28,UAB,American Athletic,17,UAB,Alabama State,3,"{'minutes': 10, 'seconds': 10}",3,3,5,5,3,5,5,True,Passing Touchdown,Andrew Body pass complete to Asa Gregg for 5 yds for a TD (Andrew Abu-Akel KICK),2.76159962916859,2025-08-29T02:25:12.000Z
401762430,40176243010,401762430103899601,10,1,Alabama State,SWAC,28,UAB,American Athletic,17,UAB,Alabama State,3,"{'minutes': 10, 'seconds': 3}",3,3,65,65,1,10,32,False,Kickoff,"Stewart McCall II kickoff for 63 yds , Solomon Beebe return for 32 yds to the UAB 34",,2025-08-29T03:08:07.000Z
401762430,40176243010,401762430103905001,10,2,UAB,American Athletic,17,Alabama State,SWAC,28,UAB,Alabama State,3,"{'minutes': 9, 'seconds': 49}",3,3,34,66,1,10,0,False,Pass Reception,Jalen Kitna pass complete to Brandon Hawkins Jr. for no gain to the UAB 34,-0.9864556271674072,2025-08-29T03:08:07.000Z
401762430,40176243010,401762430103908201,10,3,UAB,American Athletic,17,Alabama State,SWAC,28,UAB,Alabama State,3,"{'minutes': 9, 'seconds': 17}",3,3,34,66,2,10,23,False,Pass Reception,"Jalen Kitna pass complete to Iverson Hooks for 33 yds to the ALST 33 for a 1ST down UAB Penalty, Illegal Block (Brandon Hawkins Jr.) to the ALST 43 for a 1ST down",2.970854928966167,2025-08-29T03:08:07.000Z
401762430,40176243010,401762430103914501,10,4,UAB,American Athletic,17,Alabama State,SWAC,28,UAB,Alabama State,3,"{'minutes': 8, 'seconds': 54}",3,3,57,43,1,10,0,False,Pass Incompletion,Jalen Kitna pass incomplete to Brandon Hawkins Jr.,-0.9391692565688832,2025-08-29T03:08:07.000Z
401762430,40176243010,401762430103915301,10,5,UAB,American Athletic,17,Alabama State,SWAC,28,UAB,Alabama State,3,"{'minutes': 8, 'seconds': 46}",3,3,57,43,2,10,-1,False,Rush,Jevon Jackson run for a loss of 1 yard to the ALST 44,-1.2750671467054016,2025-08-29T03:08:07.000Z
401762430,40176243010,401762430103924001,10,6,UAB,American Athletic,17,Alabama State,SWAC,28,UAB,Alabama State,3,"{'minutes': 7, 'seconds': 59}",3,3,56,44,3,11,41,False,Pass Reception,Jalen Kitna pass complete to Brandon Hawkins Jr. for 41 yds to the ALST 3 for a 1ST down,4.102154758473802,2025-08-29T03:08:07.000Z
401762430,40176243010,401762430103925401,10,7,UAB,American Athletic,23,Alabama State,SWAC,28,UAB,Alabama State,3,"{'minutes': 7, 'seconds': 45}",3,3,97,3,1,3,3,True,Rushing Touchdown,Jevon Jackson run for 3 yds for a TD (Two-Point Conversion failed),1.464451732731337,2025-08-29T03:08:07.000Z
401762430,40176243011,401762430103925601,11,1,UAB,American Athletic,23,Alabama State,SWAC,28,UAB,Alabama State,3,"{'minutes': 7, 'seconds': 43}",3,3,35,65,1,10,0,False,Kickoff,"Owen Simpson kickoff for 60 yds , Nehemiah Hixon return for no gain to the ALST 5",,2025-08-29T03:08:07.000Z
401762430,40176243011,401762430103939701,11,5,Alabama State,SWAC,28,UAB,American Athletic,23,UAB,Alabama State,3,"{'minutes': 6, 'seconds': 2}",3,3,96,96,4,11,19,False,Punt,"Harrison Tuck punt for 48 yds , Iverson Hooks returns for 19 yds to the ALST 33",,2025-08-29T02:45:36.000Z
401762430,40176243011,401762430103926201,11,2,Alabama State,SWAC,28,UAB,American Athletic,23,UAB,Alabama State,3,"{'minutes': 7, 'seconds': 37}",3,3,95,95,1,10,0,False,Rush,Jahbari Kuykendall run for no gain to the ALST 5,-0.2817215454175761,2025-08-29T03:08:07.000Z
401762430,40176243011,401762430103934201,11,3,Alabama State,SWAC,28,UAB,American Athletic,23,UAB,Alabama State,3,"{'minutes': 6, 'seconds': 57}",3,3,95,95,2,10,-1,False,Rush,Marcus Harris II run for a loss of 1 yard to the ALST 4,-0.13654870929606933,2025-08-29T03:08:07.000Z
401762430,40176243011,401762430103938501,11,4,Alabama State,SWAC,28,UAB,American Athletic,23,UAB,Alabama State,3,"{'minutes': 6, 'seconds': 14}",3,3,96,96,3,11,0,False,Pass Incompletion,Andrew Body pass incomplete to Dylan Djete,-0.04225479598355531,2025-08-29T02:41:44.000Z
401762430,40176243012,401762430103945401,12,1,UAB,American Athletic,23,Alabama State,SWAC,28,UAB,Alabama State,3,"{'minutes': 5, 'seconds': 45}",3,3,67,33,1,10,7,False,Rush,Jalen Kitna run for 7 yds to the ALST 26,0.376233844475481,2025-08-29T03:08:07.000Z
401762430,40176243012,401762430103949301,12,2,UAB,American Athletic,23,Alabama State,SWAC,28,UAB,Alabama State,3,"{'minutes': 5, 'seconds': 6}",3,3,74,26,2,3,13,False,Pass Reception,Jalen Kitna pass complete to Iverson Hooks for 13 yds to the ALST 13 for a 1ST down,-0.01208828601934,2025-08-29T03:08:07.000Z
401762430,40176243012,401762430103956501,12,3,UAB,American Athletic,23,Alabama State,SWAC,28,UAB,Alabama State,3,"{'minutes': 4, 'seconds': 34}",3,3,87,13,1,10,8,False,Rush,Solomon Beebe run for 8 yds to the ALST 5,0.446550170719648,2025-08-29T03:08:07.000Z
401762430,40176243012,401762430103958901,12,4,UAB,American Athletic,31,Alabama State,SWAC,28,UAB,Alabama State,3,"{'minutes': 4, 'seconds': 10}",3,3,95,5,2,2,5,True,Rushing Touchdown,Solomon Beebe run for 5 yds for a TD (J. Jackson Run For Two-point Conversion),2.092379044326199,2025-08-29T02:48:05.000Z
401762430,40176243013,401762430103958903,13,1,UAB,American Athletic,31,Alabama State,SWAC,28,UAB,Alabama State,3,"{'minutes': 4, 'seconds': 10}",3,3,35,65,1,10,0,False,Kickoff,Owen Simpson kickoff for 65 yds for a touchback,,2025-08-29T02:48:05.000Z
401762430,40176243013,401762430103976001,13,5,Alabama State,SWAC,28,UAB,American Athletic,31,UAB,Alabama State,3,"{'minutes': 2, 'seconds': 39}",3,3,48,48,3,8,15,False,Penalty,"(02:43) No Huddle-Shotgun Body,Andrew pass incomplete deep right to Jones,Jalen thrown to UAB12 PENALTY UAB Pass Interference (Vessel,Jeremiah) 15 yards from UAB48 to UAB33, 1ST DOWN. NO PLAY.",,2025-08-29T02:55:55.000Z
401762430,40176243013,401762430103964401,13,2,Alabama State,SWAC,28,UAB,American Athletic,31,UAB,Alabama State,3,"{'minutes': 3, 'seconds': 55}",3,3,75,75,1,10,25,False,Rush,Andrew Body run for 25 yds to the 50 yard line for a 1ST down,2.2363431875999487,2025-08-29T03:08:07.000Z
401762430,40176243013,401762430103967301,13,3,Alabama State,SWAC,28,UAB,American Athletic,31,UAB,Alabama State,3,"{'minutes': 3, 'seconds': 26}",3,3,50,50,1,10,0,False,Pass Incompletion,Andrew Body pass incomplete to Ajai Harrell,-1.1143038065675126,2025-08-29T03:08:07.000Z
401762430,40176243013,401762430103968501,13,4,Alabama State,SWAC,28,UAB,American Athletic,31,UAB,Alabama State,3,"{'minutes': 3, 'seconds': 14}",3,3,50,50,2,10,2,False,Rush,Jamarie Hostzclaw run for 2 yds to the UAB 48,-0.6205479306066408,2025-08-29T03:08:07.000Z
401762430,40176243013,401762430103976901,13,6,Alabama State,SWAC,28,UAB,American Athletic,31,UAB,Alabama State,3,"{'minutes': 2, 'seconds': 30}",3,3,33,33,1,10,-11,False,Fumble Recovery (Opponent),"Andrew Body run for a loss of 11 yards to the UAB 44 Andrew Body fumbled, recovered by UAB Devin Hightower",-4.096925226498012,2025-08-29T02:57:44.000Z
401762430,40176243014,401762430103976903,14,1,UAB,American Athletic,31,Alabama State,SWAC,28,UAB,Alabama State,3,"{'minutes': 2, 'seconds': 30}",2,3,54,46,1,10,0,False,Timeout,"Timeout UAB, clock 02:30",,2025-08-29T02:57:44.000Z
401762430,40176243014,401762430103978501,14,2,UAB,American Athletic,31,Alabama State,SWAC,28,UAB,Alabama State,3,"{'minutes': 2, 'seconds': 14}",2,3,44,56,1,10,10,False,Pass Reception,Jalen Kitna pass complete to Xavier Daisy for 10 yds to the ALST 46 for a 1ST down,0.8268953732448417,2025-08-29T03:08:07.000Z
401762430,40176243014,401762430103985701,14,3,UAB,American Athletic,38,Alabama State,SWAC,28,UAB,Alabama State,3,"{'minutes': 1, 'seconds': 42}",2,3,54,46,1,10,46,True,Rushing Touchdown,Jevon Jackson run for 46 yds for a TD (Jonah Delange KICK),3.5432874081344643,2025-08-29T03:01:55.000Z
401762430,40176243015,401762430103986301,15,1,UAB,American Athletic,38,Alabama State,SWAC,28,UAB,Alabama State,3,"{'minutes': 1, 'seconds': 36}",2,3,35,65,1,10,26,False,Kickoff,"Owen Simpson kickoff for 59 yds , Nehemiah Hixon return for 26 yds to the ALST 32",,2025-08-29T03:08:07.000Z
401762430,40176243015,401762430103989801,15,3,Alabama State,SWAC,28,UAB,American Athletic,38,UAB,Alabama State,3,"{'minutes': 1, 'seconds': 1}",3,2,67,67,2,9,-5,False,Penalty,"(01:09) No Huddle-Shotgun Body,Andrew pass complete short middle to Saunders,Tyree caught at ASU47, for 14 yards to the ASU47 (Crozier,Isaiah) PENALTY ASU Ineligible Downfield on Pass (Frazier,Jeremiah) 5 yards from ASU33 to ASU28. NO PLAY.",,2025-08-29T03:06:51.000Z
401762430,40176243015,401762430103999902,15,5,Alabama State,SWAC,28,UAB,American Athletic,38,UAB,Alabama State,3,"{'minutes': 0, 'seconds': 0}",3,2,72,72,0,14,2,False,End Period,End of 3rd Quarter,,2025-08-29T03:08:07.000Z
401762430,40176243015,401762430103987001,15,2,Alabama State,SWAC,28,UAB,American Athletic,38,UAB,Alabama State,3,"{'minutes': 1, 'seconds': 29}",3,2,68,68,1,10,1,False,Rush,Karl Ligon run for 1 yd to the ALST 33,-0.7658255968233298,2025-08-29T03:05:59.000Z
401762430,40176243015,401762430103999901,15,4,Alabama State,SWAC,28,UAB,American Athletic,38,UAB,Alabama State,3,"{'minutes': 0, 'seconds': 0}",3,2,72,72,2,14,2,False,Pass Reception,Andrew Body pass complete to Jamarie Hostzclaw for 2 yds to the ALST 30,-0.1848164426175103,2025-08-29T03:08:07.000Z
401762430,40176243015,401762430104855601,15,6,Alabama State,SWAC,28,UAB,American Athletic,38,UAB,Alabama State,4,"{'minutes': 14, 'seconds': 43}",3,2,70,70,3,12,15,False,Pass Reception,Andrew Body pass complete to Asa Gregg for 15 yds to the ALST 45 for a 1ST down,2.812327809317117,2025-08-28T04:13:55.000Z
401762430,40176243015,401762430104859101,15,7,Alabama State,SWAC,28,UAB,American Athletic,38,UAB,Alabama State,4,"{'minutes': 14, 'seconds': 8}",3,2,55,55,1,10,11,False,Pass Reception,Andrew Body pass complete to Asa Gregg for 11 yds to the UAB 44 for a 1ST down,0.8637308798063437,2025-08-28T04:13:55.000Z
401762430,40176243015,401762430104866801,15,8,Alabama State,SWAC,28,UAB,American Athletic,38,UAB,Alabama State,4,"{'minutes': 13, 'seconds': 31}",3,2,44,44,1,10,37,False,Pass Reception,"Andrew Body pass complete to Jalen Jones for 37 yds to the UAB 7 for a 1ST down UAB Penalty, Defensive Offside (Yards) declined for a 1ST down",1.2161277271828104,2025-08-29T03:15:30.000Z
401762430,40176243015,401762430104869001,15,9,Alabama State,SWAC,35,UAB,American Athletic,38,UAB,Alabama State,4,"{'minutes': 13, 'seconds': 9}",3,2,7,7,1,7,7,True,Rushing Touchdown,Jamarie Hostzclaw run for 7 yds for a TD (Andrew Abu-Akel KICK),2.196754630327211,2025-08-29T03:15:30.000Z
401762430,40176243016,401762430104869901,16,1,Alabama State,SWAC,35,UAB,American Athletic,38,UAB,Alabama State,4,"{'minutes': 13, 'seconds': 0}",3,2,65,65,1,10,25,False,Kickoff,"Stewart McCall II kickoff for 50 yds , Solomon Beebe return for 25 yds to the UAB 40",,2025-08-28T04:13:55.000Z
401762430,40176243016,401762430104885502,16,6,UAB,American Athletic,38,Alabama State,SWAC,35,UAB,Alabama State,4,"{'minutes': 11, 'seconds': 44}",1,3,58,42,3,6,0,False,Timeout,"Timeout UAB, clock 11:44",,2025-08-29T03:22:45.000Z
401762430,40176243016,401762430104875001,16,2,UAB,American Athletic,38,Alabama State,SWAC,35,UAB,Alabama State,4,"{'minutes': 12, 'seconds': 49}",2,3,40,60,1,10,7,False,Rush,Isaiah Jacobs run for 7 yds to the UAB 47,0.7032387839448688,2025-08-28T04:13:55.000Z
401762430,40176243016,401762430104877301,16,3,UAB,American Athletic,38,Alabama State,SWAC,35,UAB,Alabama State,4,"{'minutes': 12, 'seconds': 26}",2,3,47,53,2,3,7,False,Rush,Jalen Kitna run for 7 yds to the ALST 46 for a 1ST down,0.5103744120643423,2025-08-28T04:13:55.000Z
401762430,40176243016,401762430104884301,16,4,UAB,American Athletic,38,Alabama State,SWAC,35,UAB,Alabama State,4,"{'minutes': 11, 'seconds': 56}",2,3,54,46,1,10,0,False,Pass Incompletion,Jalen Kitna pass incomplete to Evan McCray,-1.0250974847844603,2025-08-28T04:13:55.000Z
401762430,40176243016,401762430104885501,16,5,UAB,American Athletic,38,Alabama State,SWAC,35,UAB,Alabama State,4,"{'minutes': 11, 'seconds': 44}",2,3,54,46,2,10,4,False,Pass Reception,Jalen Kitna pass complete to Iverson Hooks for 4 yds to the ALST 42,-0.1632193515356094,2025-08-29T03:22:45.000Z
401762430,40176243016,401762430104889601,16,7,UAB,American Athletic,38,Alabama State,SWAC,35,UAB,Alabama State,4,"{'minutes': 11, 'seconds': 3}",1,3,58,42,3,6,2,False,Pass Reception,Jalen Kitna pass complete to Isaiah Jacobs for 2 yds to the ALST 40,-0.6288736015660203,2025-08-29T03:25:55.000Z
401762430,40176243016,401762430104895601,16,8,UAB,American Athletic,38,Alabama State,SWAC,35,UAB,Alabama State,4,"{'minutes': 10, 'seconds': 43}",1,3,60,40,4,4,8,False,Pass Reception,Jalen Kitna pass complete to Corri Milliner for 8 yds to the ALST 32 for a 1ST down,2.488958420431592,2025-08-29T03:33:30.000Z
401762430,40176243016,401762430104899301,16,9,UAB,American Athletic,38,Alabama State,SWAC,35,UAB,Alabama State,4,"{'minutes': 10, 'seconds': 6}",1,3,68,32,1,10,5,False,Rush,Isaiah Jacobs run for 5 yds to the ALST 27,0.0790402371080084,2025-08-28T04:13:55.000Z
401762430,40176243016,401762430104905401,16,10,UAB,American Athletic,38,Alabama State,SWAC,35,UAB,Alabama State,4,"{'minutes': 9, 'seconds': 45}",1,3,73,27,2,5,1,False,Rush,Isaiah Jacobs run for 1 yd to the ALST 26,-0.482635481350863,2025-08-28T04:13:55.000Z
401762430,40176243016,401762430104909801,16,11,UAB,American Athletic,38,Alabama State,SWAC,35,UAB,Alabama State,4,"{'minutes': 9, 'seconds': 1}",1,3,74,26,3,4,21,False,Rush,Isaiah Jacobs run for 21 yds to the ALST 5 for a 1ST down,1.391333829272943,2025-08-28T04:13:55.000Z
401762430,40176243016,401762430104917801,16,12,UAB,American Athletic,45,Alabama State,SWAC,35,UAB,Alabama State,4,"{'minutes': 8, 'seconds': 21}",1,3,95,5,1,5,5,True,Rushing Touchdown,Isaiah Jacobs run for 5 yds for a TD (Jonah Delange KICK),1.883780840558874,2025-08-29T03:33:30.000Z
401762430,40176243017,401762430104946201,17,7,Alabama State,SWAC,35,UAB,American Athletic,45,UAB,Alabama State,4,"{'minutes': 5, 'seconds': 37}",3,1,59,59,2,4,-10,False,Penalty,"(05:37) No Huddle-Shotgun Body,Andrew pass complete short left to Jones,Jalen caught at ASU40, for 16 yards to the UAB43 (Cheek,Jalen), out of bounds PENALTY ASU Holding (Gregg,Asa) 10 yards from ASU41 to ASU31. NO PLAY.",,2025-08-28T04:13:55.000Z
401762430,40176243017,401762430104917803,17,1,UAB,American Athletic,45,Alabama State,SWAC,35,UAB,Alabama State,4,"{'minutes': 8, 'seconds': 21}",1,3,35,65,1,10,0,False,Kickoff,Owen Simpson kickoff for 65 yds,,2025-08-29T03:33:30.000Z
401762430,40176243017,401762430104935801,17,5,Alabama State,SWAC,35,UAB,American Athletic,45,UAB,Alabama State,4,"{'minutes': 6, 'seconds': 41}",3,1,65,65,1,10,-63,False,Penalty,"Alabama State Penalty, Personal Foul (-63 Yards) to the ALST 35",,2025-08-29T03:40:45.000Z
401762430,40176243017,401762430104957101,17,9,Alabama State,SWAC,35,UAB,American Athletic,45,UAB,Alabama State,4,"{'minutes': 4, 'seconds': 28}",3,0,64,64,3,9,0,False,Timeout,"Timeout UAB, clock 04:28",,2025-08-29T03:45:17.000Z
401762430,40176243017,401762430104957102,17,10,Alabama State,SWAC,35,UAB,American Athletic,45,UAB,Alabama State,4,"{'minutes': 4, 'seconds': 28}",3,0,64,64,3,9,-5,False,Penalty,"PENALTY ASU False Start (Daniels,Desmond) 5 yards from ASU36 to ASU31. NO PLAY.",,2025-08-29T03:45:17.000Z
401762430,40176243017,401762430104954301,17,8,Alabama State,SWAC,35,UAB,American Athletic,45,UAB,Alabama State,4,"{'minutes': 4, 'seconds': 56}",3,1,69,69,2,14,5,False,Pass Reception,Andrew Body pass complete to Karl Ligon for 5 yds to the ALST 36,0.03087497016508677,2025-08-28T04:13:55.000Z
401762430,40176243017,401762430104919301,17,2,Alabama State,SWAC,35,UAB,American Athletic,45,UAB,Alabama State,4,"{'minutes': 8, 'seconds': 6}",3,1,75,75,1,10,4,False,Pass Reception,Andrew Body pass complete to Dylan Djete for 4 yds to the ALST 29,-0.1142886249388964,2025-08-28T04:13:55.000Z
401762430,40176243017,401762430104925701,17,3,Alabama State,SWAC,35,UAB,American Athletic,45,UAB,Alabama State,4,"{'minutes': 7, 'seconds': 42}",3,1,71,71,2,6,0,False,Pass Incompletion,Andrew Body pass incomplete to Ajai Harrell,-0.6509048869110972,2025-08-28T04:13:55.000Z
401762430,40176243017,401762430104927601,17,4,Alabama State,SWAC,35,UAB,American Athletic,45,UAB,Alabama State,4,"{'minutes': 7, 'seconds': 23}",3,1,71,71,3,6,6,False,Pass Reception,Andrew Body pass complete to Karl Ligon for 6 yds to the ALST 35 for a 1ST down,1.6002316208799803,2025-08-28T04:13:55.000Z
401762430,40176243017,401762430104945701,17,6,Alabama State,SWAC,35,UAB,American Athletic,45,UAB,Alabama State,4,"{'minutes': 5, 'seconds': 42}",3,1,65,65,1,10,6,False,Rush,Andrew Body run for 6 yds to the ALST 41,0.3983464844048346,2025-08-28T04:13:55.000Z
401762430,40176243017,401762430104958101,17,11,Alabama State,SWAC,42,UAB,American Athletic,45,UAB,Alabama State,4,"{'minutes': 4, 'seconds': 18}",3,0,69,69,3,14,69,True,Passing Touchdown,Andrew Body pass complete to Jalen Jones for 69 yds for a TD (Andrew Abu-Akel KICK),7.127706367330351,2025-08-29T03:52:49.000Z
401762430,40176243018,401762430104958301,18,1,Alabama State,SWAC,42,UAB,American Athletic,45,UAB,Alabama State,4,"{'minutes': 4, 'seconds': 16}",3,0,65,65,1,10,1,False,Kickoff,"Stewart McCall II kickoff for 33 yds , Iverson Hooks return for 1 yd to the UAB 33",,2025-08-28T04:13:55.000Z
401762430,40176243018,401762430104966702,18,4,UAB,American Athletic,45,Alabama State,SWAC,42,UAB,Alabama State,4,"{'minutes': 3, 'seconds': 32}",-1,3,36,64,3,7,0,False,Timeout,"Timeout UAB, clock 03:32",,2025-08-29T03:55:48.000Z
401762430,40176243018,401762430104976402,18,7,UAB,American Athletic,45,Alabama State,SWAC,42,UAB,Alabama State,4,"{'minutes': 2, 'seconds': 35}",-2,3,84,16,2,10,0,False,Timeout,"Timeout UAB, clock 02:35",,2025-08-28T04:13:55.000Z
401762430,40176243018,401762430104977001,18,8,UAB,American Athletic,45,Alabama State,SWAC,42,UAB,Alabama State,4,"{'minutes': 2, 'seconds': 29}",-2,3,84,16,2,10,14,False,Penalty,"(02:35) No Huddle-Shotgun Kitna,Jalen pass incomplete short right to Hooks,Iverson thrown to ASU00 PENALTY ASU Pass Interference (Lovett,Twillie) 14 yards from ASU16 to ASU02, 1ST DOWN. NO PLAY.",,2025-08-29T03:59:11.000Z
401762430,40176243018,401762430104984501,18,10,UAB,American Athletic,45,Alabama State,SWAC,42,UAB,Alabama State,4,"{'minutes': 1, 'seconds': 54}",-2,3,99,1,2,1,0,False,Penalty,"(01:59) Jackson,Jevon rush right for 0 yards to the ASU01 (Lucius,Corey) PENALTY ASU Offside (Jarrett,Jaylan). NO PLAY.",,2025-08-28T04:04:44.000Z
401762430,40176243018,401762430104986801,18,11,UAB,American Athletic,45,Alabama State,SWAC,42,UAB,Alabama State,4,"{'minutes': 1, 'seconds': 31}",-2,3,99,1,2,1,-5,False,Penalty,"PENALTY UAB False Start (Sneh,Brandon) 5 yards from ASU01 to ASU06. NO PLAY.",,2025-08-28T04:13:55.000Z
401762430,40176243018,401762430104987402,18,13,UAB,American Athletic,45,Alabama State,SWAC,42,UAB,Alabama State,4,"{'minutes': 1, 'seconds': 25}",-3,3,93,7,3,7,0,False,Timeout,"Timeout UAB, clock 01:25",,2025-08-28T04:07:32.000Z
401762430,40176243018,401762430104959101,18,2,UAB,American Athletic,45,Alabama State,SWAC,42,UAB,Alabama State,4,"{'minutes': 4, 'seconds': 8}",0,3,33,67,1,10,3,False,Rush,Solomon Beebe run for 3 yds to the UAB 36,-0.3884871214664028,2025-08-28T04:13:55.000Z
401762430,40176243018,401762430104966701,18,3,UAB,American Athletic,45,Alabama State,SWAC,42,UAB,Alabama State,4,"{'minutes': 3, 'seconds': 32}",0,3,36,64,2,7,0,False,Pass Incompletion,Jalen Kitna pass incomplete,-0.8037766190400663,2025-08-29T03:55:48.000Z
401762430,40176243018,401762430104968201,18,5,UAB,American Athletic,45,Alabama State,SWAC,42,UAB,Alabama State,4,"{'minutes': 3, 'seconds': 17}",-1,3,36,64,3,7,48,False,Rush,Jevon Jackson run for 48 yds to the ALST 16 for a 1ST down,4.0525976883552435,2025-08-28T04:13:55.000Z
401762430,40176243018,401762430104976401,18,6,UAB,American Athletic,45,Alabama State,SWAC,42,UAB,Alabama State,4,"{'minutes': 2, 'seconds': 35}",-1,3,84,16,1,10,0,False,Rush,Isaiah Jacobs run for no gain to the ALST 16,-0.3301132067544156,2025-08-28T04:13:55.000Z
401762430,40176243018,401762430104977901,18,9,UAB,American Athletic,45,Alabama State,SWAC,42,UAB,Alabama State,4,"{'minutes': 2, 'seconds': 20}",-2,3,98,2,1,2,1,False,Rush,Jevon Jackson run for 1 yd to the ALST 1,-0.687116939800908,2025-08-28T04:13:55.000Z
401762430,40176243018,401762430104987401,18,12,UAB,American Athletic,45,Alabama State,SWAC,42,UAB,Alabama State,4,"{'minutes': 1, 'seconds': 25}",-2,3,94,6,2,6,-1,False,Rush,Isaiah Jacobs run for a loss of 1 yard to the ALST 7,-0.355927635938414,2025-08-28T04:07:32.000Z
401762430,40176243018,401762430104988001,18,14,UAB,American Athletic,52,Alabama State,SWAC,42,UAB,Alabama State,4,"{'minutes': 1, 'seconds': 19}",-3,3,93,7,3,7,7,True,Rushing Touchdown,Solomon Beebe run for 7 yds for a TD (Jonah Delange KICK),2.884594628720352,2025-08-28T04:09:20.000Z
401762430,40176243019,401762430104999903,19,6,Alabama State,SWAC,42,UAB,American Athletic,52,UAB,Alabama State,4,"{'minutes': 0, 'seconds': 0}",3,-3,55,55,0,6,0,False,End of Game,End of 4th Quarter,,2025-08-28T04:13:55.000Z
401762430,40176243019,401762430104988003,19,1,UAB,American Athletic,52,Alabama State,SWAC,42,UAB,Alabama State,4,"{'minutes': 1, 'seconds': 19}",-3,3,35,65,1,10,0,False,Kickoff,Owen Simpson kickoff for 65 yds for a touchback,,2025-08-28T04:09:20.000Z
401762430,40176243019,401762430104998501,19,4,Alabama State,SWAC,42,UAB,American Athletic,52,UAB,Alabama State,4,"{'minutes': 0, 'seconds': 14}",3,-3,67,67,3,2,8,False,Rush,Jahbari Kuykendall run for 8 yds to the ALST 41 for a 1ST down,1.6383302245485032,2025-08-28T04:13:55.000Z
401762430,40176243019,401762430104999901,19,5,Alabama State,SWAC,42,UAB,American Athletic,52,UAB,Alabama State,4,"{'minutes': 0, 'seconds': 0}",3,-3,59,59,1,10,4,False,Rush,Ashton Ashford run for 4 yds to the ALST 45,-0.1673002614345122,2025-08-28T04:13:55.000Z
401762430,40176243019,401762430104989001,19,2,Alabama State,SWAC,42,UAB,American Athletic,52,UAB,Alabama State,4,"{'minutes': 1, 'seconds': 9}",3,-3,75,75,1,10,5,False,Rush,Jamarie Hostzclaw run for 5 yds to the ALST 30,0.0945451165334843,2025-08-28T04:13:55.000Z
401762430,40176243019,401762430104995801,19,3,Alabama State,SWAC,42,UAB,American Athletic,52,UAB,Alabama State,4,"{'minutes': 0, 'seconds': 41}",3,-3,70,70,2,5,3,False,Rush,Jahbari Kuykendall run for 3 yds to the ALST 33,-0.3141325711590933,2025-08-28T04:13:55.000Z
401762458,4017624581,401762458101849903,1,1,UAB,American Athletic,0,Navy,American Athletic,0,Navy,UAB,1,"{'minutes': 15, 'seconds': 0}",3,3,65,65,1,10,0,False,Kickoff,Owen Simpson kickoff for 65 yds for a touchback,,2025-09-06T19:40:12.000Z
401762458,4017624581,401762458101865401,1,4,Navy,American Athletic,0,UAB,American Athletic,0,Navy,UAB,1,"{'minutes': 13, 'seconds': 45}",3,3,96,4,1,4,-1,False,Rush,Alex Tecza run for a loss of 1 yard to the UAB 5,-0.750387172815945,2025-09-06T19:41:49.000Z
401762458,4017624581,401762458101869001,1,5,Navy,American Athletic,0,UAB,American Athletic,0,Navy,UAB,1,"{'minutes': 13, 'seconds': 9}",3,3,95,5,2,5,4,False,Rush,Blake Horvath run for 4 yds to the UAB 1,-0.01542053764963,2025-09-06T19:42:40.000Z
401762458,4017624581,401762458101876301,1,6,Navy,American Athletic,7,UAB,American Athletic,0,Navy,UAB,1,"{'minutes': 12, 'seconds': 36}",3,3,99,1,3,1,1,True,Rushing Touchdown,Blake Horvath run for 1 yd for a TD (Nathan Kirkwood KICK),2.45399822917955,2025-09-06T19:44:12.000Z
401762458,4017624581,401762458101854501,1,2,Navy,American Athletic,0,UAB,American Athletic,0,Navy,UAB,1,"{'minutes': 14, 'seconds': 54}",3,3,25,75,1,10,6,False,Rush,Alex Tecza run for 6 yds to the NAVY 31,0.3333748010525683,2025-09-06T19:40:58.000Z
401762458,4017624581,401762458101859401,1,3,Navy,American Athletic,0,UAB,American Athletic,0,Navy,UAB,1,"{'minutes': 14, 'seconds': 5}",3,3,31,69,2,4,65,False,Pass Reception,Blake Horvath pass complete to Cody Howard for 65 yds to the UAB 4 for a 1ST down,4.056189799954778,2025-09-06T19:41:44.000Z
401762458,4017624582,401762458101876303,2,1,Navy,American Athletic,7,UAB,American Athletic,0,Navy,UAB,1,"{'minutes': 12, 'seconds': 36}",3,3,35,65,1,10,0,False,Kickoff,Lance Gossett kickoff for 65 yds for a touchback,,2025-09-06T19:44:12.000Z
401762458,4017624582,401762458101877301,2,2,UAB,American Athletic,0,Navy,American Athletic,7,Navy,UAB,1,"{'minutes': 12, 'seconds': 26}",3,3,75,75,1,10,4,False,Pass Reception,Jalen Kitna pass complete to Solomon Beebe for 4 yds to the UAB 29,-0.1142886249388964,2025-09-06T19:48:34.000Z
401762458,4017624582,401762458101879801,2,3,UAB,American Athletic,0,Navy,American Athletic,7,Navy,UAB,1,"{'minutes': 12, 'seconds': 1}",3,3,71,71,2,6,4,False,Rush,Jevon Jackson run for 4 yds to the UAB 33,-0.1052988296867126,2025-09-06T19:49:19.000Z
401762458,4017624582,401762458101887101,2,4,UAB,American Athletic,0,Navy,American Athletic,7,Navy,UAB,1,"{'minutes': 11, 'seconds': 28}",3,3,67,67,3,2,9,False,Rush,Isaiah Jacobs run for 9 yds to the UAB 42 for a 1ST down,1.735639362307615,2025-09-06T19:49:51.000Z
401762458,4017624582,401762458101895201,2,5,UAB,American Athletic,0,Navy,American Athletic,7,Navy,UAB,1,"{'minutes': 10, 'seconds': 47}",3,3,58,58,1,10,3,False,Rush,Isaiah Jacobs run for 3 yds to the UAB 45,-0.4325374473860535,2025-09-06T19:50:22.000Z
401762458,4017624582,401762458101897401,2,6,UAB,American Athletic,0,Navy,American Athletic,7,Navy,UAB,1,"{'minutes': 10, 'seconds': 25}",3,3,55,55,2,7,4,False,Rush,Isaiah Jacobs run for 4 yds to the UAB 49,-0.1658263152158312,2025-09-06T19:50:46.000Z
401762458,4017624582,401762458101905801,2,7,UAB,American Athletic,7,Navy,American Athletic,7,Navy,UAB,1,"{'minutes': 9, 'seconds': 41}",3,3,51,51,3,3,51,True,Passing Touchdown,Jalen Kitna pass complete to Iverson Hooks for 51 yds for a TD (Jonah Delange KICK),5.1600669746412,2025-09-06T19:51:35.000Z
401762458,4017624583,401762458101905803,3,1,UAB,American Athletic,7,Navy,American Athletic,7,Navy,UAB,1,"{'minutes': 9, 'seconds': 41}",3,3,65,65,1,10,0,False,Kickoff,Owen Simpson kickoff for 65 yds for a touchback,,2025-09-06T19:51:55.000Z
401762458,4017624583,401762458101906501,3,2,Navy,American Athletic,7,UAB,American Athletic,7,Navy,UAB,1,"{'minutes': 9, 'seconds': 34}",3,3,25,75,1,10,5,False,Rush,Alex Tecza run for 5 yds to the NAVY 30,0.0945451165334843,2025-09-06T19:56:06.000Z
401762458,4017624583,401762458101908401,3,3,Navy,American Athletic,7,UAB,American Athletic,7,Navy,UAB,1,"{'minutes': 9, 'seconds': 15}",3,3,30,70,2,5,2,False,Rush,Eli Heidenreich run for 2 yds to the NAVY 32,-0.4836992576486355,2025-09-06T19:56:31.000Z
401762458,4017624583,401762458101916001,3,4,Navy,American Athletic,7,UAB,American Athletic,7,Navy,UAB,1,"{'minutes': 8, 'seconds': 39}",3,3,32,68,3,3,4,False,Rush,Blake Horvath run for 4 yds to the NAVY 36 for a 1ST down,1.3197166530611417,2025-09-06T19:57:06.000Z
401762458,4017624583,401762458101919701,3,5,Navy,American Athletic,7,UAB,American Athletic,7,Navy,UAB,1,"{'minutes': 8, 'seconds': 2}",3,3,36,64,1,10,8,False,Rush,Alex Tecza run for 8 yds to the NAVY 44,1.0378360233616295,2025-09-06T19:57:54.000Z
401762458,4017624583,401762458101927301,3,6,Navy,American Athletic,7,UAB,American Athletic,7,Navy,UAB,1,"{'minutes': 7, 'seconds': 26}",3,3,44,56,2,2,6,False,Rush,Blake Horvath run for 6 yds to the 50 yard line for a 1ST down,0.2679446522923284,2025-09-06T19:58:16.000Z
401762458,4017624583,401762458101934801,3,7,Navy,American Athletic,7,UAB,American Athletic,7,Navy,UAB,1,"{'minutes': 6, 'seconds': 51}",3,3,50,50,1,10,0,False,Pass Incompletion,Blake Horvath pass incomplete to Nathan Kent,-1.1143038065675126,2025-09-06T19:58:42.000Z
401762458,4017624583,401762458101935701,3,8,Navy,American Athletic,7,UAB,American Athletic,7,Navy,UAB,1,"{'minutes': 6, 'seconds': 42}",3,3,50,50,2,10,6,False,Rush,Charles Robinson run for 6 yds to the UAB 44,0.3209798005253487,2025-09-06T19:59:52.000Z
401762458,4017624583,401762458101937801,3,9,Navy,American Athletic,7,UAB,American Athletic,7,Navy,UAB,1,"{'minutes': 6, 'seconds': 21}",3,3,56,44,3,4,4,False,Rush,Alex Tecza run for 4 yds to the UAB 40 for a 1ST down,1.445686794226196,2025-09-06T20:00:29.000Z
401762458,4017624583,401762458101945601,3,10,Navy,American Athletic,7,UAB,American Athletic,7,Navy,UAB,1,"{'minutes': 5, 'seconds': 43}",3,3,60,40,1,10,6,False,Rush,Eli Heidenreich run for 6 yds to the UAB 34,0.265204892676964,2025-09-06T20:00:59.000Z
401762458,4017624583,401762458101948201,3,11,Navy,American Athletic,7,UAB,American Athletic,7,Navy,UAB,1,"{'minutes': 5, 'seconds': 17}",3,3,66,34,2,4,1,False,Rush,Blake Horvath run for 1 yd to the UAB 33,-0.6451915219268523,2025-09-06T20:04:44.000Z
401762458,4017624583,401762458101956301,3,12,Navy,American Athletic,7,UAB,American Athletic,7,Navy,UAB,1,"{'minutes': 4, 'seconds': 36}",3,3,67,33,3,3,0,False,Rush,Shane Reynolds run for no gain to the UAB 33,-0.9821593956595951,2025-09-06T20:05:17.000Z
401762458,4017624583,401762458101964001,3,13,Navy,American Athletic,7,UAB,American Athletic,7,Navy,UAB,1,"{'minutes': 3, 'seconds': 59}",3,3,67,33,4,3,4,False,Rush,Blake Horvath run for 4 yds to the UAB 29 for a 1ST down,1.7628939842487124,2025-09-06T20:07:09.000Z
401762458,4017624583,401762458101968501,3,14,Navy,American Athletic,7,UAB,American Athletic,7,Navy,UAB,1,"{'minutes': 3, 'seconds': 14}",3,3,71,29,1,10,20,False,Pass Reception,Blake Horvath pass complete to Brandon Chatman for 20 yds to the UAB 9 for a 1ST down,0.364063360951644,2025-09-06T20:07:58.000Z
401762458,4017624583,401762458101969301,3,15,Navy,American Athletic,14,UAB,American Athletic,7,Navy,UAB,1,"{'minutes': 3, 'seconds': 6}",3,3,91,9,1,9,9,True,Rushing Touchdown,Eli Heidenreich run for 9 yds for a TD (Nathan Kirkwood KICK),2.424237823646468,2025-09-06T20:08:22.000Z
401762458,4017624584,401762458101969304,4,1,Navy,American Athletic,14,UAB,American Athletic,7,Navy,UAB,1,"{'minutes': 3, 'seconds': 6}",3,3,35,65,1,10,0,False,Kickoff,Lance Gossett kickoff for 60 yds,,2025-09-06T20:12:06.000Z
401762458,4017624584,401762458101999902,4,8,UAB,American Athletic,7,Navy,American Athletic,14,Navy,UAB,1,"{'minutes': 0, 'seconds': 0}",3,3,27,27,0,5,2,False,End Period,End of 1st Quarter,,2025-09-06T20:16:19.000Z
401762458,4017624584,401762458101974101,4,2,UAB,American Athletic,7,Navy,American Athletic,14,Navy,UAB,1,"{'minutes': 2, 'seconds': 58}",3,3,65,65,1,10,21,False,Pass Reception,Jalen Kitna pass complete to Corri Milliner for 21 yds to the NAVY 44 for a 1ST down,1.8298346531813134,2025-09-06T20:13:14.000Z
401762458,4017624584,401762458101977001,4,3,UAB,American Athletic,7,Navy,American Athletic,14,Navy,UAB,1,"{'minutes': 2, 'seconds': 29}",3,3,44,44,1,10,6,False,Pass Reception,Jalen Kitna pass complete to Solomon Beebe for 6 yds to the NAVY 38,0.295635896925372,2025-09-06T20:13:39.000Z
401762458,4017624584,401762458101979701,4,4,UAB,American Athletic,7,Navy,American Athletic,14,Navy,UAB,1,"{'minutes': 2, 'seconds': 2}",3,3,38,38,2,4,3,False,Pass Reception,Jalen Kitna pass complete to Solomon Beebe for 3 yds to the NAVY 35,-0.3113254846363364,2025-09-06T20:14:05.000Z
401762458,4017624584,401762458101987601,4,5,UAB,American Athletic,7,Navy,American Athletic,14,Navy,UAB,1,"{'minutes': 1, 'seconds': 23}",3,3,35,35,3,1,3,False,Rush,Jevon Jackson run for 3 yds to the NAVY 32 for a 1ST down,0.5570525196320233,2025-09-06T20:14:44.000Z
401762458,4017624584,401762458101995401,4,6,UAB,American Athletic,7,Navy,American Athletic,14,Navy,UAB,1,"{'minutes': 0, 'seconds': 45}",3,3,32,32,1,10,5,False,Rush,Jevon Jackson run for 5 yds to the NAVY 27,0.0790402371080084,2025-09-06T20:15:21.000Z
401762458,4017624584,401762458101999901,4,7,UAB,American Athletic,7,Navy,American Athletic,14,Navy,UAB,1,"{'minutes': 0, 'seconds': 0}",3,3,27,27,2,5,2,False,Rush,Jevon Jackson run for 2 yds to the NAVY 25,-0.3385486326760866,2025-09-06T20:16:19.000Z
401762458,4017624584,401762458102854401,4,9,UAB,American Athletic,7,Navy,American Athletic,14,Navy,UAB,2,"{'minutes': 14, 'seconds': 55}",3,3,25,25,3,3,0,False,Rush,Jevon Jackson run for no gain to the NAVY 25,-0.7380899203036702,2025-09-06T20:20:14.000Z
401762458,4017624584,401762458102858501,4,10,UAB,American Athletic,14,Navy,American Athletic,14,Navy,UAB,2,"{'minutes': 14, 'seconds': 14}",3,3,25,25,4,3,25,True,Passing Touchdown,Jalen Kitna pass complete to Corri Milliner for 25 yds for a TD (Jonah Delange KICK),3.8691177414607107,2025-09-06T20:21:21.000Z
401762458,4017624585,401762458102859201,5,1,UAB,American Athletic,14,Navy,American Athletic,14,Navy,UAB,2,"{'minutes': 14, 'seconds': 7}",3,3,65,65,1,10,15,False,Kickoff Return (Offense),"Owen Simpson kickoff for 54 yds , Isaiah Bryant return for 15 yds to the NAVY 26",,2025-09-06T20:26:18.000Z
401762458,4017624585,401762458102864001,5,2,Navy,American Athletic,14,UAB,American Athletic,14,Navy,UAB,2,"{'minutes': 13, 'seconds': 59}",3,3,26,74,1,10,4,False,Rush,Alex Tecza run for 4 yds to the NAVY 30,-0.119587621105615,2025-09-06T20:26:47.000Z
401762458,4017624585,401762458102869501,5,3,Navy,American Athletic,14,UAB,American Athletic,14,Navy,UAB,2,"{'minutes': 13, 'seconds': 4}",3,3,30,70,2,6,6,False,Fumble Recovery (Own),"Blake Horvath run for 6 yds to the NAVY 24 Blake Horvath fumbled, recovered by UAB Eli Heidenreich",0.9791713257912499,2025-09-06T20:27:43.000Z
401762458,4017624585,401762458102875701,5,4,Navy,American Athletic,14,UAB,American Athletic,14,Navy,UAB,2,"{'minutes': 12, 'seconds': 42}",3,3,24,76,3,12,13,False,Rush,Blake Horvath run for 13 yds to the NAVY 37 for a 1ST down,2.1474934229486813,2025-09-06T20:28:51.000Z
401762458,4017624585,401762458102878301,5,5,Navy,American Athletic,21,UAB,American Athletic,14,Navy,UAB,2,"{'minutes': 12, 'seconds': 16}",3,3,37,63,1,10,63,True,Passing Touchdown,Blake Horvath pass complete to Luke Hutchison for 63 yds for a TD (Nathan Kirkwood KICK),5.05051079357775,2025-09-06T20:29:47.000Z
401762458,4017624586,401762458102878303,6,1,Navy,American Athletic,21,UAB,American Athletic,14,Navy,UAB,2,"{'minutes': 12, 'seconds': 16}",3,3,35,65,1,10,0,False,Kickoff,Lance Gossett kickoff for 65 yds for a touchback,,2025-09-06T20:30:17.000Z
401762458,4017624586,401762458102886001,6,3,UAB,American Athletic,14,Navy,American Athletic,21,Navy,UAB,2,"{'minutes': 11, 'seconds': 39}",2,3,24,24,1,10,0,False,Timeout,"Timeout UAB, clock 11:39",,2025-09-06T20:20:14.000Z
401762458,4017624586,401762458102879702,6,2,UAB,American Athletic,14,Navy,American Athletic,21,Navy,UAB,2,"{'minutes': 12, 'seconds': 2}",3,3,75,75,1,10,51,False,Pass Reception,"Jalen Kitna pass complete to Solomon Beebe for 36 yds to the NAVY 39 for a 1ST down Navy Penalty, unnecessary roughness (Matthew Seliga) to the NAVY 24 for a 1ST down",3.3963171711143465,2025-09-06T20:35:36.000Z
401762458,4017624586,401762458102886501,6,4,UAB,American Athletic,14,Navy,American Athletic,21,Navy,UAB,2,"{'minutes': 11, 'seconds': 34}",2,3,24,24,1,10,12,False,Penalty,"(11:35) Shotgun Kitna,Jalen pass incomplete deep left to Milliner,Corri thrown to Navy00 PENALTY Navy Pass Interference (Hamilton,Phillip) 12 yards from Navy24 to Navy12, 1ST DOWN. NO PLAY.",,2025-09-06T21:37:33.000Z
401762458,4017624586,401762458102887502,6,5,UAB,American Athletic,14,Navy,American Athletic,21,Navy,UAB,2,"{'minutes': 11, 'seconds': 24}",2,3,12,12,1,10,0,False,Pass Incompletion,Jalen Kitna pass incomplete to Corri Milliner,-0.2977696357406735,2025-09-06T20:41:22.000Z
401762458,4017624586,401762458102888001,6,6,UAB,American Athletic,21,Navy,American Athletic,21,Navy,UAB,2,"{'minutes': 11, 'seconds': 19}",2,3,12,12,2,10,12,True,Rushing Touchdown,Jevon Jackson run for 12 yds for a TD (Jonah Delange KICK),2.827864177776599,2025-09-06T21:41:12.000Z
401762458,4017624587,401762458102888003,7,1,UAB,American Athletic,21,Navy,American Athletic,21,Navy,UAB,2,"{'minutes': 11, 'seconds': 19}",2,3,65,65,1,10,0,False,Kickoff,Owen Simpson kickoff for 65 yds for a touchback,,2025-09-06T21:40:34.000Z
401762458,4017624587,401762458102955501,7,13,Navy,American Athletic,21,UAB,American Athletic,21,Navy,UAB,2,"{'minutes': 4, 'seconds': 44}",3,2,35,65,1,10,15,False,Kickoff Return (Offense),"Lance Gossett kickoff for 65 yds , Solomon Beebe return for 15 yds to the 50 yard line UAB Penalty, UNS: Unsportsmanlike Conduct (7 Yards) to the UAB 8",,2025-09-06T23:00:49.000Z
401762458,4017624587,401762458102888701,7,2,Navy,American Athletic,21,UAB,American Athletic,21,Navy,UAB,2,"{'minutes': 11, 'seconds': 12}",3,2,25,75,1,10,3,False,Rush,Alex Tecza run for 3 yds to the NAVY 28,-0.2957674139440157,2025-09-06T21:41:23.000Z
401762458,4017624587,401762458102896101,7,3,Navy,American Athletic,21,UAB,American Athletic,21,Navy,UAB,2,"{'minutes': 10, 'seconds': 38}",3,2,28,72,2,7,19,False,Rush,Eli Heidenreich run for 19 yds to the NAVY 47 for a 1ST down,2.2782231000920294,2025-09-06T21:41:49.000Z
401762458,4017624587,401762458102899401,7,4,Navy,American Athletic,21,UAB,American Athletic,21,Navy,UAB,2,"{'minutes': 10, 'seconds': 5}",3,2,47,53,1,10,2,False,Rush,Alex Tecza run for 2 yds to the NAVY 49,-0.6653184217084503,2025-09-06T21:43:59.000Z
401762458,4017624587,401762458102907901,7,5,Navy,American Athletic,21,UAB,American Athletic,21,Navy,UAB,2,"{'minutes': 9, 'seconds': 20}",3,2,49,51,2,8,8,False,Pass Reception,Blake Horvath pass complete to Eli Heidenreich for 8 yds to the UAB 43 for a 1ST down,1.4082477673509037,2025-09-06T21:44:46.000Z
401762458,4017624587,401762458102915501,7,6,Navy,American Athletic,21,UAB,American Athletic,21,Navy,UAB,2,"{'minutes': 8, 'seconds': 44}",3,2,57,43,1,10,17,False,Rush,Brandon Chatman run for 17 yds to the UAB 26 for a 1ST down,0.6323679655226737,2025-09-06T21:45:07.000Z
401762458,4017624587,401762458102918901,7,7,Navy,American Athletic,21,UAB,American Athletic,21,Navy,UAB,2,"{'minutes': 8, 'seconds': 10}",3,2,74,26,1,10,14,False,Rush,Brandon Chatman run for 14 yds to the UAB 12 for a 1ST down,0.189907580372255,2025-09-06T21:47:24.000Z
401762458,4017624587,401762458102926901,7,8,Navy,American Athletic,21,UAB,American Athletic,21,Navy,UAB,2,"{'minutes': 7, 'seconds': 30}",3,2,88,12,1,10,2,False,Rush,Blake Horvath run for 2 yds to the UAB 10,-0.1686350677656265,2025-09-06T21:48:31.000Z
401762458,4017624587,401762458102934901,7,9,Navy,American Athletic,21,UAB,American Athletic,21,Navy,UAB,2,"{'minutes': 6, 'seconds': 50}",3,2,90,10,2,8,6,False,Rush,Alex Tecza run for 6 yds to the UAB 4,0.134204764299201,2025-09-06T21:49:10.000Z
401762458,4017624587,401762458102939301,7,10,Navy,American Athletic,21,UAB,American Athletic,21,Navy,UAB,2,"{'minutes': 6, 'seconds': 6}",3,2,96,4,3,2,-5,False,Penalty,"PENALTY Navy False Start (Evans,Kendall) 5 yards from UAB04 to UAB09. NO PLAY.",,2025-09-06T22:55:59.000Z
401762458,4017624587,401762458102947101,7,11,Navy,American Athletic,21,UAB,American Athletic,21,Navy,UAB,2,"{'minutes': 5, 'seconds': 28}",3,2,91,9,3,7,-1,False,Pass Reception,Blake Horvath pass complete to Alex Tecza for a loss of 1 yard to the UAB 10,-0.4647308266478693,2025-09-06T22:57:26.000Z
401762458,4017624587,401762458102954501,7,12,Navy,American Athletic,24,UAB,American Athletic,21,Navy,UAB,2,"{'minutes': 4, 'seconds': 54}",3,2,90,10,4,8,27,True,Field Goal Good,"Nathan Kirkwood 27 yd FG GOOD UAB Penalty, Running Into The Kicker (Devin Hightower) declined",,2025-09-06T22:57:30.000Z
401762458,4017624588,401762458103849903,8,18,Navy,American Athletic,24,UAB,American Athletic,21,Navy,UAB,3,"{'minutes': 15, 'seconds': 0}",3,3,35,65,1,10,50,False,Kickoff,"Lance Gossett kickoff for 65 yds for a touchback Navy Penalty, unnecessary roughness (Kenneth McShan)",,2025-09-06T23:26:18.000Z
401762458,4017624588,401762458102979901,8,6,UAB,American Athletic,21,Navy,American Athletic,24,Navy,UAB,2,"{'minutes': 2, 'seconds': 0}",2,2,42,42,2,6,0,False,Timeout,"Timeout Navy, clock 02:00",,2025-09-06T21:50:18.000Z
401762458,4017624588,401762458102979301,8,5,UAB,American Athletic,21,Navy,American Athletic,24,Navy,UAB,2,"{'minutes': 2, 'seconds': 6}",2,3,46,46,1,10,4,False,Rush,Solomon Beebe run for 4 yds to the NAVY 42,-0.1215209117621187,2025-09-06T23:04:07.000Z
401762458,4017624588,401762458102984501,8,7,UAB,American Athletic,21,Navy,American Athletic,24,Navy,UAB,2,"{'minutes': 1, 'seconds': 54}",2,2,42,42,2,6,2,False,Rush,Isaiah Jacobs run for 2 yds to the NAVY 40,-0.5949339293774097,2025-09-06T23:07:07.000Z
401762458,4017624588,401762458102989101,8,8,UAB,American Athletic,21,Navy,American Athletic,24,Navy,UAB,2,"{'minutes': 1, 'seconds': 8}",2,2,40,40,3,4,22,False,Pass Reception,Jalen Kitna pass complete to Corri Milliner for 22 yds to the NAVY 18 for a 1ST down,1.6679495402034017,2025-09-06T23:08:31.000Z
401762458,4017624588,401762458102999601,8,14,UAB,American Athletic,21,Navy,American Athletic,24,Navy,UAB,2,"{'minutes': 0, 'seconds': 3}",0,2,12,12,4,4,0,False,Timeout,"Timeout UAB, clock 00:03",,2025-09-06T21:50:18.000Z
401762458,4017624588,401762458102999902,8,15,UAB,American Athletic,21,Navy,American Athletic,24,Navy,UAB,2,"{'minutes': 0, 'seconds': 0}",0,2,12,12,4,4,-10,False,Penalty,"(00:00) Delange,Jonah field goal attempt from 30 yards nullified by penaltyGOOD (H: Foley,Patrick, LS: Moser,Caleb), clock 00:00 PENALTY UAB Holding (Morgan,JonDarius) 10 yards from Navy12 to Navy22. NO PLAY.",,2025-09-06T23:13:43.000Z
401762458,4017624588,401762458102999904,8,16,UAB,American Athletic,24,Navy,American Athletic,24,Navy,UAB,2,"{'minutes': 0, 'seconds': 0}",0,2,22,22,4,14,40,True,Field Goal Good,Jonah Delange 40 yd FG GOOD,,2025-09-06T23:13:43.000Z
401762458,4017624588,401762458102999905,8,17,UAB,American Athletic,24,Navy,American Athletic,24,Navy,UAB,2,"{'minutes': 0, 'seconds': 0}",0,2,22,22,0,14,-43,False,End of Half,End of 2nd Quarter,,2025-09-06T23:13:43.000Z
401762458,4017624588,401762458102996701,8,9,UAB,American Athletic,21,Navy,American Athletic,24,Navy,UAB,2,"{'minutes': 0, 'seconds': 32}",1,2,16,16,2,8,0,False,Timeout,"Timeout UAB, clock 00:32",,2025-09-06T21:50:18.000Z
401762458,4017624588,401762458102997302,8,12,UAB,American Athletic,21,Navy,American Athletic,24,Navy,UAB,2,"{'minutes': 0, 'seconds': 26}",1,2,16,16,3,8,-5,False,Penalty,"PENALTY UAB Delay Of Game (Kitna,Jalen) 5 yards from Navy16 to Navy21. NO PLAY.",,2025-09-06T23:10:39.000Z
401762458,4017624588,401762458102998301,8,13,UAB,American Athletic,21,Navy,American Athletic,24,Navy,UAB,2,"{'minutes': 0, 'seconds': 16}",1,2,21,21,3,13,9,False,Pass Reception,Jalen Kitna pass complete to Corri Milliner for 9 yds to the NAVY 12,0.5270593285694825,2025-09-06T23:11:43.000Z
401762458,4017624588,401762458102997301,8,11,UAB,American Athletic,21,Navy,American Athletic,24,Navy,UAB,2,"{'minutes': 0, 'seconds': 26}",1,2,16,16,2,8,0,False,Pass Incompletion,Jalen Kitna pass incomplete to J.C. Sivley,-0.376706650922749,2025-09-06T23:10:04.000Z
401762458,4017624588,401762458102996801,8,10,UAB,American Athletic,21,Navy,American Athletic,24,Navy,UAB,2,"{'minutes': 0, 'seconds': 31}",1,2,18,18,1,10,2,False,Rush,Jevon Jackson run for 2 yds to the NAVY 16,-0.193673324211422,2025-09-06T23:08:40.000Z
401762458,4017624588,401762458102956501,8,1,UAB,American Athletic,21,Navy,American Athletic,24,Navy,UAB,2,"{'minutes': 4, 'seconds': 34}",2,3,92,92,1,10,11,False,Pass Reception,Jalen Kitna pass complete to Solomon Beebe for 11 yds to the UAB 19 for a 1ST down,0.41008575318821,2025-09-06T23:01:41.000Z
401762458,4017624588,401762458102964301,8,2,UAB,American Athletic,21,Navy,American Athletic,24,Navy,UAB,2,"{'minutes': 3, 'seconds': 56}",2,3,81,81,1,10,15,False,Rush,Jevon Jackson run for 15 yds to the UAB 34 for a 1ST down,1.1018501312731823,2025-09-06T23:02:32.000Z
401762458,4017624588,401762458102967801,8,3,UAB,American Athletic,21,Navy,American Athletic,24,Navy,UAB,2,"{'minutes': 3, 'seconds': 21}",2,3,66,66,1,10,3,False,Rush,Jevon Jackson run for 3 yds to the UAB 37,-0.3978048422172354,2025-09-06T23:02:39.000Z
401762458,4017624588,401762458102975801,8,4,UAB,American Athletic,21,Navy,American Athletic,24,Navy,UAB,2,"{'minutes': 2, 'seconds': 41}",2,3,63,63,2,7,17,False,Pass Reception,Jalen Kitna pass complete to Elijah Lagg for 17 yds to the NAVY 46 for a 1ST down,2.1912868238123853,2025-09-06T23:03:24.000Z
401762458,4017624589,401762458103855408,9,1,UAB,American Athletic,24,Navy,American Athletic,24,Navy,UAB,3,"{'minutes': 14, 'seconds': 45}",3,3,60,60,1,10,1,False,Rush,Jevon Jackson run for 1 yd to the UAB 41,-0.9114215282702052,2025-09-06T23:27:59.000Z
401762458,4017624589,401762458103859801,9,2,UAB,American Athletic,24,Navy,American Athletic,24,Navy,UAB,3,"{'minutes': 14, 'seconds': 1}",3,3,59,59,2,9,12,False,Pass Reception,Jalen Kitna pass complete to Corri Milliner for 12 yds to the NAVY 47 for a 1ST down,2.0551198911474504,2025-09-06T23:27:59.000Z
401762458,4017624589,401762458103866601,9,3,UAB,American Athletic,24,Navy,American Athletic,24,Navy,UAB,3,"{'minutes': 13, 'seconds': 33}",3,3,47,47,1,10,12,False,Rush,Jevon Jackson run for 12 yds to the NAVY 35 for a 1ST down,0.640613457489474,2025-09-06T23:27:59.000Z
401762458,4017624589,401762458103875001,9,4,UAB,American Athletic,24,Navy,American Athletic,24,Navy,UAB,3,"{'minutes': 12, 'seconds': 49}",3,3,35,35,1,10,0,False,Rush,Jevon Jackson run for no gain to the NAVY 35,-0.6918622905019662,2025-09-06T23:27:59.000Z
401762458,4017624589,401762458103878501,9,5,UAB,American Athletic,24,Navy,American Athletic,24,Navy,UAB,3,"{'minutes': 12, 'seconds': 14}",3,3,35,35,2,10,17,False,Pass Reception,Jalen Kitna pass complete to Solomon Beebe for 17 yds to the NAVY 18 for a 1ST down,1.0726583652083312,2025-09-06T23:27:59.000Z
401762458,4017624589,401762458103884101,9,6,UAB,American Athletic,24,Navy,American Athletic,24,Navy,UAB,3,"{'minutes': 11, 'seconds': 58}",3,3,18,18,1,10,0,False,Rush,Solomon Beebe run for no gain to the NAVY 18,-0.350740748439042,2025-09-06T23:27:59.000Z
401762458,4017624589,401762458103888201,9,7,UAB,American Athletic,24,Navy,American Athletic,24,Navy,UAB,3,"{'minutes': 11, 'seconds': 17}",3,3,18,18,2,10,2,False,Rush,Solomon Beebe run for 2 yds to the NAVY 16,-0.219639226695129,2025-09-06T23:27:59.000Z
401762458,4017624589,401762458103895601,9,8,UAB,American Athletic,24,Navy,American Athletic,24,Navy,UAB,3,"{'minutes': 10, 'seconds': 43}",3,3,16,16,3,8,-2,False,Rush,Isaiah Jacobs run for a loss of 2 yards to the NAVY 18,-0.8719861775573003,2025-09-06T23:27:59.000Z
401762458,4017624589,401762458103898901,9,9,UAB,American Athletic,24,Navy,American Athletic,24,Navy,UAB,3,"{'minutes': 10, 'seconds': 10}",3,3,18,18,4,10,36,False,Field Goal Missed,Jonah Delange 36 yd FG MISSED,,2025-09-06T23:32:15.000Z
401762458,40176245810,401762458103899901,10,1,Navy,American Athletic,24,UAB,American Athletic,24,Navy,UAB,3,"{'minutes': 10, 'seconds': 0}",3,3,20,80,1,10,16,False,Rush,Eli Heidenreich run for 16 yds to the NAVY 36 for a 1ST down,1.2388651878297718,2025-09-06T23:35:38.000Z
401762458,40176245810,401762458103908901,10,2,Navy,American Athletic,24,UAB,American Athletic,24,Navy,UAB,3,"{'minutes': 9, 'seconds': 10}",3,3,36,64,1,10,5,False,Fumble Recovery (Own),"run for 5 yds to the NAVY 31 fumbled, recovered by UAB Blake Horvath",0.1095374979928448,2025-09-06T23:36:50.000Z
401762458,40176245810,401762458103915101,10,3,Navy,American Athletic,24,UAB,American Athletic,24,Navy,UAB,3,"{'minutes': 8, 'seconds': 48}",3,3,31,69,2,15,5,False,Rush,Blake Horvath run for 5 yds to the NAVY 36,0.02726330620578032,2025-09-06T23:37:00.000Z
401762458,40176245810,401762458103924001,10,4,Navy,American Athletic,24,UAB,American Athletic,24,Navy,UAB,3,"{'minutes': 7, 'seconds': 59}",3,3,36,64,3,10,0,False,Rush,Blake Horvath run for no gain to the NAVY 36,-0.32221199814427326,2025-09-06T23:37:44.000Z
401762458,40176245810,401762458103927201,10,5,Navy,American Athletic,24,UAB,American Athletic,24,Navy,UAB,3,"{'minutes': 7, 'seconds': 27}",3,3,36,64,4,10,0,False,Punt,"Jacob Carlson punt for 48 yds , Iverson Hooks returns for no gain to the UAB 12",,2025-09-06T23:38:31.000Z
401762458,40176245811,401762458103927601,11,1,UAB,American Athletic,24,Navy,American Athletic,24,Navy,UAB,3,"{'minutes': 7, 'seconds': 23}",3,3,88,88,1,10,0,False,Pass Incompletion,Jalen Kitna pass incomplete to Corri Milliner,-0.3826565410356668,2025-09-06T23:41:23.000Z
401762458,40176245811,401762458103928501,11,2,UAB,American Athletic,24,Navy,American Athletic,24,Navy,UAB,3,"{'minutes': 7, 'seconds': 14}",3,3,88,88,2,10,3,False,Rush,Solomon Beebe run for 3 yds to the UAB 15,-0.07198706300472146,2025-09-06T23:42:10.000Z
401762458,40176245811,401762458103936401,11,3,UAB,American Athletic,24,Navy,American Athletic,24,Navy,UAB,3,"{'minutes': 6, 'seconds': 35}",3,3,85,85,3,7,14,False,Fumble Recovery (Own),"Jalen Kitna pass complete to Iverson Hooks for 14 yds Iverson Hooks fumbled, recovered by UAB Giuseppe Sessi",1.4102867228697402,2025-09-06T23:43:31.000Z
401762458,40176245812,401762458103959401,12,7,Navy,American Athletic,24,UAB,American Athletic,24,Navy,UAB,3,"{'minutes': 4, 'seconds': 5}",3,3,35,65,1,10,24,False,Kickoff Return (Offense),"Lance Gossett kickoff for 64 yds , Solomon Beebe return for 24 yds to the UAB 41 Navy Penalty, unnecessary roughness (Adam Klenk) to the UAB 40",,2025-09-06T23:51:33.000Z
401762458,40176245812,401762458103937001,12,1,Navy,American Athletic,24,UAB,American Athletic,24,Navy,UAB,3,"{'minutes': 6, 'seconds': 29}",3,3,71,29,1,10,0,False,Pass Incompletion,Blake Horvath pass incomplete to Eli Heidenreich,-0.534372502378378,2025-09-06T23:43:55.000Z
401762458,40176245812,401762458103938101,12,2,Navy,American Athletic,24,UAB,American Athletic,24,Navy,UAB,3,"{'minutes': 6, 'seconds': 18}",3,3,71,29,2,10,13,False,Pass Reception,Blake Horvath pass complete to Eli Heidenreich for 13 yds to the UAB 16 for a 1ST down,0.7539509656841156,2025-09-06T23:44:52.000Z
401762458,40176245812,401762458103939601,12,3,Navy,American Athletic,24,UAB,American Athletic,24,Navy,UAB,3,"{'minutes': 6, 'seconds': 3}",3,3,84,16,1,10,1,False,Rush,Brandon Chatman run for 1 yd to the UAB 15,-0.2578378787201336,2025-09-06T23:45:44.000Z
401762458,40176245812,401762458103947801,12,4,Navy,American Athletic,24,UAB,American Athletic,24,Navy,UAB,3,"{'minutes': 5, 'seconds': 21}",3,3,85,15,2,9,9,False,Rush,Alex Tecza run for 9 yds to the UAB 6 for a 1ST down,0.774070828947231,2025-09-06T23:45:51.000Z
401762458,40176245812,401762458103955201,12,5,Navy,American Athletic,24,UAB,American Athletic,24,Navy,UAB,3,"{'minutes': 4, 'seconds': 47}",3,3,94,6,1,6,2,False,Rush,Blake Horvath run for 2 yds to the UAB 4,-0.2814004693826835,2025-09-06T23:46:16.000Z
401762458,40176245812,401762458103958701,12,6,Navy,American Athletic,31,UAB,American Athletic,24,Navy,UAB,3,"{'minutes': 4, 'seconds': 12}",3,3,96,4,2,4,4,True,Rushing Touchdown,Blake Horvath run for 4 yds for a TD (Nathan Kirkwood KICK),2.3338902404479605,2025-09-06T23:47:19.000Z
401762458,40176245813,401762458103964102,13,1,UAB,American Athletic,24,Navy,American Athletic,31,Navy,UAB,3,"{'minutes': 3, 'seconds': 58}",3,3,60,60,1,10,15,False,Penalty,"(04:00) No Huddle-Shotgun Kitna,Jalen pass incomplete deep left to Milliner,Corri thrown to Navy24 PENALTY Navy Pass Interference (Hamilton,Phillip) 15 yards from UAB40 to Navy45, 1ST DOWN. NO PLAY.",,2025-09-06T23:52:49.000Z
401762458,40176245813,401762458103964902,13,2,UAB,American Athletic,24,Navy,American Athletic,31,Navy,UAB,3,"{'minutes': 3, 'seconds': 50}",3,3,45,45,1,10,-10,False,Penalty,"(03:54) No Huddle-Shotgun Kitna,Jalen pass incomplete short right thrown to Navy38 QB hurried by Parker,MarcAnthony PENALTY UAB Holding (Moore,Logan) 10 yards from Navy45 to UAB45. NO PLAY.",,2025-09-06T23:53:53.000Z
401762458,40176245813,401762458103965601,13,3,UAB,American Athletic,24,Navy,American Athletic,31,Navy,UAB,3,"{'minutes': 3, 'seconds': 43}",3,3,55,55,1,20,-2,False,Rush,Solomon Beebe run for a loss of 2 yards to the UAB 43,-1.063468324907074,2025-09-06T23:54:13.000Z
401762458,40176245813,401762458103968801,13,4,UAB,American Athletic,24,Navy,American Athletic,31,Navy,UAB,3,"{'minutes': 3, 'seconds': 11}",3,3,57,57,2,22,0,False,Pass Incompletion,Jalen Kitna pass incomplete to Corri Milliner,-0.37426585610377305,2025-09-06T23:55:16.000Z
401762458,40176245813,401762458103969401,13,5,UAB,American Athletic,24,Navy,American Athletic,31,Navy,UAB,3,"{'minutes': 3, 'seconds': 5}",3,3,57,57,3,22,0,False,Penalty,"UAB Penalty, Offensive Holding (Devin Hightower) declined",,2025-09-06T23:56:18.000Z
401762458,40176245813,401762458103974701,13,6,UAB,American Athletic,24,Navy,American Athletic,31,Navy,UAB,3,"{'minutes': 2, 'seconds': 52}",3,3,57,57,4,22,0,False,Punt,Patrick Foley punt for 39 yds,,2025-09-06T23:56:29.000Z
401762458,40176245814,401762458103999902,14,5,Navy,American Athletic,31,UAB,American Athletic,24,Navy,UAB,3,"{'minutes': 0, 'seconds': 0}",3,3,82,18,0,10,17,False,End Period,End of 3rd Quarter,,2025-09-07T00:03:59.000Z
401762458,40176245814,401762458103975601,14,1,Navy,American Athletic,31,UAB,American Athletic,24,Navy,UAB,3,"{'minutes': 2, 'seconds': 43}",3,3,18,82,1,10,24,False,Rush,Blake Horvath run for 24 yds to the NAVY 42 for a 1ST down,1.9265950372535352,2025-09-06T23:59:48.000Z
401762458,40176245814,401762458103984201,14,2,Navy,American Athletic,31,UAB,American Athletic,24,Navy,UAB,3,"{'minutes': 1, 'seconds': 57}",3,3,42,58,1,10,3,False,Rush,Blake Horvath run for 3 yds to the NAVY 45,-0.4325374473860535,2025-09-06T23:27:59.000Z
401762458,40176245814,401762458103988101,14,3,Navy,American Athletic,31,UAB,American Athletic,24,Navy,UAB,3,"{'minutes': 1, 'seconds': 18}",3,3,45,55,2,7,37,False,Rush,Alex Tecza run for 37 yds to the UAB 18 for a 1ST down,2.402447950354778,2025-09-07T00:01:20.000Z
401762458,40176245814,401762458103999901,14,4,Navy,American Athletic,31,UAB,American Athletic,24,Navy,UAB,3,"{'minutes': 0, 'seconds': 0}",3,3,82,18,1,10,17,False,Rush,Alex Tecza run for 17 yds to the UAB 1 for a 1ST down,1.653771433950148,2025-09-07T00:03:59.000Z
401762458,40176245814,401762458104854201,14,6,Navy,American Athletic,38,UAB,American Athletic,24,Navy,UAB,4,"{'minutes': 14, 'seconds': 57}",3,3,99,1,1,1,1,True,Rushing Touchdown,Alex Tecza run for 1 yd for a TD (Nathan Kirkwood KICK),0.938021275120443,2025-09-07T00:08:03.000Z
401762458,40176245815,401762458104854203,15,1,Navy,American Athletic,38,UAB,American Athletic,24,Navy,UAB,4,"{'minutes': 14, 'seconds': 57}",3,3,35,65,1,10,0,False,Kickoff,Lance Gossett kickoff for 65 yds for a touchback,,2025-09-07T00:12:20.000Z
401762458,40176245815,401762458104855501,15,2,UAB,American Athletic,24,Navy,American Athletic,38,Navy,UAB,4,"{'minutes': 14, 'seconds': 44}",3,3,75,75,1,10,0,False,Pass Interception Return,Jalen Kitna pass intercepted MarcAnthony Parker return for no gain to the UAB 35,-0.9222448802786785,2025-09-07T00:13:43.000Z
401762458,40176245815,401762458104855508,15,3,UAB,American Athletic,24,Navy,American Athletic,38,Navy,UAB,4,"{'minutes': 14, 'seconds': 44}",3,3,75,75,1,10,10,False,Penalty,"Navy Penalty, Illegal Block (Phillip Hamilton) to the UAB 46",,2025-09-07T00:13:43.000Z
401762458,40176245816,401762458104877601,16,4,Navy,American Athletic,38,UAB,American Athletic,24,Navy,UAB,4,"{'minutes': 12, 'seconds': 23}",3,3,61,39,4,4,0,False,Punt,"Jacob Carlson punt for 34 yds, punt out-of-bounds at the UAB 5",,2025-09-07T00:18:28.000Z
401762458,40176245816,401762458104857501,16,1,Navy,American Athletic,38,UAB,American Athletic,24,Navy,UAB,4,"{'minutes': 14, 'seconds': 24}",3,3,54,46,1,11,8,False,Rush,Jackson Gutierrez run for 8 yds to the UAB 38,0.7174432065595848,2025-09-07T00:12:20.000Z
401762458,40176245816,401762458104865801,16,2,Navy,American Athletic,38,UAB,American Athletic,24,Navy,UAB,4,"{'minutes': 13, 'seconds': 41}",3,3,62,38,2,3,-4,False,Rush,Blake Horvath run for a loss of 4 yards to the UAB 42,-1.906952057347917,2025-09-07T00:12:20.000Z
401762458,40176245816,401762458104869301,16,3,Navy,American Athletic,38,UAB,American Athletic,24,Navy,UAB,4,"{'minutes': 13, 'seconds': 6}",3,3,58,42,3,7,3,False,Rush,Blake Horvath run for 3 yds to the UAB 39,-0.3959047906640975,2025-09-07T00:12:20.000Z
401762458,40176245817,401762458104878301,17,1,UAB,American Athletic,24,Navy,American Athletic,38,Navy,UAB,4,"{'minutes': 12, 'seconds': 16}",3,3,95,95,1,10,1,False,Rush,Jevon Jackson run for 1 yd to the UAB 6,-0.2366836557094949,2025-09-07T00:12:20.000Z
401762458,40176245817,401762458104884801,17,2,UAB,American Athletic,24,Navy,American Athletic,38,Navy,UAB,4,"{'minutes': 11, 'seconds': 51}",3,3,94,94,2,9,8,False,Pass Reception,Jalen Kitna pass complete to Jevon Jackson for 8 yds to the UAB 14,0.2642181576374707,2025-09-07T00:21:29.000Z
401762458,40176245817,401762458104888201,17,3,UAB,American Athletic,24,Navy,American Athletic,38,Navy,UAB,4,"{'minutes': 11, 'seconds': 17}",3,3,86,86,3,1,3,False,Rush,Jevon Jackson run for 3 yds to the UAB 17 for a 1ST down,0.3556449635551706,2025-09-07T00:21:35.000Z
401762458,40176245817,401762458104895901,17,4,UAB,American Athletic,24,Navy,American Athletic,38,Navy,UAB,4,"{'minutes': 10, 'seconds': 40}",3,3,83,83,1,10,1,False,Pass Reception,Jalen Kitna pass complete to Iverson Hooks for 1 yd to the UAB 18,-0.40702717159742274,2025-09-07T00:22:17.000Z
401762458,40176245817,401762458104898401,17,5,UAB,American Athletic,24,Navy,American Athletic,38,Navy,UAB,4,"{'minutes': 10, 'seconds': 15}",3,3,82,82,2,9,11,False,Pass Reception,Jalen Kitna pass complete to Brandon Hawkins Jr. for 11 yds to the UAB 29 for a 1ST down,1.1665928813941155,2025-09-07T00:12:20.000Z
401762458,40176245817,401762458104904801,17,6,UAB,American Athletic,24,Navy,American Athletic,38,Navy,UAB,4,"{'minutes': 9, 'seconds': 51}",3,3,71,71,1,10,3,False,Pass Reception,Jalen Kitna pass complete to Brandon Hawkins Jr. for 3 yds to the UAB 32,-0.3446420231971743,2025-09-07T00:23:50.000Z
401762458,40176245817,401762458104908401,17,7,UAB,American Athletic,24,Navy,American Athletic,38,Navy,UAB,4,"{'minutes': 9, 'seconds': 15}",3,3,68,68,2,7,6,False,Rush,Solomon Beebe run for 6 yds to the UAB 38,0.3079558904462267,2025-09-07T00:25:11.000Z
401762458,40176245817,401762458104914201,17,8,UAB,American Athletic,24,Navy,American Athletic,38,Navy,UAB,4,"{'minutes': 8, 'seconds': 57}",3,3,62,62,3,1,3,False,Rush,Jevon Jackson run for 3 yds to the UAB 41 for a 1ST down,1.153290655707485,2025-09-07T00:25:16.000Z
401762458,40176245817,401762458104919001,17,9,UAB,American Athletic,24,Navy,American Athletic,38,Navy,UAB,4,"{'minutes': 8, 'seconds': 9}",3,3,59,59,1,10,17,False,Pass Reception,Iverson Hooks pass complete to Jalen Kitna for 17 yds to the NAVY 42 for a 1ST down,1.3640768782263033,2025-09-07T00:26:54.000Z
401762458,40176245817,401762458104926101,17,10,UAB,American Athletic,24,Navy,American Athletic,38,Navy,UAB,4,"{'minutes': 7, 'seconds': 38}",3,3,42,42,1,10,11,False,Pass Reception,Jalen Kitna pass complete to Corri Milliner for 11 yds to the NAVY 31 for a 1ST down,0.452989301499176,2025-09-07T00:26:59.000Z
401762458,40176245817,401762458104929301,17,11,UAB,American Athletic,24,Navy,American Athletic,38,Navy,UAB,4,"{'minutes': 7, 'seconds': 6}",3,3,31,31,1,10,10,False,Pass Reception,Jalen Kitna pass complete to Jevon Jackson for 10 yds to the NAVY 21 for a 1ST down,0.209649356277455,2025-09-07T00:27:05.000Z
401762458,40176245817,401762458104936001,17,12,UAB,American Athletic,24,Navy,American Athletic,38,Navy,UAB,4,"{'minutes': 6, 'seconds': 39}",3,3,21,21,1,10,-3,False,Sack,Jalen Kitna sacked for a loss of 3 yards to the NAVY 24,-0.6818841084579383,2025-09-07T00:28:04.000Z
401762458,40176245817,401762458104944601,17,13,UAB,American Athletic,24,Navy,American Athletic,38,Navy,UAB,4,"{'minutes': 5, 'seconds': 53}",3,3,24,24,2,13,6,False,Pass Reception,Jalen Kitna pass complete to Brandon Hawkins Jr. for 6 yds to the NAVY 18,0.141981428753132,2025-09-07T00:29:00.000Z
401762458,40176245817,401762458104948301,17,14,UAB,American Athletic,24,Navy,American Athletic,38,Navy,UAB,4,"{'minutes': 5, 'seconds': 16}",3,3,18,18,3,7,0,False,Interception,"Jalen Kitna pass intercepted, touchback.",-3.8278005064997007,2025-09-07T00:30:11.000Z
401762458,40176245818,401762458104965601,18,4,Navy,American Athletic,38,UAB,American Athletic,24,Navy,UAB,4,"{'minutes': 3, 'seconds': 43}",3,2,36,64,2,4,0,False,Timeout,"Timeout UAB, clock 03:43",,2025-09-07T00:12:20.000Z
401762458,40176245818,401762458104966401,18,5,Navy,American Athletic,38,UAB,American Athletic,24,Navy,UAB,4,"{'minutes': 3, 'seconds': 35}",3,2,36,64,2,4,10,False,Rush,Eli Heidenreich run for 10 yds to the NAVY 46 for a 1ST down,1.1347345361794117,2025-09-07T00:35:29.000Z
401762458,40176245818,401762458104974702,18,6,Navy,American Athletic,38,UAB,American Athletic,24,Navy,UAB,4,"{'minutes': 2, 'seconds': 52}",3,2,46,54,1,10,-10,False,Penalty,"(02:55) Shotgun Heidenreich,Eli rush middle for 6 yards gain to the UAB48 (Smalls,Eamon; Smyre,James) PENALTY Navy Holding (Acevedo,Jaylin) 10 yards from Navy46 to Navy36. NO PLAY.",,2025-09-07T00:37:20.000Z
401762458,40176245818,401762458104977402,18,8,Navy,American Athletic,38,UAB,American Athletic,24,Navy,UAB,4,"{'minutes': 2, 'seconds': 25}",3,1,41,59,2,15,0,False,Timeout,"Timeout UAB, clock 02:25",,2025-09-07T00:37:30.000Z
401762458,40176245818,401762458104978001,18,9,Navy,American Athletic,38,UAB,American Athletic,24,Navy,UAB,4,"{'minutes': 2, 'seconds': 19}",3,1,41,59,2,15,0,False,Penalty,"Navy Penalty, Offensive Holding (Yards) declined",,
401762458,40176245818,401762458104978002,18,10,Navy,American Athletic,38,UAB,American Athletic,24,Navy,UAB,4,"{'minutes': 2, 'seconds': 19}",3,0,41,59,3,15,0,False,Timeout,"Timeout UAB, clock 02:19",,2025-09-07T00:39:29.000Z
401762458,40176245818,401762458104979901,18,12,Navy,American Athletic,38,UAB,American Athletic,24,Navy,UAB,4,"{'minutes': 2, 'seconds': 0}",2,0,47,53,4,9,0,False,Timeout,"Timeout Navy, clock 02:00",,2025-09-07T00:12:20.000Z
401762458,40176245818,401762458104985101,18,13,Navy,American Athletic,38,UAB,American Athletic,24,Navy,UAB,4,"{'minutes': 1, 'seconds': 48}",2,0,47,53,4,9,9,False,Punt,"Jacob Carlson punt for 45 yds , Iverson Hooks returns for 9 yds to the UAB 17",,2025-09-07T00:43:47.000Z
401762458,40176245818,401762458104979101,18,11,Navy,American Athletic,38,UAB,American Athletic,24,Navy,UAB,4,"{'minutes': 2, 'seconds': 8}",3,0,41,59,3,15,6,False,Rush,Jackson Gutierrez run for 6 yds to the NAVY 47,0.11605102984049154,2025-09-07T00:42:01.000Z
401762458,40176245818,401762458104948901,18,1,Navy,American Athletic,38,UAB,American Athletic,24,Navy,UAB,4,"{'minutes': 5, 'seconds': 10}",3,3,20,80,1,10,5,False,Rush,Alex Tecza run for 5 yds to the NAVY 25,0.0855067756440384,2025-09-07T00:32:33.000Z
401762458,40176245818,401762458104957301,18,2,Navy,American Athletic,38,UAB,American Athletic,24,Navy,UAB,4,"{'minutes': 4, 'seconds': 26}",3,3,25,75,2,5,5,False,Rush,Alex Tecza run for 5 yds to the NAVY 30 for a 1ST down,0.607764501056721,2025-09-07T00:33:15.000Z
401762458,40176245818,401762458104965501,18,3,Navy,American Athletic,38,UAB,American Athletic,24,Navy,UAB,4,"{'minutes': 3, 'seconds': 44}",3,3,30,70,1,10,6,False,Rush,Blake Horvath run for 6 yds to the NAVY 36,0.3731544450397237,2025-09-07T00:34:17.000Z
401762458,40176245818,401762458104977401,18,7,Navy,American Athletic,38,UAB,American Athletic,24,Navy,UAB,4,"{'minutes': 2, 'seconds': 25}",3,2,36,64,1,20,5,False,Rush,Eli Heidenreich run for 5 yds to the NAVY 41,0.0387974655765566,2025-09-07T00:37:30.000Z
401762458,40176245819,401762458104988501,19,3,UAB,American Athletic,24,Navy,American Athletic,38,Navy,UAB,4,"{'minutes': 1, 'seconds': 14}",0,2,77,77,3,4,0,False,Penalty,"UAB Penalty, Offensive Holding (Devin Hightower) declined",,2025-09-07T00:46:18.000Z
401762458,40176245819,401762458104985601,19,1,UAB,American Athletic,24,Navy,American Athletic,38,Navy,UAB,4,"{'minutes': 1, 'seconds': 43}",0,2,83,83,1,10,0,False,Pass Incompletion,Jalen Kitna pass incomplete to Isaiah Jacobs,-0.48436415563340685,2025-09-07T00:44:59.000Z
401762458,40176245819,401762458104987301,19,2,UAB,American Athletic,24,Navy,American Athletic,38,Navy,UAB,4,"{'minutes': 1, 'seconds': 26}",0,2,83,83,2,10,6,False,Pass Reception,Jalen Kitna pass complete to Iverson Hooks for 6 yds to the UAB 23,0.1198980099883391,2025-09-07T00:45:08.000Z
401762458,40176245819,401762458104988901,19,4,UAB,American Athletic,24,Navy,American Athletic,38,Navy,UAB,4,"{'minutes': 1, 'seconds': 10}",0,2,77,77,4,4,0,False,Pass Incompletion,Jalen Kitna pass incomplete to Iverson Hooks,0.1876362673994567,2025-09-07T00:46:23.000Z
401762458,40176245819,401762458104988902,19,5,UAB,American Athletic,24,Navy,American Athletic,38,Navy,UAB,4,"{'minutes': 1, 'seconds': 10}",0,2,77,77,4,4,0,False,Pass Incompletion,Jalen Kitna pass incomplete to Iverson Hooks,0.1876362673994567,2025-09-07T00:46:23.000Z
401762458,40176245820,401762458104999902,20,3,Navy,American Athletic,38,UAB,American Athletic,24,Navy,UAB,4,"{'minutes': 0, 'seconds': 0}",2,0,76,24,0,11,-1,False,End of Game,End of 4th Quarter,,2025-09-07T00:48:51.000Z
401762458,40176245820,401762458104989801,20,1,Navy,American Athletic,38,UAB,American Athletic,24,Navy,UAB,4,"{'minutes': 1, 'seconds': 1}",2,0,77,23,1,10,-1,False,Rush,(01:06) Kneel down by Navy at UAB24 for loss of 1 yard.,-0.5191767230513005,2025-09-07T00:47:36.000Z
401762458,40176245820,401762458104999901,20,2,Navy,American Athletic,38,UAB,American Athletic,24,Navy,UAB,4,"{'minutes': 0, 'seconds': 0}",2,0,76,24,2,11,-1,False,Rush,(00:30) Kneel down by Navy at UAB25 for loss of 1 yard.,-0.7612706333459087,2025-09-07T00:48:51.000Z
401762463,4017624631,401762463101855003,1,2,UAB,American Athletic,7,Akron,Mid-American,0,UAB,Akron,1,"{'minutes': 14, 'seconds': 49}",3,3,35,65,1,10,0,False,Kickoff,Owen Simpson kickoff for 65 yds for a touchback,,2025-09-14T00:36:36.000Z
401762463,4017624631,401762463101855001,1,1,Akron,Mid-American,0,UAB,American Athletic,7,UAB,Akron,1,"{'minutes': 14, 'seconds': 49}",3,3,65,65,1,10,96,True,Kickoff Return Touchdown,"Owen Wiley kickoff for 61 yds , Solomon Beebe return for 96 yds for a TD (Jonah Delange KICK)",,2025-09-14T00:36:36.000Z
401762463,4017624631,401762463101856101,1,3,Akron,Mid-American,7,UAB,American Athletic,7,UAB,Akron,1,"{'minutes': 14, 'seconds': 38}",3,3,75,75,1,10,75,True,Passing Touchdown,Ben Finley pass complete to Israel Polk for 75 yds for a TD (Owen Wiley KICK),6.0777551197213215,2025-09-14T00:36:56.000Z
401762463,4017624632,401762463101856801,2,1,Akron,Mid-American,7,UAB,American Athletic,7,UAB,Akron,1,"{'minutes': 14, 'seconds': 31}",3,3,65,65,1,10,18,False,Kickoff Return (Offense),"Owen Wiley kickoff for 56 yds , Solomon Beebe return for 18 yds to the UAB 27",,2025-09-14T00:39:39.000Z
401762463,4017624632,401762463101857601,2,2,UAB,American Athletic,7,Akron,Mid-American,7,UAB,Akron,1,"{'minutes': 14, 'seconds': 23}",3,3,27,73,1,10,12,False,Rush,Jevon Jackson run for 12 yds to the UAB 39 for a 1ST down,1.0776993977570706,2025-09-14T00:40:16.000Z
401762463,4017624632,401762463101866801,2,3,UAB,American Athletic,7,Akron,Mid-American,7,UAB,Akron,1,"{'minutes': 13, 'seconds': 31}",3,3,39,61,1,10,-1,False,Rush,Jevon Jackson run for a loss of 1 yard to the UAB 38,-1.2959010674243847,2025-09-14T00:40:56.000Z
401762463,4017624632,401762463101874301,2,4,UAB,American Athletic,7,Akron,Mid-American,7,UAB,Akron,1,"{'minutes': 12, 'seconds': 56}",3,3,38,62,2,11,11,False,Pass Reception,Jalen Kitna pass complete to Corri Milliner for 11 yds to the UAB 49 for a 1ST down,2.227549899996312,2025-09-14T00:41:36.000Z
401762463,4017624632,401762463101876101,2,5,UAB,American Athletic,7,Akron,Mid-American,7,UAB,Akron,1,"{'minutes': 12, 'seconds': 38}",3,3,49,51,1,10,-2,False,Rush,Jevon Jackson run for a loss of 2 yards to the UAB 47,-1.5881457651407354,2025-09-14T00:41:47.000Z
401762463,4017624632,401762463101879401,2,6,UAB,American Athletic,7,Akron,Mid-American,7,UAB,Akron,1,"{'minutes': 12, 'seconds': 5}",3,3,47,53,2,12,8,False,Pass Reception,Jalen Kitna pass complete to Brandon Hawkins Jr. for 8 yds to the AKR 45,0.7797568718427283,2025-09-14T00:42:26.000Z
401762463,4017624632,401762463101886301,2,7,UAB,American Athletic,7,Akron,Mid-American,7,UAB,Akron,1,"{'minutes': 11, 'seconds': 36}",3,3,55,45,3,4,0,False,Pass Incompletion,Jalen Kitna pass incomplete to Elijah Lagg,-1.084653861890837,2025-09-14T00:42:56.000Z
401762463,4017624632,401762463101886801,2,8,UAB,American Athletic,7,Akron,Mid-American,7,UAB,Akron,1,"{'minutes': 11, 'seconds': 31}",3,3,55,45,4,4,0,False,Pass Incompletion,Jalen Kitna pass incomplete to Iverson Hooks,-1.183590040918217,2025-09-14T00:43:38.000Z
401762463,4017624633,401762463101889901,3,2,Akron,Mid-American,7,UAB,American Athletic,7,UAB,Akron,1,"{'minutes': 11, 'seconds': 0}",3,3,53,53,2,8,15,False,Penalty,"UAB Penalty, Face Mask (15 yards) (Amorie Morrison) to the UAB 36 for a 1ST down",,2025-09-14T00:47:47.000Z
401762463,4017624633,401762463101904501,3,5,Akron,Mid-American,7,UAB,American Athletic,7,UAB,Akron,1,"{'minutes': 9, 'seconds': 54}",3,3,28,28,3,2,5,False,Penalty,"(09:54) No Huddle-Shotgun Finley,Ben pass incomplete short right to Newell,Jake thrown to UAB25 PENALTY UAB Offside (Odinjor,Ezra) 5 yards from UAB28 to UAB23, 1ST DOWN. NO PLAY.",,2025-09-14T00:49:37.000Z
401762463,4017624633,401762463101888101,3,1,Akron,Mid-American,7,UAB,American Athletic,7,UAB,Akron,1,"{'minutes': 11, 'seconds': 18}",3,3,55,55,1,10,2,False,Rush,Sean Patrick run for 2 yds to the AKR 47,-0.6797853383066688,2025-09-14T00:47:27.000Z
401762463,4017624633,401762463101897901,3,3,Akron,Mid-American,7,UAB,American Athletic,7,UAB,Akron,1,"{'minutes': 10, 'seconds': 20}",3,3,36,36,1,10,7,False,Rush,Ben Finley run for 7 yds to the UAB 29,0.40306460138266,2025-09-14T00:49:07.000Z
401762463,4017624633,401762463101899601,3,4,Akron,Mid-American,7,UAB,American Athletic,7,UAB,Akron,1,"{'minutes': 10, 'seconds': 3}",3,3,29,29,2,3,1,False,Rush,Sean Patrick run for 1 yd to the UAB 28,-0.5536055910363714,2025-09-14T00:49:27.000Z
401762463,4017624633,401762463101905401,3,6,Akron,Mid-American,7,UAB,American Athletic,7,UAB,Akron,1,"{'minutes': 9, 'seconds': 45}",3,3,23,23,1,10,4,False,Rush,Jordan Gant run for 4 yds to the UAB 19,-0.0314047953383095,2025-09-14T00:50:37.000Z
401762463,4017624633,401762463101907101,3,7,Akron,Mid-American,7,UAB,American Athletic,7,UAB,Akron,1,"{'minutes': 9, 'seconds': 28}",3,3,19,19,2,6,0,False,Pass Incompletion,Ben Finley pass incomplete to Jake Newell,-0.4462084910731787,2025-09-14T01:21:48.000Z
401762463,4017624633,401762463101909501,3,8,Akron,Mid-American,7,UAB,American Athletic,7,UAB,Akron,1,"{'minutes': 9, 'seconds': 4}",3,3,19,19,3,6,10,False,Pass Reception,Ben Finley pass complete to Israel Polk for 10 yds to the UAB 9 for a 1ST down,0.7173531408362487,2025-09-14T00:51:37.000Z
401762463,4017624633,401762463101915001,3,9,Akron,Mid-American,7,UAB,American Athletic,7,UAB,Akron,1,"{'minutes': 8, 'seconds': 49}",3,3,9,9,1,9,4,False,Rush,Sean Patrick run for 4 yds to the UAB 5,-0.014339867883452,2025-09-14T00:51:57.000Z
401762463,4017624633,401762463101916301,3,10,Akron,Mid-American,14,UAB,American Athletic,7,UAB,Akron,1,"{'minutes': 8, 'seconds': 36}",3,3,5,5,2,5,5,True,Passing Touchdown,"Ben Finley pass complete to Israel Polk for 5 yds for a TD UAB Penalty, Defensive Offside (Yards) declined (Owen Wiley KICK)",2.43857769152992,2025-09-14T00:53:07.000Z
401762463,4017624634,401762463101917001,4,1,Akron,Mid-American,14,UAB,American Athletic,7,UAB,Akron,1,"{'minutes': 8, 'seconds': 29}",3,3,65,65,1,10,31,False,Kickoff Return (Offense),"Owen Wiley kickoff for 61 yds , Solomon Beebe return for 31 yds to the UAB 35",,2025-09-14T00:56:37.000Z
401762463,4017624634,401762463101939601,4,7,UAB,American Athletic,7,Akron,Mid-American,14,UAB,Akron,1,"{'minutes': 6, 'seconds': 3}",3,3,69,31,3,1,-5,False,Penalty,"PENALTY UAB False Start (Perez,Calib) 5 yards from Akron31 to Akron36. NO PLAY.",,2025-09-14T01:00:17.000Z
401762463,4017624634,401762463101957201,4,11,UAB,American Athletic,7,Akron,Mid-American,14,UAB,Akron,1,"{'minutes': 4, 'seconds': 27}",2,3,92,8,2,6,0,False,Timeout,"Timeout UAB, clock 04:27",,2025-09-14T01:02:07.000Z
401762463,4017624634,401762463101918201,4,2,UAB,American Athletic,7,Akron,Mid-American,14,UAB,Akron,1,"{'minutes': 8, 'seconds': 17}",3,3,35,65,1,10,3,False,Pass Reception,Jalen Kitna pass complete to Solomon Beebe for 3 yds to the UAB 38,-0.4062307312880424,2025-09-14T00:57:37.000Z
401762463,4017624634,401762463101925501,4,3,UAB,American Athletic,7,Akron,Mid-American,14,UAB,Akron,1,"{'minutes': 7, 'seconds': 44}",3,3,38,62,2,7,8,False,Pass Reception,Jalen Kitna pass complete to Evan McCray for 8 yds to the UAB 46 for a 1ST down,1.4640502042941692,2025-09-14T00:58:07.000Z
401762463,4017624634,401762463101927101,4,4,UAB,American Athletic,7,Akron,Mid-American,14,UAB,Akron,1,"{'minutes': 7, 'seconds': 28}",3,3,46,54,1,10,14,False,Pass Reception,Jalen Kitna pass complete to Evan McCray for 14 yds to the AKR 40 for a 1ST down,0.995848393747867,2025-09-14T00:58:17.000Z
401762463,4017624634,401762463101929501,4,5,UAB,American Athletic,7,Akron,Mid-American,14,UAB,Akron,1,"{'minutes': 7, 'seconds': 4}",3,3,60,40,1,10,8,False,Pass Reception,Jalen Kitna pass complete to Evan McCray for 8 yds to the AKR 32,0.637524267916824,2025-09-14T00:58:57.000Z
401762463,4017624634,401762463101936701,4,6,UAB,American Athletic,7,Akron,Mid-American,14,UAB,Akron,1,"{'minutes': 6, 'seconds': 32}",3,3,68,32,2,2,1,False,Rush,Isaiah Jacobs run for 1 yd to the AKR 31,-0.638309896028968,2025-09-14T00:59:17.000Z
401762463,4017624634,401762463101945101,4,8,UAB,American Athletic,7,Akron,Mid-American,14,UAB,Akron,1,"{'minutes': 5, 'seconds': 48}",3,3,64,36,3,6,3,False,Rush,Solomon Beebe run for 3 yds to the AKR 33,-0.373540690840489,2025-09-14T01:00:37.000Z
401762463,4017624634,401762463101949101,4,9,UAB,American Athletic,7,Akron,Mid-American,14,UAB,Akron,1,"{'minutes': 5, 'seconds': 8}",3,3,67,33,4,3,21,False,Pass Reception,Jalen Kitna pass complete to J.C. Sivley for 21 yds to the AKR 12 for a 1ST down,2.021100626810899,2025-09-14T01:01:17.000Z
401762463,4017624634,401762463101955601,4,10,UAB,American Athletic,7,Akron,Mid-American,14,UAB,Akron,1,"{'minutes': 4, 'seconds': 43}",3,3,88,12,1,10,4,False,Pass Reception,Jalen Kitna pass complete to J.C. Sivley for 4 yds to the AKR 8,-0.016436925799308,2025-09-14T01:01:37.000Z
401762463,4017624634,401762463101957801,4,12,UAB,American Athletic,14,Akron,Mid-American,14,UAB,Akron,1,"{'minutes': 4, 'seconds': 21}",2,3,92,8,2,6,8,True,Rushing Touchdown,Nate Rogers run for 8 yds for a TD (Jonah Delange KICK),2.5465314678352335,2025-09-14T01:06:17.000Z
401762463,4017624635,401762463101957803,5,1,UAB,American Athletic,14,Akron,Mid-American,14,UAB,Akron,1,"{'minutes': 4, 'seconds': 21}",2,3,35,65,1,10,0,False,Kickoff,Owen Simpson kickoff for 65 yds for a touchback,,2025-09-14T01:06:17.000Z
401762463,4017624635,401762463101974102,5,6,Akron,Mid-American,14,UAB,American Athletic,14,UAB,Akron,1,"{'minutes': 2, 'seconds': 58}",3,1,41,41,3,10,0,False,Timeout,"Timeout UAB, clock 02:58",,2025-09-14T01:11:37.000Z
401762463,4017624635,401762463101987301,5,13,Akron,Mid-American,17,UAB,American Athletic,14,UAB,Akron,1,"{'minutes': 1, 'seconds': 26}",2,1,19,19,4,9,36,True,Field Goal Good,Owen Wiley 36 yd FG GOOD,,2025-09-14T01:19:38.000Z
401762463,4017624635,401762463101978801,5,8,Akron,Mid-American,14,UAB,American Athletic,14,UAB,Akron,1,"{'minutes': 2, 'seconds': 11}",2,1,32,32,4,1,0,False,Timeout,"Timeout Akron, clock 02:11",,2025-09-14T01:14:07.000Z
401762463,4017624635,401762463101958501,5,2,Akron,Mid-American,14,UAB,American Athletic,14,UAB,Akron,1,"{'minutes': 4, 'seconds': 14}",3,2,75,75,1,10,2,False,Rush,Sean Patrick run for 2 yds to the AKR 27,-0.45260367932203766,2025-09-14T01:10:18.000Z
401762463,4017624635,401762463101964501,5,3,Akron,Mid-American,14,UAB,American Athletic,14,UAB,Akron,1,"{'minutes': 3, 'seconds': 54}",3,2,73,73,2,8,32,False,Pass Reception,Ben Finley pass complete to Kyan Mason for 32 yds to the UAB 41 for a 1ST down,3.2898391731468397,2025-09-14T01:10:37.000Z
401762463,4017624635,401762463101967001,5,4,Akron,Mid-American,14,UAB,American Athletic,14,UAB,Akron,1,"{'minutes': 3, 'seconds': 29}",3,2,41,41,1,10,0,False,Rush,Sean Patrick run for no gain to the UAB 41,-0.8772679222659558,2025-09-14T01:11:08.000Z
401762463,4017624635,401762463101974101,5,5,Akron,Mid-American,14,UAB,American Athletic,14,UAB,Akron,1,"{'minutes': 2, 'seconds': 58}",3,2,41,41,2,10,0,False,Pass Incompletion,Ben Finley pass incomplete to Kyan Mason,-1.0411051963664768,2025-09-14T01:11:37.000Z
401762463,4017624635,401762463101975201,5,7,Akron,Mid-American,14,UAB,American Athletic,14,UAB,Akron,1,"{'minutes': 2, 'seconds': 47}",3,1,41,41,3,10,9,False,Pass Reception,Ben Finley pass complete to Tim Grear Jr. for 9 yds to the UAB 32,0.9637683355548194,2025-09-14T01:13:41.000Z
401762463,4017624635,401762463101979701,5,9,Akron,Mid-American,14,UAB,American Athletic,14,UAB,Akron,1,"{'minutes': 2, 'seconds': 2}",2,1,32,32,4,1,12,False,Rush,Jordan Gant run for 12 yds to the UAB 20 for a 1ST down,1.5771966799424335,2025-09-14T01:15:19.000Z
401762463,4017624635,401762463101985801,5,10,Akron,Mid-American,14,UAB,American Athletic,14,UAB,Akron,1,"{'minutes': 1, 'seconds': 41}",2,1,20,20,1,10,1,False,Pass Reception,Ben Finley pass complete to Kyan Mason for 1 yd to the UAB 19,-0.289944449954191,2025-09-14T01:15:48.000Z
401762463,4017624635,401762463101986401,5,11,Akron,Mid-American,14,UAB,American Athletic,14,UAB,Akron,1,"{'minutes': 1, 'seconds': 35}",2,1,19,19,2,9,0,False,Pass Incompletion,Ben Finley pass incomplete to Tim Grear Jr.,-0.437632075588811,2025-09-14T01:16:09.000Z
401762463,4017624635,401762463101986901,5,12,Akron,Mid-American,14,UAB,American Athletic,14,UAB,Akron,1,"{'minutes': 1, 'seconds': 30}",2,1,19,19,3,9,0,False,Pass Incompletion,Ben Finley pass incomplete to Myles Walker,-0.670831592610355,2025-09-14T01:16:48.000Z
401762463,4017624636,401762463101987302,6,1,Akron,Mid-American,17,UAB,American Athletic,14,UAB,Akron,1,"{'minutes': 1, 'seconds': 26}",2,1,65,65,1,10,0,False,Kickoff,Owen Wiley kickoff for 35 yds,,2025-09-14T01:19:38.000Z
401762463,4017624636,401762463101999902,6,6,UAB,American Athletic,14,Akron,Mid-American,17,UAB,Akron,1,"{'minutes': 0, 'seconds': 0}",1,2,58,42,0,10,0,False,End Period,End of 1st Quarter,,2025-09-14T01:21:48.000Z
401762463,4017624636,401762463102857501,6,11,UAB,American Athletic,17,Akron,Mid-American,17,UAB,Akron,2,"{'minutes': 14, 'seconds': 24}",1,2,74,26,4,10,44,True,Field Goal Good,Jonah Delange 44 yd FG GOOD,,2025-09-14T01:28:38.000Z
401762463,4017624636,401762463101988101,6,2,UAB,American Athletic,14,Akron,Mid-American,17,UAB,Akron,1,"{'minutes': 1, 'seconds': 18}",1,2,35,65,1,10,5,False,Rush,Isaiah Jacobs run for 5 yds to the UAB 40,0.1088137823196469,2025-09-14T01:19:59.000Z
401762463,4017624636,401762463101994501,6,3,UAB,American Athletic,14,Akron,Mid-American,17,UAB,Akron,1,"{'minutes': 0, 'seconds': 54}",1,2,40,60,2,5,5,False,Rush,Kaleb Brown run for 5 yds to the UAB 45 for a 1ST down,0.8572899910553229,2025-09-14T01:20:38.000Z
401762463,4017624636,401762463101999401,6,4,UAB,American Athletic,14,Akron,Mid-American,17,UAB,Akron,1,"{'minutes': 0, 'seconds': 5}",1,2,45,55,1,10,13,False,Pass Reception,Jalen Kitna pass complete to Solomon Beebe for 13 yds to the AKR 42 for a 1ST down,0.981677765744241,2025-09-14T01:21:28.000Z
401762463,4017624636,401762463101999901,6,5,UAB,American Athletic,14,Akron,Mid-American,17,UAB,Akron,1,"{'minutes': 0, 'seconds': 0}",1,2,58,42,1,10,0,False,Pass Incompletion,Jalen Kitna pass incomplete to Jevon Jackson,-0.908489395271188,2025-09-14T01:21:48.000Z
401762463,4017624636,401762463102855001,6,7,UAB,American Athletic,14,Akron,Mid-American,17,UAB,Akron,2,"{'minutes': 14, 'seconds': 49}",1,2,58,42,2,10,16,False,Pass Reception,Jalen Kitna pass complete to Kaleb Brown for 16 yds to the AKR 26 for a 1ST down,1.4834227444351316,2025-09-14T02:16:42.000Z
401762463,4017624636,401762463102856101,6,8,UAB,American Athletic,14,Akron,Mid-American,17,UAB,Akron,2,"{'minutes': 14, 'seconds': 38}",1,2,74,26,1,10,0,False,Pass Incompletion,Jalen Kitna pass incomplete to Solomon Beebe,-0.4710467974920665,2025-09-14T02:16:42.000Z
401762463,4017624636,401762463102856501,6,9,UAB,American Athletic,14,Akron,Mid-American,17,UAB,Akron,2,"{'minutes': 14, 'seconds': 34}",1,2,74,26,2,10,0,False,Pass Incompletion,Jalen Kitna pass incomplete to Solomon Beebe,-0.6385710457423314,2025-09-14T01:27:24.000Z
401762463,4017624636,401762463102857001,6,10,UAB,American Athletic,14,Akron,Mid-American,17,UAB,Akron,2,"{'minutes': 14, 'seconds': 29}",1,2,74,26,3,10,0,False,Pass Incompletion,Jalen Kitna pass incomplete to Iverson Hooks,-0.906791565871103,2025-09-14T01:27:48.000Z
401762463,4017624637,401762463102857901,7,1,UAB,American Athletic,17,Akron,Mid-American,17,UAB,Akron,2,"{'minutes': 14, 'seconds': 20}",1,2,35,65,1,10,18,False,Kickoff Return (Offense),"Owen Simpson kickoff for 58 yds , Brandon Hills return for 18 yds to the AKR 25",,2025-09-14T01:31:58.000Z
401762463,4017624637,401762463102884901,7,7,Akron,Mid-American,17,UAB,American Athletic,17,UAB,Akron,2,"{'minutes': 11, 'seconds': 50}",2,1,60,60,4,6,0,False,Punt,Joseph Castle punt for 56 yds,,2025-09-14T01:35:39.000Z
401762463,4017624637,401762463102859301,7,2,Akron,Mid-American,17,UAB,American Athletic,17,UAB,Akron,2,"{'minutes': 14, 'seconds': 6}",2,1,75,75,1,10,3,False,Pass Reception,Ben Finley pass complete to Jake Newell for 3 yds to the AKR 28,-0.2957674139440157,2025-09-14T01:33:02.000Z
401762463,4017624637,401762463102865701,7,3,Akron,Mid-American,17,UAB,American Athletic,17,UAB,Akron,2,"{'minutes': 13, 'seconds': 42}",2,1,72,72,2,7,8,False,Pass Reception,Ben Finley pass complete to Sean Patrick for 8 yds to the AKR 36 for a 1ST down,1.2263299258900062,2025-09-14T01:33:34.000Z
401762463,4017624637,401762463102867301,7,4,Akron,Mid-American,17,UAB,American Athletic,17,UAB,Akron,2,"{'minutes': 13, 'seconds': 26}",2,1,64,64,1,10,0,False,Pass Incompletion,Ben Finley pass incomplete to Myles Walker,-1.041155320344064,2025-09-14T01:33:40.000Z
401762463,4017624637,401762463102868501,7,5,Akron,Mid-American,17,UAB,American Athletic,17,UAB,Akron,2,"{'minutes': 13, 'seconds': 14}",2,1,64,64,2,10,4,False,Rush,Sean Patrick run for 4 yds to the AKR 40,-0.1156741285975409,2025-09-14T01:34:18.000Z
401762463,4017624637,401762463102876301,7,6,Akron,Mid-American,17,UAB,American Athletic,17,UAB,Akron,2,"{'minutes': 12, 'seconds': 36}",2,1,60,60,3,6,0,False,Sack,Ben Finley sacked for 0 yards to the AKR 40,-0.5793220541179895,2025-09-14T01:35:09.000Z
401762463,4017624638,401762463102914201,8,7,UAB,American Athletic,17,Akron,Mid-American,17,UAB,Akron,2,"{'minutes': 8, 'seconds': 57}",1,2,89,11,4,3,5,False,Penalty,"PENALTY Akron Delay Of Game 5 yards from Akron11 to Akron06, 1ST DOWN. NO PLAY.",,2025-09-14T01:42:19.000Z
401762463,4017624638,401762463102886601,8,1,UAB,American Athletic,17,Akron,Mid-American,17,UAB,Akron,2,"{'minutes': 11, 'seconds': 33}",1,2,4,96,1,10,48,False,Pass Reception,Jalen Kitna pass complete to Iverson Hooks for 48 yds to the AKR 48 for a 1ST down,3.252373242770867,2025-09-14T01:39:08.000Z
401762463,4017624638,401762463102888501,8,2,UAB,American Athletic,17,Akron,Mid-American,17,UAB,Akron,2,"{'minutes': 11, 'seconds': 14}",1,2,52,48,1,10,14,False,Pass Reception,Jalen Kitna pass complete to Iverson Hooks for 14 yds to the AKR 34 for a 1ST down,0.749507675366287,2025-09-14T01:39:29.000Z
401762463,4017624638,401762463102896701,8,3,UAB,American Athletic,17,Akron,Mid-American,17,UAB,Akron,2,"{'minutes': 10, 'seconds': 32}",1,2,66,34,1,10,16,False,Pass Reception,Jalen Kitna pass complete to Elijah Lagg for 16 yds to the AKR 18 for a 1ST down,0.344933451843079,2025-09-14T01:40:09.000Z
401762463,4017624638,401762463102898701,8,4,UAB,American Athletic,17,Akron,Mid-American,17,UAB,Akron,2,"{'minutes': 10, 'seconds': 12}",1,2,82,18,1,10,3,False,Rush,Solomon Beebe run for 3 yds to the AKR 15,-0.111402529616803,2025-09-14T01:40:29.000Z
401762463,4017624638,401762463102906101,8,5,UAB,American Athletic,17,Akron,Mid-American,17,UAB,Akron,2,"{'minutes': 9, 'seconds': 38}",1,2,85,15,2,7,0,False,Pass Incompletion,Jalen Kitna pass incomplete to Corri Milliner,-0.368112823172597,2025-09-14T01:41:09.000Z
401762463,4017624638,401762463102907601,8,6,UAB,American Athletic,17,Akron,Mid-American,17,UAB,Akron,2,"{'minutes': 9, 'seconds': 23}",1,2,85,15,3,7,4,False,Pass Reception,Jalen Kitna pass complete to Brandon Hawkins Jr. for 4 yds to the AKR 11,-0.0549883664369535,2025-09-14T01:41:49.000Z
401762463,4017624638,401762463102915101,8,8,UAB,American Athletic,24,Akron,Mid-American,17,UAB,Akron,2,"{'minutes': 8, 'seconds': 48}",1,2,94,6,1,6,6,True,Passing Touchdown,Jalen Kitna pass complete to Jevon Jackson for 6 yds for a TD (Jonah Delange KICK),2.052489771065277,2025-09-14T01:44:09.000Z
401762463,4017624639,401762463102915103,9,1,UAB,American Athletic,24,Akron,Mid-American,17,UAB,Akron,2,"{'minutes': 8, 'seconds': 48}",1,2,35,65,1,10,0,False,Kickoff,Owen Simpson kickoff for 65 yds for a touchback,,2025-09-14T01:44:09.000Z
401762463,4017624639,401762463102928901,9,6,Akron,Mid-American,17,UAB,American Athletic,24,UAB,Akron,2,"{'minutes': 7, 'seconds': 10}",2,1,63,63,3,9,0,False,Penalty,"Akron Penalty, Personal Foul (Myles Walker) declined",,
401762463,4017624639,401762463102934501,9,7,Akron,Mid-American,17,UAB,American Athletic,24,UAB,Akron,2,"{'minutes': 6, 'seconds': 54}",2,1,63,63,4,9,14,False,Punt,"Joseph Castle punt for 36 yds , Iverson Hooks returns for 14 yds to the UAB 41",,2025-09-14T01:52:40.000Z
401762463,4017624639,401762463102915901,9,2,Akron,Mid-American,17,UAB,American Athletic,24,UAB,Akron,2,"{'minutes': 8, 'seconds': 40}",2,1,75,75,1,10,5,False,Rush,Jordan Gant run for 5 yds to the AKR 30,0.0945451165334843,2025-09-14T01:49:12.000Z
401762463,4017624639,401762463102918601,9,3,Akron,Mid-American,17,UAB,American Athletic,24,UAB,Akron,2,"{'minutes': 8, 'seconds': 13}",2,1,70,70,2,5,6,False,Rush,Ben Finley run for 6 yds to the AKR 36 for a 1ST down,0.8360173954125062,2025-09-14T01:49:39.000Z
401762463,4017624639,401762463102924601,9,4,Akron,Mid-American,17,UAB,American Athletic,24,UAB,Akron,2,"{'minutes': 7, 'seconds': 53}",2,1,64,64,1,10,0,False,Pass Incompletion,Ben Finley pass incomplete to Tim Grear Jr.,-1.041155320344064,2025-09-14T01:50:00.000Z
401762463,4017624639,401762463102926001,9,5,Akron,Mid-American,17,UAB,American Athletic,24,UAB,Akron,2,"{'minutes': 7, 'seconds': 39}",2,1,64,64,2,10,1,False,Rush,Jordan Gant run for 1 yd to the AKR 37,-0.5276196370423643,2025-09-14T01:50:41.000Z
401762463,40176246310,401762463102935701,10,1,UAB,American Athletic,24,Akron,Mid-American,17,UAB,Akron,2,"{'minutes': 6, 'seconds': 42}",1,2,41,59,1,10,10,False,Pass Reception,Jalen Kitna pass complete to Iverson Hooks for 10 yds to the AKR 49 for a 1ST down,0.896681798161179,2025-09-14T01:53:42.000Z
401762463,40176246310,401762463102937601,10,2,UAB,American Athletic,24,Akron,Mid-American,17,UAB,Akron,2,"{'minutes': 6, 'seconds': 23}",1,2,51,49,1,10,5,False,Rush,Jevon Jackson run for 5 yds to the AKR 44,0.1003706527461523,2025-09-14T01:54:00.000Z
401762463,40176246310,401762463102939401,10,3,UAB,American Athletic,24,Akron,Mid-American,17,UAB,Akron,2,"{'minutes': 6, 'seconds': 5}",1,2,56,44,2,5,9,False,Rush,Jevon Jackson run for 9 yds to the AKR 35 for a 1ST down,0.68937111511414,2025-09-14T01:54:20.000Z
401762463,40176246310,401762463102945601,10,4,UAB,American Athletic,24,Akron,Mid-American,17,UAB,Akron,2,"{'minutes': 5, 'seconds': 43}",1,2,65,35,1,10,0,False,Pass Reception,Jalen Kitna pass complete to Iverson Hooks for no gain to the AKR 35,-0.6918622905019662,2025-09-14T01:54:40.000Z
401762463,40176246310,401762463102949701,10,5,UAB,American Athletic,24,Akron,Mid-American,17,UAB,Akron,2,"{'minutes': 5, 'seconds': 2}",1,2,65,35,2,10,1,False,Rush,Jevon Jackson run for 1 yd to the AKR 34,-0.7032689720266774,2025-09-14T01:55:20.000Z
401762463,40176246310,401762463102957301,10,6,UAB,American Athletic,24,Akron,Mid-American,17,UAB,Akron,2,"{'minutes': 4, 'seconds': 26}",1,2,66,34,3,9,10,False,Pass Reception,"Jalen Kitna pass complete to Corri Milliner for 10 yds to the AKR 24 for a 1ST down Akron Penalty, Defensive Offside (Myles Walker) declined for a 1ST down",1.6862820976986246,2025-09-14T01:56:01.000Z
401762463,40176246310,401762463102964001,10,7,UAB,American Athletic,24,Akron,Mid-American,17,UAB,Akron,2,"{'minutes': 3, 'seconds': 59}",1,2,76,24,1,10,44,False,Pass Interception Return,Jalen Kitna pass intercepted Markus Boswell return for 44 yds to the UAB 31,-4.318562051393025,2025-09-14T01:57:20.000Z
401762463,40176246311,401762463102975901,11,4,Akron,Mid-American,17,UAB,American Athletic,24,UAB,Akron,2,"{'minutes': 2, 'seconds': 40}",2,1,8,8,2,8,4,False,Penalty,"(02:43) No Huddle-Shotgun Finley,Ben pass incomplete short right to Williams,Marcel thrown to UAB00 PENALTY UAB Offside (Burge,Chris) 4 yards from UAB08 to UAB04. NO PLAY.",,2025-09-14T01:59:10.000Z
401762463,40176246311,401762463102984601,11,7,Akron,Mid-American,20,UAB,American Athletic,24,UAB,Akron,2,"{'minutes': 1, 'seconds': 53}",2,1,6,6,4,6,23,True,Field Goal Good,Owen Wiley 23 yd FG GOOD,,2025-09-14T02:04:11.000Z
401762463,40176246311,401762463102965001,11,1,Akron,Mid-American,17,UAB,American Athletic,24,UAB,Akron,2,"{'minutes': 3, 'seconds': 49}",2,1,31,31,1,10,9,False,Rush,Ben Finley run for 9 yds to the UAB 22,0.698477649783843,2025-09-14T01:57:52.000Z
401762463,40176246311,401762463102967101,11,2,Akron,Mid-American,17,UAB,American Athletic,24,UAB,Akron,2,"{'minutes': 3, 'seconds': 28}",2,1,22,22,2,1,12,False,Rush,Sean Patrick run for 12 yds to the UAB 10 for a 1ST down,-0.370358321960337,2025-09-14T01:58:10.000Z
401762463,40176246311,401762463102969401,11,3,Akron,Mid-American,17,UAB,American Athletic,24,UAB,Akron,2,"{'minutes': 3, 'seconds': 5}",2,1,10,10,1,10,2,False,Rush,Sean Patrick run for 2 yds to the UAB 8,-0.162944112483623,2025-09-14T01:58:43.000Z
401762463,40176246311,401762463102977701,11,5,Akron,Mid-American,17,UAB,American Athletic,24,UAB,Akron,2,"{'minutes': 2, 'seconds': 22}",2,1,4,4,2,4,-1,False,Rush,Kyan Mason run for a loss of 1 yard to the UAB 5,-0.4277093887206295,2025-09-14T02:00:00.000Z
401762463,40176246311,401762463102984201,11,6,Akron,Mid-American,17,UAB,American Athletic,24,UAB,Akron,2,"{'minutes': 1, 'seconds': 57}",2,1,5,5,3,5,-1,False,Rush,Ben Finley run for a loss of 1 yard to the UAB 6,-0.3660216060643396,2025-09-14T02:03:43.000Z
401762463,40176246312,401762463102985201,12,1,Akron,Mid-American,20,UAB,American Athletic,24,UAB,Akron,2,"{'minutes': 1, 'seconds': 47}",2,1,65,65,1,10,26,False,Kickoff Return (Offense),"Owen Wiley kickoff for 53 yds , Isaiah Jacobs return for 26 yds to the UAB 38",,2025-09-14T02:05:51.000Z
401762463,40176246312,401762463102994201,12,7,UAB,American Athletic,24,Akron,Mid-American,20,UAB,Akron,2,"{'minutes': 0, 'seconds': 57}",1,2,87,13,1,10,6,False,Penalty,"Akron Penalty, unnecessary roughness (Alex Branch) to the AKR 5 for a 1ST down",,2025-09-14T02:09:41.000Z
401762463,40176246312,401762463102996101,12,10,UAB,American Athletic,24,Akron,Mid-American,20,UAB,Akron,2,"{'minutes': 0, 'seconds': 38}",1,2,35,65,1,10,25,False,Kickoff Return (Offense),"Owen Simpson kickoff for 64 yds , Brandon Hills return for 25 yds to the AKR 40 Akron Penalty, Personal Foul (Ben Kamara) to the AKR 13",,2025-09-14T02:14:32.000Z
401762463,40176246312,401762463102986001,12,2,UAB,American Athletic,24,Akron,Mid-American,20,UAB,Akron,2,"{'minutes': 1, 'seconds': 39}",1,2,38,62,1,10,-1,False,Pass Reception,Jalen Kitna pass complete to Jevon Jackson for a loss of 1 yard to the UAB 37,-1.26942490973284,2025-09-14T02:06:41.000Z
401762463,40176246312,401762463102987301,12,3,UAB,American Athletic,24,Akron,Mid-American,20,UAB,Akron,2,"{'minutes': 1, 'seconds': 26}",1,2,37,63,2,11,14,False,Pass Reception,Jalen Kitna pass complete to Brandon Hawkins Jr. for 14 yds to the AKR 49 for a 1ST down,2.4600979987750824,2025-09-14T02:07:21.000Z
401762463,40176246312,401762463102988401,12,4,UAB,American Athletic,24,Akron,Mid-American,20,UAB,Akron,2,"{'minutes': 1, 'seconds': 15}",1,2,51,49,1,10,-2,False,Rush,Jevon Jackson run for a loss of 2 yards to the UAB 49,-1.5598563607412999,2025-09-14T02:07:51.000Z
401762463,40176246312,401762463102989001,12,5,UAB,American Athletic,24,Akron,Mid-American,20,UAB,Akron,2,"{'minutes': 1, 'seconds': 9}",1,2,49,51,2,12,23,False,Pass Reception,Jalen Kitna pass complete to Corri Milliner for 23 yds to the AKR 28 for a 1ST down,2.558172438240117,2025-09-14T02:08:58.000Z
401762463,40176246312,401762463102989501,12,6,UAB,American Athletic,24,Akron,Mid-American,20,UAB,Akron,2,"{'minutes': 1, 'seconds': 4}",1,2,72,28,1,10,15,False,Pass Reception,Jalen Kitna pass complete to Corri Milliner for 15 yds to the AKR 13 for a 1ST down,0.225085259092584,2025-09-14T02:09:11.000Z
401762463,40176246312,401762463102994801,12,8,UAB,American Athletic,24,Akron,Mid-American,20,UAB,Akron,2,"{'minutes': 0, 'seconds': 51}",1,2,95,5,1,5,0,False,Pass Incompletion,Jalen Kitna pass incomplete to Corri Milliner,-0.554796850971046,2025-09-14T02:11:31.000Z
401762463,40176246312,401762463102995201,12,9,UAB,American Athletic,31,Akron,Mid-American,20,UAB,Akron,2,"{'minutes': 0, 'seconds': 47}",1,2,95,5,2,5,5,True,Passing Touchdown,Jalen Kitna pass complete to Corri Milliner for 5 yds for a TD (Jonah Delange KICK),2.43857769152992,2025-09-14T02:12:11.000Z
401762463,40176246313,401762463102999903,13,3,Akron,Mid-American,20,UAB,American Athletic,31,UAB,Akron,2,"{'minutes': 0, 'seconds': 0}",2,1,71,71,0,10,0,False,End of Half,End of 2nd Quarter,,2025-09-14T02:16:42.000Z
401762463,40176246313,401762463102996104,13,1,Akron,Mid-American,20,UAB,American Athletic,31,UAB,Akron,2,"{'minutes': 0, 'seconds': 38}",2,1,87,87,1,10,7,False,Rush,Jordan Gant run for 7 yds to the AKR 20,0.42005087243432726,2025-09-14T02:14:32.000Z
401762463,40176246313,401762463102999901,13,2,Akron,Mid-American,20,UAB,American Athletic,31,UAB,Akron,2,"{'minutes': 0, 'seconds': 0}",2,1,80,80,2,3,9,False,Rush,Jordan Gant run for 9 yds to the AKR 29 for a 1ST down,0.5011278736783398,2025-09-14T02:16:42.000Z
401762463,40176246314,401762463103854501,14,1,UAB,American Athletic,31,Akron,Mid-American,20,UAB,Akron,3,"{'minutes': 14, 'seconds': 54}",3,3,35,65,1,10,21,False,Kickoff Return (Offense),"Owen Simpson kickoff for 65 yds , Brandon Hills return for 21 yds to the AKR 21",,2025-09-14T02:37:23.000Z
401762463,40176246314,401762463103859501,14,5,Akron,Mid-American,20,UAB,American Athletic,31,UAB,Akron,3,"{'minutes': 14, 'seconds': 4}",3,3,73,73,4,4,0,False,Punt,"Joseph Castle punt for 50 yds, punt out-of-bounds at the UAB 23",,2025-09-14T02:37:23.000Z
401762463,40176246314,401762463103855001,14,2,Akron,Mid-American,20,UAB,American Athletic,31,UAB,Akron,3,"{'minutes': 14, 'seconds': 49}",3,3,79,79,1,10,0,False,Pass Incompletion,Ben Finley pass incomplete to Israel Polk,-0.585616097616759,2025-09-14T02:37:23.000Z
401762463,40176246314,401762463103855601,14,3,Akron,Mid-American,20,UAB,American Athletic,31,UAB,Akron,3,"{'minutes': 14, 'seconds': 43}",3,3,79,79,2,10,6,False,Rush,Sean Patrick run for 6 yds to the AKR 27,0.14172218692377925,2025-09-14T02:37:23.000Z
401762463,40176246314,401762463103858701,14,4,Akron,Mid-American,20,UAB,American Athletic,31,UAB,Akron,3,"{'minutes': 14, 'seconds': 12}",3,3,73,73,3,4,0,False,Pass Incompletion,Ben Finley pass incomplete to Israel Polk,-0.3544112236910806,2025-09-14T02:37:23.000Z
401762463,40176246315,401762463103864301,15,1,UAB,American Athletic,31,Akron,Mid-American,20,UAB,Akron,3,"{'minutes': 13, 'seconds': 56}",3,3,23,77,1,10,0,False,Rush,Jevon Jackson run for no gain to the UAB 23,-0.6425305871127751,2025-09-14T02:37:23.000Z
401762463,40176246315,401762463103867001,15,2,UAB,American Athletic,31,Akron,Mid-American,20,UAB,Akron,3,"{'minutes': 13, 'seconds': 29}",3,3,23,77,2,10,0,False,Pass Incompletion,Jalen Kitna pass incomplete,-0.30950338122914456,2025-09-14T02:37:23.000Z
401762463,40176246315,401762463103868601,15,3,UAB,American Athletic,31,Akron,Mid-American,20,UAB,Akron,3,"{'minutes': 13, 'seconds': 13}",3,3,23,77,3,10,24,False,Pass Reception,Jalen Kitna pass complete to Brandon Hawkins Jr. for 24 yds to the UAB 47 for a 1ST down,3.067091628958009,2025-09-14T02:37:23.000Z
401762463,40176246315,401762463103874001,15,4,UAB,American Athletic,31,Akron,Mid-American,20,UAB,Akron,3,"{'minutes': 12, 'seconds': 59}",3,3,47,53,1,10,1,False,Rush,Isaiah Jacobs run for 1 yd to the UAB 48,-0.9130431154710728,2025-09-14T02:37:23.000Z
401762463,40176246315,401762463103878001,15,5,UAB,American Athletic,31,Akron,Mid-American,20,UAB,Akron,3,"{'minutes': 12, 'seconds': 19}",3,3,48,52,2,9,6,False,Pass Reception,Jalen Kitna pass complete to Corri Milliner for 6 yds to the AKR 46,0.3365531333103675,2025-09-14T02:37:23.000Z
401762463,40176246315,401762463103885201,15,6,UAB,American Athletic,31,Akron,Mid-American,20,UAB,Akron,3,"{'minutes': 11, 'seconds': 47}",3,3,54,46,3,3,0,False,Pass Incompletion,Jalen Kitna pass incomplete to Elijah Lagg,-1.1119298595815224,2025-09-14T02:37:23.000Z
401762463,40176246315,401762463103885901,15,7,UAB,American Athletic,31,Akron,Mid-American,20,UAB,Akron,3,"{'minutes': 11, 'seconds': 40}",3,3,54,46,4,3,0,False,Pass Incompletion,Jalen Kitna pass incomplete to Corri Milliner,-1.2162807246844647,2025-09-14T02:37:23.000Z
401762463,40176246316,401762463103889101,16,2,Akron,Mid-American,20,UAB,American Athletic,31,UAB,Akron,3,"{'minutes': 11, 'seconds': 8}",3,3,30,30,1,10,-15,False,Penalty,"Akron Penalty, Personal Foul (-15 Yards) to the UAB 39",,2025-09-14T02:37:23.000Z
401762463,40176246316,401762463103906801,16,5,Akron,Mid-American,20,UAB,American Athletic,31,UAB,Akron,3,"{'minutes': 9, 'seconds': 31}",3,3,31,31,4,11,48,False,Field Goal Missed,Owen Wiley 48 yd FG MISSED,,2025-09-14T02:37:23.000Z
401762463,40176246316,401762463103887501,16,1,Akron,Mid-American,20,UAB,American Athletic,31,UAB,Akron,3,"{'minutes': 11, 'seconds': 24}",3,3,54,54,1,10,24,False,Pass Reception,Ben Finley pass complete to Myles Walker for 24 yds to the UAB 30 for a 1ST down,1.370654404762437,2025-09-14T02:37:23.000Z
401762463,40176246316,401762463103895601,16,3,Akron,Mid-American,20,UAB,American Athletic,31,UAB,Akron,3,"{'minutes': 10, 'seconds': 43}",3,3,39,39,2,19,-1,False,Sack,Ben Finley sacked by Kyle Mosley for a loss of 1 yard to the UAB 40,-1.1412430496732693,2025-09-14T02:37:23.000Z
401762463,40176246316,401762463103904601,16,4,Akron,Mid-American,20,UAB,American Athletic,31,UAB,Akron,3,"{'minutes': 9, 'seconds': 53}",3,3,40,40,3,20,9,False,Pass Reception,Ben Finley pass complete to Israel Polk for 9 yds to the UAB 31,0.8109496981582182,2025-09-14T02:37:23.000Z
401762463,40176246317,401762463103925501,17,4,UAB,American Athletic,31,Akron,Mid-American,20,UAB,Akron,3,"{'minutes': 7, 'seconds': 44}",3,3,39,61,4,2,0,False,Punt,"Patrick Foley punt for 33 yds, fair catch by Sean Patrick at the AKR 28",,2025-09-14T02:37:23.000Z
401762463,40176246317,401762463103907701,17,1,UAB,American Athletic,31,Akron,Mid-American,20,UAB,Akron,3,"{'minutes': 9, 'seconds': 22}",3,3,31,69,1,10,3,False,Rush,Jevon Jackson run for 3 yds to the UAB 34,-0.367641675563645,2025-09-14T02:37:23.000Z
401762463,40176246317,401762463103916701,17,2,UAB,American Athletic,31,Akron,Mid-American,20,UAB,Akron,3,"{'minutes': 8, 'seconds': 32}",3,3,34,66,2,7,7,False,Fumble Recovery (Own),"run for 7 yds to the UAB 27 fumbled, recovered by UAB Jalen Kitna",1.3159203308802674,2025-09-14T02:37:23.000Z
401762463,40176246317,401762463103918401,17,3,UAB,American Athletic,31,Akron,Mid-American,20,UAB,Akron,3,"{'minutes': 8, 'seconds': 15}",3,3,27,73,3,14,12,False,Pass Reception,Jalen Kitna pass complete to Jevon Jackson for 12 yds to the UAB 39,0.52551574582467,2025-09-14T02:37:23.000Z
401762463,40176246318,401762463103926201,18,1,Akron,Mid-American,20,UAB,American Athletic,31,UAB,Akron,3,"{'minutes': 7, 'seconds': 37}",3,3,72,72,1,10,2,False,Rush,Jordan Gant run for 2 yds to the AKR 30,-0.5100717857614772,2025-09-14T02:37:23.000Z
401762463,40176246318,401762463103927801,18,2,Akron,Mid-American,20,UAB,American Athletic,31,UAB,Akron,3,"{'minutes': 7, 'seconds': 21}",3,3,70,70,2,8,0,False,Pass Incompletion,Ben Finley pass incomplete to Kyan Mason,-0.5585175289005226,2025-09-14T02:37:23.000Z
401762463,40176246318,401762463103928801,18,3,Akron,Mid-American,20,UAB,American Athletic,31,UAB,Akron,3,"{'minutes': 7, 'seconds': 11}",3,3,70,70,3,8,12,False,Pass Reception,Ben Finley pass complete to Cameron Monteiro for 12 yds to the AKR 42 for a 1ST down,2.3625188148887366,2025-09-14T02:37:23.000Z
401762463,40176246318,401762463103935201,18,4,Akron,Mid-American,20,UAB,American Athletic,31,UAB,Akron,3,"{'minutes': 6, 'seconds': 47}",3,3,58,58,1,10,8,False,Rush,Jordan Gant run for 8 yds to the 50 yard line,0.9916447666850381,2025-09-14T02:37:23.000Z
401762463,40176246318,401762463103937601,18,5,Akron,Mid-American,20,UAB,American Athletic,31,UAB,Akron,3,"{'minutes': 6, 'seconds': 23}",3,3,50,50,2,2,13,False,Rush,Jordan Gant run for 13 yds to the UAB 37 for a 1ST down,0.5186498138775342,2025-09-14T02:37:23.000Z
401762463,40176246318,401762463103944101,18,6,Akron,Mid-American,20,UAB,American Athletic,31,UAB,Akron,3,"{'minutes': 5, 'seconds': 58}",3,3,37,37,1,10,0,False,Pass Incompletion,Ben Finley pass incomplete to Marcel Williams,-0.7519361608312708,2025-09-14T02:37:23.000Z
401762463,40176246318,401762463103944901,18,7,Akron,Mid-American,20,UAB,American Athletic,31,UAB,Akron,3,"{'minutes': 5, 'seconds': 50}",3,3,37,37,2,10,4,False,Rush,Sean Patrick run for 4 yds to the UAB 33,-0.1280756940017084,2025-09-14T02:37:23.000Z
401762463,40176246318,401762463103949001,18,8,Akron,Mid-American,20,UAB,American Athletic,31,UAB,Akron,3,"{'minutes': 5, 'seconds': 9}",3,3,33,33,3,6,4,False,Rush,Sean Patrick run for 4 yds to the UAB 29,-0.1366558844470516,2025-09-14T02:37:23.000Z
401762463,40176246318,401762463103956501,18,9,Akron,Mid-American,20,UAB,American Athletic,31,UAB,Akron,3,"{'minutes': 4, 'seconds': 34}",3,3,29,29,4,2,0,False,Rush,Sean Patrick run for no gain to the UAB 29,-2.931923629243226,2025-09-14T02:37:23.000Z
401762463,40176246319,401762463103975201,19,4,UAB,American Athletic,31,Akron,Mid-American,20,UAB,Akron,3,"{'minutes': 2, 'seconds': 47}",3,3,47,53,3,7,0,False,Penalty,"UAB Penalty, Offensive Holding (Yards) declined",,
401762463,40176246319,401762463103976001,19,5,UAB,American Athletic,31,Akron,Mid-American,20,UAB,Akron,3,"{'minutes': 2, 'seconds': 39}",3,3,47,53,4,7,0,False,Punt,"Patrick Foley punt for 36 yds, punt out-of-bounds at the AKR 17",,2025-09-14T02:37:23.000Z
401762463,40176246319,401762463103957501,19,1,UAB,American Athletic,31,Akron,Mid-American,20,UAB,Akron,3,"{'minutes': 4, 'seconds': 24}",3,3,29,71,1,10,15,False,Rush,Isaiah Jacobs run for 15 yds to the UAB 44 for a 1ST down,1.4054340913756587,2025-09-14T02:37:23.000Z
401762463,40176246319,401762463103959601,19,2,UAB,American Athletic,31,Akron,Mid-American,20,UAB,Akron,3,"{'minutes': 4, 'seconds': 3}",3,3,44,56,1,10,7,False,Rush,Isaiah Jacobs run for 7 yds to the AKR 49,0.6703928066087635,2025-09-14T02:37:23.000Z
401762463,40176246319,401762463103967301,19,3,UAB,American Athletic,31,Akron,Mid-American,20,UAB,Akron,3,"{'minutes': 3, 'seconds': 26}",3,3,51,49,2,3,-4,False,Sack,Jalen Kitna sacked by Bruno Dall for a loss of 4 yards to the UAB 47,-2.193744331237177,2025-09-14T02:37:23.000Z
401762463,40176246320,401762463103999902,20,8,Akron,Mid-American,20,UAB,American Athletic,31,UAB,Akron,3,"{'minutes': 0, 'seconds': 0}",3,3,47,47,0,10,5,False,End Period,End of 3rd Quarter,,2025-09-14T02:37:23.000Z
401762463,40176246320,401762463104858601,20,10,Akron,Mid-American,20,UAB,American Athletic,31,UAB,Akron,4,"{'minutes': 14, 'seconds': 13}",3,2,45,45,3,8,0,False,Timeout,"Timeout UAB, clock 14:13",,2025-09-14T03:23:51.000Z
401762463,40176246320,401762463104875601,20,14,Akron,Mid-American,20,UAB,American Athletic,31,UAB,Akron,4,"{'minutes': 12, 'seconds': 43}",2,2,1,1,1,1,0,False,Timeout,"Timeout Akron, clock 12:43",,2025-09-14T03:26:30.000Z
401762463,40176246320,401762463103976801,20,1,Akron,Mid-American,20,UAB,American Athletic,31,UAB,Akron,3,"{'minutes': 2, 'seconds': 31}",3,3,83,83,1,10,4,False,Rush,Ben Finley run for 4 yds to the AKR 21,-0.07437138834457713,2025-09-14T02:37:23.000Z
401762463,40176246320,401762463103984601,20,2,Akron,Mid-American,20,UAB,American Athletic,31,UAB,Akron,3,"{'minutes': 1, 'seconds': 53}",3,3,79,79,2,6,2,False,Rush,Jordan Gant run for 2 yds to the AKR 23,-0.2900947573004906,2025-09-14T02:37:23.000Z
401762463,40176246320,401762463103989501,20,3,Akron,Mid-American,20,UAB,American Athletic,31,UAB,Akron,3,"{'minutes': 1, 'seconds': 4}",3,3,77,77,3,4,10,False,Pass Reception,Ben Finley pass complete to Tim Grear Jr. for 10 yds to the AKR 33 for a 1ST down,1.4705920590555763,2025-09-14T02:37:23.000Z
401762463,40176246320,401762463103995001,20,4,Akron,Mid-American,20,UAB,American Athletic,31,UAB,Akron,3,"{'minutes': 0, 'seconds': 49}",3,3,67,67,1,10,2,False,Rush,Sean Patrick run for 2 yds to the AKR 35,-0.600458473868767,2025-09-14T02:37:23.000Z
401762463,40176246320,401762463103997201,20,5,Akron,Mid-American,20,UAB,American Athletic,31,UAB,Akron,3,"{'minutes': 0, 'seconds': 27}",3,3,65,65,2,8,0,False,Pass Incompletion,Ben Finley pass incomplete to Tim Grear Jr.,-0.7094238664971115,2025-09-14T02:37:23.000Z
401762463,40176246320,401762463103998601,20,6,Akron,Mid-American,20,UAB,American Athletic,31,UAB,Akron,3,"{'minutes': 0, 'seconds': 13}",3,3,65,65,3,8,18,False,Pass Reception,Ben Finley pass complete to Myles Walker for 18 yds to the UAB 47 for a 1ST down,3.125736768240597,2025-09-14T02:37:23.000Z
401762463,40176246320,401762463103999901,20,7,Akron,Mid-American,20,UAB,American Athletic,31,UAB,Akron,3,"{'minutes': 0, 'seconds': 0}",3,3,47,47,1,10,5,False,Rush,Michael Johnson Jr. run for 5 yds to the UAB 42,0.097373878655615,2025-09-14T02:37:23.000Z
401762463,40176246320,401762463104855001,20,9,Akron,Mid-American,20,UAB,American Athletic,31,UAB,Akron,4,"{'minutes': 14, 'seconds': 49}",3,3,42,42,2,5,-3,False,Rush,Michael Johnson Jr. run for a loss of 3 yards to the UAB 45,-1.7775040512541003,2025-09-13T04:03:18.000Z
401762463,40176246320,401762463104864001,20,11,Akron,Mid-American,20,UAB,American Athletic,31,UAB,Akron,4,"{'minutes': 13, 'seconds': 59}",3,2,45,45,3,8,17,False,Pass Reception,Ben Finley pass complete to Tim Grear Jr. for 17 yds to the UAB 28 for a 1ST down,2.529317939726484,2025-09-14T03:24:20.000Z
401762463,40176246320,401762463104868001,20,12,Akron,Mid-American,20,UAB,American Athletic,31,UAB,Akron,4,"{'minutes': 13, 'seconds': 19}",3,2,28,28,1,10,9,False,Rush,Sean Patrick run for 9 yds to the UAB 19,0.669445675164459,2025-09-14T03:25:50.000Z
401762463,40176246320,401762463104875001,20,13,Akron,Mid-American,20,UAB,American Athletic,31,UAB,Akron,4,"{'minutes': 12, 'seconds': 49}",3,2,19,19,2,1,18,False,Rush,Sean Patrick run for 18 yds to the UAB 1 for a 1ST down,1.156547523853529,2025-09-14T03:26:20.000Z
401762463,40176246320,401762463104876101,20,15,Akron,Mid-American,28,UAB,American Athletic,31,UAB,Akron,4,"{'minutes': 12, 'seconds': 38}",2,2,1,1,1,1,1,True,Rushing Touchdown,Sean Patrick run for 1 yd for a TD (B. Finley Run For Two-point Conversion),0.938021275120443,2025-09-14T03:27:40.000Z
401762463,40176246321,401762463104877201,21,1,Akron,Mid-American,28,UAB,American Athletic,31,UAB,Akron,4,"{'minutes': 12, 'seconds': 27}",2,2,65,65,1,10,4,False,Kickoff Return (Offense),"Brayden Johnson kickoff for 56 yds , Solomon Beebe return for 4 yds to the UAB 18",,2025-09-14T03:33:47.000Z
401762463,40176246321,401762463104906301,21,8,UAB,American Athletic,31,Akron,Mid-American,28,UAB,Akron,4,"{'minutes': 9, 'seconds': 36}",2,2,30,70,4,10,8,False,Punt,"Patrick Foley punt for 56 yds , Sean Patrick returns for 8 yds to the AKR 22",,2025-09-14T03:36:51.000Z
401762463,40176246321,401762463104878701,21,2,UAB,American Athletic,31,Akron,Mid-American,28,UAB,Akron,4,"{'minutes': 12, 'seconds': 12}",2,2,18,82,1,10,7,False,Rush,Jevon Jackson run for 7 yds to the UAB 25,0.4935789008473366,2025-09-14T03:33:52.000Z
401762463,40176246321,401762463104884401,21,3,UAB,American Athletic,31,Akron,Mid-American,28,UAB,Akron,4,"{'minutes': 11, 'seconds': 55}",2,2,25,75,2,3,2,False,Rush,Jevon Jackson run for 2 yds to the UAB 27,-0.4935109268118812,2025-09-14T03:34:01.000Z
401762463,40176246321,401762463104886301,21,4,UAB,American Athletic,31,Akron,Mid-American,28,UAB,Akron,4,"{'minutes': 11, 'seconds': 36}",2,2,27,73,3,1,3,False,Rush,Jevon Jackson run for 3 yds to the UAB 30 for a 1ST down,0.7954437563530519,2025-09-14T03:34:11.000Z
401762463,40176246321,401762463104889801,21,5,UAB,American Athletic,31,Akron,Mid-American,28,UAB,Akron,4,"{'minutes': 11, 'seconds': 1}",2,2,30,70,1,10,0,False,Pass Incompletion,Jalen Kitna pass incomplete to Iverson Hooks,-0.8627910327708888,2025-09-14T03:34:51.000Z
401762463,40176246321,401762463104894601,21,6,UAB,American Athletic,31,Akron,Mid-American,28,UAB,Akron,4,"{'minutes': 10, 'seconds': 53}",2,2,30,70,2,10,-9,False,Sack,Jalen Kitna sacked for a loss of 9 yards to the UAB 21,-0.7725254821072047,2025-09-14T03:35:31.000Z
401762463,40176246321,401762463104898101,21,7,UAB,American Athletic,31,Akron,Mid-American,28,UAB,Akron,4,"{'minutes': 10, 'seconds': 18}",2,2,21,79,3,19,9,False,Pass Reception,Jalen Kitna pass complete to Brandon Hawkins Jr. for 9 yds to the UAB 30,0.0928972702206421,2025-09-14T03:36:01.000Z
401762463,40176246322,401762463104948601,22,10,Akron,Mid-American,28,UAB,American Athletic,31,UAB,Akron,4,"{'minutes': 5, 'seconds': 13}",2,2,48,48,4,18,0,False,Punt,Joseph Castle punt for 48 yds for a touchback,,2025-09-14T03:43:42.000Z
401762463,40176246322,401762463104907301,22,1,Akron,Mid-American,28,UAB,American Athletic,31,UAB,Akron,4,"{'minutes': 9, 'seconds': 26}",2,2,78,78,1,10,4,False,Rush,Jordan Gant run for 4 yds to the AKR 26,-0.098522001264528,2025-09-14T03:37:54.000Z
401762463,40176246322,401762463104914201,22,2,Akron,Mid-American,28,UAB,American Athletic,31,UAB,Akron,4,"{'minutes': 8, 'seconds': 57}",2,2,74,74,2,6,3,False,Pass Reception,Ben Finley pass complete to Jake Newell for 3 yds to the AKR 29,-0.2398017134839297,2025-09-14T03:39:12.000Z
401762463,40176246322,401762463104918701,22,3,Akron,Mid-American,28,UAB,American Athletic,31,UAB,Akron,4,"{'minutes': 8, 'seconds': 12}",2,2,71,71,3,3,8,False,Pass Reception,Ben Finley pass complete to Marcel Williams for 8 yds to the AKR 37 for a 1ST down,1.5597977235118297,2025-09-14T03:40:02.000Z
401762463,40176246322,401762463104924801,22,4,Akron,Mid-American,28,UAB,American Athletic,31,UAB,Akron,4,"{'minutes': 7, 'seconds': 51}",2,2,63,63,1,10,0,False,Pass Incompletion,Ben Finley pass incomplete to Myles Walker,-1.065701080215459,2025-09-14T03:40:22.000Z
401762463,40176246322,401762463104926201,22,5,Akron,Mid-American,28,UAB,American Athletic,31,UAB,Akron,4,"{'minutes': 7, 'seconds': 37}",2,2,63,63,2,10,12,False,Pass Reception,Ben Finley pass complete to Myles Walker for 12 yds to the AKR 49 for a 1ST down,2.1928446699002704,2025-09-14T03:41:12.000Z
401762463,40176246322,401762463104927801,22,6,Akron,Mid-American,28,UAB,American Athletic,31,UAB,Akron,4,"{'minutes': 7, 'seconds': 21}",2,2,51,51,1,10,11,False,Pass Reception,Ben Finley pass complete to Marcel Williams for 11 yds to the UAB 40 for a 1ST down,0.734318059955598,2025-09-14T03:41:22.000Z
401762463,40176246322,401762463104929301,22,7,Akron,Mid-American,28,UAB,American Athletic,31,UAB,Akron,4,"{'minutes': 7, 'seconds': 6}",2,2,40,40,1,10,2,False,Rush,Sean Patrick run for 2 yds to the UAB 38,-0.4549295700351248,2025-09-14T03:41:42.000Z
401762463,40176246322,401762463104935901,22,8,Akron,Mid-American,28,UAB,American Athletic,31,UAB,Akron,4,"{'minutes': 6, 'seconds': 40}",2,2,38,38,2,8,-9,False,Sack,Ben Finley sacked by J'Quan Mason for a loss of 9 yards to the UAB 47,-2.75107858816183,2025-09-14T03:42:12.000Z
401762463,40176246322,401762463104945101,22,9,Akron,Mid-American,28,UAB,American Athletic,31,UAB,Akron,4,"{'minutes': 5, 'seconds': 48}",2,2,47,47,3,17,-1,False,Sack,Ben Finley sacked by Eli Ennis for a loss of 1 yard to the UAB 48,-0.5957955488692122,2025-09-14T03:43:02.000Z
401762463,40176246323,401762463104968901,23,4,UAB,American Athletic,31,Akron,Mid-American,28,UAB,Akron,4,"{'minutes': 3, 'seconds': 10}",2,1,48,52,2,6,0,False,Timeout,"Timeout Akron, clock 03:10",,2025-09-13T04:03:18.000Z
401762463,40176246323,401762463104976702,23,8,UAB,American Athletic,31,Akron,Mid-American,28,UAB,Akron,4,"{'minutes': 2, 'seconds': 32}",2,0,60,40,2,10,0,False,Timeout,"Timeout Akron, clock 02:32",,2025-09-14T03:51:04.000Z
401762463,40176246323,401762463104984701,23,10,UAB,American Athletic,31,Akron,Mid-American,28,UAB,Akron,4,"{'minutes': 1, 'seconds': 52}",2,0,56,44,3,14,0,False,Penalty,"UAB Penalty, Offensive Holding (Yards) declined",,
401762463,40176246323,401762463104985501,23,11,UAB,American Athletic,31,Akron,Mid-American,28,UAB,Akron,4,"{'minutes': 1, 'seconds': 44}",2,0,56,44,4,14,0,False,Punt,Patrick Foley punt for 44 yds for a touchback,,2025-09-14T03:57:34.000Z
401762463,40176246323,401762463104949301,23,1,UAB,American Athletic,31,Akron,Mid-American,28,UAB,Akron,4,"{'minutes': 5, 'seconds': 6}",2,2,20,80,1,10,12,False,Pass Reception,Jalen Kitna pass complete to Solomon Beebe for 12 yds to the UAB 32 for a 1ST down,0.8667470799632433,2025-09-14T03:47:13.000Z
401762463,40176246323,401762463104957101,23,2,UAB,American Athletic,31,Akron,Mid-American,28,UAB,Akron,4,"{'minutes': 4, 'seconds': 28}",2,2,32,68,1,10,8,False,Rush,Isaiah Jacobs run for 8 yds to the UAB 40,1.0205002560261356,2025-09-14T03:47:53.000Z
401762463,40176246323,401762463104965401,23,3,UAB,American Athletic,31,Akron,Mid-American,28,UAB,Akron,4,"{'minutes': 3, 'seconds': 45}",2,2,40,60,2,2,4,False,Rush,Jevon Jackson run for 4 yds to the UAB 44 for a 1ST down,0.128627678236418,2025-09-14T03:48:40.000Z
401762463,40176246323,401762463104969201,23,5,UAB,American Athletic,31,Akron,Mid-American,28,UAB,Akron,4,"{'minutes': 3, 'seconds': 7}",2,1,44,56,1,10,4,False,Rush,Jevon Jackson run for 4 yds to the UAB 48,-0.1632332623875107,2025-09-14T03:49:13.000Z
401762463,40176246323,401762463104969401,23,6,UAB,American Athletic,31,Akron,Mid-American,28,UAB,Akron,4,"{'minutes': 3, 'seconds': 5}",2,1,48,52,2,6,12,False,Pass Reception,Jalen Kitna pass complete to Iverson Hooks for 12 yds to the AKR 40 for a 1ST down,1.3443668998294758,2025-09-14T03:50:33.000Z
401762463,40176246323,401762463104976701,23,7,UAB,American Athletic,31,Akron,Mid-American,28,UAB,Akron,4,"{'minutes': 2, 'seconds': 32}",2,1,60,40,1,10,0,False,Rush,Solomon Beebe run for no gain to the AKR 40,-0.8457687366186873,2025-09-14T03:51:04.000Z
401762463,40176246323,401762463104978601,23,9,UAB,American Athletic,31,Akron,Mid-American,28,UAB,Akron,4,"{'minutes': 2, 'seconds': 13}",2,0,60,40,2,10,4,False,Pass Reception,Jalen Kitna pass complete to Elijah Lagg for 4 yds to the AKR 44,-0.142836597450307,2025-09-14T03:52:34.000Z
401762463,40176246324,401762463104986101,24,1,Akron,Mid-American,28,UAB,American Athletic,31,UAB,Akron,4,"{'minutes': 1, 'seconds': 38}",0,2,80,80,1,10,15,False,Pass Reception,Ben Finley pass complete to Myles Walker for 15 yds to the AKR 35 for a 1ST down,1.143340784913768,2025-09-14T03:58:41.000Z
401762463,40176246324,401762463104987301,24,2,Akron,Mid-American,28,UAB,American Athletic,31,UAB,Akron,4,"{'minutes': 1, 'seconds': 26}",0,2,65,65,1,10,0,False,Pass Incompletion,Ben Finley pass incomplete to Jake Newell,-1.0146424556055624,2025-09-14T03:58:45.000Z
401762463,40176246324,401762463104988101,24,3,Akron,Mid-American,28,UAB,American Athletic,31,UAB,Akron,4,"{'minutes': 1, 'seconds': 18}",0,2,70,70,2,15,-4,False,Sack,Ben Finley sacked by Chris Burge for a loss of 4 yards to the AKR 26,-0.40711326017328364,2025-09-13T04:00:25.000Z
401762463,40176246324,401762463104994201,24,4,Akron,Mid-American,28,UAB,American Athletic,31,UAB,Akron,4,"{'minutes': 0, 'seconds': 57}",0,2,74,74,3,19,0,False,Pass Incompletion,Ben Finley pass incomplete to Marcel Williams,-0.06710955093639193,2025-09-13T04:00:45.000Z
401762463,40176246324,401762463104995201,24,5,Akron,Mid-American,28,UAB,American Athletic,31,UAB,Akron,4,"{'minutes': 0, 'seconds': 47}",0,2,74,74,4,19,0,False,Pass Incompletion,Ben Finley pass incomplete to Kyan Mason,0.35811962887384663,2025-09-13T04:01:25.000Z
401762463,40176246325,401762463104999903,25,3,UAB,American Athletic,31,Akron,Mid-American,28,UAB,Akron,4,"{'minutes': 0, 'seconds': 0}",2,0,72,28,0,12,0,False,End of Game,End of 4th Quarter,,2025-09-13T04:03:18.000Z
401762463,40176246325,401762463104996401,25,1,UAB,American Athletic,31,Akron,Mid-American,28,UAB,Akron,4,"{'minutes': 0, 'seconds': 35}",2,0,74,26,1,10,-1,False,Rush,(00:46) Kneel down by UAB at Akron27 for loss of 1 yard.,-0.5879577976333188,2025-09-13T04:02:27.000Z
401762463,40176246325,401762463104999901,25,2,UAB,American Athletic,31,Akron,Mid-American,28,UAB,Akron,4,"{'minutes': 0, 'seconds': 0}",2,0,73,27,2,11,-1,False,Rush,(00:18) Kneel down by UAB at Akron28 for loss of 1 yard.,-0.8734679141732311,2025-09-13T04:03:18.000Z
401752715,4017527157,401752715101954501,7,3,Tennessee,SEC,14,UAB,American Athletic,0,Tennessee,UAB,1,"{'minutes': 4, 'seconds': 54}",0,3,79,21,2,5,0,False,Timeout,"Timeout Tennessee, clock 04:54",,2025-09-20T16:48:09.000Z
401752715,4017527157,401752715101964601,7,7,Tennessee,SEC,14,UAB,American Athletic,0,Tennessee,UAB,1,"{'minutes': 3, 'seconds': 53}",0,3,35,65,1,10,15,False,Penalty,"PENALTY UAB UNS: Unsportsmanlike Conduct (Bryant,Sirad) 15 yards from TENN35 to TENN50. NO PLAY.",,2025-09-20T17:23:46.000Z
401752715,4017527157,401752715101964602,7,8,Tennessee,SEC,14,UAB,American Athletic,0,Tennessee,UAB,1,"{'minutes': 3, 'seconds': 53}",0,3,50,50,1,10,14,False,Kickoff Return (Offense),"Josh Turbyville kickoff for 48 yds , Solomon Beebe return for 14 yds to the UAB 36 UAB Penalty, Offensive Holding (8 Yards) to the UAB 8",,2025-09-20T17:24:22.000Z
401752715,4017527157,401752715101948101,7,1,Tennessee,SEC,14,UAB,American Athletic,0,Tennessee,UAB,1,"{'minutes': 5, 'seconds': 18}",1,3,55,45,1,10,19,False,Rush,DeSean Bishop run for 19 yds to the UAB 26 for a 1ST down,0.7565119626588875,2025-09-20T17:18:36.000Z
401752715,4017527157,401752715101954201,7,2,Tennessee,SEC,14,UAB,American Athletic,0,Tennessee,UAB,1,"{'minutes': 4, 'seconds': 57}",1,3,74,26,1,10,5,False,Rush,Joey Aguilar run for 5 yds to the UAB 21,0.0757087852917575,2025-09-20T17:18:58.000Z
401752715,4017527157,401752715101957101,7,4,Tennessee,SEC,14,UAB,American Athletic,0,Tennessee,UAB,1,"{'minutes': 4, 'seconds': 28}",0,3,79,21,2,5,16,False,Pass Reception,Joey Aguilar pass complete to Miles Kitselman for 16 yds to the UAB 5 for a 1ST down,0.760512496557549,2025-09-20T17:20:17.000Z
401752715,4017527157,401752715101958301,7,5,Tennessee,SEC,14,UAB,American Athletic,0,Tennessee,UAB,1,"{'minutes': 4, 'seconds': 16}",0,3,95,5,1,5,2,False,Rush,DeSean Bishop run for 2 yds to the UAB 3,-0.327643773401219,2025-09-20T17:20:31.000Z
401752715,4017527157,401752715101959801,7,6,Tennessee,SEC,21,UAB,American Athletic,0,Tennessee,UAB,1,"{'minutes': 4, 'seconds': 1}",0,3,97,3,2,3,3,True,Rushing Touchdown,DeSean Bishop run for 3 yds for a TD,2.211424613960093,2025-09-20T17:20:47.000Z
401752715,4017527158,401752715101984901,8,4,UAB,American Athletic,0,Tennessee,SEC,21,Tennessee,UAB,1,"{'minutes': 1, 'seconds': 50}",3,0,80,80,1,10,-5,False,Penalty,PENALTY UAB False Start 5 yards from UAB20 to UAB15. NO PLAY.,,2025-09-20T17:27:09.000Z
401752715,4017527158,401752715101986501,8,5,UAB,American Athletic,0,Tennessee,SEC,21,Tennessee,UAB,1,"{'minutes': 1, 'seconds': 34}",3,0,85,85,1,15,-5,False,Penalty,"PENALTY UAB False Start (Moore,Logan) 5 yards from UAB15 to UAB10. NO PLAY.",,2025-09-20T17:27:38.000Z
401752715,4017527158,401752715101996202,8,7,UAB,American Athletic,0,Tennessee,SEC,21,Tennessee,UAB,1,"{'minutes': 0, 'seconds': 0}",3,0,86,86,0,16,0,False,End Period,End of 1st Quarter,,2025-09-20T17:29:18.000Z
401752715,4017527158,401752715102859001,8,10,UAB,American Athletic,0,Tennessee,SEC,21,Tennessee,UAB,2,"{'minutes': 14, 'seconds': 9}",3,0,73,73,4,3,0,False,Punt,Patrick Foley punt for 33 yds,,2025-09-20T17:34:24.000Z
401752715,4017527158,401752715101965801,8,1,UAB,American Athletic,0,Tennessee,SEC,21,Tennessee,UAB,1,"{'minutes': 3, 'seconds': 41}",3,0,92,92,1,10,7,False,Pass Reception,Jalen Kitna pass complete to Isaiah Jacobs for 7 yds to the UAB 15,0.3585609771423703,2025-09-20T17:25:09.000Z
401752715,4017527158,401752715101969201,8,2,UAB,American Athletic,0,Tennessee,SEC,21,Tennessee,UAB,1,"{'minutes': 3, 'seconds': 7}",3,0,85,85,2,3,1,False,Rush,Jevon Jackson run for 1 yd to the UAB 16,-0.43808053923747,2025-09-20T17:25:37.000Z
401752715,4017527158,401752715101977401,8,3,UAB,American Athletic,0,Tennessee,SEC,21,Tennessee,UAB,1,"{'minutes': 2, 'seconds': 25}",3,0,84,84,3,2,4,False,Pass Reception,Jalen Kitna pass complete to Kaleb Brown for 4 yds to the UAB 20 for a 1ST down,0.5421670406810035,2025-09-20T17:27:02.000Z
401752715,4017527158,401752715101989001,8,6,UAB,American Athletic,0,Tennessee,SEC,21,Tennessee,UAB,1,"{'minutes': 1, 'seconds': 9}",3,0,90,90,1,20,4,False,Pass Reception,Jalen Kitna pass complete to Isaiah Jacobs for 4 yds to the UAB 14,-0.01901528771783757,2025-09-20T17:28:11.000Z
401752715,4017527158,401752715101999901,8,8,UAB,American Athletic,0,Tennessee,SEC,21,Tennessee,UAB,1,"{'minutes': 0, 'seconds': 0}",3,0,86,86,2,16,5,False,Pass Reception,Jalen Kitna pass complete to Brandon Hawkins Jr. for 5 yds to the UAB 19,0.01157016812501778,2025-09-20T17:29:18.000Z
401752715,4017527158,401752715102855001,8,9,UAB,American Athletic,0,Tennessee,SEC,21,Tennessee,UAB,2,"{'minutes': 14, 'seconds': 49}",3,0,81,81,3,11,8,False,Pass Reception,Jalen Kitna pass complete to Jevon Jackson for 8 yds to the UAB 27,0.1471161956812379,2025-09-20T17:33:32.000Z
401752715,4017527159,401752715102895504,9,11,UAB,American Athletic,0,Tennessee,SEC,21,Tennessee,UAB,2,"{'minutes': 10, 'seconds': 44}",3,-1,75,75,1,10,0,False,Timeout,"Timeout Tennessee, clock 10:44",,2025-09-20T17:39:16.000Z
401752715,4017527159,401752715102859801,9,1,Tennessee,SEC,21,UAB,American Athletic,0,Tennessee,UAB,2,"{'minutes': 14, 'seconds': 1}",0,3,40,60,1,10,3,False,Pass Reception,Joey Aguilar pass complete to Chris Brazzell II for 3 yds to the TENN 43,-0.4315308590496248,2025-09-20T17:34:54.000Z
401752715,4017527159,401752715102865801,9,2,Tennessee,SEC,21,UAB,American Athletic,0,Tennessee,UAB,2,"{'minutes': 13, 'seconds': 41}",0,3,43,57,2,7,12,False,Pass Reception,Joey Aguilar pass complete to Mike Matthews for 12 yds to the UAB 45 for a 1ST down,1.7119173781262322,2025-09-20T17:35:16.000Z
401752715,4017527159,401752715102867101,9,3,Tennessee,SEC,21,UAB,American Athletic,0,Tennessee,UAB,2,"{'minutes': 13, 'seconds': 28}",0,3,55,45,1,10,9,False,Rush,Joey Aguilar run for 9 yds to the UAB 36,0.957003546754157,2025-09-20T17:35:48.000Z
401752715,4017527159,401752715102868401,9,4,Tennessee,SEC,21,UAB,American Athletic,0,Tennessee,UAB,2,"{'minutes': 13, 'seconds': 15}",0,3,64,36,2,1,0,False,Pass Incompletion,Joey Aguilar pass incomplete to Mike Matthews,-0.976509881009701,2025-09-20T17:36:02.000Z
401752715,4017527159,401752715102869201,9,5,Tennessee,SEC,21,UAB,American Athletic,0,Tennessee,UAB,2,"{'minutes': 13, 'seconds': 7}",0,3,64,36,3,1,21,False,Rush,Star Thomas run for 21 yds to the UAB 15 for a 1ST down,0.937821329757529,2025-09-20T17:36:52.000Z
401752715,4017527159,401752715102875801,9,6,Tennessee,SEC,21,UAB,American Athletic,0,Tennessee,UAB,2,"{'minutes': 12, 'seconds': 41}",0,3,85,15,1,10,4,False,Rush,Star Thomas run for 4 yds to the UAB 11,-0.019365161227934,2025-09-20T17:37:17.000Z
401752715,4017527159,401752715102879101,9,7,Tennessee,SEC,21,UAB,American Athletic,0,Tennessee,UAB,2,"{'minutes': 12, 'seconds': 8}",0,3,89,11,2,6,5,False,Rush,Star Thomas run for 5 yds to the UAB 6,0.074092939912891,2025-09-20T17:37:50.000Z
401752715,4017527159,401752715102885401,9,8,Tennessee,SEC,21,UAB,American Athletic,0,Tennessee,UAB,2,"{'minutes': 11, 'seconds': 45}",0,3,94,6,3,1,3,False,Rush,Star Thomas run for 3 yds to the UAB 3 for a 1ST down,1.039019578148789,2025-09-20T17:38:15.000Z
401752715,4017527159,401752715102889301,9,9,Tennessee,SEC,21,UAB,American Athletic,0,Tennessee,UAB,2,"{'minutes': 11, 'seconds': 6}",0,3,97,3,1,3,2,False,Rush,Star Thomas run for 2 yds to the UAB 1,-0.435900504741669,2025-09-20T17:38:53.000Z
401752715,4017527159,401752715102895501,9,10,Tennessee,SEC,28,UAB,American Athletic,0,Tennessee,UAB,2,"{'minutes': 10, 'seconds': 44}",0,3,99,1,2,1,1,True,Rushing Touchdown,Star Thomas run for 1 yd for a TD (Max Gilbert KICK),1.900352237473006,2025-09-20T17:39:10.000Z
401752715,40175271510,401752715102895505,10,1,Tennessee,SEC,28,UAB,American Athletic,0,Tennessee,UAB,2,"{'minutes': 10, 'seconds': 44}",-1,3,35,65,1,10,0,False,Kickoff,Josh Turbyville kickoff for 65 yds for a touchback,,2025-09-20T17:39:16.000Z
401752715,40175271510,401752715102899602,10,4,UAB,American Athletic,0,Tennessee,SEC,28,Tennessee,UAB,2,"{'minutes': 10, 'seconds': 3}",3,-2,62,62,1,10,0,False,Timeout,"Timeout Tennessee, clock 10:03",,2025-09-20T17:44:53.000Z
401752715,40175271510,401752715102905401,10,6,UAB,American Athletic,0,Tennessee,SEC,28,Tennessee,UAB,2,"{'minutes': 9, 'seconds': 45}",3,-2,62,62,2,10,-5,False,Penalty,"PENALTY UAB False Start (Morgan,JonDarius) 5 yards from UAB38 to UAB33. NO PLAY.",,2025-09-20T17:46:51.000Z
401752715,40175271510,401752715102926504,10,14,Tennessee,SEC,28,UAB,American Athletic,0,Tennessee,UAB,2,"{'minutes': 7, 'seconds': 34}",-3,3,25,75,1,10,0,False,Timeout,"Timeout Tennessee, clock 07:34",,2025-09-20T17:51:44.000Z
401752715,40175271510,401752715102896201,10,2,UAB,American Athletic,0,Tennessee,SEC,28,Tennessee,UAB,2,"{'minutes': 10, 'seconds': 37}",3,-1,75,75,1,10,4,False,Rush,Solomon Beebe run for 4 yds to the UAB 29,-0.1142886249388964,2025-09-20T17:44:11.000Z
401752715,40175271510,401752715102899601,10,3,UAB,American Athletic,0,Tennessee,SEC,28,Tennessee,UAB,2,"{'minutes': 10, 'seconds': 3}",3,-1,71,71,2,6,9,False,Pass Reception,Jalen Kitna pass complete to Xavier Daisy for 9 yds to the UAB 38 for a 1ST down,1.2390401039807273,2025-09-20T17:44:53.000Z
401752715,40175271510,401752715102905301,10,5,UAB,American Athletic,0,Tennessee,SEC,28,Tennessee,UAB,2,"{'minutes': 9, 'seconds': 46}",3,-2,62,62,1,10,0,False,Pass Incompletion,Jalen Kitna pass incomplete to Evan McCray,-1.087995077167328,2025-09-20T17:46:04.000Z
401752715,40175271510,401752715102905701,10,7,UAB,American Athletic,0,Tennessee,SEC,28,Tennessee,UAB,2,"{'minutes': 9, 'seconds': 42}",3,-2,67,67,2,15,0,False,Pass Incompletion,Jalen Kitna pass incomplete to Evan McCray,-0.34930044895332024,2025-09-20T17:47:24.000Z
401752715,40175271510,401752715102907101,10,8,UAB,American Athletic,0,Tennessee,SEC,28,Tennessee,UAB,2,"{'minutes': 9, 'seconds': 28}",3,-2,67,67,3,15,22,False,Pass Reception,Jalen Kitna pass complete to Iverson Hooks for 22 yds to the TENN 45 for a 1ST down,3.637404846983273,2025-09-20T17:48:10.000Z
401752715,40175271510,401752715102914201,10,9,UAB,American Athletic,0,Tennessee,SEC,28,Tennessee,UAB,2,"{'minutes': 8, 'seconds': 57}",3,-2,45,45,1,10,8,False,Pass Reception,Jalen Kitna pass complete to J.C. Sivley for 8 yds to the TENN 37,0.73144036017254,2025-09-20T17:48:46.000Z
401752715,40175271510,401752715102918501,10,10,UAB,American Athletic,0,Tennessee,SEC,28,Tennessee,UAB,2,"{'minutes': 8, 'seconds': 14}",3,-2,37,37,2,2,7,False,Pass Reception,Jalen Kitna pass complete to Evan McCray for 7 yds to the TENN 30 for a 1ST down,-0.069169408028243,2025-09-20T17:49:45.000Z
401752715,40175271510,401752715102925101,10,11,UAB,American Athletic,0,Tennessee,SEC,28,Tennessee,UAB,2,"{'minutes': 7, 'seconds': 48}",3,-2,30,30,1,10,0,False,Pass Incompletion,Jalen Kitna pass incomplete to Jevon Jackson,-0.557844891990525,2025-09-20T17:49:56.000Z
401752715,40175271510,401752715102925501,10,12,UAB,American Athletic,0,Tennessee,SEC,28,Tennessee,UAB,2,"{'minutes': 7, 'seconds': 44}",3,-2,30,30,2,10,0,False,Pass Incompletion,Jalen Kitna pass incomplete to Xavier Daisy,-0.7638433871567597,2025-09-20T17:50:25.000Z
401752715,40175271510,401752715102926501,10,13,UAB,American Athletic,7,Tennessee,SEC,28,Tennessee,UAB,2,"{'minutes': 7, 'seconds': 34}",3,-2,30,30,3,10,30,True,Passing Touchdown,Jalen Kitna pass complete to Brandon Hawkins Jr. for 30 yds for a TD (Jonah Delange KICK),4.135931412070056,2025-09-20T17:51:09.000Z
401752715,40175271511,401752715102974006,11,16,Tennessee,SEC,28,UAB,American Athletic,7,Tennessee,UAB,2,"{'minutes': 2, 'seconds': 59}",-4,3,68,32,3,4,0,False,Timeout,"Timeout Tennessee, clock 02:59",,2025-09-20T18:05:18.000Z
401752715,40175271511,401752715102926505,11,1,UAB,American Athletic,7,Tennessee,SEC,28,Tennessee,UAB,2,"{'minutes': 7, 'seconds': 34}",3,-3,65,65,1,10,0,False,Kickoff,Owen Simpson kickoff for 65 yds for a touchback,,2025-09-20T17:51:44.000Z
401752715,40175271511,401752715102927002,11,2,Tennessee,SEC,28,UAB,American Athletic,7,Tennessee,UAB,2,"{'minutes': 7, 'seconds': 29}",-3,3,25,75,1,10,-5,False,Penalty,"(07:33) No Huddle-Shotgun Aguilar,Joey pass incomplete short middle to Staley,Braylon thrown to TENN28 PENALTY TENN Illegal Shift 5 yards from TENN25 to TENN20. NO PLAY.",,2025-09-20T17:55:44.000Z
401752715,40175271511,401752715102927802,11,3,Tennessee,SEC,28,UAB,American Athletic,7,Tennessee,UAB,2,"{'minutes': 7, 'seconds': 21}",-3,3,20,80,1,15,14,False,Penalty,"(07:28) Shotgun Aguilar,Joey pass complete short right to Staley,Braylon caught at TENN20, for 14 yards to the TENN34 (Brown,AJ; Gulley,Delvon) PENALTY TENN Holding (Perry,Jesse) TENN Ineligible Downfield on Pass declined UAB Illegal Block in Back declined 10 yards from TENN20 to TENN10. NO PLAY.",,2025-09-20T17:57:07.000Z
401752715,40175271511,401752715102937502,11,6,Tennessee,SEC,28,UAB,American Athletic,7,Tennessee,UAB,2,"{'minutes': 6, 'seconds': 24}",-3,3,23,77,3,12,0,False,Penalty,"(06:29) No Huddle-Shotgun Aguilar,Joey pass incomplete deep right to Brazzell II,Chris thrown to UAB25 PENALTY UAB Pass Interference (Gulley,Delvon) UAB Offside declined 15 yards from TENN23 to TENN38, 1ST DOWN. NO PLAY.",,2025-09-20T17:59:39.000Z
401752715,40175271511,401752715102929603,11,4,Tennessee,SEC,28,UAB,American Athletic,7,Tennessee,UAB,2,"{'minutes': 7, 'seconds': 3}",-3,3,10,90,1,25,7,False,Pass Reception,Joey Aguilar pass complete to Braylon Staley for 7 yds to the TENN 17,0.05251912639861533,2025-09-20T17:58:23.000Z
401752715,40175271511,401752715102935303,11,5,Tennessee,SEC,28,UAB,American Athletic,7,Tennessee,UAB,2,"{'minutes': 6, 'seconds': 46}",-3,3,17,83,2,18,6,False,Rush,Peyton Lewis run for 6 yds to the TENN 23,0.04181976238743524,2025-09-20T17:58:40.000Z
401752715,40175271511,401752715102938103,11,7,Tennessee,SEC,28,UAB,American Athletic,7,Tennessee,UAB,2,"{'minutes': 6, 'seconds': 18}",-3,3,38,62,1,10,0,False,Pass Incompletion,Joey Aguilar pass incomplete to Chris Brazzell II,-1.087995077167328,2025-09-20T18:00:19.000Z
401752715,40175271511,401752715102938603,11,8,Tennessee,SEC,28,UAB,American Athletic,7,Tennessee,UAB,2,"{'minutes': 6, 'seconds': 13}",-3,3,38,62,2,10,0,False,Pass Incompletion,Joey Aguilar pass incomplete to Braylon Staley,-0.6938325521359872,2025-09-20T18:01:01.000Z
401752715,40175271511,401752715102944703,11,9,Tennessee,SEC,28,UAB,American Athletic,7,Tennessee,UAB,2,"{'minutes': 5, 'seconds': 52}",-3,3,38,62,3,10,9,False,Pass Reception,Joey Aguilar pass complete to Travis Smith Jr. for 9 yds to the TENN 47,0.6285954807411738,2025-09-20T18:01:43.000Z
401752715,40175271511,401752715102947603,11,10,Tennessee,SEC,28,UAB,American Athletic,7,Tennessee,UAB,2,"{'minutes': 5, 'seconds': 23}",-3,3,47,53,4,1,4,False,Rush,Peyton Lewis run for 4 yds to the UAB 49 for a 1ST down,2.3439052376043836,2025-09-20T18:02:13.000Z
401752715,40175271511,401752715102954103,11,11,Tennessee,SEC,28,UAB,American Athletic,7,Tennessee,UAB,2,"{'minutes': 4, 'seconds': 58}",-3,3,51,49,1,10,6,False,Rush,Peyton Lewis run for 6 yds to the UAB 43,0.3370848727167229,2025-09-20T18:02:38.000Z
401752715,40175271511,401752715102957903,11,12,Tennessee,SEC,28,UAB,American Athletic,7,Tennessee,UAB,2,"{'minutes': 4, 'seconds': 20}",-3,3,57,43,2,4,3,False,Rush,Peyton Lewis run for 3 yds to the UAB 40,-0.3714457734420886,2025-09-20T18:03:19.000Z
401752715,40175271511,401752715102959703,11,13,Tennessee,SEC,28,UAB,American Athletic,7,Tennessee,UAB,2,"{'minutes': 4, 'seconds': 2}",-3,3,60,40,3,1,2,False,Rush,Peyton Lewis run for 2 yds to the UAB 38 for a 1ST down,0.702098803777426,2025-09-20T18:03:40.000Z
401752715,40175271511,401752715102966703,11,14,Tennessee,SEC,28,UAB,American Athletic,7,Tennessee,UAB,2,"{'minutes': 3, 'seconds': 32}",-3,3,62,38,1,10,6,False,Rush,Peyton Lewis run for 6 yds to the UAB 32,0.2517020867787,2025-09-20T18:04:06.000Z
401752715,40175271511,401752715102974005,11,15,Tennessee,SEC,28,UAB,American Athletic,7,Tennessee,UAB,2,"{'minutes': 2, 'seconds': 59}",-3,3,68,32,2,4,0,False,Pass Incompletion,Joey Aguilar pass incomplete to Mike Matthews,-0.781180687607332,2025-09-20T18:05:18.000Z
401752715,40175271511,401752715102974901,11,17,Tennessee,SEC,35,UAB,American Athletic,7,Tennessee,UAB,2,"{'minutes': 2, 'seconds': 50}",-4,3,68,32,3,4,32,True,Rushing Touchdown,Peyton Lewis run for 32 yds for a TD (Max Gilbert KICK),3.62407124941382,2025-09-20T18:08:44.000Z
401752715,40175271512,401752715102974903,12,1,Tennessee,SEC,35,UAB,American Athletic,7,Tennessee,UAB,2,"{'minutes': 2, 'seconds': 50}",-4,3,35,65,1,10,0,False,Kickoff,Josh Turbyville kickoff for 65 yds for a touchback,,2025-09-20T18:10:00.000Z
401752715,40175271512,401752715102979901,12,4,UAB,American Athletic,7,Tennessee,SEC,35,Tennessee,UAB,2,"{'minutes': 2, 'seconds': 0}",3,-5,68,68,3,3,0,False,Timeout,"Timeout Tennessee, clock 02:00",,2025-09-20T17:33:32.000Z
401752715,40175271512,401752715102984501,12,5,UAB,American Athletic,7,Tennessee,SEC,35,Tennessee,UAB,2,"{'minutes': 1, 'seconds': 54}",2,-5,68,68,4,3,0,False,Timeout,"Timeout UAB, clock 01:54",,2025-09-20T17:33:32.000Z
401752715,40175271512,401752715102976101,12,2,UAB,American Athletic,7,Tennessee,SEC,35,Tennessee,UAB,2,"{'minutes': 2, 'seconds': 38}",3,-4,75,75,1,10,-1,False,Pass Reception,Jalen Kitna pass complete to Brandon Hawkins Jr. for a loss of 1 yard to the UAB 24,-0.8014893508157099,2025-09-20T18:11:37.000Z
401752715,40175271512,401752715102979701,12,3,UAB,American Athletic,7,Tennessee,SEC,35,Tennessee,UAB,2,"{'minutes': 2, 'seconds': 2}",3,-4,76,76,2,11,8,False,Rush,Nate Rogers run for 8 yds to the UAB 32,0.41233520970055876,2025-09-20T18:12:13.000Z
401752715,40175271512,401752715102984502,12,6,UAB,American Athletic,7,Tennessee,SEC,35,Tennessee,UAB,2,"{'minutes': 1, 'seconds': 54}",2,-5,68,68,3,3,0,False,Pass Incompletion,Jalen Kitna pass incomplete to Xavier Daisy,-0.5139435334013278,2025-09-20T17:33:32.000Z
401752715,40175271512,401752715102985301,12,7,UAB,American Athletic,7,Tennessee,SEC,35,Tennessee,UAB,2,"{'minutes': 1, 'seconds': 46}",2,-5,68,68,4,3,2,False,Rush,Jalen Kitna run for 2 yds to the UAB 34,-0.019147205762199526,2025-09-20T18:18:01.000Z
401752715,40175271513,401752715102994602,13,3,Tennessee,SEC,35,UAB,American Athletic,7,Tennessee,UAB,2,"{'minutes': 0, 'seconds': 53}",-5,2,71,29,3,6,12,False,Penalty,"UAB Penalty, Face Mask (12 yards) (12 Yards) to the UAB 12 for a 1ST down",,2025-09-20T18:19:42.000Z
401752715,40175271513,401752715102996401,13,4,Tennessee,SEC,35,UAB,American Athletic,7,Tennessee,UAB,2,"{'minutes': 0, 'seconds': 35}",-5,2,88,12,1,10,10,False,Penalty,"(00:36) No Huddle-Shotgun Aguilar,Joey pass incomplete short left to Kitselman,Miles thrown to UAB00 PENALTY UAB Pass Interference (Fisher,Perry) 10 yards from UAB12 to UAB02, 1ST DOWN. NO PLAY.",,2025-09-20T18:19:53.000Z
401752715,40175271513,401752715102986701,13,1,Tennessee,SEC,35,UAB,American Athletic,7,Tennessee,UAB,2,"{'minutes': 1, 'seconds': 32}",-5,2,67,33,1,10,7,False,Rush,DeSean Bishop run for 7 yds to the UAB 26,0.376233844475481,2025-09-20T18:18:25.000Z
401752715,40175271513,401752715102994601,13,2,Tennessee,SEC,35,UAB,American Athletic,7,Tennessee,UAB,2,"{'minutes': 0, 'seconds': 53}",-5,2,74,26,2,3,-3,False,Fumble Recovery (Own),"Joey Aguilar run for a loss of 3 yards to the UAB 29 Joey Aguilar fumbled, recovered by UAB Joey Aguilar",-1.118126172202878,2025-09-20T18:19:42.000Z
401752715,40175271513,401752715102996701,13,5,Tennessee,SEC,42,UAB,American Athletic,7,Tennessee,UAB,2,"{'minutes': 0, 'seconds': 32}",-5,2,98,2,1,2,2,True,Rushing Touchdown,DeSean Bishop run for 2 yds for a TD (Max Gilbert KICK),1.213235297672098,2025-09-20T18:21:19.000Z
401752715,40175271514,401752715102996703,14,1,Tennessee,SEC,42,UAB,American Athletic,7,Tennessee,UAB,2,"{'minutes': 0, 'seconds': 32}",-5,2,35,65,1,10,0,False,Kickoff,Josh Turbyville kickoff for 65 yds for a touchback,,2025-09-20T18:21:19.000Z
401752715,40175271514,401752715102999902,14,6,UAB,American Athletic,7,Tennessee,SEC,42,Tennessee,UAB,2,"{'minutes': 0, 'seconds': 0}",1,-5,55,55,0,10,-10,False,End of Half,End of 2nd Quarter,,2025-09-20T18:25:18.000Z
401752715,40175271514,401752715102999602,14,4,UAB,American Athletic,7,Tennessee,SEC,42,Tennessee,UAB,2,"{'minutes': 0, 'seconds': 3}",1,-5,55,55,1,10,0,False,Timeout,"Timeout UAB, clock 00:03",,2025-09-20T18:24:15.000Z
401752715,40175271514,401752715102998101,14,2,UAB,American Athletic,7,Tennessee,SEC,42,Tennessee,UAB,2,"{'minutes': 0, 'seconds': 18}",2,-5,75,75,1,10,6,False,Pass Reception,Jalen Kitna pass complete to Brandon Hawkins Jr. for 6 yds to the UAB 31,0.3333748010525683,2025-09-20T18:23:38.000Z
401752715,40175271514,401752715102999601,14,3,UAB,American Athletic,7,Tennessee,SEC,42,Tennessee,UAB,2,"{'minutes': 0, 'seconds': 3}",2,-5,69,69,2,4,14,False,Pass Reception,Jalen Kitna pass complete to Xavier Daisy for 14 yds to the UAB 45 for a 1ST down,1.4677670813523882,2025-09-20T18:24:03.000Z
401752715,40175271514,401752715102999901,14,5,UAB,American Athletic,7,Tennessee,SEC,42,Tennessee,UAB,2,"{'minutes': 0, 'seconds': 0}",1,-5,55,55,1,10,-10,False,Sack,Jalen Kitna sacked for a loss of 10 yards to the UAB 35,-2.660964298298407,2025-09-20T18:25:54.000Z
401752715,4017527151,401752715101849903,1,1,UAB,American Athletic,0,Tennessee,SEC,0,Tennessee,UAB,1,"{'minutes': 15, 'seconds': 0}",3,3,65,65,1,10,0,False,Kickoff,Owen Simpson kickoff for 65 yds for a touchback,,2025-09-20T16:48:09.000Z
401752715,4017527151,401752715101864401,1,5,Tennessee,SEC,0,UAB,American Athletic,0,Tennessee,UAB,1,"{'minutes': 13, 'seconds': 55}",3,3,71,29,1,10,-10,False,Penalty,"Tennessee Penalty, Offensive Holding (-10 Yards) to the UAB 37",,2025-09-20T16:50:24.000Z
401752715,4017527151,401752715101874304,1,9,UAB,American Athletic,0,Tennessee,SEC,0,Tennessee,UAB,1,"{'minutes': 12, 'seconds': 56}",3,2,75,75,1,10,0,False,Timeout,"Timeout Tennessee, clock 12:56",,2025-09-20T16:52:06.000Z
401752715,4017527151,401752715101854901,1,2,Tennessee,SEC,0,UAB,American Athletic,0,Tennessee,UAB,1,"{'minutes': 14, 'seconds': 50}",3,3,25,75,1,10,3,False,Rush,DeSean Bishop run for 3 yds to the TENN 28,-0.2957674139440157,2025-09-20T16:49:09.000Z
401752715,4017527151,401752715101856501,1,3,Tennessee,SEC,0,UAB,American Athletic,0,Tennessee,UAB,1,"{'minutes': 14, 'seconds': 34}",3,3,28,72,2,7,12,False,Rush,DeSean Bishop run for 12 yds to the TENN 40 for a 1ST down,1.6166219295216617,2025-09-20T16:49:21.000Z
401752715,4017527151,401752715101858701,1,4,Tennessee,SEC,0,UAB,American Athletic,0,Tennessee,UAB,1,"{'minutes': 14, 'seconds': 12}",3,3,40,60,1,10,31,False,Pass Reception,Joey Aguilar pass complete to Braylon Staley for 31 yds to the UAB 29 for a 1ST down,1.9685994195455634,2025-09-20T16:49:41.000Z
401752715,4017527151,401752715101866501,1,6,Tennessee,SEC,0,UAB,American Athletic,0,Tennessee,UAB,1,"{'minutes': 13, 'seconds': 34}",3,3,63,37,1,18,12,False,Pass Reception,Joey Aguilar pass complete to Braylon Staley for 12 yds to the UAB 25,0.9673205965550656,2025-09-20T16:50:54.000Z
401752715,4017527151,401752715101868301,1,7,Tennessee,SEC,0,UAB,American Athletic,0,Tennessee,UAB,1,"{'minutes': 13, 'seconds': 16}",3,3,75,25,2,6,6,False,Rush,DeSean Bishop run for 6 yds to the UAB 19 for a 1ST down,0.229966028252381,2025-09-20T16:51:17.000Z
401752715,4017527151,401752715101874301,1,8,Tennessee,SEC,7,UAB,American Athletic,0,Tennessee,UAB,1,"{'minutes': 12, 'seconds': 56}",3,3,81,19,1,10,19,True,Passing Touchdown,Joey Aguilar pass complete to Chris Brazzell II for 19 yds for a TD (Max Gilbert KICK),2.604447628637523,2025-09-20T16:52:06.000Z
401752715,4017527152,401752715101874305,2,1,Tennessee,SEC,7,UAB,American Athletic,0,Tennessee,UAB,1,"{'minutes': 12, 'seconds': 56}",2,3,35,65,1,10,0,False,Kickoff,Josh Turbyville kickoff for 65 yds for a touchback,,2025-09-20T16:52:06.000Z
401752715,4017527152,401752715101886903,2,5,UAB,American Athletic,0,Tennessee,SEC,7,Tennessee,UAB,1,"{'minutes': 11, 'seconds': 30}",3,2,73,73,4,8,23,False,Punt,"Patrick Foley punt for 38 yds , Boo Carter returns for no gain to the 50 yard line",,2025-09-20T17:29:23.000Z
401752715,4017527152,401752715101875001,2,2,UAB,American Athletic,0,Tennessee,SEC,7,Tennessee,UAB,1,"{'minutes': 12, 'seconds': 49}",3,2,75,75,1,10,2,False,Rush,Jevon Jackson run for 2 yds to the UAB 27,-0.45260367932203766,2025-09-20T16:56:44.000Z
401752715,4017527152,401752715101879001,2,3,UAB,American Athletic,0,Tennessee,SEC,7,Tennessee,UAB,1,"{'minutes': 12, 'seconds': 9}",3,2,73,73,2,8,0,False,Pass Reception,Jalen Kitna pass complete to Elijah Lagg for no gain to the UAB 27,-0.4788075161366292,2025-09-20T16:57:24.000Z
401752715,4017527152,401752715101886201,2,4,UAB,American Athletic,0,Tennessee,SEC,7,Tennessee,UAB,1,"{'minutes': 11, 'seconds': 37}",3,2,73,73,3,8,0,False,Pass Incompletion,Jalen Kitna pass incomplete to Evan McCray,-0.22421028645399854,2025-09-20T16:57:51.000Z
401752715,4017527154,401752715101889403,4,1,Tennessee,SEC,14,UAB,American Athletic,0,Tennessee,UAB,1,"{'minutes': 11, 'seconds': 5}",2,3,35,65,1,10,0,False,Kickoff,Josh Turbyville kickoff for 65 yds for a touchback,,2025-09-20T17:04:41.000Z
401752715,4017527154,401752715101916701,4,6,UAB,American Athletic,0,Tennessee,SEC,14,Tennessee,UAB,1,"{'minutes': 8, 'seconds': 32}",3,2,55,55,4,11,0,False,Punt,"Patrick Foley punt for 45 yds, fair catch by Boo Carter at the TENN 10",,2025-09-20T17:08:06.000Z
401752715,4017527154,401752715101894801,4,2,UAB,American Athletic,0,Tennessee,SEC,14,Tennessee,UAB,1,"{'minutes': 10, 'seconds': 51}",3,2,75,75,1,10,21,False,Pass Reception,Jalen Kitna pass complete to AJ Johnson for 21 yds to the UAB 46 for a 1ST down,1.8928575820361135,2025-09-20T17:05:41.000Z
401752715,4017527154,401752715101898401,4,3,UAB,American Athletic,0,Tennessee,SEC,14,Tennessee,UAB,1,"{'minutes': 10, 'seconds': 15}",3,2,54,54,1,10,4,False,Pass Reception,Jalen Kitna pass complete to Solomon Beebe for 4 yds to the UAB 42,-0.1577860825649198,2025-09-20T17:06:16.000Z
401752715,4017527154,401752715101906201,4,4,UAB,American Athletic,0,Tennessee,SEC,14,Tennessee,UAB,1,"{'minutes': 9, 'seconds': 37}",3,2,58,58,2,14,7,False,Pass Reception,Ryder Burton pass complete to Brandon Hawkins Jr. for 7 yds to the UAB 49,0.4360345929917794,2025-09-20T17:06:57.000Z
401752715,4017527154,401752715101908501,4,5,UAB,American Athletic,0,Tennessee,SEC,14,Tennessee,UAB,1,"{'minutes': 9, 'seconds': 14}",3,2,51,51,3,7,-4,False,Sack,Jalen Kitna sacked for a loss of 4 yards to the UAB 45,-1.2197562301165155,2025-09-20T17:07:18.000Z
401752715,4017527155,401752715101916704,5,1,Tennessee,SEC,14,UAB,American Athletic,0,Tennessee,UAB,1,"{'minutes': 8, 'seconds': 32}",1,3,10,90,2,10,0,False,Timeout,"Timeout Tennessee, clock 08:32",,2025-09-20T17:08:49.000Z
401752715,4017527155,401752715101917101,5,2,Tennessee,SEC,14,UAB,American Athletic,0,Tennessee,UAB,1,"{'minutes': 8, 'seconds': 28}",1,3,10,90,1,10,0,False,Pass Incompletion,Joey Aguilar pass incomplete to Peyton Lewis,-0.34929852451643395,2025-09-20T17:11:26.000Z
401752715,4017527155,401752715101917701,5,3,Tennessee,SEC,14,UAB,American Athletic,0,Tennessee,UAB,1,"{'minutes': 8, 'seconds': 22}",1,3,10,90,2,10,6,False,Rush,Peyton Lewis run for 6 yds to the TENN 16,0.09181354529969354,2025-09-20T17:12:02.000Z
401752715,4017527155,401752715101925501,5,4,Tennessee,SEC,14,UAB,American Athletic,0,Tennessee,UAB,1,"{'minutes': 7, 'seconds': 44}",1,3,16,84,3,4,7,False,Pass Reception,Joey Aguilar pass complete to Chris Brazzell II for 7 yds to the TENN 23 for a 1ST down,0.8409721381645481,2025-09-20T17:12:33.000Z
401752715,4017527155,401752715101927401,5,5,Tennessee,SEC,14,UAB,American Athletic,0,Tennessee,UAB,1,"{'minutes': 7, 'seconds': 25}",1,3,23,77,1,10,0,False,Pass Incompletion,Joey Aguilar pass incomplete to Mike Matthews,-0.6425305871127751,2025-09-20T17:13:00.000Z
401752715,4017527155,401752715101928201,5,6,Tennessee,SEC,14,UAB,American Athletic,0,Tennessee,UAB,1,"{'minutes': 7, 'seconds': 17}",1,3,23,77,2,10,2,False,Rush,Peyton Lewis run for 2 yds to the TENN 25,-0.20382734078325182,2025-09-20T17:13:27.000Z
401752715,4017527155,401752715101935701,5,7,Tennessee,SEC,14,UAB,American Athletic,0,Tennessee,UAB,1,"{'minutes': 6, 'seconds': 42}",1,3,25,75,3,8,11,False,Pass Reception,Joey Aguilar pass complete to Miles Kitselman for 11 yds to the TENN 36 for a 1ST down,1.9095224143100928,2025-09-20T17:14:08.000Z
401752715,4017527155,401752715101937801,5,8,Tennessee,SEC,14,UAB,American Athletic,0,Tennessee,UAB,1,"{'minutes': 6, 'seconds': 21}",1,3,36,64,1,10,-5,False,Pass Interception Return,Joey Aguilar pass intercepted Pierre Royster return for a loss of 5 yards to the UAB 38,-1.852807392224669,2025-09-20T17:15:00.000Z
401752715,4017527156,401752715101945501,6,2,UAB,American Athletic,0,Tennessee,SEC,14,Tennessee,UAB,1,"{'minutes': 5, 'seconds': 44}",3,1,61,61,2,9,0,False,Penalty,"UAB Penalty, Ineligible Downfield on Pass (Yards) declined",,2025-09-20T17:16:03.000Z
401752715,4017527156,401752715101947201,6,4,UAB,American Athletic,0,Tennessee,SEC,14,Tennessee,UAB,1,"{'minutes': 5, 'seconds': 27}",3,1,61,61,4,9,34,False,Punt,"Patrick Foley punt for 40 yds, punt out-of-bounds at the UAB 45 , Boo Carter returns for 34 yds to the UAB 45",,2025-09-20T17:18:02.000Z
401752715,4017527156,401752715101938501,6,1,UAB,American Athletic,0,Tennessee,SEC,14,Tennessee,UAB,1,"{'minutes': 6, 'seconds': 14}",3,1,62,62,1,10,1,False,Rush,Isaiah Jacobs run for 1 yd to the UAB 39,-0.8867433222723466,2025-09-20T17:15:34.000Z
401752715,4017527156,401752715101946001,6,3,UAB,American Athletic,0,Tennessee,SEC,14,Tennessee,UAB,1,"{'minutes': 5, 'seconds': 39}",3,1,61,61,3,9,0,False,Pass Incompletion,Jalen Kitna pass incomplete to Xavier Daisy,-0.4235741469021441,2025-09-20T17:17:02.000Z
401752715,40175271515,401752715103849903,15,1,Tennessee,SEC,42,UAB,American Athletic,7,Tennessee,UAB,3,"{'minutes': 15, 'seconds': 0}",3,3,35,65,1,10,0,False,Kickoff,Grady Dangerfield kickoff for 65 yds for a touchback,,2025-09-20T00:00:00.000Z
401752715,40175271515,401752715103867601,15,5,UAB,American Athletic,7,Tennessee,SEC,42,Tennessee,UAB,3,"{'minutes': 13, 'seconds': 23}",3,3,69,69,4,4,1,False,Punt,"Patrick Foley punt for 39 yds , Boo Carter returns for 1 yd to the TENN 31 Boo Carter fumbled, recovered by UAB AJ Brown",,2025-09-20T18:49:58.000Z
401752715,40175271515,401752715103854301,15,2,UAB,American Athletic,7,Tennessee,SEC,42,Tennessee,UAB,3,"{'minutes': 14, 'seconds': 56}",3,3,75,75,1,10,0,False,Pass Incompletion,Jalen Kitna pass incomplete to Solomon Beebe,-0.7029700220436519,2025-09-20T18:47:26.000Z
401752715,40175271515,401752715103855401,15,3,UAB,American Athletic,7,Tennessee,SEC,42,Tennessee,UAB,3,"{'minutes': 14, 'seconds': 45}",3,3,75,75,2,10,8,False,Pass Reception,Jalen Kitna pass complete to Jevon Jackson for 8 yds to the UAB 33,0.4833825674180429,2025-09-20T18:48:10.000Z
401752715,40175271515,401752715103859501,15,4,UAB,American Athletic,7,Tennessee,SEC,42,Tennessee,UAB,3,"{'minutes': 14, 'seconds': 4}",3,3,67,67,3,2,-2,False,Rush,Jevon Jackson run for a loss of 2 yards to the UAB 31,-0.7528464490808755,2025-09-20T18:48:57.000Z
401752715,40175271516,401752715103879301,16,4,UAB,American Athletic,10,Tennessee,SEC,42,Tennessee,UAB,3,"{'minutes': 12, 'seconds': 6}",3,3,27,27,4,6,45,True,Field Goal Good,Jonah Delange 45 yd FG GOOD,,2025-09-20T18:52:04.000Z
401752715,40175271516,401752715103879303,16,5,Tennessee,SEC,42,UAB,American Athletic,7,Tennessee,UAB,3,"{'minutes': 12, 'seconds': 6}",2,3,46,54,1,10,0,False,Timeout,"Timeout Tennessee, clock 12:06",,2025-09-20T18:52:13.000Z
401752715,40175271516,401752715103868201,16,1,UAB,American Athletic,7,Tennessee,SEC,42,Tennessee,UAB,3,"{'minutes': 13, 'seconds': 17}",3,3,31,31,1,10,3,False,Rush,Jevon Jackson run for 3 yds to the TENN 28,-0.1807619553029143,2025-09-20T18:50:32.000Z
401752715,40175271516,401752715103875501,16,2,UAB,American Athletic,7,Tennessee,SEC,42,Tennessee,UAB,3,"{'minutes': 12, 'seconds': 44}",3,3,28,28,2,7,1,False,Pass Reception,Jalen Kitna pass complete to Jevon Jackson for 1 yd to the TENN 27,-0.497921347602265,2025-09-20T18:51:09.000Z
401752715,40175271516,401752715103878801,16,3,UAB,American Athletic,7,Tennessee,SEC,42,Tennessee,UAB,3,"{'minutes': 12, 'seconds': 11}",3,3,27,27,3,6,0,False,Pass Incompletion,Jalen Kitna pass incomplete to Xavier Daisy,-0.8474255838911784,2025-09-20T18:51:24.000Z
401752715,40175271517,401752715103884301,17,1,UAB,American Athletic,10,Tennessee,SEC,42,Tennessee,UAB,3,"{'minutes': 11, 'seconds': 56}",3,2,65,65,1,10,44,False,Kickoff Return (Offense),"Owen Simpson kickoff for 63 yds , Daune Morris return for 44 yds to the TENN 46",,2025-09-20T18:56:19.000Z
401752715,40175271517,401752715103889601,17,5,Tennessee,SEC,42,UAB,American Athletic,10,Tennessee,UAB,3,"{'minutes': 11, 'seconds': 3}",1,3,80,20,2,9,0,False,Timeout,"Timeout Tennessee, clock 11:03",,2025-09-20T18:47:26.000Z
401752715,40175271517,401752715103904605,17,8,Tennessee,SEC,42,UAB,American Athletic,10,Tennessee,UAB,3,"{'minutes': 9, 'seconds': 53}",1,3,35,65,1,10,50,False,Kickoff,"Grady Dangerfield kickoff for 65 yds for a touchback Tennessee Penalty, Personal Foul (Jordan Burns)",,2025-09-20T18:59:48.000Z
401752715,40175271517,401752715103904607,17,9,UAB,American Athletic,10,Tennessee,SEC,42,Tennessee,UAB,3,"{'minutes': 9, 'seconds': 53}",3,0,60,60,1,10,0,False,Timeout,"Timeout Tennessee, clock 09:53",,2025-09-20T18:59:48.000Z
401752715,40175271517,401752715103885301,17,2,Tennessee,SEC,42,UAB,American Athletic,10,Tennessee,UAB,3,"{'minutes': 11, 'seconds': 46}",2,3,46,54,1,10,11,False,Rush,Star Thomas run for 11 yds to the UAB 43 for a 1ST down,0.8325274497543538,2025-09-20T18:56:51.000Z
401752715,40175271517,401752715103887101,17,3,Tennessee,SEC,42,UAB,American Athletic,10,Tennessee,UAB,3,"{'minutes': 11, 'seconds': 28}",2,3,57,43,1,10,22,False,Pass Reception,Joey Aguilar pass complete to Chris Brazzell II for 22 yds to the UAB 21 for a 1ST down,0.7200732741353612,2025-09-20T18:57:13.000Z
401752715,40175271517,401752715103889201,17,4,Tennessee,SEC,42,UAB,American Athletic,10,Tennessee,UAB,3,"{'minutes': 11, 'seconds': 7}",2,3,79,21,1,10,1,False,Rush,Star Thomas run for 1 yd to the UAB 20,-0.299663506721031,2025-09-20T18:57:28.000Z
401752715,40175271517,401752715103897001,17,6,Tennessee,SEC,42,UAB,American Athletic,10,Tennessee,UAB,3,"{'minutes': 10, 'seconds': 29}",1,3,80,20,2,9,3,False,Rush,Star Thomas run for 3 yds to the UAB 17,-0.1407464039702223,2025-09-20T18:58:24.000Z
401752715,40175271517,401752715103904601,17,7,Tennessee,SEC,49,UAB,American Athletic,10,Tennessee,UAB,3,"{'minutes': 9, 'seconds': 53}",1,3,83,17,3,6,17,True,Passing Touchdown,Joey Aguilar pass complete to Star Thomas for 17 yds for a TD (Max Gilbert KICK),3.0727067244867463,2025-09-20T18:59:48.000Z
401752715,40175271518,401752715103917401,18,4,UAB,American Athletic,10,Tennessee,SEC,49,Tennessee,UAB,3,"{'minutes': 8, 'seconds': 25}",2,0,51,51,4,1,0,False,Timeout,"Timeout UAB, clock 08:25",,2025-09-20T18:47:26.000Z
401752715,40175271518,401752715103905801,18,1,UAB,American Athletic,10,Tennessee,SEC,49,Tennessee,UAB,3,"{'minutes': 9, 'seconds': 41}",3,0,60,60,1,10,-1,False,Pass Reception,Jalen Kitna pass complete to Kaleb Brown for a loss of 1 yard to the UAB 39,-1.319414526540232,2025-09-20T19:04:48.000Z
401752715,40175271518,401752715103908401,18,2,UAB,American Athletic,10,Tennessee,SEC,49,Tennessee,UAB,3,"{'minutes': 9, 'seconds': 15}",3,0,61,61,2,11,0,False,Pass Incompletion,Jalen Kitna pass incomplete to Solomon Beebe,-0.6750946441826926,2025-09-20T19:05:15.000Z
401752715,40175271518,401752715103914101,18,3,UAB,American Athletic,10,Tennessee,SEC,49,Tennessee,UAB,3,"{'minutes': 8, 'seconds': 58}",3,0,61,61,3,11,10,False,Pass Reception,Jalen Kitna pass complete to Evan McCray for 10 yds to the UAB 49,0.7974882454409027,2025-09-20T19:06:05.000Z
401752715,40175271518,401752715103918301,18,5,UAB,American Athletic,10,Tennessee,SEC,49,Tennessee,UAB,3,"{'minutes': 8, 'seconds': 16}",2,0,51,51,4,1,2,False,Rush,Isaiah Jacobs run for 2 yds to the TENN 49 for a 1ST down,2.191590977788449,2025-09-20T19:10:10.000Z
401752715,40175271518,401752715103926501,18,6,UAB,American Athletic,10,Tennessee,SEC,49,Tennessee,UAB,3,"{'minutes': 7, 'seconds': 34}",2,0,49,49,1,10,1,False,Pass Reception,Jalen Kitna pass complete to Jevon Jackson for 1 yd to the TENN 48,-0.8564651345494897,2025-09-20T19:10:47.000Z
401752715,40175271518,401752715103929501,18,7,UAB,American Athletic,10,Tennessee,SEC,49,Tennessee,UAB,3,"{'minutes': 7, 'seconds': 4}",2,0,48,48,2,9,13,False,Pass Reception,Jalen Kitna pass complete to Solomon Beebe for 13 yds to the TENN 35 for a 1ST down,1.646206902409782,2025-09-20T19:11:22.000Z
401752715,40175271518,401752715103935701,18,8,UAB,American Athletic,10,Tennessee,SEC,49,Tennessee,UAB,3,"{'minutes': 6, 'seconds': 42}",2,0,35,35,1,10,1,False,Pass Interception Return,Jalen Kitna pass intercepted Andre Turrentine return for 1 yd to the TENN 33,-4.027411216223044,2025-09-20T19:12:21.000Z
401752715,40175271519,401752715103948901,19,5,Tennessee,SEC,49,UAB,American Athletic,10,Tennessee,UAB,3,"{'minutes': 5, 'seconds': 10}",0,2,47,53,4,8,0,False,Punt,Jackson Ross punt for 44 yds,,2025-09-20T19:15:26.000Z
401752715,40175271519,401752715103936801,19,1,Tennessee,SEC,49,UAB,American Athletic,10,Tennessee,UAB,3,"{'minutes': 6, 'seconds': 31}",0,2,33,67,1,10,12,False,Rush,Peyton Lewis run for 12 yds to the TENN 45 for a 1ST down,1.1524434318247838,2025-09-20T19:12:45.000Z
401752715,40175271519,401752715103939901,19,2,Tennessee,SEC,49,UAB,American Athletic,10,Tennessee,UAB,3,"{'minutes': 6, 'seconds': 0}",0,2,45,55,1,10,0,False,Pass Incompletion,Jake Merklinger pass incomplete to Travis Smith Jr.,-1.1618692012952412,2025-09-20T19:13:40.000Z
401752715,40175271519,401752715103944601,19,3,Tennessee,SEC,49,UAB,American Athletic,10,Tennessee,UAB,3,"{'minutes': 5, 'seconds': 53}",0,2,45,55,2,10,2,False,Rush,Peyton Lewis run for 2 yds to the TENN 47,-0.5680099089337114,2025-09-20T19:14:00.000Z
401752715,40175271519,401752715103948001,19,4,Tennessee,SEC,49,UAB,American Athletic,10,Tennessee,UAB,3,"{'minutes': 5, 'seconds': 19}",0,2,47,53,3,8,0,False,Pass Incompletion,Jake Merklinger pass incomplete to Jack Van Dorselaer,-0.7000822973306775,2025-09-20T19:14:35.000Z
401752715,40175271520,401752715103974801,20,4,UAB,American Athletic,10,Tennessee,SEC,49,Tennessee,UAB,3,"{'minutes': 2, 'seconds': 51}",2,0,83,83,2,16,-5,False,Penalty,PENALTY UAB Delay Of Game 5 yards from UAB17 to UAB12. NO PLAY.,,2025-09-20T19:18:50.000Z
401752715,40175271520,401752715103976204,20,6,UAB,American Athletic,10,Tennessee,SEC,49,Tennessee,UAB,3,"{'minutes': 2, 'seconds': 37}",2,-1,75,75,1,10,0,False,Timeout,"Timeout Tennessee, clock 02:37",,2025-09-20T19:19:55.000Z
401752715,40175271520,401752715103949901,20,1,UAB,American Athletic,10,Tennessee,SEC,49,Tennessee,UAB,3,"{'minutes': 5, 'seconds': 0}",2,0,91,91,1,10,8,False,Rush,Nate Rogers run for 8 yds to the UAB 17,0.5673218727665672,2025-09-20T19:16:28.000Z
401752715,40175271520,401752715103958301,20,2,UAB,American Athletic,10,Tennessee,SEC,49,Tennessee,UAB,3,"{'minutes': 4, 'seconds': 16}",2,0,83,83,2,2,6,False,Pass Reception,Jalen Kitna pass complete to Jevon Jackson for 6 yds to the UAB 23 for a 1ST down,0.044506989068914,2025-09-20T19:17:12.000Z
401752715,40175271520,401752715103974001,20,3,UAB,American Athletic,10,Tennessee,SEC,49,Tennessee,UAB,3,"{'minutes': 2, 'seconds': 59}",2,0,77,77,1,10,-6,False,Fumble Recovery (Own),"Jalen Kitna sacked by Boo Carter for a loss of 6 yards to the UAB 17 Jalen Kitna fumbled, recovered by UAB Logan Moore , return for 0 yards",-1.0054742441264102,2025-09-20T19:18:33.000Z
401752715,40175271520,401752715103976201,20,5,UAB,American Athletic,10,Tennessee,SEC,56,Tennessee,UAB,3,"{'minutes': 2, 'seconds': 37}",2,0,88,88,2,21,23,True,Fumble Return Touchdown,Kaleb Beasley 23 Yd Fumble Return (Max Gilbert Kick),-6.669571555967871,2025-09-20T19:19:55.000Z
401752715,40175271521,401752715103976205,21,1,Tennessee,SEC,56,UAB,American Athletic,10,Tennessee,UAB,3,"{'minutes': 2, 'seconds': 37}",-1,2,35,65,1,10,0,False,Kickoff,Grady Dangerfield kickoff for 65 yds for a touchback,,2025-09-20T19:19:55.000Z
401752715,40175271521,401752715103976801,21,2,UAB,American Athletic,10,Tennessee,SEC,56,Tennessee,UAB,3,"{'minutes': 2, 'seconds': 31}",2,-1,75,75,1,10,-1,False,Rush,Nate Rogers run for a loss of 1 yard to the UAB 24,-0.8014893508157099,2025-09-20T19:24:11.000Z
401752715,40175271521,401752715103984901,21,3,UAB,American Athletic,10,Tennessee,SEC,56,Tennessee,UAB,3,"{'minutes': 1, 'seconds': 50}",2,-1,76,76,2,11,15,False,Pass Reception,Jalen Kitna pass complete to Kaleb Brown for 15 yds to the UAB 39 for a 1ST down,2.0242284340721657,2025-09-20T19:24:53.000Z
401752715,40175271521,401752715103987501,21,4,UAB,American Athletic,17,Tennessee,SEC,56,Tennessee,UAB,3,"{'minutes': 1, 'seconds': 24}",2,-1,61,61,1,10,61,True,Passing Touchdown,Jalen Kitna pass complete to Kaleb Brown for 61 yds for a TD (Jonah Delange KICK),4.855016036464866,2025-09-20T19:25:21.000Z
401752715,40175271522,401752715103999902,22,5,Tennessee,SEC,56,UAB,American Athletic,17,Tennessee,UAB,3,"{'minutes': 0, 'seconds': 0}",-1,2,32,68,0,3,3,False,End Period,End of 3rd Quarter,,2025-09-20T19:29:38.000Z
401752715,40175271522,401752715103987503,22,1,UAB,American Athletic,17,Tennessee,SEC,56,Tennessee,UAB,3,"{'minutes': 1, 'seconds': 24}",2,-1,65,65,1,10,0,False,Kickoff,Owen Simpson kickoff for 65 yds for a touchback,,2025-09-20T19:26:11.000Z
401752715,40175271522,401752715103995102,22,3,Tennessee,SEC,56,UAB,American Athletic,17,Tennessee,UAB,3,"{'minutes': 0, 'seconds': 48}",-1,2,30,70,2,5,-10,False,Penalty,"Tennessee Penalty, Offensive Holding (-10 Yards) to the TENN 32",,2025-09-20T19:28:17.000Z
401752715,40175271522,401752715104865101,22,9,Tennessee,SEC,56,UAB,American Athletic,17,Tennessee,UAB,4,"{'minutes': 13, 'seconds': 48}",-1,2,42,58,4,3,5,False,Penalty,"PENALTY UAB Offside (Warren,Denver) 5 yards from TENN42 to TENN47, 1ST DOWN. NO PLAY.",,2025-09-20T19:34:57.000Z
401752715,40175271522,401752715104884701,22,13,Tennessee,SEC,56,UAB,American Athletic,17,Tennessee,UAB,4,"{'minutes': 11, 'seconds': 52}",-1,2,43,57,4,14,0,False,Punt,"Jackson Ross punt for 35 yds, fair catch by Iverson Hooks at the UAB 22",,2025-09-20T19:37:07.000Z
401752715,40175271522,401752715103988801,22,2,Tennessee,SEC,56,UAB,American Athletic,17,Tennessee,UAB,3,"{'minutes': 1, 'seconds': 11}",-1,2,25,75,1,10,5,False,Pass Reception,Jake Merklinger pass complete to Jack Van Dorselaer for 5 yds to the TENN 30,0.0945451165334843,2025-09-20T19:27:55.000Z
401752715,40175271522,401752715103999901,22,4,Tennessee,SEC,56,UAB,American Athletic,17,Tennessee,UAB,3,"{'minutes': 0, 'seconds': 0}",-1,2,32,68,2,3,3,False,Rush,Daune Morris run for 3 yds to the TENN 35 for a 1ST down,0.2303956489436487,2025-09-20T19:29:38.000Z
401752715,40175271522,401752715104854601,22,6,Tennessee,SEC,56,UAB,American Athletic,17,Tennessee,UAB,4,"{'minutes': 14, 'seconds': 53}",-1,2,35,65,1,10,2,False,Rush,Daune Morris run for 2 yds to the TENN 37,-0.63079683335922,2025-09-20T19:33:37.000Z
401752715,40175271522,401752715104856601,22,7,Tennessee,SEC,56,UAB,American Athletic,17,Tennessee,UAB,4,"{'minutes': 14, 'seconds': 33}",-1,2,37,63,2,8,7,False,Rush,Daune Morris run for 7 yds to the TENN 44,0.5781824818374678,2025-09-20T19:33:53.000Z
401752715,40175271522,401752715104858001,22,8,Tennessee,SEC,56,UAB,American Athletic,17,Tennessee,UAB,4,"{'minutes': 14, 'seconds': 19}",-1,2,44,56,3,1,-2,False,Rush,Daune Morris run for a loss of 2 yards to the TENN 42,-1.311227379895887,2025-09-20T19:34:10.000Z
401752715,40175271522,401752715104867901,22,10,Tennessee,SEC,56,UAB,American Athletic,17,Tennessee,UAB,4,"{'minutes': 13, 'seconds': 20}",-1,2,47,53,1,10,4,False,Rush,Jake Merklinger run for 4 yds to the UAB 49,-0.1543469215353017,2025-09-20T19:35:34.000Z
401752715,40175271522,401752715104869501,22,11,Tennessee,SEC,56,UAB,American Athletic,17,Tennessee,UAB,4,"{'minutes': 13, 'seconds': 4}",-1,2,51,49,2,6,-3,False,Rush,Daune Morris run for a loss of 3 yards to the TENN 48,-1.7847522798428939,2025-09-20T19:35:55.000Z
401752715,40175271522,401752715104876501,22,12,Tennessee,SEC,56,UAB,American Athletic,17,Tennessee,UAB,4,"{'minutes': 12, 'seconds': 34}",-1,2,48,52,3,9,-5,False,Sack,Jake Merklinger sacked for a loss of 5 yards to the TENN 43,-1.0688449528792905,2025-09-20T19:36:16.000Z
401752715,40175271523,401752715104884705,23,1,UAB,American Athletic,17,Tennessee,SEC,56,Tennessee,UAB,4,"{'minutes': 11, 'seconds': 52}",2,-2,52,52,1,10,0,False,Timeout,"Timeout Tennessee, clock 11:52",,2025-09-20T19:39:54.000Z
401752715,40175271523,401752715104889802,23,4,UAB,American Athletic,17,Tennessee,SEC,56,Tennessee,UAB,4,"{'minutes': 11, 'seconds': 1}",2,-2,52,52,2,10,-5,False,Penalty,"(11:12) Shotgun Burton,Ryder rush left for 5 yards gain to the TENN47 (Carter,Boo; Perlotte,Jadon) PENALTY UAB Illegal Formation (Brown,Kaleb) 5 yards from UAB48 to UAB43. NO PLAY.",,2025-09-20T19:41:35.000Z
401752715,40175271523,401752715104908901,23,7,UAB,American Athletic,17,Tennessee,SEC,56,Tennessee,UAB,4,"{'minutes': 9, 'seconds': 10}",2,-2,51,51,4,9,0,False,Punt,Patrick Foley punt for 51 yds for a touchback,,2025-09-20T19:43:28.000Z
401752715,40175271523,401752715104885701,23,2,UAB,American Athletic,17,Tennessee,SEC,56,Tennessee,UAB,4,"{'minutes': 11, 'seconds': 42}",2,-2,78,78,1,10,26,False,Pass Reception,Jalen Kitna pass complete to Solomon Beebe for 26 yds to the UAB 48 for a 1ST down,2.263930513630691,2025-09-20T19:40:13.000Z
401752715,40175271523,401752715104888501,23,3,UAB,American Athletic,17,Tennessee,SEC,56,Tennessee,UAB,4,"{'minutes': 11, 'seconds': 14}",2,-2,52,52,1,10,0,False,Pass Incompletion,Jalen Kitna pass incomplete to Antonio Ferguson,-1.1430602484821704,2025-09-20T19:40:39.000Z
401752715,40175271523,401752715104897301,23,5,UAB,American Athletic,17,Tennessee,SEC,56,Tennessee,UAB,4,"{'minutes': 10, 'seconds': 26}",2,-2,57,57,2,15,0,False,Pass Reception,Jalen Kitna pass complete to Iverson Hooks for no gain to the UAB 43,-0.6214992982081409,2025-09-20T19:42:20.000Z
401752715,40175271523,401752715104906601,23,6,UAB,American Athletic,17,Tennessee,SEC,56,Tennessee,UAB,4,"{'minutes': 9, 'seconds': 33}",2,-2,57,57,3,15,6,False,Pass Reception,Jalen Kitna pass complete to Iverson Hooks for 6 yds to the UAB 49,0.13021805284167073,2025-09-20T19:43:05.000Z
401752715,40175271524,401752715104908905,24,1,Tennessee,SEC,56,UAB,American Athletic,17,Tennessee,UAB,4,"{'minutes': 9, 'seconds': 10}",-3,2,31,69,1,10,0,False,Timeout,"Timeout Tennessee, clock 09:10",,2025-09-20T19:46:23.000Z
401752715,40175271524,401752715104919001,24,5,Tennessee,SEC,56,UAB,American Athletic,17,Tennessee,UAB,4,"{'minutes': 8, 'seconds': 9}",-3,2,31,69,3,10,5,False,Penalty,"PENALTY UAB Offside (Peterson,JaSir) 5 yards from TENN31 to TENN36. NO PLAY.",,2025-09-20T19:48:17.000Z
401752715,40175271524,401752715104926301,24,7,Tennessee,SEC,56,UAB,American Athletic,17,Tennessee,UAB,4,"{'minutes': 7, 'seconds': 36}",-3,2,36,64,4,5,0,False,Punt,"Jackson Ross punt for 46 yds, fair catch by Iverson Hooks at the UAB 18",,2025-09-20T19:33:37.000Z
401752715,40175271524,401752715104914601,24,2,Tennessee,SEC,56,UAB,American Athletic,17,Tennessee,UAB,4,"{'minutes': 8, 'seconds': 53}",-3,2,20,80,1,10,11,False,Pass Reception,Jake Merklinger pass complete to Joakim Dodson for 11 yds to the TENN 31 for a 1ST down,0.7787667904900532,2025-09-20T19:46:47.000Z
401752715,40175271524,401752715104916101,24,3,Tennessee,SEC,56,UAB,American Athletic,17,Tennessee,UAB,4,"{'minutes': 8, 'seconds': 38}",-3,2,31,69,1,10,0,False,Pass Incompletion,Jake Merklinger pass incomplete to Tommy Winton III,-0.8947814664467213,2025-09-20T19:47:05.000Z
401752715,40175271524,401752715104917001,24,4,Tennessee,SEC,56,UAB,American Athletic,17,Tennessee,UAB,4,"{'minutes': 8, 'seconds': 29}",-3,2,31,69,2,10,0,False,Rush,Justin Baker run for no gain to the TENN 31,-0.48647765014911126,2025-09-20T19:47:50.000Z
401752715,40175271524,401752715104925701,24,6,Tennessee,SEC,56,UAB,American Athletic,17,Tennessee,UAB,4,"{'minutes': 7, 'seconds': 42}",-3,2,36,64,3,5,0,False,Pass Incompletion,Jake Merklinger pass incomplete to Joakim Dodson,-0.5147129574042966,2025-09-20T19:48:58.000Z
401752715,40175271525,401752715104926402,25,1,UAB,American Athletic,17,Tennessee,SEC,56,Tennessee,UAB,4,"{'minutes': 7, 'seconds': 35}",2,-4,70,70,1,10,0,False,Timeout,"Timeout Tennessee, clock 07:35",,2025-09-20T19:33:37.000Z
401752715,40175271525,401752715104946601,25,6,UAB,American Athletic,17,Tennessee,SEC,56,Tennessee,UAB,4,"{'minutes': 5, 'seconds': 33}",1,-4,62,62,4,2,0,False,Timeout,"Timeout UAB, clock 05:33",,2025-09-20T19:33:37.000Z
401752715,40175271525,401752715104979902,25,14,UAB,American Athletic,17,Tennessee,SEC,56,Tennessee,UAB,4,"{'minutes': 2, 'seconds': 0}",1,-5,26,26,2,7,0,False,Timeout,"Timeout Tennessee, clock 02:00",,2025-09-20T20:01:10.000Z
401752715,40175271525,401752715104927801,25,2,UAB,American Athletic,17,Tennessee,SEC,56,Tennessee,UAB,4,"{'minutes': 7, 'seconds': 21}",2,-4,82,82,1,10,12,False,Pass Reception,Jalen Kitna pass complete to Brandon Hawkins Jr. for 12 yds to the UAB 30 for a 1ST down,0.7955117303885073,2025-09-20T19:53:03.000Z
401752715,40175271525,401752715104929601,25,3,UAB,American Athletic,17,Tennessee,SEC,56,Tennessee,UAB,4,"{'minutes': 7, 'seconds': 3}",2,-4,70,70,1,10,5,False,Rush,Isaiah Jacobs run for 5 yds to the UAB 35,0.1029188553265588,2025-09-20T19:53:27.000Z
401752715,40175271525,401752715104936301,25,4,UAB,American Athletic,17,Tennessee,SEC,56,Tennessee,UAB,4,"{'minutes': 6, 'seconds': 36}",2,-4,65,65,2,5,4,False,Rush,Isaiah Jacobs run for 4 yds to the UAB 39,-0.1427874925126104,2025-09-20T19:54:04.000Z
401752715,40175271525,401752715104939801,25,5,UAB,American Athletic,17,Tennessee,SEC,56,Tennessee,UAB,4,"{'minutes': 6, 'seconds': 1}",2,-4,61,61,3,1,-1,False,Rush,Jevon Jackson run for a loss of 1 yard to the UAB 38,-0.9838826136733926,2025-09-20T19:54:41.000Z
401752715,40175271525,401752715104948301,25,7,UAB,American Athletic,17,Tennessee,SEC,56,Tennessee,UAB,4,"{'minutes': 5, 'seconds': 16}",1,-4,62,62,4,2,4,False,Pass Reception,Jalen Kitna pass complete to Isaiah Jacobs for 4 yds to the UAB 42 for a 1ST down,2.154834557724472,2025-09-20T19:33:37.000Z
401752715,40175271525,401752715104955401,25,8,UAB,American Athletic,17,Tennessee,SEC,56,Tennessee,UAB,4,"{'minutes': 4, 'seconds': 45}",1,-4,58,58,1,10,3,False,Pass Reception,Jalen Kitna pass complete to Solomon Beebe for 3 yds to the UAB 45,-0.4325374473860535,2025-09-20T19:33:37.000Z
401752715,40175271525,401752715104959901,25,9,UAB,American Athletic,17,Tennessee,SEC,56,Tennessee,UAB,4,"{'minutes': 4, 'seconds': 0}",1,-4,55,55,2,7,7,False,Pass Reception,Jalen Kitna pass complete to Iverson Hooks for 7 yds to the TENN 48 for a 1ST down,1.308006823145412,2025-09-20T19:58:06.000Z
401752715,40175271525,401752715104966901,25,10,UAB,American Athletic,17,Tennessee,SEC,56,Tennessee,UAB,4,"{'minutes': 3, 'seconds': 30}",1,-4,48,48,1,10,5,False,Pass Reception,Jalen Kitna pass complete to Isaiah Jacobs for 5 yds to the TENN 43,0.0988833853941654,2025-09-20T19:58:18.000Z
401752715,40175271525,401752715104969301,25,11,UAB,American Athletic,17,Tennessee,SEC,56,Tennessee,UAB,4,"{'minutes': 3, 'seconds': 6}",1,-4,43,43,2,5,4,False,Pass Reception,Jalen Kitna pass complete to Isaiah Jacobs for 4 yds to the TENN 39,-0.1296549064518244,2025-09-20T20:00:05.000Z
401752715,40175271525,401752715104977001,25,12,UAB,American Athletic,17,Tennessee,SEC,56,Tennessee,UAB,4,"{'minutes': 2, 'seconds': 29}",1,-4,39,39,3,1,10,False,Pass Reception,Jalen Kitna pass complete to Brandon Hawkins Jr. for 10 yds to the TENN 29 for a 1ST down,0.928704172739504,2025-09-20T20:00:39.000Z
401752715,40175271525,401752715104979901,25,13,UAB,American Athletic,17,Tennessee,SEC,56,Tennessee,UAB,4,"{'minutes': 2, 'seconds': 0}",1,-4,29,29,1,10,3,False,Pass Reception,Jalen Kitna pass complete to Iverson Hooks for 3 yds to the TENN 26,-0.165753158468877,2025-09-20T20:01:10.000Z
401752715,40175271525,401752715104984501,25,15,UAB,American Athletic,17,Tennessee,SEC,56,Tennessee,UAB,4,"{'minutes': 1, 'seconds': 54}",1,-5,26,26,2,7,6,False,Rush,Isaiah Jacobs run for 6 yds to the TENN 20,0.197544677491169,2025-09-20T20:04:32.000Z
401752715,40175271525,401752715104988401,25,16,UAB,American Athletic,17,Tennessee,SEC,56,Tennessee,UAB,4,"{'minutes': 1, 'seconds': 15}",1,-5,20,20,3,1,19,False,Pass Reception,Jalen Kitna pass complete to Xavier Daisy for 19 yds to the TENN 1 for a 1ST down,1.818488390455377,2025-09-20T20:05:21.000Z
401752715,40175271525,401752715104995101,25,17,UAB,American Athletic,24,Tennessee,SEC,56,Tennessee,UAB,4,"{'minutes': 0, 'seconds': 48}",1,-5,1,1,1,1,1,True,Rushing Touchdown,Isaiah Jacobs run for 1 yd for a TD (Jonah Delange KICK),0.938021275120443,2025-09-20T20:05:43.000Z
401752715,40175271526,401752715104995103,26,1,UAB,American Athletic,24,Tennessee,SEC,56,Tennessee,UAB,4,"{'minutes': 0, 'seconds': 48}",1,-5,65,65,1,10,0,False,Kickoff,Owen Simpson kickoff for 65 yds for a touchback,,2025-09-20T20:06:13.000Z
401752715,40175271526,401752715104999902,26,6,Tennessee,SEC,56,UAB,American Athletic,24,Tennessee,UAB,4,"{'minutes': 0, 'seconds': 0}",-5,1,85,15,0,10,-4,False,End of Game,End of 4th Quarter,,2025-09-20T20:10:23.000Z
401752715,40175271526,401752715104996001,26,2,Tennessee,SEC,56,UAB,American Athletic,24,Tennessee,UAB,4,"{'minutes': 0, 'seconds': 39}",-5,1,25,75,1,10,19,False,Rush,Daune Morris run for 19 yds to the TENN 44 for a 1ST down,1.7075723383420156,2025-09-20T20:09:01.000Z
401752715,40175271526,401752715104998001,26,3,Tennessee,SEC,56,UAB,American Athletic,24,Tennessee,UAB,4,"{'minutes': 0, 'seconds': 19}",-5,1,44,56,1,10,41,False,Pass Reception,Jake Merklinger pass complete to Braylon Harmon for 41 yds to the UAB 15 for a 1ST down,1.811983691814223,2025-09-20T20:09:30.000Z
401752715,40175271526,401752715104999701,26,4,Tennessee,SEC,56,UAB,American Athletic,24,Tennessee,UAB,4,"{'minutes': 0, 'seconds': 2}",-5,1,85,15,1,10,0,False,Pass Incompletion,Jake Merklinger pass incomplete to Braylon Harmon,-0.320977659489319,2025-09-20T20:09:41.000Z
401752715,40175271526,401752715104999901,26,5,Tennessee,SEC,56,UAB,American Athletic,24,Tennessee,UAB,4,"{'minutes': 0, 'seconds': 0}",-5,1,85,15,2,10,-4,False,Rush,(00:01) Kneel down by Tennessee at UAB19 for loss of 4 yards.,-0.824856440111299,2025-09-20T20:10:23.000Z
401752715,4017527153,401752715101887901,3,1,Tennessee,SEC,7,UAB,American Athletic,0,Tennessee,UAB,1,"{'minutes': 11, 'seconds': 20}",2,3,50,50,1,10,11,False,Pass Reception,Joey Aguilar pass complete to Chris Brazzell II for 11 yds to the UAB 39 for a 1ST down,0.700973377189822,2025-09-20T17:02:32.000Z
401752715,4017527153,401752715101889401,3,2,Tennessee,SEC,14,UAB,American Athletic,0,Tennessee,UAB,1,"{'minutes': 11, 'seconds': 5}",2,3,61,39,1,10,39,True,Passing Touchdown,Joey Aguilar pass complete to Mike Matthews for 39 yds for a TD (Max Gilbert KICK),3.140438554931551,2025-09-20T17:02:53.000Z
401762476,4017624761,401762476101854601,1,1,Army,American Athletic,0,UAB,American Athletic,0,UAB,Army,1,"{'minutes': 14, 'seconds': 53}",3,3,65,65,1,10,28,False,Kickoff Return (Offense),"Anderson Britton kickoff for 59 yds , Solomon Beebe return for 28 yds to the UAB 34",,2025-10-04T16:08:49.000Z
401762476,4017624761,401762476101907801,1,13,UAB,American Athletic,0,Army,American Athletic,0,UAB,Army,1,"{'minutes': 9, 'seconds': 21}",3,3,74,26,4,13,44,False,Blocked Field Goal,Jonah Delange 44 yd FG BLOCKED blocked by Jack Bousum,,2025-10-04T16:16:07.000Z
401762476,4017624761,401762476101907802,1,14,UAB,American Athletic,0,Army,American Athletic,0,UAB,Army,1,"{'minutes': 9, 'seconds': 21}",3,3,74,26,4,13,44,False,Blocked Field Goal,Jonah Delange 44 yd FG BLOCKED blocked by Jack Bousum,,2025-10-04T16:16:07.000Z
401762476,4017624761,401762476101855101,1,2,UAB,American Athletic,0,Army,American Athletic,0,UAB,Army,1,"{'minutes': 14, 'seconds': 48}",3,3,34,66,1,10,0,False,Pass Incompletion,Jalen Kitna pass incomplete to Iverson Hooks,-0.9864556271674072,2025-10-04T16:09:12.000Z
401762476,4017624761,401762476101856201,1,3,UAB,American Athletic,0,Army,American Athletic,0,UAB,Army,1,"{'minutes': 14, 'seconds': 37}",3,3,34,66,2,10,8,False,Pass Reception,Jalen Kitna pass complete to Xavier Daisy for 8 yds to the UAB 42,0.6799318979639768,2025-10-04T16:09:49.000Z
401762476,4017624761,401762476101859101,1,4,UAB,American Athletic,0,Army,American Athletic,0,UAB,Army,1,"{'minutes': 14, 'seconds': 8}",3,3,42,58,3,2,13,False,Pass Reception,Jalen Kitna pass complete to Xavier Daisy for 13 yds to the ARMY 45 for a 1ST down,2.1667790338659767,2025-10-04T16:10:17.000Z
401762476,4017624761,401762476101865101,1,5,UAB,American Athletic,0,Army,American Athletic,0,UAB,Army,1,"{'minutes': 13, 'seconds': 48}",3,3,55,45,1,10,4,False,Rush,Jevon Jackson run for 4 yds to the ARMY 41,-0.1162027181056828,2025-10-04T16:10:36.000Z
401762476,4017624761,401762476101868201,1,6,UAB,American Athletic,0,Army,American Athletic,0,UAB,Army,1,"{'minutes': 13, 'seconds': 17}",3,3,59,41,2,6,7,False,Rush,Jevon Jackson run for 7 yds to the ARMY 34 for a 1ST down,0.6559906422590808,2025-10-04T16:11:07.000Z
401762476,4017624761,401762476101876201,1,7,UAB,American Athletic,0,Army,American Athletic,0,UAB,Army,1,"{'minutes': 12, 'seconds': 37}",3,3,66,34,1,10,-2,False,Rush,Jevon Jackson run for a loss of 2 yards to the ARMY 36,-1.0093112073139319,2025-10-04T16:11:53.000Z
401762476,4017624761,401762476101879601,1,8,UAB,American Athletic,0,Army,American Athletic,0,UAB,Army,1,"{'minutes': 12, 'seconds': 3}",3,3,64,36,2,12,4,False,Pass Reception,Jalen Kitna pass complete to Kaleb Brown for 4 yds to the ARMY 32,-0.1346004258176682,2025-10-04T16:12:28.000Z
401762476,4017624761,401762476101887201,1,9,UAB,American Athletic,0,Army,American Athletic,0,UAB,Army,1,"{'minutes': 11, 'seconds': 27}",3,3,68,32,3,8,9,False,Pass Reception,Jalen Kitna pass complete to Brandon Hawkins Jr. for 9 yds to the ARMY 23 for a 1ST down,1.4166601159740415,2025-10-04T16:13:01.000Z
401762476,4017624761,401762476101895201,1,10,UAB,American Athletic,0,Army,American Athletic,0,UAB,Army,1,"{'minutes': 10, 'seconds': 47}",3,3,77,23,1,10,0,False,Pass Incompletion,Jalen Kitna pass incomplete to Antonio Ferguson,-0.4181180581276075,2025-10-04T16:13:37.000Z
401762476,4017624761,401762476101895901,1,11,UAB,American Athletic,0,Army,American Athletic,0,UAB,Army,1,"{'minutes': 10, 'seconds': 40}",3,3,77,23,2,10,-7,False,Sack,Jalen Kitna sacked by Cole Searight for a loss of 7 yards to the ARMY 30,-1.8361966128324505,2025-10-04T16:14:14.000Z
401762476,4017624761,401762476101899701,1,12,UAB,American Athletic,0,Army,American Athletic,0,UAB,Army,1,"{'minutes': 10, 'seconds': 2}",3,3,70,30,3,17,4,False,Pass Reception,Jalen Kitna pass complete to Brandon Hawkins Jr. for 4 yds to the ARMY 26,-0.1654307888657325,2025-10-04T16:14:59.000Z
401762476,4017624762,401762476101988401,2,14,Army,American Athletic,0,UAB,American Athletic,0,UAB,Army,1,"{'minutes': 1, 'seconds': 15}",3,3,14,14,1,10,-5,False,Penalty,"PENALTY ARM False Start (Poloskey,Parker) 5 yards from UAB14 to UAB19. NO PLAY.",,2025-10-04T16:31:16.000Z
401762476,4017624762,401762476101999902,2,17,Army,American Athletic,0,UAB,American Athletic,0,UAB,Army,1,"{'minutes': 0, 'seconds': 0}",3,3,19,19,0,15,7,False,End Period,End of 1st Quarter,,2025-10-04T16:32:52.000Z
401762476,4017624762,401762476101974201,2,11,Army,American Athletic,0,UAB,American Athletic,0,UAB,Army,1,"{'minutes': 2, 'seconds': 57}",3,3,34,34,1,10,0,False,Rush,Noah Short run for no gain to the UAB 34,-0.6630222646782312,2025-10-04T16:29:34.000Z
401762476,4017624762,401762476101908301,2,1,Army,American Athletic,0,UAB,American Athletic,0,UAB,Army,1,"{'minutes': 9, 'seconds': 16}",3,3,74,74,1,10,3,False,Rush,Hayden Reed run for 3 yds to the ARMY 29,-0.30809127134716,2025-10-04T16:19:43.000Z
401762476,4017624762,401762476101915701,2,2,Army,American Athletic,0,UAB,American Athletic,0,UAB,Army,1,"{'minutes': 8, 'seconds': 42}",3,3,71,71,2,7,3,False,Rush,Dewayne Coleman run for 3 yds to the ARMY 32,-0.25057401342944446,2025-10-04T16:20:06.000Z
401762476,4017624762,401762476101919801,2,3,Army,American Athletic,0,UAB,American Athletic,0,UAB,Army,1,"{'minutes': 8, 'seconds': 1}",3,3,68,68,3,4,6,False,Rush,Hayden Reed run for 6 yds to the ARMY 38 for a 1ST down,1.6124379565580798,2025-10-04T16:20:50.000Z
401762476,4017624762,401762476101927801,2,4,Army,American Athletic,0,UAB,American Athletic,0,UAB,Army,1,"{'minutes': 7, 'seconds': 21}",3,3,62,62,1,10,2,False,Rush,Noah Short run for 2 yds to the ARMY 40,-0.6656376494811928,2025-10-04T16:21:28.000Z
401762476,4017624762,401762476101935601,2,5,Army,American Athletic,0,UAB,American Athletic,0,UAB,Army,1,"{'minutes': 6, 'seconds': 43}",3,3,60,60,2,8,6,False,Rush,Carson Smith run for 6 yds to the ARMY 46,0.3366399995161764,2025-10-04T16:22:04.000Z
401762476,4017624762,401762476101939701,2,6,Army,American Athletic,0,UAB,American Athletic,0,UAB,Army,1,"{'minutes': 6, 'seconds': 2}",3,3,54,54,3,2,10,False,Rush,Hayden Reed run for 10 yds to the UAB 44 for a 1ST down,1.8691189331344855,2025-10-04T16:22:48.000Z
401762476,4017624762,401762476101947801,2,7,Army,American Athletic,0,UAB,American Athletic,0,UAB,Army,1,"{'minutes': 5, 'seconds': 21}",3,3,44,44,1,10,3,False,Rush,Hayden Reed run for 3 yds to the UAB 41,-0.3178831342797892,2025-10-04T16:23:27.000Z
401762476,4017624762,401762476101956101,2,8,Army,American Athletic,0,UAB,American Athletic,0,UAB,Army,1,"{'minutes': 4, 'seconds': 38}",3,3,41,41,2,7,2,False,Rush,Dewayne Coleman run for 2 yds to the UAB 39,-0.5797879244568735,2025-10-04T16:24:21.000Z
401762476,4017624762,401762476101964301,2,9,Army,American Athletic,0,UAB,American Athletic,0,UAB,Army,1,"{'minutes': 3, 'seconds': 56}",3,3,39,39,3,5,3,False,Rush,Dewayne Coleman run for 3 yds to the UAB 36,-0.392199639437763,2025-10-04T16:24:51.000Z
401762476,4017624762,401762476101968701,2,10,Army,American Athletic,0,UAB,American Athletic,0,UAB,Army,1,"{'minutes': 3, 'seconds': 12}",3,3,36,36,4,2,2,False,Rush,Dewayne Coleman run for 2 yds to the UAB 34 for a 1ST down,1.766026894770777,2025-10-04T16:27:29.000Z
401762476,4017624762,401762476101978201,2,12,Army,American Athletic,0,UAB,American Athletic,0,UAB,Army,1,"{'minutes': 2, 'seconds': 17}",3,3,34,34,2,10,3,False,Rush,Briggs Bartosh run for 3 yds to the UAB 31,-0.2916591504294015,2025-10-04T16:30:01.000Z
401762476,4017624762,401762476101985701,2,13,Army,American Athletic,0,UAB,American Athletic,0,UAB,Army,1,"{'minutes': 1, 'seconds': 42}",3,3,31,31,3,7,17,False,Rush,Noah Short run for 17 yds to the UAB 14 for a 1ST down,1.3431244008422212,2025-10-04T16:30:39.000Z
401762476,4017624762,401762476101995301,2,15,Army,American Athletic,0,UAB,American Athletic,0,UAB,Army,1,"{'minutes': 0, 'seconds': 46}",3,3,19,19,1,15,0,False,Rush,Dewayne Coleman run for no gain to the UAB 19,-0.3365625688757245,2025-10-04T16:31:55.000Z
401762476,4017624762,401762476101999901,2,16,Army,American Athletic,0,UAB,American Athletic,0,UAB,Army,1,"{'minutes': 0, 'seconds': 0}",3,3,19,19,2,15,7,False,Pass Reception,Dewayne Coleman pass complete to Samari Howard for 7 yds to the UAB 12,0.1917998948873105,2025-10-04T16:32:52.000Z
401762476,4017624762,401762476102854501,2,18,Army,American Athletic,0,UAB,American Athletic,0,UAB,Army,2,"{'minutes': 14, 'seconds': 54}",3,3,12,12,3,8,7,False,Rush,Noah Short run for 7 yds to the UAB 5,0.185738825106915,2025-10-04T16:36:47.000Z
401762476,4017624762,401762476102857401,2,19,Army,American Athletic,0,UAB,American Athletic,0,UAB,Army,2,"{'minutes': 14, 'seconds': 25}",3,3,5,5,4,1,2,False,Rush,Dewayne Coleman run for 2 yds to the UAB 3 for a 1ST down,1.389120411169641,2025-10-04T16:37:35.000Z
401762476,4017624762,401762476102865201,2,20,Army,American Athletic,7,UAB,American Athletic,0,UAB,Army,2,"{'minutes': 13, 'seconds': 47}",3,3,3,3,1,3,3,True,Rushing Touchdown,Hayden Reed run for 3 yds for a TD (Dawson Jones KICK),1.464451732731337,2025-10-04T16:37:59.000Z
401762476,4017624763,401762476102865203,3,1,Army,American Athletic,7,UAB,American Athletic,0,UAB,Army,2,"{'minutes': 13, 'seconds': 47}",3,3,65,65,1,10,0,False,Kickoff,Anderson Britton kickoff for 65 yds for a touchback,,2025-10-04T16:37:59.000Z
401762476,4017624763,401762476102869602,3,3,UAB,American Athletic,0,Army,American Athletic,7,UAB,Army,2,"{'minutes': 13, 'seconds': 3}",3,3,26,74,2,9,-10,False,Penalty,"(13:15) No Huddle-Shotgun Beebe,Solomon rush left for 12 yards gain to the UAB38 (Shields,Gavin) PENALTY UAB Holding (Lepkowski,Adam) 10 yards from UAB26 to UAB16. NO PLAY.",,2025-10-04T16:46:01.000Z
401762476,4017624763,401762476102878601,3,6,UAB,American Athletic,0,Army,American Athletic,7,UAB,Army,2,"{'minutes': 12, 'seconds': 13}",3,3,22,78,4,13,-5,False,Penalty,PENALTY UAB False Start 5 yards from UAB22 to UAB17. NO PLAY.,,2025-10-04T16:48:09.000Z
401762476,4017624763,401762476102879701,3,7,UAB,American Athletic,0,Army,American Athletic,7,UAB,Army,2,"{'minutes': 12, 'seconds': 2}",3,3,17,83,4,18,0,False,Punt,Patrick Foley punt for 44 yds,,2025-10-04T16:48:47.000Z
401762476,4017624763,401762476102865901,3,2,UAB,American Athletic,0,Army,American Athletic,7,UAB,Army,2,"{'minutes': 13, 'seconds': 40}",3,3,25,75,1,10,1,False,Rush,Jevon Jackson run for 1 yd to the UAB 26,-0.5874795431016855,2025-10-04T16:45:23.000Z
401762476,4017624763,401762476102876601,3,4,UAB,American Athletic,0,Army,American Athletic,7,UAB,Army,2,"{'minutes': 12, 'seconds': 33}",3,3,16,84,2,19,6,False,Rush,Isaiah Jacobs run for 6 yds to the UAB 22,0.0349509901832743,2025-10-04T16:47:05.000Z
401762476,4017624763,401762476102878301,3,5,UAB,American Athletic,0,Army,American Athletic,7,UAB,Army,2,"{'minutes': 12, 'seconds': 16}",3,3,22,78,3,13,0,False,Pass Incompletion,Jalen Kitna pass incomplete to Iverson Hooks,-0.09376798712265356,2025-10-04T16:47:20.000Z
401762476,4017624764,401762476102908101,4,5,Army,American Athletic,7,UAB,American Athletic,0,UAB,Army,2,"{'minutes': 9, 'seconds': 18}",3,3,37,37,1,10,-5,False,Penalty,"PENALTY ARM False Start (Gennarelli,Paolo) 5 yards from UAB37 to UAB42. NO PLAY.",,2025-10-04T16:54:39.000Z
401762476,4017624764,401762476102915002,4,6,Army,American Athletic,7,UAB,American Athletic,0,UAB,Army,2,"{'minutes': 8, 'seconds': 49}",3,3,42,42,1,15,-8,False,Penalty,"Army Penalty, Intentional Grounding (Dewayne Coleman) to the 50 yard line",,2025-10-04T16:55:19.000Z
401762476,4017624764,401762476102928001,4,9,Army,American Athletic,7,UAB,American Athletic,0,UAB,Army,2,"{'minutes': 7, 'seconds': 19}",3,3,38,38,4,11,0,False,Punt,James Wagenseller punt for 38 yds for a touchback,,2025-10-04T16:57:33.000Z
401762476,4017624764,401762476102884401,4,1,Army,American Athletic,7,UAB,American Athletic,0,UAB,Army,2,"{'minutes': 11, 'seconds': 55}",3,3,61,61,1,10,9,False,Rush,Hayden Reed run for 9 yds to the ARMY 48,1.3542745326053647,2025-10-04T16:51:54.000Z
401762476,4017624764,401762476102888001,4,2,Army,American Athletic,7,UAB,American Athletic,0,UAB,Army,2,"{'minutes': 11, 'seconds': 19}",3,3,52,52,2,1,4,False,Rush,Hayden Reed run for 4 yds to the UAB 48 for a 1ST down,-0.1854923324204557,2025-10-04T16:52:28.000Z
401762476,4017624764,401762476102895801,4,3,Army,American Athletic,7,UAB,American Athletic,0,UAB,Army,2,"{'minutes': 10, 'seconds': 41}",3,3,48,48,1,10,7,False,Rush,Noah Short run for 7 yds to the UAB 41,0.559881404072259,2025-10-04T16:53:09.000Z
401762476,4017624764,401762476102904501,4,4,Army,American Athletic,7,UAB,American Athletic,0,UAB,Army,2,"{'minutes': 9, 'seconds': 54}",3,3,41,41,2,3,4,False,Rush,Jake Rendina run for 4 yds to the UAB 37 for a 1ST down,0.0749438007309548,2025-10-04T16:53:53.000Z
401762476,4017624764,401762476102916701,4,7,Army,American Athletic,7,UAB,American Athletic,0,UAB,Army,2,"{'minutes': 8, 'seconds': 32}",3,3,50,50,2,23,10,False,Rush,David Clerk run for 10 yds to the UAB 40,0.9502317507136979,2025-10-04T16:56:23.000Z
401762476,4017624764,401762476102919601,4,8,Army,American Athletic,7,UAB,American Athletic,0,UAB,Army,2,"{'minutes': 8, 'seconds': 3}",3,3,40,40,3,13,2,False,Rush,Dewayne Coleman run for 2 yds to the UAB 38,-0.5487061580765946,2025-10-04T16:57:02.000Z
401762476,4017624765,401762476102934501,5,2,UAB,American Athletic,0,Army,American Athletic,7,UAB,Army,2,"{'minutes': 6, 'seconds': 54}",3,3,21,79,2,9,-5,False,Penalty,"PENALTY UAB False Start (Moore,Logan) 5 yards from UAB21 to UAB16. NO PLAY.",,2025-10-04T17:01:38.000Z
401762476,4017624765,401762476102937002,5,3,UAB,American Athletic,0,Army,American Athletic,7,UAB,Army,2,"{'minutes': 6, 'seconds': 29}",3,3,16,84,2,14,-8,False,Penalty,"(06:37) No Huddle-Shotgun Kitna,Jalen pass incomplete short right to Hooks,Iverson thrown to UAB32 QB hurried by Tuioti,Jacob PENALTY UAB Holding (Lepkowski,Adam) 8 yards from UAB16 to UAB08. NO PLAY.",,2025-10-04T17:03:11.000Z
401762476,4017624765,401762476102947201,5,6,UAB,American Athletic,0,Army,American Athletic,7,UAB,Army,2,"{'minutes': 5, 'seconds': 27}",3,3,15,85,4,15,0,False,Punt,"Patrick Foley punt for 39 yds , Lloyd Benson III returns for no gain to the ARMY 44 Lloyd Benson III fumbled, recovered by ARMY Jaylen Jones",,2025-10-04T17:07:05.000Z
401762476,4017624765,401762476102929201,5,1,UAB,American Athletic,0,Army,American Athletic,7,UAB,Army,2,"{'minutes': 7, 'seconds': 7}",3,3,20,80,1,10,1,False,Pass Reception,Jalen Kitna pass complete to Solomon Beebe for 1 yd to the UAB 21,-0.46882789768185695,2025-10-04T17:01:05.000Z
401762476,4017624765,401762476102938001,5,4,UAB,American Athletic,0,Army,American Athletic,7,UAB,Army,2,"{'minutes': 6, 'seconds': 19}",3,3,8,92,2,22,0,False,Pass Incompletion,Jalen Kitna pass incomplete to Iverson Hooks,-0.0306238565616397,2025-10-04T17:03:45.000Z
401762476,4017624765,401762476102939401,5,5,UAB,American Athletic,0,Army,American Athletic,7,UAB,Army,2,"{'minutes': 6, 'seconds': 5}",3,3,8,92,3,22,7,False,Pass Reception,Jalen Kitna pass complete to Elijah Lagg for 7 yds to the UAB 15,0.0123305255000563,2025-10-04T17:05:33.000Z
401762476,4017624766,401762476102947901,6,1,Army,American Athletic,7,UAB,American Athletic,0,UAB,Army,2,"{'minutes': 5, 'seconds': 20}",3,3,56,56,1,10,5,False,Rush,Briggs Bartosh run for 5 yds to the ARMY 49,0.1087719603915716,2025-10-04T17:07:46.000Z
401762476,4017624766,401762476102955102,6,2,Army,American Athletic,7,UAB,American Athletic,0,UAB,Army,2,"{'minutes': 4, 'seconds': 48}",3,3,51,51,2,5,-15,False,Penalty,"(04:55) Hellums,Cale rush left for 14 yards gain to the UAB37 (Fisher,Perry) PENALTY ARM Personal Foul (Williams,Teddy) 15 yards from ARM49 to ARM34. NO PLAY.",,2025-10-04T17:08:21.000Z
401762476,4017624766,401762476102957701,6,3,Army,American Athletic,7,UAB,American Athletic,0,UAB,Army,2,"{'minutes': 4, 'seconds': 22}",3,3,66,66,2,20,4,False,Rush,Cale Hellums run for 4 yds to the ARMY 38,-0.05108738494364928,2025-10-04T17:09:27.000Z
401762476,4017624766,401762476102965901,6,4,Army,American Athletic,7,UAB,American Athletic,0,UAB,Army,2,"{'minutes': 3, 'seconds': 40}",3,3,62,62,3,16,5,False,Penalty,"Army Penalty, Offensive Holding (Yards) declined",,2025-10-04T17:10:10.000Z
401762476,4017624766,401762476102969101,6,5,Army,American Athletic,7,UAB,American Athletic,0,UAB,Army,2,"{'minutes': 3, 'seconds': 8}",3,3,57,57,4,11,0,False,Punt,"James Wagenseller punt for 47 yds, fair catch by Kaleb Brown at the UAB 10",,2025-10-04T17:11:11.000Z
401762476,4017624767,401762476102985103,7,5,UAB,American Athletic,0,Army,American Athletic,7,UAB,Army,2,"{'minutes': 1, 'seconds': 48}",3,3,85,15,1,10,-10,False,Penalty,"(01:52) Shotgun Rogers,Nate rush left for 4 yards gain to the ARM11 (Fortner,Kalib) PENALTY UAB Holding (Sneh,Brandon) 10 yards from ARM15 to ARM25. NO PLAY.",,2025-10-04T17:17:43.000Z
401762476,4017624767,401762476102987902,7,9,UAB,American Athletic,0,Army,American Athletic,7,UAB,Army,2,"{'minutes': 1, 'seconds': 20}",3,2,99,1,1,1,0,False,Timeout,"Timeout Army, clock 01:20",,2025-10-04T17:21:19.000Z
401762476,4017624767,401762476102974001,7,1,UAB,American Athletic,0,Army,American Athletic,7,UAB,Army,2,"{'minutes': 2, 'seconds': 59}",3,3,10,90,1,10,26,False,Rush,Jevon Jackson run for 26 yds to the UAB 36 for a 1ST down,1.6466516453618736,2025-10-04T17:12:08.000Z
401762476,4017624767,401762476102976501,7,2,UAB,American Athletic,0,Army,American Athletic,7,UAB,Army,2,"{'minutes': 2, 'seconds': 34}",3,3,36,64,1,10,2,False,Rush,Jevon Jackson run for 2 yds to the UAB 38,-0.6439997383019928,2025-10-04T17:12:38.000Z
401762476,4017624767,401762476102979801,7,3,UAB,American Athletic,0,Army,American Athletic,7,UAB,Army,2,"{'minutes': 2, 'seconds': 1}",3,3,38,62,2,8,0,False,Pass Incompletion,Jalen Kitna pass incomplete to Brandon Hawkins Jr.,-0.8054878366661029,2025-10-04T17:13:02.000Z
401762476,4017624767,401762476102984601,7,4,UAB,American Athletic,0,Army,American Athletic,7,UAB,Army,2,"{'minutes': 1, 'seconds': 53}",3,3,38,62,3,8,47,False,Pass Reception,Jalen Kitna pass complete to Iverson Hooks for 47 yds to the ARMY 15 for a 1ST down,4.038481093178344,2025-10-04T17:14:06.000Z
401762476,4017624767,401762476102987002,7,6,UAB,American Athletic,0,Army,American Athletic,7,UAB,Army,2,"{'minutes': 1, 'seconds': 29}",3,3,75,25,1,20,6,False,Rush,Jevon Jackson run for 6 yds to the ARMY 19,0.117180469633233,2025-10-04T17:18:23.000Z
401762476,4017624767,401762476102987101,7,7,UAB,American Athletic,0,Army,American Athletic,7,UAB,Army,2,"{'minutes': 1, 'seconds': 28}",3,3,81,19,2,14,0,False,Pass Incompletion,Jalen Kitna pass incomplete to Kaleb Brown,-0.5249899017269206,2025-10-04T17:19:43.000Z
401762476,4017624767,401762476102987901,7,8,UAB,American Athletic,0,Army,American Athletic,7,UAB,Army,2,"{'minutes': 1, 'seconds': 20}",3,3,81,19,3,14,18,False,Pass Reception,Jalen Kitna pass complete to Antonio Ferguson for 18 yds to the ARMY 1 for a 1ST down,2.766011914045258,2025-10-04T17:20:28.000Z
401762476,4017624767,401762476102988301,7,10,UAB,American Athletic,7,Army,American Athletic,7,UAB,Army,2,"{'minutes': 1, 'seconds': 16}",3,2,99,1,1,1,1,True,Passing Touchdown,Jalen Kitna pass complete to Xavier Daisy for 1 yd for a TD (Jonah Delange KICK),0.938021275120443,2025-10-04T17:21:37.000Z
401762476,4017624768,401762476102988901,8,1,UAB,American Athletic,7,Army,American Athletic,7,UAB,Army,2,"{'minutes': 1, 'seconds': 10}",3,2,35,65,1,10,20,False,Kickoff Return (Offense),"Owen Simpson kickoff for 54 yds , Lloyd Benson III return for 20 yds to the ARMY 31",,2025-10-04T17:23:37.000Z
401762476,4017624768,401762476102995502,8,3,Army,American Athletic,7,UAB,American Athletic,7,UAB,Army,2,"{'minutes': 0, 'seconds': 44}",2,3,64,64,2,5,10,False,Penalty,"(00:47) No Huddle-Shotgun Hellums,Cale pass incomplete short right to Olawole,Tobi thrown to UAB45 QB hurried by Morrison,Amorie PENALTY UAB Holding (McDaniel,T'sai) 10 yards from ARM36 to ARM46, 1ST DOWN. NO PLAY.",,2025-10-04T17:24:37.000Z
401762476,4017624768,401762476102998801,8,7,Army,American Athletic,7,UAB,American Athletic,7,UAB,Army,2,"{'minutes': 0, 'seconds': 11}",1,3,32,32,4,1,0,False,Timeout,"Timeout Army, clock 00:11",,2025-10-04T16:36:47.000Z
401762476,4017624768,401762476102999701,8,11,Army,American Athletic,10,UAB,American Athletic,7,UAB,Army,2,"{'minutes': 0, 'seconds': 2}",1,3,29,29,2,10,45,True,Field Goal Good,Dawson Jones 45 yd FG GOOD,,2025-10-04T17:30:05.000Z
401762476,4017624768,401762476102999702,8,12,Army,American Athletic,7,UAB,American Athletic,7,UAB,Army,2,"{'minutes': 0, 'seconds': 2}",1,3,65,65,1,10,-15,False,Penalty,"PENALTY ARM UNR: Unnecessary Roughness (Parks,Lane) 15 yards from ARM35 to ARM20. NO PLAY.",,2025-10-04T17:30:05.000Z
401762476,4017624768,401762476102999903,8,13,Army,American Athletic,10,UAB,American Athletic,7,UAB,Army,2,"{'minutes': 0, 'seconds': 0}",1,3,80,80,0,10,0,False,End of Half,End of 2nd Quarter,,2025-10-04T17:32:31.000Z
401762476,4017624768,401762476102994001,8,2,Army,American Athletic,7,UAB,American Athletic,7,UAB,Army,2,"{'minutes': 0, 'seconds': 59}",2,3,69,69,1,10,5,False,Rush,Cale Hellums run for 5 yds to the ARMY 36,0.1043573190685727,2025-10-04T17:24:22.000Z
401762476,4017624768,401762476102996401,8,4,Army,American Athletic,7,UAB,American Athletic,7,UAB,Army,2,"{'minutes': 0, 'seconds': 35}",2,3,54,54,1,10,13,False,Rush,Cale Hellums run for 13 yds to the UAB 41 for a 1ST down,0.9443779117886886,2025-10-04T17:25:35.000Z
401762476,4017624768,401762476102997401,8,5,Army,American Athletic,7,UAB,American Athletic,7,UAB,Army,2,"{'minutes': 0, 'seconds': 25}",2,3,41,41,1,10,5,False,Rush,Cale Hellums run for 5 yds to the UAB 36,0.0885892770886229,2025-10-04T17:26:10.000Z
401762476,4017624768,401762476102998201,8,6,Army,American Athletic,7,UAB,American Athletic,7,UAB,Army,2,"{'minutes': 0, 'seconds': 17}",2,3,36,36,2,5,0,False,Pass Incompletion,Cale Hellums pass incomplete to Parker Poloskey,-0.8978390125055055,2025-10-04T17:26:21.000Z
401762476,4017624768,401762476102999001,8,8,Army,American Athletic,7,UAB,American Athletic,7,UAB,Army,2,"{'minutes': 0, 'seconds': 9}",1,3,36,36,3,5,4,False,Rush,Cale Hellums run for 4 yds to the UAB 32,-0.1453550476607306,2025-10-04T17:28:03.000Z
401762476,4017624768,401762476102999201,8,9,Army,American Athletic,7,UAB,American Athletic,7,UAB,Army,2,"{'minutes': 0, 'seconds': 7}",1,3,32,32,4,1,3,False,Rush,Cale Hellums run for 3 yds to the UAB 29 for a 1ST down,1.4068232243760206,2025-10-04T17:29:25.000Z
401762476,4017624768,401762476102999401,8,10,Army,American Athletic,7,UAB,American Athletic,7,UAB,Army,2,"{'minutes': 0, 'seconds': 5}",1,3,29,29,1,10,0,False,Pass Incompletion,Cale Hellums pass incomplete,-0.534372502378378,2025-10-04T17:29:40.000Z
401762476,4017624769,401762476103874901,9,6,Army,American Athletic,10,UAB,American Athletic,7,UAB,Army,3,"{'minutes': 12, 'seconds': 50}",3,3,68,68,4,3,0,False,Punt,James Wagenseller punt for 43 yds,,2025-10-04T17:56:50.000Z
401762476,4017624769,401762476103849903,9,2,UAB,American Athletic,7,Army,American Athletic,10,UAB,Army,3,"{'minutes': 15, 'seconds': 0}",3,3,35,65,1,10,0,False,Kickoff,Owen Simpson kickoff for 65 yds for a touchback,,2025-10-04T00:00:00.000Z
401762476,4017624769,401762476102999901,9,1,Army,American Athletic,10,UAB,American Athletic,7,UAB,Army,2,"{'minutes': 0, 'seconds': 0}",1,3,80,80,1,10,16,False,Kickoff Return (Offense),"Anderson Britton kickoff for 51 yds , Isaiah Jacobs return for 16 yds to the UAB 45",,2025-10-04T17:32:31.000Z
401762476,4017624769,401762476103854501,9,3,Army,American Athletic,10,UAB,American Athletic,7,UAB,Army,3,"{'minutes': 14, 'seconds': 54}",3,3,75,75,1,10,4,False,Rush,Hayden Reed run for 4 yds to the ARMY 29,-0.1142886249388964,2025-10-04T17:54:36.000Z
401762476,4017624769,401762476103857901,9,4,Army,American Athletic,10,UAB,American Athletic,7,UAB,Army,3,"{'minutes': 14, 'seconds': 20}",3,3,71,71,2,6,2,False,Rush,Hayden Reed run for 2 yds to the ARMY 31,-0.4204436586168807,2025-10-04T17:55:07.000Z
401762476,4017624769,401762476103866001,9,5,Army,American Athletic,10,UAB,American Athletic,7,UAB,Army,3,"{'minutes': 13, 'seconds': 39}",3,3,69,69,3,4,1,False,Rush,Carson Smith run for 1 yd to the ARMY 32,-0.36836539096070187,2025-10-04T17:55:53.000Z
401762476,40176247610,401762476103899201,10,8,UAB,American Athletic,7,Army,American Athletic,10,UAB,Army,3,"{'minutes': 10, 'seconds': 7}",3,3,88,12,4,2,30,False,Field Goal Missed,Jonah Delange 30 yd FG MISSED,,2025-10-04T18:02:18.000Z
401762476,40176247610,401762476103875901,10,1,UAB,American Athletic,7,Army,American Athletic,10,UAB,Army,3,"{'minutes': 12, 'seconds': 40}",3,3,25,75,1,10,30,False,Rush,Jevon Jackson run for 30 yds to the ARMY 45 for a 1ST down,2.6012410346542536,2025-10-04T17:57:42.000Z
401762476,40176247610,401762476103877801,10,2,UAB,American Athletic,7,Army,American Athletic,10,UAB,Army,3,"{'minutes': 12, 'seconds': 21}",3,3,55,45,1,10,2,False,Rush,Isaiah Jacobs run for 2 yds to the ARMY 43,-0.548127712470997,2025-10-04T17:58:09.000Z
401762476,40176247610,401762476103886301,10,3,UAB,American Athletic,7,Army,American Athletic,10,UAB,Army,3,"{'minutes': 11, 'seconds': 36}",3,3,57,43,2,8,0,False,Pass Incompletion,Jalen Kitna pass incomplete to Antonio Ferguson,-1.0744871250513215,2025-10-04T17:58:48.000Z
401762476,40176247610,401762476103887501,10,4,UAB,American Athletic,7,Army,American Athletic,10,UAB,Army,3,"{'minutes': 11, 'seconds': 24}",3,3,57,43,3,8,23,False,Pass Reception,Jalen Kitna pass complete to Isaiah Jacobs for 23 yds to the ARMY 20 for a 1ST down,2.4812011935576876,2025-10-04T17:59:31.000Z
401762476,40176247610,401762476103895201,10,5,UAB,American Athletic,7,Army,American Athletic,10,UAB,Army,3,"{'minutes': 10, 'seconds': 47}",3,3,80,20,1,10,0,False,Pass Incompletion,Jalen Kitna pass incomplete,-0.374805786232315,2025-10-04T18:00:10.000Z
401762476,40176247610,401762476103896101,10,6,UAB,American Athletic,7,Army,American Athletic,10,UAB,Army,3,"{'minutes': 10, 'seconds': 38}",3,3,80,20,2,10,8,False,Rush,Jevon Jackson run for 8 yds to the ARMY 12,0.319847467186502,2025-10-04T18:01:05.000Z
401762476,40176247610,401762476103898701,10,7,UAB,American Athletic,7,Army,American Athletic,10,UAB,Army,3,"{'minutes': 10, 'seconds': 12}",3,3,88,12,3,2,0,False,Pass Incompletion,Jalen Kitna pass incomplete to Jevon Jackson,-0.4232783648780403,2025-10-04T18:01:37.000Z
401762476,40176247611,401762476103936702,11,7,Army,American Athletic,10,UAB,American Athletic,7,UAB,Army,3,"{'minutes': 6, 'seconds': 32}",3,3,16,16,1,10,5,False,Penalty,"(06:35) Hellums,Cale rush middle for 2 yards gain to the UAB14 (McDaniel,T'sai) PENALTY UAB Offside (Burge,Chris) 5 yards from UAB16 to UAB11. NO PLAY.",,2025-10-04T18:09:45.000Z
401762476,40176247611,401762476103905001,11,1,Army,American Athletic,10,UAB,American Athletic,7,UAB,Army,3,"{'minutes': 9, 'seconds': 49}",3,3,80,80,1,10,41,False,Pass Reception,Cale Hellums pass complete to Samari Howard for 41 yds to the UAB 39 for a 1ST down,3.245619240673552,2025-10-04T18:06:16.000Z
401762476,40176247611,401762476103908201,11,2,Army,American Athletic,10,UAB,American Athletic,7,UAB,Army,3,"{'minutes': 9, 'seconds': 17}",3,3,39,39,1,10,3,False,Rush,Cale Hellums run for 3 yds to the UAB 36,-0.2585563392598456,2025-10-04T18:06:45.000Z
401762476,40176247611,401762476103915501,11,3,Army,American Athletic,10,UAB,American Athletic,7,UAB,Army,3,"{'minutes': 8, 'seconds': 44}",3,3,36,36,2,7,6,False,Rush,Cale Hellums run for 6 yds to the UAB 30,0.2613128996473096,2025-10-04T18:07:14.000Z
401762476,40176247611,401762476103918601,11,4,Army,American Athletic,10,UAB,American Athletic,7,UAB,Army,3,"{'minutes': 8, 'seconds': 13}",3,3,30,30,3,1,3,False,Rush,Cale Hellums run for 3 yds to the UAB 27 for a 1ST down,0.396401153152601,2025-10-04T18:07:53.000Z
401762476,40176247611,401762476103926001,11,5,Army,American Athletic,10,UAB,American Athletic,7,UAB,Army,3,"{'minutes': 7, 'seconds': 39}",3,3,27,27,1,10,6,False,Rush,Carson Smith run for 6 yds to the UAB 21,0.2009551098411215,2025-10-04T18:08:23.000Z
401762476,40176247611,401762476103929601,11,6,Army,American Athletic,10,UAB,American Athletic,7,UAB,Army,3,"{'minutes': 7, 'seconds': 3}",3,3,21,21,2,4,5,False,Rush,Carson Smith run for 5 yds to the UAB 16 for a 1ST down,-0.0283969897420099,2025-10-04T18:08:54.000Z
401762476,40176247611,401762476103938401,11,8,Army,American Athletic,10,UAB,American Athletic,7,UAB,Army,3,"{'minutes': 6, 'seconds': 15}",3,3,11,11,1,5,2,False,Rush,Cale Hellums run for 2 yds to the UAB 9,-0.328265664750074,2025-10-04T18:13:15.000Z
401762476,40176247611,401762476103946101,11,9,Army,American Athletic,10,UAB,American Athletic,7,UAB,Army,3,"{'minutes': 5, 'seconds': 38}",3,3,9,9,2,3,4,False,Rush,Jake Rendina run for 4 yds to the UAB 5 for a 1ST down,0.378912580316374,2025-10-04T18:13:47.000Z
401762476,40176247611,401762476103948801,11,10,Army,American Athletic,17,UAB,American Athletic,7,UAB,Army,3,"{'minutes': 5, 'seconds': 11}",3,3,5,5,1,5,5,True,Rushing Touchdown,Cale Hellums run for 5 yds for a TD (Dawson Jones KICK),1.883780840558874,2025-10-04T18:14:12.000Z
401762476,40176247612,401762476103949601,12,1,Army,American Athletic,17,UAB,American Athletic,7,UAB,Army,3,"{'minutes': 5, 'seconds': 3}",3,3,65,65,1,10,27,False,Kickoff Return (Offense),"Anderson Britton kickoff for 64 yds , Solomon Beebe return for 27 yds to the UAB 28 Solomon Beebe fumbled, recovered by ARMY Anderson Britton",,2025-10-04T18:19:14.000Z
401762476,40176247612,401762476103974401,12,5,Army,American Athletic,17,UAB,American Athletic,7,UAB,Army,3,"{'minutes': 2, 'seconds': 55}",2,3,21,21,4,3,0,False,Timeout,"Timeout Army, clock 02:55",,2025-10-04T17:54:12.000Z
401762476,40176247612,401762476103954501,12,2,Army,American Athletic,17,UAB,American Athletic,7,UAB,Army,3,"{'minutes': 4, 'seconds': 54}",3,3,28,28,1,10,0,False,Rush,Cale Hellums run for no gain to the UAB 28,-0.512081873784803,2025-10-04T18:19:30.000Z
401762476,40176247612,401762476103957801,12,3,Army,American Athletic,17,UAB,American Athletic,7,UAB,Army,3,"{'minutes': 4, 'seconds': 21}",3,3,28,28,2,10,4,False,Rush,Noah Short run for 4 yds to the UAB 24,-0.0811757598633066,2025-10-04T18:20:06.000Z
401762476,40176247612,401762476103966201,12,4,Army,American Athletic,17,UAB,American Athletic,7,UAB,Army,3,"{'minutes': 3, 'seconds': 37}",3,3,24,24,3,6,3,False,Rush,Cale Hellums run for 3 yds to the UAB 21,-0.2397896410698781,2025-10-04T18:20:54.000Z
401762476,40176247612,401762476103975101,12,6,Army,American Athletic,17,UAB,American Athletic,7,UAB,Army,3,"{'minutes': 2, 'seconds': 48}",2,3,21,21,4,3,0,False,Pass Incompletion,Cale Hellums pass incomplete to Noah Short,-3.4029382511435813,2025-10-04T18:23:07.000Z
401762476,40176247613,401762476103977801,13,2,UAB,American Athletic,7,Army,American Athletic,17,UAB,Army,3,"{'minutes': 2, 'seconds': 21}",3,2,24,76,2,7,-5,False,Penalty,"PENALTY UAB False Start (Ferguson,Antonio) 5 yards from UAB24 to UAB19. NO PLAY.",,2025-10-04T18:24:18.000Z
401762476,40176247613,401762476103975801,13,1,UAB,American Athletic,7,Army,American Athletic,17,UAB,Army,3,"{'minutes': 2, 'seconds': 41}",3,2,21,79,1,10,3,False,Rush,Jevon Jackson run for 3 yds to the UAB 24,-0.24791478712197265,2025-10-04T18:23:46.000Z
401762476,40176247613,401762476103984501,13,3,UAB,American Athletic,7,Army,American Athletic,17,UAB,Army,3,"{'minutes': 1, 'seconds': 54}",3,2,19,81,2,12,21,False,Pass Interception Return,Jalen Kitna pass intercepted Gavin Shields return for 21 yds to the UAB 12,0.06309646530193724,2025-10-04T18:24:50.000Z
401762476,40176247614,401762476103999902,14,4,Army,American Athletic,17,UAB,American Athletic,7,UAB,Army,3,"{'minutes': 0, 'seconds': 0}",2,3,4,4,0,2,3,False,End Period,End of 3rd Quarter,,2025-10-04T18:27:29.000Z
401762476,40176247614,401762476103985701,14,1,Army,American Athletic,17,UAB,American Athletic,7,UAB,Army,3,"{'minutes': 1, 'seconds': 42}",2,3,12,12,1,10,6,False,Rush,Hayden Reed run for 6 yds to the UAB 6,0.1802070190916435,2025-10-04T18:25:49.000Z
401762476,40176247614,401762476103988701,14,2,Army,American Athletic,17,UAB,American Athletic,7,UAB,Army,3,"{'minutes': 1, 'seconds': 12}",2,3,6,6,2,4,2,False,Rush,Hayden Reed run for 2 yds to the UAB 4,-0.214637322558069,2025-10-04T18:26:19.000Z
401762476,40176247614,401762476103999901,14,3,Army,American Athletic,17,UAB,American Athletic,7,UAB,Army,3,"{'minutes': 0, 'seconds': 0}",2,3,4,4,3,2,3,False,Rush,Cale Hellums run for 3 yds to the UAB 1 for a 1ST down,1.626503570381908,2025-10-04T18:27:29.000Z
401762476,40176247614,401762476104855001,14,5,Army,American Athletic,17,UAB,American Athletic,7,UAB,Army,4,"{'minutes': 14, 'seconds': 49}",2,3,1,1,1,1,0,False,Rush,Cale Hellums run for no gain to the UAB 1,-0.962330962352563,2025-10-04T18:31:26.000Z
401762476,40176247614,401762476104858101,14,6,Army,American Athletic,24,UAB,American Athletic,7,UAB,Army,4,"{'minutes': 14, 'seconds': 18}",2,3,1,1,2,1,1,True,Rushing Touchdown,Cale Hellums run for 1 yd for a TD (Dawson Jones KICK),1.900352237473006,2025-10-04T18:31:57.000Z
401762476,40176247615,401762476104858701,15,1,Army,American Athletic,24,UAB,American Athletic,7,UAB,Army,4,"{'minutes': 14, 'seconds': 12}",2,3,65,65,1,10,18,False,Kickoff Return (Offense),"Anderson Britton kickoff for 61 yds , Solomon Beebe return for 18 yds to the UAB 22",,2025-10-04T18:34:34.000Z
401762476,40176247615,401762476104875901,15,5,UAB,American Athletic,7,Army,American Athletic,24,UAB,Army,4,"{'minutes': 12, 'seconds': 40}",3,2,56,44,2,6,-5,False,Penalty,"PENALTY UAB False Start (Hooks,Iverson) 5 yards from ARM44 to ARM49. NO PLAY.",,2025-10-04T18:36:42.000Z
401762476,40176247615,401762476104865001,15,2,UAB,American Athletic,7,Army,American Athletic,24,UAB,Army,4,"{'minutes': 13, 'seconds': 49}",3,2,22,78,1,10,17,False,Pass Reception,Jalen Kitna pass complete to Iverson Hooks for 17 yds to the UAB 39 for a 1ST down,1.4169687658762562,2025-10-04T18:35:16.000Z
401762476,40176247615,401762476104867301,15,3,UAB,American Athletic,7,Army,American Athletic,24,UAB,Army,4,"{'minutes': 13, 'seconds': 26}",3,2,39,61,1,10,13,False,Pass Reception,Jalen Kitna pass complete to Solomon Beebe for 13 yds to the ARMY 48 for a 1ST down,1.168782200184909,2025-10-04T18:35:41.000Z
401762476,40176247615,401762476104869601,15,4,UAB,American Athletic,7,Army,American Athletic,24,UAB,Army,4,"{'minutes': 13, 'seconds': 3}",3,2,52,48,1,10,4,False,Pass Reception,Jalen Kitna pass complete to Xavier Daisy for 4 yds to the ARMY 44,-0.1319374071745773,2025-10-04T18:36:12.000Z
401762476,40176247615,401762476104878601,15,6,UAB,American Athletic,7,Army,American Athletic,24,UAB,Army,4,"{'minutes': 12, 'seconds': 13}",3,2,51,49,2,11,7,False,Pass Reception,Jalen Kitna pass complete to Xavier Daisy for 7 yds to the ARMY 42,0.5514913244096673,2025-10-04T18:37:13.000Z
401762476,40176247615,401762476104884001,15,7,UAB,American Athletic,7,Army,American Athletic,24,UAB,Army,4,"{'minutes': 11, 'seconds': 59}",3,2,58,42,3,4,0,False,Pass Incompletion,Jalen Kitna pass incomplete to Brandon Hawkins Jr.,-1.1046293774576268,2025-10-04T18:37:31.000Z
401762476,40176247615,401762476104885701,15,8,UAB,American Athletic,7,Army,American Athletic,24,UAB,Army,4,"{'minutes': 11, 'seconds': 42}",3,2,58,42,4,4,12,False,Pass Reception,Jalen Kitna pass complete to J.C. Sivley for 12 yds to the ARMY 30 for a 1ST down,2.734381653353136,2025-10-04T18:38:25.000Z
401762476,40176247615,401762476104887201,15,9,UAB,American Athletic,7,Army,American Athletic,24,UAB,Army,4,"{'minutes': 11, 'seconds': 27}",3,2,70,30,1,10,0,False,Pass Incompletion,Jalen Kitna pass incomplete to Iverson Hooks,-0.557844891990525,2025-10-04T18:38:44.000Z
401762476,40176247615,401762476104887801,15,10,UAB,American Athletic,7,Army,American Athletic,24,UAB,Army,4,"{'minutes': 11, 'seconds': 21}",3,2,70,30,2,10,0,False,Pass Incompletion,Jalen Kitna pass incomplete to J.C. Sivley,-0.7638433871567597,2025-10-04T18:39:12.000Z
401762476,40176247615,401762476104887802,15,11,UAB,American Athletic,7,Army,American Athletic,24,UAB,Army,4,"{'minutes': 11, 'seconds': 21}",3,2,70,30,3,10,4,False,Pass Reception,Jalen Kitna pass complete to Iverson Hooks for 4 yds to the ARMY 26,-0.1439921918974498,2025-10-04T18:39:12.000Z
401762476,40176247615,401762476104895001,15,12,UAB,American Athletic,7,Army,American Athletic,24,UAB,Army,4,"{'minutes': 10, 'seconds': 49}",3,2,74,26,4,6,0,False,Pass Incompletion,Jalen Kitna pass incomplete to Brandon Hawkins Jr.,-2.7200763960324945,2025-10-04T18:40:53.000Z
401762476,40176247615,401762476104895003,15,13,UAB,American Athletic,7,Army,American Athletic,24,UAB,Army,4,"{'minutes': 10, 'seconds': 49}",3,2,74,26,4,6,0,False,Pass Incompletion,Jalen Kitna pass incomplete to Brandon Hawkins Jr.,-2.7200763960324945,2025-10-04T18:41:15.000Z
401762476,40176247616,401762476104895007,16,1,Army,American Athletic,24,UAB,American Athletic,7,UAB,Army,4,"{'minutes': 10, 'seconds': 49}",2,3,74,74,1,10,-5,False,Penalty,"PENALTY ARM Illegal Snap (Small,Brady) 5 yards from ARM26 to ARM21. NO PLAY.",,2025-10-04T18:41:15.000Z
401762476,40176247616,401762476104925301,16,6,Army,American Athletic,24,UAB,American Athletic,7,UAB,Army,4,"{'minutes': 7, 'seconds': 46}",2,3,53,53,4,1,-5,False,Penalty,"PENALTY ARM False Start (Poloskey,Parker) 5 yards from ARM47 to ARM42. NO PLAY.",,2025-10-04T18:50:48.000Z
401762476,40176247616,401762476104927501,16,7,Army,American Athletic,24,UAB,American Athletic,7,UAB,Army,4,"{'minutes': 7, 'seconds': 24}",2,3,58,58,4,6,5,False,Punt,"James Wagenseller punt for 43 yds , Kaleb Brown returns for 5 yds to the UAB 20",,2025-10-04T18:51:45.000Z
401762476,40176247616,401762476104895501,16,2,Army,American Athletic,24,UAB,American Athletic,7,UAB,Army,4,"{'minutes': 10, 'seconds': 44}",2,3,79,79,1,15,17,False,Rush,Noah Short run for 17 yds to the ARMY 38 for a 1ST down,1.8277624573491007,2025-10-04T18:44:44.000Z
401762476,40176247616,401762476104904101,16,3,Army,American Athletic,24,UAB,American Athletic,7,UAB,Army,4,"{'minutes': 9, 'seconds': 58}",2,3,62,62,1,10,4,False,Rush,Cale Hellums run for 4 yds to the ARMY 42,-0.1660250563858484,2025-10-04T18:48:29.000Z
401762476,40176247616,401762476104908301,16,4,Army,American Athletic,24,UAB,American Athletic,7,UAB,Army,4,"{'minutes': 9, 'seconds': 16}",2,3,58,58,2,6,2,False,Rush,Hayden Reed run for 2 yds to the ARMY 44,-0.647342172414742,2025-10-04T18:49:06.000Z
401762476,40176247616,401762476104917801,16,5,Army,American Athletic,24,UAB,American Athletic,7,UAB,Army,4,"{'minutes': 8, 'seconds': 21}",2,3,56,56,3,4,3,False,Rush,Cale Hellums run for 3 yds to the ARMY 47,-0.3398649197615509,2025-10-04T18:50:11.000Z
401762476,40176247617,401762476104934701,17,2,UAB,American Athletic,7,Army,American Athletic,24,UAB,Army,4,"{'minutes': 6, 'seconds': 52}",3,2,22,78,2,8,-5,False,Penalty,"PENALTY UAB False Start (Sivley,J.C.) 5 yards from UAB22 to UAB17. NO PLAY.",,2025-10-04T18:55:21.000Z
401762476,40176247617,401762476104928901,17,1,UAB,American Athletic,7,Army,American Athletic,24,UAB,Army,4,"{'minutes': 7, 'seconds': 10}",3,2,20,80,1,10,2,False,Pass Reception,Jalen Kitna pass complete to Elijah Lagg for 2 yds to the UAB 22,-0.3623882030735057,2025-10-04T18:54:52.000Z
401762476,40176247617,401762476104936701,17,3,UAB,American Athletic,7,Army,American Athletic,24,UAB,Army,4,"{'minutes': 6, 'seconds': 32}",3,2,17,83,2,13,0,False,Pass Incompletion,Jalen Kitna pass incomplete to Delvon Gulley,-0.15394219168339787,2025-10-04T18:55:48.000Z
401762476,40176247617,401762476104938601,17,4,UAB,American Athletic,7,Army,American Athletic,24,UAB,Army,4,"{'minutes': 6, 'seconds': 13}",3,2,17,83,3,13,3,False,Pass Reception,Jalen Kitna pass complete to Iverson Hooks for 3 yds to the UAB 20,-0.03014072198523364,2025-10-04T18:56:41.000Z
401762476,40176247617,401762476104945401,17,5,UAB,American Athletic,7,Army,American Athletic,24,UAB,Army,4,"{'minutes': 5, 'seconds': 45}",3,2,20,80,4,10,0,False,Pass Incompletion,Jalen Kitna pass incomplete to Iverson Hooks,0.32147943925349054,2025-10-04T18:57:07.000Z
401762476,40176247618,401762476104958501,18,3,Army,American Athletic,24,UAB,American Athletic,7,UAB,Army,4,"{'minutes': 4, 'seconds': 14}",2,2,5,5,2,5,0,False,Timeout,"Timeout UAB, clock 04:14",,2025-10-04T18:31:26.000Z
401762476,40176247618,401762476104946101,18,1,Army,American Athletic,24,UAB,American Athletic,7,UAB,Army,4,"{'minutes': 5, 'seconds': 38}",2,3,20,20,1,10,7,False,Rush,Carson Smith run for 7 yds to the UAB 13,0.312961885301428,2025-10-04T19:00:20.000Z
401762476,40176247618,401762476104954201,18,2,Army,American Athletic,24,UAB,American Athletic,7,UAB,Army,4,"{'minutes': 4, 'seconds': 57}",2,3,13,13,2,3,4,False,Rush,Cale Hellums run for 4 yds to the UAB 9 for a 1ST down,-0.119271979916197,2025-10-04T19:00:55.000Z
401762476,40176247618,401762476104958701,18,4,Army,American Athletic,24,UAB,American Athletic,7,UAB,Army,4,"{'minutes': 4, 'seconds': 12}",2,2,9,9,1,9,4,False,Rush,Carson Smith run for 4 yds to the UAB 5,-0.014339867883452,2025-10-04T19:01:45.000Z
401762476,40176247618,401762476104958901,18,5,Army,American Athletic,31,UAB,American Athletic,7,UAB,Army,4,"{'minutes': 4, 'seconds': 10}",2,2,5,5,2,5,5,True,Rushing Touchdown,Cale Hellums run for 5 yds for a TD (Dawson Jones KICK),2.43857769152992,2025-10-04T19:02:51.000Z
401762476,40176247619,401762476104959401,19,1,Army,American Athletic,31,UAB,American Athletic,7,UAB,Army,4,"{'minutes': 4, 'seconds': 5}",2,2,65,65,1,10,16,False,Kickoff Return (Offense),"Anderson Britton kickoff for 60 yds , Solomon Beebe return for 16 yds to the UAB 21",,2025-10-04T19:05:14.000Z
401762476,40176247619,401762476104994503,19,15,UAB,American Athletic,13,Army,American Athletic,31,UAB,Army,4,"{'minutes': 0, 'seconds': 54}",1,2,35,65,1,10,0,False,Kickoff Return (Offense),"Patrick Foley kickoff for 14 yds , Jaydan Mayes return for no gain to the UAB 35 UAB Penalty, Illegal Substitution (-5 Yards) to the UAB 44",,2025-10-04T19:17:47.000Z
401762476,40176247619,401762476104989701,19,11,UAB,American Athletic,7,Army,American Athletic,31,UAB,Army,4,"{'minutes': 1, 'seconds': 2}",1,2,99,1,3,1,0,False,Timeout,"Timeout UAB, clock 01:02",,2025-10-04T18:31:26.000Z
401762476,40176247619,401762476104965201,19,2,UAB,American Athletic,7,Army,American Athletic,31,UAB,Army,4,"{'minutes': 3, 'seconds': 47}",2,2,21,79,1,10,6,False,Rush,Jalen Kitna run for 6 yds to the UAB 27,0.2977036772411737,2025-10-04T19:06:06.000Z
401762476,40176247619,401762476104968301,19,3,UAB,American Athletic,7,Army,American Athletic,31,UAB,Army,4,"{'minutes': 3, 'seconds': 16}",2,2,27,73,2,4,19,False,Pass Reception,Jalen Kitna pass complete to Kaleb Brown for 19 yds to the UAB 46 for a 1ST down,1.8479335748907741,2025-10-04T19:06:23.000Z
401762476,40176247619,401762476104974401,19,4,UAB,American Athletic,7,Army,American Athletic,31,UAB,Army,4,"{'minutes': 2, 'seconds': 55}",2,2,46,54,1,10,10,False,Pass Reception,Jalen Kitna pass complete to Xavier Daisy for 10 yds to the ARMY 44 for a 1ST down,0.7720151801751867,2025-10-04T19:06:55.000Z
401762476,40176247619,401762476104976901,19,5,UAB,American Athletic,7,Army,American Athletic,31,UAB,Army,4,"{'minutes': 2, 'seconds': 30}",2,2,56,44,1,10,15,False,Pass Reception,Jalen Kitna pass complete to Kaleb Brown for 15 yds to the ARMY 29 for a 1ST down,0.6245811729119093,2025-10-04T19:07:27.000Z
401762476,40176247619,401762476104979901,19,6,UAB,American Athletic,7,Army,American Athletic,31,UAB,Army,4,"{'minutes': 2, 'seconds': 0}",2,2,71,29,1,10,7,False,Pass Reception,Jalen Kitna pass complete to Xavier Daisy for 7 yds to the ARMY 22,0.34844572143239,2025-10-04T19:08:07.000Z
401762476,40176247619,401762476104984501,19,7,UAB,American Athletic,7,Army,American Athletic,31,UAB,Army,4,"{'minutes': 1, 'seconds': 54}",2,2,78,22,2,3,0,False,Pass Incompletion,Jalen Kitna pass incomplete to Iverson Hooks,-0.5727330376294993,2025-10-04T19:11:07.000Z
401762476,40176247619,401762476104985001,19,8,UAB,American Athletic,7,Army,American Athletic,31,UAB,Army,4,"{'minutes': 1, 'seconds': 49}",2,2,78,22,3,3,4,False,Rush,Jevon Jackson run for 4 yds to the ARMY 18 for a 1ST down,0.4207957917246303,2025-10-04T19:12:16.000Z
401762476,40176247619,401762476104986301,19,9,UAB,American Athletic,7,Army,American Athletic,31,UAB,Army,4,"{'minutes': 1, 'seconds': 36}",2,2,82,18,1,10,11,False,Pass Reception,Jalen Kitna pass complete to Jevon Jackson for 11 yds to the ARMY 7 for a 1ST down,0.39503807874338,2025-10-04T19:12:46.000Z
401762476,40176247619,401762476104987901,19,10,UAB,American Athletic,7,Army,American Athletic,31,UAB,Army,4,"{'minutes': 1, 'seconds': 20}",2,2,93,7,1,7,6,False,Rush,Jalen Kitna run for 6 yds to the ARMY 1,0.296402392854205,2025-10-04T19:12:59.000Z
401762476,40176247619,401762476104989901,19,12,UAB,American Athletic,7,Army,American Athletic,31,UAB,Army,4,"{'minutes': 1, 'seconds': 0}",1,2,99,1,2,1,0,False,Rush,Jevon Jackson run for no gain to the ARMY 1,-0.553645991706544,2025-10-04T19:13:23.000Z
401762476,40176247619,401762476104994101,19,13,UAB,American Athletic,7,Army,American Athletic,31,UAB,Army,4,"{'minutes': 0, 'seconds': 58}",1,2,99,1,3,1,0,False,Pass Incompletion,Jalen Kitna pass incomplete to Antonio Ferguson,-0.331755745676551,2025-10-04T19:14:36.000Z
401762476,40176247619,401762476104994501,19,14,UAB,American Athletic,13,Army,American Athletic,31,UAB,Army,4,"{'minutes': 0, 'seconds': 54}",1,2,99,1,4,1,1,True,Rushing Touchdown,Ryder Burton run for 1 yd for a TD (Two-Point Conversion failed),2.785753974856101,2025-10-04T19:15:16.000Z
401762476,40176247620,401762476104999902,20,3,Army,American Athletic,31,UAB,American Athletic,13,UAB,Army,4,"{'minutes': 0, 'seconds': 0}",2,1,46,46,0,12,-1,False,End of Game,End of 4th Quarter,,2025-10-04T19:19:27.000Z
401762476,40176247620,401762476104997101,20,1,Army,American Athletic,31,UAB,American Athletic,13,UAB,Army,4,"{'minutes': 0, 'seconds': 28}",2,1,44,44,1,10,-2,False,Rush,Z. Mundell takes a knee,-1.422584420783524,2025-10-04T19:18:54.000Z
401762476,40176247620,401762476104999901,20,2,Army,American Athletic,31,UAB,American Athletic,13,UAB,Army,4,"{'minutes': 0, 'seconds': 0}",2,1,46,46,2,12,-1,False,Rush,Z. Mundell takes a knee,-1.207136100692054,2025-10-04T19:19:27.000Z
401762482,4017624821,401762482101849903,1,1,Florida Atlantic,American Athletic,0,UAB,American Athletic,0,Florida Atlantic,UAB,1,"{'minutes': 15, 'seconds': 0}",3,3,35,65,1,10,0,False,Kickoff,Andrew Nelms kickoff for 65 yds for a touchback,,2025-10-11T22:04:04.000Z
401762482,4017624821,401762482101868001,1,5,UAB,American Athletic,0,Florida Atlantic,American Athletic,0,Florida Atlantic,UAB,1,"{'minutes': 13, 'seconds': 19}",3,3,75,75,4,10,0,False,Punt,"Patrick Foley punt for 44 yds, fair catch by Easton Messer at the FAU 31",,2025-10-11T22:06:30.000Z
401762482,4017624821,401762482101868002,1,6,UAB,American Athletic,0,Florida Atlantic,American Athletic,0,Florida Atlantic,UAB,1,"{'minutes': 13, 'seconds': 19}",3,3,75,75,4,10,0,False,Punt,"Patrick Foley punt for 44 yds, fair catch by Easton Messer at the FAU 36",,2025-10-11T22:06:30.000Z
401762482,4017624821,401762482101856501,1,2,UAB,American Athletic,0,Florida Atlantic,American Athletic,0,Florida Atlantic,UAB,1,"{'minutes': 14, 'seconds': 34}",3,3,75,75,1,10,0,False,Pass Reception,Jalen Kitna pass complete to Solomon Beebe for no gain to the UAB 25,-0.7029700220436519,2025-10-11T22:04:04.000Z
401762482,4017624821,401762482101859901,1,3,UAB,American Athletic,0,Florida Atlantic,American Athletic,0,Florida Atlantic,UAB,1,"{'minutes': 14, 'seconds': 0}",3,3,75,75,2,10,0,False,Pass Reception,Jalen Kitna pass complete to Evan McCray for no gain to the UAB 25,-0.34710487712173865,2025-10-11T22:04:38.000Z
401762482,4017624821,401762482101867301,1,4,UAB,American Athletic,0,Florida Atlantic,American Athletic,0,Florida Atlantic,UAB,1,"{'minutes': 13, 'seconds': 26}",3,3,75,75,3,10,0,False,Pass Incompletion,Jalen Kitna pass incomplete to Kaleb Brown,-0.15871308844886392,2025-10-11T22:05:10.000Z
401762482,4017624822,401762482101876201,2,1,Florida Atlantic,American Athletic,0,UAB,American Athletic,0,Florida Atlantic,UAB,1,"{'minutes': 12, 'seconds': 37}",3,3,36,64,1,10,0,False,Pass Reception,Caden Veltkamp pass complete to Easton Messer for no gain to the FAU 36,-1.041155320344064,2025-10-11T22:09:17.000Z
401762482,4017624822,401762482101887201,2,2,Florida Atlantic,American Athletic,0,UAB,American Athletic,0,Florida Atlantic,UAB,1,"{'minutes': 11, 'seconds': 27}",3,3,36,64,2,10,0,False,Pass Incompletion,Caden Veltkamp pass incomplete to Asaad Waseem,-0.6310378338259923,2025-10-11T22:10:08.000Z
401762482,4017624822,401762482101899201,2,3,Florida Atlantic,American Athletic,0,UAB,American Athletic,0,Florida Atlantic,UAB,1,"{'minutes': 10, 'seconds': 7}",3,3,36,64,3,10,10,False,Rush,Easton Messer run for 10 yds to the FAU 46 for a 1ST down,2.6344882242601795,2025-10-11T22:11:25.000Z
401762482,4017624822,401762482101899202,2,4,Florida Atlantic,American Athletic,0,UAB,American Athletic,0,Florida Atlantic,UAB,1,"{'minutes': 10, 'seconds': 7}",3,3,46,54,1,10,23,False,Pass Reception,Caden Veltkamp pass complete to Asaad Waseem for 23 yds to the UAB 31 for a 1ST down,1.34295136761226,2025-10-11T22:11:25.000Z
401762482,4017624822,401762482101899203,2,5,Florida Atlantic,American Athletic,0,UAB,American Athletic,0,Florida Atlantic,UAB,1,"{'minutes': 10, 'seconds': 7}",3,3,69,31,1,10,10,False,Rush,Jayshon Platt run for 10 yds to the UAB 21 for a 1ST down,0.209649356277455,2025-10-11T22:11:25.000Z
401762482,4017624822,401762482101899204,2,6,Florida Atlantic,American Athletic,0,UAB,American Athletic,0,Florida Atlantic,UAB,1,"{'minutes': 10, 'seconds': 7}",3,3,79,21,1,10,8,False,Rush,Kaden Shields-Dutton run for 8 yds to the UAB 13,0.4611213976375015,2025-10-11T22:11:25.000Z
401762482,4017624822,401762482101899205,2,7,Florida Atlantic,American Athletic,7,UAB,American Athletic,0,Florida Atlantic,UAB,1,"{'minutes': 10, 'seconds': 7}",3,3,87,13,2,2,13,True,Rushing Touchdown,Kaden Shields-Dutton run for 13 yds for a TD (Garrison Smith KICK),2.1711754161579915,2025-10-11T22:11:25.000Z
401762482,4017624823,401762482101899207,3,1,Florida Atlantic,American Athletic,7,UAB,American Athletic,0,Florida Atlantic,UAB,1,"{'minutes': 10, 'seconds': 7}",3,3,35,65,1,10,0,False,Kickoff,Andrew Nelms kickoff for 65 yds for a touchback,,2025-10-11T22:11:25.000Z
401762482,4017624823,401762482101919604,3,5,UAB,American Athletic,0,Florida Atlantic,American Athletic,7,Florida Atlantic,UAB,1,"{'minutes': 8, 'seconds': 3}",3,3,70,70,4,5,31,False,Punt,"Patrick Foley punt for 46 yds , Easton Messer returns for 31 yds to the UAB 45",,2025-10-11T22:21:42.000Z
401762482,4017624823,401762482101904701,3,2,UAB,American Athletic,0,Florida Atlantic,American Athletic,7,Florida Atlantic,UAB,1,"{'minutes': 9, 'seconds': 52}",3,3,75,75,1,10,1,False,Rush,Jevon Jackson run for 1 yd to the UAB 26,-0.5874795431016855,2025-10-11T22:16:50.000Z
401762482,4017624823,401762482101908201,3,3,UAB,American Athletic,0,Florida Atlantic,American Athletic,7,Florida Atlantic,UAB,1,"{'minutes': 9, 'seconds': 17}",3,3,74,74,2,9,-7,False,Sack,Jalen Kitna sacked by Wilky Denaud for a loss of 7 yards to the UAB 19,-0.647613804583874,2025-10-11T22:17:17.000Z
401762482,4017624823,401762482101916201,3,4,UAB,American Athletic,0,Florida Atlantic,American Athletic,7,Florida Atlantic,UAB,1,"{'minutes': 8, 'seconds': 37}",3,3,81,81,3,16,11,False,Pass Reception,Jalen Kitna pass complete to Iverson Hooks for 11 yds to the UAB 30,0.20428208723698305,2025-10-11T22:18:07.000Z
401762482,4017624824,401762482101947802,4,7,Florida Atlantic,American Athletic,7,UAB,American Athletic,0,Florida Atlantic,UAB,1,"{'minutes': 5, 'seconds': 21}",3,3,92,8,1,8,6,False,Penalty,"UAB Penalty, Defensive Pass Interference (Delvon Gulley) to the UAB 2 for a 1ST down",,2025-10-11T22:25:33.000Z
401762482,4017624824,401762482101919607,4,1,Florida Atlantic,American Athletic,7,UAB,American Athletic,0,Florida Atlantic,UAB,1,"{'minutes': 8, 'seconds': 3}",3,3,55,45,1,10,-2,False,Rush,Kaden Shields-Dutton run for a loss of 2 yards to the UAB 47,-1.456436989817803,2025-10-11T22:21:42.000Z
401762482,4017624824,401762482101929502,4,2,Florida Atlantic,American Athletic,7,UAB,American Athletic,0,Florida Atlantic,UAB,1,"{'minutes': 7, 'seconds': 4}",3,3,53,47,2,12,7,False,Pass Reception,Caden Veltkamp pass complete to Asaad Waseem for 7 yds to the UAB 40,0.530907781437458,2025-10-11T22:22:46.000Z
401762482,4017624824,401762482101935002,4,3,Florida Atlantic,American Athletic,7,UAB,American Athletic,0,Florida Atlantic,UAB,1,"{'minutes': 6, 'seconds': 49}",3,3,60,40,3,5,3,False,Pass Reception,Caden Veltkamp pass complete to Asaad Waseem for 3 yds to the UAB 37,-0.397673841803389,2025-10-11T22:23:04.000Z
401762482,4017624824,401762482101939502,4,4,Florida Atlantic,American Athletic,7,UAB,American Athletic,0,Florida Atlantic,UAB,1,"{'minutes': 6, 'seconds': 4}",3,3,63,37,4,2,3,False,Rush,Kaden Shields-Dutton run for 3 yds to the UAB 34 for a 1ST down,1.862990974337132,2025-10-11T22:23:52.000Z
401762482,4017624824,401762482101945002,4,5,Florida Atlantic,American Athletic,7,UAB,American Athletic,0,Florida Atlantic,UAB,1,"{'minutes': 5, 'seconds': 49}",3,3,66,34,1,10,0,False,Pass Incompletion,Caden Veltkamp pass incomplete to Easton Messer,-0.6630222646782312,2025-10-11T22:24:05.000Z
401762482,4017624824,401762482101946301,4,6,Florida Atlantic,American Athletic,7,UAB,American Athletic,0,Florida Atlantic,UAB,1,"{'minutes': 5, 'seconds': 36}",3,3,66,34,2,10,26,False,Pass Reception,Caden Veltkamp pass complete to Jayshon Platt for 26 yds to the UAB 8 for a 1ST down,1.2801488568922093,2025-10-11T22:24:51.000Z
401762482,4017624824,401762482101948201,4,8,Florida Atlantic,American Athletic,14,UAB,American Athletic,0,Florida Atlantic,UAB,1,"{'minutes': 5, 'seconds': 17}",3,3,98,2,1,2,2,True,Rushing Touchdown,Kaden Shields-Dutton run for 2 yds for a TD (Garrison Smith KICK),1.213235297672098,2025-10-11T22:26:06.000Z
401762482,4017624825,401762482101948203,5,1,Florida Atlantic,American Athletic,14,UAB,American Athletic,0,Florida Atlantic,UAB,1,"{'minutes': 5, 'seconds': 17}",3,3,35,65,1,10,0,False,Kickoff,Andrew Nelms kickoff for 65 yds for a touchback,,2025-10-11T22:26:16.000Z
401762482,4017624825,401762482101954101,5,3,UAB,American Athletic,0,Florida Atlantic,American Athletic,14,Florida Atlantic,UAB,1,"{'minutes': 4, 'seconds': 58}",3,2,70,70,2,5,0,False,Timeout,"Timeout Florida Atlantic, clock 04:58",,2025-10-11T22:04:04.000Z
401762482,4017624825,401762482101974601,5,8,UAB,American Athletic,0,Florida Atlantic,American Athletic,14,Florida Atlantic,UAB,1,"{'minutes': 2, 'seconds': 53}",3,2,46,46,1,10,-5,False,Penalty,"PENALTY UAB False Start (Moore,Logan) 5 yards from FAU46 to UAB49. NO PLAY.",,2025-10-11T22:35:14.000Z
401762482,4017624825,401762482101989101,5,11,UAB,American Athletic,0,Florida Atlantic,American Athletic,14,Florida Atlantic,UAB,1,"{'minutes': 1, 'seconds': 8}",3,2,52,52,3,16,0,False,Penalty,"UAB Penalty, Illegal Formation (Devin Hightower) declined",,2025-10-11T22:37:02.000Z
401762482,4017624825,401762482101989801,5,12,UAB,American Athletic,0,Florida Atlantic,American Athletic,14,Florida Atlantic,UAB,1,"{'minutes': 1, 'seconds': 1}",3,2,52,52,4,16,0,False,Punt,"Patrick Foley punt for 33 yds, fair catch by Easton Messer at the FAU 19",,2025-10-11T22:38:35.000Z
401762482,4017624825,401762482101949201,5,2,UAB,American Athletic,0,Florida Atlantic,American Athletic,14,Florida Atlantic,UAB,1,"{'minutes': 5, 'seconds': 7}",3,3,75,75,1,10,5,False,Pass Reception,Jalen Kitna pass complete to Antonio Ferguson for 5 yds to the UAB 30,0.0945451165334843,2025-10-11T22:31:28.000Z
401762482,4017624825,401762482101955201,5,4,UAB,American Athletic,0,Florida Atlantic,American Athletic,14,Florida Atlantic,UAB,1,"{'minutes': 4, 'seconds': 47}",3,2,70,70,2,5,5,False,Rush,Isaiah Jacobs run for 5 yds to the UAB 35 for a 1ST down,0.7404929924965024,2025-10-11T22:32:55.000Z
401762482,4017624825,401762482101956901,5,5,UAB,American Athletic,0,Florida Atlantic,American Athletic,14,Florida Atlantic,UAB,1,"{'minutes': 4, 'seconds': 30}",3,2,65,65,1,10,5,False,Rush,Isaiah Jacobs run for 5 yds to the UAB 40,0.1088137823196469,2025-10-11T22:33:15.000Z
401762482,4017624825,401762482101959901,5,6,UAB,American Athletic,0,Florida Atlantic,American Athletic,14,Florida Atlantic,UAB,1,"{'minutes': 4, 'seconds': 0}",3,2,60,60,2,5,-6,False,Sack,Jalen Kitna sacked for a loss of 6 yards to the UAB 34,-1.8079937845806153,2025-10-11T22:33:39.000Z
401762482,4017624825,401762482101968901,5,7,UAB,American Athletic,0,Florida Atlantic,American Athletic,14,Florida Atlantic,UAB,1,"{'minutes': 3, 'seconds': 10}",3,2,66,66,3,11,20,False,Pass Reception,Jalen Kitna pass complete to Kaleb Brown for 20 yds to the FAU 46 for a 1ST down,3.398609604817839,2025-10-11T22:34:44.000Z
401762482,4017624825,401762482101977701,5,9,UAB,American Athletic,0,Florida Atlantic,American Athletic,14,Florida Atlantic,UAB,1,"{'minutes': 2, 'seconds': 22}",3,2,51,51,1,15,-3,False,Rush,Jevon Jackson run for a loss of 3 yards to the UAB 46,-1.598810135479992,2025-10-11T22:35:49.000Z
401762482,4017624825,401762482101986401,5,10,UAB,American Athletic,0,Florida Atlantic,American Athletic,14,Florida Atlantic,UAB,1,"{'minutes': 1, 'seconds': 35}",3,2,54,54,2,18,2,False,Pass Reception,Jalen Kitna pass complete to Solomon Beebe for 2 yds to the UAB 48,-0.3857894697329751,2025-10-11T22:36:37.000Z
401762482,4017624826,401762482101997203,6,4,Florida Atlantic,American Athletic,14,UAB,American Athletic,0,Florida Atlantic,UAB,1,"{'minutes': 0, 'seconds': 27}",2,3,35,65,1,10,15,False,Penalty,"PENALTY UAB Targeting (Rogers,JaMichael) 15 yards from FAU35 to FAU50. NO PLAY.",,2025-10-11T22:43:59.000Z
401762482,4017624826,401762482101994301,6,1,Florida Atlantic,American Athletic,14,UAB,American Athletic,0,Florida Atlantic,UAB,1,"{'minutes': 0, 'seconds': 56}",2,3,19,81,1,10,0,False,Pass Incompletion,Caden Veltkamp pass incomplete to Kaden Shields-Dutton,-0.5327945515514214,2025-10-11T22:39:07.000Z
401762482,4017624826,401762482101995301,6,2,Florida Atlantic,American Athletic,14,UAB,American Athletic,0,Florida Atlantic,UAB,1,"{'minutes': 0, 'seconds': 46}",2,3,19,81,2,10,33,False,Pass Reception,Caden Veltkamp pass complete to Asaad Waseem for 33 yds to the UAB 48 for a 1ST down,3.285180236274261,2025-10-11T22:40:03.000Z
401762482,4017624826,401762482101997201,6,3,Florida Atlantic,American Athletic,21,UAB,American Athletic,0,Florida Atlantic,UAB,1,"{'minutes': 0, 'seconds': 27}",2,3,52,48,1,10,48,True,Passing Touchdown,Easton Messer pass complete to Jayshon Platt for 48 yds for a TD (Garrison Smith KICK),3.686233836279957,2025-10-11T22:41:44.000Z
401762482,4017624827,401762482101997301,7,1,Florida Atlantic,American Athletic,21,UAB,American Athletic,0,Florida Atlantic,UAB,1,"{'minutes': 0, 'seconds': 26}",2,3,50,50,1,10,0,False,Kickoff Return (Offense),"Andrew Nelms kickoff for 14 yds , T'sai McDaniel return for no gain to the UAB 36",,2025-10-11T22:45:27.000Z
401762482,4017624827,401762482101998303,7,3,UAB,American Athletic,0,Florida Atlantic,American Athletic,21,Florida Atlantic,UAB,1,"{'minutes': 0, 'seconds': 0}",3,2,63,63,0,9,0,False,End Period,End of 1st Quarter,,2025-10-11T22:04:04.000Z
401762482,4017624827,401762482102849902,7,5,UAB,American Athletic,0,Florida Atlantic,American Athletic,21,Florida Atlantic,UAB,2,"{'minutes': 15, 'seconds': 0}",3,2,65,65,3,11,-5,False,Penalty,"PENALTY UAB False Start (Hawkins Jr.,Brandon) 5 yards from UAB35 to UAB30. NO PLAY.",,2025-10-11T22:51:08.000Z
401762482,4017624827,401762482102849905,7,7,UAB,American Athletic,0,Florida Atlantic,American Athletic,21,Florida Atlantic,UAB,2,"{'minutes': 15, 'seconds': 0}",3,2,73,73,4,19,-5,False,Penalty,"PENALTY UAB False Start (Elder,Jaylen) 5 yards from UAB27 to UAB22. NO PLAY.",,2025-10-11T22:51:08.000Z
401762482,4017624827,401762482102865401,7,8,UAB,American Athletic,0,Florida Atlantic,American Athletic,21,Florida Atlantic,UAB,2,"{'minutes': 13, 'seconds': 45}",3,2,78,78,4,24,22,False,Punt,"Patrick Foley punt for 40 yds , Easton Messer returns for 22 yds to the UAB 40",,2025-10-11T22:53:26.000Z
401762482,4017624827,401762482101998301,7,2,UAB,American Athletic,0,Florida Atlantic,American Athletic,21,Florida Atlantic,UAB,1,"{'minutes': 0, 'seconds': 16}",3,2,64,64,1,10,1,False,Rush,Jevon Jackson run for 1 yd to the UAB 37,-0.8530905486726476,2025-10-11T22:46:08.000Z
401762482,4017624827,401762482101999901,7,4,UAB,American Athletic,0,Florida Atlantic,American Athletic,21,Florida Atlantic,UAB,1,"{'minutes': 0, 'seconds': 0}",3,2,63,63,2,9,2,False,Pass Reception,Jalen Kitna pass complete to Brandon Hawkins Jr. for 2 yds to the UAB 35,-0.4595992007225442,2025-10-11T22:50:39.000Z
401762482,4017624827,401762482102849904,7,6,UAB,American Athletic,0,Florida Atlantic,American Athletic,21,Florida Atlantic,UAB,2,"{'minutes': 15, 'seconds': 0}",3,2,70,70,3,16,-3,False,Sack,Jalen Kitna sacked by CJ Doggette Jr. for a loss of 3 yards to the UAB 27,-0.1595738760622707,2025-10-11T22:51:08.000Z
401762482,4017624828,401762482102865404,8,1,Florida Atlantic,American Athletic,21,UAB,American Athletic,0,Florida Atlantic,UAB,2,"{'minutes': 13, 'seconds': 45}",2,3,60,40,1,10,3,False,Pass Reception,Caden Veltkamp pass complete to Gemari Sands for 3 yds to the UAB 37,-0.270025967249902,2025-10-11T22:55:26.000Z
401762482,4017624828,401762482102869501,8,2,Florida Atlantic,American Athletic,28,UAB,American Athletic,0,Florida Atlantic,UAB,2,"{'minutes': 13, 'seconds': 4}",2,3,63,37,2,7,37,True,Passing Touchdown,Caden Veltkamp pass complete to Jabari Smith for 37 yds for a TD (Garrison Smith KICK),3.459075111187243,2025-10-11T22:56:57.000Z
401762482,4017624829,401762482102874101,9,1,Florida Atlantic,American Athletic,28,UAB,American Athletic,0,Florida Atlantic,UAB,2,"{'minutes': 12, 'seconds': 58}",2,3,35,65,1,10,22,False,Kickoff Return (Offense),"Andrew Nelms kickoff for 64 yds , Solomon Beebe return for 22 yds to the UAB 23",,2025-10-11T23:01:24.000Z
401762482,4017624829,401762482102914704,9,11,UAB,American Athletic,0,Florida Atlantic,American Athletic,28,Florida Atlantic,UAB,2,"{'minutes': 8, 'seconds': 52}",3,2,44,44,4,5,15,False,Penalty,"(08:53) No Huddle-Shotgun Kitna,Jalen pass incomplete deep left to Hooks,Iverson thrown to FAU20 PENALTY FAU Pass Interference (Rogers Jr.,Derrick) 15 yards from FAU44 to FAU29, 1ST DOWN. NO PLAY.",,2025-10-11T23:10:54.000Z
401762482,4017624829,401762482102875001,9,2,UAB,American Athletic,0,Florida Atlantic,American Athletic,28,Florida Atlantic,UAB,2,"{'minutes': 12, 'seconds': 49}",3,2,77,77,1,10,5,False,Rush,Isaiah Jacobs run for 5 yds to the UAB 28,0.090922002905697,2025-10-11T23:01:50.000Z
401762482,4017624829,401762482102879801,9,3,UAB,American Athletic,0,Florida Atlantic,American Athletic,28,Florida Atlantic,UAB,2,"{'minutes': 12, 'seconds': 1}",3,2,72,72,2,5,5,False,Pass Reception,Jalen Kitna pass complete to Isaiah Jacobs for 5 yds to the UAB 33 for a 1ST down,0.6903784221425511,2025-10-11T23:02:38.000Z
401762482,4017624829,401762482102887301,9,4,UAB,American Athletic,0,Florida Atlantic,American Athletic,28,Florida Atlantic,UAB,2,"{'minutes': 11, 'seconds': 26}",3,2,67,67,1,10,-8,False,Sack,Jalen Kitna sacked for a loss of 8 yards to the UAB 25,-1.7046761512132962,2025-10-11T23:03:11.000Z
401762482,4017624829,401762482102896301,9,5,UAB,American Athletic,0,Florida Atlantic,American Athletic,28,Florida Atlantic,UAB,2,"{'minutes': 10, 'seconds': 36}",3,2,75,75,2,18,9,False,Pass Reception,Jalen Kitna pass complete to Solomon Beebe for 9 yds to the UAB 34,0.2933220021874252,2025-10-11T23:04:05.000Z
401762482,4017624829,401762482102904401,9,6,UAB,American Athletic,0,Florida Atlantic,American Athletic,28,Florida Atlantic,UAB,2,"{'minutes': 9, 'seconds': 55}",3,2,66,66,3,9,17,False,Pass Reception,Jalen Kitna pass complete to Iverson Hooks for 17 yds to the FAU 49 for a 1ST down,3.0780802665297715,2025-10-11T23:04:44.000Z
401762482,4017624829,401762482102908102,9,7,UAB,American Athletic,0,Florida Atlantic,American Athletic,28,Florida Atlantic,UAB,2,"{'minutes': 9, 'seconds': 18}",3,2,49,49,1,10,5,False,Pass Reception,Jalen Kitna pass complete to Brandon Hawkins Jr. for 5 yds to the FAU 44,0.1003706527461523,2025-10-11T23:07:43.000Z
401762482,4017624829,401762482102909701,9,8,UAB,American Athletic,0,Florida Atlantic,American Athletic,28,Florida Atlantic,UAB,2,"{'minutes': 9, 'seconds': 2}",3,2,44,44,2,5,0,False,Pass Incompletion,Jalen Kitna pass incomplete to Iverson Hooks,-1.1216560363049626,2025-10-11T23:09:13.000Z
401762482,4017624829,401762482102914201,9,9,UAB,American Athletic,0,Florida Atlantic,American Athletic,28,Florida Atlantic,UAB,2,"{'minutes': 8, 'seconds': 57}",3,2,44,44,3,5,0,False,Pass Incompletion,Jalen Kitna pass incomplete to Antonio Ferguson,-1.0618160775042256,2025-10-11T23:10:17.000Z
401762482,4017624829,401762482102914701,9,10,UAB,American Athletic,0,Florida Atlantic,American Athletic,28,Florida Atlantic,UAB,2,"{'minutes': 8, 'seconds': 52}",3,2,44,44,4,5,0,False,Pass Incompletion,Jalen Kitna pass incomplete to Iverson Hooks,-1.1545679872997159,2025-10-11T23:10:54.000Z
401762482,4017624829,401762482102915601,9,12,UAB,American Athletic,0,Florida Atlantic,American Athletic,28,Florida Atlantic,UAB,2,"{'minutes': 8, 'seconds': 43}",3,2,29,29,1,10,0,False,Rush,Isaiah Jacobs run for no gain to the FAU 29,-0.534372502378378,2025-10-11T23:12:04.000Z
401762482,4017624829,401762482102919501,9,13,UAB,American Athletic,0,Florida Atlantic,American Athletic,28,Florida Atlantic,UAB,2,"{'minutes': 8, 'seconds': 4}",3,2,29,29,2,10,4,False,Rush,Isaiah Jacobs run for 4 yds to the FAU 25,-0.08604287443743,2025-10-11T23:12:35.000Z
401762482,4017624829,401762482102929001,9,14,UAB,American Athletic,0,Florida Atlantic,American Athletic,28,Florida Atlantic,UAB,2,"{'minutes': 7, 'seconds': 9}",3,2,25,25,3,6,6,False,Pass Reception,Jalen Kitna pass complete to Isaiah Jacobs for 6 yds to the FAU 19 for a 1ST down,0.804268932776397,2025-10-11T23:13:31.000Z
401762482,4017624829,401762482102936801,9,15,UAB,American Athletic,0,Florida Atlantic,American Athletic,28,Florida Atlantic,UAB,2,"{'minutes': 6, 'seconds': 31}",3,2,19,19,1,10,0,False,Pass Incompletion,Jalen Kitna pass incomplete to Elijah Lagg,-0.362321296557512,2025-10-11T23:14:09.000Z
401762482,4017624829,401762482102939901,9,16,UAB,American Athletic,0,Florida Atlantic,American Athletic,28,Florida Atlantic,UAB,2,"{'minutes': 6, 'seconds': 0}",3,2,19,19,2,10,5,False,Pass Reception,Jalen Kitna pass complete to Solomon Beebe for 5 yds to the FAU 14,0.041692539492061,2025-10-11T23:15:08.000Z
401762482,4017624829,401762482102945201,9,17,UAB,American Athletic,6,Florida Atlantic,American Athletic,28,Florida Atlantic,UAB,2,"{'minutes': 5, 'seconds': 47}",3,2,14,14,3,5,14,True,Rushing Touchdown,Solomon Beebe run for 14 yds for a TD (Two-Point Conversion failed),2.925076385702974,2025-10-11T23:15:28.000Z
401762482,40176248210,401762482102945801,10,1,UAB,American Athletic,6,Florida Atlantic,American Athletic,28,Florida Atlantic,UAB,2,"{'minutes': 5, 'seconds': 41}",3,2,65,65,1,10,21,False,Kickoff Return (Offense),"Owen Simpson kickoff for 63 yds , Jayshon Platt return for 21 yds to the FAU 23",,2025-10-11T23:18:03.000Z
401762482,40176248210,401762482102946501,10,2,Florida Atlantic,American Athletic,28,UAB,American Athletic,6,Florida Atlantic,UAB,2,"{'minutes': 5, 'seconds': 34}",2,3,23,77,1,10,6,False,Pass Interception Return,Caden Veltkamp pass intercepted Devin Hightower return for 6 yds to the FAU 21,-0.7896429058106031,2025-10-11T23:19:33.000Z
401762482,40176248210,401762482102946502,10,3,Florida Atlantic,American Athletic,28,UAB,American Athletic,6,Florida Atlantic,UAB,2,"{'minutes': 5, 'seconds': 34}",2,3,23,77,1,10,7,False,Pass Interception Return,Caden Veltkamp pass intercepted Devin Hightower return for 7 yds to the FAU 21,-0.7896429058106031,2025-10-11T23:19:33.000Z
401762482,40176248211,401762482102947501,11,1,UAB,American Athletic,6,Florida Atlantic,American Athletic,28,Florida Atlantic,UAB,2,"{'minutes': 5, 'seconds': 24}",3,2,21,21,1,10,0,False,Rush,Jevon Jackson run for no gain to the FAU 21,-0.3882383440694163,2025-10-11T23:19:51.000Z
401762482,40176248211,401762482102956401,11,2,UAB,American Athletic,6,Florida Atlantic,American Athletic,28,Florida Atlantic,UAB,2,"{'minutes': 4, 'seconds': 35}",3,2,21,21,2,10,8,False,Pass Reception,Jalen Kitna pass complete to Jevon Jackson for 8 yds to the FAU 13,0.3297410229445143,2025-10-11T23:20:37.000Z
401762482,40176248211,401762482102964601,11,3,UAB,American Athletic,6,Florida Atlantic,American Athletic,28,Florida Atlantic,UAB,2,"{'minutes': 3, 'seconds': 53}",3,2,13,13,3,2,0,False,Rush,Nate Rogers run for no gain to the FAU 13,-0.4402428445504667,2025-10-11T23:21:39.000Z
401762482,40176248211,401762482102968401,11,4,UAB,American Athletic,14,Florida Atlantic,American Athletic,28,Florida Atlantic,UAB,2,"{'minutes': 3, 'seconds': 15}",3,2,13,13,4,2,13,True,Rushing Touchdown,Solomon Beebe 13 Yd Run (Jalen Kitna Pass to Iverson Hooks for Two-Point Conversion),3.1310369794708617,2025-10-11T23:22:07.000Z
401762482,40176248212,401762482102968403,12,1,UAB,American Athletic,14,Florida Atlantic,American Athletic,28,Florida Atlantic,UAB,2,"{'minutes': 3, 'seconds': 15}",3,2,65,65,1,10,0,False,Kickoff,Owen Simpson kickoff for 65 yds for a touchback,,2025-10-11T23:23:13.000Z
401762482,40176248212,401762482102968405,12,2,Florida Atlantic,American Athletic,28,UAB,American Athletic,14,Florida Atlantic,UAB,2,"{'minutes': 3, 'seconds': 15}",2,3,25,75,1,10,15,False,Penalty,"PENALTY UAB UNR: Unnecessary Roughness (Crozier,Isaiah) 15 yards from FAU25 to FAU40, 1ST DOWN. NO PLAY.",,2025-10-11T23:24:41.000Z
401762482,40176248212,401762482102976602,12,5,Florida Atlantic,American Athletic,28,UAB,American Athletic,14,Florida Atlantic,UAB,2,"{'minutes': 2, 'seconds': 33}",2,2,42,58,3,8,0,False,Timeout,"Timeout UAB, clock 02:33",,2025-10-11T23:25:52.000Z
401762482,40176248212,401762482102979904,12,8,Florida Atlantic,American Athletic,28,UAB,American Athletic,14,Florida Atlantic,UAB,2,"{'minutes': 2, 'seconds': 0}",1,2,58,42,1,10,0,False,Timeout,"Timeout Florida Atlantic, clock 02:00",,2025-10-11T23:31:19.000Z
401762482,40176248212,401762482102984403,12,9,Florida Atlantic,American Athletic,28,UAB,American Athletic,14,Florida Atlantic,UAB,2,"{'minutes': 1, 'seconds': 55}",1,2,58,42,1,10,-10,False,Penalty,"(01:58) No Huddle-Shotgun Sands,Gemari rush left for 8 yards gain to the UAB34 (Hightower,Devin; Royster,Pierre) PENALTY FAU Holding (Kirch,Michael) 10 yards from UAB42 to FAU48. NO PLAY.",,2025-10-11T23:31:37.000Z
401762482,40176248212,401762482102986304,12,12,Florida Atlantic,American Athletic,28,UAB,American Athletic,14,Florida Atlantic,UAB,2,"{'minutes': 1, 'seconds': 36}",1,1,57,43,3,11,0,False,Timeout,"Timeout UAB, clock 01:36",,2025-10-11T23:34:47.000Z
401762482,40176248212,401762482102969701,12,3,Florida Atlantic,American Athletic,28,UAB,American Athletic,14,Florida Atlantic,UAB,2,"{'minutes': 3, 'seconds': 2}",2,3,40,60,1,10,1,False,Rush,Gemari Sands run for 1 yd to the FAU 41,-0.9114215282702052,2025-10-11T23:25:20.000Z
401762482,40176248212,401762482102976601,12,4,Florida Atlantic,American Athletic,28,UAB,American Athletic,14,Florida Atlantic,UAB,2,"{'minutes': 2, 'seconds': 33}",2,3,41,59,2,9,1,False,Rush,Gemari Sands run for 1 yd to the FAU 42,-0.6972171455037888,2025-10-11T23:25:50.000Z
401762482,40176248212,401762482102977401,12,6,Florida Atlantic,American Athletic,28,UAB,American Athletic,14,Florida Atlantic,UAB,2,"{'minutes': 2, 'seconds': 25}",2,2,42,58,3,8,5,False,Pass Reception,Caden Veltkamp pass complete to Gemari Sands for 5 yds to the FAU 47,0.0479774442901393,2025-10-11T23:27:25.000Z
401762482,40176248212,401762482102979903,12,7,Florida Atlantic,American Athletic,28,UAB,American Athletic,14,Florida Atlantic,UAB,2,"{'minutes': 2, 'seconds': 0}",2,2,47,53,4,3,11,False,Rush,Gemari Sands run for 11 yds to the UAB 42 for a 1ST down,3.022626362055406,2025-10-11T23:31:19.000Z
401762482,40176248212,401762482102985102,12,10,Florida Atlantic,American Athletic,28,UAB,American Athletic,14,Florida Atlantic,UAB,2,"{'minutes': 1, 'seconds': 48}",1,2,48,52,1,20,1,False,Pass Reception,Caden Veltkamp pass complete to Asaad Waseem for 1 yd to the FAU 49,-0.7372880923686944,2025-10-11T23:32:52.000Z
401762482,40176248212,401762482102986303,12,11,Florida Atlantic,American Athletic,28,UAB,American Athletic,14,Florida Atlantic,UAB,2,"{'minutes': 1, 'seconds': 36}",1,2,49,51,2,19,8,False,Rush,Gemari Sands run for 8 yds to the UAB 43,0.6278391408382697,2025-10-11T23:34:47.000Z
401762482,40176248212,401762482102987001,12,13,Florida Atlantic,American Athletic,35,UAB,American Athletic,14,Florida Atlantic,UAB,2,"{'minutes': 1, 'seconds': 29}",1,1,57,43,3,11,43,True,Passing Touchdown,Caden Veltkamp pass complete to Dominique Henry for 43 yds for a TD (Garrison Smith KICK),5.473068199871312,2025-10-11T23:36:05.000Z
401762482,40176248213,401762482102987003,13,1,Florida Atlantic,American Athletic,35,UAB,American Athletic,14,Florida Atlantic,UAB,2,"{'minutes': 1, 'seconds': 29}",1,1,35,65,1,10,0,False,Penalty,"UAB Penalty, Defensive Offside (Devin Hightower) declined",,
401762482,40176248213,401762482102987004,13,2,Florida Atlantic,American Athletic,35,UAB,American Athletic,14,Florida Atlantic,UAB,2,"{'minutes': 1, 'seconds': 29}",1,1,35,65,1,10,0,False,Kickoff,Andrew Nelms kickoff for 65 yds for a touchback,,2025-10-11T23:36:05.000Z
401762482,40176248213,401762482102994702,13,5,UAB,American Athletic,14,Florida Atlantic,American Athletic,35,Florida Atlantic,UAB,2,"{'minutes': 0, 'seconds': 52}",1,0,59,59,2,4,0,False,Timeout,"Timeout Florida Atlantic, clock 00:52",,2025-10-11T23:38:50.000Z
401762482,40176248213,401762482102996401,13,8,UAB,American Athletic,14,Florida Atlantic,American Athletic,35,Florida Atlantic,UAB,2,"{'minutes': 0, 'seconds': 35}",1,0,59,59,4,4,0,False,Punt,"Patrick Foley punt for 42 yds, fair catch by Easton Messer at the FAU 17",,2025-10-11T23:41:46.000Z
401762482,40176248213,401762482102988401,13,3,UAB,American Athletic,14,Florida Atlantic,American Athletic,35,Florida Atlantic,UAB,2,"{'minutes': 1, 'seconds': 15}",1,1,75,75,1,10,10,False,Pass Reception,Jalen Kitna pass complete to Iverson Hooks for 10 yds to the UAB 35 for a 1ST down,0.8350381090299867,2025-10-11T23:37:46.000Z
401762482,40176248213,401762482102994701,13,4,UAB,American Athletic,14,Florida Atlantic,American Athletic,35,Florida Atlantic,UAB,2,"{'minutes': 0, 'seconds': 52}",1,1,65,65,1,10,6,False,Pass Reception,Jalen Kitna pass complete to Antonio Ferguson for 6 yds to the UAB 41,0.3983464844048346,2025-10-11T23:38:17.000Z
401762482,40176248213,401762482102995301,13,6,UAB,American Athletic,14,Florida Atlantic,American Athletic,35,Florida Atlantic,UAB,2,"{'minutes': 0, 'seconds': 46}",1,0,59,59,2,4,0,False,Pass Incompletion,Jalen Kitna pass incomplete to Brandon Hawkins Jr.,-1.1629301570993986,2025-10-11T23:40:18.000Z
401762482,40176248213,401762482102995801,13,7,UAB,American Athletic,14,Florida Atlantic,American Athletic,35,Florida Atlantic,UAB,2,"{'minutes': 0, 'seconds': 41}",1,0,59,59,3,4,0,False,Pass Incompletion,Jalen Kitna pass incomplete to Brandon Hawkins Jr.,-0.7186703560809607,2025-10-11T23:40:56.000Z
401762482,40176248214,401762482102999101,14,5,Florida Atlantic,American Athletic,35,UAB,American Athletic,14,Florida Atlantic,UAB,2,"{'minutes': 0, 'seconds': 8}",0,0,33,67,4,6,0,False,Timeout,"Timeout UAB, clock 00:08",,2025-10-11T23:44:50.000Z
401762482,40176248214,401762482102999901,14,7,Florida Atlantic,American Athletic,35,UAB,American Athletic,14,Florida Atlantic,UAB,2,"{'minutes': 0, 'seconds': 0}",0,0,33,67,4,6,0,False,Punt,"Logan Lupo punt for 51 yds, punt out-of-bounds at the UAB 16",,2025-10-11T23:44:50.000Z
401762482,40176248214,401762482102997001,14,1,Florida Atlantic,American Athletic,35,UAB,American Athletic,14,Florida Atlantic,UAB,2,"{'minutes': 0, 'seconds': 29}",0,1,17,83,1,10,9,False,Pass Reception,Caden Veltkamp pass complete to Asaad Waseem for 9 yds to the FAU 26,1.023085236154417,2025-10-11T23:42:29.000Z
401762482,40176248214,401762482102997601,14,2,Florida Atlantic,American Athletic,35,UAB,American Athletic,14,Florida Atlantic,UAB,2,"{'minutes': 0, 'seconds': 23}",0,1,26,74,2,1,3,False,Rush,Kaden Shields-Dutton run for 3 yds to the FAU 29 for a 1ST down,-0.2635195263577241,2025-10-11T23:42:49.000Z
401762482,40176248214,401762482102998602,14,3,Florida Atlantic,American Athletic,35,UAB,American Athletic,14,Florida Atlantic,UAB,2,"{'minutes': 0, 'seconds': 13}",0,1,29,71,1,10,0,False,Pass Incompletion,Caden Veltkamp pass incomplete to Asaad Waseem,-0.8305196050291288,2025-10-11T23:43:18.000Z
401762482,40176248214,401762482102998802,14,4,Florida Atlantic,American Athletic,35,UAB,American Athletic,14,Florida Atlantic,UAB,2,"{'minutes': 0, 'seconds': 11}",0,1,29,71,2,10,0,False,Pass Incompletion,Caden Veltkamp pass incomplete to Jayshon Platt,-0.43555458427823446,2025-10-11T23:43:56.000Z
401762482,40176248214,401762482102999802,14,6,Florida Atlantic,American Athletic,35,UAB,American Athletic,14,Florida Atlantic,UAB,2,"{'minutes': 0, 'seconds': 1}",0,0,29,71,3,10,4,False,Rush,Kaden Shields-Dutton run for 4 yds to the FAU 33,-0.039744911981046016,2025-10-11T23:44:39.000Z
401762482,40176248215,401762482103854702,15,2,UAB,American Athletic,14,Florida Atlantic,American Athletic,35,Florida Atlantic,UAB,3,"{'minutes': 14, 'seconds': 52}",3,3,65,65,1,10,50,False,Kickoff Return (Offense),"Owen Simpson kickoff for 65 yds , Jayshon Platt return for 50 yds to the 50 yard line",,2025-10-12T00:06:25.000Z
401762482,40176248215,401762482103877102,15,8,Florida Atlantic,American Athletic,35,UAB,American Athletic,14,Florida Atlantic,UAB,3,"{'minutes': 12, 'seconds': 28}",3,3,91,9,2,8,7,False,Penalty,"(12:28) No Huddle-Shotgun Veltkamp,Caden pass incomplete short left to Henry,Dom thrown to UAB00 PENALTY UAB Pass Interference (Gulley,Delvon) 7 yards from UAB09 to UAB02, 1ST DOWN. NO PLAY.",,2025-10-12T00:12:13.000Z
401762482,40176248215,401762482102999903,15,1,UAB,American Athletic,14,Florida Atlantic,American Athletic,35,Florida Atlantic,UAB,2,"{'minutes': 0, 'seconds': 0}",0,0,84,84,0,10,0,False,End of Half,End of 2nd Quarter,,2025-10-11T23:44:50.000Z
401762482,40176248215,401762482103854704,15,3,Florida Atlantic,American Athletic,35,UAB,American Athletic,14,Florida Atlantic,UAB,3,"{'minutes': 14, 'seconds': 52}",3,3,50,50,1,10,12,False,Rush,Kaden Shields-Dutton run for 12 yds to the UAB 38 for a 1ST down,0.746819283536185,2025-10-12T00:06:25.000Z
401762482,40176248215,401762482103854705,15,4,Florida Atlantic,American Athletic,35,UAB,American Athletic,14,Florida Atlantic,UAB,3,"{'minutes': 14, 'seconds': 52}",3,3,62,38,1,10,3,False,Rush,Kaden Shields-Dutton run for 3 yds to the UAB 35,-0.247403115532039,2025-10-12T00:08:58.000Z
401762482,40176248215,401762482103854706,15,5,Florida Atlantic,American Athletic,35,UAB,American Athletic,14,Florida Atlantic,UAB,3,"{'minutes': 14, 'seconds': 52}",3,3,65,35,2,7,8,False,Rush,Kaden Shields-Dutton run for 8 yds to the UAB 27 for a 1ST down,0.600714922725741,2025-10-12T00:08:58.000Z
401762482,40176248215,401762482103854707,15,6,Florida Atlantic,American Athletic,35,UAB,American Athletic,14,Florida Atlantic,UAB,3,"{'minutes': 14, 'seconds': 52}",3,3,73,27,1,10,16,False,Rush,Kaden Shields-Dutton run for 16 yds to the UAB 11 for a 1ST down,0.219541428023561,2025-10-12T00:08:58.000Z
401762482,40176248215,401762482103874801,15,7,Florida Atlantic,American Athletic,35,UAB,American Athletic,14,Florida Atlantic,UAB,3,"{'minutes': 12, 'seconds': 51}",3,3,89,11,1,10,2,False,Rush,Caden Veltkamp run for 2 yds to the UAB 9,-0.165648229401373,2025-10-12T00:11:41.000Z
401762482,40176248215,401762482103878301,15,9,Florida Atlantic,American Athletic,35,UAB,American Athletic,14,Florida Atlantic,UAB,3,"{'minutes': 12, 'seconds': 16}",3,3,98,2,1,2,1,False,Rush,Kaden Shields-Dutton run for 1 yd to the UAB 1,-0.687116939800908,2025-10-12T00:13:04.000Z
401762482,40176248215,401762482103885901,15,10,Florida Atlantic,American Athletic,42,UAB,American Athletic,14,Florida Atlantic,UAB,3,"{'minutes': 11, 'seconds': 40}",3,3,99,1,2,1,1,True,Rushing Touchdown,Kaden Shields-Dutton run for 1 yd for a TD (Garrison Smith KICK),1.900352237473006,2025-10-12T00:13:54.000Z
401762482,40176248220,401762482104934202,16,9,UAB,American Athletic,30,Florida Atlantic,American Athletic,50,Florida Atlantic,UAB,4,"{'minutes': 6, 'seconds': 57}",3,3,21,21,1,10,-5,False,Penalty,"(06:57) No Huddle-Shotgun Kitna,Jalen pass incomplete deep right to Lagg,Elijah thrown to FAU00 PENALTY UAB Ineligible Downfield on Pass (Lepkowski,Adam) 5 yards from FAU21 to FAU26. NO PLAY.",,2025-10-12T01:05:51.000Z
401762482,40176248220,401762482104947402,16,13,UAB,American Athletic,30,Florida Atlantic,American Athletic,50,Florida Atlantic,UAB,4,"{'minutes': 5, 'seconds': 25}",3,3,17,17,4,6,-10,False,Penalty,"(05:32) No Huddle-Shotgun Kitna,Jalen rush middle for 13 yards gain to the FAU04 (Williams,Dillion) PENALTY UAB Holding (Moore,Logan) 10 yards from FAU17 to FAU27. NO PLAY.",,2025-10-12T01:09:31.000Z
401762482,40176248220,401762482104949401,16,14,UAB,American Athletic,33,Florida Atlantic,American Athletic,50,Florida Atlantic,UAB,4,"{'minutes': 5, 'seconds': 5}",3,3,27,27,4,16,45,True,Field Goal Good,Jonah Delange 45 yd FG GOOD,,2025-10-12T01:10:58.000Z
401762482,40176248220,401762482104949410,16,15,UAB,American Athletic,30,Florida Atlantic,American Athletic,50,Florida Atlantic,UAB,4,"{'minutes': 5, 'seconds': 5}",3,3,65,65,1,10,-5,False,Penalty,"(05:05) Simpson,Owen onside kickoff 10 yards to the UAB45 PENALTY UAB Illegal Motion (Toussom,Eddy) 5 yards from UAB35 to UAB30. NO PLAY.",,2025-10-12T01:10:58.000Z
401762482,40176248220,401762482104885601,16,1,UAB,American Athletic,30,Florida Atlantic,American Athletic,50,Florida Atlantic,UAB,4,"{'minutes': 11, 'seconds': 43}",3,3,63,63,1,10,9,False,Rush,Jevon Jackson run for 9 yds to the UAB 46,1.3755540761931897,2025-10-12T01:01:00.000Z
401762482,40176248220,401762482104887701,16,2,UAB,American Athletic,30,Florida Atlantic,American Athletic,50,Florida Atlantic,UAB,4,"{'minutes': 11, 'seconds': 22}",3,3,54,54,2,1,5,False,Rush,Jevon Jackson run for 5 yds to the FAU 49 for a 1ST down,-0.0873738342526878,2025-10-12T01:01:26.000Z
401762482,40176248220,401762482104895401,16,3,UAB,American Athletic,30,Florida Atlantic,American Athletic,50,Florida Atlantic,UAB,4,"{'minutes': 10, 'seconds': 45}",3,3,49,49,1,10,4,False,Pass Reception,Jalen Kitna pass complete to Solomon Beebe for 4 yds to the FAU 45,-0.1369390380115582,2025-10-12T01:02:05.000Z
401762482,40176248220,401762482104898701,16,4,UAB,American Athletic,30,Florida Atlantic,American Athletic,50,Florida Atlantic,UAB,4,"{'minutes': 10, 'seconds': 12}",3,3,45,45,2,6,4,False,Rush,Jevon Jackson run for 4 yds to the FAU 41,-0.1449228473880205,2025-10-12T01:02:36.000Z
401762482,40176248220,401762482104907601,16,5,UAB,American Athletic,30,Florida Atlantic,American Athletic,50,Florida Atlantic,UAB,4,"{'minutes': 9, 'seconds': 23}",3,3,41,41,3,2,3,False,Rush,Isaiah Jacobs run for 3 yds to the FAU 38 for a 1ST down,0.949599788451639,2025-10-12T01:03:23.000Z
401762482,40176248220,401762482104915801,16,6,UAB,American Athletic,30,Florida Atlantic,American Athletic,50,Florida Atlantic,UAB,4,"{'minutes': 8, 'seconds': 41}",3,3,38,38,1,10,9,False,Pass Reception,Jalen Kitna pass complete to Isaiah Jacobs for 9 yds to the FAU 29,0.800789073122285,2025-10-12T01:04:06.000Z
401762482,40176248220,401762482104919101,16,7,UAB,American Athletic,30,Florida Atlantic,American Athletic,50,Florida Atlantic,UAB,4,"{'minutes': 8, 'seconds': 8}",3,3,29,29,2,1,0,False,Rush,Isaiah Jacobs run for no gain to the FAU 29,-0.7945910922877883,2025-10-12T01:04:40.000Z
401762482,40176248220,401762482104926101,16,8,UAB,American Athletic,30,Florida Atlantic,American Athletic,50,Florida Atlantic,UAB,4,"{'minutes': 7, 'seconds': 38}",3,3,29,29,3,1,8,False,Rush,Isaiah Jacobs run for 8 yds to the FAU 21 for a 1ST down,0.4560978539551983,2025-10-12T01:05:09.000Z
401762482,40176248220,401762482104935601,16,10,UAB,American Athletic,30,Florida Atlantic,American Athletic,50,Florida Atlantic,UAB,4,"{'minutes': 6, 'seconds': 43}",3,3,26,26,1,15,2,False,Pass Reception,Jalen Kitna pass complete to Jevon Jackson for 2 yds to the FAU 24,-0.2554654650322519,2025-10-12T01:07:03.000Z
401762482,40176248220,401762482104939701,16,11,UAB,American Athletic,30,Florida Atlantic,American Athletic,50,Florida Atlantic,UAB,4,"{'minutes': 6, 'seconds': 2}",3,3,24,24,2,13,7,False,Pass Reception,Jalen Kitna pass complete to Iverson Hooks for 7 yds to the FAU 17,0.241474197766685,2025-10-12T01:07:56.000Z
401762482,40176248220,401762482104946601,16,12,UAB,American Athletic,30,Florida Atlantic,American Athletic,50,Florida Atlantic,UAB,4,"{'minutes': 5, 'seconds': 33}",3,3,17,17,3,6,0,False,Pass Incompletion,Jalen Kitna pass incomplete to Iverson Hooks,-0.541738138844277,2025-10-12T01:08:13.000Z
401762482,40176248221,401762482104949408,17,1,UAB,American Athletic,33,Florida Atlantic,American Athletic,50,Florida Atlantic,UAB,4,"{'minutes': 5, 'seconds': 5}",3,3,70,70,1,10,0,False,Kickoff,Patrick Foley kickoff for 11 yds,,2025-10-12T01:10:58.000Z
401762482,40176248221,401762482104967003,17,5,Florida Atlantic,American Athletic,50,UAB,American Athletic,33,Florida Atlantic,UAB,4,"{'minutes': 3, 'seconds': 29}",2,3,70,30,4,1,0,False,Timeout,"Timeout Florida Atlantic, clock 03:29",,2025-10-12T01:20:43.000Z
401762482,40176248221,401762482104976302,17,8,Florida Atlantic,American Athletic,50,UAB,American Athletic,33,Florida Atlantic,UAB,4,"{'minutes': 2, 'seconds': 36}",2,2,90,10,2,8,0,False,Timeout,"Timeout UAB, clock 02:36",,2025-10-12T01:24:23.000Z
401762482,40176248221,401762482104976802,17,10,Florida Atlantic,American Athletic,50,UAB,American Athletic,33,Florida Atlantic,UAB,4,"{'minutes': 2, 'seconds': 31}",2,1,92,8,3,6,0,False,Timeout,"Timeout UAB, clock 02:31",,2025-10-12T01:25:42.000Z
401762482,40176248221,401762482104979901,17,12,Florida Atlantic,American Athletic,50,UAB,American Athletic,33,Florida Atlantic,UAB,4,"{'minutes': 2, 'seconds': 0}",1,1,90,10,4,8,0,False,Timeout,"Timeout Florida Atlantic, clock 02:00",,2025-10-12T00:53:34.000Z
401762482,40176248221,401762482104955001,17,2,Florida Atlantic,American Athletic,50,UAB,American Athletic,33,Florida Atlantic,UAB,4,"{'minutes': 4, 'seconds': 49}",3,3,61,39,1,10,5,False,Rush,Gemari Sands run for 5 yds to the UAB 34,0.086001265551813,2025-10-12T01:19:15.000Z
401762482,40176248221,401762482104958801,17,3,Florida Atlantic,American Athletic,50,UAB,American Athletic,33,Florida Atlantic,UAB,4,"{'minutes': 4, 'seconds': 11}",3,3,66,34,2,5,2,False,Rush,Gemari Sands run for 2 yds to the UAB 32,-0.4492013966457123,2025-10-12T01:20:02.000Z
401762482,40176248221,401762482104967001,17,4,Florida Atlantic,American Athletic,50,UAB,American Athletic,33,Florida Atlantic,UAB,4,"{'minutes': 3, 'seconds': 29}",3,3,68,32,3,3,2,False,Rush,Gemari Sands run for 2 yds to the UAB 30,-0.5216384573801082,2025-10-12T01:20:43.000Z
401762482,40176248221,401762482104968901,17,6,Florida Atlantic,American Athletic,50,UAB,American Athletic,33,Florida Atlantic,UAB,4,"{'minutes': 3, 'seconds': 10}",2,3,70,30,4,1,18,False,Pass Reception,Caden Veltkamp pass complete to Easton Messer for 18 yds to the UAB 12 for a 1ST down,1.495182601369633,2025-10-12T01:23:44.000Z
401762482,40176248221,401762482104976301,17,7,Florida Atlantic,American Athletic,50,UAB,American Athletic,33,Florida Atlantic,UAB,4,"{'minutes': 2, 'seconds': 36}",2,3,88,12,1,10,2,False,Rush,Gemari Sands run for 2 yds to the UAB 10,-0.1686350677656265,2025-10-12T01:24:23.000Z
401762482,40176248221,401762482104976801,17,9,Florida Atlantic,American Athletic,50,UAB,American Athletic,33,Florida Atlantic,UAB,4,"{'minutes': 2, 'seconds': 31}",2,2,90,10,2,8,2,False,Rush,Gemari Sands run for 2 yds to the UAB 8,-0.157317157174672,2025-10-12T01:25:42.000Z
401762482,40176248221,401762482104978701,17,11,Florida Atlantic,American Athletic,50,UAB,American Athletic,33,Florida Atlantic,UAB,4,"{'minutes': 2, 'seconds': 12}",2,1,92,8,3,6,-2,False,Rush,Caden Veltkamp run for a loss of 2 yards to the UAB 10,-0.5306365511494313,2025-10-12T01:26:56.000Z
401762482,40176248221,401762482104984201,17,13,Florida Atlantic,American Athletic,53,UAB,American Athletic,33,Florida Atlantic,UAB,4,"{'minutes': 1, 'seconds': 57}",1,1,90,10,4,8,28,True,Field Goal Good,Garrison Smith 28 yd FG GOOD,,2025-10-12T01:31:09.000Z
401762482,40176248222,401762482104984202,18,1,Florida Atlantic,American Athletic,53,UAB,American Athletic,33,Florida Atlantic,UAB,4,"{'minutes': 1, 'seconds': 57}",1,1,35,65,1,10,0,False,Kickoff,Andrew Nelms kickoff for 65 yds for a touchback,,2025-10-12T01:33:17.000Z
401762482,40176248222,401762482104984902,18,2,UAB,American Athletic,33,Florida Atlantic,American Athletic,53,Florida Atlantic,UAB,4,"{'minutes': 1, 'seconds': 50}",1,1,75,75,1,10,-15,False,Penalty,"UAB Penalty, UNR: Unnecessary Roughness (-15 Yards) to the UAB 15",,2025-10-12T01:33:55.000Z
401762482,40176248222,401762482104988101,18,3,UAB,American Athletic,33,Florida Atlantic,American Athletic,53,Florida Atlantic,UAB,4,"{'minutes': 1, 'seconds': 18}",1,1,85,85,2,20,5,False,Pass Reception,Jalen Kitna pass complete to Iverson Hooks for 5 yds to the UAB 20,0.00653052407858644,2025-10-12T01:34:45.000Z
401762482,40176248222,401762482104994501,18,4,UAB,American Athletic,33,Florida Atlantic,American Athletic,53,Florida Atlantic,UAB,4,"{'minutes': 0, 'seconds': 54}",1,1,80,80,3,15,0,False,Pass Incompletion,Jalen Kitna pass incomplete to J.C. Sivley,-0.06579665004736057,2025-10-12T01:35:12.000Z
401762482,40176248222,401762482104995201,18,5,UAB,American Athletic,33,Florida Atlantic,American Athletic,53,Florida Atlantic,UAB,4,"{'minutes': 0, 'seconds': 47}",1,1,80,80,4,15,-4,False,Sack,Jalen Kitna sacked by Earl Miller Jr. for a loss of 4 yards to the UAB 16,0.35966424426539323,2025-10-12T01:36:07.000Z
401762482,40176248223,401762482104997702,19,2,Florida Atlantic,American Athletic,53,UAB,American Athletic,33,Florida Atlantic,UAB,4,"{'minutes': 0, 'seconds': 0}",1,1,83,17,0,11,0,False,End of Game,End of 4th Quarter,,2025-10-12T01:37:40.000Z
401762482,40176248223,401762482104996301,19,1,Florida Atlantic,American Athletic,53,UAB,American Athletic,33,Florida Atlantic,UAB,4,"{'minutes': 0, 'seconds': 36}",1,1,84,16,1,10,-1,False,Rush,(00:43) Kneel down by Fla. Atlantic at UAB17 for loss of 1 yard.,-0.4029360320644906,2025-10-12T01:36:43.000Z
401762482,40176248223,401762482104999901,19,3,Florida Atlantic,American Athletic,53,UAB,American Athletic,33,Florida Atlantic,UAB,4,"{'minutes': 0, 'seconds': 0}",1,1,83,17,2,11,-1,False,Rush,(00:24) Kneel down by Fla. Atlantic at UAB18 for loss of 1 yard.,-0.5282577273189637,2025-10-12T01:37:46.000Z
401762487,4017624871,401762487101849903,1,1,Memphis,American Athletic,0,UAB,American Athletic,0,UAB,Memphis,1,"{'minutes': 15, 'seconds': 0}",3,3,65,65,1,10,0,False,Kickoff,Gianni Spetic kickoff for 65 yds for a touchback,,2025-10-18T20:05:49.000Z
401762487,4017624871,401762487101854501,1,2,UAB,American Athletic,0,Memphis,American Athletic,0,UAB,Memphis,1,"{'minutes': 14, 'seconds': 54}",3,3,25,75,1,10,5,False,Rush,Jevon Jackson run for 5 yds to the UAB 30,0.0945451165334843,2025-10-18T20:06:34.000Z
401762487,4017624871,401762487101857201,1,3,UAB,American Athletic,0,Memphis,American Athletic,0,UAB,Memphis,1,"{'minutes': 14, 'seconds': 27}",3,3,30,70,2,5,3,False,Rush,Jevon Jackson run for 3 yds to the UAB 33,-0.3141325711590933,2025-10-18T20:07:08.000Z
401762487,4017624871,401762487101865901,1,4,UAB,American Athletic,0,Memphis,American Athletic,0,UAB,Memphis,1,"{'minutes': 13, 'seconds': 40}",3,3,33,67,3,2,3,False,Pass Reception,Ryder Burton pass complete to Solomon Beebe for 3 yds to the UAB 36 for a 1ST down,1.1501499665715995,2025-10-18T20:07:51.000Z
401762487,4017624871,401762487101868701,1,5,UAB,American Athletic,0,Memphis,American Athletic,0,UAB,Memphis,1,"{'minutes': 13, 'seconds': 12}",3,3,36,64,1,10,-1,False,Rush,Jevon Jackson run for a loss of 1 yard to the UAB 35,-1.2088420704637137,2025-10-18T20:08:14.000Z
401762487,4017624871,401762487101877401,1,6,UAB,American Athletic,0,Memphis,American Athletic,0,UAB,Memphis,1,"{'minutes': 12, 'seconds': 25}",3,3,35,65,2,11,9,False,Pass Reception,Ryder Burton pass complete to Iverson Hooks for 9 yds to the UAB 44,0.8891377052318763,2025-10-18T20:09:07.000Z
401762487,4017624871,401762487101878101,1,7,UAB,American Athletic,0,Memphis,American Athletic,0,UAB,Memphis,1,"{'minutes': 12, 'seconds': 18}",3,3,44,56,3,2,3,False,Rush,Ryder Burton run for 3 yds to the UAB 47 for a 1ST down,1.3715975394338606,2025-10-18T20:09:43.000Z
401762487,4017624871,401762487101885801,1,8,UAB,American Athletic,0,Memphis,American Athletic,0,UAB,Memphis,1,"{'minutes': 11, 'seconds': 41}",3,3,47,53,1,10,15,False,Rush,Nate Rogers run for 15 yds to the MEM 38 for a 1ST down,1.0007067849881197,2025-10-18T20:10:19.000Z
401762487,4017624871,401762487101894301,1,9,UAB,American Athletic,0,Memphis,American Athletic,0,UAB,Memphis,1,"{'minutes': 10, 'seconds': 56}",3,3,62,38,1,10,5,False,Rush,Brandon Hawkins Jr. run for 5 yds to the MEM 33,0.084800241468987,2025-10-18T20:11:01.000Z
401762487,4017624871,401762487101897401,1,10,UAB,American Athletic,0,Memphis,American Athletic,0,UAB,Memphis,1,"{'minutes': 10, 'seconds': 25}",3,3,67,33,2,5,18,False,Rush,Solomon Beebe run for 18 yds to the MEM 15 for a 1ST down,0.451593317551118,2025-10-18T20:11:40.000Z
401762487,4017624871,401762487101904301,1,11,UAB,American Athletic,7,Memphis,American Athletic,0,UAB,Memphis,1,"{'minutes': 9, 'seconds': 56}",3,3,85,15,1,10,15,True,Passing Touchdown,Ryder Burton pass complete to Iverson Hooks for 15 yds for a TD (Jonah Delange KICK),2.558199089565083,2025-10-18T20:12:12.000Z
401762487,4017624872,401762487101905703,2,2,Memphis,American Athletic,7,UAB,American Athletic,7,UAB,Memphis,1,"{'minutes': 9, 'seconds': 42}",3,3,65,65,1,10,0,False,Kickoff,Gianni Spetic kickoff for 65 yds for a touchback,,2025-10-18T20:17:34.000Z
401762487,4017624872,401762487101917602,2,5,UAB,American Athletic,7,Memphis,American Athletic,7,UAB,Memphis,1,"{'minutes': 8, 'seconds': 23}",3,3,18,82,3,17,10,False,Penalty,"(08:32) No Huddle-Shotgun Burton,Ryder pass complete short left to Daisy,Xavier caught at UAB33, for 15 yards to the UAB33 (Logan Jr.,Chauncey), out of bounds PENALTY MEM Holding (Logan Jr.,Chauncey) 10 yards from UAB18 to UAB28, 1ST DOWN. NO PLAY.",,2025-10-18T20:21:40.000Z
401762487,4017624872,401762487101966301,2,13,UAB,American Athletic,7,Memphis,American Athletic,7,UAB,Memphis,1,"{'minutes': 3, 'seconds': 36}",3,3,54,46,3,10,-5,False,Penalty,"PENALTY UAB False Start (Sneh,Brandon) 5 yards from MEM46 to UAB49. NO PLAY.",,2025-10-18T20:26:42.000Z
401762487,4017624872,401762487101927601,2,7,UAB,American Athletic,7,Memphis,American Athletic,7,UAB,Memphis,1,"{'minutes': 7, 'seconds': 23}",3,3,31,69,2,7,3,False,Rush,Isaiah Jacobs run for 3 yds to the UAB 34,-0.2745304525255578,2025-10-18T20:22:46.000Z
401762487,4017624872,401762487101905701,2,1,UAB,American Athletic,7,Memphis,American Athletic,7,UAB,Memphis,1,"{'minutes': 9, 'seconds': 42}",3,3,35,65,1,10,99,True,Kickoff Return Touchdown,"O. Simpson kick for 64 yds,S. Smith return for 99 yds for a TD (G. Spetic KICK)",,2025-10-18T20:17:01.000Z
401762487,4017624872,401762487101906301,2,3,UAB,American Athletic,7,Memphis,American Athletic,7,UAB,Memphis,1,"{'minutes': 9, 'seconds': 36}",3,3,25,75,1,10,4,False,Rush,Jevon Jackson run for 4 yds to the UAB 29,-0.1142886249388964,2025-10-18T20:19:51.000Z
401762487,4017624872,401762487101909701,2,4,UAB,American Athletic,7,Memphis,American Athletic,7,UAB,Memphis,1,"{'minutes': 9, 'seconds': 2}",3,3,29,71,2,6,-11,False,Sack,Ryder Burton sacked for a loss of 11 yards to the UAB 18,-1.1366934884165394,2025-10-18T20:20:26.000Z
401762487,4017624872,401762487101924501,2,6,UAB,American Athletic,7,Memphis,American Athletic,7,UAB,Memphis,1,"{'minutes': 7, 'seconds': 54}",3,3,28,72,1,10,3,False,Rush,Jevon Jackson run for 3 yds to the UAB 31,-0.3326246826501596,2025-10-18T20:22:14.000Z
401762487,4017624872,401762487101936101,2,8,UAB,American Athletic,7,Memphis,American Athletic,7,UAB,Memphis,1,"{'minutes': 6, 'seconds': 38}",3,3,34,66,3,4,9,False,Pass Reception,Ryder Burton pass complete to Iverson Hooks for 9 yds to the UAB 43 for a 1ST down,1.9974711499304432,2025-10-18T20:23:25.000Z
401762487,4017624872,401762487101939601,2,9,UAB,American Athletic,7,Memphis,American Athletic,7,UAB,Memphis,1,"{'minutes': 6, 'seconds': 3}",3,3,43,57,1,10,7,False,Pass Reception,Ryder Burton pass complete to J.C. Sivley for 7 yds to the 50 yard line,0.6806591914994475,2025-10-18T20:24:04.000Z
401762487,4017624872,401762487101946501,2,10,UAB,American Athletic,7,Memphis,American Athletic,7,UAB,Memphis,1,"{'minutes': 5, 'seconds': 34}",3,3,50,50,2,3,4,False,Rush,Jevon Jackson run for 4 yds to the MEM 46 for a 1ST down,0.2413700978774147,2025-10-18T20:24:32.000Z
401762487,4017624872,401762487101954801,2,11,UAB,American Athletic,7,Memphis,American Athletic,7,UAB,Memphis,1,"{'minutes': 4, 'seconds': 51}",3,3,54,46,1,10,3,False,Rush,Ryder Burton run for 3 yds to the MEM 43,-0.3418939310329067,2025-10-18T20:25:17.000Z
401762487,4017624872,401762487101958701,2,12,UAB,American Athletic,7,Memphis,American Athletic,7,UAB,Memphis,1,"{'minutes': 4, 'seconds': 12}",3,3,57,43,2,7,-3,False,Rush,Isaiah Jacobs run for a loss of 3 yards to the MEM 46,-1.7484874867936762,2025-10-18T20:26:12.000Z
401762487,4017624872,401762487101969001,2,14,UAB,American Athletic,7,Memphis,American Athletic,7,UAB,Memphis,1,"{'minutes': 3, 'seconds': 9}",3,3,49,51,3,15,0,False,Pass Interception Return,Ryder Burton pass intercepted Sam Brumfield return for no gain to the MEM 38,-0.5050884121273187,2025-10-18T20:27:45.000Z
401762487,4017624873,401762487101974201,3,1,Memphis,American Athletic,7,UAB,American Athletic,7,UAB,Memphis,1,"{'minutes': 2, 'seconds': 57}",3,3,62,62,1,10,2,False,Rush,Brendon Lewis run for 2 yds to the MEM 40,-0.6656376494811928,2025-10-18T20:31:25.000Z
401762487,4017624873,401762487101976801,3,2,Memphis,American Athletic,7,UAB,American Athletic,7,UAB,Memphis,1,"{'minutes': 2, 'seconds': 31}",3,3,60,60,2,8,13,False,Pass Reception,Brendon Lewis pass complete to Bryce Anderson for 13 yds to the UAB 47 for a 1ST down,2.0054390488942535,2025-10-18T20:31:54.000Z
401762487,4017624873,401762487101979801,3,3,Memphis,American Athletic,7,UAB,American Athletic,7,UAB,Memphis,1,"{'minutes': 2, 'seconds': 1}",3,3,47,47,1,10,5,False,Pass Reception,Brendon Lewis pass complete to Greg Desrosiers Jr. for 5 yds to the UAB 42,0.097373878655615,2025-10-18T20:32:25.000Z
401762487,4017624873,401762487101986301,3,4,Memphis,American Athletic,7,UAB,American Athletic,7,UAB,Memphis,1,"{'minutes': 1, 'seconds': 36}",3,3,42,42,2,5,0,False,Rush,Khyair Spain run for no gain to the UAB 42,-1.0744929256983404,2025-10-18T20:32:52.000Z
401762487,4017624873,401762487101987701,3,5,Memphis,American Athletic,7,UAB,American Athletic,7,UAB,Memphis,1,"{'minutes': 1, 'seconds': 22}",3,3,42,42,3,5,2,False,Rush,Brendon Lewis run for 2 yds to the UAB 40,-0.6392588172857945,2025-10-18T20:33:18.000Z
401762487,4017624873,401762487101995601,3,6,Memphis,American Athletic,7,UAB,American Athletic,7,UAB,Memphis,1,"{'minutes': 0, 'seconds': 43}",3,3,40,40,4,3,0,False,Pass Incompletion,Brendon Lewis pass incomplete to Cortez Braham Jr.,-1.77041989440505,2025-10-18T20:34:02.000Z
401762487,4017624874,401762487101996402,4,1,UAB,American Athletic,7,Memphis,American Athletic,7,UAB,Memphis,1,"{'minutes': 0, 'seconds': 0}",3,3,40,60,0,10,0,False,End Period,End of 1st Quarter,,2025-10-18T20:05:49.000Z
401762487,4017624874,401762487102896402,4,10,UAB,American Athletic,7,Memphis,American Athletic,7,UAB,Memphis,2,"{'minutes': 10, 'seconds': 35}",3,3,81,19,1,10,-10,False,Penalty,"(10:41) No Huddle-Shotgun Beebe,Solomon rush right for 19 yards gain to the MEM00 TOUCHDOWN nullified by penalty, clock 10:35 PENALTY UAB Holding (Ferguson,Antonio) 10 yards from MEM19 to MEM29. NO PLAY.",,2025-10-18T20:48:14.000Z
401762487,4017624874,401762487102929101,4,17,UAB,American Athletic,10,Memphis,American Athletic,7,UAB,Memphis,2,"{'minutes': 7, 'seconds': 8}",3,3,97,3,4,3,21,True,Field Goal Good,Jonah Delange 21 yd FG GOOD,,2025-10-18T20:56:51.000Z
401762487,4017624874,401762487101999901,4,2,UAB,American Athletic,7,Memphis,American Athletic,7,UAB,Memphis,1,"{'minutes': 0, 'seconds': 0}",3,3,40,60,1,10,2,False,Rush,Isaiah Jacobs run for 2 yds to the UAB 42,-0.6799841752385892,2025-10-18T20:38:42.000Z
401762487,4017624874,401762487102855001,4,3,UAB,American Athletic,7,Memphis,American Athletic,7,UAB,Memphis,2,"{'minutes': 14, 'seconds': 49}",3,3,42,58,2,8,3,False,Rush,Isaiah Jacobs run for 3 yds to the UAB 45,-0.3780948630945744,2025-10-18T20:43:21.000Z
401762487,4017624874,401762487102858801,4,4,UAB,American Athletic,7,Memphis,American Athletic,7,UAB,Memphis,2,"{'minutes': 14, 'seconds': 11}",3,3,45,55,3,5,8,False,Pass Reception,Ryder Burton pass complete to Iverson Hooks for 8 yds to the MEM 47 for a 1ST down,2.201777401210409,2025-10-18T20:44:05.000Z
401762487,4017624874,401762487102866001,4,5,UAB,American Athletic,7,Memphis,American Athletic,7,UAB,Memphis,2,"{'minutes': 13, 'seconds': 39}",3,3,53,47,1,10,0,False,Rush,Nate Rogers run for no gain to the MEM 47,-1.0507069190375147,2025-10-18T20:44:44.000Z
401762487,4017624874,401762487102868801,4,6,UAB,American Athletic,7,Memphis,American Athletic,7,UAB,Memphis,2,"{'minutes': 13, 'seconds': 11}",3,3,53,47,2,10,6,False,Rush,Jevon Jackson run for 6 yds to the MEM 41,0.3129970798941812,2025-10-18T20:45:16.000Z
401762487,4017624874,401762487102877301,4,7,UAB,American Athletic,7,Memphis,American Athletic,7,UAB,Memphis,2,"{'minutes': 12, 'seconds': 26}",3,3,59,41,3,4,2,False,Pass Reception,Ryder Burton pass complete to Brandon Hawkins Jr. for 2 yds to the MEM 39,-0.6442518367291559,2025-10-18T20:46:03.000Z
401762487,4017624874,401762487102885501,4,8,UAB,American Athletic,7,Memphis,American Athletic,7,UAB,Memphis,2,"{'minutes': 11, 'seconds': 44}",3,3,61,39,4,2,10,False,Rush,Jevon Jackson run for 10 yds to the MEM 29 for a 1ST down,2.2068627325408072,2025-10-18T20:46:49.000Z
401762487,4017624874,401762487102889901,4,9,UAB,American Athletic,7,Memphis,American Athletic,7,UAB,Memphis,2,"{'minutes': 11, 'seconds': 0}",3,3,71,29,1,10,10,False,Pass Reception,Ryder Burton pass complete to Iverson Hooks for 10 yds to the MEM 19 for a 1ST down,0.183853555960589,2025-10-18T20:47:42.000Z
401762487,4017624874,401762487102896901,4,11,UAB,American Athletic,7,Memphis,American Athletic,7,UAB,Memphis,2,"{'minutes': 10, 'seconds': 30}",3,3,71,29,1,20,0,False,Pass Incompletion,Ryder Burton pass incomplete to Brandon Hawkins Jr.,-0.7173948862427757,2025-10-18T20:49:10.000Z
401762487,4017624874,401762487102904001,4,12,UAB,American Athletic,7,Memphis,American Athletic,7,UAB,Memphis,2,"{'minutes': 9, 'seconds': 59}",3,3,71,29,2,20,11,False,Pass Reception,Ryder Burton pass complete to Iverson Hooks for 11 yds to the MEM 18,0.8952378034256565,2025-10-18T20:50:20.000Z
401762487,4017624874,401762487102906401,4,13,UAB,American Athletic,7,Memphis,American Athletic,7,UAB,Memphis,2,"{'minutes': 9, 'seconds': 35}",3,3,82,18,3,9,13,False,Rush,Isaiah Jacobs run for 13 yds to the MEM 5 for a 1ST down,1.417550298907173,2025-10-18T20:50:43.000Z
401762487,4017624874,401762487102914301,4,14,UAB,American Athletic,7,Memphis,American Athletic,7,UAB,Memphis,2,"{'minutes': 8, 'seconds': 56}",3,3,95,5,1,5,1,False,Rush,Isaiah Jacobs run for 1 yd to the MEM 4,-0.4501093998890865,2025-10-18T20:51:24.000Z
401762487,4017624874,401762487102918501,4,15,UAB,American Athletic,7,Memphis,American Athletic,7,UAB,Memphis,2,"{'minutes': 8, 'seconds': 14}",3,3,96,4,2,4,1,False,Rush,Nate Rogers run for 1 yd to the MEM 3,-0.2906721593310305,2025-10-18T20:52:07.000Z
401762487,4017624874,401762487102925301,4,16,UAB,American Athletic,7,Memphis,American Athletic,7,UAB,Memphis,2,"{'minutes': 7, 'seconds': 46}",3,3,97,3,3,3,0,False,Rush,Solomon Beebe run for no gain to the MEM 3,-0.291784144723391,2025-10-18T20:56:16.000Z
401762487,4017624875,401762487102929102,5,1,UAB,American Athletic,10,Memphis,American Athletic,7,UAB,Memphis,2,"{'minutes': 7, 'seconds': 8}",3,3,35,65,1,10,0,False,Kickoff,Owen Simpson kickoff for 65 yds,,2025-10-18T20:56:51.000Z
401762487,4017624875,401762487102934002,5,2,Memphis,American Athletic,7,UAB,American Athletic,10,UAB,Memphis,2,"{'minutes': 6, 'seconds': 59}",3,3,75,75,1,10,15,False,Penalty,"UAB Penalty, Face Mask (15 yards) (Sirad Bryant) to the MEM 44 for a 1ST down",,2025-10-18T21:01:44.000Z
401762487,4017624875,401762487102955001,5,6,Memphis,American Athletic,7,UAB,American Athletic,10,UAB,Memphis,2,"{'minutes': 4, 'seconds': 49}",3,3,28,28,1,10,-5,False,Penalty,"(04:56) PENALTY MEM False Start (Lewis,Brendon) 5 yards from UAB28 to UAB33. NO PLAY.",,2025-10-18T21:04:43.000Z
401762487,4017624875,401762487102966601,5,9,Memphis,American Athletic,7,UAB,American Athletic,10,UAB,Memphis,2,"{'minutes': 3, 'seconds': 33}",2,3,23,23,3,5,0,False,Timeout,"Timeout Memphis, clock 03:33",,2025-10-18T20:43:21.000Z
401762487,4017624875,401762487102936801,5,3,Memphis,American Athletic,7,UAB,American Athletic,10,UAB,Memphis,2,"{'minutes': 6, 'seconds': 31}",3,3,56,56,1,10,12,False,Pass Reception,Brendon Lewis pass complete to Greg Desrosiers Jr. for 12 yds to the UAB 44 for a 1ST down,0.9573004238692847,2025-10-18T21:02:42.000Z
401762487,4017624875,401762487102944101,5,4,Memphis,American Athletic,7,UAB,American Athletic,10,UAB,Memphis,2,"{'minutes': 5, 'seconds': 58}",3,3,44,44,1,10,3,False,Rush,Greg Desrosiers Jr. run for 3 yds to the UAB 41,-0.3178831342797892,2025-10-18T21:03:24.000Z
401762487,4017624875,401762487102948901,5,5,Memphis,American Athletic,7,UAB,American Athletic,10,UAB,Memphis,2,"{'minutes': 5, 'seconds': 10}",3,3,41,41,2,7,13,False,Pass Reception,Brendon Lewis pass complete to Marcello Bussey for 13 yds to the UAB 28 for a 1ST down,0.9667510176513795,2025-10-18T21:03:57.000Z
401762487,4017624875,401762487102956601,5,7,Memphis,American Athletic,7,UAB,American Athletic,10,UAB,Memphis,2,"{'minutes': 4, 'seconds': 33}",3,3,33,33,1,15,4,False,Pass Reception,Brendon Lewis pass complete to Marcello Bussey for 4 yds to the UAB 29,-0.0832561545311421,2025-10-18T21:05:10.000Z
401762487,4017624875,401762487102959301,5,8,Memphis,American Athletic,7,UAB,American Athletic,10,UAB,Memphis,2,"{'minutes': 4, 'seconds': 6}",3,3,29,29,2,11,6,False,Rush,Brendon Lewis run for 6 yds to the UAB 23,0.1788130349530572,2025-10-18T21:05:37.000Z
401762487,4017624875,401762487102967401,5,10,Memphis,American Athletic,7,UAB,American Athletic,10,UAB,Memphis,2,"{'minutes': 3, 'seconds': 25}",2,3,23,23,3,5,4,False,Rush,Greg Desrosiers Jr. run for 4 yds to the UAB 19,-0.0791598767569948,2025-10-18T21:09:47.000Z
401762487,4017624875,401762487102975101,5,11,Memphis,American Athletic,7,UAB,American Athletic,10,UAB,Memphis,2,"{'minutes': 2, 'seconds': 48}",2,3,19,19,4,1,4,False,Rush,Brendon Lewis run for 4 yds to the UAB 15 for a 1ST down,0.7469241192128773,2025-10-18T21:10:18.000Z
401762487,4017624875,401762487102978701,5,12,Memphis,American Athletic,7,UAB,American Athletic,10,UAB,Memphis,2,"{'minutes': 2, 'seconds': 12}",2,3,15,15,1,10,-2,False,Rush,Greg Desrosiers Jr. run for a loss of 2 yards to the UAB 17,-0.4626103754517987,2025-10-18T21:10:55.000Z
401762487,4017624875,401762487102984701,5,13,Memphis,American Athletic,7,UAB,American Athletic,10,UAB,Memphis,2,"{'minutes': 1, 'seconds': 52}",2,3,17,17,2,12,9,False,Pass Reception,Brendon Lewis pass complete to Cortez Braham Jr. for 9 yds to the UAB 8,0.3359500083276607,2025-10-18T21:15:28.000Z
401762487,4017624875,401762487102985401,5,14,Memphis,American Athletic,7,UAB,American Athletic,10,UAB,Memphis,2,"{'minutes': 1, 'seconds': 45}",2,3,8,8,3,3,7,False,Rush,Brendon Lewis run for 7 yds to the UAB 1 for a 1ST down,1.746838181568778,2025-10-18T21:16:05.000Z
401762487,4017624875,401762487102988701,5,15,Memphis,American Athletic,14,UAB,American Athletic,10,UAB,Memphis,2,"{'minutes': 1, 'seconds': 12}",2,3,1,1,1,1,1,True,Rushing Touchdown,Greg Desrosiers Jr. run for 1 yd for a TD (Gianni Spetic KICK),0.938021275120443,2025-10-18T21:16:54.000Z
401762487,4017624876,401762487102988703,6,1,Memphis,American Athletic,14,UAB,American Athletic,10,UAB,Memphis,2,"{'minutes': 1, 'seconds': 12}",2,3,65,65,1,10,0,False,Kickoff,Gianni Spetic kickoff for 65 yds for a touchback,,2025-10-18T21:16:59.000Z
401762487,4017624876,401762487102998102,6,6,UAB,American Athletic,10,Memphis,American Athletic,14,UAB,Memphis,2,"{'minutes': 0, 'seconds': 18}",2,2,64,36,1,10,0,False,Timeout,"Timeout UAB, clock 00:18",,2025-10-18T21:21:01.000Z
401762487,4017624876,401762487102999202,6,9,UAB,American Athletic,10,Memphis,American Athletic,14,UAB,Memphis,2,"{'minutes': 0, 'seconds': 7}",1,2,84,16,1,10,0,False,Timeout,"Timeout UAB, clock 00:07",,2025-10-18T21:23:30.000Z
401762487,4017624876,401762487102999703,6,11,UAB,American Athletic,17,Memphis,American Athletic,14,UAB,Memphis,2,"{'minutes': 0, 'seconds': 0}",1,2,35,65,0,10,0,False,End of Half,End of 2nd Quarter,,2025-10-18T21:27:29.000Z
401762487,4017624876,401762487102994501,6,2,UAB,American Athletic,10,Memphis,American Athletic,14,UAB,Memphis,2,"{'minutes': 0, 'seconds': 54}",3,2,25,75,1,10,7,False,Pass Reception,Ryder Burton pass complete to Elijah Lagg for 7 yds to the UAB 32,0.604642460086338,2025-10-18T21:19:35.000Z
401762487,4017624876,401762487102996401,6,3,UAB,American Athletic,10,Memphis,American Athletic,14,UAB,Memphis,2,"{'minutes': 0, 'seconds': 35}",3,2,32,68,2,3,17,False,Pass Reception,Ryder Burton pass complete to Brandon Hawkins Jr. for 17 yds to the UAB 49 for a 1ST down,1.5497454557420445,2025-10-18T21:20:03.000Z
401762487,4017624876,401762487102997401,6,4,UAB,American Athletic,10,Memphis,American Athletic,14,UAB,Memphis,2,"{'minutes': 0, 'seconds': 25}",3,2,49,51,1,10,0,False,Pass Incompletion,Ryder Burton pass incomplete to Brandon Hawkins Jr.,-1.1301991718133413,2025-10-18T21:20:14.000Z
401762487,4017624876,401762487102998101,6,5,UAB,American Athletic,10,Memphis,American Athletic,14,UAB,Memphis,2,"{'minutes': 0, 'seconds': 18}",3,2,49,51,2,10,15,False,Pass Reception,Ryder Burton pass complete to Elijah Lagg for 15 yds to the MEM 36 for a 1ST down,2.042788280692484,2025-10-18T21:21:01.000Z
401762487,4017624876,401762487102998501,6,7,UAB,American Athletic,10,Memphis,American Athletic,14,UAB,Memphis,2,"{'minutes': 0, 'seconds': 14}",2,2,64,36,1,10,0,False,Pass Incompletion,Ryder Burton pass incomplete to Jevon Jackson,-0.7215426143188567,2025-10-18T21:22:25.000Z
401762487,4017624876,401762487102999201,6,8,UAB,American Athletic,10,Memphis,American Athletic,14,UAB,Memphis,2,"{'minutes': 0, 'seconds': 7}",2,2,64,36,2,10,20,False,Pass Reception,Ryder Burton pass complete to Iverson Hooks for 20 yds to the MEM 16 for a 1ST down,1.1635979880402783,2025-10-18T21:23:14.000Z
401762487,4017624876,401762487102999701,6,10,UAB,American Athletic,17,Memphis,American Athletic,14,UAB,Memphis,2,"{'minutes': 0, 'seconds': 2}",1,2,84,16,1,10,16,True,Passing Touchdown,Ryder Burton pass complete to Iverson Hooks for 16 yds for a TD (Jonah Delange KICK),2.5687227212923744,2025-10-18T21:25:05.000Z
401762487,4017624877,401762487103849903,7,2,UAB,American Athletic,17,Memphis,American Athletic,14,UAB,Memphis,3,"{'minutes': 15, 'seconds': 0}",3,3,35,65,1,10,0,False,Kickoff,Owen Simpson kickoff for 65 yds for a touchback,,2025-10-18T00:00:00.000Z
401762487,4017624877,401762487103887601,7,9,Memphis,American Athletic,14,UAB,American Athletic,17,UAB,Memphis,3,"{'minutes': 11, 'seconds': 23}",3,3,65,65,4,12,0,False,Punt,"Lachlan Carrigan punt for 44 yds, fair catch by Iverson Hooks at the UAB 21",,2025-10-18T21:57:44.000Z
401762487,4017624877,401762487102999901,7,1,UAB,American Athletic,17,Memphis,American Athletic,14,UAB,Memphis,2,"{'minutes': 0, 'seconds': 0}",1,2,35,65,1,10,0,False,Kickoff Return (Offense),"Owen Simpson kickoff for 40 yds , Matt Adcock return for no gain to the MEM 25",,2025-10-18T21:27:29.000Z
401762487,4017624877,401762487103855001,7,3,Memphis,American Athletic,14,UAB,American Athletic,17,UAB,Memphis,3,"{'minutes': 14, 'seconds': 49}",3,3,75,75,1,10,3,False,Pass Reception,Brendon Lewis pass complete to Jamari Hawkins for 3 yds to the MEM 22,-0.2957674139440157,2025-10-18T21:49:40.000Z
401762487,4017624877,401762487103859401,7,4,Memphis,American Athletic,14,UAB,American Athletic,17,UAB,Memphis,3,"{'minutes': 14, 'seconds': 5}",3,3,78,78,2,13,10,False,Pass Reception,Brendon Lewis pass complete to Marcello Bussey for 10 yds to the MEM 32,0.5671292479619954,2025-10-18T21:50:46.000Z
401762487,4017624877,401762487103866701,7,5,Memphis,American Athletic,14,UAB,American Athletic,17,UAB,Memphis,3,"{'minutes': 13, 'seconds': 32}",3,3,68,68,3,3,5,False,Pass Reception,Brendon Lewis pass complete to Cortez Braham Jr. for 5 yds to the MEM 37 for a 1ST down,1.4163984672587224,2025-10-18T21:51:30.000Z
401762487,4017624877,401762487103875001,7,6,Memphis,American Athletic,14,UAB,American Athletic,17,UAB,Memphis,3,"{'minutes': 12, 'seconds': 49}",3,3,63,63,1,10,2,False,Rush,Brendon Lewis run for 2 yds to the MEM 39,-0.6556647600661254,2025-10-18T21:52:12.000Z
401762487,4017624877,401762487103877901,7,7,Memphis,American Athletic,14,UAB,American Athletic,17,UAB,Memphis,3,"{'minutes': 12, 'seconds': 20}",3,3,61,61,2,8,4,False,Rush,Greg Desrosiers Jr. run for 4 yds to the MEM 43,-0.1433478856514494,2025-10-18T21:52:44.000Z
401762487,4017624877,401762487103885201,7,8,Memphis,American Athletic,14,UAB,American Athletic,17,UAB,Memphis,3,"{'minutes': 11, 'seconds': 47}",3,3,57,57,3,4,-8,False,Sack,Brendon Lewis sacked by Jeremiah Vessel for a loss of 8 yards to the MEM 35,-1.3557331695158368,2025-10-18T21:56:38.000Z
401762487,4017624878,401762487103888301,8,1,UAB,American Athletic,17,Memphis,American Athletic,14,UAB,Memphis,3,"{'minutes': 11, 'seconds': 16}",3,3,21,79,1,10,-2,False,Rush,Jevon Jackson run for a loss of 2 yards to the UAB 19,-0.7325616754847815,2025-10-18T21:58:20.000Z
401762487,4017624878,401762487103896601,8,2,UAB,American Athletic,24,Memphis,American Athletic,14,UAB,Memphis,3,"{'minutes': 10, 'seconds': 33}",3,3,19,81,2,12,81,True,Rushing Touchdown,Solomon Beebe run for 81 yds for a TD (Jonah Delange KICK),7.063096465301937,2025-10-18T21:59:02.000Z
401762487,4017624879,401762487103896603,9,1,UAB,American Athletic,24,Memphis,American Athletic,14,UAB,Memphis,3,"{'minutes': 10, 'seconds': 33}",3,3,35,65,1,10,0,False,Kickoff,Owen Simpson kickoff for 65 yds for a touchback,,2025-10-18T21:59:02.000Z
401762487,4017624879,401762487103929301,9,8,Memphis,American Athletic,14,UAB,American Athletic,24,UAB,Memphis,3,"{'minutes': 7, 'seconds': 6}",3,3,31,31,1,10,-5,False,Penalty,"PENALTY MEM False Start (Adams,Chris) 5 yards from UAB31 to UAB36. NO PLAY.",,2025-10-18T22:08:23.000Z
401762487,4017624879,401762487103935802,9,11,Memphis,American Athletic,14,UAB,American Athletic,24,UAB,Memphis,3,"{'minutes': 6, 'seconds': 41}",3,3,36,36,3,15,10,False,Penalty,"(06:46) No Huddle-Shotgun Hill,AJ pass incomplete short right to Braham Jr.,Cortez thrown to UAB25 broken up by Gulley,Delvon PENALTY UAB Holding (Allen,Jonathan) 10 yards from UAB36 to UAB26, 1ST DOWN. NO PLAY.",,2025-10-18T22:10:17.000Z
401762487,4017624879,401762487103968501,9,17,Memphis,American Athletic,17,UAB,American Athletic,24,UAB,Memphis,3,"{'minutes': 3, 'seconds': 14}",3,3,7,7,4,5,25,True,Field Goal Good,Gianni Spetic 25 yd FG GOOD,,2025-10-18T22:14:36.000Z
401762487,4017624879,401762487103897501,9,2,Memphis,American Athletic,14,UAB,American Athletic,24,UAB,Memphis,3,"{'minutes': 10, 'seconds': 24}",3,3,75,75,1,10,7,False,Rush,Greg Desrosiers Jr. run for 7 yds to the MEM 32,0.604642460086338,2025-10-18T22:04:54.000Z
401762487,4017624879,401762487103904701,9,3,Memphis,American Athletic,14,UAB,American Athletic,24,UAB,Memphis,3,"{'minutes': 9, 'seconds': 52}",3,3,68,68,2,3,5,False,Pass Reception,AJ Hill pass complete to Sutton Smith for 5 yds to the MEM 37 for a 1ST down,0.4226018660572333,2025-10-18T22:05:23.000Z
401762487,4017624879,401762487103908301,9,4,Memphis,American Athletic,14,UAB,American Athletic,24,UAB,Memphis,3,"{'minutes': 9, 'seconds': 16}",3,3,63,63,1,10,8,False,Rush,Sutton Smith run for 8 yds to the MEM 45,1.0359877217814513,2025-10-18T22:05:54.000Z
401762487,4017624879,401762487103916701,9,5,Memphis,American Athletic,14,UAB,American Athletic,24,UAB,Memphis,3,"{'minutes': 8, 'seconds': 32}",3,3,55,55,2,2,10,False,Pass Reception,AJ Hill pass complete to Christian Ross for 10 yds to the UAB 45 for a 1ST down,0.538008986729231,2025-10-18T22:06:40.000Z
401762487,4017624879,401762487103919701,9,6,Memphis,American Athletic,14,UAB,American Athletic,24,UAB,Memphis,3,"{'minutes': 8, 'seconds': 2}",3,3,45,45,1,10,5,False,Rush,Sutton Smith run for 5 yds to the UAB 40,0.0943461181043617,2025-10-18T22:07:10.000Z
401762487,4017624879,401762487103927301,9,7,Memphis,American Athletic,14,UAB,American Athletic,24,UAB,Memphis,3,"{'minutes': 7, 'seconds': 26}",3,3,40,40,2,5,9,False,Pass Reception,AJ Hill pass complete to Matt Adcock for 9 yds to the UAB 31 for a 1ST down,0.5402217968897584,2025-10-18T22:07:45.000Z
401762487,4017624879,401762487103934701,9,9,Memphis,American Athletic,14,UAB,American Athletic,24,UAB,Memphis,3,"{'minutes': 6, 'seconds': 52}",3,3,36,36,1,15,0,False,Pass Incompletion,AJ Hill pass incomplete to Cortez Braham Jr.,-0.796034334585201,2025-10-18T22:08:45.000Z
401762487,4017624879,401762487103935201,9,10,Memphis,American Athletic,14,UAB,American Athletic,24,UAB,Memphis,3,"{'minutes': 6, 'seconds': 47}",3,3,36,36,2,15,0,False,Pass Incompletion,AJ Hill pass incomplete to CJ Smith,-1.0013264597418559,2025-10-18T22:09:27.000Z
401762487,4017624879,401762487103937201,9,12,Memphis,American Athletic,14,UAB,American Athletic,24,UAB,Memphis,3,"{'minutes': 6, 'seconds': 27}",3,3,26,26,1,10,4,False,Rush,Frank Peasant run for 4 yds to the UAB 22,-0.0380297652801275,2025-10-18T22:11:29.000Z
401762487,4017624879,401762487103944801,9,13,Memphis,American Athletic,14,UAB,American Athletic,24,UAB,Memphis,3,"{'minutes': 5, 'seconds': 51}",3,3,22,22,2,6,10,False,Pass Reception,AJ Hill pass complete to Brady Kluse for 10 yds to the UAB 12 for a 1ST down,0.2279373456523825,2025-10-18T22:12:00.000Z
401762487,4017624879,401762487103948101,9,14,Memphis,American Athletic,14,UAB,American Athletic,24,UAB,Memphis,3,"{'minutes': 5, 'seconds': 18}",3,3,12,12,1,10,1,False,Rush,Sutton Smith run for 1 yd to the UAB 11,-0.234891535825625,2025-10-18T22:12:33.000Z
401762487,4017624879,401762487103956601,9,15,Memphis,American Athletic,14,UAB,American Athletic,24,UAB,Memphis,3,"{'minutes': 4, 'seconds': 33}",3,3,11,11,2,9,6,False,Rush,Greg Desrosiers Jr. run for 6 yds to the UAB 5,0.1186127229081415,2025-10-18T22:13:22.000Z
401762487,4017624879,401762487103964601,9,16,Memphis,American Athletic,14,UAB,American Athletic,24,UAB,Memphis,3,"{'minutes': 3, 'seconds': 53}",3,3,5,5,3,3,-2,False,Rush,Greg Desrosiers Jr. run for a loss of 2 yards to the UAB 7,-0.462805948606612,2025-10-18T22:13:58.000Z
401762487,40176248710,401762487103968901,10,1,Memphis,American Athletic,17,UAB,American Athletic,24,UAB,Memphis,3,"{'minutes': 3, 'seconds': 10}",3,3,65,65,1,10,18,False,Kickoff Return (Offense),"Gianni Spetic kickoff for 64 yds , Kaleb Brown return for 18 yds to the UAB 19",,2025-10-18T22:18:50.000Z
401762487,40176248710,401762487103999902,10,7,UAB,American Athletic,24,Memphis,American Athletic,17,UAB,Memphis,3,"{'minutes': 0, 'seconds': 0}",3,3,44,56,0,10,7,False,End Period,End of 3rd Quarter,,2025-10-18T22:22:39.000Z
401762487,40176248710,401762487103986301,10,4,UAB,American Athletic,24,Memphis,American Athletic,17,UAB,Memphis,3,"{'minutes': 1, 'seconds': 36}",3,3,33,67,2,7,2,False,Rush,Solomon Beebe run for 2 yds to the UAB 35,-0.4554302840382407,2025-10-18T22:21:00.000Z
401762487,40176248710,401762487103974101,10,2,UAB,American Athletic,24,Memphis,American Athletic,17,UAB,Memphis,3,"{'minutes': 2, 'seconds': 58}",3,3,19,81,1,10,11,False,Pass Reception,Ryder Burton pass complete to Brandon Hawkins Jr. for 11 yds to the UAB 30 for a 1ST down,0.7458330020984532,2025-10-18T22:19:41.000Z
401762487,40176248710,401762487103977801,10,3,UAB,American Athletic,24,Memphis,American Athletic,17,UAB,Memphis,3,"{'minutes': 2, 'seconds': 21}",3,3,30,70,1,10,3,False,Rush,Jevon Jackson run for 3 yds to the UAB 33,-0.3563521541303736,2025-10-18T22:20:19.000Z
401762487,40176248710,401762487103994801,10,5,UAB,American Athletic,24,Memphis,American Athletic,17,UAB,Memphis,3,"{'minutes': 0, 'seconds': 51}",3,3,35,65,3,5,9,False,Pass Reception,Ryder Burton pass complete to Brandon Hawkins Jr. for 9 yds to the UAB 44 for a 1ST down,2.1343861756936517,2025-10-18T22:21:40.000Z
401762487,40176248710,401762487103999901,10,6,UAB,American Athletic,24,Memphis,American Athletic,17,UAB,Memphis,3,"{'minutes': 0, 'seconds': 0}",3,3,44,56,1,10,7,False,Rush,Ryder Burton run for 7 yds to the MEM 49,0.6703928066087635,2025-10-18T22:22:39.000Z
401762487,40176248710,401762487104854701,10,8,UAB,American Athletic,24,Memphis,American Athletic,17,UAB,Memphis,4,"{'minutes': 14, 'seconds': 52}",3,3,51,49,2,3,4,False,Rush,Jevon Jackson run for 4 yds to the MEM 45 for a 1ST down,0.2232758897034745,2025-10-18T22:27:19.000Z
401762487,40176248710,401762487104858601,10,9,UAB,American Athletic,24,Memphis,American Athletic,17,UAB,Memphis,4,"{'minutes': 14, 'seconds': 13}",3,3,55,45,1,10,2,False,Rush,Isaiah Jacobs run for 2 yds to the MEM 43,-0.548127712470997,2025-10-18T22:28:06.000Z
401762487,40176248710,401762487104867201,10,10,UAB,American Athletic,24,Memphis,American Athletic,17,UAB,Memphis,4,"{'minutes': 13, 'seconds': 27}",3,3,57,43,2,8,8,False,Pass Reception,Ryder Burton pass complete to Antonio Ferguson for 8 yds to the MEM 35 for a 1ST down,1.052053013761109,2025-10-18T22:28:51.000Z
401762487,40176248710,401762487104874601,10,11,UAB,American Athletic,24,Memphis,American Athletic,17,UAB,Memphis,4,"{'minutes': 12, 'seconds': 53}",3,3,65,35,1,10,0,False,Pass Incompletion,Ryder Burton pass incomplete to Jaylen Elder,-0.6918622905019662,2025-10-18T22:30:08.000Z
401762487,40176248710,401762487104875401,10,12,UAB,American Athletic,24,Memphis,American Athletic,17,UAB,Memphis,4,"{'minutes': 12, 'seconds': 45}",3,3,65,35,2,10,10,False,Fumble Recovery (Opponent),"Nate Rogers run for 10 yds to the MEM 25 Nate Rogers fumbled, recovered by MEM Drue Watts",-3.3355489257210778,2025-10-18T22:31:26.000Z
401762487,40176248711,401762487104876601,11,1,Memphis,American Athletic,17,UAB,American Athletic,24,UAB,Memphis,4,"{'minutes': 12, 'seconds': 33}",3,3,75,75,1,10,30,False,Pass Reception,"AJ Hill pass complete to Cortez Braham Jr. for 30 yds to the UAB 45 for a 1ST down UAB Penalty, Defensive Pass Interference (Yards) declined for a 1ST down",2.6012410346542536,2025-10-18T22:35:09.000Z
401762487,40176248711,401762487104878401,11,2,Memphis,American Athletic,17,UAB,American Athletic,24,UAB,Memphis,4,"{'minutes': 12, 'seconds': 15}",3,3,45,45,1,10,0,False,Pass Incompletion,AJ Hill pass incomplete to Jamari Hawkins,-0.997770018980635,2025-10-18T22:35:55.000Z
401762487,40176248711,401762487104879201,11,3,Memphis,American Athletic,17,UAB,American Athletic,24,UAB,Memphis,4,"{'minutes': 12, 'seconds': 7}",3,3,45,45,2,10,7,False,Rush,Sutton Smith run for 7 yds to the UAB 38,0.5316860303021278,2025-10-18T22:36:47.000Z
401762487,40176248711,401762487104887001,11,4,Memphis,American Athletic,17,UAB,American Athletic,24,UAB,Memphis,4,"{'minutes': 11, 'seconds': 29}",3,3,38,38,3,3,5,False,Rush,Sutton Smith run for 5 yds to the UAB 33 for a 1ST down,1.0395233002435873,2025-10-18T22:37:23.000Z
401762487,40176248711,401762487104895301,11,5,Memphis,American Athletic,17,UAB,American Athletic,24,UAB,Memphis,4,"{'minutes': 10, 'seconds': 46}",3,3,33,33,1,10,0,False,Pass Interception Return,AJ Hill pass intercepted Pierre Royster return for no gain to the UAB 1,-4.096925226498012,2025-10-18T22:42:36.000Z
401762487,40176248712,401762487104906601,12,3,UAB,American Athletic,24,Memphis,American Athletic,17,UAB,Memphis,4,"{'minutes': 9, 'seconds': 33}",3,3,5,95,3,6,-2,False,Penalty,"PENALTY UAB False Start (Ferguson,Antonio) 2 yards from UAB05 to UAB03. NO PLAY.",,2025-10-18T22:44:25.000Z
401762487,40176248712,401762487104926102,12,7,UAB,American Athletic,24,Memphis,American Athletic,17,UAB,Memphis,4,"{'minutes': 7, 'seconds': 38}",3,3,41,59,3,3,9,False,Penalty,"(07:40) No Huddle-Shotgun Burton,Ryder pass incomplete short middle to Daisy,Xavier thrown to UAB50, 1ST DOWN, PENALTY MEM Pass Interference (Bracy,Chris) 9 yards from UAB41 to UAB50, 1ST DOWN. NO PLAY.",,2025-10-18T22:47:39.000Z
401762487,40176248712,401762487104926104,12,8,UAB,American Athletic,24,Memphis,American Athletic,17,UAB,Memphis,4,"{'minutes': 7, 'seconds': 38}",3,2,50,50,1,10,0,False,Timeout,"Timeout Memphis, clock 07:38",,2025-10-18T22:47:39.000Z
401762487,40176248712,401762487104935302,12,10,UAB,American Athletic,24,Memphis,American Athletic,17,UAB,Memphis,4,"{'minutes': 6, 'seconds': 46}",3,2,53,47,2,7,-5,False,Penalty,"(06:56) No Huddle-Shotgun Burton,Ryder pass complete short right to Sivley,J.C. caught at MEM32, for 15 yards to the MEM32, out of bounds at MEM32 PENALTY UAB Ineligible Downfield on Pass 5 yards from MEM47 to UAB48. NO PLAY.",,2025-10-18T22:53:05.000Z
401762487,40176248712,401762487104896101,12,1,UAB,American Athletic,24,Memphis,American Athletic,17,UAB,Memphis,4,"{'minutes': 10, 'seconds': 38}",3,3,1,99,1,10,2,False,Rush,Jevon Jackson run for 2 yds to the UAB 3,-0.1549833182162752,2025-10-18T22:43:22.000Z
401762487,40176248712,401762487104899601,12,2,UAB,American Athletic,24,Memphis,American Athletic,17,UAB,Memphis,4,"{'minutes': 10, 'seconds': 3}",3,3,3,97,2,8,2,False,Rush,Jevon Jackson run for 2 yds to the UAB 5,-0.09787587011015565,2025-10-18T22:43:43.000Z
401762487,40176248712,401762487104909201,12,4,UAB,American Athletic,24,Memphis,American Athletic,17,UAB,Memphis,4,"{'minutes': 9, 'seconds': 7}",3,3,3,97,3,8,31,False,Pass Reception,Ryder Burton pass complete to Iverson Hooks for 31 yds to the UAB 34 for a 1ST down,1.9621160373593804,2025-10-18T22:45:17.000Z
401762487,40176248712,401762487104914701,12,5,UAB,American Athletic,24,Memphis,American Athletic,17,UAB,Memphis,4,"{'minutes': 8, 'seconds': 52}",3,3,34,66,1,10,2,False,Rush,Jevon Jackson run for 2 yds to the UAB 36,-0.6162239991596916,2025-10-18T22:45:57.000Z
401762487,40176248712,401762487104918401,12,6,UAB,American Athletic,24,Memphis,American Athletic,17,UAB,Memphis,4,"{'minutes': 8, 'seconds': 15}",3,3,36,64,2,8,5,False,Rush,Solomon Beebe run for 5 yds to the UAB 41,0.0784644081118698,2025-10-18T22:46:35.000Z
401762487,40176248712,401762487104926801,12,9,UAB,American Athletic,24,Memphis,American Athletic,17,UAB,Memphis,4,"{'minutes': 7, 'seconds': 31}",3,2,50,50,1,10,3,False,Rush,Isaiah Jacobs run for 3 yds to the MEM 47,-0.385960016074776,2025-10-18T22:51:57.000Z
401762487,40176248712,401762487104938101,12,11,UAB,American Athletic,24,Memphis,American Athletic,17,UAB,Memphis,4,"{'minutes': 6, 'seconds': 18}",3,2,48,52,2,12,4,False,Rush,Ryder Burton run for 4 yds to the MEM 48,-0.1586963845990929,2025-10-18T22:53:39.000Z
401762487,40176248712,401762487104946701,12,12,UAB,American Athletic,24,Memphis,American Athletic,17,UAB,Memphis,4,"{'minutes': 5, 'seconds': 32}",3,2,52,48,3,8,23,False,Pass Reception,Ryder Burton pass complete to Iverson Hooks for 23 yds to the MEM 25 for a 1ST down,2.876179307029469,2025-10-18T22:54:21.000Z
401762487,40176248712,401762487104955101,12,13,UAB,American Athletic,24,Memphis,American Athletic,17,UAB,Memphis,4,"{'minutes': 4, 'seconds': 48}",3,2,75,25,1,10,5,False,Rush,Jevon Jackson run for 5 yds to the MEM 20,0.0753631044225715,2025-10-18T22:55:10.000Z
401762487,40176248712,401762487104958701,12,14,UAB,American Athletic,24,Memphis,American Athletic,17,UAB,Memphis,4,"{'minutes': 4, 'seconds': 12}",3,2,80,20,2,5,0,False,Pass Incompletion,Ryder Burton pass incomplete to Brandon Hawkins Jr.,-0.4808594942190576,2025-10-18T22:56:14.000Z
401762487,40176248712,401762487104959301,12,15,UAB,American Athletic,31,Memphis,American Athletic,17,UAB,Memphis,4,"{'minutes': 4, 'seconds': 6}",3,2,80,20,3,5,20,True,Passing Touchdown,Ryder Burton pass complete to Iverson Hooks for 20 yds for a TD (Jonah Delange KICK),3.1055807520625436,2025-10-18T22:56:33.000Z
401762487,40176248713,401762487104959501,13,1,UAB,American Athletic,31,Memphis,American Athletic,17,UAB,Memphis,4,"{'minutes': 4, 'seconds': 4}",3,2,35,65,1,10,2,False,Kickoff Return (Offense),"Owen Simpson kickoff for 35 yds , Christian Ross return for 2 yds to the MEM 32",,2025-10-18T22:58:58.000Z
401762487,40176248713,401762487104966102,13,3,Memphis,American Athletic,17,UAB,American Athletic,31,UAB,Memphis,4,"{'minutes': 3, 'seconds': 38}",2,3,61,61,2,3,-10,False,Penalty,"(03:44) No Huddle-Shotgun Hill,AJ pass complete short right to Desrosiers Jr.,Greg caught at MEM37, for 1 yard loss to the MEM38 (McNichols,Tylan) PENALTY MEM Holding (Burke,Travis) 10 yards from MEM39 to MEM29. NO PLAY.",,2025-10-18T23:00:14.000Z
401762487,40176248713,401762487104964201,13,2,Memphis,American Athletic,17,UAB,American Athletic,31,UAB,Memphis,4,"{'minutes': 3, 'seconds': 57}",2,3,68,68,1,10,7,False,Pass Reception,AJ Hill pass complete to Greg Desrosiers Jr. for 7 yds to the MEM 39,0.6906032640622382,2025-10-18T22:59:39.000Z
401762487,40176248713,401762487104967101,13,4,Memphis,American Athletic,17,UAB,American Athletic,31,UAB,Memphis,4,"{'minutes': 3, 'seconds': 28}",2,3,71,71,2,13,0,False,Pass Incompletion,AJ Hill pass incomplete to Christian Ross,-0.3262462620897981,2025-10-18T23:00:49.000Z
401762487,40176248713,401762487104967801,13,5,Memphis,American Athletic,17,UAB,American Athletic,31,UAB,Memphis,4,"{'minutes': 3, 'seconds': 21}",2,3,71,71,3,13,18,False,Pass Reception,AJ Hill pass complete to Cortez Braham Jr. for 18 yds to the MEM 47 for a 1ST down,3.044292991592908,2025-10-18T23:01:46.000Z
401762487,40176248713,401762487104968801,13,6,Memphis,American Athletic,17,UAB,American Athletic,31,UAB,Memphis,4,"{'minutes': 3, 'seconds': 11}",2,3,53,53,1,10,0,False,Pass Incompletion,AJ Hill pass incomplete to Cortez Braham Jr.,-1.1527089917962545,2025-10-18T23:02:10.000Z
401762487,40176248713,401762487104974301,13,7,Memphis,American Athletic,17,UAB,American Athletic,31,UAB,Memphis,4,"{'minutes': 2, 'seconds': 56}",2,3,53,53,2,10,8,False,Pass Reception,AJ Hill pass complete to Greg Desrosiers Jr. for 8 yds to the UAB 45,0.8384539710247372,2025-10-18T23:02:48.000Z
401762487,40176248713,401762487104976201,13,8,Memphis,American Athletic,17,UAB,American Athletic,31,UAB,Memphis,4,"{'minutes': 2, 'seconds': 37}",2,3,45,45,3,2,8,False,Rush,Greg Desrosiers Jr. run for 8 yds to the UAB 37 for a 1ST down,1.3581458228680818,2025-10-18T23:03:03.000Z
401762487,40176248713,401762487104977101,13,9,Memphis,American Athletic,17,UAB,American Athletic,31,UAB,Memphis,4,"{'minutes': 2, 'seconds': 28}",2,3,37,37,1,10,0,False,Pass Incompletion,AJ Hill pass incomplete to Marcello Bussey,-0.7519361608312708,2025-10-18T23:03:25.000Z
401762487,40176248713,401762487104978001,13,10,Memphis,American Athletic,24,UAB,American Athletic,31,UAB,Memphis,4,"{'minutes': 2, 'seconds': 19}",2,3,37,37,2,10,37,True,Passing Touchdown,AJ Hill pass complete to Christian Ross for 37 yds for a TD (Gianni Spetic KICK),3.803344792308014,2025-10-18T23:03:57.000Z
401762487,40176248714,401762487104978003,14,1,Memphis,American Athletic,24,UAB,American Athletic,31,UAB,Memphis,4,"{'minutes': 2, 'seconds': 19}",2,3,65,65,1,10,0,False,Kickoff,Gianni Spetic kickoff for 65 yds for a touchback,,2025-10-18T23:03:57.000Z
401762487,40176248714,401762487104978402,14,3,UAB,American Athletic,31,Memphis,American Athletic,24,UAB,Memphis,4,"{'minutes': 2, 'seconds': 15}",3,1,27,73,2,8,0,False,Timeout,"Timeout Memphis, clock 02:15",,2025-10-18T23:07:19.000Z
401762487,40176248714,401762487104984901,14,6,UAB,American Athletic,31,Memphis,American Athletic,24,UAB,Memphis,4,"{'minutes': 1, 'seconds': 50}",3,1,29,71,4,6,0,False,Punt,"Patrick Foley punt for 49 yds, fair catch by Sutton Smith at the MEM 22",,2025-10-18T23:13:11.000Z
401762487,40176248714,401762487104978401,14,2,UAB,American Athletic,31,Memphis,American Athletic,24,UAB,Memphis,4,"{'minutes': 2, 'seconds': 15}",3,2,25,75,1,10,2,False,Rush,Jevon Jackson run for 2 yds to the UAB 27,-0.45260367932203766,2025-10-18T23:07:11.000Z
401762487,40176248714,401762487104979101,14,4,UAB,American Athletic,31,Memphis,American Athletic,24,UAB,Memphis,4,"{'minutes': 2, 'seconds': 8}",3,1,27,73,2,8,2,False,Rush,Jevon Jackson run for 2 yds to the UAB 29,-0.3125898325279559,2025-10-18T23:08:18.000Z
401762487,40176248714,401762487104984301,14,5,UAB,American Athletic,31,Memphis,American Athletic,24,UAB,Memphis,4,"{'minutes': 1, 'seconds': 56}",3,1,29,71,3,6,0,False,Pass Incompletion,Ryder Burton pass incomplete to Elijah Lagg,-0.3146897268978579,2025-10-18T23:12:14.000Z
401762487,40176248715,401762487104997302,15,9,Memphis,American Athletic,24,UAB,American Athletic,31,UAB,Memphis,4,"{'minutes': 0, 'seconds': 26}",1,3,1,1,2,1,-5,False,Penalty,"PENALTY MEM False Start (Walker,Yakiri) 5 yards from UAB01 to UAB06. NO PLAY.",,2025-10-18T23:22:59.000Z
401762487,40176248715,401762487104995401,15,7,Memphis,American Athletic,24,UAB,American Athletic,31,UAB,Memphis,4,"{'minutes': 0, 'seconds': 45}",1,3,1,1,1,1,-5,False,Penalty,"PENALTY MEM False Start (Mitchell,Parker) 5 yards from UAB01 to UAB06. NO PLAY.",,2025-10-18T23:21:16.000Z
401762487,40176248715,401762487104997602,15,11,Memphis,American Athletic,24,UAB,American Athletic,31,UAB,Memphis,4,"{'minutes': 0, 'seconds': 23}",1,2,6,6,3,6,0,False,Timeout,"Timeout UAB, clock 00:23",,2025-10-18T23:25:47.000Z
401762487,40176248715,401762487104998001,15,12,Memphis,American Athletic,24,UAB,American Athletic,31,UAB,Memphis,4,"{'minutes': 0, 'seconds': 19}",1,2,6,6,3,6,0,False,Pass Incompletion,AJ Hill pass incomplete to Jamari Hawkins,-0.3038593850582816,2025-10-18T23:27:33.000Z
401762487,40176248715,401762487104985402,15,1,Memphis,American Athletic,24,UAB,American Athletic,31,UAB,Memphis,4,"{'minutes': 1, 'seconds': 45}",1,3,78,78,1,10,12,False,Pass Reception,AJ Hill pass complete to Brady Kluse for 12 yds to the MEM 34 for a 1ST down,0.935215412611508,2025-10-18T23:13:51.000Z
401762487,40176248715,401762487104986102,15,2,Memphis,American Athletic,24,UAB,American Athletic,31,UAB,Memphis,4,"{'minutes': 1, 'seconds': 38}",1,3,66,66,1,10,0,False,Pass Incompletion,AJ Hill pass incomplete to Cortez Braham Jr.,-0.9864556271674072,2025-10-18T23:15:06.000Z
401762487,40176248715,401762487104986702,15,3,Memphis,American Athletic,24,UAB,American Athletic,31,UAB,Memphis,4,"{'minutes': 1, 'seconds': 32}",1,3,66,66,2,10,0,False,Pass Incompletion,AJ Hill pass incomplete to Cortez Braham Jr.,-0.5706151419644927,2025-10-18T23:15:10.000Z
401762487,40176248715,401762487104987902,15,4,Memphis,American Athletic,24,UAB,American Athletic,31,UAB,Memphis,4,"{'minutes': 1, 'seconds': 20}",1,3,66,66,3,10,3,False,Pass Reception,AJ Hill pass complete to Greg Desrosiers Jr. for 3 yds to the MEM 37,-0.12752160287096181,2025-10-18T23:16:25.000Z
401762487,40176248715,401762487104988401,15,5,Memphis,American Athletic,24,UAB,American Athletic,31,UAB,Memphis,4,"{'minutes': 1, 'seconds': 15}",1,3,63,63,4,7,21,False,Pass Reception,AJ Hill pass complete to Cortez Braham Jr. for 21 yds to the UAB 42 for a 1ST down,3.7264262901603518,2025-10-18T23:17:43.000Z
401762487,40176248715,401762487104989601,15,6,Memphis,American Athletic,24,UAB,American Athletic,31,UAB,Memphis,4,"{'minutes': 1, 'seconds': 3}",1,3,42,42,1,10,41,False,Rush,Greg Desrosiers Jr. run for 41 yds to the UAB 1 for a 1ST down,2.356914196451681,2025-10-18T23:18:18.000Z
401762487,40176248715,401762487104997301,15,8,Memphis,American Athletic,24,UAB,American Athletic,31,UAB,Memphis,4,"{'minutes': 0, 'seconds': 26}",1,3,6,6,1,6,5,False,Pass Reception,AJ Hill pass complete to Greg Desrosiers Jr. for 5 yds to the UAB 1,0.152137533592271,2025-10-18T23:22:07.000Z
401762487,40176248715,401762487104997601,15,10,Memphis,American Athletic,24,UAB,American Athletic,31,UAB,Memphis,4,"{'minutes': 0, 'seconds': 23}",1,3,6,6,2,6,0,False,Pass Incompletion,AJ Hill pass incomplete to Cortez Braham Jr.,-0.29509485739271,2025-10-18T23:25:32.000Z
401762487,40176248715,401762487104998002,15,13,Memphis,American Athletic,24,UAB,American Athletic,31,UAB,Memphis,4,"{'minutes': 0, 'seconds': 19}",1,2,6,6,4,6,-5,False,Penalty,"PENALTY MEM Delay Of Game (Hill,AJ) 5 yards from UAB06 to UAB11. NO PLAY.",,2025-10-18T23:27:33.000Z
401762487,40176248715,401762487104998401,15,14,Memphis,American Athletic,24,UAB,American Athletic,31,UAB,Memphis,4,"{'minutes': 0, 'seconds': 15}",1,2,11,11,4,11,0,False,Pass Incompletion,AJ Hill pass incomplete to Cortez Braham Jr.,-3.361171427863532,2025-10-18T23:29:03.000Z
401762487,40176248716,401762487104999902,16,2,UAB,American Athletic,31,Memphis,American Athletic,24,UAB,Memphis,4,"{'minutes': 0, 'seconds': 0}",2,1,11,89,0,10,-2,False,End of Game,End of 4th Quarter,,2025-10-18T23:32:42.000Z
401762487,40176248716,401762487104999901,16,1,UAB,American Athletic,31,Memphis,American Athletic,24,UAB,Memphis,4,"{'minutes': 0, 'seconds': 0}",2,1,11,89,1,10,-2,False,Rush,(00:00) Kneel down by UAB at UAB09 for loss of 2 yards.,-0.4535457396489493,2025-10-18T23:32:34.000Z
401757173,40175717322,401757173466,14,1,UAB,American Athletic,6,UConn,FBS Independents,31,UConn,UAB,3,"{'minutes': 7, 'seconds': 18}",3,3,65,65,1,10,0,False,Kickoff,(07:18) #35 O.Simpson kickoff 37 yards to the UConn28 fair catch by #88 N.Chirchi at UConn28,,2025-11-01T18:09:04.000Z
401757173,40175717322,401757173469,14,2,UConn,FBS Independents,31,UAB,American Athletic,6,UConn,UAB,3,"{'minutes': 7, 'seconds': 12}",3,3,28,72,1,10,0,False,Pass Incompletion,(07:12) Shotgun #2 J.Fagnano pass incomplete deep right to #1 S.Bell thrown to UAB34,-0.7982008475508557,2025-11-01T18:12:47.000Z
401757173,40175717322,401757173472,14,3,UConn,FBS Independents,31,UAB,American Athletic,6,UConn,UAB,3,"{'minutes': 7, 'seconds': 2}",3,3,28,72,2,10,5,False,Rush,(07:06) No Huddle-Shotgun #44 O.Lundberg Coleman rush left for 5 yards gain to the UConn33 (#14 J.Vessel),0.04798574660955701,2025-11-01T18:13:24.000Z
401757173,40175717322,401757173476,14,4,UConn,FBS Independents,31,UAB,American Athletic,6,UConn,UAB,3,"{'minutes': 6, 'seconds': 16}",3,3,33,67,3,5,28,False,Pass Reception,"(06:22) No Huddle-Shotgun #2 J.Fagnano pass complete deep right to #1 S.Bell caught at UAB45, for 28 yards to the UAB39 (#14 J.Vessel), out of bounds, 1ST DOWN",3.4654092582758,2025-11-01T18:14:08.000Z
401757173,40175717322,401757173481,14,5,UConn,FBS Independents,31,UAB,American Athletic,6,UConn,UAB,3,"{'minutes': 5, 'seconds': 56}",3,3,61,39,1,10,0,False,Rush,(06:00) No Huddle-Shotgun #0 C.Edwards rush right for 0 yards to the UAB39 (#9 D.Warren),-0.814236079442537,2025-11-01T18:14:31.000Z
401757173,40175717322,401757173485,14,6,UConn,FBS Independents,31,UAB,American Athletic,6,UConn,UAB,3,"{'minutes': 5, 'seconds': 24}",3,3,61,39,2,10,0,False,Pass Incompletion,(05:24) No Huddle-Shotgun #2 J.Fagnano pass incomplete deep right to #13 C.Parker thrown to UAB10 broken up by #13 T.Crumpley,-1.008878077670078,2025-11-01T18:15:08.000Z
401757173,40175717322,401757173488,14,7,UConn,FBS Independents,38,UAB,American Athletic,6,UConn,UAB,3,"{'minutes': 5, 'seconds': 18}",3,3,61,39,3,10,39,True,Passing Touchdown,Skyler Bell 39 Yd pass from Joe Fagnano (Chris Freeman Kick),4.963552712044166,2025-11-01T18:15:59.000Z
401757173,40175717324,401757173496,15,1,UConn,FBS Independents,39,UAB,American Athletic,6,UConn,UAB,3,"{'minutes': 5, 'seconds': 18}",3,3,35,65,1,10,0,False,Kickoff,"(05:18) #28 C.Freeman kickoff 65 yards to the UAB00, Touchback",,2025-11-01T18:16:43.000Z
401757173,40175717324,401757173520,15,7,UAB,American Athletic,6,UConn,FBS Independents,39,UConn,UAB,3,"{'minutes': 3, 'seconds': 7}",3,3,44,44,2,5,5,False,Penalty,PENALTY UAB False Start (#85 A.Ferguson) 5 yards from UConn44 to UConn49. NO PLAY,,2025-11-01T18:23:22.000Z
401757173,40175717324,401757173549,15,13,UAB,American Athletic,6,UConn,FBS Independents,39,UConn,UAB,3,"{'minutes': 0, 'seconds': 0}",3,3,63,63,3,8,20,False,End Period,End of 3rd quarter.,3.294560774463614,2025-11-01T18:29:07.000Z
401757173,40175717324,401757173499,15,2,UAB,American Athletic,6,UConn,FBS Independents,39,UConn,UAB,3,"{'minutes': 5, 'seconds': 6}",3,3,75,75,1,10,5,False,Rush,(05:10) Shotgun #4 J.Jackson rush right for 5 yards gain to the UAB30 (#92 S.Wright; #32 O.Diomande),0.0945451165334843,2025-11-01T18:20:40.000Z
401757173,40175717324,401757173503,15,3,UAB,American Athletic,6,UConn,FBS Independents,39,UConn,UAB,3,"{'minutes': 4, 'seconds': 43}",3,3,70,70,2,5,0,False,Pass Incompletion,(04:43) No Huddle-Shotgun #15 R.Burton pass incomplete deep right to #1 C.Milliner thrown to UConn50,-0.7537324720659102,2025-11-01T18:21:08.000Z
401757173,40175717324,401757173506,15,4,UAB,American Athletic,6,UConn,FBS Independents,39,UConn,UAB,3,"{'minutes': 4, 'seconds': 31}",3,3,70,70,3,5,7,False,Pass Reception,"(04:38) Shotgun #15 R.Burton pass complete short middle to #6 B.Hawkins Jr. caught at UAB35, for 7 yards to the UAB37 (#7 M.McLean), 1ST DOWN",1.6864316816759972,2025-11-01T18:21:43.000Z
401757173,40175717324,401757173511,15,5,UAB,American Athletic,6,UConn,FBS Independents,39,UConn,UAB,3,"{'minutes': 3, 'seconds': 58}",3,3,63,63,1,10,14,False,Pass Reception,"(04:07) Shotgun #15 R.Burton pass complete short left to #0 I.Hooks caught at UAB45, for 14 yards to the UConn49 (#13 C.Chadwick), out of bounds, 1ST DOWN",1.288180241940502,2025-11-01T18:22:15.000Z
401757173,40175717324,401757173516,15,6,UAB,American Athletic,6,UConn,FBS Independents,39,UConn,UAB,3,"{'minutes': 3, 'seconds': 34}",3,3,49,49,1,10,5,False,Rush,(03:38) No Huddle-Shotgun #11 S.Beebe rush middle for 5 yards gain to the UConn44 (#32 O.Diomande; #55 V.Carroll-Jackson),0.1003706527461523,2025-11-01T18:22:50.000Z
401757173,40175717324,401757173523,15,8,UAB,American Athletic,6,UConn,FBS Independents,39,UConn,UAB,3,"{'minutes': 2, 'seconds': 40}",3,3,49,49,2,10,3,False,Rush,"(02:45) No Huddle-Shotgun #15 R.Burton rush middle for 3 yards gain to the UConn46, End Of Play",-0.400599071322029,2025-11-01T18:24:07.000Z
401757173,40175717324,401757173528,15,9,UAB,American Athletic,6,UConn,FBS Independents,39,UConn,UAB,3,"{'minutes': 1, 'seconds': 49}",3,3,46,46,3,7,7,False,Pass Reception,"(02:06) No Huddle-Shotgun #15 R.Burton pass complete short middle to #85 A.Ferguson caught at UConn39, for 7 yards to the UConn39 (#32 O.Diomande), 1ST DOWN",2.118079935209817,2025-11-01T18:24:45.000Z
401757173,40175717324,401757173533,15,10,UAB,American Athletic,6,UConn,FBS Independents,39,UConn,UAB,3,"{'minutes': 1, 'seconds': 23}",3,3,39,39,1,10,-5,False,Sack,(01:26) No Huddle-Shotgun #15 R.Burton sacked for loss of 5 yards to the UConn44 (#32 O.Diomande),-1.8785227952782968,2025-11-01T18:25:26.000Z
401757173,40175717324,401757173537,15,11,UAB,American Athletic,6,UConn,FBS Independents,39,UConn,UAB,3,"{'minutes': 0, 'seconds': 55}",3,3,44,44,2,15,7,False,Pass Reception,"(01:04) Shotgun #15 R.Burton pass complete short middle to #3 I.Jacobs caught at UConn39, for 7 yards to the UConn37 (#13 C.Chadwick; #5 A.Key)",0.4987994509272262,2025-11-01T18:27:58.000Z
401757173,40175717324,401757173542,15,12,UAB,American Athletic,6,UConn,FBS Independents,39,UConn,UAB,3,"{'minutes': 0, 'seconds': 26}",3,3,37,37,3,8,-6,False,Sack,(00:26) No Huddle-Shotgun #15 R.Burton sacked for loss of 6 yards to the UConn43 (#13 C.Chadwick),-2.051183895564286,2025-11-01T18:28:45.000Z
401757173,40175717324,401757173553,15,14,UAB,American Athletic,6,UConn,FBS Independents,39,UConn,UAB,4,"{'minutes': 14, 'seconds': 49}",3,3,43,43,4,14,0,False,Interception,"Shotgun #15 R.Burton pass intercepted by #13 C.Chadwick at UConn22 QB hurried by #32 O.Diomande, End Of Play",-0.4286542051530926,2025-11-01T18:32:52.000Z
401757173,40175717325,401757173575,16,4,UConn,FBS Independents,39,UAB,American Athletic,6,UConn,UAB,4,"{'minutes': 13, 'seconds': 37}",3,3,25,75,4,7,12,False,Punt Return,#17 C.Stutz punt 46 yards to the UAB29 #0 I.Hooks return 12 yards to the UAB41 (#32 O.Diomande),,2025-11-01T18:38:36.000Z
401757173,40175717325,401757173571,16,3,UConn,FBS Independents,39,UAB,American Athletic,6,UConn,UAB,4,"{'minutes': 15, 'seconds': 0}",3,3,25,75,2,7,0,False,Pass Incompletion,No Huddle-Shotgun #2 J.Fagnano pass incomplete deep left to #21 M.Greaves thrown to UAB49 broken up by #12 T.McNichols,-0.48195105428222096,2025-11-01T18:36:55.000Z
401757173,40175717325,401757173560,16,1,UConn,FBS Independents,39,UAB,American Athletic,6,UConn,UAB,4,"{'minutes': 15, 'seconds': 0}",3,3,22,78,1,10,3,False,Rush,Shotgun #15 T.Smith rush left for 3 yards gain to the UConn25 (#10 J.Cheek),-0.2595333371439592,2025-11-01T18:33:50.000Z
401757173,40175717325,401757173569,16,2,UConn,FBS Independents,39,UAB,American Athletic,6,UConn,UAB,4,"{'minutes': 15, 'seconds': 0}",3,3,25,75,3,7,0,False,Pass Incompletion,Shotgun #2 J.Fagnano pass incomplete short middle to #1 S.Bell thrown to UConn36,-0.22276093528900454,2025-11-01T18:37:49.000Z
401757173,40175717326,401757173581,17,1,UAB,American Athletic,6,UConn,FBS Independents,39,UConn,UAB,4,"{'minutes': 13, 'seconds': 22}",3,3,59,59,1,10,10,False,Rush,"(13:30) Shotgun #16 N.Rogers rush middle for 10 yards gain to the UConn49 (#7 M.McLean), 1ST DOWN",0.896681798161179,2025-11-01T18:41:35.000Z
401757173,40175717326,401757173585,17,2,UAB,American Athletic,6,UConn,FBS Independents,39,UConn,UAB,4,"{'minutes': 12, 'seconds': 42}",3,3,49,49,1,10,12,False,Fumble Recovery (Own),"(13:00) No Huddle-Shotgun #16 N.Rogers rush middle for 12 yards gain to the UConn37 fumbled by #16 N.Rogers at UConn45 forced by #55 V.Carroll-Jackson recovered by UAB #3 I.Jacobs at UConn37, End Of Play, 1ST DOWN",0.7109219201605051,2025-11-01T18:42:14.000Z
401757173,40175717326,401757173591,17,3,UAB,American Athletic,6,UConn,FBS Independents,39,UConn,UAB,4,"{'minutes': 12, 'seconds': 20}",3,3,37,37,1,10,5,False,Pass Reception,"(12:33) No Huddle-Shotgun #15 R.Burton pass complete short middle to #11 S.Beebe caught at UConn32, for 5 yards to the UConn32 (#11 D.Branch)",0.0836657996975912,2025-11-01T18:43:04.000Z
401757173,40175717326,401757173606,17,4,UAB,American Athletic,12,UConn,FBS Independents,38,UConn,UAB,4,"{'minutes': 12, 'seconds': 9}",3,3,32,32,2,5,32,True,Rushing Touchdown,Brandon Hawkins Jr. 32 Yd Run (Two-Point Pass Conversion Failed),2.967742831779152,2025-11-01T18:45:12.000Z
401757173,40175717328,401757173604,18,1,UAB,American Athletic,6,UConn,FBS Independents,38,UConn,UAB,4,"{'minutes': 12, 'seconds': 9}",3,3,65,65,1,10,0,False,Kickoff,"(12:09) #35 O.Simpson kickoff 65 yards to the UConn00, Touchback",,2025-11-01T18:44:40.000Z
401757173,40175717328,401757173648,18,10,UConn,FBS Independents,21,UAB,American Athletic,12,UConn,UAB,4,"{'minutes': 7, 'seconds': 2}",3,3,41,59,4,17,0,False,Punt Return,(07:07) #17 C.Stutz punt 41 yards to the UAB18 #0 I.Hooks return 0 yards to the UAB18 (#18 K.Hicks),,2025-11-01T18:55:34.000Z
401757173,40175717328,401757173611,18,2,UConn,FBS Independents,38,UAB,American Athletic,12,UConn,UAB,4,"{'minutes': 11, 'seconds': 55}",3,3,25,75,1,10,10,False,Rush,"(12:01) Shotgun #21 M.Greaves rush right for 10 yards gain to the UConn35 (#13 T.Crumpley), 1ST DOWN",0.8350381090299867,2025-11-01T18:48:29.000Z
401757173,40175717328,401757173615,18,3,UConn,FBS Independents,38,UAB,American Athletic,12,UConn,UAB,4,"{'minutes': 11, 'seconds': 8}",3,3,35,65,1,10,1,False,Rush,(11:16) Shotgun #21 M.Greaves rush left for 1 yard gain to the UConn36 (#55 J.Peterson; #29 T.McDaniel),-0.8334176637748527,2025-11-01T18:49:15.000Z
401757173,40175717328,401757173619,18,4,UConn,FBS Independents,38,UAB,American Athletic,12,UConn,UAB,4,"{'minutes': 10, 'seconds': 32}",3,3,36,64,2,9,4,False,Rush,(10:35) No Huddle-Shotgun #0 C.Edwards rush middle for 4 yards gain to the UConn40 (#7 P.Royster),-0.122209288048456,2025-11-01T18:49:54.000Z
401757173,40175717328,401757173623,18,5,UConn,FBS Independents,38,UAB,American Athletic,12,UConn,UAB,4,"{'minutes': 9, 'seconds': 42}",3,3,40,60,3,5,8,False,Pass Reception,"(09:52) No Huddle-Shotgun #2 J.Fagnano pass complete short right to #80 J.Neider caught at UConn40, for 8 yards to the UConn48 (#10 J.Cheek), out of bounds, 1ST DOWN",2.1902896738042124,2025-11-01T18:50:40.000Z
401757173,40175717328,401757173628,18,6,UConn,FBS Independents,38,UAB,American Athletic,12,UConn,UAB,4,"{'minutes': 9, 'seconds': 5}",3,3,48,52,1,10,7,False,Rush,(09:09) No Huddle-Shotgun #0 C.Edwards rush left for 7 yards gain to the UAB45 (#55 J.Peterson; #10 J.Cheek),0.6193952681357987,2025-11-01T18:51:24.000Z
401757173,40175717328,401757173632,18,7,UConn,FBS Independents,38,UAB,American Athletic,12,UConn,UAB,4,"{'minutes': 8, 'seconds': 47}",3,3,55,45,2,3,2,False,Pass Reception,"(08:50) No Huddle-Shotgun #2 J.Fagnano pass complete short right to #80 J.Neider caught at UAB45, for 2 yards to the UAB43 (#10 J.Cheek; #13 T.Crumpley) PENALTY UConn Holding (#5 S.Porter) 10 yards from UAB43 to UConn47",-0.6635396658703278,2025-11-01T18:51:44.000Z
401757173,40175717328,401757173638,18,8,UConn,FBS Independents,38,UAB,American Athletic,12,UConn,UAB,4,"{'minutes': 8, 'seconds': 6}",3,3,47,53,2,11,2,False,Pass Reception,"(08:12) No Huddle-Shotgun #2 J.Fagnano pass complete short right to #81 L.Hansen caught at UConn49, for 2 yards to the UConn49 (#5 E.Toussom), out of bounds",-0.5710589032639283,2025-11-01T18:53:53.000Z
401757173,40175717328,401757173643,18,9,UConn,FBS Independents,38,UAB,American Athletic,12,UConn,UAB,4,"{'minutes': 7, 'seconds': 27}",3,3,49,51,3,9,-8,False,Sack,(07:28) No Huddle-Shotgun #2 J.Fagnano sacked for loss of 8 yards to the UConn41 (#5 E.Toussom) PENALTY UConn Illegal Formation declined,-1.2564433964538306,2025-11-01T18:54:40.000Z
401757173,40175717329,401757173710,19,13,UAB,American Athletic,12,UConn,FBS Independents,21,UConn,UAB,4,"{'minutes': 0, 'seconds': 28}",3,3,31,31,4,14,0,False,Penalty,"(00:28) No Huddle-Shotgun #15 R.Burton pass complete deep right to #1 C.Milliner caught at UConn00, for 0 yards to the UConn31 QB hurried by #3 D.Brinson and #21 L.Molette III PENALTY UConn Personal Foul (#21 L.Molette III) 15 yards from UConn31 to UConn16, 1ST DOWN. NO PLAY",-1.3267770233334453,2025-11-01T19:09:53.000Z
401757173,40175717329,401757173722,19,15,UAB,American Athletic,12,UConn,FBS Independents,21,UConn,UAB,4,"{'minutes': 0, 'seconds': 18}",2,3,13,13,2,7,0,False,Timeout,"Timeout UAB, clock 00:18",,2025-11-01T19:11:14.000Z
401757173,40175717329,401757173654,19,1,UAB,American Athletic,12,UConn,FBS Independents,21,UConn,UAB,4,"{'minutes': 6, 'seconds': 47}",3,3,82,82,1,10,6,False,Pass Reception,"(06:57) Shotgun #15 R.Burton pass complete short middle to #5 K.Brown caught at UAB20, for 6 yards to the UAB24 (#6 B.Parham)",0.2714669258479434,2025-11-01T18:58:38.000Z
401757173,40175717329,401757173659,19,2,UAB,American Athletic,12,UConn,FBS Independents,21,UConn,UAB,4,"{'minutes': 6, 'seconds': 7}",3,3,76,76,2,4,4,False,Pass Reception,"(06:19) No Huddle-Shotgun #15 R.Burton pass complete short right to #1 C.Milliner caught at UAB26, for 4 yards to the UAB28 QB hurried by #89 T.Jones (#94 M.Hoffman), 1ST DOWN",0.361198611178855,2025-11-01T18:59:17.000Z
401757173,40175717329,401757173664,19,3,UAB,American Athletic,12,UConn,FBS Independents,21,UConn,UAB,4,"{'minutes': 5, 'seconds': 47}",3,3,72,72,1,10,11,False,Pass Reception,"(05:55) Shotgun #15 R.Burton pass complete short middle to #1 C.Milliner caught at UAB35, for 11 yards to the UAB39 (#7 M.McLean), 1ST DOWN",1.0006166758011863,2025-11-01T19:00:57.000Z
401757173,40175717329,401757173669,19,4,UAB,American Athletic,12,UConn,FBS Independents,21,UConn,UAB,4,"{'minutes': 5, 'seconds': 7}",3,3,61,61,1,10,9,False,Pass Reception,"(05:14) No Huddle-Shotgun #15 R.Burton pass complete short left to #0 I.Hooks caught at UAB36, for 9 yards to the UAB48 (#7 M.McLean)",1.3542745326053647,2025-11-01T19:01:37.000Z
401757173,40175717329,401757173674,19,5,UAB,American Athletic,12,UConn,FBS Independents,21,UConn,UAB,4,"{'minutes': 4, 'seconds': 36}",3,3,52,52,2,1,3,False,Rush,"(04:40) No Huddle-Shotgun #11 S.Beebe rush middle for 3 yards gain to the UConn49 (#32 O.Diomande), 1ST DOWN",-0.261589047777747,2025-11-01T19:02:11.000Z
401757173,40175717329,401757173678,19,6,UAB,American Athletic,12,UConn,FBS Independents,21,UConn,UAB,4,"{'minutes': 4, 'seconds': 0}",3,3,49,49,1,10,10,False,Pass Reception,"(04:10) No Huddle-Shotgun #15 R.Burton pass complete short right to #85 A.Ferguson caught at UConn50, for 10 yards to the UConn39 (#3 D.Brinson), 1ST DOWN",0.6218919967056973,2025-11-01T19:02:41.000Z
401757173,40175717329,401757173683,19,7,UAB,American Athletic,12,UConn,FBS Independents,21,UConn,UAB,4,"{'minutes': 3, 'seconds': 29}",3,3,39,39,1,10,3,False,Rush,"(03:34) No Huddle-Shotgun #15 R.Burton rush middle for 3 yards gain to the UConn36, End Of Play",-0.2585563392598456,2025-11-01T19:03:17.000Z
401757173,40175717329,401757173687,19,8,UAB,American Athletic,12,UConn,FBS Independents,21,UConn,UAB,4,"{'minutes': 2, 'seconds': 58}",3,3,36,36,2,7,6,False,Pass Reception,"(03:05) No Huddle-Shotgun #15 R.Burton pass complete short right to #5 K.Brown caught at UConn30, for 6 yards to the UConn30, End Of Play",0.2613128996473096,2025-11-01T19:03:46.000Z
401757173,40175717329,401757173692,19,9,UAB,American Athletic,12,UConn,FBS Independents,21,UConn,UAB,4,"{'minutes': 2, 'seconds': 27}",3,3,30,30,3,1,3,False,Rush,"(02:30) No Huddle-Shotgun #11 S.Beebe rush middle for 3 yards gain to the UConn27 (#9 A.Renwick), 1ST DOWN",0.396401153152601,2025-11-01T19:04:21.000Z
401757173,40175717329,401757173696,19,10,UAB,American Athletic,12,UConn,FBS Independents,21,UConn,UAB,4,"{'minutes': 1, 'seconds': 55}",3,3,27,27,1,10,0,False,Pass Reception,"(01:55) No Huddle-Shotgun #15 R.Burton pass complete short right to #5 K.Brown caught at UConn27, for 0 yards to the UConn27 QB hurried by #92 S.Wright and #55 V.Carroll-Jackson, End Of Play",-0.490975886965904,2025-11-01T19:04:59.000Z
401757173,40175717329,401757173701,19,11,UAB,American Athletic,12,UConn,FBS Independents,21,UConn,UAB,4,"{'minutes': 1, 'seconds': 46}",3,3,27,27,2,10,-10,False,Sack,(01:50) Shotgun #15 R.Burton sacked for loss of 10 yards to the UConn37 (#58 A.Harris Jr.),-2.674649606459509,2025-11-01T19:08:03.000Z
401757173,40175717329,401757173705,19,12,UAB,American Athletic,12,UConn,FBS Independents,21,UConn,UAB,4,"{'minutes': 0, 'seconds': 58}",3,3,37,37,3,20,6,False,Pass Reception,"(01:06) No Huddle-Shotgun #15 R.Burton pass complete short right to #1 C.Milliner caught at UConn33, for 6 yards to the UConn31 (#58 A.Harris Jr.)",0.2336833581503442,2025-11-01T19:09:00.000Z
401757173,40175717329,401757173715,19,14,UAB,American Athletic,12,UConn,FBS Independents,21,UConn,UAB,4,"{'minutes': 0, 'seconds': 18}",3,3,16,16,1,10,3,False,Pass Reception,"(00:26) No Huddle-Shotgun #15 R.Burton pass complete short left to #0 I.Hooks caught at UConn13, for 3 yards to the UConn13 (#20 O.Gilbert)",-0.1055990016463056,2025-11-01T19:10:46.000Z
401757173,40175717329,401757173720,19,16,UAB,American Athletic,12,UConn,FBS Independents,21,UConn,UAB,4,"{'minutes': 0, 'seconds': 12}",2,3,13,13,2,7,0,False,Pass Incompletion,(00:12) Shotgun #15 R.Burton pass incomplete short middle to #3 I.Jacobs thrown to UConn10 QB hurried by #20 O.Gilbert,-0.3401724039956773,2025-11-01T19:12:09.000Z
401757173,40175717329,401757173724,19,17,UAB,American Athletic,19,UConn,FBS Independents,38,UConn,UAB,4,"{'minutes': 0, 'seconds': 7}",2,3,13,13,3,7,13,True,Passing Touchdown,Kaleb Brown 13 Yd pass from Ryder Burton (Jonah Delange Kick),3.0144941269343573,2025-11-01T19:12:51.000Z
401757173,40175717331,401757173738,20,2,UAB,American Athletic,20,UConn,FBS Independents,38,UConn,UAB,4,"{'minutes': 0, 'seconds': 7}",2,3,65,65,1,10,0,False,Kickoff,"(00:07) #35 O.Simpson kickoff 65 yards to the UConn00, Touchback PENALTY UAB UNS: Unsportsmanlike Conduct (#17 E.Lagg) 15 yards from UConn25 to UConn40",,2025-11-01T19:16:51.000Z
401757173,40175717331,401757173747,20,4,UConn,FBS Independents,38,UAB,American Athletic,20,UConn,UAB,4,"{'minutes': 0, 'seconds': 0}",3,2,40,60,0,0,-20,False,End Period,End of 4th quarter.,,2025-11-01T19:17:39.000Z
401757173,40175717331,401757173735,20,1,UConn,FBS Independents,21,UAB,American Athletic,19,UConn,UAB,4,"{'minutes': 0, 'seconds': 7}",3,2,25,75,1,10,12,False,Penalty,PENALTY UConn UNS: Unsportsmanlike Conduct (#17 T.Williams) 12 yards from UConn25 to UConn13. NO PLAY,,2025-11-01T19:12:55.000Z
401757173,40175717331,401757173752,20,3,UConn,FBS Independents,38,UAB,American Athletic,20,UConn,UAB,4,"{'minutes': 0, 'seconds': 7}",3,2,40,60,1,10,-2,False,Rush,(00:00) Kneel down by #2 J.Fagnano at UConn38 for loss of 2 yards,-1.4952234130406854,2025-11-01T19:24:57.000Z
401757173,4017571732,4017571735,1,11,UAB,American Athletic,-19,UConn,FBS Independents,-38,UConn,UAB,1,"{'minutes': 14, 'seconds': 52}",3,3,65,65,1,10,18,False,Kickoff,#35 O.Simpson kickoff 61 yards to the UConn04 #13 C.Parker return 18 yards to the UConn22 (#7 P.Royster; #6 C.Pitcher),,2025-11-01T16:06:29.000Z
401757173,4017571732,40175717314,1,1,UConn,FBS Independents,-38,UAB,American Athletic,-19,UConn,UAB,1,"{'minutes': 15, 'seconds': 0}",3,3,22,78,1,10,10,False,Rush,"Shotgun #0 C.Edwards rush left for 10 yards gain to the UConn32 (#20 A.Brown), 1ST DOWN",0.7526740866992627,2025-11-01T16:07:26.000Z
401757173,4017571732,40175717318,1,2,UConn,FBS Independents,-38,UAB,American Athletic,-19,UConn,UAB,1,"{'minutes': 15, 'seconds': 0}",3,3,32,68,1,10,5,False,Pass Reception,"No Huddle-Shotgun #2 J.Fagnano pass complete short middle to #80 J.Neider caught at UConn37, for 5 yards to the UConn37 (#14 J.Vessel)",0.1056805473653828,2025-11-01T16:07:59.000Z
401757173,4017571732,40175717323,1,3,UConn,FBS Independents,-38,UAB,American Athletic,-19,UConn,UAB,1,"{'minutes': 15, 'seconds': 0}",3,3,37,63,2,5,6,False,Rush,"No Huddle-Shotgun #0 C.Edwards rush right for 6 yards gain to the UConn43 (#99 E.Smalls), 1ST DOWN",0.9483134707651502,2025-11-01T16:08:22.000Z
401757173,4017571732,40175717327,1,4,UConn,FBS Independents,-38,UAB,American Athletic,-19,UConn,UAB,1,"{'minutes': 15, 'seconds': 0}",3,3,43,57,1,10,-5,False,Sack,No Huddle-Shotgun #2 J.Fagnano sacked for loss of 5 yards to the UConn38 (#99 E.Smalls),-2.0455124058591982,2025-11-01T16:08:50.000Z
401757173,4017571732,40175717331,1,5,UConn,FBS Independents,-38,UAB,American Athletic,-19,UConn,UAB,1,"{'minutes': 15, 'seconds': 0}",3,3,38,62,2,15,21,False,Rush,"Shotgun #15 T.Smith rush right for 21 yards gain to the UAB41 (#20 A.Brown), 1ST DOWN",3.2703094774740054,2025-11-01T16:09:35.000Z
401757173,4017571732,40175717335,1,6,UConn,FBS Independents,-38,UAB,American Athletic,-19,UConn,UAB,1,"{'minutes': 15, 'seconds': 0}",3,3,59,41,1,10,6,False,Rush,Shotgun #15 T.Smith rush right for 6 yards gain to the UAB35 (#0 D.Hightower; #4 A.Morrison),0.2724195167880144,2025-11-01T16:10:13.000Z
401757173,4017571732,40175717339,1,7,UConn,FBS Independents,-38,UAB,American Athletic,-19,UConn,UAB,1,"{'minutes': 15, 'seconds': 0}",3,3,65,35,2,4,10,False,Pass Reception,"No Huddle-Shotgun #2 J.Fagnano pass complete short left to #1 S.Bell caught at UAB38, for 10 yards to the UAB25 (#20 A.Brown), out of bounds, 1ST DOWN",0.2680157468424475,2025-11-01T16:10:53.000Z
401757173,4017571732,40175717344,1,8,UConn,FBS Independents,-38,UAB,American Athletic,-19,UConn,UAB,1,"{'minutes': 15, 'seconds': 0}",3,3,75,25,1,10,-4,False,Sack,No Huddle-Shotgun #2 J.Fagnano sacked for loss of 4 yards to the UAB29 (#34 J.Allen),-0.9509010519549576,2025-11-01T16:11:21.000Z
401757173,4017571732,40175717348,1,9,UConn,FBS Independents,-38,UAB,American Athletic,-19,UConn,UAB,1,"{'minutes': 15, 'seconds': 0}",3,3,71,29,2,14,8,False,Pass Reception,"No Huddle-Shotgun #2 J.Fagnano pass complete short left to #1 S.Bell caught at UAB30, for 8 yards to the UAB21 (#59 C.Burge)",0.4310209232499227,2025-11-01T16:11:49.000Z
401757173,4017571732,40175717353,1,10,UConn,FBS Independents,-38,UAB,American Athletic,-19,UConn,UAB,1,"{'minutes': 15, 'seconds': 0}",3,3,79,21,3,6,1,False,Pass Reception,"No Huddle-Shotgun #2 J.Fagnano pass complete short left to #21 M.Greaves caught at UAB25, for 1 yard to the UAB20 (#20 A.Brown; #5 E.Toussom)",-0.4971150075195591,2025-11-01T16:12:32.000Z
401757173,4017571732,40175717358,1,12,UConn,FBS Independents,-38,UAB,American Athletic,-19,UConn,UAB,1,"{'minutes': 9, 'seconds': 23}",3,3,80,20,4,5,0,False,Pass Incompletion,"No Huddle-Shotgun #2 J.Fagnano pass incomplete short middle to #81 L.Hansen thrown to UAB10, TURNOVER ON DOWNS",-3.2829205015093486,2025-11-01T16:13:16.000Z
401757173,4017571733,40175717362,2,1,UAB,American Athletic,-19,UConn,FBS Independents,-38,UConn,UAB,1,"{'minutes': 9, 'seconds': 23}",3,3,80,80,1,10,4,False,Rush,Shotgun #4 J.Jackson rush left for 4 yards gain to the UAB24 (#32 O.Diomande),-0.0884321258012219,2025-11-01T16:16:27.000Z
401757173,4017571733,40175717366,2,2,UAB,American Athletic,-19,UConn,FBS Independents,-38,UConn,UAB,1,"{'minutes': 9, 'seconds': 23}",3,3,76,76,2,6,0,False,Pass Incompletion,No Huddle-Shotgun #7 J.Kitna pass incomplete short middle to #5 K.Brown thrown to UAB35,-0.5148523715626974,2025-11-01T16:16:52.000Z
401757173,4017571733,40175717369,2,3,UAB,American Athletic,-19,UConn,FBS Independents,-38,UConn,UAB,1,"{'minutes': 9, 'seconds': 23}",3,3,76,76,3,6,7,False,Pass Reception,"No Huddle-Shotgun #7 J.Kitna pass complete short middle to #6 B.Hawkins Jr. caught at UAB30, for 7 yards to the UAB31 (#2 D.Pringle), 1ST DOWN",1.3820512878539724,2025-11-01T16:14:43.000Z
401757173,4017571733,40175717375,2,4,UAB,American Athletic,-19,UConn,FBS Independents,-38,UConn,UAB,1,"{'minutes': 9, 'seconds': 23}",3,3,69,69,1,10,3,False,Rush,No Huddle-Shotgun #11 S.Beebe rush middle for 3 yards gain to the UAB34 (#92 S.Wright; #32 O.Diomande),-0.367641675563645,2025-11-01T16:18:47.000Z
401757173,4017571733,40175717379,2,5,UAB,American Athletic,-19,UConn,FBS Independents,-38,UConn,UAB,1,"{'minutes': 9, 'seconds': 23}",3,3,66,66,2,7,17,False,Rush,"No Huddle-Shotgun #11 S.Beebe rush right for 17 yards gain to the UConn49 (#58 A.Harris Jr.), 1ST DOWN",2.2126021290414464,2025-11-01T16:19:26.000Z
401757173,4017571733,40175717383,2,6,UAB,American Athletic,-19,UConn,FBS Independents,-38,UConn,UAB,1,"{'minutes': 9, 'seconds': 23}",3,3,49,49,1,10,9,False,Rush,No Huddle-Shotgun #4 J.Jackson rush right for 9 yards gain to the UConn40 (#13 C.Chadwick),1.0659606614607482,2025-11-01T16:20:05.000Z
401757173,4017571733,40175717387,2,7,UAB,American Athletic,-19,UConn,FBS Independents,-38,UConn,UAB,1,"{'minutes': 9, 'seconds': 23}",3,3,40,40,2,1,18,False,Rush,"No Huddle-Shotgun #4 J.Jackson rush left for 18 yards gain to the UConn22 (#2 D.Pringle), 1ST DOWN",0.04874712352804,2025-11-01T16:20:38.000Z
401757173,4017571733,40175717391,2,8,UAB,American Athletic,-19,UConn,FBS Independents,-38,UConn,UAB,1,"{'minutes': 9, 'seconds': 23}",3,3,22,22,1,10,1,False,Rush,No Huddle-Shotgun #3 I.Jacobs rush left for 1 yard gain to the UConn21 (#32 O.Diomande),-0.310131189369969,2025-11-01T16:21:09.000Z
401757173,4017571733,40175717395,2,9,UAB,American Athletic,-19,UConn,FBS Independents,-38,UConn,UAB,1,"{'minutes': 5, 'seconds': 13}",3,3,21,21,2,9,9,False,Pass Interception Return,No Huddle-Shotgun #7 J.Kitna pass intercepted by #13 C.Chadwick at UConn08 QB hurried by #32 O.Diomande #13 C.Chadwick return 9 yards to the UConn17 (#17 E.Lagg),-4.042246043981571,2025-11-01T16:22:28.000Z
401757173,4017571734,401757173128,3,7,UConn,FBS Independents,-38,UAB,American Athletic,-19,UConn,UAB,1,"{'minutes': 5, 'seconds': 13}",3,3,51,49,2,10,5,False,Penalty,PENALTY UConn Illegal Substitution  5 yards from UAB49 to UConn46. NO PLAY,,2025-11-01T16:29:14.000Z
401757173,4017571734,401757173102,3,1,UConn,FBS Independents,-38,UAB,American Athletic,-19,UConn,UAB,1,"{'minutes': 5, 'seconds': 13}",3,3,17,83,1,10,0,False,Pass Incompletion,Shotgun #2 J.Fagnano pass incomplete short left to #1 S.Bell thrown to UConn22,-0.48436415563340685,2025-11-01T16:25:14.000Z
401757173,4017571734,401757173105,3,2,UConn,FBS Independents,-38,UAB,American Athletic,-19,UConn,UAB,1,"{'minutes': 5, 'seconds': 13}",3,3,17,83,2,10,9,False,Rush,No Huddle-Shotgun #0 C.Edwards rush middle for 9 yards gain to the UConn26 (#20 A.Brown),0.48734187112616034,2025-11-01T16:25:51.000Z
401757173,4017571734,401757173109,3,3,UConn,FBS Independents,-38,UAB,American Athletic,-19,UConn,UAB,1,"{'minutes': 5, 'seconds': 13}",3,3,26,74,3,1,2,False,Rush,"No Huddle #2 J.Fagnano rush middle for 2 yards gain to the UConn28 (#29 T.McDaniel), 1ST DOWN",0.6765721547928516,2025-11-01T16:26:23.000Z
401757173,4017571734,401757173113,3,4,UConn,FBS Independents,-38,UAB,American Athletic,-19,UConn,UAB,1,"{'minutes': 5, 'seconds': 13}",3,3,28,72,1,10,5,False,Rush,No Huddle-Shotgun #0 C.Edwards rush left for 5 yards gain to the UConn33 (#0 D.Hightower),0.0997589035143243,2025-11-01T16:26:47.000Z
401757173,4017571734,401757173117,3,5,UConn,FBS Independents,-38,UAB,American Athletic,-19,UConn,UAB,1,"{'minutes': 5, 'seconds': 13}",3,3,33,67,2,5,18,False,Pass Reception,"No Huddle-Shotgun #2 J.Fagnano pass complete short middle to #1 S.Bell caught at UConn43, for 18 yards to the UAB49 (#20 A.Brown), 1ST DOWN, PENALTY UAB Offside declined",1.9935432571144798,2025-11-01T16:27:26.000Z
401757173,4017571734,401757173123,3,6,UConn,FBS Independents,-38,UAB,American Athletic,-19,UConn,UAB,1,"{'minutes': 5, 'seconds': 13}",3,3,51,49,1,10,0,False,Pass Reception,"Shotgun #2 J.Fagnano pass complete short left to #21 M.Greaves caught at UAB49, for 0 yards to the UAB49 (#6 C.Pitcher; #5 E.Toussom)",-1.0955888671820908,2025-11-01T16:28:35.000Z
401757173,4017571734,401757173131,3,8,UConn,FBS Independents,-38,UAB,American Athletic,-19,UConn,UAB,1,"{'minutes': 5, 'seconds': 13}",3,3,46,54,2,15,2,False,Rush,Shotgun #15 T.Smith rush right for 2 yards gain to the UConn48 (#6 C.Pitcher),-0.4582526711994105,2025-11-01T16:29:57.000Z
401757173,4017571734,401757173135,3,9,UConn,FBS Independents,-38,UAB,American Athletic,-19,UConn,UAB,1,"{'minutes': 5, 'seconds': 13}",3,3,48,52,3,13,26,False,Pass Reception,"No Huddle-Shotgun #2 J.Fagnano pass complete short right to #80 J.Neider caught at UAB34, for 26 yards to the UAB26 (#20 A.Brown), 1ST DOWN",3.683579517113003,2025-11-01T16:30:43.000Z
401757173,4017571734,401757173140,3,10,UConn,FBS Independents,7,UAB,American Athletic,0,UConn,UAB,1,"{'minutes': 1, 'seconds': 4}",3,3,74,26,1,10,26,True,Passing Touchdown,Skyler Bell 26 Yd pass from Joe Fagnano (Chris Freeman Kick),2.7200021224081805,2025-11-01T16:31:13.000Z
401757173,4017571736,401757173148,4,1,UConn,FBS Independents,8,UAB,American Athletic,0,UConn,UAB,1,"{'minutes': 1, 'seconds': 4}",3,3,35,65,1,10,0,False,Kickoff,#28 C.Freeman kickoff 51 yards to the UAB14 fair catch by #3 I.Jacobs at UAB14,,2025-11-01T16:32:00.000Z
401757173,4017571736,401757173171,4,5,UAB,American Athletic,0,UConn,FBS Independents,8,UConn,UAB,2,"{'minutes': 14, 'seconds': 42}",3,3,72,72,4,7,0,False,Punt Return,"#27 P.Foley punt 39 yards to the UConn33 #19 J.Harper return 0 yards to the UConn33, End Of Play",,2025-11-01T16:44:51.000Z
401757173,4017571736,401757173151,4,2,UAB,American Athletic,0,UConn,FBS Independents,8,UConn,UAB,1,"{'minutes': 1, 'seconds': 4}",3,3,75,75,1,10,1,False,Rush,Shotgun #4 J.Jackson rush middle for 1 yard gain to the UAB26 (#3 D.Brinson; #6 B.Parham),-0.5874795431016855,2025-11-01T16:35:59.000Z
401757173,4017571736,401757173155,4,3,UAB,American Athletic,0,UConn,FBS Independents,8,UConn,UAB,1,"{'minutes': 1, 'seconds': 4}",3,3,74,74,2,9,2,False,Pass Reception,"Shotgun #7 J.Kitna pass complete short left to #0 I.Hooks caught at UAB24, for 2 yards to the UAB28 (#7 M.McLean; #5 A.Key)",-0.2677195990543533,2025-11-01T16:36:31.000Z
401757173,4017571736,401757173162,4,4,UAB,American Athletic,0,UConn,FBS Independents,8,UConn,UAB,1,"{'minutes': 0, 'seconds': 0}",3,3,26,26,2,9,-46,False,End Period,End of 1st quarter.,-4.2891585472932565,2025-11-01T16:39:24.000Z
401757173,4017571736,401757173166,4,6,UAB,American Athletic,0,UConn,FBS Independents,8,UConn,UAB,2,"{'minutes': 0, 'seconds': 0}",3,3,72,72,3,7,0,False,Pass Incompletion,Shotgun #7 J.Kitna pass incomplete short right to #85 A.Ferguson thrown to UAB45 QB hurried by #32 O.Diomande,-0.26587881160037785,2025-11-01T16:43:15.000Z
401757173,4017571737,401757173181,5,2,UConn,FBS Independents,8,UAB,American Athletic,0,UConn,UAB,2,"{'minutes': 14, 'seconds': 42}",3,3,36,64,2,7,15,False,Penalty,"No Huddle-Shotgun #2 J.Fagnano pass incomplete deep left to #6 R.Murphy thrown to UAB39, 1ST DOWN, PENALTY UAB Pass Interference (#11 P.Fisher) 15 yards from UConn36 to UAB49, 1ST DOWN. NO PLAY",,2025-11-01T16:47:44.000Z
401757173,4017571737,401757173219,5,11,UConn,FBS Independents,14,UAB,American Athletic,0,UConn,UAB,2,"{'minutes': 10, 'seconds': 45}",3,3,99,1,2,1,1,True,Rushing Touchdown,Cam Edwards 1 Yd Run (Chris Freeman Kick),1.900352237473006,2025-11-01T16:52:44.000Z
401757173,4017571737,401757173177,5,1,UConn,FBS Independents,8,UAB,American Athletic,0,UConn,UAB,2,"{'minutes': 14, 'seconds': 42}",3,3,33,67,1,10,3,False,Rush,Shotgun #0 C.Edwards rush right for 3 yards gain to the UConn36 (#99 E.Smalls),-0.3884871214664028,2025-11-01T16:46:53.000Z
401757173,4017571737,401757173185,5,3,UConn,FBS Independents,8,UAB,American Athletic,0,UConn,UAB,2,"{'minutes': 14, 'seconds': 42}",3,3,51,49,1,10,6,False,Rush,No Huddle-Shotgun #22 V.Rosa rush left for 6 yards gain to the UAB43 (#1 S.Bryant),0.3370848727167229,2025-11-01T16:48:29.000Z
401757173,4017571737,401757173189,5,4,UConn,FBS Independents,8,UAB,American Athletic,0,UConn,UAB,2,"{'minutes': 14, 'seconds': 42}",3,3,57,43,2,4,11,False,Pass Reception,"No Huddle-Shotgun #2 J.Fagnano pass complete short middle to #86 A.Honig caught at UAB36, for 11 yards to the UAB32 (#0 D.Hightower), 1ST DOWN",0.553726253331563,2025-11-01T16:48:53.000Z
401757173,4017571737,401757173194,5,5,UConn,FBS Independents,8,UAB,American Athletic,0,UConn,UAB,2,"{'minutes': 14, 'seconds': 42}",3,3,68,32,1,10,3,False,Rush,No Huddle-Shotgun #22 V.Rosa rush right for 3 yards gain to the UAB29 (#15 J.Rogers),-0.188944603567995,2025-11-01T16:49:10.000Z
401757173,4017571737,401757173198,5,6,UConn,FBS Independents,8,UAB,American Athletic,0,UConn,UAB,2,"{'minutes': 14, 'seconds': 42}",3,3,71,29,2,7,0,False,Pass Incompletion,No Huddle-Shotgun #2 J.Fagnano pass incomplete deep right to #1 S.Bell thrown to UAB02,-0.6866967790038297,2025-11-01T16:49:48.000Z
401757173,4017571737,401757173201,5,7,UConn,FBS Independents,8,UAB,American Athletic,0,UConn,UAB,2,"{'minutes': 14, 'seconds': 42}",3,3,71,29,3,7,14,False,Pass Reception,"No Huddle-Shotgun #2 J.Fagnano pass complete short middle to #6 R.Murphy caught at UAB24, for 14 yards to the UAB15 (#1 S.Bryant), 1ST DOWN",1.1889617185957042,2025-11-01T16:50:35.000Z
401757173,4017571737,401757173206,5,8,UConn,FBS Independents,8,UAB,American Athletic,0,UConn,UAB,2,"{'minutes': 14, 'seconds': 42}",3,3,85,15,1,10,0,False,Rush,No Huddle-Shotgun #0 C.Edwards rush right for 0 yards to the UAB15 (#5 E.Toussom),-0.320977659489319,2025-11-01T16:50:54.000Z
401757173,4017571737,401757173210,5,9,UConn,FBS Independents,8,UAB,American Athletic,0,UConn,UAB,2,"{'minutes': 14, 'seconds': 42}",3,3,85,15,2,10,14,False,Pass Reception,"No Huddle-Shotgun #2 J.Fagnano pass complete short left to #80 J.Neider caught at UAB01, for 14 yards to the UAB01 (#24 T.Watson), 1ST DOWN",1.941155473933959,2025-11-01T16:51:37.000Z
401757173,4017571737,401757173215,5,10,UConn,FBS Independents,8,UAB,American Athletic,0,UConn,UAB,2,"{'minutes': 14, 'seconds': 42}",3,3,99,1,1,1,0,False,Rush,No Huddle-Shotgun #0 C.Edwards rush middle for 0 yards to the UAB01 (#99 E.Smalls; #2 E.Odinjor),-0.962330962352563,2025-11-01T16:51:57.000Z
401757173,4017571739,401757173226,6,1,UConn,FBS Independents,15,UAB,American Athletic,0,UConn,UAB,2,"{'minutes': 10, 'seconds': 45}",3,3,35,65,1,10,0,False,Kickoff,"#28 C.Freeman kickoff 65 yards to the UAB00, Touchback",,2025-11-01T16:53:32.000Z
401757173,4017571739,401757173229,6,2,UAB,American Athletic,0,UConn,FBS Independents,15,UConn,UAB,2,"{'minutes': 10, 'seconds': 40}",3,3,75,75,1,10,0,False,Interception,"Shotgun #15 R.Burton pass intercepted by #13 C.Chadwick at UAB37, End Of Play",-0.9222448802786785,2025-11-01T16:54:29.000Z
401757173,40175717310,401757173249,7,3,UConn,FBS Independents,18,UAB,American Athletic,0,UConn,UAB,2,"{'minutes': 8, 'seconds': 44}",3,3,68,32,3,5,50,True,Field Goal Good,"#28 C.Freeman field goal attempt from 50 yards GOOD (H: #17 C.Stutz, LS: #47 Z.Christinat), clock 08:44",,2025-11-01T16:58:05.000Z
401757173,40175717310,401757173239,7,1,UConn,FBS Independents,15,UAB,American Athletic,0,UConn,UAB,2,"{'minutes': 10, 'seconds': 40}",3,3,50,50,2,23,8,False,Pass Reception,"No Huddle-Shotgun #2 J.Fagnano pass complete short middle to #11 J.Vereen caught at UAB45, for 8 yards to the UAB42 (#0 D.Hightower; #12 T.McNichols)",0.5455033552338939,2025-11-01T16:56:38.000Z
401757173,40175717310,401757173244,7,2,UConn,FBS Independents,15,UAB,American Athletic,0,UConn,UAB,2,"{'minutes': 10, 'seconds': 40}",3,3,58,42,3,15,10,False,Pass Reception,"No Huddle-Shotgun #2 J.Fagnano pass complete short middle to #11 J.Vereen caught at UAB35, for 10 yards to the UAB32 (#20 A.Brown; #11 P.Fisher)",1.115925635064974,2025-11-01T16:57:23.000Z
401757173,40175717310,401757173254,7,4,UConn,FBS Independents,18,UAB,American Athletic,0,UConn,UAB,2,"{'minutes': 8, 'seconds': 44}",3,3,63,37,1,10,2,False,Rush,Shotgun #0 C.Edwards rush middle for 2 yards gain to the UAB35 (#99 E.Smalls) PENALTY UConn Personal Foul (#73 W.Hoeh) 15 yards from UAB35 to UAB50,-0.4014146126260343,2025-11-01T16:59:00.000Z
401757173,40175717312,401757173252,8,1,UConn,FBS Independents,18,UAB,American Athletic,0,UConn,UAB,2,"{'minutes': 8, 'seconds': 44}",3,3,35,65,1,10,0,False,Kickoff,"#28 C.Freeman kickoff 65 yards to the UAB00, Touchback",,2025-11-01T16:58:12.000Z
401757173,40175717312,401757173282,8,7,UAB,American Athletic,0,UConn,FBS Independents,18,UConn,UAB,2,"{'minutes': 5, 'seconds': 29}",3,3,95,95,4,40,37,False,Punt Return,(05:42) #27 P.Foley punt 46 yards to the UConn49 #19 J.Harper return 37 yards to the UAB14 (#34 J.Allen; #0 D.Hightower),,2025-11-01T17:06:33.000Z
401757173,40175717312,401757173260,8,2,UAB,American Athletic,0,UConn,FBS Independents,18,UConn,UAB,2,"{'minutes': 8, 'seconds': 44}",3,3,75,75,1,10,2,False,Rush,Shotgun #11 S.Beebe rush left for 2 yards gain to the UAB27 (#13 C.Chadwick),-0.45260367932203766,2025-11-01T17:01:59.000Z
401757173,40175717312,401757173264,8,3,UAB,American Athletic,0,UConn,FBS Independents,18,UConn,UAB,2,"{'minutes': 8, 'seconds': 44}",3,3,73,73,2,8,8,False,Rush,"No Huddle-Shotgun #15 R.Burton rush middle for 8 yards gain to the UAB35, End Of Play, 1ST DOWN",1.2876417883520244,2025-11-01T17:02:32.000Z
401757173,40175717312,401757173268,8,4,UAB,American Athletic,0,UConn,FBS Independents,18,UConn,UAB,2,"{'minutes': 8, 'seconds': 44}",3,3,65,65,1,10,0,False,Pass Reception,"No Huddle-Shotgun #16 N.Rogers pass complete short right to #3 I.Jacobs caught at UAB34, for 0 yards to the UAB35 (#32 O.Diomande)",-1.0146424556055624,2025-11-01T17:03:10.000Z
401757173,40175717312,401757173273,8,5,UAB,American Athletic,0,UConn,FBS Independents,18,UConn,UAB,2,"{'minutes': 8, 'seconds': 44}",3,3,65,65,2,10,-16,False,Sack,No Huddle-Shotgun #15 R.Burton sacked for loss of 16 yards to the UAB19 (#58 A.Harris Jr.) PENALTY UAB Holding declined,-1.117751084836521,2025-11-01T17:03:59.000Z
401757173,40175717312,401757173278,8,6,UAB,American Athletic,0,UConn,FBS Independents,18,UConn,UAB,2,"{'minutes': 6, 'seconds': 15}",3,3,81,81,3,26,-14,False,Sack,(06:21) Shotgun #15 R.Burton sacked for loss of 14 yards to the UAB05 (#11 D.Branch),-0.03350930421779096,2025-11-01T17:05:47.000Z
401757173,40175717313,401757173288,9,1,UConn,FBS Independents,18,UAB,American Athletic,0,UConn,UAB,2,"{'minutes': 5, 'seconds': 18}",3,3,86,14,1,10,3,False,Rush,(05:22) Shotgun #15 T.Smith rush middle for 3 yards gain to the UAB11 (#14 J.Vessel),-0.1007251569352445,2025-11-01T17:07:33.000Z
401757173,40175717313,401757173292,9,2,UConn,FBS Independents,18,UAB,American Athletic,0,UConn,UAB,2,"{'minutes': 4, 'seconds': 39}",3,3,89,11,2,7,2,False,Rush,(04:43) No Huddle-Shotgun #2 J.Fagnano rush middle for 2 yards gain to the UAB09 (#2 E.Odinjor),-0.172869588077535,2025-11-01T17:08:11.000Z
401757173,40175717313,401757173296,9,3,UConn,FBS Independents,24,UAB,American Athletic,0,UConn,UAB,2,"{'minutes': 3, 'seconds': 56}",3,3,91,9,3,5,9,True,Passing Touchdown,Skyler Bell 9 Yd pass from Joe Fagnano (Chris Freeman Kick),2.821877920191861,2025-11-01T17:09:00.000Z
401757173,40175717315,401757173306,10,1,UConn,FBS Independents,25,UAB,American Athletic,0,UConn,UAB,2,"{'minutes': 3, 'seconds': 56}",3,3,35,65,1,10,0,False,Kickoff,"(03:56) #28 C.Freeman kickoff 65 yards to the UAB00, Touchback",,2025-11-01T17:10:27.000Z
401757173,40175717315,401757173309,10,2,UAB,American Athletic,0,UConn,FBS Independents,25,UConn,UAB,2,"{'minutes': 3, 'seconds': 55}",3,3,75,75,1,10,10,False,Penalty,(03:55) Shotgun #4 J.Jackson rush middle for 13 yards gain to the UAB38 (#3 D.Brinson) PENALTY UAB Holding (#75 C.Perez) 10 yards from UAB25 to UAB15. NO PLAY,,2025-11-01T17:14:28.000Z
401757173,40175717315,401757173345,10,10,UAB,American Athletic,0,UConn,FBS Independents,25,UConn,UAB,2,"{'minutes': 0, 'seconds': 34}",2,3,32,32,1,10,0,False,Timeout,"Timeout UAB, clock 00:34",,2025-11-01T17:22:19.000Z
401757173,40175717315,401757173358,10,13,UAB,American Athletic,0,UConn,FBS Independents,25,UConn,UAB,2,"{'minutes': 0, 'seconds': 12}",1,3,13,13,3,4,0,False,Timeout,"Timeout UAB, clock 00:12",,2025-11-01T17:24:38.000Z
401757173,40175717315,401757173314,10,3,UAB,American Athletic,0,UConn,FBS Independents,25,UConn,UAB,2,"{'minutes': 3, 'seconds': 22}",3,3,85,85,1,20,12,False,Rush,(03:29) No Huddle-Shotgun #15 R.Burton rush middle for 12 yards gain to the UAB27 (#13 C.Chadwick; #32 O.Diomande),0.629575228561186,2025-11-01T17:15:29.000Z
401757173,40175717315,401757173318,10,4,UAB,American Athletic,0,UConn,FBS Independents,25,UConn,UAB,2,"{'minutes': 2, 'seconds': 49}",3,3,73,73,2,8,7,False,Pass Reception,"(02:53) No Huddle-Shotgun #15 R.Burton pass complete short right to #6 B.Hawkins Jr. caught at UAB30, for 7 yards to the UAB34 (#3 D.Brinson), out of bounds",0.4295698173730899,2025-11-01T17:16:05.000Z
401757173,40175717315,401757173323,10,5,UAB,American Athletic,0,UConn,FBS Independents,25,UConn,UAB,2,"{'minutes': 2, 'seconds': 8}",3,3,66,66,3,1,10,False,Rush,"(02:08) No Huddle #4 J.Jackson rush right for 10 yards gain to the UAB44 (#7 M.McLean), 1ST DOWN",1.7306062002909632,2025-11-01T17:16:52.000Z
401757173,40175717315,401757173327,10,6,UAB,American Athletic,0,UConn,FBS Independents,25,UConn,UAB,2,"{'minutes': 1, 'seconds': 54}",3,3,56,56,1,10,10,False,Rush,"(01:55) Shotgun #4 J.Jackson rush middle for 10 yards gain to the UConn46 (#32 O.Diomande; #7 M.McLean), 1ST DOWN",0.8268953732448417,2025-11-01T17:20:04.000Z
401757173,40175717315,401757173331,10,7,UAB,American Athletic,0,UConn,FBS Independents,25,UConn,UAB,2,"{'minutes': 1, 'seconds': 12}",3,3,46,46,1,10,3,False,Rush,(01:29) No Huddle-Shotgun #15 R.Burton rush middle for 3 yards gain to the UConn43 (#6 B.Parham; #55 V.Carroll-Jackson),-0.3418939310329067,2025-11-01T17:20:46.000Z
401757173,40175717315,401757173335,10,8,UAB,American Athletic,0,UConn,FBS Independents,25,UConn,UAB,2,"{'minutes': 0, 'seconds': 56}",3,3,43,43,2,7,6,False,Rush,(00:59) No Huddle-Shotgun #3 I.Jacobs rush middle for 6 yards gain to the UConn37 (#32 O.Diomande),0.3185820858966385,2025-11-01T17:21:09.000Z
401757173,40175717315,401757173339,10,9,UAB,American Athletic,0,UConn,FBS Independents,25,UConn,UAB,2,"{'minutes': 0, 'seconds': 34}",3,3,37,37,3,1,5,False,Rush,"(00:34) No Huddle-Shotgun #3 I.Jacobs rush middle for 5 yards gain to the UConn32 (#89 T.Jones), 1ST DOWN",0.6950798276817701,2025-11-01T17:21:34.000Z
401757173,40175717315,401757173343,10,11,UAB,American Athletic,0,UConn,FBS Independents,25,UConn,UAB,2,"{'minutes': 0, 'seconds': 25}",2,3,32,32,1,10,13,False,Rush,"(00:25) Shotgun #15 R.Burton rush right for 13 yards gain to the UConn19, out of bounds at UConn19, 1ST DOWN",0.2670717969514394,2025-11-01T17:22:49.000Z
401757173,40175717315,401757173348,10,12,UAB,American Athletic,0,UConn,FBS Independents,25,UConn,UAB,2,"{'minutes': 0, 'seconds': 17}",2,3,19,19,1,10,0,False,Pass Incompletion,(00:17) No Huddle-Shotgun #15 R.Burton pass incomplete short middle to #1 C.Milliner thrown to UConn00 QB hurried by #92 S.Wright,-0.362321296557512,2025-11-01T17:23:34.000Z
401757173,40175717315,401757173360,10,14,UAB,American Athletic,0,UConn,FBS Independents,25,UConn,UAB,2,"{'minutes': 0, 'seconds': 12}",1,3,13,13,4,4,0,False,Pass Incompletion,"(00:00) No Huddle-Shotgun #15 R.Burton pass incomplete short left to #1 C.Milliner thrown to UConn00 broken up by #2 D.Pringle, TURNOVER ON DOWNS",-3.734324590068235,2025-11-01T17:26:14.000Z
401757173,40175717315,401757173351,10,15,UAB,American Athletic,0,UConn,FBS Independents,25,UConn,UAB,2,"{'minutes': 0, 'seconds': 9}",1,3,19,19,2,10,6,False,Pass Reception,"(00:12) No Huddle-Shotgun #15 R.Burton pass complete short right to #17 E.Lagg caught at UConn15, for 6 yards to the UConn13 (#2 D.Pringle)",0.128399323095482,2025-11-01T17:24:08.000Z
401757173,40175717315,401757173356,10,16,UAB,American Athletic,0,UConn,FBS Independents,25,UConn,UAB,2,"{'minutes': 0, 'seconds': 5}",1,3,13,13,3,4,0,False,Pass Incompletion,(00:05) Shotgun #15 R.Burton pass incomplete short left thrown to UConn10 broken up by #32 O.Diomande QB hurried by #58 A.Harris Jr.,-0.427305807832212,2025-11-01T17:25:35.000Z
401757173,40175717315,401757173366,10,17,UAB,American Athletic,0,UConn,FBS Independents,25,UConn,UAB,2,"{'minutes': 0, 'seconds': 0}",1,3,87,87,4,4,0,False,End Period,End of 2nd quarter.,0.27688356833075733,2025-11-01T17:26:31.000Z
401757173,40175717317,401757173373,11,1,UConn,FBS Independents,25,UAB,American Athletic,0,UConn,UAB,3,"{'minutes': 15, 'seconds': 0}",3,3,35,65,1,10,0,False,Kickoff,"#28 C.Freeman kickoff 65 yards to the UAB00, Touchback",,2025-11-01T17:47:14.000Z
401757173,40175717317,401757173376,11,2,UAB,American Athletic,0,UConn,FBS Independents,25,UConn,UAB,3,"{'minutes': 15, 'seconds': 0}",3,3,75,75,1,10,3,False,Rush,Shotgun #4 J.Jackson rush left for 3 yards gain to the UAB28 (#13 C.Chadwick),-0.2957674139440157,2025-11-01T17:49:09.000Z
401757173,40175717317,401757173380,11,3,UAB,American Athletic,0,UConn,FBS Independents,25,UConn,UAB,3,"{'minutes': 15, 'seconds': 0}",3,3,72,72,2,7,0,False,Pass Incompletion,No Huddle-Shotgun #15 R.Burton pass incomplete short left to #6 B.Hawkins Jr. thrown to UAB39,-0.5594317282120231,2025-11-01T17:49:39.000Z
401757173,40175717317,401757173383,11,4,UAB,American Athletic,0,UConn,FBS Independents,25,UConn,UAB,3,"{'minutes': 15, 'seconds': 0}",3,3,72,72,3,7,5,False,Pass Reception,"No Huddle-Shotgun #15 R.Burton pass complete short middle to #1 C.Milliner caught at UAB33, for 5 yards to the UAB33, End Of Play",0.03429729127444769,2025-11-01T17:50:15.000Z
401757173,40175717317,401757173388,11,5,UAB,American Athletic,0,UConn,FBS Independents,25,UConn,UAB,3,"{'minutes': 15, 'seconds': 0}",3,3,67,67,4,2,4,False,Rush,"No Huddle #15 R.Burton rush middle for 4 yards gain to the UAB37 (#92 S.Wright; #55 V.Carroll-Jackson), 1ST DOWN",1.8481461770251624,2025-11-01T17:50:55.000Z
401757173,40175717317,401757173392,11,6,UAB,American Athletic,0,UConn,FBS Independents,25,UConn,UAB,3,"{'minutes': 15, 'seconds': 0}",3,3,63,63,1,10,8,False,Pass Reception,"#15 R.Burton pass complete short right to #17 E.Lagg caught at UAB38, for 8 yards to the UAB45 (#6 B.Parham; #2 D.Pringle)",1.0359877217814513,2025-11-01T17:51:38.000Z
401757173,40175717317,401757173397,11,7,UAB,American Athletic,0,UConn,FBS Independents,25,UConn,UAB,3,"{'minutes': 15, 'seconds': 0}",3,3,55,55,2,2,1,False,Rush,No Huddle-Shotgun #4 J.Jackson rush middle for 1 yard gain to the UAB46 (#32 O.Diomande; #94 M.Hoffman),-1.0915879351891606,2025-11-01T17:52:08.000Z
401757173,40175717317,401757173401,11,8,UAB,American Athletic,0,UConn,FBS Independents,25,UConn,UAB,3,"{'minutes': 15, 'seconds': 0}",3,3,54,54,3,1,-1,False,Rush,No Huddle-Shotgun #15 R.Burton rush right for 1 yard loss to the UAB45 (#21 L.Molette III),-1.2430403605143479,2025-11-01T17:52:46.000Z
401757173,40175717317,401757173405,11,9,UAB,American Athletic,0,UConn,FBS Independents,25,UConn,UAB,3,"{'minutes': 11, 'seconds': 15}",3,3,55,55,4,2,0,False,Pass Incompletion,"No Huddle-Shotgun #15 R.Burton pass incomplete deep left to #1 C.Milliner thrown to UConn32 broken up by #13 C.Chadwick, TURNOVER ON DOWNS",-0.6508486325001925,2025-11-01T17:53:27.000Z
401757173,40175717318,401757173409,12,1,UConn,FBS Independents,25,UAB,American Athletic,0,UConn,UAB,3,"{'minutes': 10, 'seconds': 58}",3,3,55,45,1,10,6,False,Pass Reception,"(11:09) Shotgun #2 J.Fagnano pass complete short right to #81 L.Hansen caught at UAB45, for 6 yards to the UAB39 (#29 T.McDaniel)",0.3037840163725374,2025-11-01T17:56:34.000Z
401757173,40175717318,401757173414,12,2,UConn,FBS Independents,25,UAB,American Athletic,0,UConn,UAB,3,"{'minutes': 10, 'seconds': 31}",3,3,61,39,2,4,3,False,Rush,(10:34) No Huddle-Shotgun #0 C.Edwards rush left for 3 yards gain to the UAB36 (#29 T.McDaniel; #99 E.Smalls),-0.3232903506280814,2025-11-01T17:57:09.000Z
401757173,40175717318,401757173418,12,3,UConn,FBS Independents,25,UAB,American Athletic,0,UConn,UAB,3,"{'minutes': 9, 'seconds': 50}",3,3,64,36,3,1,3,False,Rush,(09:52) No Huddle-Shotgun #0 C.Edwards rush middle for 6 yards gain (3) to the UAB30 (#12 T.McNichols) PENALTY UConn Holding (#73 W.Hoeh) 10 yards from UAB33 to UAB43,0.592945645820624,2025-11-01T17:57:51.000Z
401757173,40175717318,401757173423,12,4,UConn,FBS Independents,25,UAB,American Athletic,0,UConn,UAB,3,"{'minutes': 9, 'seconds': 22}",3,3,57,43,3,8,11,False,Pass Reception,"(09:27) No Huddle-Shotgun #2 J.Fagnano pass complete short left to #1 S.Bell caught at UAB43, for 11 yards to the UAB32 (#0 D.Hightower), 1ST DOWN",2.227609497000424,2025-11-01T17:58:49.000Z
401757173,40175717318,401757173428,12,5,UConn,FBS Independents,25,UAB,American Athletic,0,UConn,UAB,3,"{'minutes': 8, 'seconds': 56}",3,3,68,32,1,10,9,False,Rush,"(08:56) No Huddle-Shotgun #0 C.Edwards rush left for 9 yards gain to the UAB23 (#0 D.Hightower) PENALTY UAB Personal Foul (#1 S.Bryant) 12 yards from UAB23 to UAB11, 1ST DOWN",0.7099805309828754,2025-11-01T17:59:22.000Z
401757173,40175717318,401757173434,12,6,UConn,FBS Independents,25,UAB,American Athletic,0,UConn,UAB,3,"{'minutes': 8, 'seconds': 35}",3,3,89,11,1,10,5,False,Pass Reception,"(08:45) Shotgun #2 J.Fagnano pass complete short middle to #81 L.Hansen caught at UAB10, for 5 yards to the UAB06 (#0 D.Hightower; #10 J.Cheek)",0.075035529409716,2025-11-01T18:01:46.000Z
401757173,40175717318,401757173439,12,7,UConn,FBS Independents,31,UAB,American Athletic,0,UConn,UAB,3,"{'minutes': 8, 'seconds': 2}",3,3,94,6,2,5,6,True,Passing Touchdown,Juice Vereen 6 Yd pass from Joe Fagnano (Chris Freeman Kick),2.446703883958209,2025-11-01T18:02:30.000Z
401757173,40175717320,401757173447,13,1,UConn,FBS Independents,32,UAB,American Athletic,0,UConn,UAB,3,"{'minutes': 8, 'seconds': 2}",3,3,35,65,1,10,0,False,Kickoff,"(08:02) #28 C.Freeman kickoff 65 yards to the UAB00, Touchback",,2025-11-01T18:03:25.000Z
401757173,40175717320,401757173450,13,2,UAB,American Athletic,0,UConn,FBS Independents,32,UConn,UAB,3,"{'minutes': 7, 'seconds': 43}",3,3,75,75,1,10,7,False,Pass Reception,"(07:56) Shotgun #15 R.Burton pass complete short middle to #88 J.Sivley caught at UAB25, for 7 yards to the UAB32 (#3 D.Brinson; #7 M.McLean)",0.604642460086338,2025-11-01T18:07:09.000Z
401757173,40175717320,401757173455,13,3,UAB,American Athletic,6,UConn,FBS Independents,31,UConn,UAB,3,"{'minutes': 7, 'seconds': 18}",3,3,68,68,2,3,68,True,Passing Touchdown,Brandon Hawkins Jr. 68 Yd pass from Ryder Burton (Two-Point Pass Conversion Failed),5.4731126596349835,2025-11-01T18:07:49.000Z
401762502,40176250223,401762502515,13,1,Rice,American Athletic,24,UAB,American Athletic,17,Rice,UAB,3,"{'minutes': 1, 'seconds': 0}",3,3,35,65,1,10,0,False,Kickoff,"(01:00) #82 C.Allen kickoff 65 yards to the UAB00, Touchback",,2025-11-08T21:22:38.000Z
401762502,40176250223,401762502522,13,3,UAB,American Athletic,17,Rice,American Athletic,24,Rice,UAB,3,"{'minutes': 0, 'seconds': 26}",3,3,72,72,2,7,5,False,Penalty,PENALTY UAB False Start (#71 K.Mason) 5 yards from UAB28 to UAB23. NO PLAY,,2025-11-08T21:26:12.000Z
401762502,40176250223,401762502556,13,11,UAB,American Athletic,17,Rice,American Athletic,24,Rice,UAB,4,"{'minutes': 13, 'seconds': 25}",3,3,45,45,4,13,0,False,Punt,"(13:25) #27 P.Foley punt 10 yards to the RICE35, out of bounds at RICE35",,2025-11-08T21:34:54.000Z
401762502,40176250223,401762502518,13,2,UAB,American Athletic,17,Rice,American Athletic,24,Rice,UAB,3,"{'minutes': 0, 'seconds': 50}",3,3,75,75,1,10,3,False,Rush,(00:55) No Huddle-Shotgun #11 S.Beebe rush middle for 3 yards gain to the UAB28 (#27 J.Kane; #3 T.Morris),-0.2957674139440157,2025-11-08T21:25:37.000Z
401762502,40176250223,401762502525,13,4,UAB,American Athletic,17,Rice,American Athletic,24,Rice,UAB,3,"{'minutes': 0, 'seconds': 4}",3,3,77,77,2,12,0,False,Pass Incompletion,(00:04) No Huddle-Shotgun #15 R.Burton pass incomplete short left to #0 I.Hooks thrown to UAB30,-0.2489092113983693,2025-11-08T21:26:49.000Z
401762502,40176250223,401762502528,13,5,UAB,American Athletic,17,Rice,American Athletic,24,Rice,UAB,3,"{'minutes': 0, 'seconds': 4}",3,3,77,77,3,12,14,False,Pass Reception,"(00:00) No Huddle-Shotgun #15 R.Burton pass complete short left to #0 I.Hooks caught at UAB37, for 14 yards to the UAB37, End Of Play, 1ST DOWN",2.161411050812486,2025-11-08T21:27:31.000Z
401762502,40176250223,401762502535,13,6,UAB,American Athletic,17,Rice,American Athletic,24,Rice,UAB,3,"{'minutes': 0, 'seconds': 0}",3,3,23,23,3,12,-40,False,End Period,End of 3rd quarter.,-3.602795579494167,2025-11-08T21:27:47.000Z
401762502,40176250223,401762502539,13,7,UAB,American Athletic,17,Rice,American Athletic,24,Rice,UAB,4,"{'minutes': 14, 'seconds': 45}",3,3,63,63,1,10,21,False,Pass Reception,"(14:53) No Huddle-Shotgun #15 R.Burton pass complete deep right to #0 I.Hooks caught at RICE42, for 21 yards to the RICE42 (#4 M.Williams), out of bounds, 1ST DOWN",1.7555753220056263,2025-11-08T21:31:36.000Z
401762502,40176250223,401762502546,13,8,UAB,American Athletic,17,Rice,American Athletic,24,Rice,UAB,4,"{'minutes': 14, 'seconds': 13}",3,3,42,42,1,10,0,False,Pass Incompletion,(14:13) No Huddle-Shotgun #15 R.Burton pass incomplete short right to #5 K.Brown thrown to RICE34 QB hurried by #4 M.Williams,-0.908489395271188,2025-11-08T21:32:29.000Z
401762502,40176250223,401762502549,13,9,UAB,American Athletic,17,Rice,American Athletic,24,Rice,UAB,4,"{'minutes': 14, 'seconds': 3}",3,3,42,42,2,10,-3,False,Rush,(14:06) No Huddle-Shotgun #4 J.Jackson rush middle for 3 yards loss to the RICE45 (#75 B.Boenisch),-1.6739854775515413,2025-11-08T21:33:02.000Z
401762502,40176250223,401762502553,13,10,UAB,American Athletic,17,Rice,American Athletic,24,Rice,UAB,4,"{'minutes': 13, 'seconds': 30}",3,3,45,45,3,13,0,False,Pass Incompletion,(13:30) No Huddle-Shotgun #15 R.Burton pass incomplete deep left to #1 C.Milliner thrown to RICE22,-0.7383918420300466,2025-11-08T21:33:45.000Z
401762502,40176250224,401762502581,14,6,Rice,American Athletic,24,UAB,American Athletic,17,Rice,UAB,4,"{'minutes': 10, 'seconds': 37}",3,3,55,45,4,7,0,False,Punt,(10:40) #91 A.Bacchetta punt 38 yards to the UAB07 fair catch by #0 I.Hooks at UAB07,,2025-11-08T21:41:44.000Z
401762502,40176250224,401762502561,14,1,Rice,American Athletic,24,UAB,American Athletic,17,Rice,UAB,4,"{'minutes': 13, 'seconds': 14}",3,3,35,65,1,10,2,False,Rush,(13:19) No Huddle-Shotgun #6 D.Dickmann rush left for 2 yards gain to the RICE37 (#2 E.Odinjor),-0.63079683335922,2025-11-08T21:37:30.000Z
401762502,40176250224,401762502565,14,2,Rice,American Athletic,24,UAB,American Athletic,17,Rice,UAB,4,"{'minutes': 12, 'seconds': 35}",3,3,37,63,2,8,0,False,Rush,"(12:39) No Huddle-Shotgun #10 Q.Jackson rush middle for 0 yards to the RICE37 (#58 J.Mason) PENALTY UAB Personal Foul (#58 J.Mason) 15 yards from RICE37 to UAB48, 1ST DOWN",-0.7734170183439133,2025-11-08T21:38:11.000Z
401762502,40176250224,401762502570,14,3,Rice,American Athletic,24,UAB,American Athletic,17,Rice,UAB,4,"{'minutes': 12, 'seconds': 12}",3,3,52,48,1,10,0,False,Pass Incompletion,(12:12) No Huddle-Shotgun #4 C.Jenkins pass incomplete deep right to #23 P.Matthews thrown to UAB16 QB hurried by #5 E.Toussom,-1.0742999147475647,2025-11-08T21:39:26.000Z
401762502,40176250224,401762502573,14,4,Rice,American Athletic,24,UAB,American Athletic,17,Rice,UAB,4,"{'minutes': 12, 'seconds': 1}",3,3,52,48,2,10,0,False,Rush,(12:04) No Huddle-Shotgun #26 T.Byars rush middle for 0 yards to the UAB48 (#34 J.Allen; #2 E.Odinjor),-1.0509966519448302,2025-11-08T21:40:19.000Z
401762502,40176250224,401762502577,14,5,Rice,American Athletic,24,UAB,American Athletic,17,Rice,UAB,4,"{'minutes': 11, 'seconds': 20}",3,3,52,48,3,10,3,False,Rush,(11:25) No Huddle-Shotgun #4 C.Jenkins rush middle for 3 yards gain to the UAB45 (#55 J.Peterson),-0.3238933581911478,2025-11-08T21:40:58.000Z
401762502,40176250225,401762502585,15,1,UAB,American Athletic,17,Rice,American Athletic,24,Rice,UAB,4,"{'minutes': 10, 'seconds': 26}",3,3,93,93,1,10,51,False,Rush,"(10:33) No Huddle-Shotgun #4 J.Jackson rush right for 51 yards gain to the RICE42 (#4 M.Williams), 1ST DOWN, PENALTY RICE Holding (#7 O.Porter) 10 yards from RICE42 to RICE32, 1ST DOWN",3.5785717403299264,2025-11-08T21:44:38.000Z
401762502,40176250225,401762502590,15,2,UAB,American Athletic,17,Rice,American Athletic,24,Rice,UAB,4,"{'minutes': 9, 'seconds': 43}",3,3,32,32,1,10,-1,False,Rush,"(10:06) No Huddle-Shotgun #4 J.Jackson rush middle for 1 yard loss to the RICE33, End Of Play",-0.7627693809348699,2025-11-08T21:45:43.000Z
401762502,40176250225,401762502594,15,3,UAB,American Athletic,17,Rice,American Athletic,24,Rice,UAB,4,"{'minutes': 9, 'seconds': 23}",3,3,33,33,2,11,3,False,Rush,(09:31) No Huddle-Shotgun #3 I.Jacobs rush middle for 3 yards gain to the RICE30 (#75 B.Boenisch),-0.2889629941808797,2025-11-08T21:46:18.000Z
401762502,40176250225,401762502598,15,4,UAB,American Athletic,17,Rice,American Athletic,24,Rice,UAB,4,"{'minutes': 8, 'seconds': 52}",3,3,30,30,3,8,0,False,Pass Incompletion,(08:51) No Huddle-Shotgun #15 R.Burton pass incomplete short left to #3 I.Jacobs thrown to RICE32 QB hurried by #57 A.Clemmons,-0.9632826756807144,2025-11-08T21:46:58.000Z
401762502,40176250225,401762502601,15,5,UAB,American Athletic,17,Rice,American Athletic,24,Rice,UAB,4,"{'minutes': 8, 'seconds': 46}",3,3,30,30,4,8,-5,False,Sack,"(08:46) No Huddle-Shotgun #15 R.Burton sacked for loss of 9 yards to the RICE39 (#3 T.Morris, #26 T.Anyanwu), TURNOVER ON DOWNS",-2.1134655236145736,2025-11-08T21:47:41.000Z
401762502,40176250226,401762502618,16,4,Rice,American Athletic,24,UAB,American Athletic,17,Rice,UAB,4,"{'minutes': 6, 'seconds': 36}",3,3,34,66,4,15,0,False,Punt Return,(06:37) #91 A.Bacchetta punt 47 yards to the UAB19 #5 E.Toussom return 2 yards to the UAB21 (#48 W.Freeman) PENALTY UAB Holding (#3 J.Ferguson) 9 yards from UAB19 to UAB10,,2025-11-08T21:50:40.000Z
401762502,40176250226,401762502606,16,1,Rice,American Athletic,24,UAB,American Athletic,17,Rice,UAB,4,"{'minutes': 8, 'seconds': 34}",3,3,39,61,1,10,0,False,Rush,(08:39) No Huddle-Shotgun #1 A.Turner rush left for 0 yards to the RICE39 (#12 T.McNichols),-1.1077677360468863,2025-11-08T21:48:37.000Z
401762502,40176250226,401762502610,16,2,Rice,American Athletic,24,UAB,American Athletic,17,Rice,UAB,4,"{'minutes': 8, 'seconds': 0}",3,3,39,61,2,10,2,False,Rush,(08:05) No Huddle-Shotgun #10 Q.Jackson rush middle for 2 yards gain to the RICE41 (#2 E.Odinjor; #34 J.Allen),-0.4651793112687272,2025-11-08T21:49:12.000Z
401762502,40176250226,401762502614,16,3,Rice,American Athletic,24,UAB,American Athletic,17,Rice,UAB,4,"{'minutes': 7, 'seconds': 17}",3,3,41,59,3,8,-7,False,Sack,(07:21) No Huddle-Shotgun #4 C.Jenkins sacked for loss of 7 yards to the RICE34 (#34 J.Allen),-0.8404842412404738,2025-11-08T21:49:54.000Z
401762502,40176250227,401762502644,17,6,UAB,American Athletic,17,Rice,American Athletic,24,Rice,UAB,4,"{'minutes': 4, 'seconds': 20}",3,3,73,73,4,5,0,False,Punt,(04:20) #27 P.Foley punt 43 yards to the RICE30 fair catch by #6 D.Dickmann at RICE30 PENALTY UAB Illegal Formation 5 yards from RICE30 to RICE35,,2025-11-08T21:58:01.000Z
401762502,40176250227,401762502625,17,1,UAB,American Athletic,17,Rice,American Athletic,24,Rice,UAB,4,"{'minutes': 6, 'seconds': 28}",3,3,91,91,1,10,3,False,Rush,(06:31) No Huddle-Shotgun #4 J.Jackson rush left for 3 yards gain to the UAB12 (#3 T.Morris),-0.1388134637685603,2025-11-08T21:54:16.000Z
401762502,40176250227,401762502629,17,2,UAB,American Athletic,17,Rice,American Athletic,24,Rice,UAB,4,"{'minutes': 5, 'seconds': 48}",3,3,88,88,2,7,10,False,Pass Reception,"(05:52) No Huddle-Shotgun #15 R.Burton pass complete short right to #11 S.Beebe caught at UAB11, for 10 yards to the UAB22 (#14 E.Dotson), 1ST DOWN",0.6890146174523162,2025-11-08T21:54:56.000Z
401762502,40176250227,401762502634,17,3,UAB,American Athletic,17,Rice,American Athletic,24,Rice,UAB,4,"{'minutes': 5, 'seconds': 14}",3,3,78,78,1,10,0,False,Pass Incompletion,(05:14) No Huddle-Shotgun #15 R.Burton pass incomplete short right to #88 J.Sivley thrown to UAB34,-0.6135902757979226,2025-11-08T21:55:39.000Z
401762502,40176250227,401762502637,17,4,UAB,American Athletic,17,Rice,American Athletic,24,Rice,UAB,4,"{'minutes': 5, 'seconds': 10}",3,3,78,78,2,10,0,False,Pass Incompletion,(05:10) No Huddle-Shotgun #15 R.Burton pass incomplete short left to #0 I.Hooks thrown to UAB35,-0.29227926870296894,2025-11-08T21:56:18.000Z
401762502,40176250227,401762502640,17,5,UAB,American Athletic,17,Rice,American Athletic,24,Rice,UAB,4,"{'minutes': 4, 'seconds': 51}",3,3,78,78,3,10,5,False,Rush,(04:59) No Huddle-Shotgun #15 R.Burton rush right for 5 yards gain to the UAB27 (#14 E.Dotson),0.01731802204633226,2025-11-08T21:57:01.000Z
401762502,40176250228,401762502660,18,3,Rice,American Athletic,24,UAB,American Athletic,17,Rice,UAB,4,"{'minutes': 2, 'seconds': 51}",2,3,35,65,2,10,0,False,Timeout,"Timeout Rice, clock 02:51",,2025-11-08T22:00:22.000Z
401762502,40176250228,401762502665,18,4,UAB,American Athletic,17,Rice,American Athletic,24,Rice,UAB,4,"{'minutes': 2, 'seconds': 44}",2,2,37,37,3,8,0,False,Timeout,"Timeout UAB, clock 02:44",,2025-11-08T22:01:56.000Z
401762502,40176250228,401762502663,18,6,Rice,American Athletic,24,UAB,American Athletic,17,Rice,UAB,4,"{'minutes': 2, 'seconds': 32}",2,2,40,60,4,5,28,False,Punt Return,(02:32)  punt 44 yards to the UAB16 #0 I.Hooks return 28 yards to the UAB44 (#8 J.Mutombo),,2025-11-08T22:02:51.000Z
401762502,40176250228,401762502649,18,1,Rice,American Athletic,24,UAB,American Athletic,17,Rice,UAB,4,"{'minutes': 4, 'seconds': 11}",3,3,35,65,1,10,0,False,Rush,(04:15) No Huddle-Shotgun #10 Q.Jackson rush middle for 0 yards to the RICE35 (#34 J.Allen),-1.0146424556055624,2025-11-08T21:58:45.000Z
401762502,40176250228,401762502653,18,2,Rice,American Athletic,24,UAB,American Athletic,17,Rice,UAB,4,"{'minutes': 3, 'seconds': 23}",3,3,35,65,2,10,2,False,Pass Reception,"(03:30) No Huddle-Shotgun #4 C.Jenkins pass complete short middle to #1 A.Turner caught at RICE34, for 2 yards to the RICE37 (#0 D.Hightower)",-0.38957139609757085,2025-11-08T21:59:30.000Z
401762502,40176250228,401762502658,18,5,Rice,American Athletic,24,UAB,American Athletic,17,Rice,UAB,4,"{'minutes': 2, 'seconds': 42}",2,2,37,63,3,8,3,False,Rush,(02:46) No Huddle-Shotgun #4 C.Jenkins rush left for 3 yards gain to the RICE40 (#12 T.McNichols; #14 J.Vessel),-0.18216657860530816,2025-11-08T22:01:24.000Z
401762502,40176250229,401762502683,19,4,UAB,American Athletic,17,Rice,American Athletic,24,Rice,UAB,4,"{'minutes': 1, 'seconds': 56}",2,2,49,49,3,5,0,False,Timeout,"Timeout , clock 01:56",,2025-11-08T22:05:13.000Z
401762502,40176250229,401762502670,19,1,UAB,American Athletic,17,Rice,American Athletic,24,Rice,UAB,4,"{'minutes': 2, 'seconds': 21}",2,2,56,56,1,10,5,False,Rush,(02:26) Shotgun #15 R.Burton rush middle for 5 yards gain to the UAB49 (#3 T.Morris),0.1087719603915716,2025-11-08T22:03:44.000Z
401762502,40176250229,401762502674,19,2,UAB,American Athletic,17,Rice,American Athletic,24,Rice,UAB,4,"{'minutes': 2, 'seconds': 2}",2,2,51,51,2,5,0,False,Pass Incompletion,(02:02) Shotgun #15 R.Burton pass incomplete deep left to #11 S.Beebe thrown to RICE10 broken up by #9 P.Stevenson,-1.198545196849805,2025-11-08T22:04:10.000Z
401762502,40176250229,401762502677,19,3,UAB,American Athletic,17,Rice,American Athletic,24,Rice,UAB,4,"{'minutes': 1, 'seconds': 56}",2,2,51,51,3,5,-4,False,Sack,"(01:56) Shotgun #15 R.Burton sacked for loss of 7 yards to the UAB42 (#26 T.Anyanwu, #16 C.Nwajuaku)",-1.3894682010297412,2025-11-08T22:04:49.000Z
401762502,40176250229,401762502681,19,5,UAB,American Athletic,17,Rice,American Athletic,24,Rice,UAB,4,"{'minutes': 1, 'seconds': 52}",2,2,58,58,4,12,0,False,Pass Incompletion,"(01:52) Shotgun #15 R.Burton pass incomplete short right to #0 I.Hooks thrown to RICE42, TURNOVER ON DOWNS",0.06703870173312776,2025-11-08T22:08:14.000Z
401762502,40176250230,401762502692,20,1,UAB,American Athletic,17,Rice,American Athletic,24,Rice,UAB,4,"{'minutes': 1, 'seconds': 47}",1,2,58,58,1,10,0,False,Timeout,"Timeout UAB, clock 01:47",,2025-11-08T22:09:24.000Z
401762502,40176250230,401762502698,20,4,UAB,American Athletic,17,Rice,American Athletic,24,Rice,UAB,4,"{'minutes': 1, 'seconds': 42}",0,2,57,57,2,11,0,False,Timeout,"Timeout UAB, clock 01:42",,2025-11-08T22:13:40.000Z
401762502,40176250230,401762502702,20,6,Rice,American Athletic,24,UAB,American Athletic,17,Rice,UAB,4,"{'minutes': 0, 'seconds': 50}",2,0,55,45,4,13,0,False,Punt,"(00:55) #91 A.Bacchetta punt 45 yards to the UAB00, Touchback",,2025-11-08T22:15:01.000Z
401762502,40176250230,401762502686,20,2,Rice,American Athletic,24,UAB,American Athletic,17,Rice,UAB,4,"{'minutes': 1, 'seconds': 45}",2,1,58,42,1,10,-1,False,Rush,(01:45) No Huddle-Shotgun #10 Q.Jackson rush left for 1 yard loss to the UAB43 (#99 E.Smalls),-1.12591037688377,2025-11-08T22:09:01.000Z
401762502,40176250230,401762502690,20,3,Rice,American Athletic,24,UAB,American Athletic,17,Rice,UAB,4,"{'minutes': 1, 'seconds': 42}",2,1,57,43,2,11,2,False,Rush,(01:42) No Huddle-Shotgun #10 Q.Jackson rush left for 2 yards gain to the UAB41 (#2 E.Odinjor; #34 J.Allen),-0.6119916276383747,2025-11-08T22:13:08.000Z
401762502,40176250230,401762502696,20,5,Rice,American Athletic,24,UAB,American Athletic,17,Rice,UAB,4,"{'minutes': 1, 'seconds': 26}",2,0,59,41,3,9,-4,False,Rush,(01:36) No Huddle-Shotgun #1 A.Turner rush right for 4 yards loss to the UAB45 (#5 E.Toussom),-1.5829647103306312,2025-11-08T22:14:23.000Z
401762502,40176250231,401762502732,21,9,Rice,American Athletic,24,UAB,American Athletic,17,Rice,UAB,4,"{'minutes': 0, 'seconds': 3}",0,0,45,55,2,10,0,False,Timeout,"Timeout Rice, clock 00:03",,2025-11-08T22:20:42.000Z
401762502,40176250231,401762502725,21,5,Rice,American Athletic,24,UAB,American Athletic,17,Rice,UAB,4,"{'minutes': 0, 'seconds': 13}",1,0,55,45,3,4,0,False,Timeout,"Timeout Rice, clock 00:13",,2025-11-08T22:18:22.000Z
401762502,40176250231,401762502734,21,10,UAB,American Athletic,17,Rice,American Athletic,24,Rice,UAB,4,"{'minutes': 0, 'seconds': 0}",0,0,55,55,3,10,0,False,End Period,End of 4th quarter.,-0.5497170178024078,2025-11-08T22:23:02.000Z
401762502,40176250231,401762502706,21,1,UAB,American Athletic,17,Rice,American Athletic,24,Rice,UAB,4,"{'minutes': 0, 'seconds': 44}",0,2,80,80,1,10,19,False,Rush,"(00:44) Shotgun #15 R.Burton rush left for 19 yards gain to the UAB39, out of bounds at UAB39, 1ST DOWN",1.5310417591402368,2025-11-08T22:16:05.000Z
401762502,40176250231,401762502710,21,2,UAB,American Athletic,17,Rice,American Athletic,24,Rice,UAB,4,"{'minutes': 0, 'seconds': 35}",0,2,61,61,1,10,6,False,Pass Reception,"(00:35) Shotgun #15 R.Burton pass complete short left to #5 K.Brown caught at UAB39, for 6 yards to the UAB45 (#0 A.Awe)",0.4026034463137036,2025-11-08T22:16:38.000Z
401762502,40176250231,401762502715,21,3,UAB,American Athletic,17,Rice,American Athletic,24,Rice,UAB,4,"{'minutes': 0, 'seconds': 22}",0,2,55,55,2,4,0,False,Pass Incompletion,(00:22) Shotgun #15 R.Burton pass incomplete deep middle to #0 I.Hooks thrown to RICE32,-1.2281608651436855,2025-11-08T22:17:07.000Z
401762502,40176250231,401762502718,21,4,UAB,American Athletic,17,Rice,American Athletic,24,Rice,UAB,4,"{'minutes': 0, 'seconds': 13}",0,2,55,55,3,4,10,False,Pass Reception,"(00:13) Shotgun #15 R.Burton pass complete short left to #5 K.Brown caught at UAB45, for 10 yards to the RICE45 (#27 J.Kane), 1ST DOWN",2.20405937022778,2025-11-08T22:17:51.000Z
401762502,40176250231,401762502723,21,6,UAB,American Athletic,17,Rice,American Athletic,24,Rice,UAB,4,"{'minutes': 0, 'seconds': 8}",0,1,45,45,1,10,0,False,Pass Incompletion,(00:08) Shotgun #15 R.Burton pass incomplete short left to #85 A.Ferguson thrown to RICE30,-0.997770018980635,2025-11-08T22:19:35.000Z
401762502,40176250231,401762502727,21,7,UAB,American Athletic,17,Rice,American Athletic,24,Rice,UAB,4,"{'minutes': 0, 'seconds': 3}",0,1,45,45,2,10,0,False,Pass Incompletion,(00:03) Shotgun #15 R.Burton pass incomplete short left to #0 I.Hooks thrown to RICE33,-1.067301371027259,2025-11-08T22:20:09.000Z
401762502,40176250231,401762502730,21,8,UAB,American Athletic,17,Rice,American Athletic,24,Rice,UAB,4,"{'minutes': 0, 'seconds': 3}",0,1,45,45,3,10,0,False,Pass Incompletion,(00:00) Shotgun #15 R.Burton pass incomplete deep middle to #18 X.Daisy thrown to RICE00 broken up by #7 O.Porter,-0.8578975699550249,2025-11-08T22:21:58.000Z
401762502,4017625022,4017625023,1,1,Rice,American Athletic,0,UAB,American Athletic,0,Rice,UAB,1,"{'minutes': 15, 'seconds': 0}",3,3,35,65,1,10,0,False,Kickoff,"(15:00) #28 E.Gota kickoff 65 yards to the UAB00, Touchback",,2025-11-08T19:01:00.000Z
401762502,4017625022,40176250224,1,5,UAB,American Athletic,0,Rice,American Athletic,0,Rice,UAB,1,"{'minutes': 12, 'seconds': 57}",3,3,75,75,4,10,12,False,Punt Return,(13:01) #27 P.Foley punt 52 yards to the RICE23 #11 T.Thompson return 12 yards to the RICE35 (#12 T.McNichols; #0 D.Hightower),,2025-11-08T19:05:35.000Z
401762502,4017625022,40176250212,1,2,UAB,American Athletic,0,Rice,American Athletic,0,Rice,UAB,1,"{'minutes': 14, 'seconds': 53}",3,3,75,75,1,10,4,False,Rush,(14:56) Shotgun #4 J.Jackson rush middle for 4 yards gain to the UAB29 (#6 J.Chavez),-0.1142886249388964,2025-11-08T19:03:38.000Z
401762502,4017625022,40176250216,1,3,UAB,American Athletic,0,Rice,American Athletic,0,Rice,UAB,1,"{'minutes': 14, 'seconds': 7}",3,3,71,71,2,6,1,False,Rush,(14:15) Shotgun #15 R.Burton rush middle for 1 yard gain to the UAB30 (#16 C.Nwajuaku),-0.5448987305935296,2025-11-08T19:04:19.000Z
401762502,4017625022,40176250220,1,4,UAB,American Athletic,0,Rice,American Athletic,0,Rice,UAB,1,"{'minutes': 13, 'seconds': 33}",3,3,70,70,3,5,-5,False,Sack,(13:36) No Huddle-Shotgun #15 R.Burton sacked for loss of 5 yards to the UAB25 (#16 C.Nwajuaku),-0.5496006320818285,2025-11-08T19:04:58.000Z
401762502,4017625023,40176250230,2,1,Rice,American Athletic,0,UAB,American Athletic,0,Rice,UAB,1,"{'minutes': 12, 'seconds': 50}",3,3,35,65,1,10,1,False,Rush,(12:52) No Huddle-Shotgun #1 A.Turner rush right for 1 yard gain to the RICE36 (#29 T.McDaniel),-0.8334176637748527,2025-11-08T19:06:20.000Z
401762502,4017625023,40176250234,2,2,Rice,American Athletic,0,UAB,American Athletic,0,Rice,UAB,1,"{'minutes': 12, 'seconds': 16}",3,3,36,64,2,9,-3,False,Pass Reception,"(12:27) No Huddle-Shotgun #4 C.Jenkins pass complete short left to #6 D.Dickmann caught at RICE32, for 3 yards loss to the RICE33 (#5 E.Toussom)",-0.9377809688585765,2025-11-08T19:06:48.000Z
401762502,4017625023,40176250239,2,3,Rice,American Athletic,0,UAB,American Athletic,0,Rice,UAB,1,"{'minutes': 11, 'seconds': 53}",3,3,33,67,3,12,1,False,Fumble Recovery (Opponent),"(11:53) No Huddle-Shotgun #4 C.Jenkins rush right for 1 yard gain to the RICE34 fumbled by #4 C.Jenkins at RICE34 forced by #4 A.Morrison recovered by UAB #12 T.McNichols at RICE34, End Of Play",0.013915643324764027,2025-11-08T19:07:30.000Z
401762502,4017625024,40176250246,3,1,UAB,American Athletic,0,Rice,American Athletic,0,Rice,UAB,1,"{'minutes': 11, 'seconds': 44}",3,3,34,34,1,10,8,False,Pass Reception,"(11:49) No Huddle-Shotgun #15 R.Burton pass complete short right to #8 E.McCray caught at RICE30, for 8 yards to the RICE26 (#28 L.Johnson)",0.552344804306543,2025-11-08T19:08:30.000Z
401762502,4017625024,40176250251,3,2,UAB,American Athletic,7,Rice,American Athletic,0,Rice,UAB,1,"{'minutes': 11, 'seconds': 8}",3,3,26,26,2,2,26,True,Passing Touchdown,"(11:08) No Huddle-Shotgun #15 R.Burton pass complete deep right to #0 I.Hooks caught at RICE00, for 26 yards to the RICE00 TOUCHDOWN, clock 11:08, 1ST DOWN #39 J.Delange kick attempt good (H: #27 P.Foley, LS: #47 C.Moser)",2.384381356607127,2025-11-08T19:09:18.000Z
401762502,4017625026,40176250259,4,1,UAB,American Athletic,7,Rice,American Athletic,0,Rice,UAB,1,"{'minutes': 11, 'seconds': 1}",3,3,65,65,1,10,32,False,Kickoff,(11:02) #35 O.Simpson kickoff 59 yards to the RICE06 #10 Q.Jackson return 32 yards to the RICE38 (#10 J.Cheek),,2025-11-08T19:13:54.000Z
401762502,4017625026,40176250264,4,2,Rice,American Athletic,0,UAB,American Athletic,7,Rice,UAB,1,"{'minutes': 10, 'seconds': 49}",3,3,38,62,1,10,3,False,Rush,(10:56) No Huddle-Shotgun #10 Q.Jackson rush middle for 3 yards gain to the RICE41 (#99 E.Smalls),-0.4251117664036599,2025-11-08T19:14:34.000Z
401762502,4017625026,40176250268,4,3,Rice,American Athletic,0,UAB,American Athletic,7,Rice,UAB,1,"{'minutes': 10, 'seconds': 21}",3,3,41,59,2,7,10,False,Rush,"(10:24) No Huddle-Shotgun #10 Q.Jackson rush middle for 10 yards gain to the UAB49 (#14 J.Vessel), 1ST DOWN",1.6157848554459022,2025-11-08T19:15:06.000Z
401762502,4017625026,40176250272,4,4,Rice,American Athletic,0,UAB,American Athletic,7,Rice,UAB,1,"{'minutes': 9, 'seconds': 46}",3,3,51,49,1,10,6,False,Rush,(09:49) No Huddle-Shotgun #10 Q.Jackson rush middle for 6 yards gain to the UAB43 (#2 E.Odinjor; #14 J.Vessel),0.3370848727167229,2025-11-08T19:15:41.000Z
401762502,4017625026,40176250276,4,5,Rice,American Athletic,0,UAB,American Athletic,7,Rice,UAB,1,"{'minutes': 9, 'seconds': 5}",3,3,57,43,2,4,3,False,Rush,(09:09) No Huddle-Shotgun #27 D.Hardemann rush middle for 3 yards gain to the UAB40 (#58 J.Mason),-0.3714457734420886,2025-11-08T19:16:21.000Z
401762502,4017625026,40176250280,4,6,Rice,American Athletic,0,UAB,American Athletic,7,Rice,UAB,1,"{'minutes': 8, 'seconds': 37}",3,3,60,40,3,1,6,False,Rush,"(08:37) No Huddle-Shotgun #27 D.Hardemann rush middle for 6 yards gain to the UAB34 (#1 S.Bryant; #0 D.Hightower), 1ST DOWN",0.859965291448944,2025-11-08T19:16:54.000Z
401762502,4017625026,40176250284,4,7,Rice,American Athletic,0,UAB,American Athletic,7,Rice,UAB,1,"{'minutes': 8, 'seconds': 19}",3,3,66,34,1,10,3,False,Rush,(08:22) No Huddle-Shotgun #27 D.Hardemann rush middle for 3 yards gain to the UAB31 (#0 D.Hightower),-0.2066800678483923,2025-11-08T19:17:28.000Z
401762502,4017625026,40176250288,4,8,Rice,American Athletic,0,UAB,American Athletic,7,Rice,UAB,1,"{'minutes': 7, 'seconds': 44}",3,3,69,31,2,7,3,False,Rush,(07:48) No Huddle-Shotgun #4 C.Jenkins rush right for 3 yards gain to the UAB28 (#29 T.McDaniel),-0.2358185887751443,2025-11-08T19:18:01.000Z
401762502,4017625026,40176250292,4,9,Rice,American Athletic,0,UAB,American Athletic,7,Rice,UAB,1,"{'minutes': 7, 'seconds': 22}",3,3,72,28,3,4,1,False,Rush,(07:25) No Huddle-Shotgun #10 Q.Jackson rush middle for 1 yard gain to the UAB27 (#55 J.Peterson),-0.6445498916142398,2025-11-08T19:18:24.000Z
401762502,4017625026,40176250296,4,10,Rice,American Athletic,0,UAB,American Athletic,7,Rice,UAB,1,"{'minutes': 6, 'seconds': 47}",3,3,73,27,4,3,4,False,Pass Reception,"(06:49) No Huddle-Shotgun #4 C.Jenkins pass complete short middle to #1 A.Turner caught at UAB28, for 4 yards to the UAB23 (#0 D.Hightower; #29 T.McDaniel), 1ST DOWN",1.3597970310802179,2025-11-08T19:19:01.000Z
401762502,4017625026,401762502101,4,11,Rice,American Athletic,7,UAB,American Athletic,7,Rice,UAB,1,"{'minutes': 6, 'seconds': 23}",3,3,77,23,1,10,23,True,Passing Touchdown,"(06:23) No Huddle-Shotgun #4 C.Jenkins pass complete deep right to #11 T.Thompson caught at UAB02, for 23 yards to the UAB00 TOUCHDOWN, clock 06:23, 1ST DOWN #28 E.Gota kick attempt good (H: #91 A.Bacchetta, LS: #48 W.Freeman)",2.6639776780712285,2025-11-08T19:19:35.000Z
401762502,4017625028,401762502109,5,1,Rice,American Athletic,7,UAB,American Athletic,7,Rice,UAB,1,"{'minutes': 6, 'seconds': 23}",3,3,35,65,1,10,0,False,Kickoff,"(06:23) #28 E.Gota kickoff 65 yards to the UAB00, Touchback",,2025-11-08T19:20:19.000Z
401762502,4017625028,401762502161,5,5,UAB,American Athletic,7,Rice,American Athletic,7,Rice,UAB,1,"{'minutes': 4, 'seconds': 48}",3,3,77,77,4,12,0,False,Punt,(04:48) #27 P.Foley punt 25 yards to the UAB48 blocked by #9 P.Stevenson,,2025-11-08T19:35:36.000Z
401762502,4017625028,401762502112,5,2,UAB,American Athletic,7,Rice,American Athletic,7,Rice,UAB,1,"{'minutes': 6, 'seconds': 14}",3,3,75,75,1,10,2,False,Rush,(06:18) Shotgun #4 J.Jackson rush middle for 2 yards gain to the UAB27 (#0 A.Awe),-0.45260367932203766,2025-11-08T19:24:23.000Z
401762502,4017625028,401762502116,5,3,UAB,American Athletic,7,Rice,American Athletic,7,Rice,UAB,1,"{'minutes': 5, 'seconds': 35}",3,3,73,73,2,8,-4,False,Sack,(05:38) Shotgun #15 R.Burton sacked for loss of 4 yards to the UAB23 (#0 A.Awe),-0.6815630453468771,2025-11-08T19:25:04.000Z
401762502,4017625028,401762502120,5,4,UAB,American Athletic,7,Rice,American Athletic,7,Rice,UAB,1,"{'minutes': 5, 'seconds': 0}",3,3,77,77,3,12,0,False,Pass Incompletion,(05:00) Shotgun #15 R.Burton pass incomplete deep middle to #6 B.Hawkins Jr. thrown to UAB50,-0.11184027731402413,2025-11-08T19:25:46.000Z
401762502,4017625028,401762502168,5,6,UAB,American Athletic,7,Rice,American Athletic,7,Rice,UAB,1,"{'minutes': 0, 'seconds': 0}",3,3,23,23,4,12,-54,False,End Period,End of 1st quarter.,-2.3208332459649466,2025-11-08T19:37:16.000Z
401762502,40176250211,401762502221,6,1,Rice,American Athletic,14,UAB,American Athletic,7,Rice,UAB,2,"{'minutes': 10, 'seconds': 41}",3,3,35,65,1,10,28,False,Kickoff,(10:47) #28 E.Gota kickoff 59 yards to the UAB06 #11 P.Fisher return 28 yards to the UAB34 (#27 J.Kane),,2025-11-08T19:52:52.000Z
401762502,40176250211,401762502226,6,2,UAB,American Athletic,7,Rice,American Athletic,14,Rice,UAB,2,"{'minutes': 10, 'seconds': 41}",3,3,66,66,1,10,5,False,Penalty,PENALTY RICE Offside (#99 C.Clark-Jolivet) 5 yards from UAB34 to UAB39. NO PLAY,,2025-11-08T19:53:45.000Z
401762502,40176250211,401762502281,6,14,Rice,American Athletic,14,UAB,American Athletic,7,Rice,UAB,2,"{'minutes': 3, 'seconds': 32}",2,3,2,98,1,2,0,False,Timeout,"Timeout Rice, clock 03:32",,2025-11-08T20:02:08.000Z
401762502,40176250211,401762502289,6,17,UAB,American Athletic,10,Rice,American Athletic,14,Rice,UAB,2,"{'minutes': 2, 'seconds': 35}",3,2,2,2,4,2,20,True,Field Goal Good,"(02:35) #39 J.Delange field goal attempt from 20 yards GOOD (H: #27 P.Foley, LS: #47 C.Moser), clock 02:35",,2025-11-08T20:04:03.000Z
401762502,40176250211,401762502229,6,3,UAB,American Athletic,7,Rice,American Athletic,14,Rice,UAB,2,"{'minutes': 10, 'seconds': 22}",3,3,61,61,1,5,2,False,Rush,(10:35) #4 J.Jackson rush middle for 2 yards gain to the UAB41 (#26 T.Anyanwu),-0.8422029882098767,2025-11-08T19:54:18.000Z
401762502,40176250211,401762502233,6,4,UAB,American Athletic,7,Rice,American Athletic,14,Rice,UAB,2,"{'minutes': 9, 'seconds': 54}",3,3,59,59,2,3,2,False,Rush,(10:01) Shotgun #4 J.Jackson rush middle for 2 yards gain to the UAB43 (#75 B.Boenisch),-0.7545151019772034,2025-11-08T19:54:52.000Z
401762502,40176250211,401762502237,6,5,UAB,American Athletic,7,Rice,American Athletic,14,Rice,UAB,2,"{'minutes': 9, 'seconds': 16}",3,3,57,57,3,1,3,False,Rush,"(09:23) Shotgun #3 I.Jacobs rush middle for 3 yards gain to the UAB46 (#27 J.Kane; #11 S.Carrell), 1ST DOWN",1.2024777917992944,2025-11-08T19:55:30.000Z
401762502,40176250211,401762502241,6,6,UAB,American Athletic,7,Rice,American Athletic,14,Rice,UAB,2,"{'minutes': 8, 'seconds': 39}",3,3,54,54,1,10,12,False,Pass Reception,"(08:46) Shotgun #15 R.Burton pass complete short right to #1 C.Milliner caught at RICE47, for 12 yards to the RICE42 (#0 A.Awe), 1ST DOWN",0.889962066113084,2025-11-08T19:56:07.000Z
401762502,40176250211,401762502246,6,7,UAB,American Athletic,7,Rice,American Athletic,14,Rice,UAB,2,"{'minutes': 8, 'seconds': 3}",3,3,42,42,1,10,5,False,Pass Reception,"(08:13) Shotgun #15 R.Burton pass complete short left to #8 E.McCray caught at RICE38, for 5 yards to the RICE37 (#7 O.Porter)",0.0899665338824123,2025-11-08T19:56:41.000Z
401762502,40176250211,401762502251,6,8,UAB,American Athletic,7,Rice,American Athletic,14,Rice,UAB,2,"{'minutes': 7, 'seconds': 27}",3,3,37,37,2,5,4,False,Rush,(07:36) No Huddle-Shotgun #4 J.Jackson rush middle for 4 yards gain to the RICE33 (#3 T.Morris; #8 J.Mutombo),-0.0980899165507463,2025-11-08T19:57:17.000Z
401762502,40176250211,401762502255,6,9,UAB,American Athletic,7,Rice,American Athletic,14,Rice,UAB,2,"{'minutes': 6, 'seconds': 44}",3,3,33,33,3,1,3,False,Rush,"(06:48) No Huddle #4 J.Jackson rush left for 3 yards gain to the RICE30 (#16 C.Nwajuaku; #27 J.Kane), 1ST DOWN",0.488815721317687,2025-11-08T19:58:05.000Z
401762502,40176250211,401762502259,6,10,UAB,American Athletic,7,Rice,American Athletic,14,Rice,UAB,2,"{'minutes': 5, 'seconds': 55}",3,3,30,30,1,10,8,False,Pass Reception,"(06:08) No Huddle-Shotgun #15 R.Burton pass complete short right to #6 B.Hawkins Jr. caught at RICE22, for 8 yards to the RICE22 (#28 L.Johnson)",0.512285959651141,2025-11-08T19:58:45.000Z
401762502,40176250211,401762502264,6,11,UAB,American Athletic,7,Rice,American Athletic,14,Rice,UAB,2,"{'minutes': 5, 'seconds': 11}",3,3,22,22,2,2,9,False,Rush,"(05:24) No Huddle-Shotgun #11 S.Beebe rush middle for 9 yards gain to the RICE13, End Of Play, 1ST DOWN",-0.236972041774217,2025-11-08T19:59:32.000Z
401762502,40176250211,401762502268,6,12,UAB,American Athletic,7,Rice,American Athletic,14,Rice,UAB,2,"{'minutes': 4, 'seconds': 26}",3,3,13,13,1,10,11,False,Pass Reception,"(04:45) No Huddle-Shotgun #15 R.Burton pass complete short middle to #0 I.Hooks caught at RICE02, for 11 yards to the RICE02 (#4 M.Williams), 1ST DOWN",1.325693917373749,2025-11-08T20:00:11.000Z
401762502,40176250211,401762502273,6,13,UAB,American Athletic,7,Rice,American Athletic,14,Rice,UAB,2,"{'minutes': 4, 'seconds': 3}",3,3,2,2,1,2,0,False,Rush,(04:07) No Huddle-Shotgun #4 J.Jackson rush middle for 0 yards to the RICE02 (#0 A.Awe; #27 J.Kane),-0.854701227650125,2025-11-08T20:00:50.000Z
401762502,40176250211,401762502279,6,15,UAB,American Athletic,7,Rice,American Athletic,14,Rice,UAB,2,"{'minutes': 3, 'seconds': 24}",3,2,2,2,2,2,0,False,Rush,(03:28) No Huddle-Shotgun #4 J.Jackson rush middle for 0 yards to the RICE02 (#4 M.Williams),-0.476893758740638,2025-11-08T20:02:38.000Z
401762502,40176250211,401762502284,6,16,UAB,American Athletic,7,Rice,American Athletic,14,Rice,UAB,2,"{'minutes': 2, 'seconds': 47}",3,2,2,2,3,2,0,False,Pass Reception,"(02:50) No Huddle-Shotgun #15 R.Burton pass complete short right to #3 I.Jacobs caught at RICE02, for 0 yards to the RICE02 (#4 M.Williams)",-0.306522417191541,2025-11-08T20:03:16.000Z
401762502,40176250213,401762502305,7,4,Rice,American Athletic,14,UAB,American Athletic,10,Rice,UAB,2,"{'minutes': 2, 'seconds': 0}",2,3,28,72,2,7,0,False,Timeout,"Timeout , clock 02:00",,2025-11-08T20:11:03.000Z
401762502,40176250213,401762502292,7,1,UAB,American Athletic,10,Rice,American Athletic,14,Rice,UAB,2,"{'minutes': 2, 'seconds': 35}",3,2,65,65,1,10,0,False,Kickoff,"(02:35) #35 O.Simpson kickoff 65 yards to the RICE00, Touchback",,2025-11-08T20:04:07.000Z
401762502,40176250213,401762502317,7,8,Rice,American Athletic,14,UAB,American Athletic,10,Rice,UAB,2,"{'minutes': 1, 'seconds': 4}",1,3,53,47,3,4,0,False,Timeout,"Timeout Rice, clock 01:04",,2025-11-08T20:16:29.000Z
401762502,40176250213,401762502295,7,2,Rice,American Athletic,14,UAB,American Athletic,10,Rice,UAB,2,"{'minutes': 2, 'seconds': 26}",2,3,25,75,1,10,3,False,Rush,(02:30) No Huddle-Shotgun #4 C.Jenkins rush middle for 3 yards gain to the RICE28 (#1 S.Bryant; #34 J.Allen),-0.2957674139440157,2025-11-08T20:10:12.000Z
401762502,40176250213,401762502299,7,3,Rice,American Athletic,14,UAB,American Athletic,10,Rice,UAB,2,"{'minutes': 2, 'seconds': 5}",2,3,28,72,2,7,19,False,Rush,"(02:05) No Huddle-Shotgun #10 Q.Jackson rush left for 19 yards gain to the RICE47 (#0 D.Hightower), 1ST DOWN",2.2782231000920294,2025-11-08T20:10:37.000Z
401762502,40176250213,401762502303,7,5,Rice,American Athletic,14,UAB,American Athletic,10,Rice,UAB,2,"{'minutes': 1, 'seconds': 53}",2,3,47,53,1,10,6,False,Rush,(01:52) No Huddle-Shotgun #1 A.Turner rush right for 6 yards gain to the UAB47 (#23 D.Lee),0.3681512148633137,2025-11-08T20:14:31.000Z
401762502,40176250213,401762502308,7,6,Rice,American Athletic,14,UAB,American Athletic,10,Rice,UAB,2,"{'minutes': 1, 'seconds': 49}",2,3,53,47,2,4,0,False,Pass Incompletion,(01:49) No Huddle-Shotgun #4 C.Jenkins pass incomplete short right to #6 D.Dickmann thrown to UAB45 broken up by #2 E.Odinjor,-1.2002400277484264,2025-11-08T20:15:09.000Z
401762502,40176250213,401762502311,7,7,Rice,American Athletic,14,UAB,American Athletic,10,Rice,UAB,2,"{'minutes': 1, 'seconds': 40}",2,3,53,47,3,4,2,False,Rush,(01:43) No Huddle-Shotgun #10 Q.Jackson rush middle for 2 yards gain to the UAB45 (#58 J.Mason),-0.6410215832013968,2025-11-08T20:15:38.000Z
401762502,40176250213,401762502315,7,9,Rice,American Athletic,14,UAB,American Athletic,10,Rice,UAB,2,"{'minutes': 0, 'seconds': 58}",1,3,55,45,4,2,1,False,Rush,"(00:58) No Huddle-Shotgun #6 D.Dickmann rush left for 1 yard gain to the UAB44 (#23 D.Lee), TURNOVER ON DOWNS",-1.4315901703401828,2025-11-08T20:17:31.000Z
401762502,40176250214,401762502343,8,6,UAB,American Athletic,10,Rice,American Athletic,14,Rice,UAB,2,"{'minutes': 0, 'seconds': 17}",3,1,6,6,2,6,5,False,Penalty,PENALTY UAB Illegal Shift  5 yards from RICE06 to RICE11. NO PLAY,,2025-11-08T20:22:50.000Z
401762502,40176250214,401762502352,8,8,UAB,American Athletic,10,Rice,American Athletic,14,Rice,UAB,2,"{'minutes': 0, 'seconds': 11}",2,1,11,11,2,11,0,False,Timeout,"Timeout UAB, clock 00:11",,2025-11-08T20:23:50.000Z
401762502,40176250214,401762502321,8,1,UAB,American Athletic,10,Rice,American Athletic,14,Rice,UAB,2,"{'minutes': 0, 'seconds': 50}",3,1,56,56,1,10,26,False,Pass Reception,"(00:50) Shotgun #15 R.Burton pass complete deep left to #1 C.Milliner caught at RICE32, for 26 yards to the RICE30, End Of Play, 1ST DOWN",1.555939648456535,2025-11-08T20:19:03.000Z
401762502,40176250214,401762502326,8,2,UAB,American Athletic,10,Rice,American Athletic,14,Rice,UAB,2,"{'minutes': 0, 'seconds': 37}",3,1,30,30,1,10,11,False,Pass Reception,"(00:38) Shotgun #15 R.Burton pass complete short middle to #0 I.Hooks caught at RICE26, for 11 yards to the RICE19, out of bounds at RICE19, 1ST DOWN",0.209795504285248,2025-11-08T20:19:37.000Z
401762502,40176250214,401762502331,8,3,UAB,American Athletic,10,Rice,American Athletic,14,Rice,UAB,2,"{'minutes': 0, 'seconds': 31}",3,1,19,19,1,10,0,False,Pass Incompletion,(00:31) Shotgun #15 R.Burton pass incomplete short right to #6 B.Hawkins Jr. thrown to RICE10 QB hurried by #3 T.Morris,-0.362321296557512,2025-11-08T20:20:21.000Z
401762502,40176250214,401762502334,8,4,UAB,American Athletic,10,Rice,American Athletic,14,Rice,UAB,2,"{'minutes': 0, 'seconds': 25}",3,1,19,19,2,10,6,False,Pass Reception,"(00:25) Shotgun #15 R.Burton pass complete short middle to #0 I.Hooks caught at RICE16, for 6 yards to the RICE13 (#7 O.Porter) PENALTY RICE Personal Foul (#75 B.Boenisch) 7 yards from RICE13 to RICE06, 1ST DOWN",0.128399323095482,2025-11-08T20:21:19.000Z
401762502,40176250214,401762502340,8,5,UAB,American Athletic,10,Rice,American Athletic,14,Rice,UAB,2,"{'minutes': 0, 'seconds': 20}",3,1,6,6,1,6,0,False,Pass Incompletion,(00:20) No Huddle-Shotgun #15 R.Burton pass incomplete short middle to #1 C.Milliner thrown to RICE00,-0.476177221716661,2025-11-08T20:21:57.000Z
401762502,40176250214,401762502346,8,7,UAB,American Athletic,10,Rice,American Athletic,14,Rice,UAB,2,"{'minutes': 0, 'seconds': 16}",3,1,11,11,2,11,-10,False,Sack,(00:16) No Huddle-Shotgun #15 R.Burton sacked for loss of 10 yards to the RICE21 (#0 A.Awe),-1.653827802118741,2025-11-08T20:23:16.000Z
401762502,40176250214,401762502350,8,9,UAB,American Athletic,17,Rice,American Athletic,14,Rice,UAB,2,"{'minutes': 0, 'seconds': 3}",2,1,21,21,3,21,21,True,Passing Touchdown,"(00:03) No Huddle-Shotgun #15 R.Burton pass complete deep middle to #6 B.Hawkins Jr. caught at RICE00, for 21 yards to the RICE00 TOUCHDOWN, clock 00:03 #39 J.Delange kick attempt good (H: #27 P.Foley, LS: #47 C.Moser)",4.5102338529441575,2025-11-08T20:24:48.000Z
401762502,40176250216,401762502359,9,1,UAB,American Athletic,17,Rice,American Athletic,14,Rice,UAB,2,"{'minutes': 0, 'seconds': 1}",2,1,65,65,1,10,5,False,Kickoff,(00:01) #35 O.Simpson kickoff 13 yards to the UAB48 #80 D.Kasemervisz return 5 yards to the UAB43 (#1 S.Bryant),,2025-11-08T20:26:35.000Z
401762502,40176250216,401762502364,9,2,Rice,American Athletic,14,UAB,American Athletic,17,Rice,UAB,2,"{'minutes': 0, 'seconds': 1}",1,2,57,43,1,10,13,False,Rush,"(00:00) No Huddle-Shotgun #4 C.Jenkins rush right for 13 yards gain to the UAB30 (#12 T.McNichols), 1ST DOWN",0.5381269550080832,2025-11-08T20:27:34.000Z
401762502,40176250216,401762502370,9,3,Rice,American Athletic,14,UAB,American Athletic,17,Rice,UAB,2,"{'minutes': 0, 'seconds': 0}",1,2,57,43,1,10,13,False,End Period,End of 2nd quarter.,0.5381269550080832,2025-11-08T20:27:47.000Z
401762502,40176250218,401762502375,10,1,UAB,American Athletic,17,Rice,American Athletic,14,Rice,UAB,3,"{'minutes': 15, 'seconds': 0}",3,3,65,65,1,10,0,False,Kickoff,"(15:00) #35 O.Simpson kickoff 65 yards to the RICE00, Touchback",,2025-11-08T20:50:01.000Z
401762502,40176250218,401762502389,10,4,Rice,American Athletic,14,UAB,American Athletic,17,Rice,UAB,3,"{'minutes': 13, 'seconds': 48}",3,3,43,57,1,10,4,False,Rush,(13:51) No Huddle-Shotgun #10 Q.Jackson rush middle for 4 yards gain to the RICE47 (#25 J.Smyre),-0.1651640993405828,2025-11-08T20:53:16.000Z
401762502,40176250218,401762502380,10,2,Rice,American Athletic,14,UAB,American Athletic,17,Rice,UAB,3,"{'minutes': 14, 'seconds': 52}",3,3,25,75,1,10,1,False,Rush,(14:53) No Huddle-Shotgun #10 Q.Jackson rush right for 1 yard gain to the RICE26 (#18 D.Gulley),-0.5874795431016855,2025-11-08T20:51:37.000Z
401762502,40176250218,401762502384,10,3,Rice,American Athletic,14,UAB,American Athletic,17,Rice,UAB,3,"{'minutes': 14, 'seconds': 15}",3,3,26,74,2,9,2,False,Rush,"(14:15) No Huddle-Shotgun #4 C.Jenkins rush right for 2 yards gain to the RICE28 (#1 S.Bryant) PENALTY UAB Personal Foul (#1 S.Bryant) 15 yards from RICE28 to RICE43, 1ST DOWN",-0.2677195990543533,2025-11-08T20:52:21.000Z
401762502,40176250218,401762502393,10,5,Rice,American Athletic,14,UAB,American Athletic,17,Rice,UAB,3,"{'minutes': 13, 'seconds': 15}",3,3,47,53,2,6,4,False,Rush,(13:17) No Huddle-Shotgun #10 Q.Jackson rush middle for 4 yards gain to the UAB49 (#20 A.Brown; #12 T.McNichols),-0.1671235596047342,2025-11-08T20:53:51.000Z
401762502,40176250218,401762502397,10,6,Rice,American Athletic,14,UAB,American Athletic,17,Rice,UAB,3,"{'minutes': 12, 'seconds': 42}",3,3,51,49,3,2,3,False,Rush,"(12:46) No Huddle-Shotgun #10 Q.Jackson rush middle for 3 yards gain to the UAB46 (#0 D.Hightower; #6 C.Pitcher), 1ST DOWN",1.2543169483221792,2025-11-08T20:54:32.000Z
401762502,40176250218,401762502401,10,7,Rice,American Athletic,14,UAB,American Athletic,17,Rice,UAB,3,"{'minutes': 12, 'seconds': 4}",3,3,54,46,1,10,1,False,Pass Reception,"(12:03) No Huddle-Shotgun #4 C.Jenkins pass complete short right to #1 A.Turner caught at UAB45, for 1 yard to the UAB45 (#6 C.Pitcher; #25 J.Smyre) PENALTY UAB Roughing The Passer (#55 J.Peterson) 15 yards from UAB45 to UAB30, 1ST DOWN",-0.7942209074247197,2025-11-08T20:55:14.000Z
401762502,40176250218,401762502407,10,8,Rice,American Athletic,14,UAB,American Athletic,17,Rice,UAB,3,"{'minutes': 11, 'seconds': 38}",3,3,70,30,1,10,3,False,Rush,(11:42) No Huddle-Shotgun #27 D.Hardemann rush middle for 3 yards gain to the UAB27 (#20 A.Brown; #9 D.Warren),-0.17303361893288,2025-11-08T20:56:05.000Z
401762502,40176250218,401762502411,10,9,Rice,American Athletic,14,UAB,American Athletic,17,Rice,UAB,3,"{'minutes': 11, 'seconds': 7}",3,3,73,27,2,7,19,False,Rush,"(11:09) No Huddle-Shotgun #4 C.Jenkins rush right for 19 yards gain to the UAB08 (#20 A.Brown), out of bounds, 1ST DOWN",0.667677183155959,2025-11-08T20:56:41.000Z
401762502,40176250218,401762502415,10,10,Rice,American Athletic,14,UAB,American Athletic,17,Rice,UAB,3,"{'minutes': 10, 'seconds': 32}",3,3,92,8,1,8,1,False,Rush,(10:36) No Huddle-Shotgun #27 D.Hardemann rush middle for 1 yard gain to the UAB07 (#28 B.Franklin; #59 C.Burge),-0.287548899318045,2025-11-08T20:57:16.000Z
401762502,40176250218,401762502419,10,11,Rice,American Athletic,14,UAB,American Athletic,17,Rice,UAB,3,"{'minutes': 9, 'seconds': 56}",3,3,93,7,2,7,4,False,Rush,(09:56) No Huddle-Shotgun #4 C.Jenkins rush right for 4 yards gain to the UAB03 (#14 J.Vessel),-0.017413931761254,2025-11-08T20:57:59.000Z
401762502,40176250218,401762502423,10,12,Rice,American Athletic,21,UAB,American Athletic,17,Rice,UAB,3,"{'minutes': 9, 'seconds': 29}",3,3,97,3,3,3,3,True,Passing Touchdown,"(09:29) No Huddle-Shotgun #4 C.Jenkins pass complete short left to #1 A.Turner caught at UAB03, for 3 yards to the UAB00 TOUCHDOWN, clock 09:29 #28 E.Gota kick attempt good (H: #91 A.Bacchetta, LS: #48 W.Freeman)",2.624562399778991,2025-11-08T20:58:42.000Z
401762502,40176250220,401762502431,11,1,Rice,American Athletic,21,UAB,American Athletic,17,Rice,UAB,3,"{'minutes': 9, 'seconds': 29}",3,3,35,65,0,0,15,False,Penalty,PENALTY UAB Personal Foul (#25 J.Smyre) 15 yards from RICE35 to RICE50. NO PLAY,,2025-11-08T20:59:51.000Z
401762502,40176250220,401762502434,11,2,Rice,American Athletic,21,UAB,American Athletic,17,Rice,UAB,3,"{'minutes': 9, 'seconds': 24}",3,3,50,50,1,10,5,False,Kickoff,(09:24) #28 E.Gota kickoff 32 yards to the UAB18 #30 A.Brundidge return 5 yards to the UAB23 (#54 B.Barton; #47 T.Thames),,2025-11-08T21:03:13.000Z
401762502,40176250220,401762502456,11,7,UAB,American Athletic,17,Rice,American Athletic,21,Rice,UAB,3,"{'minutes': 6, 'seconds': 57}",3,3,46,46,2,10,0,False,Pass Incompletion,(06:57) No Huddle-Shotgun #15 R.Burton pass incomplete short right to #0 I.Hooks thrown to RICE35,-1.0652839330421227,2025-11-08T21:06:32.000Z
401762502,40176250220,401762502459,11,8,UAB,American Athletic,17,Rice,American Athletic,21,Rice,UAB,3,"{'minutes': 6, 'seconds': 40}",3,3,46,46,3,10,9,False,Pass Reception,"(06:48) No Huddle-Shotgun #15 R.Burton pass complete short right to #17 E.Lagg caught at RICE44, for 9 yards to the RICE37 (#28 L.Johnson)",0.9758719590662377,2025-11-08T21:07:13.000Z
401762502,40176250220,401762502464,11,9,UAB,American Athletic,17,Rice,American Athletic,21,Rice,UAB,3,"{'minutes': 6, 'seconds': 2}",3,3,37,37,4,1,0,False,Rush,"(06:07) No Huddle #3 I.Jacobs rush right for 0 yards to the RICE37 (#28 L.Johnson), TURNOVER ON DOWNS",-2.3422031331051905,2025-11-08T21:07:56.000Z
401762502,40176250220,401762502439,11,3,UAB,American Athletic,17,Rice,American Athletic,21,Rice,UAB,3,"{'minutes': 9, 'seconds': 14}",3,3,77,77,1,10,3,False,Rush,(09:18) No Huddle-Shotgun #4 J.Jackson rush right for 3 yards gain to the UAB26 (#3 T.Morris),-0.2714196551267518,2025-11-08T21:03:53.000Z
401762502,40176250220,401762502443,11,4,UAB,American Athletic,17,Rice,American Athletic,21,Rice,UAB,3,"{'minutes': 8, 'seconds': 42}",3,3,74,74,2,7,9,False,Pass Reception,"(08:42) No Huddle-Shotgun #15 R.Burton pass complete short left to #1 C.Milliner caught at UAB25, for 9 yards to the UAB35 (#8 J.Mutombo), 1ST DOWN",1.2390597386248139,2025-11-08T21:04:33.000Z
401762502,40176250220,401762502448,11,5,UAB,American Athletic,17,Rice,American Athletic,21,Rice,UAB,3,"{'minutes': 8, 'seconds': 7}",3,3,65,65,1,10,19,False,Rush,"(08:11) No Huddle-Shotgun #4 J.Jackson rush middle for 19 yards gain to the RICE46 (#0 A.Awe; #27 J.Kane), 1ST DOWN",1.6994296025568705,2025-11-08T21:05:15.000Z
401762502,40176250220,401762502452,11,6,UAB,American Athletic,17,Rice,American Athletic,21,Rice,UAB,3,"{'minutes': 7, 'seconds': 31}",3,3,46,46,1,10,0,False,Rush,(07:34) No Huddle-Shotgun #4 J.Jackson rush right for 0 yards to the RICE46 (#75 B.Boenisch),-1.0250974847844603,2025-11-08T21:05:51.000Z
401762502,40176250221,401762502486,12,5,Rice,American Athletic,21,UAB,American Athletic,17,Rice,UAB,3,"{'minutes': 3, 'seconds': 5}",3,3,51,49,2,9,5,False,Penalty,PENALTY UAB Offside (#4 A.Morrison) 5 yards from UAB49 to UAB44. NO PLAY,,2025-11-08T21:17:01.000Z
401762502,40176250221,401762502501,12,9,Rice,American Athletic,21,UAB,American Athletic,17,Rice,UAB,3,"{'minutes': 1, 'seconds': 30}",3,3,69,31,3,16,11,False,Penalty,(01:30) No Huddle-Shotgun #27 D.Hardemann rush middle for 6 yards gain to the UAB25 (#12 T.McNichols),,2025-11-08T21:21:15.000Z
401762502,40176250221,401762502509,12,10,Rice,American Athletic,21,UAB,American Athletic,17,Rice,UAB,3,"{'minutes': 1, 'seconds': 0}",3,3,75,25,4,10,5,False,Penalty,PENALTY UAB Running Into The Kicker (#29 T.McDaniel) 5 yards from UAB25 to UAB20. NO PLAY,,2025-11-08T21:22:01.000Z
401762502,40176250221,401762502512,12,11,Rice,American Athletic,24,UAB,American Athletic,17,Rice,UAB,3,"{'minutes': 1, 'seconds': 0}",3,3,80,20,4,5,38,True,Field Goal Good,"(01:00) #28 E.Gota field goal attempt from 38 yards GOOD (H: #91 A.Bacchetta, LS: #48 W.Freeman), clock 01:00",,2025-11-08T21:22:35.000Z
401762502,40176250221,401762502469,12,1,Rice,American Athletic,21,UAB,American Athletic,17,Rice,UAB,3,"{'minutes': 5, 'seconds': 41}",3,3,37,63,1,10,0,False,Rush,(05:44) No Huddle-Shotgun #10 Q.Jackson rush right for 0 yards to the RICE37 (#12 T.McNichols; #23 D.Lee),-1.065701080215459,2025-11-08T21:13:51.000Z
401762502,40176250221,401762502473,12,2,Rice,American Athletic,21,UAB,American Athletic,17,Rice,UAB,3,"{'minutes': 4, 'seconds': 58}",3,3,37,63,2,10,5,False,Rush,(05:03) No Huddle-Shotgun #26 T.Byars rush middle for 5 yards gain to the RICE42 (#34 J.Allen),0.062211084497986,2025-11-08T21:14:33.000Z
401762502,40176250221,401762502477,12,3,Rice,American Athletic,21,UAB,American Athletic,17,Rice,UAB,3,"{'minutes': 4, 'seconds': 16}",3,3,42,58,3,5,8,False,Pass Reception,"(04:23) No Huddle-Shotgun #4 C.Jenkins pass complete short left to #88 K.Arcega-Whiteside caught at RICE47, for 8 yards to the RICE50 (#13 T.Crumpley), 1ST DOWN",2.2125888571738503,2025-11-08T21:15:13.000Z
401762502,40176250221,401762502482,12,4,Rice,American Athletic,21,UAB,American Athletic,17,Rice,UAB,3,"{'minutes': 3, 'seconds': 44}",3,3,50,50,1,10,1,False,Rush,(03:47) No Huddle-Shotgun #10 Q.Jackson rush left for 1 yard gain to the UAB49 (#14 J.Vessel),-0.873884986133115,2025-11-08T21:15:51.000Z
401762502,40176250221,401762502489,12,6,Rice,American Athletic,21,UAB,American Athletic,17,Rice,UAB,3,"{'minutes': 2, 'seconds': 37}",3,3,56,44,2,4,19,False,Rush,"(02:38) No Huddle-Shotgun #10 Q.Jackson rush left for 19 yards gain to the UAB25 (#59 C.Burge), 1ST DOWN",0.7960696322431515,2025-11-08T21:17:41.000Z
401762502,40176250221,401762502493,12,7,Rice,American Athletic,21,UAB,American Athletic,17,Rice,UAB,3,"{'minutes': 1, 'seconds': 55}",3,3,75,25,1,10,-6,False,Pass Reception,"(02:02) No Huddle-Shotgun #4 C.Jenkins pass complete short middle to #1 A.Turner caught at UAB27, for 6 yards loss to the UAB31 (#4 A.Morrison)",-1.2669462955942912,2025-11-08T21:18:21.000Z
401762502,40176250221,401762502498,12,8,Rice,American Athletic,21,UAB,American Athletic,17,Rice,UAB,3,"{'minutes': 1, 'seconds': 30}",3,3,69,31,2,16,0,False,Pass Incompletion,(01:30) No Huddle-Shotgun #4 C.Jenkins pass incomplete deep left to #6 D.Dickmann thrown to UAB02,-0.9332159320606586,2025-11-08T21:18:57.000Z
401762506,40176250625,401762506505,15,1,North Texas,American Athletic,38,UAB,American Athletic,15,UAB,North Texas,3,"{'minutes': 9, 'seconds': 37}",3,3,65,65,1,10,0,False,Kickoff,"(09:37) #46 M.Arenas kickoff 65 yards to the UAB00, Touchback",,2025-11-15T21:08:08.000Z
401762506,40176250625,401762506531,15,6,UAB,American Athletic,15,North Texas,American Athletic,38,UAB,North Texas,3,"{'minutes': 6, 'seconds': 59}",3,3,57,43,1,10,15,False,Penalty,"(06:59) No Huddle-Shotgun #7 J.Kitna pass incomplete short right to #0 I.Hooks thrown to UNT25 PENALTY UNT Pass Interference (#0 W.Jones II) 15 yards from UNT43 to UNT28, 1ST DOWN. NO PLAY",,2025-11-15T21:16:50.000Z
401762506,40176250625,401762506544,15,10,UAB,American Athletic,18,North Texas,American Athletic,38,UAB,North Texas,3,"{'minutes': 6, 'seconds': 37}",3,3,72,28,4,10,46,True,Field Goal Good,"(06:37) #39 J.Delange field goal attempt from 46 yards GOOD (H: #27 P.Foley, LS: #47 C.Moser), clock 06:37",,2025-11-15T21:19:46.000Z
401762506,40176250625,401762506508,15,2,UAB,American Athletic,15,North Texas,American Athletic,38,UAB,North Texas,3,"{'minutes': 9, 'seconds': 27}",3,3,25,75,1,10,3,False,Rush,(09:34) No Huddle #11 S.Beebe rush middle for 3 yards gain to the UAB28 (#42 B.Knox),-0.2957674139440157,2025-11-15T21:11:57.000Z
401762506,40176250625,401762506514,15,3,UAB,American Athletic,15,North Texas,American Athletic,38,UAB,North Texas,3,"{'minutes': 8, 'seconds': 59}",3,3,28,72,2,7,6,False,Pass Reception,"(09:09) No Huddle-Shotgun #7 J.Kitna pass complete short right to #17 E.Lagg caught at UAB31, for 6 yards to the UAB34 (#1 D.Fisher), out of bounds",0.272733551995068,2025-11-15T21:12:22.000Z
401762506,40176250625,401762506519,15,4,UAB,American Athletic,15,North Texas,American Athletic,38,UAB,North Texas,3,"{'minutes': 8, 'seconds': 22}",3,3,34,66,3,1,2,False,Rush,"(08:30) #7 J.Kitna rush middle for 2 yards gain to the UAB36 (#32 E.Wesloski; #9 J.Durgan), 1ST DOWN",0.9535963738949382,2025-11-15T21:13:01.000Z
401762506,40176250625,401762506523,15,5,UAB,American Athletic,15,North Texas,American Athletic,38,UAB,North Texas,3,"{'minutes': 7, 'seconds': 37}",3,3,36,64,1,10,21,False,Pass Reception,"(07:51) No Huddle #7 J.Kitna pass complete short middle to #18 X.Daisy caught at UNT47, for 21 yards to the UNT43 (#6 T.Fields; #32 E.Wesloski), 1ST DOWN",1.7948225198444767,2025-11-15T21:13:41.000Z
401762506,40176250625,401762506535,15,7,UAB,American Athletic,15,North Texas,American Athletic,38,UAB,North Texas,3,"{'minutes': 6, 'seconds': 51}",3,3,72,28,1,10,0,False,Pass Incompletion,(06:55) No Huddle-Shotgun #7 J.Kitna pass incomplete short left to #0 I.Hooks thrown to UNT23,-0.512081873784803,2025-11-15T21:17:39.000Z
401762506,40176250625,401762506538,15,8,UAB,American Athletic,15,North Texas,American Athletic,38,UAB,North Texas,3,"{'minutes': 6, 'seconds': 47}",3,3,72,28,2,10,0,False,Pass Incompletion,(06:49) No Huddle-Shotgun #7 J.Kitna pass incomplete short left to #17 E.Lagg thrown to UNT20 broken up by #0 W.Jones II,-0.7006450342354943,2025-11-15T21:18:22.000Z
401762506,40176250625,401762506541,15,9,UAB,American Athletic,15,North Texas,American Athletic,38,UAB,North Texas,3,"{'minutes': 6, 'seconds': 42}",3,3,72,28,3,10,0,False,Pass Incompletion,(06:46) No Huddle-Shotgun #7 J.Kitna pass incomplete short left to #0 I.Hooks thrown to UNT25 broken up by #30 B.Allen Jr. QB hurried by #90 E.Day,-0.9527802815229531,2025-11-15T21:19:04.000Z
401762506,40176250627,401762506547,16,1,UAB,American Athletic,18,North Texas,American Athletic,38,UAB,North Texas,3,"{'minutes': 6, 'seconds': 37}",3,3,35,65,1,10,0,False,Kickoff,(06:37) #35 O.Simpson kickoff 42 yards to the UNT23 fair catch by #87 B.Young Jr. at UNT23,,2025-11-15T21:19:49.000Z
401762506,40176250627,401762506588,16,10,North Texas,American Athletic,44,UAB,American Athletic,18,UAB,North Texas,3,"{'minutes': 3, 'seconds': 26}",3,3,3,3,0,0,5,False,Penalty,PENALTY UNT False Start (#70 T.Yanta II) 5 yards from UAB03 to UAB08. NO PLAY,,2025-11-15T21:29:04.000Z
401762506,40176250627,401762506550,16,2,North Texas,American Athletic,38,UAB,American Athletic,18,UAB,North Texas,3,"{'minutes': 6, 'seconds': 27}",3,3,75,75,1,10,15,False,Pass Reception,"(06:37) No Huddle-Shotgun #17 D.Mestemaker pass complete short middle to #18 T.Lewis caught at UNT27, for 15 yards to the UNT40 (#16 I.Crozier), out of bounds, 1ST DOWN",1.320854515577646,2025-11-15T21:24:05.000Z
401762506,40176250627,401762506555,16,3,North Texas,American Athletic,38,UAB,American Athletic,18,UAB,North Texas,3,"{'minutes': 6, 'seconds': 1}",3,3,60,60,1,10,2,False,Rush,(06:07) No Huddle-Shotgun #24 C.Hawkins rush middle for 2 yards gain to the UNT42 (#6 C.Pitcher),-0.6799841752385892,2025-11-15T21:24:34.000Z
401762506,40176250627,401762506559,16,4,North Texas,American Athletic,38,UAB,American Athletic,18,UAB,North Texas,3,"{'minutes': 5, 'seconds': 33}",3,3,58,58,2,8,4,False,Rush,(05:44) No Huddle-Shotgun #24 C.Hawkins rush right for 4 yards gain to the UNT46 (#16 I.Crozier; #15 J.Rogers),-0.155433646869616,2025-11-15T21:25:04.000Z
401762506,40176250627,401762506563,16,5,North Texas,American Athletic,38,UAB,American Athletic,18,UAB,North Texas,3,"{'minutes': 4, 'seconds': 56}",3,3,54,54,3,4,21,False,Pass Reception,"(05:10) No Huddle-Shotgun #17 D.Mestemaker pass complete short right to #24 C.Hawkins caught at UNT47, for 21 yards to the UAB33 (#0 D.Hightower), 1ST DOWN",2.6892436527498926,2025-11-15T21:25:38.000Z
401762506,40176250627,401762506568,16,6,North Texas,American Athletic,38,UAB,American Athletic,18,UAB,North Texas,3,"{'minutes': 4, 'seconds': 32}",3,3,33,33,1,10,16,False,Rush,"(04:35) No Huddle-Shotgun #24 C.Hawkins rush middle for 16 yards gain to the UAB17 (#20 A.Brown), 1ST DOWN",0.323171670717574,2025-11-15T21:26:04.000Z
401762506,40176250627,401762506572,16,7,North Texas,American Athletic,38,UAB,American Athletic,18,UAB,North Texas,3,"{'minutes': 4, 'seconds': 17}",3,3,17,17,1,10,11,False,Pass Reception,"(04:22) No Huddle-Shotgun #17 D.Mestemaker pass complete short left to #1 M.Coleman caught at UAB20, for 11 yards to the UAB06 (#14 J.Vessel), 1ST DOWN, PENALTY UAB Illegal Substitution declined",0.527413331719137,2025-11-15T21:26:20.000Z
401762506,40176250627,401762506578,16,8,North Texas,American Athletic,38,UAB,American Athletic,18,UAB,North Texas,3,"{'minutes': 3, 'seconds': 50}",3,3,6,6,1,6,1,False,Rush,(04:03) No Huddle-Shotgun #24 C.Hawkins rush middle for 1 yard gain to the UAB05 (#9 D.Warren; #34 J.Allen),-0.386087920464643,2025-11-15T21:27:18.000Z
401762506,40176250627,401762506582,16,9,North Texas,American Athletic,46,UAB,American Athletic,18,UAB,North Texas,3,"{'minutes': 3, 'seconds': 26}",3,3,5,5,2,5,5,True,Rushing Touchdown,"(03:30) No Huddle-Shotgun #24 C.Hawkins rush middle for 5 yards gain to the UAB00 TOUCHDOWN, clock 03:26 #10 W.Young pass attempt Successful",2.43857769152992,2025-11-15T21:27:45.000Z
401762506,40176250629,401762506596,17,1,North Texas,American Athletic,46,UAB,American Athletic,18,UAB,North Texas,3,"{'minutes': 3, 'seconds': 26}",3,3,65,65,1,10,0,False,Kickoff,"(03:26) #46 M.Arenas kickoff 65 yards to the UAB00, Touchback",,2025-11-15T21:29:49.000Z
401762506,40176250629,401762506658,17,15,UAB,American Athletic,18,North Texas,American Athletic,46,UAB,North Texas,4,"{'minutes': 13, 'seconds': 28}",3,3,84,16,3,10,5,False,Penalty,PENALTY UNT Offside (#90 E.Day) 5 yards from UNT16 to UNT11. NO PLAY,,2025-11-15T21:47:57.000Z
401762506,40176250629,401762506631,17,9,UAB,American Athletic,18,North Texas,American Athletic,46,UAB,North Texas,3,"{'minutes': 0, 'seconds': 0}",3,3,54,46,1,10,13,False,End Period,End of 3rd quarter.,0.6402126346324764,2025-11-15T21:36:56.000Z
401762506,40176250629,401762506599,17,2,UAB,American Athletic,18,North Texas,American Athletic,46,UAB,North Texas,3,"{'minutes': 3, 'seconds': 17}",3,3,25,75,1,10,-1,False,Rush,(03:26) No Huddle-Shotgun #4 J.Jackson rush middle for 1 yard loss to the UAB24 (#6 T.Fields; #95 R.Vargas Jr.),-0.8014893508157099,2025-11-15T21:31:34.000Z
401762506,40176250629,401762506603,17,3,UAB,American Athletic,18,North Texas,American Athletic,46,UAB,North Texas,3,"{'minutes': 2, 'seconds': 41}",3,3,24,76,2,11,16,False,Pass Reception,"(02:52) No Huddle-Shotgun #7 J.Kitna pass complete short middle to #0 I.Hooks caught at UAB34, for 16 yards to the UAB40 (#1 D.Fisher), 1ST DOWN",2.122343866393356,2025-11-15T21:32:07.000Z
401762506,40176250629,401762506608,17,4,UAB,American Athletic,18,North Texas,American Athletic,46,UAB,North Texas,3,"{'minutes': 1, 'seconds': 57}",3,3,40,60,1,10,4,False,Rush,(02:07) No Huddle-Shotgun #12 J.Elder rush right for 4 yards gain to the UAB44 (#25 K.Lewis; #6 T.Fields),-0.1674744380827829,2025-11-15T21:32:51.000Z
401762506,40176250629,401762506612,17,5,UAB,American Athletic,18,North Texas,American Athletic,46,UAB,North Texas,3,"{'minutes': 1, 'seconds': 27}",3,3,44,56,2,6,2,False,Rush,(01:32) Shotgun #3 I.Jacobs rush middle for 2 yards gain to the UAB46 (#3 E.Jackson),-0.6679433840254223,2025-11-15T21:34:40.000Z
401762506,40176250629,401762506616,17,6,UAB,American Athletic,18,North Texas,American Athletic,46,UAB,North Texas,3,"{'minutes': 0, 'seconds': 57}",3,3,46,54,3,4,0,False,Pass Incompletion,(01:01) No Huddle-Shotgun #7 J.Kitna pass incomplete deep middle to #18 X.Daisy thrown to UNT30,-0.8775745478085017,2025-11-15T21:35:11.000Z
401762506,40176250629,401762506619,17,7,UAB,American Athletic,18,North Texas,American Athletic,46,UAB,North Texas,3,"{'minutes': 0, 'seconds': 44}",3,3,46,54,4,4,8,False,Pass Reception,"(00:57) No Huddle-Shotgun #7 J.Kitna pass complete short middle to #0 I.Hooks caught at UNT46, for 8 yards to the UNT46 (#14 Q.Hammonds), 1ST DOWN",2.926605565925918,2025-11-15T21:35:48.000Z
401762506,40176250629,401762506624,17,8,UAB,American Athletic,18,North Texas,American Athletic,46,UAB,North Texas,3,"{'minutes': 0, 'seconds': 12}",3,3,54,46,1,10,13,False,Pass Reception,"(00:12) Shotgun #7 J.Kitna pass complete short right to #18 X.Daisy caught at UNT33, for 13 yards to the UNT33 (#25 K.Lewis), out of bounds, 1ST DOWN",0.6402126346324764,2025-11-15T21:36:31.000Z
401762506,40176250629,401762506635,17,10,UAB,American Athletic,18,North Texas,American Athletic,46,UAB,North Texas,4,"{'minutes': 14, 'seconds': 53}",3,3,67,33,1,10,0,False,Pass Incompletion,(15:00) No Huddle-Shotgun #7 J.Kitna pass incomplete short right to #18 X.Daisy thrown to UNT20 broken up by #2 D.Armstead QB hurried by #90 E.Day PENALTY UAB Ineligible Downfield on Pass declined,-0.6351269961541294,2025-11-15T21:41:11.000Z
401762506,40176250629,401762506643,17,11,UAB,American Athletic,18,North Texas,American Athletic,46,UAB,North Texas,4,"{'minutes': 14, 'seconds': 42}",3,3,67,33,2,10,2,False,Rush,(14:51) No Huddle-Shotgun #3 I.Jacobs rush middle for 2 yards gain to the UNT31 (#26 S.Burrell),-0.4622665488166931,2025-11-15T21:45:10.000Z
401762506,40176250629,401762506647,17,12,UAB,American Athletic,18,North Texas,American Athletic,46,UAB,North Texas,4,"{'minutes': 13, 'seconds': 52}",3,3,69,31,3,8,15,False,Pass Reception,"(14:02) No Huddle-Shotgun #7 J.Kitna pass complete short middle to #6 B.Hawkins Jr. caught at UNT16, for 15 yards to the UNT16 (#12 P.Smith-Young), 1ST DOWN",1.431745597180436,2025-11-15T21:46:05.000Z
401762506,40176250629,401762506652,17,13,UAB,American Athletic,18,North Texas,American Athletic,46,UAB,North Texas,4,"{'minutes': 13, 'seconds': 34}",3,3,84,16,1,10,0,False,Pass Incompletion,(13:36) No Huddle-Shotgun #7 J.Kitna pass incomplete short left to #12 J.Elder thrown to UNT00,-0.3301132067544156,2025-11-15T21:46:32.000Z
401762506,40176250629,401762506655,17,14,UAB,American Athletic,18,North Texas,American Athletic,46,UAB,North Texas,4,"{'minutes': 13, 'seconds': 28}",3,3,84,16,2,10,0,False,Pass Incompletion,(13:34) No Huddle-Shotgun #7 J.Kitna pass incomplete short right to #0 I.Hooks thrown to UNT00,-0.380857143240037,2025-11-15T21:47:16.000Z
401762506,40176250629,401762506661,17,16,UAB,American Athletic,18,North Texas,American Athletic,46,UAB,North Texas,4,"{'minutes': 13, 'seconds': 22}",3,3,89,11,3,5,4,False,Rush,(13:27) Shotgun #3 I.Jacobs rush middle for 4 yards gain to the UNT07 (#8 R.Outland Jr.),-0.0363221827321445,2025-11-15T21:48:40.000Z
401762506,40176250629,401762506665,17,17,UAB,American Athletic,18,North Texas,American Athletic,46,UAB,North Texas,4,"{'minutes': 12, 'seconds': 32}",3,3,93,7,4,1,1,False,Rush,"(12:38) #7 J.Kitna rush middle for 1 yard gain to the UNT06 (#40 K.Huddleston; #98 S.Clements), 1ST DOWN",0.842756117096558,2025-11-15T21:49:27.000Z
401762506,40176250629,401762506669,17,18,UAB,American Athletic,24,North Texas,American Athletic,46,UAB,North Texas,4,"{'minutes': 12, 'seconds': 0}",3,3,94,6,1,6,6,True,Rushing Touchdown,"(12:03) No Huddle-Shotgun #3 I.Jacobs rush middle for 6 yards gain to the UNT00 TOUCHDOWN, clock 12:00 #7 J.Kitna pass attempt failed",2.052489771065277,2025-11-15T21:50:05.000Z
401762506,40176250631,401762506676,18,1,UAB,American Athletic,24,North Texas,American Athletic,46,UAB,North Texas,4,"{'minutes': 11, 'seconds': 59}",3,3,35,65,1,10,0,False,Kickoff,(12:00) #35 O.Simpson onside kickoff 12 yards to the UAB47,,2025-11-15T21:51:09.000Z
401762506,40176250631,401762506693,18,5,UAB,American Athletic,24,North Texas,American Athletic,46,UAB,North Texas,4,"{'minutes': 10, 'seconds': 30}",2,3,37,63,3,20,0,False,Timeout,"Timeout UAB, clock 10:30",,2025-11-15T21:57:49.000Z
401762506,40176250631,401762506679,18,2,UAB,American Athletic,24,North Texas,American Athletic,46,UAB,North Texas,4,"{'minutes': 11, 'seconds': 53}",3,3,47,53,1,10,0,False,Pass Incompletion,(11:58) No Huddle-Shotgun #7 J.Kitna pass incomplete deep left to #0 I.Hooks thrown to UNT10,-1.1527089917962545,2025-11-15T21:55:29.000Z
401762506,40176250631,401762506682,18,3,UAB,American Athletic,24,North Texas,American Athletic,46,UAB,North Texas,4,"{'minutes': 11, 'seconds': 45}",3,3,47,53,2,10,-10,False,Sack,(11:53) No Huddle-Shotgun #7 J.Kitna sacked for loss of 10 yards to the UAB37 (#40 K.Huddleston),-1.9127807945298816,2025-11-15T21:56:14.000Z
401762506,40176250631,401762506686,18,4,UAB,American Athletic,24,North Texas,American Athletic,46,UAB,North Texas,4,"{'minutes': 10, 'seconds': 59}",3,3,37,63,3,20,18,False,Pass Reception,"(11:16) No Huddle-Shotgun #7 J.Kitna pass complete short middle to #6 B.Hawkins Jr. caught at UAB48, for 18 yards to the UNT45 (#3 E.Jackson)",1.5923793902396266,2025-11-15T21:56:51.000Z
401762506,40176250631,401762506691,18,6,UAB,American Athletic,24,North Texas,American Athletic,46,UAB,North Texas,4,"{'minutes': 10, 'seconds': 22}",2,3,55,45,4,2,10,False,Rush,"(10:28) Shotgun #4 J.Jackson rush middle for 10 yards gain to the UNT35 (#6 T.Fields; #2 D.Armstead), 1ST DOWN",2.595821045882861,2025-11-15T22:01:25.000Z
401762506,40176250631,401762506696,18,7,UAB,American Athletic,24,North Texas,American Athletic,46,UAB,North Texas,4,"{'minutes': 9, 'seconds': 38}",2,3,65,35,1,10,11,False,Pass Reception,"(09:46) Shotgun #7 J.Kitna pass complete short right to #0 I.Hooks caught at UNT29, for 11 yards to the UNT24 (#14 Q.Hammonds; #0 W.Jones II), 1ST DOWN",0.291150835169981,2025-11-15T22:02:05.000Z
401762506,40176250631,401762506701,18,8,UAB,American Athletic,24,North Texas,American Athletic,46,UAB,North Texas,4,"{'minutes': 9, 'seconds': 15}",2,3,76,24,1,10,0,False,Pass Incompletion,(09:17) No Huddle-Shotgun #7 J.Kitna pass incomplete short left thrown to UNT20 QB hurried by #32 E.Wesloski,-0.4346450377339437,2025-11-15T22:02:37.000Z
401762506,40176250631,401762506704,18,9,UAB,American Athletic,24,North Texas,American Athletic,46,UAB,North Texas,4,"{'minutes': 9, 'seconds': 3}",2,3,76,24,2,10,13,False,Rush,"(09:15) No Huddle-Shotgun #11 S.Beebe rush middle for 13 yards gain to the UNT11 (#14 Q.Hammonds), 1ST DOWN",0.5943435729729937,2025-11-15T22:03:24.000Z
401762506,40176250631,401762506708,18,10,UAB,American Athletic,24,North Texas,American Athletic,46,UAB,North Texas,4,"{'minutes': 8, 'seconds': 23}",2,3,89,11,1,10,0,False,Pass Interception Return,"(08:31) No Huddle-Shotgun #7 J.Kitna pass intercepted by #0 W.Jones II at UNT01 QB hurried by #93 T.Washington #0 W.Jones II return 0 yards to the. The previous play is under automatic review - ""Interception"". CALL UPHELD",-4.478260586632075,2025-11-15T22:05:03.000Z
401762506,40176250632,401762506743,19,7,North Texas,American Athletic,46,UAB,American Athletic,24,UAB,North Texas,4,"{'minutes': 3, 'seconds': 49}",2,2,34,34,3,2,0,False,Timeout,"Timeout North Texas, clock 03:49",,2025-11-15T22:11:41.000Z
401762506,40176250632,401762506714,19,1,North Texas,American Athletic,46,UAB,American Athletic,24,UAB,North Texas,4,"{'minutes': 8, 'seconds': 5}",3,2,99,99,1,10,0,False,Rush,(08:23) No Huddle-Shotgun #24 C.Hawkins rush middle for 0 yards to the UNT01 (#5 E.Toussom; #55 J.Peterson),-0.24120998460901966,2025-11-15T22:06:56.000Z
401762506,40176250632,401762506718,19,2,North Texas,American Athletic,46,UAB,American Athletic,24,UAB,North Texas,4,"{'minutes': 7, 'seconds': 43}",3,2,99,99,2,10,6,False,Rush,(07:50) No Huddle-Shotgun #24 C.Hawkins rush middle for 6 yards gain to the UNT07 (#9 D.Warren; #55 J.Peterson),0.06963528193752122,2025-11-15T22:07:28.000Z
401762506,40176250632,401762506722,19,3,North Texas,American Athletic,46,UAB,American Athletic,24,UAB,North Texas,4,"{'minutes': 6, 'seconds': 57}",3,2,93,93,3,4,51,False,Rush,"(07:03) No Huddle-Shotgun #24 C.Hawkins rush right for 51 yards gain to the UAB42 (#23 D.Lee; #21 J.Baka), 1ST DOWN",3.8683190829687835,2025-11-15T22:08:14.000Z
401762506,40176250632,401762506726,19,4,North Texas,American Athletic,46,UAB,American Athletic,24,UAB,North Texas,4,"{'minutes': 5, 'seconds': 59}",3,2,42,42,1,10,0,False,Rush,(06:08) No Huddle-Shotgun #21 K.Sibley rush middle for 0 yards to the UAB42 (#5 E.Toussom; #9 D.Warren),-0.908489395271188,2025-11-15T22:09:11.000Z
401762506,40176250632,401762506730,19,5,North Texas,American Athletic,46,UAB,American Athletic,24,UAB,North Texas,4,"{'minutes': 5, 'seconds': 12}",3,2,42,42,2,10,8,False,Pass Reception,"(05:25) No Huddle-Shotgun #17 D.Mestemaker pass complete short left to #10 W.Young caught at UAB45, for 8 yards to the UAB34 (#20 A.Brown)",0.698922149234113,2025-11-15T22:09:56.000Z
401762506,40176250632,401762506735,19,6,North Texas,American Athletic,46,UAB,American Athletic,24,UAB,North Texas,4,"{'minutes': 4, 'seconds': 29}",3,2,34,34,3,2,1,False,Rush,(04:36) No Huddle-Shotgun #17 D.Mestemaker rush middle for 1 yard gain to the UAB33 (#58 J.Mason; #34 J.Allen),-0.7792897438908215,2025-11-15T22:10:42.000Z
401762506,40176250632,401762506741,19,8,North Texas,American Athletic,46,UAB,American Athletic,24,UAB,North Texas,4,"{'minutes': 3, 'seconds': 43}",2,2,33,33,4,1,3,False,Rush,"(03:49) No Huddle-Shotgun #24 C.Hawkins rush middle for 3 yards gain to the UAB30 (#21 J.Baka), 1ST DOWN",1.4695493285772494,2025-11-15T22:12:45.000Z
401762506,40176250632,401762506746,19,9,North Texas,American Athletic,53,UAB,American Athletic,24,UAB,North Texas,4,"{'minutes': 3, 'seconds': 0}",2,2,30,30,1,10,30,True,Passing Touchdown,"(03:05) No Huddle-Shotgun #17 D.Mestemaker pass complete deep right to #4 C.Dorner caught at UAB05, for 30 yards to the UAB00 TOUCHDOWN, clock 03:00, 1ST DOWN #40 K.Nguma kick attempt good (H: #41 S.Evans, LS: #48 C.Yates)",2.814243132922771,2025-11-15T22:13:34.000Z
401762506,40176250634,401762506754,20,1,North Texas,American Athletic,53,UAB,American Athletic,24,UAB,North Texas,4,"{'minutes': 2, 'seconds': 54}",2,2,65,65,1,10,14,False,Kickoff,(03:00) #46 M.Arenas kickoff 39 yards to the UAB26 #3 I.Jacobs return 14 yards to the UAB40 (#12 P.Smith-Young),,2025-11-15T22:16:11.000Z
401762506,40176250634,401762506759,20,2,UAB,American Athletic,24,North Texas,American Athletic,53,UAB,North Texas,4,"{'minutes': 2, 'seconds': 44}",2,2,40,60,1,10,3,False,Pass Reception,"(02:51) No Huddle-Shotgun #7 J.Kitna pass complete short right to #11 S.Beebe caught at UAB39, for 3 yards to the UAB43 (#6 T.Fields; #30 B.Allen Jr.)",-0.4315308590496248,2025-11-15T22:16:56.000Z
401762506,40176250634,401762506764,20,3,UAB,American Athletic,24,North Texas,American Athletic,53,UAB,North Texas,4,"{'minutes': 2, 'seconds': 7}",2,2,43,57,2,7,2,False,Rush,(02:14) No Huddle-Shotgun #3 I.Jacobs rush middle for 2 yards gain to the UAB45 (#40 K.Huddleston),-0.6265481792835388,2025-11-15T22:17:33.000Z
401762506,40176250634,401762506768,20,4,UAB,American Athletic,24,North Texas,American Athletic,53,UAB,North Texas,4,"{'minutes': 1, 'seconds': 51}",2,2,45,55,3,5,7,False,Pass Reception,"(02:00) Shotgun #7 J.Kitna pass complete short right to #0 I.Hooks caught at UNT48, for 7 yards to the UNT48 (#3 E.Jackson), 1ST DOWN",2.128745806196882,2025-11-15T22:21:25.000Z
401762506,40176250634,401762506773,20,5,UAB,American Athletic,24,North Texas,American Athletic,53,UAB,North Texas,4,"{'minutes': 1, 'seconds': 37}",2,2,52,48,1,10,0,False,Pass Incompletion,(01:40) No Huddle-Shotgun #7 J.Kitna pass incomplete short left to #12 J.Elder thrown to UNT40,-1.0742999147475647,2025-11-15T22:21:56.000Z
401762506,40176250634,401762506776,20,6,UAB,American Athletic,24,North Texas,American Athletic,53,UAB,North Texas,4,"{'minutes': 1, 'seconds': 30}",2,2,52,48,2,10,5,False,Pass Reception,"(01:34) No Huddle-Shotgun #7 J.Kitna pass complete short right to #11 S.Beebe caught at UNT43, for 5 yards to the UNT43 (#25 K.Lewis), out of bounds",0.0740286787883732,2025-11-15T22:22:32.000Z
401762506,40176250634,401762506781,20,7,UAB,American Athletic,24,North Texas,American Athletic,53,UAB,North Texas,4,"{'minutes': 1, 'seconds': 25}",2,2,57,43,3,5,0,False,Interception,"(01:30) No Huddle-Shotgun #7 J.Kitna pass intercepted by #0 W.Jones II at UNT30, End Of Play",-2.3134949277608516,2025-11-15T22:23:08.000Z
401762506,40176250635,401762506786,21,1,North Texas,American Athletic,53,UAB,American Athletic,24,UAB,North Texas,4,"{'minutes': 1, 'seconds': 7}",2,2,70,70,1,10,3,False,Rush,(01:20) No Huddle-Shotgun #20 A.Gray rush middle for 3 yards gain to the UNT33 (#0 D.Hightower; #9 D.Warren),-0.3563521541303736,2025-11-15T22:24:06.000Z
401762506,40176250635,401762506790,21,2,North Texas,American Athletic,53,UAB,American Athletic,24,UAB,North Texas,4,"{'minutes': 0, 'seconds': 33}",2,2,67,67,2,7,6,False,Rush,(00:40) No Huddle-Shotgun #20 A.Gray rush left for 6 yards gain to the UNT39 (#59 C.Burge),0.316483516944322,2025-11-15T22:24:46.000Z
401762506,40176250635,401762506794,21,3,North Texas,American Athletic,53,UAB,American Athletic,24,UAB,North Texas,4,"{'minutes': 0, 'seconds': 0}",2,2,67,67,2,7,6,False,End Period,End of 4th quarter.,0.316483516944322,2025-11-15T22:25:29.000Z
401762506,4017625062,4017625063,1,1,UAB,American Athletic,0,North Texas,American Athletic,0,UAB,North Texas,1,"{'minutes': 15, 'seconds': 0}",3,3,35,65,1,10,0,False,Kickoff,"(15:00) #35 O.Simpson kickoff 65 yards to the UNT00, Touchback",,2025-11-15T19:00:22.000Z
401762506,4017625062,40176250666,1,14,North Texas,American Athletic,0,UAB,American Athletic,0,UAB,North Texas,1,"{'minutes': 9, 'seconds': 54}",3,3,4,4,1,4,2,False,Penalty,(09:54) No Huddle-Shotgun #21 K.Sibley rush right for 4 yards loss to the UAB08 (#29 T.McDaniel) PENALTY UAB Illegal Substitution 2 yards from UAB04 to UAB02. NO PLAY,,2025-11-15T19:08:39.000Z
401762506,4017625062,40176250612,1,2,North Texas,American Athletic,0,UAB,American Athletic,0,UAB,North Texas,1,"{'minutes': 14, 'seconds': 47}",3,3,75,75,1,10,2,False,Pass Reception,"(15:00) No Huddle-Shotgun #17 D.Mestemaker pass complete short right to #10 W.Young caught at UNT21, for 2 yards to the UNT27 (#29 T.McDaniel)",-0.45260367932203766,2025-11-15T19:03:24.000Z
401762506,4017625062,40176250617,1,3,North Texas,American Athletic,0,UAB,American Athletic,0,UAB,North Texas,1,"{'minutes': 14, 'seconds': 33}",3,3,73,73,2,8,4,False,Rush,(14:38) No Huddle-Shotgun #24 C.Hawkins rush left for 4 yards gain to the UNT31 (#99 E.Smalls),-0.08212860423373947,2025-11-15T19:03:43.000Z
401762506,4017625062,40176250621,1,4,North Texas,American Athletic,0,UAB,American Athletic,0,UAB,North Texas,1,"{'minutes': 14, 'seconds': 15}",3,3,69,69,3,4,7,False,Pass Reception,"(14:24) No Huddle-Shotgun #17 D.Mestemaker pass complete short left to #22 L.Sides caught at UNT35, for 7 yards to the UNT38 (#13 T.Crumpley), out of bounds, 1ST DOWN",1.659483762597608,2025-11-15T19:03:59.000Z
401762506,4017625062,40176250626,1,5,North Texas,American Athletic,0,UAB,American Athletic,0,UAB,North Texas,1,"{'minutes': 13, 'seconds': 49}",3,3,62,62,1,10,10,False,Rush,"(13:55) No Huddle-Shotgun #24 C.Hawkins rush middle for 10 yards gain to the UNT48 (#13 T.Crumpley; #14 J.Vessel), 1ST DOWN",0.9449493519690596,2025-11-15T19:04:28.000Z
401762506,4017625062,40176250630,1,6,North Texas,American Athletic,0,UAB,American Athletic,0,UAB,North Texas,1,"{'minutes': 13, 'seconds': 27}",3,3,52,52,1,10,15,False,Pass Reception,"(13:34) No Huddle-Shotgun #17 D.Mestemaker pass complete short middle to #10 W.Young caught at UAB40, for 15 yards to the UAB37 (#20 A.Brown), 1ST DOWN",0.9566456572336878,2025-11-15T19:04:47.000Z
401762506,4017625062,40176250635,1,7,North Texas,American Athletic,0,UAB,American Athletic,0,UAB,North Texas,1,"{'minutes': 13, 'seconds': 6}",3,3,37,37,1,10,8,False,Pass Reception,"(13:17) No Huddle-Shotgun #17 D.Mestemaker pass complete short right to #4 C.Dorner caught at UAB25, for 8 yards to the UAB29 (#23 D.Lee)",0.5910137767334082,2025-11-15T19:05:07.000Z
401762506,4017625062,40176250640,1,8,North Texas,American Athletic,0,UAB,American Athletic,0,UAB,North Texas,1,"{'minutes': 12, 'seconds': 35}",3,3,29,29,2,2,0,False,Rush,(12:42) No Huddle-Shotgun #24 C.Hawkins rush middle for 0 yards to the UAB29 (#5 E.Toussom; #59 C.Burge),-0.750648368848173,2025-11-15T19:05:41.000Z
401762506,4017625062,40176250644,1,9,North Texas,American Athletic,0,UAB,American Athletic,0,UAB,North Texas,1,"{'minutes': 12, 'seconds': 19}",3,3,29,29,3,2,1,False,Rush,(12:22) No Huddle-Shotgun #24 C.Hawkins rush middle for 1 yard gain to the UAB28 (#90 Z.Johnson),-0.6555259496112616,2025-11-15T19:05:59.000Z
401762506,4017625062,40176250648,1,10,North Texas,American Athletic,0,UAB,American Athletic,0,UAB,North Texas,1,"{'minutes': 11, 'seconds': 43}",3,3,28,28,4,1,2,False,Rush,"(11:50) No Huddle-Shotgun #24 C.Hawkins rush middle for 2 yards gain to the UAB26 (#14 J.Vessel; #55 J.Peterson), 1ST DOWN",1.146567050794589,2025-11-15T19:06:34.000Z
401762506,4017625062,40176250652,1,11,North Texas,American Athletic,0,UAB,American Athletic,0,UAB,North Texas,1,"{'minutes': 11, 'seconds': 3}",3,3,26,26,1,10,-1,False,Pass Reception,"(11:15) No Huddle-Shotgun #17 D.Mestemaker pass complete short left to #21 K.Sibley caught at UAB31, for 1 yard loss to the UAB27 (#5 E.Toussom)",-0.5879577976333188,2025-11-15T19:07:07.000Z
401762506,4017625062,40176250657,1,12,North Texas,American Athletic,0,UAB,American Athletic,0,UAB,North Texas,1,"{'minutes': 10, 'seconds': 30}",3,3,27,27,2,11,5,False,Rush,(10:39) No Huddle-Shotgun #21 K.Sibley rush middle for 5 yards gain to the UAB22 (#99 E.Smalls),0.0449663759314767,2025-11-15T19:07:45.000Z
401762506,4017625062,40176250661,1,13,North Texas,American Athletic,0,UAB,American Athletic,0,UAB,North Texas,1,"{'minutes': 10, 'seconds': 5}",3,3,22,22,3,6,18,False,Pass Reception,"(10:16) No Huddle-Shotgun #17 D.Mestemaker pass complete short left to #6 T.Williams III caught at UAB20, for 18 yards to the UAB04 (#13 T.Crumpley), 1ST DOWN",1.5748030253960477,2025-11-15T19:08:06.000Z
401762506,4017625062,40176250671,1,15,North Texas,American Athletic,0,UAB,American Athletic,0,UAB,North Texas,1,"{'minutes': 9, 'seconds': 26}",3,3,2,2,1,2,1,False,Rush,(09:33) No Huddle-Shotgun #24 C.Hawkins rush middle for 1 yard gain to the UAB01 (#4 A.Morrison),-0.687116939800908,2025-11-15T19:09:16.000Z
401762506,4017625062,40176250675,1,16,North Texas,American Athletic,7,UAB,American Athletic,0,UAB,North Texas,1,"{'minutes': 8, 'seconds': 48}",3,3,1,1,2,1,1,True,Rushing Touchdown,"(08:52) Shotgun #24 C.Hawkins rush middle for 1 yard gain to the UAB00 TOUCHDOWN, clock 08:48 #40 K.Nguma kick attempt good (H: #41 S.Evans, LS: #48 C.Yates)",1.900352237473006,2025-11-15T19:10:02.000Z
401762506,4017625064,40176250682,2,1,North Texas,American Athletic,7,UAB,American Athletic,0,UAB,North Texas,1,"{'minutes': 8, 'seconds': 43}",3,3,65,65,1,10,6,False,Kickoff,(08:48) #46 M.Arenas kickoff 45 yards to the UAB20 #30 A.Brundidge return 6 yards to the UAB26 (#9 J.Durgan),,2025-11-15T19:14:50.000Z
401762506,4017625064,40176250687,2,2,UAB,American Athletic,0,North Texas,American Athletic,7,UAB,North Texas,1,"{'minutes': 8, 'seconds': 33}",3,3,26,74,1,10,5,False,Rush,(08:42) Shotgun #3 I.Jacobs rush middle for 5 yards gain to the UAB31 (#90 E.Day),0.0963261532824955,2025-11-15T19:15:31.000Z
401762506,4017625064,40176250691,2,3,UAB,American Athletic,0,North Texas,American Athletic,7,UAB,North Texas,1,"{'minutes': 8, 'seconds': 3}",3,3,31,69,2,5,8,False,Pass Reception,"(08:14) No Huddle-Shotgun #7 J.Kitna pass complete short right to #4 J.Jackson caught at UAB28, for 8 yards to the UAB39 (#0 W.Jones II), 1ST DOWN",1.0554341227136044,2025-11-15T19:15:59.000Z
401762506,4017625064,40176250696,2,4,UAB,American Athletic,0,North Texas,American Athletic,7,UAB,North Texas,1,"{'minutes': 7, 'seconds': 32}",3,3,39,61,1,10,15,False,Rush,"(07:42) No Huddle-Shotgun #4 J.Jackson rush left for 15 yards gain to the UNT46 (#0 W.Jones II), out of bounds, 1ST DOWN",1.3117286283304017,2025-11-15T19:16:32.000Z
401762506,4017625064,401762506100,2,5,UAB,American Athletic,0,North Texas,American Athletic,7,UAB,North Texas,1,"{'minutes': 6, 'seconds': 53}",3,3,54,46,1,10,39,False,Pass Interception Return,(07:06) No Huddle-Shotgun #15 R.Burton pass intercepted by #1 D.Fisher at UNT05 #1 D.Fisher return 39 yards to the UNT44 (#0 I.Hooks),-3.4567125918655357,2025-11-15T19:17:28.000Z
401762506,4017625065,401762506134,3,7,North Texas,American Athletic,13,UAB,American Athletic,0,UAB,North Texas,1,"{'minutes': 4, 'seconds': 15}",3,3,3,3,0,0,5,False,Penalty,PENALTY UNT False Start (#91 D.Morgan) 5 yards from UAB03 to UAB08. NO PLAY,,2025-11-15T19:27:53.000Z
401762506,4017625065,401762506106,3,1,North Texas,American Athletic,7,UAB,American Athletic,0,UAB,North Texas,1,"{'minutes': 6, 'seconds': 45}",3,3,56,56,1,10,3,False,Pass Reception,"(06:53) No Huddle-Shotgun #17 D.Mestemaker pass complete short right to #10 W.Young caught at UNT40, for 3 yards to the UNT47 (#0 D.Hightower; #5 E.Toussom)",-0.42807362159939,2025-11-15T19:20:51.000Z
401762506,4017625065,401762506111,3,2,North Texas,American Athletic,7,UAB,American Athletic,0,UAB,North Texas,1,"{'minutes': 6, 'seconds': 16}",3,3,53,53,2,7,5,False,Rush,"(06:22) No Huddle-Shotgun #24 C.Hawkins rush left for 5 yards gain to the UAB48 (#5 E.Toussom), out of bounds",0.098670118435642,2025-11-15T19:21:22.000Z
401762506,4017625065,401762506115,3,3,North Texas,American Athletic,7,UAB,American Athletic,0,UAB,North Texas,1,"{'minutes': 5, 'seconds': 34}",3,3,48,48,3,2,10,False,Rush,"(05:42) No Huddle-Shotgun #24 C.Hawkins rush middle for 10 yards gain to the UAB38 (#11 P.Fisher), 1ST DOWN",1.604993635957866,2025-11-15T19:22:06.000Z
401762506,4017625065,401762506119,3,4,North Texas,American Athletic,7,UAB,American Athletic,0,UAB,North Texas,1,"{'minutes': 4, 'seconds': 48}",3,3,38,38,1,10,34,False,Pass Reception,"(05:01) No Huddle-Shotgun #17 D.Mestemaker pass complete short right to #10 W.Young caught at UAB35, for 34 yards to the UAB04 (#1 S.Bryant), 1ST DOWN",1.406402129871213,2025-11-15T19:22:45.000Z
401762506,4017625065,401762506124,3,5,North Texas,American Athletic,7,UAB,American Athletic,0,UAB,North Texas,1,"{'minutes': 4, 'seconds': 27}",3,3,4,4,1,4,0,False,Rush,(04:33) No Huddle-Shotgun #24 C.Hawkins rush middle for 0 yards to the UAB04 (#99 E.Smalls),-0.6456997217339855,2025-11-15T19:23:13.000Z
401762506,4017625065,401762506128,3,6,North Texas,American Athletic,14,UAB,American Athletic,0,UAB,North Texas,1,"{'minutes': 4, 'seconds': 15}",3,3,4,4,2,4,4,True,Rushing Touchdown,"(04:18) No Huddle-Shotgun #24 C.Hawkins rush middle for 4 yards gain to the UAB00 TOUCHDOWN, clock 04:15 #40 K.Nguma kick attempt good (H: #41 S.Evans, LS: #48 C.Yates)",2.3338902404479605,2025-11-15T19:27:05.000Z
401762506,4017625067,401762506140,4,1,North Texas,American Athletic,14,UAB,American Athletic,0,UAB,North Texas,1,"{'minutes': 4, 'seconds': 8}",3,3,65,65,1,10,20,False,Kickoff,(04:15) #46 M.Arenas kickoff 63 yards to the UAB02 #11 S.Beebe return 20 yards to the UAB22 (#25 K.Lewis),,2025-11-15T19:29:33.000Z
401762506,4017625067,401762506145,4,2,UAB,American Athletic,0,North Texas,American Athletic,14,UAB,North Texas,1,"{'minutes': 3, 'seconds': 40}",3,3,22,78,1,10,0,False,Fumble Recovery (Opponent),"(04:08) No Huddle-Shotgun #11 S.Beebe rush middle for 0 yards to the UAB22 fumbled by #11 S.Beebe at UAB22 forced by #32 E.Wesloski recovered by UNT #6 T.Fields at UAB22, End Of Play. The previous play is under automatic review - ""Fumble"". CALL UPHELD",-0.7280151976588778,2025-11-15T19:30:24.000Z
401762506,4017625068,401762506156,5,1,North Texas,American Athletic,14,UAB,American Athletic,0,UAB,North Texas,1,"{'minutes': 3, 'seconds': 36}",3,3,22,22,1,10,0,False,Pass Incompletion,(03:40) No Huddle-Shotgun #17 D.Mestemaker pass incomplete short middle to #22 L.Sides thrown to UNT20 broken up by #24 T.Watson,-0.402662020534962,2025-11-15T19:33:40.000Z
401762506,4017625068,401762506159,5,2,North Texas,American Athletic,14,UAB,American Athletic,0,UAB,North Texas,1,"{'minutes': 3, 'seconds': 32}",3,3,22,22,2,10,0,False,Pass Incompletion,(03:36) No Huddle-Shotgun #17 D.Mestemaker pass incomplete deep left to #22 L.Sides thrown to UAB00,-0.5229247355568223,2025-11-15T19:34:16.000Z
401762506,4017625068,401762506162,5,3,North Texas,American Athletic,14,UAB,American Athletic,0,UAB,North Texas,1,"{'minutes': 3, 'seconds': 23}",3,3,22,22,3,10,11,False,Pass Reception,"(03:32) No Huddle-Shotgun #17 D.Mestemaker pass complete short middle to #1 M.Coleman caught at UAB15, for 11 yards to the UAB11 (#20 A.Brown), 1ST DOWN",1.0514701093723193,2025-11-15T19:34:54.000Z
401762506,4017625068,401762506167,5,4,North Texas,American Athletic,21,UAB,American Athletic,0,UAB,North Texas,1,"{'minutes': 3, 'seconds': 11}",3,3,11,11,1,10,11,True,Rushing Touchdown,"(03:11) No Huddle-Shotgun #24 C.Hawkins rush middle for 11 yards gain to the UAB00 TOUCHDOWN, clock 03:11, 1ST DOWN, PENALTY UAB Offside declined #40 K.Nguma kick attempt good (H: #41 S.Evans, LS: #48 C.Yates)",2.521739413367925,2025-11-15T19:35:15.000Z
401762506,40176250610,401762506175,6,1,North Texas,American Athletic,21,UAB,American Athletic,0,UAB,North Texas,1,"{'minutes': 3, 'seconds': 5}",3,3,65,65,1,10,15,False,Kickoff,(03:11) #46 M.Arenas kickoff 60 yards to the UAB05 #11 S.Beebe return 15 yards to the UAB20 (#11 D.Carnes),,2025-11-15T19:37:12.000Z
401762506,40176250610,401762506192,6,4,UAB,American Athletic,0,North Texas,American Athletic,21,UAB,North Texas,1,"{'minutes': 2, 'seconds': 5}",3,3,33,67,1,10,5,False,Penalty,PENALTY UAB False Start (#77 L.Moore) 5 yards from UAB33 to UAB28. NO PLAY,,2025-11-15T19:39:08.000Z
401762506,40176250610,401762506239,6,14,UAB,American Athletic,0,North Texas,American Athletic,21,UAB,North Texas,2,"{'minutes': 12, 'seconds': 48}",3,3,72,28,2,3,5,False,Penalty,PENALTY UAB False Start (#77 L.Moore) 5 yards from UNT28 to UNT33. NO PLAY,,2025-11-15T19:48:49.000Z
401762506,40176250610,401762506180,6,2,UAB,American Athletic,0,North Texas,American Athletic,21,UAB,North Texas,1,"{'minutes': 2, 'seconds': 57}",3,3,20,80,1,10,9,False,Rush,(03:05) No Huddle-Shotgun #4 J.Jackson rush left for 9 yards gain to the UAB29 (#2 D.Armstead),1.1127415828278746,2025-11-15T19:38:06.000Z
401762506,40176250610,401762506184,6,3,UAB,American Athletic,0,North Texas,American Athletic,21,UAB,North Texas,1,"{'minutes': 2, 'seconds': 30}",3,3,29,71,2,1,4,False,Rush,"(02:36) No Huddle-Shotgun #4 J.Jackson rush middle for 4 yards gain to the UAB33 (#98 S.Clements; #6 T.Fields), 1ST DOWN",-0.1557404563639206,2025-11-15T19:38:33.000Z
401762506,40176250610,401762506195,6,5,UAB,American Athletic,0,North Texas,American Athletic,21,UAB,North Texas,1,"{'minutes': 1, 'seconds': 40}",3,3,28,72,1,15,0,False,Pass Incompletion,(01:50) No Huddle-Shotgun #7 J.Kitna pass incomplete short right to #0 I.Hooks thrown to UAB36,-0.5154452811052641,2025-11-15T19:39:43.000Z
401762506,40176250610,401762506198,6,6,UAB,American Athletic,0,North Texas,American Athletic,21,UAB,North Texas,1,"{'minutes': 1, 'seconds': 32}",3,3,28,72,2,15,6,False,Pass Reception,"(01:40) No Huddle-Shotgun #7 J.Kitna pass complete short left to #0 I.Hooks caught at UAB34, for 6 yards to the UAB34 (#2 D.Armstead), out of bounds",0.11100828351144543,2025-11-15T19:40:18.000Z
401762506,40176250610,401762506203,6,7,UAB,American Athletic,0,North Texas,American Athletic,21,UAB,North Texas,1,"{'minutes': 0, 'seconds': 54}",3,3,34,66,3,9,7,False,Pass Reception,"(01:08) No Huddle-Shotgun #7 J.Kitna pass complete short left to #18 X.Daisy caught at UAB41, for 7 yards to the UAB41 (#2 D.Armstead)",0.2637416544394213,2025-11-15T19:40:50.000Z
401762506,40176250610,401762506208,6,8,UAB,American Athletic,0,North Texas,American Athletic,21,UAB,North Texas,1,"{'minutes': 0, 'seconds': 20}",3,3,41,59,4,2,13,False,Rush,"(00:20) #4 J.Jackson rush middle for 13 yards gain to the UNT46 (#12 P.Smith-Young), 1ST DOWN",3.033381755593134,2025-11-15T19:41:41.000Z
401762506,40176250610,401762506214,6,9,UAB,American Athletic,0,North Texas,American Athletic,21,UAB,North Texas,1,"{'minutes': 0, 'seconds': 0}",3,3,41,59,4,2,13,False,End Period,End of 1st quarter.,3.033381755593134,2025-11-15T19:42:01.000Z
401762506,40176250610,401762506218,6,10,UAB,American Athletic,0,North Texas,American Athletic,21,UAB,North Texas,2,"{'minutes': 14, 'seconds': 46}",3,3,54,46,1,10,1,False,Rush,(14:59) Shotgun #7 J.Kitna rush left for 1 yard gain to the UNT45 (#90 E.Day),-0.7942209074247197,2025-11-15T19:46:00.000Z
401762506,40176250610,401762506224,6,11,UAB,American Athletic,0,North Texas,American Athletic,21,UAB,North Texas,2,"{'minutes': 14, 'seconds': 7}",3,3,55,45,2,9,0,False,Pass Incompletion,(14:10) No Huddle-Shotgun #7 J.Kitna pass incomplete deep right to #0 I.Hooks thrown to UNT10,-1.082436343843854,2025-11-15T19:46:56.000Z
401762506,40176250610,401762506229,6,12,UAB,American Athletic,0,North Texas,American Athletic,21,UAB,North Texas,2,"{'minutes': 13, 'seconds': 55}",3,3,55,45,3,9,10,False,Pass Reception,"(14:06) No Huddle-Shotgun #7 J.Kitna pass complete short middle to #0 I.Hooks caught at UNT35, for 10 yards to the UNT35 (#0 W.Jones II), 1ST DOWN",2.447355875626082,2025-11-15T19:47:28.000Z
401762506,40176250610,401762506234,6,13,UAB,American Athletic,0,North Texas,American Athletic,21,UAB,North Texas,2,"{'minutes': 13, 'seconds': 19}",3,3,65,35,1,10,7,False,Pass Reception,"(13:27) No Huddle-Shotgun #15 R.Burton pass complete short right to #11 S.Beebe caught at UNT34, for 7 yards to the UNT28 (#32 E.Wesloski), out of bounds",0.393521863681004,2025-11-15T19:48:09.000Z
401762506,40176250610,401762506242,6,15,UAB,American Athletic,0,North Texas,American Athletic,21,UAB,North Texas,2,"{'minutes': 12, 'seconds': 26}",3,3,67,33,2,8,0,False,Pass Incompletion,(12:30) No Huddle-Shotgun #7 J.Kitna pass incomplete deep left to #6 B.Hawkins Jr. thrown to UNT12,-0.8227219359845377,2025-11-15T19:49:25.000Z
401762506,40176250610,401762506245,6,16,UAB,American Athletic,0,North Texas,American Athletic,21,UAB,North Texas,2,"{'minutes': 12, 'seconds': 14}",3,3,67,33,3,8,6,False,Pass Reception,"(12:25) No Huddle-Shotgun #7 J.Kitna pass complete short right to #18 X.Daisy caught at UNT27, for 6 yards to the UNT27 (#1 D.Fisher)",0.2551917483548858,2025-11-15T19:49:58.000Z
401762506,40176250610,401762506250,6,17,UAB,American Athletic,0,North Texas,American Athletic,21,UAB,North Texas,2,"{'minutes': 11, 'seconds': 41}",3,3,73,27,4,2,-3,False,Rush,"(11:47) No Huddle-Shotgun #3 I.Jacobs rush left for 3 yards loss to the UNT30 (#98 S.Clements), TURNOVER ON DOWNS",-3.0915604449409138,2025-11-15T19:50:37.000Z
401762506,40176250611,401762506255,7,1,North Texas,American Athletic,21,UAB,American Athletic,0,UAB,North Texas,2,"{'minutes': 11, 'seconds': 25}",3,3,70,70,1,10,61,False,Pass Reception,"(11:41) No Huddle-Shotgun #17 D.Mestemaker pass complete deep middle to #10 W.Young caught at UAB20, for 61 yards to the UAB09 (#11 P.Fisher), 1ST DOWN",3.2685486952578753,2025-11-15T19:53:54.000Z
401762506,40176250611,401762506260,7,2,North Texas,American Athletic,28,UAB,American Athletic,0,UAB,North Texas,2,"{'minutes': 11, 'seconds': 7}",3,3,9,9,1,9,9,True,Rushing Touchdown,"(11:09) No Huddle-Shotgun #24 C.Hawkins rush middle for 9 yards gain to the UAB00 TOUCHDOWN, clock 11:07 #40 K.Nguma kick attempt good (H: #41 S.Evans, LS: #48 C.Yates)",2.424237823646468,2025-11-15T19:54:23.000Z
401762506,40176250613,401762506267,8,1,North Texas,American Athletic,28,UAB,American Athletic,0,UAB,North Texas,2,"{'minutes': 11, 'seconds': 7}",3,3,65,65,1,10,0,False,Kickoff,"(11:07) #46 M.Arenas kickoff 65 yards to the UAB00, Touchback",,2025-11-15T19:55:08.000Z
401762506,40176250613,401762506270,8,2,UAB,American Athletic,0,North Texas,American Athletic,28,UAB,North Texas,2,"{'minutes': 10, 'seconds': 57}",3,3,25,75,1,10,0,False,Pass Reception,"(11:07) No Huddle-Shotgun #7 J.Kitna pass complete short middle to #11 S.Beebe caught at UAB21, for 0 yards to the UAB25 (#3 E.Jackson)",-0.7029700220436519,2025-11-15T19:56:50.000Z
401762506,40176250613,401762506275,8,3,UAB,American Athletic,0,North Texas,American Athletic,28,UAB,North Texas,2,"{'minutes': 10, 'seconds': 21}",3,3,25,75,2,10,16,False,Pass Reception,"(10:32) No Huddle-Shotgun #7 J.Kitna pass complete short left to #18 X.Daisy caught at UAB39, for 16 yards to the UAB41 (#2 D.Armstead; #12 P.Smith-Young), 1ST DOWN",2.121712791966546,2025-11-15T19:57:24.000Z
401762506,40176250613,401762506280,8,4,UAB,American Athletic,0,North Texas,American Athletic,28,UAB,North Texas,2,"{'minutes': 9, 'seconds': 48}",3,3,41,59,1,10,0,False,Pass Incompletion,(09:52) No Huddle-Shotgun #7 J.Kitna pass incomplete short middle to #0 I.Hooks thrown to UNT46,-1.1387859939569847,2025-11-15T19:58:03.000Z
401762506,40176250613,401762506283,8,5,UAB,American Athletic,0,North Texas,American Athletic,28,UAB,North Texas,2,"{'minutes': 9, 'seconds': 42}",3,3,41,59,2,10,3,False,Rush,(09:47) No Huddle-Shotgun #3 I.Jacobs rush left for 3 yards gain to the UAB44 (#90 E.Day),-0.3311813369166953,2025-11-15T19:58:41.000Z
401762506,40176250613,401762506287,8,6,UAB,American Athletic,0,North Texas,American Athletic,28,UAB,North Texas,2,"{'minutes': 8, 'seconds': 51}",3,3,44,56,3,7,8,False,Pass Reception,"(09:06) No Huddle-Shotgun #7 J.Kitna pass complete short middle to #17 E.Lagg caught at UAB50, for 8 yards to the UNT48 (#14 Q.Hammonds), 1ST DOWN",2.4427458443921504,2025-11-15T19:59:25.000Z
401762506,40176250613,401762506292,8,7,UAB,American Athletic,0,North Texas,American Athletic,28,UAB,North Texas,2,"{'minutes': 8, 'seconds': 17}",3,3,52,48,1,10,3,False,Pass Reception,"(08:31) No Huddle-Shotgun #7 J.Kitna pass complete short middle to #4 J.Jackson caught at UNT48, for 3 yards to the UNT45 (#1 D.Fisher)",-0.3648977045566397,2025-11-15T19:59:56.000Z
401762506,40176250613,401762506297,8,8,UAB,American Athletic,0,North Texas,American Athletic,28,UAB,North Texas,2,"{'minutes': 7, 'seconds': 47}",3,3,55,45,2,7,9,False,Rush,"(07:55) No Huddle-Shotgun #4 J.Jackson rush middle for 9 yards gain to the UNT36 (#3 E.Jackson), 1ST DOWN",1.0403534458228008,2025-11-15T20:00:35.000Z
401762506,40176250613,401762506301,8,9,UAB,American Athletic,0,North Texas,American Athletic,28,UAB,North Texas,2,"{'minutes': 7, 'seconds': 8}",3,3,64,36,1,10,-1,False,Rush,(07:15) No Huddle-Shotgun #4 J.Jackson rush right for 1 yard loss to the UNT37 (#40 K.Huddleston),-0.9031999321620817,2025-11-15T20:01:15.000Z
401762506,40176250613,401762506305,8,10,UAB,American Athletic,0,North Texas,American Athletic,28,UAB,North Texas,2,"{'minutes': 6, 'seconds': 19}",3,3,63,37,2,11,5,False,Rush,(06:25) No Huddle #4 J.Jackson rush middle for 5 yards gain to the UNT32 (#42 B.Knox),0.0588310588611893,2025-11-15T20:02:03.000Z
401762506,40176250613,401762506309,8,11,UAB,American Athletic,7,North Texas,American Athletic,28,UAB,North Texas,2,"{'minutes': 5, 'seconds': 34}",3,3,68,32,3,6,32,True,Passing Touchdown,"(05:43) No Huddle #7 J.Kitna pass complete short middle to #6 B.Hawkins Jr. caught at UNT14, for 32 yards to the UNT00 TOUCHDOWN, clock 05:34, 1ST DOWN #39 J.Delange kick attempt good (H: #27 P.Foley, LS: #47 C.Moser)",3.8551469683146884,2025-11-15T20:02:48.000Z
401762506,40176250615,401762506317,9,1,UAB,American Athletic,7,North Texas,American Athletic,28,UAB,North Texas,2,"{'minutes': 5, 'seconds': 22}",3,3,35,65,1,10,52,False,Kickoff,(05:34) #35 O.Simpson kickoff 59 yards to the UNT06 #3 S.Evans return 52 yards to the UAB42 (#3 J.Ferguson),,2025-11-15T20:07:04.000Z
401762506,40176250615,401762506341,9,7,North Texas,American Athletic,31,UAB,American Athletic,7,UAB,North Texas,2,"{'minutes': 3, 'seconds': 23}",3,3,28,28,4,6,46,True,Field Goal Good,"(03:23) #40 K.Nguma field goal attempt from 46 yards GOOD (H: #41 S.Evans, LS: #48 C.Yates), clock 03:23",,2025-11-15T20:14:54.000Z
401762506,40176250615,401762506322,9,2,North Texas,American Athletic,28,UAB,American Athletic,7,UAB,North Texas,2,"{'minutes': 5, 'seconds': 8}",3,3,42,42,1,10,0,False,Rush,"(05:22) No Huddle-Shotgun #17 D.Mestemaker rush right for 0 yards to the UAB42 (#0 D.Hightower), out of bounds",-0.908489395271188,2025-11-15T20:10:57.000Z
401762506,40176250615,401762506326,9,3,North Texas,American Athletic,28,UAB,American Athletic,7,UAB,North Texas,2,"{'minutes': 4, 'seconds': 39}",3,3,42,42,2,10,10,False,Rush,"(04:47) No Huddle-Shotgun #24 C.Hawkins rush middle for 10 yards gain to the UAB32 (#29 T.McDaniel), 1ST DOWN",1.3319054412543496,2025-11-15T20:11:31.000Z
401762506,40176250615,401762506330,9,4,North Texas,American Athletic,28,UAB,American Athletic,7,UAB,North Texas,2,"{'minutes': 4, 'seconds': 7}",3,3,32,32,1,10,0,False,Pass Incompletion,(04:10) No Huddle-Shotgun #17 D.Mestemaker pass incomplete short left to #10 W.Young thrown to UAB30,-0.6082596672078662,2025-11-15T20:12:05.000Z
401762506,40176250615,401762506333,9,5,North Texas,American Athletic,28,UAB,American Athletic,7,UAB,North Texas,2,"{'minutes': 4, 'seconds': 4}",3,3,32,32,2,10,0,False,Pass Incompletion,(04:07) No Huddle-Shotgun #17 D.Mestemaker pass incomplete short middle to #24 C.Hawkins thrown to UAB32,-0.8264171095016728,2025-11-15T20:12:35.000Z
401762506,40176250615,401762506336,9,6,North Texas,American Athletic,28,UAB,American Athletic,7,UAB,North Texas,2,"{'minutes': 3, 'seconds': 43}",3,3,32,32,3,10,4,False,Rush,(04:04) No Huddle-Shotgun #17 D.Mestemaker rush right for 4 yards gain to the UAB28 (#1 S.Bryant),-0.1522325683541476,2025-11-15T20:13:23.000Z
401762506,40176250617,401762506344,10,1,North Texas,American Athletic,31,UAB,American Athletic,7,UAB,North Texas,2,"{'minutes': 3, 'seconds': 23}",3,3,65,65,1,10,0,False,Kickoff,"(03:23) #46 M.Arenas kickoff 65 yards to the UAB00, Touchback",,2025-11-15T20:15:02.000Z
401762506,40176250617,401762506366,10,5,North Texas,American Athletic,31,UAB,American Athletic,7,UAB,North Texas,2,"{'minutes': 1, 'seconds': 53}",2,3,41,41,2,9,0,False,Timeout,"Timeout North Texas, clock 01:53",,2025-11-15T20:22:09.000Z
401762506,40176250617,401762506347,10,2,UAB,American Athletic,7,North Texas,American Athletic,31,UAB,North Texas,2,"{'minutes': 3, 'seconds': 16}",3,3,25,75,1,10,4,False,Rush,(03:19) No Huddle-Shotgun #4 J.Jackson rush left for 4 yards gain to the UAB29 (#3 E.Jackson; #6 T.Fields),-0.1142886249388964,2025-11-15T20:16:33.000Z
401762506,40176250617,401762506351,10,3,UAB,American Athletic,7,North Texas,American Athletic,31,UAB,North Texas,2,"{'minutes': 2, 'seconds': 34}",3,3,29,71,2,6,11,False,Pass Reception,"(02:47) No Huddle-Shotgun #7 J.Kitna pass complete short middle to #6 B.Hawkins Jr. caught at UAB39, for 11 yards to the UAB40 (#3 E.Jackson), 1ST DOWN",1.4351431405165425,2025-11-15T20:17:12.000Z
401762506,40176250617,401762506356,10,4,UAB,American Athletic,7,North Texas,American Athletic,31,UAB,North Texas,2,"{'minutes': 2, 'seconds': 4}",3,3,40,60,1,10,1,False,Rush,(02:12) No Huddle-Shotgun #4 J.Jackson rush middle for 1 yard gain to the UAB41 (#3 E.Jackson; #9 J.Durgan),-0.9114215282702052,2025-11-15T20:17:44.000Z
401762506,40176250617,401762506360,10,6,UAB,American Athletic,7,North Texas,American Athletic,31,UAB,North Texas,2,"{'minutes': 1, 'seconds': 52}",3,2,41,59,2,9,-2,False,Rush,(01:59) Shotgun #4 J.Jackson rush left for 2 yards loss to the UAB39 (#14 Q.Hammonds),-1.0830876424527194,2025-11-15T20:21:28.000Z
401762506,40176250617,401762506364,10,7,UAB,American Athletic,7,North Texas,American Athletic,31,UAB,North Texas,2,"{'minutes': 1, 'seconds': 43}",3,2,39,61,3,11,36,False,Pass Reception,"(01:53) Shotgun #7 J.Kitna pass complete deep middle to #6 B.Hawkins Jr. caught at UNT39, for 36 yards to the UNT25 (#1 D.Fisher), out of bounds, 1ST DOWN",4.0513254126005425,2025-11-15T20:22:54.000Z
401762506,40176250617,401762506370,10,8,UAB,American Athletic,7,North Texas,American Athletic,31,UAB,North Texas,2,"{'minutes': 1, 'seconds': 34}",3,2,75,25,1,10,5,False,Rush,(01:43) No Huddle-Shotgun #4 J.Jackson rush left for 5 yards gain to the UNT20 (#3 E.Jackson),0.0753631044225715,2025-11-15T20:23:36.000Z
401762506,40176250617,401762506374,10,9,UAB,American Athletic,7,North Texas,American Athletic,31,UAB,North Texas,2,"{'minutes': 1, 'seconds': 8}",3,2,80,20,2,5,0,False,Pass Incompletion,(01:17) No Huddle-Shotgun #7 J.Kitna pass incomplete deep right to #0 I.Hooks thrown to UNT00 broken up by #30 B.Allen Jr.,-0.4808594942190576,2025-11-15T20:24:05.000Z
401762506,40176250617,401762506377,10,10,UAB,American Athletic,7,North Texas,American Athletic,31,UAB,North Texas,2,"{'minutes': 1, 'seconds': 1}",3,2,80,20,3,5,3,False,Pass Reception,"(01:07) No Huddle-Shotgun #7 J.Kitna pass complete short left to #3 I.Jacobs caught at UNT24, for 3 yards to the UNT17 (#32 E.Wesloski), out of bounds",-0.189460514822775,2025-11-15T20:24:47.000Z
401762506,40176250617,401762506388,10,11,UAB,American Athletic,7,North Texas,American Athletic,31,UAB,North Texas,2,"{'minutes': 1, 'seconds': 1}",3,2,83,17,4,2,0,False,Pass Incompletion,"(01:01) No Huddle-Shotgun #7 J.Kitna pass incomplete short middle to #18 X.Daisy thrown to UNT16 QB hurried by #6 T.Fields, TURNOVER ON DOWNS. The previous play is under automatic review - ""Incomplete pass"". CALL OVERTURNED. (Original Play: (01:01) No Huddle-Shotgun #7 J.Kitna pass incomplete short middle to #18 X.Daisy thrown to UNT16 QB hurried by #6 T.Fields, TURNOVER ON DOWNS)",-3.7049587331146814,2025-11-15T20:27:50.000Z
401762506,40176250618,401762506407,11,3,North Texas,American Athletic,31,UAB,American Athletic,7,UAB,North Texas,2,"{'minutes': 0, 'seconds': 36}",1,3,48,48,2,10,0,False,Timeout,"Timeout North Texas, clock 00:36",,2025-11-15T20:29:15.000Z
401762506,40176250618,401762506413,11,6,UAB,American Athletic,7,North Texas,American Athletic,31,UAB,North Texas,2,"{'minutes': 0, 'seconds': 30}",2,1,44,56,3,6,0,False,Timeout,"Timeout UAB, clock 00:30",,2025-11-15T20:31:00.000Z
401762506,40176250618,401762506393,11,1,North Texas,American Athletic,31,UAB,American Athletic,7,UAB,North Texas,2,"{'minutes': 0, 'seconds': 47}",2,3,83,83,1,10,35,False,Pass Reception,"(00:47) No Huddle-Shotgun #17 D.Mestemaker pass complete short right to #4 C.Dorner caught at UNT30, for 35 yards to the UAB48 (#11 P.Fisher), 1ST DOWN",2.8489487462717005,2025-11-15T20:28:04.000Z
401762506,40176250618,401762506398,11,2,North Texas,American Athletic,31,UAB,American Athletic,7,UAB,North Texas,2,"{'minutes': 0, 'seconds': 42}",2,3,48,48,1,10,0,False,Pass Incompletion,(00:42) No Huddle-Shotgun #17 D.Mestemaker pass incomplete short left to #22 L.Sides thrown to UAB30,-1.0742999147475647,2025-11-15T20:28:21.000Z
401762506,40176250618,401762506401,11,4,North Texas,American Athletic,31,UAB,American Athletic,7,UAB,North Texas,2,"{'minutes': 0, 'seconds': 35}",1,3,48,48,2,10,4,False,Rush,(00:41) No Huddle-Shotgun #24 C.Hawkins rush middle for 4 yards gain to the UAB44 (#29 T.McDaniel),-0.1659698499919937,2025-11-15T20:28:53.000Z
401762506,40176250618,401762506405,11,5,North Texas,American Athletic,31,UAB,American Athletic,7,UAB,North Texas,2,"{'minutes': 0, 'seconds': 30}",1,3,44,44,3,6,0,False,Pass Incompletion,(00:36) No Huddle-Shotgun #17 D.Mestemaker pass incomplete short right to #4 C.Dorner thrown to UAB25,-1.0284087656657714,2025-11-15T20:30:08.000Z
401762506,40176250618,401762506411,11,7,North Texas,American Athletic,31,UAB,American Athletic,7,UAB,North Texas,2,"{'minutes': 0, 'seconds': 25}",1,2,44,44,4,6,0,False,Pass Incompletion,"(00:27) No Huddle-Shotgun #17 D.Mestemaker pass incomplete short left to #1 M.Coleman thrown to UAB38, TURNOVER ON DOWNS",-1.0450876333147132,2025-11-15T20:32:00.000Z
401762506,40176250619,401762506425,12,3,UAB,American Athletic,7,North Texas,American Athletic,31,UAB,North Texas,2,"{'minutes': 0, 'seconds': 7}",1,1,44,56,2,10,0,False,Timeout,"Timeout UAB, clock 00:07",,2025-11-15T20:34:07.000Z
401762506,40176250619,401762506416,12,1,UAB,American Athletic,7,North Texas,American Athletic,31,UAB,North Texas,2,"{'minutes': 0, 'seconds': 20}",2,1,44,56,1,10,0,False,Pass Incompletion,(00:25) No Huddle-Shotgun #7 J.Kitna pass incomplete deep middle to #0 I.Hooks thrown to UNT25,-1.1612466882658818,2025-11-15T20:32:44.000Z
401762506,40176250619,401762506419,12,2,UAB,American Athletic,7,North Texas,American Athletic,31,UAB,North Texas,2,"{'minutes': 0, 'seconds': 12}",2,1,44,56,2,10,-4,False,Sack,"(00:15) No Huddle-Shotgun #7 J.Kitna sacked for loss of 8 yards to the UAB36 (#98 S.Clements, #90 E.Day)",-1.340668650361204,2025-11-15T20:33:24.000Z
401762506,40176250619,401762506423,12,4,UAB,American Athletic,7,North Texas,American Athletic,31,UAB,North Texas,2,"{'minutes': 0, 'seconds': 5}",1,1,36,64,3,18,29,False,Rush,"(00:05) No Huddle-Shotgun #4 J.Jackson rush left for 29 yards gain to the UNT35 (#14 Q.Hammonds), 1ST DOWN",4.159103063355671,2025-11-15T20:34:39.000Z
401762506,40176250619,401762506430,12,5,UAB,American Athletic,7,North Texas,American Athletic,31,UAB,North Texas,2,"{'minutes': 0, 'seconds': 0}",1,1,36,64,3,18,8,False,End Period,End of 2nd quarter.,0.1985906595860376,2025-11-15T20:34:57.000Z
401762506,40176250621,401762506435,13,1,North Texas,American Athletic,31,UAB,American Athletic,7,UAB,North Texas,3,"{'minutes': 15, 'seconds': 0}",3,3,65,65,1,10,0,False,Kickoff,"(15:00) #46 M.Arenas kickoff 65 yards to the UAB00, Touchback",,2025-11-15T20:55:17.000Z
401762506,40176250621,401762506440,13,2,UAB,American Athletic,7,North Texas,American Athletic,31,UAB,North Texas,3,"{'minutes': 14, 'seconds': 45}",3,3,25,75,1,10,-3,False,Pass Reception,"(14:56) Shotgun #7 J.Kitna pass complete short right to #4 J.Jackson caught at UAB20, for 3 yards loss to the UAB22 (#1 D.Fisher)",-0.9562833890771465,2025-11-15T20:56:18.000Z
401762506,40176250621,401762506445,13,3,UAB,American Athletic,7,North Texas,American Athletic,31,UAB,North Texas,3,"{'minutes': 14, 'seconds': 20}",3,3,22,78,2,13,15,False,Pass Reception,"(14:27) Shotgun #7 J.Kitna pass complete short left to #6 B.Hawkins Jr. caught at UAB35, for 15 yards to the UAB37 (#0 W.Jones II; #14 Q.Hammonds), 1ST DOWN",1.9835277152207178,2025-11-15T20:56:47.000Z
401762506,40176250621,401762506450,13,4,UAB,American Athletic,7,North Texas,American Athletic,31,UAB,North Texas,3,"{'minutes': 13, 'seconds': 47}",3,3,37,63,1,10,58,False,Rush,"(13:56) Shotgun #4 J.Jackson rush right for 58 yards gain to the UNT05 (#2 D.Armstead), 1ST DOWN",3.1667299530188764,2025-11-15T20:57:18.000Z
401762506,40176250621,401762506454,13,5,UAB,American Athletic,7,North Texas,American Athletic,31,UAB,North Texas,3,"{'minutes': 13, 'seconds': 18}",3,3,95,5,1,5,1,False,Rush,(13:22) No Huddle-Shotgun #4 J.Jackson rush middle for 1 yard gain to the UNT04 (#40 K.Huddleston),-0.4501093998890865,2025-11-15T20:57:54.000Z
401762506,40176250621,401762506458,13,6,UAB,American Athletic,7,North Texas,American Athletic,31,UAB,North Texas,3,"{'minutes': 12, 'seconds': 38}",3,3,96,4,2,4,3,False,Rush,(12:45) Shotgun #3 I.Jacobs rush middle for 3 yards gain to the UNT01 (#32 E.Wesloski; #0 W.Jones II),-0.1201079887315895,2025-11-15T20:58:33.000Z
401762506,40176250621,401762506462,13,7,UAB,American Athletic,15,North Texas,American Athletic,31,UAB,North Texas,3,"{'minutes': 11, 'seconds': 55}",3,3,99,1,3,1,1,True,Rushing Touchdown,"(12:03) #15 R.Burton rush middle for 1 yard gain to the UNT00 TOUCHDOWN, clock 11:55 #6 B.Hawkins Jr. pass attempt Successful",2.45399822917955,2025-11-15T20:59:12.000Z
401762506,40176250623,401762506475,14,1,UAB,American Athletic,15,North Texas,American Athletic,31,UAB,North Texas,3,"{'minutes': 11, 'seconds': 45}",3,3,35,65,1,10,43,False,Kickoff,(11:55) #35 O.Simpson kickoff 57 yards to the UNT08 #3 S.Evans return 43 yards to the UAB49 (#28 B.Franklin),,2025-11-15T21:04:34.000Z
401762506,40176250623,401762506492,14,5,North Texas,American Athletic,31,UAB,American Athletic,15,UAB,North Texas,3,"{'minutes': 10, 'seconds': 10}",3,3,20,20,1,10,13,False,Pass Reception,"(10:18) No Huddle-Shotgun #17 D.Mestemaker pass complete short right to #10 W.Young caught at UAB21, for 13 yards to the UAB07 (#17 R.Williams), 1ST DOWN",0.421173098704488,2025-11-15T21:06:48.000Z
401762506,40176250623,401762506497,14,6,North Texas,American Athletic,38,UAB,American Athletic,15,UAB,North Texas,3,"{'minutes': 9, 'seconds': 37}",3,3,7,7,1,7,7,True,Passing Touchdown,"(09:39) No Huddle-Shotgun #17 D.Mestemaker pass complete short left to #10 W.Young caught at UAB08, for 7 yards to the UAB00 TOUCHDOWN, clock 09:37 #40 K.Nguma kick attempt good (H: #41 S.Evans, LS: #48 C.Yates)",2.196754630327211,2025-11-15T21:07:25.000Z
401762506,40176250623,401762506480,14,2,North Texas,American Athletic,31,UAB,American Athletic,15,UAB,North Texas,3,"{'minutes': 11, 'seconds': 37}",3,3,49,49,1,10,17,False,Rush,"(11:44) No Huddle-Shotgun #24 C.Hawkins rush middle for 17 yards gain to the UAB32 (#0 D.Hightower), 1ST DOWN",0.8908111260482859,2025-11-15T21:05:24.000Z
401762506,40176250623,401762506484,14,3,North Texas,American Athletic,31,UAB,American Athletic,15,UAB,North Texas,3,"{'minutes': 11, 'seconds': 7}",3,3,32,32,1,10,8,False,Rush,(11:20) No Huddle-Shotgun #24 C.Hawkins rush middle for 8 yards gain to the UAB24 (#9 D.Warren),0.5307537202290804,2025-11-15T21:05:52.000Z
401762506,40176250623,401762506488,14,4,North Texas,American Athletic,31,UAB,American Athletic,15,UAB,North Texas,3,"{'minutes': 10, 'seconds': 35}",3,3,24,24,2,2,4,False,Rush,"(10:43) No Huddle-Shotgun #24 C.Hawkins rush middle for 4 yards gain to the UAB20 (#0 D.Hightower; #9 D.Warren), 1ST DOWN",-0.277162023671817,2025-11-15T21:06:26.000Z
401762511,4017625115,40176251164,3,2,UAB,American Athletic,0,South Florida,American Athletic,7,UAB,South Florida,1,"{'minutes': 11, 'seconds': 29}",3,3,76,24,1,10,2,False,Rush,(11:35) Shotgun #4 J.Jackson rush middle for 2 yards gain to the USF22 (#8 T.Mitchell),-0.234690741470521,2025-11-22T20:14:43.000Z
401762511,4017625115,40176251168,3,3,UAB,American Athletic,0,South Florida,American Athletic,7,UAB,South Florida,1,"{'minutes': 10, 'seconds': 47}",3,3,78,22,2,8,0,False,Rush,(10:56) #0 I.Hooks rush left for 0 yards to the USF22 (#3 J.Duclona; #5 F.Gaskin),-0.501678537573664,2025-11-22T20:15:19.000Z
401762511,4017625115,40176251172,3,4,UAB,American Athletic,0,South Florida,American Athletic,7,UAB,South Florida,1,"{'minutes': 10, 'seconds': 5}",3,3,78,22,3,8,9,False,Pass Reception,"(10:22) #7 J.Kitna pass complete short right to #12 J.Elder caught at USF13, for 9 yards to the USF13 (#3 J.Duclona), 1ST DOWN",0.878878012605313,2025-11-22T20:16:00.000Z
401762511,4017625115,40176251177,3,5,UAB,American Athletic,0,South Florida,American Athletic,7,UAB,South Florida,1,"{'minutes': 9, 'seconds': 35}",3,3,87,13,1,10,3,False,Rush,(09:40) No Huddle-Shotgun #4 J.Jackson rush middle for 3 yards gain to the USF10 (#24 M.Harris),-0.098600859057136,2025-11-22T20:16:35.000Z
401762511,4017625115,40176251181,3,6,UAB,American Athletic,0,South Florida,American Athletic,7,UAB,South Florida,1,"{'minutes': 9, 'seconds': 5}",3,3,90,10,2,7,-2,False,Rush,"(09:18) No Huddle-Shotgun #4 J.Jackson rush left for 2 yards loss to the USF12 (#5 F.Gaskin), out of bounds",-0.450781976033442,2025-11-22T20:16:59.000Z
401762511,4017625115,40176251185,3,7,UAB,American Athletic,0,South Florida,American Athletic,7,UAB,South Florida,1,"{'minutes': 8, 'seconds': 34}",3,3,88,12,3,9,0,False,Pass Incompletion,(08:36) No Huddle-Shotgun #7 J.Kitna pass incomplete short right to #11 S.Beebe thrown to USF02 broken up by #24 M.Harris,-0.464914983739831,2025-11-22T20:17:46.000Z
401762511,4017625115,40176251188,3,8,UAB,American Athletic,3,South Florida,American Athletic,7,UAB,South Florida,1,"{'minutes': 8, 'seconds': 30}",3,3,88,12,4,9,30,True,Field Goal Good,"(08:31) #39 J.Delange field goal attempt from 30 yards GOOD (H: #27 P.Foley, LS: #47 C.Moser), clock 08:30",,2025-11-22T20:18:23.000Z
401762511,4017625115,40176251158,3,1,South Florida,American Athletic,7,UAB,American Athletic,0,UAB,South Florida,1,"{'minutes': 11, 'seconds': 36}",3,3,65,65,1,10,68,False,Kickoff,(11:47) #42 A.Zouagui kickoff 62 yards to the UAB03 #11 S.Beebe return 68 yards to the USF29 (#1 B.Knox) PENALTY USF Offside (#31 J.Murphy) 5 yards from USF29 to USF24,,2025-11-22T20:13:31.000Z
401762511,4017625117,40176251194,4,2,South Florida,American Athletic,7,UAB,American Athletic,3,UAB,South Florida,1,"{'minutes': 8, 'seconds': 19}",3,3,75,75,1,10,8,False,Pass Reception,"(08:27) Shotgun #17 B.Brown pass complete short right to #11 K.Singleton caught at USF24, for 8 yards to the USF33 (#0 D.Hightower)",0.9104368550610653,2025-11-22T20:22:31.000Z
401762511,4017625117,40176251199,4,3,South Florida,American Athletic,7,UAB,American Athletic,3,UAB,South Florida,1,"{'minutes': 7, 'seconds': 55}",3,3,67,67,2,2,9,False,Rush,"(08:03) No Huddle-Shotgun #17 B.Brown rush middle for 9 yards gain to the USF42 (#0 D.Hightower; #29 T.McDaniel), 1ST DOWN",0.6056150526209407,2025-11-22T20:22:58.000Z
401762511,4017625117,401762511103,4,4,South Florida,American Athletic,7,UAB,American Athletic,3,UAB,South Florida,1,"{'minutes': 7, 'seconds': 28}",3,3,58,58,1,10,4,False,Rush,(07:39) No Huddle-Shotgun #17 B.Brown rush middle for 4 yards gain to the USF46 (#34 J.Allen),-0.1665264279012551,2025-11-22T20:23:19.000Z
401762511,4017625117,401762511107,4,5,South Florida,American Athletic,7,UAB,American Athletic,3,UAB,South Florida,1,"{'minutes': 7, 'seconds': 9}",3,3,54,54,2,6,0,False,Pass Incompletion,(07:12) No Huddle-Shotgun #17 B.Brown pass incomplete short right to #6 M.Reuben thrown to USF50 broken up by #17 R.Williams,-1.1287444411219418,2025-11-22T20:23:46.000Z
401762511,4017625117,401762511110,4,6,South Florida,American Athletic,7,UAB,American Athletic,3,UAB,South Florida,1,"{'minutes': 7, 'seconds': 1}",3,3,54,54,3,6,7,False,Rush,"(07:09) No Huddle-Shotgun #17 B.Brown rush left for 7 yards gain to the UAB47 (#5 E.Toussom), out of bounds, 1ST DOWN",2.243771839796082,2025-11-22T20:24:32.000Z
401762511,4017625117,401762511114,4,7,South Florida,American Athletic,7,UAB,American Athletic,3,UAB,South Florida,1,"{'minutes': 6, 'seconds': 37}",3,3,47,47,1,10,5,False,Rush,(06:45) No Huddle-Shotgun #25 N.Davenport rush left for 5 yards gain to the UAB42 (#29 T.McDaniel),0.097373878655615,2025-11-22T20:24:58.000Z
401762511,4017625117,401762511118,4,8,South Florida,American Athletic,7,UAB,American Athletic,3,UAB,South Florida,1,"{'minutes': 6, 'seconds': 23}",3,3,42,42,2,5,0,False,Pass Incompletion,(06:28) No Huddle-Shotgun #17 B.Brown pass incomplete short left to #16 J.Koger thrown to UAB32 broken up by #29 T.McDaniel QB hurried by #54 K.Mosley,-1.0744929256983404,2025-11-22T20:25:12.000Z
401762511,4017625117,401762511121,4,9,South Florida,American Athletic,7,UAB,American Athletic,3,UAB,South Florida,1,"{'minutes': 6, 'seconds': 17}",3,3,42,42,3,5,-1,False,Rush,(06:22) No Huddle-Shotgun #17 B.Brown rush middle for 1 yard loss to the UAB43 (#90 Z.Johnson),-1.2811200569660812,2025-11-22T20:25:48.000Z
401762511,4017625117,401762511125,4,10,South Florida,American Athletic,7,UAB,American Athletic,3,UAB,South Florida,1,"{'minutes': 5, 'seconds': 30}",3,3,43,43,4,6,0,False,Punt,(05:42) #37 C.Leon punt 28 yards to the UAB15,,2025-11-22T20:26:33.000Z
401762511,4017625117,40176251191,4,1,UAB,American Athletic,3,South Florida,American Athletic,7,UAB,South Florida,1,"{'minutes': 8, 'seconds': 30}",3,3,35,65,1,10,0,False,Kickoff,"(08:30) #35 O.Simpson kickoff 65 yards to the USF00, Touchback",,2025-11-22T20:18:26.000Z
401762511,4017625118,401762511129,5,1,UAB,American Athletic,3,South Florida,American Athletic,7,UAB,South Florida,1,"{'minutes': 5, 'seconds': 15}",3,3,15,85,1,10,9,False,Rush,(05:28) #3 I.Jacobs rush middle for 9 yards gain to the UAB24 (#21 J.Stokes),0.9642739174704964,2025-11-22T20:30:09.000Z
401762511,4017625118,401762511135,5,2,UAB,American Athletic,3,South Florida,American Athletic,7,UAB,South Florida,1,"{'minutes': 4, 'seconds': 37}",3,3,24,76,2,1,5,False,Penalty,PENALTY UAB False Start (#85 A.Ferguson) 5 yards from UAB24 to UAB19. NO PLAY,,2025-11-22T20:31:04.000Z
401762511,4017625118,401762511138,5,3,UAB,American Athletic,3,South Florida,American Athletic,7,UAB,South Florida,1,"{'minutes': 4, 'seconds': 7}",3,3,19,81,2,6,16,False,Rush,"(04:15) No Huddle-Shotgun #3 I.Jacobs rush middle for 16 yards gain to the UAB35 (#22 D.Rucker), 1ST DOWN",1.444109236070779,2025-11-22T20:31:45.000Z
401762511,4017625118,401762511142,5,4,UAB,American Athletic,3,South Florida,American Athletic,7,UAB,South Florida,1,"{'minutes': 3, 'seconds': 32}",3,3,35,65,1,10,1,False,Rush,(03:38) #3 I.Jacobs rush middle for 1 yard gain to the UAB36 (#4 M.Williams II; #63 J.Celiscar),-0.8334176637748527,2025-11-22T20:32:20.000Z
401762511,4017625118,401762511146,5,5,UAB,American Athletic,3,South Florida,American Athletic,7,UAB,South Florida,1,"{'minutes': 2, 'seconds': 58}",3,3,36,64,2,9,24,False,Pass Reception,"(03:05) No Huddle-Shotgun #7 J.Kitna pass complete short left to #0 I.Hooks caught at UAB35, for 24 yards to the USF40 (#25 Z.Hamilton), 1ST DOWN",2.8870855305288465,2025-11-22T20:32:52.000Z
401762511,4017625118,401762511151,5,6,UAB,American Athletic,3,South Florida,American Athletic,7,UAB,South Florida,1,"{'minutes': 2, 'seconds': 7}",3,3,60,40,1,10,6,False,Rush,"(02:13) No Huddle-Shotgun #7 J.Kitna rush right for 6 yards gain to the USF34 (#4 M.Williams II) PENALTY USF Targeting (#5 F.Gaskin) 15 yards from USF34 to USF19, 1ST DOWN",0.265204892676964,2025-11-22T20:33:46.000Z
401762511,4017625118,401762511158,5,7,UAB,American Athletic,3,South Florida,American Athletic,7,UAB,South Florida,1,"{'minutes': 2, 'seconds': 7}",3,3,81,19,1,10,10,False,Penalty,"PENALTY USF UNS: Unsportsmanlike Conduct (#5 F.Gaskin) 10 yards from USF19 to USF09, 1ST DOWN. NO PLAY",,2025-11-22T20:36:05.000Z
401762511,4017625118,401762511161,5,8,UAB,American Athletic,3,South Florida,American Athletic,7,UAB,South Florida,1,"{'minutes': 1, 'seconds': 53}",3,3,91,9,1,9,3,False,Rush,(02:00) No Huddle-Shotgun #4 J.Jackson rush middle for 3 yards gain to the USF06 (#0 J.Lee),-0.10442916913547,2025-11-22T20:38:30.000Z
401762511,4017625118,401762511165,5,9,UAB,American Athletic,10,South Florida,American Athletic,7,UAB,South Florida,1,"{'minutes': 1, 'seconds': 16}",3,3,94,6,2,6,6,True,Rushing Touchdown,"(01:20) No Huddle-Shotgun #3 I.Jacobs rush middle for 6 yards gain to the USF00 TOUCHDOWN, clock 01:16. The previous play is under automatic review - ""Runner broke the plane"". CALL UPHELD #39 J.Delange kick attempt good (H: #27 P.Foley, LS: #47 C.Moser)",2.528666992781938,2025-11-22T20:39:11.000Z
401762511,40176251110,401762511179,6,2,South Florida,American Athletic,7,UAB,American Athletic,10,UAB,South Florida,1,"{'minutes': 1, 'seconds': 9}",3,3,75,75,1,10,3,False,Rush,"(01:15) No Huddle-Shotgun #17 B.Brown rush left for 3 yards gain to the USF28 (#23 D.Lee), out of bounds",-0.2957674139440157,2025-11-22T20:43:08.000Z
401762511,40176251110,401762511183,6,3,South Florida,American Athletic,7,UAB,American Athletic,10,UAB,South Florida,1,"{'minutes': 0, 'seconds': 54}",3,3,72,72,2,7,2,False,Rush,(00:58) No Huddle-Shotgun #15 A.Isaac rush middle for 2 yards gain to the USF30 (#0 D.Hightower),-0.36341994158841023,2025-11-22T20:43:25.000Z
401762511,40176251110,401762511187,6,4,South Florida,American Athletic,7,UAB,American Athletic,10,UAB,South Florida,1,"{'minutes': 0, 'seconds': 21}",3,3,70,70,3,5,3,False,Pass Reception,"(00:29) No Huddle-Shotgun #17 B.Brown pass complete short right to #11 K.Singleton caught at USF33, for 3 yards to the USF33 (#20 A.Brown)",-0.16171449534916515,2025-11-22T20:43:53.000Z
401762511,40176251110,401762511194,6,5,South Florida,American Athletic,7,UAB,American Athletic,10,UAB,South Florida,1,"{'minutes': 0, 'seconds': 0}",3,3,70,70,3,5,3,False,End Period,End of 1st quarter.,-0.16171449534916515,2025-11-22T20:44:28.000Z
401762511,40176251110,401762511198,6,6,South Florida,American Athletic,7,UAB,American Athletic,10,UAB,South Florida,2,"{'minutes': 14, 'seconds': 54}",3,3,67,67,4,2,0,False,Punt,(14:59) #37 C.Leon punt 38 yards to the UAB29 fair catch by #0 I.Hooks at UAB29,,2025-11-22T20:48:27.000Z
401762511,40176251110,401762511176,6,1,UAB,American Athletic,10,South Florida,American Athletic,7,UAB,South Florida,1,"{'minutes': 1, 'seconds': 16}",3,3,35,65,1,10,0,False,Kickoff,(01:16) #35 O.Simpson kickoff 57 yards to the USF08 fair catch by #12 J.Alexis at USF08,,2025-11-22T20:41:25.000Z
401762511,40176251111,401762511204,7,1,UAB,American Athletic,10,South Florida,American Athletic,7,UAB,South Florida,2,"{'minutes': 14, 'seconds': 47}",3,3,29,71,1,10,2,False,Rush,(14:54) Shotgun #4 J.Jackson rush middle for 2 yards gain to the UAB31 (#24 M.Harris; #8 T.Mitchell),-0.5291040057203755,2025-11-22T20:49:12.000Z
401762511,40176251111,401762511208,7,2,UAB,American Athletic,10,South Florida,American Athletic,7,UAB,South Florida,2,"{'minutes': 14, 'seconds': 9}",3,3,31,69,2,8,7,False,Rush,(14:17) No Huddle-Shotgun #4 J.Jackson rush middle for 7 yards gain to the UAB38 (#8 T.Mitchell),0.4924178729694279,2025-11-22T20:49:49.000Z
401762511,40176251111,401762511212,7,3,UAB,American Athletic,10,South Florida,American Athletic,7,UAB,South Florida,2,"{'minutes': 13, 'seconds': 37}",3,3,38,62,3,1,3,False,Rush,"(13:40) #7 J.Kitna rush middle for 3 yards gain to the UAB41 (#34 R.Watson III), 1ST DOWN",1.153290655707485,2025-11-22T20:50:22.000Z
401762511,40176251111,401762511216,7,4,UAB,American Athletic,10,South Florida,American Athletic,7,UAB,South Florida,2,"{'minutes': 12, 'seconds': 59}",3,3,41,59,1,10,1,False,Rush,(13:08) Shotgun #3 I.Jacobs rush left for 1 yard gain to the UAB42 (#34 R.Watson III; #7 J.Shuler),-0.9199637917398017,2025-11-22T20:50:58.000Z
401762511,40176251111,401762511220,7,5,UAB,American Athletic,10,South Florida,American Athletic,7,UAB,South Florida,2,"{'minutes': 12, 'seconds': 29}",3,3,42,58,2,9,1,False,Rush,(12:36) No Huddle-Shotgun #11 S.Beebe rush left for 1 yard gain to the UAB43 (#24 M.Harris),-0.7209907151370337,2025-11-22T20:51:30.000Z
401762511,40176251111,401762511224,7,6,UAB,American Athletic,10,South Florida,American Athletic,7,UAB,South Florida,2,"{'minutes': 11, 'seconds': 48}",3,3,43,57,3,8,11,False,Pass Reception,"(11:56) No Huddle-Shotgun #7 J.Kitna pass complete short right to #11 S.Beebe caught at UAB41, for 11 yards to the USF46 (#3 J.Duclona), 1ST DOWN",2.7566794485407984,2025-11-22T20:52:11.000Z
401762511,40176251111,401762511229,7,7,UAB,American Athletic,10,South Florida,American Athletic,7,UAB,South Florida,2,"{'minutes': 11, 'seconds': 9}",3,3,54,46,1,10,0,False,Rush,(11:17) No Huddle-Shotgun #4 J.Jackson rush middle for 0 yards to the USF46 (#7 J.Shuler; #24 M.Harris),-1.0250974847844603,2025-11-22T20:52:54.000Z
401762511,40176251111,401762511233,7,8,UAB,American Athletic,10,South Florida,American Athletic,7,UAB,South Florida,2,"{'minutes': 10, 'seconds': 37}",3,3,54,46,2,10,0,False,Pass Incompletion,(10:42) No Huddle-Shotgun #7 J.Kitna pass incomplete short middle to #6 B.Hawkins Jr. thrown to USF31 broken up by #22 D.Rucker QB hurried by #63 J.Celiscar,-1.0652839330421227,2025-11-22T20:53:31.000Z
401762511,40176251111,401762511236,7,9,UAB,American Athletic,10,South Florida,American Athletic,7,UAB,South Florida,2,"{'minutes': 10, 'seconds': 24}",3,3,54,46,3,10,15,False,Pass Reception,"(10:36) No Huddle-Shotgun #7 J.Kitna pass complete short middle to #0 I.Hooks caught at USF31, for 15 yards to the USF31 (#0 J.Lee), 1ST DOWN",2.791722655888099,2025-11-22T20:54:10.000Z
401762511,40176251111,401762511241,7,10,UAB,American Athletic,10,South Florida,American Athletic,7,UAB,South Florida,2,"{'minutes': 9, 'seconds': 45}",3,3,69,31,1,10,-2,False,Rush,(09:50) #4 J.Jackson rush middle for 2 yards loss to the USF33 (#99 D.Lee),-0.888144093928609,2025-11-22T20:54:57.000Z
401762511,40176251111,401762511245,7,11,UAB,American Athletic,10,South Florida,American Athletic,7,UAB,South Florida,2,"{'minutes': 9, 'seconds': 3}",3,3,67,33,2,12,0,False,Pass Incompletion,(09:07) No Huddle-Shotgun #7 J.Kitna pass incomplete short right to #0 I.Hooks thrown to USF31 QB hurried by #63 J.Celiscar,-0.8977154268114076,2025-11-22T20:55:42.000Z
401762511,40176251111,401762511248,7,12,UAB,American Athletic,10,South Florida,American Athletic,7,UAB,South Florida,2,"{'minutes': 9, 'seconds': 3}",3,3,67,33,3,12,5,False,Penalty,PENALTY UAB False Start (#85 A.Ferguson) 5 yards from USF33 to USF38. NO PLAY,,2025-11-22T20:56:18.000Z
401762511,40176251111,401762511251,7,13,UAB,American Athletic,10,South Florida,American Athletic,7,UAB,South Florida,2,"{'minutes': 9, 'seconds': 3}",3,3,62,38,3,17,5,False,Penalty,PENALTY UAB False Start (#85 A.Ferguson) 5 yards from USF38 to USF43. NO PLAY,,2025-11-22T20:56:55.000Z
401762511,40176251111,401762511254,7,14,UAB,American Athletic,10,South Florida,American Athletic,7,UAB,South Florida,2,"{'minutes': 9, 'seconds': 3}",3,3,57,43,3,22,5,False,Penalty,PENALTY UAB False Start (#53 B.Franks II) 5 yards from USF43 to USF48. NO PLAY,,2025-11-22T20:57:34.000Z
401762511,40176251111,401762511257,7,15,UAB,American Athletic,10,South Florida,American Athletic,7,UAB,South Florida,2,"{'minutes': 8, 'seconds': 58}",3,3,52,48,3,27,0,False,Pass Incompletion,(08:59) No Huddle-Shotgun #7 J.Kitna pass incomplete short right to #11 S.Beebe thrown to USF48 broken up by #21 J.Stokes,-0.22703585455105735,2025-11-22T20:58:17.000Z
401762511,40176251111,401762511260,7,16,UAB,American Athletic,10,South Florida,American Athletic,7,UAB,South Florida,2,"{'minutes': 8, 'seconds': 50}",3,3,52,48,4,27,9,False,Punt Return,"(08:50) #27 P.Foley punt 40 yards to the USF08 #80 J.Porter return 9 yards to the USF17 (#5 E.Toussom), out of bounds PENALTY USF Holding (#23 C.Hawkins Jr.) 4 yards from USF08 to USF04",,2025-11-22T20:59:10.000Z
401762511,40176251112,401762511270,8,1,South Florida,American Athletic,7,UAB,American Athletic,10,UAB,South Florida,2,"{'minutes': 8, 'seconds': 42}",3,3,96,96,1,10,3,False,Rush,(08:48) Shotgun #25 N.Davenport rush middle for 3 yards gain to the USF07 (#29 T.McDaniel),-0.11032701016122193,2025-11-22T21:03:06.000Z
401762511,40176251112,401762511274,8,2,South Florida,American Athletic,7,UAB,American Athletic,10,UAB,South Florida,2,"{'minutes': 8, 'seconds': 25}",3,3,93,93,2,7,14,False,Rush,"(08:29) No Huddle-Shotgun #25 N.Davenport rush middle for 14 yards gain to the USF21 (#14 J.Vessel), 1ST DOWN",0.71839929939489,2025-11-22T21:03:23.000Z
401762511,40176251112,401762511278,8,3,South Florida,American Athletic,7,UAB,American Athletic,10,UAB,South Florida,2,"{'minutes': 7, 'seconds': 54}",3,3,79,79,1,10,7,False,Rush,(08:00) No Huddle-Shotgun #25 N.Davenport rush middle for 7 yards gain to the USF28 (#20 A.Brown),0.5413772358558367,2025-11-22T21:03:54.000Z
401762511,40176251112,401762511282,8,4,South Florida,American Athletic,7,UAB,American Athletic,10,UAB,South Florida,2,"{'minutes': 7, 'seconds': 23}",3,3,72,72,2,3,15,False,Pass Reception,"(07:29) No Huddle-Shotgun #17 B.Brown pass complete short left to #16 J.Koger caught at USF29, for 15 yards to the USF43 (#20 A.Brown), out of bounds, 1ST DOWN",1.3238408564499926,2025-11-22T21:04:26.000Z
401762511,40176251112,401762511287,8,5,South Florida,American Athletic,7,UAB,American Athletic,10,UAB,South Florida,2,"{'minutes': 6, 'seconds': 47}",3,3,57,57,1,10,11,False,Pass Reception,"(07:01) No Huddle-Shotgun #17 B.Brown pass complete short middle to #8 W.Sullivan caught at USF45, for 11 yards to the UAB46 (#17 R.Williams; #5 E.Toussom), 1ST DOWN",0.9220292893768622,2025-11-22T21:05:00.000Z
401762511,40176251112,401762511292,8,6,South Florida,American Athletic,7,UAB,American Athletic,10,UAB,South Florida,2,"{'minutes': 6, 'seconds': 30}",3,3,46,46,1,10,7,False,Rush,(06:35) No Huddle-Shotgun #17 B.Brown rush middle for 7 yards gain to the UAB39 (#5 E.Toussom),0.529748291879379,2025-11-22T21:05:23.000Z
401762511,40176251112,401762511296,8,7,South Florida,American Athletic,7,UAB,American Athletic,10,UAB,South Florida,2,"{'minutes': 6, 'seconds': 7}",3,3,39,39,2,3,13,False,Rush,"(06:12) No Huddle-Shotgun #25 N.Davenport rush middle for 13 yards gain to the UAB26 (#5 E.Toussom; #14 J.Vessel), 1ST DOWN",0.2935369938469048,2025-11-22T21:05:46.000Z
401762511,40176251112,401762511300,8,8,South Florida,American Athletic,7,UAB,American Athletic,10,UAB,South Florida,2,"{'minutes': 5, 'seconds': 26}",3,3,26,26,1,10,17,False,Pass Reception,"(05:39) No Huddle-Shotgun #17 B.Brown pass complete short left to #16 J.Koger caught at UAB09, for 17 yards to the UAB09 (#14 J.Vessel), out of bounds, 1ST DOWN",0.2957642987617125,2025-11-22T21:06:24.000Z
401762511,40176251112,401762511305,8,9,South Florida,American Athletic,7,UAB,American Athletic,10,UAB,South Florida,2,"{'minutes': 4, 'seconds': 53}",3,3,9,9,1,9,3,False,Rush,(05:01) No Huddle-Shotgun #25 N.Davenport rush middle for 3 yards gain to the UAB06 (#2 E.Odinjor),-0.10442916913547,2025-11-22T21:07:04.000Z
401762511,40176251112,401762511309,8,10,South Florida,American Athletic,14,UAB,American Athletic,10,UAB,South Florida,2,"{'minutes': 4, 'seconds': 32}",3,3,6,6,2,6,6,True,Passing Touchdown,"(04:32) No Huddle-Shotgun #17 B.Brown pass complete short middle to #8 W.Sullivan caught at UAB00, for 6 yards to the UAB00 TOUCHDOWN, clock 04:32. The previous play is under automatic review - ""Pass completion"". CALL UPHELD #7 N.Gramatica kick attempt good (H: #37 C.Leon, LS: #95 G.Cates)",2.528666992781938,2025-11-22T21:07:31.000Z
401762511,40176251114,401762511324,9,2,UAB,American Athletic,10,South Florida,American Athletic,14,UAB,South Florida,2,"{'minutes': 4, 'seconds': 24}",3,3,25,75,1,10,2,False,Rush,(04:31) Shotgun #4 J.Jackson rush middle for 2 yards gain to the UAB27 (#18 L.Smiley),-0.45260367932203766,2025-11-22T21:17:45.000Z
401762511,40176251114,401762511328,9,3,UAB,American Athletic,10,South Florida,American Athletic,14,UAB,South Florida,2,"{'minutes': 3, 'seconds': 57}",3,3,27,73,2,8,-1,False,Rush,(04:03) No Huddle-Shotgun #11 S.Beebe rush middle for 1 yard loss to the UAB26 (#18 L.Smiley),-0.5431898169823581,2025-11-22T21:18:12.000Z
401762511,40176251114,401762511334,9,4,UAB,American Athletic,10,South Florida,American Athletic,14,UAB,South Florida,2,"{'minutes': 3, 'seconds': 16}",3,3,26,74,3,9,0,False,Pass Incompletion,(03:21) No Huddle-Shotgun #7 J.Kitna pass incomplete short right to #6 B.Hawkins Jr. thrown to UAB35 broken up by #1 B.Knox,-0.18876768235831598,2025-11-22T21:18:52.000Z
401762511,40176251114,401762511337,9,5,UAB,American Athletic,10,South Florida,American Athletic,14,UAB,South Florida,2,"{'minutes': 3, 'seconds': 5}",3,3,26,74,4,9,7,False,Punt Return,(03:14) #27 P.Foley punt 44 yards to the USF30 #80 J.Porter return 7 yards to the USF37 (#6 C.Pitcher),,2025-11-22T21:19:41.000Z
401762511,40176251114,401762511321,9,1,South Florida,American Athletic,14,UAB,American Athletic,10,UAB,South Florida,2,"{'minutes': 4, 'seconds': 32}",3,3,65,65,1,10,0,False,Kickoff,"(04:32) #42 A.Zouagui kickoff 65 yards to the UAB00, Touchback",,2025-11-22T21:10:51.000Z
401762511,40176251115,401762511343,10,1,South Florida,American Athletic,14,UAB,American Athletic,10,UAB,South Florida,2,"{'minutes': 2, 'seconds': 44}",3,3,63,63,1,10,9,False,Pass Reception,"(03:05) Shotgun #17 B.Brown pass complete short left to #16 J.Koger caught at USF46, for 9 yards to the USF46 (#23 D.Lee)",1.3755540761931897,2025-11-22T21:20:30.000Z
401762511,40176251115,401762511348,10,2,South Florida,American Athletic,14,UAB,American Athletic,10,UAB,South Florida,2,"{'minutes': 2, 'seconds': 29}",3,3,54,54,2,1,3,False,Rush,"(02:36) No Huddle-Shotgun #25 N.Davenport rush middle for 3 yards gain to the USF49 (#0 D.Hightower; #6 C.Pitcher), 1ST DOWN",-0.2484104865083785,2025-11-22T21:20:57.000Z
401762511,40176251115,401762511352,10,3,South Florida,American Athletic,14,UAB,American Athletic,10,UAB,South Florida,2,"{'minutes': 2, 'seconds': 14}",3,3,51,51,1,10,13,False,Pass Reception,"(02:21) No Huddle-Shotgun #17 B.Brown pass complete short right to #11 K.Singleton caught at UAB46, for 13 yards to the UAB38 (#14 J.Vessel; #24 T.Watson), 1ST DOWN",0.828774555307751,2025-11-22T21:21:12.000Z
401762511,40176251115,401762511357,10,4,South Florida,American Athletic,14,UAB,American Athletic,10,UAB,South Florida,2,"{'minutes': 1, 'seconds': 58}",3,3,38,38,1,10,0,False,Pass Incompletion,(02:02) No Huddle-Shotgun #17 B.Brown pass incomplete deep right to #6 M.Reuben thrown to UAB08,-0.7828922522763084,2025-11-22T21:21:36.000Z
401762511,40176251115,401762511360,10,5,South Florida,American Athletic,14,UAB,American Athletic,10,UAB,South Florida,2,"{'minutes': 1, 'seconds': 50}",3,3,38,38,2,10,14,False,Rush,"(01:58) Shotgun #17 B.Brown rush middle for 14 yards gain to the UAB24 (#1 S.Bryant), 1ST DOWN",1.1960469522545214,2025-11-22T21:25:16.000Z
401762511,40176251115,401762511376,10,6,South Florida,American Athletic,14,UAB,American Athletic,10,UAB,South Florida,2,"{'minutes': 1, 'seconds': 41}",3,3,24,24,1,10,-13,False,Sack,(01:41) No Huddle-Shotgun #17 B.Brown sacked for loss of 13 yards to the UAB37 (#0 D.Hightower) PENALTY USF Intentional Grounding (#17 B.Brown),-2.5931418631220353,2025-11-22T21:28:28.000Z
401762511,40176251115,401762511369,10,7,South Florida,American Athletic,14,UAB,American Athletic,10,UAB,South Florida,2,"{'minutes': 1, 'seconds': 24}",3,3,37,37,2,23,6,False,Rush,(01:34) No Huddle-Shotgun #25 N.Davenport rush middle for 6 yards gain to the UAB31 (#29 T.McDaniel),0.2589050792567296,2025-11-22T21:27:12.000Z
401762511,40176251115,401762511373,10,9,South Florida,American Athletic,14,UAB,American Athletic,10,UAB,South Florida,2,"{'minutes': 1, 'seconds': 18}",3,2,31,31,3,17,0,False,Pass Incompletion,(01:23) No Huddle-Shotgun #17 B.Brown pass incomplete deep middle to #11 K.Singleton thrown to UAB00 QB hurried by #5 E.Toussom,-0.9638126059995056,2025-11-22T21:28:49.000Z
401762511,40176251115,401762511382,10,10,South Florida,American Athletic,17,UAB,American Athletic,10,UAB,South Florida,2,"{'minutes': 1, 'seconds': 13}",3,2,31,31,4,17,49,True,Field Goal Good,"(01:13) #7 N.Gramatica field goal attempt from 49 yards GOOD (H: #37 C.Leon, LS: #95 G.Cates), clock 01:13",,2025-11-22T21:29:34.000Z
401762511,40176251115,401762511375,10,8,UAB,American Athletic,10,South Florida,American Athletic,14,UAB,South Florida,2,"{'minutes': 1, 'seconds': 24}",2,3,37,63,2,23,0,False,Timeout,"Timeout UAB, clock 01:24",,2025-11-22T21:27:33.000Z
401762511,40176251117,401762511388,11,2,UAB,American Athletic,10,South Florida,American Athletic,17,UAB,South Florida,2,"{'minutes': 1, 'seconds': 5}",2,3,25,75,1,10,19,False,Pass Reception,"(01:12) No Huddle-Shotgun #7 J.Kitna pass complete short middle to #6 B.Hawkins Jr. caught at UAB39, for 19 yards to the UAB44 (#21 J.Stokes), 1ST DOWN",1.7075723383420156,2025-11-22T21:31:27.000Z
401762511,40176251117,401762511393,11,3,UAB,American Athletic,10,South Florida,American Athletic,17,UAB,South Florida,2,"{'minutes': 0, 'seconds': 51}",2,3,44,56,1,10,0,False,Pass Incompletion,(00:56) No Huddle-Shotgun #7 J.Kitna pass incomplete deep right to #0 I.Hooks thrown to USF26 broken up by #0 J.Lee,-1.1612466882658818,2025-11-22T21:32:03.000Z
401762511,40176251117,401762511396,11,4,UAB,American Athletic,10,South Florida,American Athletic,17,UAB,South Florida,2,"{'minutes': 0, 'seconds': 51}",2,3,44,56,2,10,5,False,Penalty,"(00:51) No Huddle-Shotgun #7 J.Kitna pass complete short right to #12 J.Elder caught at UAB49, for 5 yards to the UAB49 (#3 J.Duclona), out of bounds PENALTY UAB Ineligible Downfield on Pass (#17 E.Lagg) 5 yards from UAB44 to UAB39. NO PLAY",,2025-11-22T21:33:06.000Z
401762511,40176251117,401762511402,11,5,UAB,American Athletic,10,South Florida,American Athletic,17,UAB,South Florida,2,"{'minutes': 0, 'seconds': 38}",2,3,39,61,2,15,0,False,Pass Incompletion,(00:46) No Huddle-Shotgun #7 J.Kitna pass incomplete short right to #3 I.Jacobs thrown to UAB43 QB hurried by #11 D.Harris,-0.5013803799730399,2025-11-22T21:33:38.000Z
401762511,40176251117,401762511405,11,6,UAB,American Athletic,10,South Florida,American Athletic,17,UAB,South Florida,2,"{'minutes': 0, 'seconds': 36}",2,3,39,61,3,15,15,False,Penalty,"(00:36) No Huddle-Shotgun #7 J.Kitna pass incomplete short right to #17 E.Lagg thrown to USF42 PENALTY USF Personal Foul (#4 M.Williams II) 15 yards from UAB39 to USF46, 1ST DOWN. NO PLAY",,2025-11-22T21:34:51.000Z
401762511,40176251117,401762511409,11,7,UAB,American Athletic,10,South Florida,American Athletic,17,UAB,South Florida,2,"{'minutes': 0, 'seconds': 21}",2,3,54,46,1,10,-2,False,Pass Reception,"(00:27) No Huddle-Shotgun #7 J.Kitna pass complete short right to #4 J.Jackson caught at UAB49, for 2 yards loss to the USF48 (#3 J.Duclona), out of bounds",-1.4874342230987914,2025-11-22T21:35:58.000Z
401762511,40176251117,401762511414,11,8,UAB,American Athletic,10,South Florida,American Athletic,17,UAB,South Florida,2,"{'minutes': 0, 'seconds': 16}",2,3,52,48,2,12,14,False,Pass Reception,"(00:21) No Huddle-Shotgun #7 J.Kitna pass complete short middle to #8 E.McCray caught at USF34, for 14 yards to the USF34 (#0 J.Lee; #22 D.Rucker), 1ST DOWN",2.0939954703195856,2025-11-22T21:36:45.000Z
401762511,40176251117,401762511422,11,9,UAB,American Athletic,10,South Florida,American Athletic,17,UAB,South Florida,2,"{'minutes': 0, 'seconds': 16}",2,3,66,34,1,10,15,False,Penalty,(00:16) No Huddle-Shotgun #7 J.Kitna sacked for loss of 7 yards to the USF41 (#10 I.Singleton) PENALTY UAB Personal Foul (#72 B.Sneh) 15 yards from USF34 to USF49. NO PLAY,,2025-11-22T21:38:34.000Z
401762511,40176251117,401762511427,11,10,UAB,American Athletic,10,South Florida,American Athletic,17,UAB,South Florida,2,"{'minutes': 0, 'seconds': 4}",2,3,51,49,1,25,0,False,Pass Incompletion,(00:11) No Huddle-Shotgun #7 J.Kitna pass incomplete deep middle to #0 I.Hooks thrown to USF25,-0.8124757705429443,2025-11-22T21:40:21.000Z
401762511,40176251117,401762511430,11,11,UAB,American Athletic,10,South Florida,American Athletic,17,UAB,South Florida,2,"{'minutes': 0, 'seconds': 2}",2,3,51,49,2,25,0,False,Interception,"(00:02) No Huddle-Shotgun #7 J.Kitna pass intercepted by #24 M.Harris at USF02, End Of Play",-0.5391382710581407,2025-11-22T21:41:08.000Z
401762511,40176251117,401762511437,11,12,UAB,American Athletic,10,South Florida,American Athletic,17,UAB,South Florida,2,"{'minutes': 0, 'seconds': 0}",2,3,51,49,2,25,0,False,End Period,End of 2nd quarter.,-0.4917237251165414,2025-11-22T21:41:47.000Z
401762511,40176251117,401762511385,11,1,South Florida,American Athletic,17,UAB,American Athletic,10,UAB,South Florida,2,"{'minutes': 1, 'seconds': 13}",3,2,65,65,1,10,0,False,Kickoff,"(01:13) #42 A.Zouagui kickoff 65 yards to the UAB00, Touchback",,2025-11-22T21:29:38.000Z
401762511,40176251119,401762511449,12,2,South Florida,American Athletic,24,UAB,American Athletic,10,UAB,South Florida,3,"{'minutes': 14, 'seconds': 38}",3,3,60,60,1,10,60,True,Passing Touchdown,Mudia Reuben 60 Yd pass from Byrum Brown (Nico Gramatica Kick),4.756900604143675,2025-11-22T22:03:33.000Z
401762511,40176251119,401762511444,12,1,UAB,American Athletic,10,South Florida,American Athletic,17,UAB,South Florida,3,"{'minutes': 14, 'seconds': 53}",3,3,35,65,1,10,40,False,Kickoff,(15:00) #35 O.Simpson kickoff 65 yards to the USF00 #15 A.Isaac return 40 yards to the USF40 (#35 O.Simpson),,2025-11-22T22:02:50.000Z
401762511,40176251121,401762511460,13,2,UAB,American Athletic,10,South Florida,American Athletic,24,UAB,South Florida,3,"{'minutes': 14, 'seconds': 32}",3,3,25,75,1,10,2,False,Rush,(14:38) No Huddle-Shotgun #4 J.Jackson rush middle for 2 yards gain to the UAB27 (#11 D.Harris),-0.45260367932203766,2025-11-22T22:06:17.000Z
401762511,40176251121,401762511464,13,3,UAB,American Athletic,10,South Florida,American Athletic,24,UAB,South Florida,3,"{'minutes': 13, 'seconds': 54}",3,3,27,73,2,8,21,False,Pass Reception,"(14:07) No Huddle-Shotgun #15 R.Burton pass complete short left to #85 A.Ferguson caught at UAB30, for 21 yards to the UAB48 (#7 J.Shuler), out of bounds, 1ST DOWN",2.522304510332928,2025-11-22T22:06:51.000Z
401762511,40176251121,401762511469,13,4,UAB,American Athletic,10,South Florida,American Athletic,24,UAB,South Florida,3,"{'minutes': 13, 'seconds': 38}",3,3,48,52,1,10,5,False,Penalty,(13:38) No Huddle-Shotgun #15 R.Burton rush middle for 2 yards gain to the UAB50 (#15 D.Flowers; #34 R.Watson III) PENALTY USF Illegal Substitution declined USF Offside (#99 D.Lee) 5 yards from UAB48 to USF47. NO PLAY,,2025-11-22T22:08:00.000Z
401762511,40176251121,401762511477,13,5,UAB,American Athletic,10,South Florida,American Athletic,24,UAB,South Florida,3,"{'minutes': 12, 'seconds': 59}",3,3,53,47,1,5,0,False,Rush,(13:03) No Huddle-Shotgun #11 S.Beebe rush middle for 0 yards to the USF47 (#34 R.Watson III),-1.1430448098574038,2025-11-22T22:08:24.000Z
401762511,40176251121,401762511481,13,6,UAB,American Athletic,10,South Florida,American Athletic,24,UAB,South Florida,3,"{'minutes': 12, 'seconds': 31}",3,3,53,47,2,5,11,False,Pass Reception,"(12:39) No Huddle-Shotgun #7 J.Kitna pass complete short right to #0 I.Hooks caught at USF42, for 11 yards to the USF36 (#7 J.Shuler), 1ST DOWN",0.8927388776150577,2025-11-22T22:08:51.000Z
401762511,40176251121,401762511486,13,7,UAB,American Athletic,10,South Florida,American Athletic,24,UAB,South Florida,3,"{'minutes': 11, 'seconds': 55}",3,3,64,36,1,10,0,False,Pass Incompletion,(12:02) No Huddle-Shotgun #7 J.Kitna pass incomplete deep middle to #12 J.Elder thrown to USF00,-0.7215426143188567,2025-11-22T22:09:34.000Z
401762511,40176251121,401762511489,13,8,UAB,American Athletic,10,South Florida,American Athletic,24,UAB,South Florida,3,"{'minutes': 11, 'seconds': 39}",3,3,64,36,2,10,6,False,Rush,(11:55) No Huddle-Shotgun #7 J.Kitna rush middle for 6 yards gain to the USF30 (#24 M.Harris),0.2369175226278417,2025-11-22T22:10:14.000Z
401762511,40176251121,401762511494,13,9,UAB,American Athletic,10,South Florida,American Athletic,24,UAB,South Florida,3,"{'minutes': 11, 'seconds': 9}",3,3,70,30,3,4,23,False,Pass Reception,"(11:21) No Huddle-Shotgun #7 J.Kitna pass complete short middle to #0 I.Hooks caught at USF18, for 23 yards to the USF07 (#1 B.Knox), 1ST DOWN",1.2986485563776,2025-11-22T22:10:42.000Z
401762511,40176251121,401762511499,13,10,UAB,American Athletic,10,South Florida,American Athletic,24,UAB,South Florida,3,"{'minutes': 10, 'seconds': 36}",3,3,93,7,1,7,0,False,Interception,"(10:41) No Huddle-Shotgun #7 J.Kitna pass intercepted by #22 D.Rucker at USF00, Touchback",-4.803245369672789,2025-11-22T22:11:25.000Z
401762511,40176251121,401762511457,13,1,South Florida,American Athletic,24,UAB,American Athletic,10,UAB,South Florida,3,"{'minutes': 14, 'seconds': 38}",3,3,65,65,1,10,0,False,Kickoff,"(14:38) #42 A.Zouagui kickoff 65 yards to the UAB00, Touchback",,2025-11-22T22:04:31.000Z
401762511,40176251122,401762511503,14,1,South Florida,American Athletic,24,UAB,American Athletic,10,UAB,South Florida,3,"{'minutes': 10, 'seconds': 28}",3,3,80,80,1,10,44,False,Pass Reception,"(10:36) No Huddle-Shotgun #17 B.Brown pass complete deep right to #11 K.Singleton caught at UAB38, for 44 yards to the UAB36, End Of Play, 1ST DOWN. The previous play is under automatic review - ""Pass completion"". CALL UPHELD",3.3752797005913067,2025-11-22T22:15:30.000Z
401762511,40176251122,401762511511,14,2,South Florida,American Athletic,24,UAB,American Athletic,10,UAB,South Florida,3,"{'minutes': 10, 'seconds': 9}",3,3,36,36,1,10,10,False,Penalty,"(10:09) No Huddle-Shotgun #17 B.Brown pass incomplete deep left to #16 J.Koger thrown to UAB15 PENALTY UAB Holding (#24 T.Watson) 10 yards from UAB36 to UAB26, 1ST DOWN. NO PLAY",,2025-11-22T22:19:16.000Z
401762511,40176251122,401762511515,14,3,South Florida,American Athletic,24,UAB,American Athletic,10,UAB,South Florida,3,"{'minutes': 9, 'seconds': 56}",3,3,26,26,1,10,2,False,Rush,(10:03) No Huddle-Shotgun #4 S.Franklin rush middle for 2 yards gain to the UAB24 (#5 E.Toussom; #99 E.Smalls),-0.2528871890516275,2025-11-22T22:19:46.000Z
401762511,40176251122,401762511521,14,4,South Florida,American Athletic,24,UAB,American Athletic,10,UAB,South Florida,3,"{'minutes': 9, 'seconds': 38}",3,3,24,24,2,8,5,False,Penalty,PENALTY USF False Start (#51 Z.Herring) 5 yards from UAB24 to UAB29. NO PLAY,,2025-11-22T22:20:11.000Z
401762511,40176251122,401762511524,14,5,South Florida,American Athletic,24,UAB,American Athletic,10,UAB,South Florida,3,"{'minutes': 9, 'seconds': 7}",3,3,29,29,2,13,8,False,Pass Reception,"(09:21) No Huddle-Shotgun #17 B.Brown pass complete short right to #11 K.Singleton caught at UAB21, for 8 yards to the UAB21 (#34 J.Allen)",0.4248774324617913,2025-11-22T22:20:47.000Z
401762511,40176251122,401762511529,14,6,South Florida,American Athletic,24,UAB,American Athletic,10,UAB,South Florida,3,"{'minutes': 8, 'seconds': 33}",3,3,21,21,3,5,-4,False,Sack,(08:42) No Huddle-Shotgun #17 B.Brown sacked for loss of 4 yards to the UAB25 (#5 E.Toussom),-1.3847507198274247,2025-11-22T22:21:27.000Z
401762511,40176251122,401762511533,14,7,South Florida,American Athletic,27,UAB,American Athletic,10,UAB,South Florida,3,"{'minutes': 7, 'seconds': 59}",3,3,25,25,4,9,43,True,Field Goal Good,"(08:02) #7 N.Gramatica field goal attempt from 43 yards GOOD (H: #37 C.Leon, LS: #95 G.Cates), clock 07:59",,2025-11-22T22:22:10.000Z
401762511,40176251124,401762511539,15,2,UAB,American Athletic,10,South Florida,American Athletic,27,UAB,South Florida,3,"{'minutes': 7, 'seconds': 49}",3,3,25,75,1,10,5,False,Rush,(07:59) #3 I.Jacobs rush left for 5 yards gain to the UAB30 (#63 J.Celiscar),0.0945451165334843,2025-11-22T22:26:09.000Z
401762511,40176251124,401762511543,15,3,UAB,American Athletic,10,South Florida,American Athletic,27,UAB,South Florida,3,"{'minutes': 7, 'seconds': 12}",3,3,30,70,2,5,4,False,Pass Reception,"(07:24) No Huddle-Shotgun #7 J.Kitna pass complete short right to #11 S.Beebe caught at UAB28, for 4 yards to the UAB34 (#7 J.Shuler)",-0.117578978482432,2025-11-22T22:26:40.000Z
401762511,40176251124,401762511548,15,4,UAB,American Athletic,10,South Florida,American Athletic,27,UAB,South Florida,3,"{'minutes': 6, 'seconds': 44}",3,3,34,66,3,1,12,False,Rush,"(06:49) #11 S.Beebe rush right for 12 yards gain to the UAB46 (#22 D.Rucker), out of bounds, 1ST DOWN",1.9158914439850612,2025-11-22T22:27:17.000Z
401762511,40176251124,401762511552,15,5,UAB,American Athletic,10,South Florida,American Athletic,27,UAB,South Florida,3,"{'minutes': 6, 'seconds': 3}",3,3,46,54,1,10,5,False,Pass Reception,"(06:22) No Huddle-Shotgun #7 J.Kitna pass complete short left to #0 I.Hooks caught at UAB50, for 5 yards to the USF49 (#0 J.Lee)",0.1068990350586356,2025-11-22T22:27:56.000Z
401762511,40176251124,401762511557,15,6,UAB,American Athletic,10,South Florida,American Athletic,27,UAB,South Florida,3,"{'minutes': 5, 'seconds': 41}",3,3,51,49,2,5,0,False,Pass Incompletion,(05:46) No Huddle-Shotgun #7 J.Kitna pass incomplete deep right to #0 I.Hooks thrown to USF27,-1.192809583864598,2025-11-22T22:29:01.000Z
401762511,40176251124,401762511560,15,7,UAB,American Athletic,10,South Florida,American Athletic,27,UAB,South Florida,3,"{'minutes': 5, 'seconds': 34}",3,3,51,49,3,5,-1,False,Rush,(05:41) No Huddle-Shotgun #4 J.Jackson rush middle for 1 yard loss to the USF50 (#99 D.Lee),-1.122898473773489,2025-11-22T22:29:48.000Z
401762511,40176251124,401762511564,15,8,UAB,American Athletic,10,South Florida,American Athletic,27,UAB,South Florida,3,"{'minutes': 4, 'seconds': 55}",3,3,50,50,4,6,-5,False,Sack,"(04:59) No Huddle-Shotgun #7 J.Kitna sacked for loss of 5 yards to the UAB45 (#10 I.Singleton), TURNOVER ON DOWNS",-0.6062934397353406,2025-11-22T22:30:27.000Z
401762511,40176251124,401762511536,15,1,South Florida,American Athletic,27,UAB,American Athletic,10,UAB,South Florida,3,"{'minutes': 7, 'seconds': 59}",3,3,65,65,1,10,0,False,Kickoff,"(07:59) #42 A.Zouagui kickoff 65 yards to the UAB00, Touchback",,2025-11-22T22:22:13.000Z
401762511,40176251125,401762511569,16,1,South Florida,American Athletic,27,UAB,American Athletic,10,UAB,South Florida,3,"{'minutes': 4, 'seconds': 48}",3,3,45,45,1,10,6,False,Rush,(04:52) No Huddle-Shotgun #25 N.Davenport rush middle for 6 yards gain to the UAB39 (#9 D.Warren),0.3037840163725374,2025-11-22T22:34:39.000Z
401762511,40176251125,401762511573,16,2,South Florida,American Athletic,27,UAB,American Athletic,10,UAB,South Florida,3,"{'minutes': 4, 'seconds': 28}",3,3,39,39,2,4,0,False,Pass Incompletion,(04:29) No Huddle-Shotgun #17 B.Brown pass incomplete short right to #19 J.Smith thrown to UAB35 QB hurried by #90 Z.Johnson,-0.9980153624383518,2025-11-22T22:35:06.000Z
401762511,40176251125,401762511576,16,3,South Florida,American Athletic,27,UAB,American Athletic,10,UAB,South Florida,3,"{'minutes': 4, 'seconds': 15}",3,3,39,39,3,4,23,False,Rush,"(04:19) No Huddle-Shotgun #25 N.Davenport rush right for 23 yards gain to the UAB16 (#14 J.Vessel), 1ST DOWN",1.602022709840508,2025-11-22T22:35:29.000Z
401762511,40176251125,401762511580,16,4,South Florida,American Athletic,27,UAB,American Athletic,10,UAB,South Florida,3,"{'minutes': 4, 'seconds': 6}",3,3,16,16,1,10,14,False,Penalty,"(04:06) No Huddle-Shotgun #17 B.Brown pass incomplete short right to #11 K.Singleton thrown to UAB00, 1ST DOWN, PENALTY UAB Pass Interference (#23 D.Lee) 14 yards from UAB16 to UAB02, 1ST DOWN. NO PLAY",,2025-11-22T22:35:54.000Z
401762511,40176251125,401762511584,16,5,South Florida,American Athletic,34,UAB,American Athletic,10,UAB,South Florida,3,"{'minutes': 4, 'seconds': 4}",3,3,2,2,1,2,2,True,Rushing Touchdown,"(04:06) #25 N.Davenport rush middle for 2 yards gain to the UAB00 TOUCHDOWN, clock 04:04 #7 N.Gramatica kick attempt good (H: #37 C.Leon, LS: #95 G.Cates)",1.213235297672098,2025-11-22T22:36:37.000Z
401762511,40176251127,401762511594,17,2,UAB,American Athletic,10,South Florida,American Athletic,34,UAB,South Florida,3,"{'minutes': 3, 'seconds': 57}",3,3,25,75,1,10,0,False,Pass Incompletion,(04:04) No Huddle-Shotgun #7 J.Kitna pass incomplete deep left to #0 I.Hooks thrown to UAB45 QB hurried by #11 D.Harris,-0.7029700220436519,2025-11-22T22:39:11.000Z
401762511,40176251127,401762511597,17,3,UAB,American Athletic,10,South Florida,American Athletic,34,UAB,South Florida,3,"{'minutes': 3, 'seconds': 50}",3,3,25,75,2,10,-1,False,Rush,(03:54) No Huddle-Shotgun #11 S.Beebe rush middle for 1 yard loss to the UAB24 (#34 R.Watson III; #99 D.Lee),-0.3927938356308358,2025-11-22T22:39:55.000Z
401762511,40176251127,401762511603,17,4,UAB,American Athletic,10,South Florida,American Athletic,34,UAB,South Florida,3,"{'minutes': 3, 'seconds': 19}",3,3,24,76,3,11,0,False,Pass Incompletion,(03:23) No Huddle-Shotgun #15 R.Burton pass incomplete short right to #6 B.Hawkins Jr. thrown to UAB23,-0.13329329160465786,2025-11-22T22:40:31.000Z
401762511,40176251127,401762511606,17,5,UAB,American Athletic,10,South Florida,American Athletic,34,UAB,South Florida,3,"{'minutes': 3, 'seconds': 10}",3,3,24,76,4,11,0,False,Punt,(03:18) #27 P.Foley punt 46 yards to the USF30 fair catch by #80 J.Porter at USF30 PENALTY UAB Kick Catch Interference (#3 J.Ferguson) 15 yards from USF30 to USF45,,
401762511,40176251127,401762511591,17,1,South Florida,American Athletic,34,UAB,American Athletic,10,UAB,South Florida,3,"{'minutes': 4, 'seconds': 4}",3,3,65,65,1,10,0,False,Kickoff,"(04:04) #42 A.Zouagui kickoff 65 yards to the UAB00, Touchback",,2025-11-22T22:37:20.000Z
401762511,40176251128,401762511612,18,1,South Florida,American Athletic,34,UAB,American Athletic,10,UAB,South Florida,3,"{'minutes': 2, 'seconds': 56}",3,3,55,55,1,10,17,False,Pass Reception,"(03:06) No Huddle-Shotgun #17 B.Brown pass complete short right to #11 K.Singleton caught at UAB40, for 17 yards to the UAB38 (#18 D.Gulley), 1ST DOWN",1.182020588731177,2025-11-22T22:42:28.000Z
401762511,40176251128,401762511617,18,2,South Florida,American Athletic,34,UAB,American Athletic,10,UAB,South Florida,3,"{'minutes': 2, 'seconds': 46}",3,3,38,38,1,10,13,False,Fumble Recovery (Opponent),"(02:49) No Huddle-Shotgun #17 B.Brown pass complete short right to #6 M.Reuben caught at UAB38, for 13 yards to the UAB25 fumbled by #6 M.Reuben at UAB27 forced by #14 J.Vessel recovered by UAB #20 A.Brown at UAB25, End Of Play",-3.905407351414812,2025-11-22T22:42:58.000Z
401762511,40176251129,401762511625,19,1,UAB,American Athletic,10,South Florida,American Athletic,34,UAB,South Florida,3,"{'minutes': 2, 'seconds': 39}",3,3,25,75,1,10,0,False,Pass Incompletion,(02:44) No Huddle-Shotgun #15 R.Burton pass incomplete short right to #4 J.Jackson thrown to UAB39 broken up by #24 M.Harris PENALTY UAB Ineligible Downfield on Pass declined,-0.7029700220436519,2025-11-22T22:43:42.000Z
401762511,40176251129,401762511631,19,2,UAB,American Athletic,10,South Florida,American Athletic,34,UAB,South Florida,3,"{'minutes': 2, 'seconds': 30}",3,3,25,75,2,10,13,False,Pass Reception,"(02:38) No Huddle-Shotgun #7 J.Kitna pass complete short right to #85 A.Ferguson caught at UAB20, for 13 yards to the UAB38 (#11 D.Harris), out of bounds, 1ST DOWN",1.8277215010854828,2025-11-22T22:44:43.000Z
401762511,40176251129,401762511636,19,3,UAB,American Athletic,10,South Florida,American Athletic,34,UAB,South Florida,3,"{'minutes': 1, 'seconds': 54}",3,3,38,62,1,10,13,False,Pass Reception,"(02:13) No Huddle-Shotgun #7 J.Kitna pass complete short middle to #6 B.Hawkins Jr. caught at UAB43, for 13 yards to the USF49 (#22 D.Rucker), 1ST DOWN",1.1906730890422423,2025-11-22T22:45:19.000Z
401762511,40176251129,401762511641,19,4,UAB,American Athletic,10,South Florida,American Athletic,34,UAB,South Florida,3,"{'minutes': 1, 'seconds': 23}",3,3,51,49,1,10,15,False,Penalty,"(01:23) No Huddle-Shotgun #7 J.Kitna pass incomplete deep left to #12 J.Elder thrown to USF15 PENALTY USF Pass Interference (#1 B.Knox) 15 yards from USF49 to USF34, 1ST DOWN. NO PLAY",,2025-11-22T22:46:19.000Z
401762511,40176251129,401762511645,19,5,UAB,American Athletic,10,South Florida,American Athletic,34,UAB,South Florida,3,"{'minutes': 0, 'seconds': 55}",3,3,66,34,1,10,15,False,Pass Reception,"(01:16) Shotgun #7 J.Kitna pass complete short right to #0 I.Hooks caught at USF19, for 15 yards to the USF19, End Of Play, 1ST DOWN",0.332278532276147,2025-11-22T22:47:11.000Z
401762511,40176251129,401762511650,19,6,UAB,American Athletic,10,South Florida,American Athletic,34,UAB,South Florida,3,"{'minutes': 0, 'seconds': 23}",3,3,81,19,1,10,7,False,Rush,(00:23) Shotgun #11 S.Beebe rush left for 7 yards gain to the USF12 (#1 B.Knox),0.310818362814722,2025-11-22T22:47:56.000Z
401762511,40176251129,401762511656,19,7,UAB,American Athletic,10,South Florida,American Athletic,34,UAB,South Florida,3,"{'minutes': 0, 'seconds': 0}",3,3,81,19,1,10,7,False,End Period,End of 3rd quarter.,0.310818362814722,2025-11-22T22:48:26.000Z
401762511,40176251129,401762511660,19,8,UAB,American Athletic,10,South Florida,American Athletic,34,UAB,South Florida,4,"{'minutes': 14, 'seconds': 52}",3,3,88,12,2,3,9,False,Rush,"(14:56) No Huddle-Shotgun #11 S.Beebe rush middle for 9 yards gain to the USF03 (#22 D.Rucker), 1ST DOWN",0.829177533091464,2025-11-22T22:52:22.000Z
401762511,40176251129,401762511666,19,9,UAB,American Athletic,10,South Florida,American Athletic,34,UAB,South Florida,4,"{'minutes': 14, 'seconds': 34}",3,3,97,3,1,3,0,False,Rush,(14:37) No Huddle-Shotgun #11 S.Beebe rush middle for 0 yards to the USF03 (#21 J.Stokes),-0.746972881228756,2025-11-22T22:52:40.000Z
401762511,40176251129,401762511670,19,10,UAB,American Athletic,18,South Florida,American Athletic,34,UAB,South Florida,4,"{'minutes': 14, 'seconds': 4}",3,3,97,3,2,3,3,True,Rushing Touchdown,"(14:08) No Huddle-Shotgun #11 S.Beebe rush middle for 3 yards gain to the USF00 TOUCHDOWN, clock 14:04 #15 R.Burton rush attempt Successful",2.211424613960093,2025-11-22T22:53:13.000Z
401762511,40176251131,401762511681,20,2,South Florida,American Athletic,34,UAB,American Athletic,18,UAB,South Florida,4,"{'minutes': 13, 'seconds': 32}",3,3,75,75,1,10,-3,False,Fumble Recovery (Own),"(14:02) No Huddle-Shotgun #17 B.Brown rush middle for 3 yards loss to the USF22 fumbled by #17 B.Brown at USF20 recovered by USF #17 B.Brown at USF22, End Of Play",-0.9562833890771465,2025-11-22T22:58:57.000Z
401762511,40176251131,401762511687,20,3,South Florida,American Athletic,34,UAB,American Athletic,18,UAB,South Florida,4,"{'minutes': 13, 'seconds': 18}",3,3,78,78,2,13,5,False,Rush,(13:23) No Huddle-Shotgun #17 B.Brown rush right for 5 yards gain to the USF27 (#99 E.Smalls; #1 S.Bryant),0.024872193618479702,2025-11-22T22:59:21.000Z
401762511,40176251131,401762511691,20,4,South Florida,American Athletic,34,UAB,American Athletic,18,UAB,South Florida,4,"{'minutes': 12, 'seconds': 45}",3,3,73,73,3,8,11,False,Pass Reception,"(12:57) No Huddle-Shotgun #17 B.Brown pass complete short middle to #19 J.Smith caught at USF31, for 11 yards to the USF38 (#17 R.Williams), 1ST DOWN",2.0561626745004977,2025-11-22T22:59:50.000Z
401762511,40176251131,401762511696,20,5,South Florida,American Athletic,34,UAB,American Athletic,18,UAB,South Florida,4,"{'minutes': 12, 'seconds': 28}",3,3,62,62,1,10,3,False,Rush,(12:31) No Huddle-Shotgun #15 A.Isaac rush middle for 3 yards gain to the USF41 (#0 D.Hightower),-0.4251117664036599,2025-11-22T23:00:13.000Z
401762511,40176251131,401762511700,20,6,South Florida,American Athletic,41,UAB,American Athletic,18,UAB,South Florida,4,"{'minutes': 12, 'seconds': 9}",3,3,59,59,2,7,59,True,Passing Touchdown,"(12:18) No Huddle-Shotgun #17 B.Brown pass complete deep right to #6 M.Reuben caught at UAB29, for 59 yards to the UAB00 TOUCHDOWN, clock 12:09, 1ST DOWN #7 N.Gramatica kick attempt good (H: #37 C.Leon, LS: #95 G.Cates)",5.3781154070831505,2025-11-22T23:00:27.000Z
401762511,40176251131,401762511678,20,1,UAB,American Athletic,18,South Florida,American Athletic,34,UAB,South Florida,4,"{'minutes': 14, 'seconds': 4}",3,3,35,65,1,10,0,False,Kickoff,(14:04) #35 O.Simpson kickoff 43 yards to the USF22 fair catch by #19 J.Smith at USF22,,2025-11-22T22:54:36.000Z
401762511,40176251133,401762511711,21,2,UAB,American Athletic,18,South Florida,American Athletic,41,UAB,South Florida,4,"{'minutes': 12, 'seconds': 1}",3,3,25,75,1,10,5,False,Rush,(12:05) Shotgun #4 J.Jackson rush right for 5 yards gain to the UAB30 (#6 R.Hill; #8 T.Mitchell),0.0945451165334843,2025-11-22T23:05:29.000Z
401762511,40176251133,401762511715,21,3,UAB,American Athletic,18,South Florida,American Athletic,41,UAB,South Florida,4,"{'minutes': 11, 'seconds': 28}",3,3,30,70,2,5,18,False,Pass Reception,"(11:42) No Huddle-Shotgun #7 J.Kitna pass complete short left to #0 I.Hooks caught at UAB48, for 18 yards to the UAB48, out of bounds at UAB48, 1ST DOWN",1.9751557144774061,2025-11-22T23:05:53.000Z
401762511,40176251133,401762511720,21,4,UAB,American Athletic,18,South Florida,American Athletic,41,UAB,South Florida,4,"{'minutes': 11, 'seconds': 7}",3,3,48,52,1,10,0,False,Rush,(11:13) No Huddle-Shotgun #4 J.Jackson rush middle for 0 yards to the UAB48 (#7 J.Shuler),-1.1430602484821704,2025-11-22T23:06:23.000Z
401762511,40176251133,401762511724,21,5,UAB,American Athletic,18,South Florida,American Athletic,41,UAB,South Florida,4,"{'minutes': 10, 'seconds': 33}",3,3,48,52,2,10,8,False,Rush,"(10:41) No Huddle-Shotgun #7 J.Kitna rush left for 8 yards gain to the USF44 (#22 D.Rucker), out of bounds",0.8357816210463973,2025-11-22T23:06:59.000Z
401762511,40176251133,401762511728,21,6,UAB,American Athletic,18,South Florida,American Athletic,41,UAB,South Florida,4,"{'minutes': 10, 'seconds': 6}",3,3,56,44,3,2,3,False,Rush,"(10:12) #4 J.Jackson rush middle for 3 yards gain to the USF41 (#99 D.Lee), 1ST DOWN",1.0748132902496845,2025-11-22T23:08:15.000Z
401762511,40176251133,401762511732,21,7,UAB,American Athletic,18,South Florida,American Athletic,41,UAB,South Florida,4,"{'minutes': 9, 'seconds': 17}",3,3,59,41,1,10,2,False,Pass Reception,"(09:28) #7 J.Kitna pass complete short right to #4 J.Jackson caught at USF43, for 2 yards to the USF39 (#3 J.Duclona)",-0.4734810315767391,2025-11-22T23:09:02.000Z
401762511,40176251133,401762511737,21,8,UAB,American Athletic,18,South Florida,American Athletic,41,UAB,South Florida,4,"{'minutes': 8, 'seconds': 46}",3,3,61,39,2,8,0,False,Pass Incompletion,(08:56) No Huddle-Shotgun #7 J.Kitna pass incomplete short left to #3 I.Jacobs thrown to USF35,-0.9957414928914172,2025-11-22T23:09:34.000Z
401762511,40176251133,401762511740,21,9,UAB,American Athletic,18,South Florida,American Athletic,41,UAB,South Florida,4,"{'minutes': 8, 'seconds': 33}",3,3,61,39,3,8,14,False,Pass Reception,"(08:46) No Huddle-Shotgun #7 J.Kitna pass complete short middle to #0 I.Hooks caught at USF27, for 14 yards to the USF25 (#0 J.Lee), 1ST DOWN",2.009657788098618,2025-11-22T23:10:22.000Z
401762511,40176251133,401762511745,21,10,UAB,American Athletic,18,South Florida,American Athletic,41,UAB,South Florida,4,"{'minutes': 7, 'seconds': 55}",3,3,75,25,1,10,16,False,Pass Reception,"(08:07) No Huddle-Shotgun #7 J.Kitna pass complete short right to #0 I.Hooks caught at USF10, for 16 yards to the USF09, out of bounds at USF09, 1ST DOWN",0.2758465386195895,2025-11-22T23:11:00.000Z
401762511,40176251133,401762511750,21,11,UAB,American Athletic,18,South Florida,American Athletic,41,UAB,South Florida,4,"{'minutes': 7, 'seconds': 29}",3,3,91,9,1,9,0,False,Pass Incompletion,(07:31) No Huddle-Shotgun #7 J.Kitna pass incomplete short right to #3 I.Jacobs thrown to USF09 broken up by #21 J.Stokes QB hurried by #34 R.Watson III,-0.315798379566314,2025-11-22T23:11:36.000Z
401762511,40176251133,401762511753,21,12,UAB,American Athletic,18,South Florida,American Athletic,41,UAB,South Florida,4,"{'minutes': 7, 'seconds': 18}",3,3,91,9,2,9,6,False,Rush,(07:27) No Huddle-Shotgun #4 J.Jackson rush middle for 6 yards gain to the USF03 (#21 J.Stokes),0.115473803433791,2025-11-22T23:12:08.000Z
401762511,40176251133,401762511757,21,13,UAB,American Athletic,18,South Florida,American Athletic,41,UAB,South Florida,4,"{'minutes': 6, 'seconds': 35}",3,3,97,3,3,3,1,False,Rush,(06:44) Shotgun #15 R.Burton rush middle for 1 yard gain to the USF02 (#6 R.Hill),-0.226790301475411,2025-11-22T23:12:52.000Z
401762511,40176251133,401762511761,21,15,UAB,American Athletic,18,South Florida,American Athletic,41,UAB,South Florida,4,"{'minutes': 5, 'seconds': 58}",3,2,98,2,4,2,1,False,Pass Reception,"(06:01) Shotgun #7 J.Kitna pass complete short right to #17 E.Lagg caught at USF01, for 1 yard to the USF01 (#21 J.Stokes), TURNOVER ON DOWNS",-4.148647298745598,2025-11-22T23:17:08.000Z
401762511,40176251133,401762511708,21,1,South Florida,American Athletic,41,UAB,American Athletic,18,UAB,South Florida,4,"{'minutes': 12, 'seconds': 9}",3,3,65,65,1,10,0,False,Kickoff,"(12:09) #42 A.Zouagui kickoff 65 yards to the UAB00, Touchback",,2025-11-22T23:01:20.000Z
401762511,40176251133,401762511763,21,14,South Florida,American Athletic,41,UAB,American Athletic,18,UAB,South Florida,4,"{'minutes': 6, 'seconds': 3}",2,3,97,97,3,3,0,False,Timeout,"Timeout South Florida, clock 06:03",,2025-11-22T23:13:42.000Z
401762511,40176251134,401762511768,22,1,South Florida,American Athletic,41,UAB,American Athletic,18,UAB,South Florida,4,"{'minutes': 5, 'seconds': 50}",2,3,99,99,1,10,7,False,Rush,(05:57) #25 N.Davenport rush left for 7 yards gain to the USF08 (#9 D.Warren; #5 E.Toussom),0.29382171005634117,2025-11-22T23:17:57.000Z
401762511,40176251134,401762511772,22,2,South Florida,American Athletic,41,UAB,American Athletic,18,UAB,South Florida,4,"{'minutes': 5, 'seconds': 6}",2,3,92,92,2,3,0,False,Rush,(05:13) #25 N.Davenport rush left for 0 yards to the USF08 (#20 A.Brown),-0.4106866065039254,2025-11-22T23:18:40.000Z
401762511,40176251134,401762511776,22,3,South Florida,American Athletic,41,UAB,American Athletic,18,UAB,South Florida,4,"{'minutes': 4, 'seconds': 22}",2,3,92,92,3,3,8,False,Pass Reception,"(04:34) Shotgun #17 B.Brown pass complete short middle to #1 J.Echols caught at USF14, for 8 yards to the USF16 (#0 D.Hightower; #20 A.Brown), 1ST DOWN",0.5291754211133188,2025-11-22T23:19:21.000Z
401762511,40176251134,401762511781,22,4,South Florida,American Athletic,41,UAB,American Athletic,18,UAB,South Florida,4,"{'minutes': 4, 'seconds': 10}",2,3,84,84,1,10,15,False,Penalty,"(04:10) Shotgun #17 B.Brown pass incomplete deep right to #11 K.Singleton thrown to USF45 PENALTY UAB Pass Interference (#18 D.Gulley) 15 yards from USF16 to USF31, 1ST DOWN. NO PLAY",,2025-11-22T23:20:06.000Z
401762511,40176251134,401762511786,22,5,South Florida,American Athletic,41,UAB,American Athletic,18,UAB,South Florida,4,"{'minutes': 3, 'seconds': 58}",2,3,69,69,1,10,5,False,Penalty,PENALTY USF False Start (#11 K.Singleton) 5 yards from USF31 to USF26. NO PLAY,,2025-11-22T23:20:36.000Z
401762511,40176251134,401762511791,22,6,South Florida,American Athletic,41,UAB,American Athletic,18,UAB,South Florida,4,"{'minutes': 3, 'seconds': 57}",2,3,74,74,1,15,5,False,Penalty,PENALTY USF False Start (#56 C.Skinner) 5 yards from USF26 to USF21. NO PLAY,,2025-11-22T23:21:17.000Z
401762511,40176251134,401762511794,22,7,South Florida,American Athletic,41,UAB,American Athletic,18,UAB,South Florida,4,"{'minutes': 3, 'seconds': 47}",2,3,79,79,1,20,10,False,Pass Reception,"(03:57) Shotgun #17 B.Brown pass complete short right to #6 M.Reuben caught at USF23, for 10 yards to the USF31 (#20 A.Brown)",0.5280843883375042,2025-11-22T23:21:48.000Z
401762511,40176251134,401762511799,22,8,South Florida,American Athletic,41,UAB,American Athletic,18,UAB,South Florida,4,"{'minutes': 3, 'seconds': 28}",2,3,69,69,2,10,8,False,Rush,(03:35) Shotgun #25 N.Davenport rush left for 8 yards gain to the USF39 (#5 E.Toussom; #20 A.Brown),0.6137287259109421,2025-11-22T23:22:10.000Z
401762511,40176251134,401762511803,22,10,South Florida,American Athletic,41,UAB,American Athletic,18,UAB,South Florida,4,"{'minutes': 2, 'seconds': 50}",1,3,61,61,3,2,32,False,Rush,"(02:55) Shotgun #17 B.Brown rush left for 32 yards gain to the UAB29 (#29 T.McDaniel), out of bounds, 1ST DOWN",3.100042561052717,2025-11-22T23:24:46.000Z
401762511,40176251134,401762511808,22,11,South Florida,American Athletic,41,UAB,American Athletic,18,UAB,South Florida,4,"{'minutes': 2, 'seconds': 30}",1,3,29,29,1,10,7,False,Rush,(02:36) Shotgun #25 N.Davenport rush middle for 7 yards gain to the UAB22 (#14 J.Vessel),0.34844572143239,2025-11-22T23:25:07.000Z
401762511,40176251134,401762511812,22,12,South Florida,American Athletic,41,UAB,American Athletic,18,UAB,South Florida,4,"{'minutes': 2, 'seconds': 15}",1,3,22,22,2,3,11,False,Rush,"(02:20) Shotgun #25 N.Davenport rush left for 11 yards gain to the UAB11 (#0 D.Hightower), 1ST DOWN",-0.081883950202203,2025-11-22T23:25:24.000Z
401762511,40176251134,401762511816,22,13,South Florida,American Athletic,41,UAB,American Athletic,18,UAB,South Florida,4,"{'minutes': 1, 'seconds': 53}",1,3,11,11,1,10,9,False,Pass Reception,"(01:54) Shotgun #17 B.Brown pass complete short left to #16 J.Koger caught at UAB13, for 9 yards to the UAB02 lateral to #62 D.Bowman for 13 yards gain to the UAB02 (#0 D.Hightower)",0.613120222765927,2025-11-22T23:29:15.000Z
401762511,40176251134,401762511822,22,14,South Florida,American Athletic,41,UAB,American Athletic,18,UAB,South Florida,4,"{'minutes': 1, 'seconds': 48}",1,3,2,2,2,1,0,False,Pass Incompletion,(01:49) Shotgun #17 B.Brown pass incomplete short middle to #1 J.Echols thrown to UAB05 broken up by #14 J.Vessel,-0.554229101623045,2025-11-22T23:29:59.000Z
401762511,40176251134,401762511825,22,15,South Florida,American Athletic,48,UAB,American Athletic,18,UAB,South Florida,4,"{'minutes': 1, 'seconds': 42}",1,3,2,2,3,1,2,True,Rushing Touchdown,"(01:42) No Huddle-Shotgun #17 B.Brown rush middle for 2 yards gain to the UAB00 TOUCHDOWN, clock 01:42, 1ST DOWN #7 N.Gramatica kick attempt good (H: #37 C.Leon, LS: #95 G.Cates)",2.462848292225043,2025-11-22T23:31:08.000Z
401762511,40176251134,401762511805,22,9,South Florida,American Athletic,41,UAB,American Athletic,18,UAB,South Florida,4,"{'minutes': 2, 'seconds': 58}",1,3,69,69,2,10,0,False,Timeout,"Timeout South Florida, clock 02:58",,2025-11-22T23:23:44.000Z
401762511,40176251136,401762511840,23,2,UAB,American Athletic,18,South Florida,American Athletic,48,UAB,South Florida,4,"{'minutes': 1, 'seconds': 8}",3,1,28,72,2,7,4,False,Rush,(01:15) No Huddle-Shotgun #30 A.Brundidge rush middle for 4 yards gain to the UAB32 (#41 J.Smith; #25 Z.Hamilton),-0.0933867271711355,2025-11-22T23:33:24.000Z
401762511,40176251136,401762511844,23,3,UAB,American Athletic,18,South Florida,American Athletic,48,UAB,South Florida,4,"{'minutes': 0, 'seconds': 34}",3,1,32,68,3,3,2,False,Rush,(00:43) No Huddle-Shotgun #16 N.Rogers rush left for 2 yards gain to the UAB34 (#41 J.Smith),-0.3345261769981986,2025-11-22T23:34:00.000Z
401762511,40176251136,401762511848,23,4,UAB,American Athletic,18,South Florida,American Athletic,48,UAB,South Florida,4,"{'minutes': 0, 'seconds': 16}",3,1,34,66,4,1,7,False,Rush,"(00:16) No Huddle-Shotgun #30 A.Brundidge rush middle for 7 yards gain to the UAB41 (#26 J.Dalias), 1ST DOWN",2.142423088036244,2025-11-22T23:34:30.000Z
401762511,40176251136,401762511852,23,5,UAB,American Athletic,18,South Florida,American Athletic,48,UAB,South Florida,4,"{'minutes': 0, 'seconds': 16}",3,1,41,59,1,10,0,False,Pass Incompletion,(00:00) No Huddle-Shotgun #16 N.Rogers pass incomplete deep left to #84 L.White thrown to USF30 QB hurried by #10 I.Singleton,-1.1387859939569847,2025-11-22T23:34:53.000Z
401762511,40176251136,401762511857,23,6,UAB,American Athletic,18,South Florida,American Athletic,48,UAB,South Florida,4,"{'minutes': 0, 'seconds': 0}",3,1,41,59,1,10,0,False,End Period,End of 4th quarter.,-1.1387859939569847,2025-11-22T23:35:27.000Z
401762511,40176251136,401762511832,23,1,South Florida,American Athletic,48,UAB,American Athletic,18,UAB,South Florida,4,"{'minutes': 1, 'seconds': 42}",1,3,65,65,1,10,0,False,Kickoff,"(01:42) #42 A.Zouagui kickoff 65 yards to the UAB00, Touchback",,2025-11-22T23:31:26.000Z
401762511,4017625112,40176251118,1,3,UAB,American Athletic,0,South Florida,American Athletic,0,UAB,South Florida,1,"{'minutes': 14, 'seconds': 16}",3,3,25,75,2,8,5,False,Pass Reception,"(14:25) No Huddle-Shotgun #7 J.Kitna pass complete short right to #0 I.Hooks caught at UAB30, for 5 yards to the UAB30 (#3 J.Duclona)",0.06029595538311483,2025-11-22T20:04:19.000Z
401762511,4017625112,40176251123,1,4,UAB,American Athletic,0,South Florida,American Athletic,0,UAB,South Florida,1,"{'minutes': 13, 'seconds': 51}",3,3,30,70,3,3,5,False,Penalty,"PENALTY USF Offside (#34 R.Watson III) 5 yards from UAB30 to UAB35, 1ST DOWN. NO PLAY",,2025-11-22T20:04:53.000Z
401762511,4017625112,40176251126,1,5,UAB,American Athletic,0,South Florida,American Athletic,0,UAB,South Florida,1,"{'minutes': 13, 'seconds': 34}",3,3,35,65,1,10,15,False,Penalty,"(13:34) No Huddle #7 J.Kitna pass incomplete short left to #0 I.Hooks thrown to USF49 PENALTY USF Personal Foul (#4 M.Williams II) 15 yards from UAB35 to UAB50, 1ST DOWN. NO PLAY",,2025-11-22T20:05:55.000Z
401762511,4017625112,40176251132,1,6,UAB,American Athletic,0,South Florida,American Athletic,0,UAB,South Florida,1,"{'minutes': 13, 'seconds': 22}",3,3,50,50,1,10,-4,False,Sack,(13:29) No Huddle-Shotgun #7 J.Kitna sacked for loss of 4 yards to the UAB46 (#15 D.Flowers),-1.9960663408765047,2025-11-22T20:06:34.000Z
401762511,4017625112,40176251136,1,7,UAB,American Athletic,0,South Florida,American Athletic,0,UAB,South Florida,1,"{'minutes': 12, 'seconds': 42}",3,3,46,54,2,14,21,False,Pass Interception Return,"(12:50) No Huddle-Shotgun #7 J.Kitna pass intercepted by #5 F.Gaskin at USF43 #5 F.Gaskin return 21 yards to the UAB36 (#4 J.Jackson), out of bounds",-1.1625217270021224,2025-11-22T20:07:27.000Z
401762511,4017625112,4017625113,1,1,South Florida,American Athletic,0,UAB,American Athletic,0,UAB,South Florida,1,"{'minutes': 14, 'seconds': 55}",3,3,65,65,1,10,23,False,Kickoff,(15:00) #42 A.Zouagui kickoff 65 yards to the UAB00 #11 S.Beebe return 23 yards to the UAB23 (#25 Z.Hamilton; #41 J.Smith),,2025-11-22T20:03:05.000Z
401762511,4017625112,40176251114,1,2,UAB,American Athletic,0,South Florida,American Athletic,0,UAB,South Florida,1,"{'minutes': 14, 'seconds': 48}",3,3,23,77,1,10,2,False,Rush,(14:55) Shotgun #4 J.Jackson rush left for 2 yards gain to the UAB25 (#21 J.Stokes),-0.41522254917671025,2025-11-22T20:03:46.000Z
401762511,4017625113,40176251142,2,1,South Florida,American Athletic,0,UAB,American Athletic,0,UAB,South Florida,1,"{'minutes': 12, 'seconds': 32}",3,3,36,36,1,10,3,False,Rush,(12:40) Shotgun #25 N.Davenport rush middle for 3 yards gain to the UAB33 (#99 E.Smalls),-0.226207639518348,2025-11-22T20:08:16.000Z
401762511,4017625113,40176251146,2,2,South Florida,American Athletic,0,UAB,American Athletic,0,UAB,South Florida,1,"{'minutes': 12, 'seconds': 10}",3,3,33,33,2,7,32,False,Pass Reception,"(12:20) No Huddle-Shotgun #17 B.Brown pass complete deep right to #6 M.Reuben caught at UAB03, for 32 yards to the UAB01 (#20 A.Brown), 1ST DOWN",2.298964459411701,2025-11-22T20:08:33.000Z
401762511,4017625113,40176251151,2,3,South Florida,American Athletic,7,UAB,American Athletic,0,UAB,South Florida,1,"{'minutes': 11, 'seconds': 47}",3,3,1,1,1,1,1,True,Rushing Touchdown,"(11:47) No Huddle #17 B.Brown rush middle for 1 yard gain to the UAB00 TOUCHDOWN, clock 11:47 #7 N.Gramatica kick attempt good (H: #37 C.Leon, LS: #95 G.Cates)",0.938021275120443,2025-11-22T20:09:06.000Z
401762517,4017625172,4017625173,1,1,UAB,American Athletic,0,Tulsa,American Athletic,0,Tulsa,UAB,1,"{'minutes': 15, 'seconds': 0}",3,3,65,65,1,10,0,False,Kickoff,"(15:00) #35 O.Simpson kickoff 65 yards to the Tulsa00, Touchback",,2025-11-29T19:59:11.000Z
401762517,4017625172,40176251743,1,9,Tulsa,American Athletic,0,UAB,American Athletic,0,Tulsa,UAB,1,"{'minutes': 11, 'seconds': 25}",2,3,75,25,3,2,0,False,Timeout,"Timeout Tulsa, clock 11:25",,2025-11-29T20:06:14.000Z
401762517,4017625172,40176251712,1,2,Tulsa,American Athletic,0,UAB,American Athletic,0,Tulsa,UAB,1,"{'minutes': 14, 'seconds': 55}",3,3,25,75,1,10,1,False,Rush,(15:00) Shotgun #2 A.Allen rush right for 1 yard gain to the Tulsa26 (#15 J.Rogers),-0.5874795431016855,2025-11-29T20:02:20.000Z
401762517,4017625172,40176251716,1,3,Tulsa,American Athletic,0,UAB,American Athletic,0,Tulsa,UAB,1,"{'minutes': 14, 'seconds': 22}",3,3,26,74,2,9,16,False,Rush,"(14:32) Shotgun #10 B.Hayes rush left for 16 yards gain to the Tulsa42 (#29 T.McDaniel), out of bounds, 1ST DOWN",2.1035314507836915,2025-11-29T20:02:53.000Z
401762517,4017625172,40176251720,1,4,Tulsa,American Athletic,0,UAB,American Athletic,0,Tulsa,UAB,1,"{'minutes': 13, 'seconds': 53}",3,3,42,58,1,10,7,False,Rush,(13:57) Shotgun #2 A.Allen rush right for 7 yards gain to the Tulsa49 (#14 J.Vessel),0.6896384238174758,2025-11-29T20:03:25.000Z
401762517,4017625172,40176251724,1,5,Tulsa,American Athletic,0,UAB,American Athletic,0,Tulsa,UAB,1,"{'minutes': 13, 'seconds': 20}",3,3,49,51,2,3,18,False,Pass Reception,"(13:27) Shotgun #10 B.Hayes pass complete short left to #7 Z.Steptoe caught at UAB40, for 18 yards to the UAB33 (#29 T.McDaniel; #24 T.Watson), out of bounds, 1ST DOWN",0.9689900147198517,2025-11-29T20:03:59.000Z
401762517,4017625172,40176251729,1,6,Tulsa,American Athletic,0,UAB,American Athletic,0,Tulsa,UAB,1,"{'minutes': 12, 'seconds': 48}",3,3,67,33,1,10,4,False,Rush,(12:53) Shotgun #2 A.Allen rush middle for 4 yards gain to the UAB29 (#0 D.Hightower; #5 E.Toussom),-0.059449490714332,2025-11-29T20:04:32.000Z
401762517,4017625172,40176251733,1,7,Tulsa,American Athletic,0,UAB,American Athletic,0,Tulsa,UAB,1,"{'minutes': 12, 'seconds': 26}",3,3,71,29,2,6,4,False,Rush,"(12:31) No Huddle-Shotgun #10 B.Hayes rush left for 4 yards gain to the UAB25, End Of Play",-0.066037963198646,2025-11-29T20:04:55.000Z
401762517,4017625172,40176251737,1,8,Tulsa,American Athletic,0,UAB,American Athletic,0,Tulsa,UAB,1,"{'minutes': 11, 'seconds': 54}",3,3,75,25,3,2,1,False,Rush,(12:00) Shotgun #2 A.Allen rush middle for 1 yard gain to the UAB24 (#6 C.Pitcher; #54 K.Mosley),-0.5573133719826586,2025-11-29T20:05:26.000Z
401762517,4017625172,40176251741,1,10,Tulsa,American Athletic,0,UAB,American Athletic,0,Tulsa,UAB,1,"{'minutes': 11, 'seconds': 15}",2,3,76,24,4,1,0,False,Rush,"(11:24) #9 S.Kittleman rush middle for 0 yards to the UAB24 (#14 J.Vessel; #5 E.Toussom), TURNOVER ON DOWNS",-3.4141244006023754,2025-11-29T20:09:37.000Z
401762517,4017625173,40176251763,2,5,UAB,American Athletic,0,Tulsa,American Athletic,0,Tulsa,UAB,1,"{'minutes': 9, 'seconds': 28}",3,2,53,53,4,4,0,False,Punt,"(09:34) #27 P.Foley punt 53 yards to the Tulsa00, Touchback",,2025-11-29T20:13:08.000Z
401762517,4017625173,40176251756,2,3,UAB,American Athletic,0,Tulsa,American Athletic,0,Tulsa,UAB,1,"{'minutes': 10, 'seconds': 16}",3,2,54,54,2,5,1,False,Rush,(10:21) No Huddle-Shotgun #4 J.Jackson rush middle for 1 yard gain to the UAB47 (#27 Z.Woodham),-0.9532288606478778,2025-11-29T20:11:43.000Z
401762517,4017625173,40176251747,2,1,UAB,American Athletic,0,Tulsa,American Athletic,0,Tulsa,UAB,1,"{'minutes': 11, 'seconds': 4}",3,2,76,76,1,10,17,False,Pass Reception,"(11:14) No Huddle-Shotgun #7 J.Kitna pass complete short left to #17 E.Lagg caught at UAB30, for 17 yards to the UAB41 (#18 Z.Williams; #21 S.Smith), 1ST DOWN",1.4866059936173635,2025-11-29T20:10:51.000Z
401762517,4017625173,40176251752,2,2,UAB,American Athletic,0,Tulsa,American Athletic,0,Tulsa,UAB,1,"{'minutes': 10, 'seconds': 44}",3,2,59,59,1,10,5,False,Rush,(10:48) No Huddle-Shotgun #4 J.Jackson rush left for 5 yards gain to the UAB46 (#13 N.Campbell; #99 T.Newhouse),0.1104175997643273,2025-11-29T20:11:17.000Z
401762517,4017625173,40176251760,2,4,UAB,American Athletic,0,Tulsa,American Athletic,0,Tulsa,UAB,1,"{'minutes': 9, 'seconds': 34}",3,2,53,53,3,4,0,False,Pass Incompletion,(09:43) No Huddle-Shotgun #7 J.Kitna pass incomplete short right thrown to UAB50 QB hurried by #10 T.Hardiman,-0.9078276011078685,2025-11-29T20:12:28.000Z
401762517,4017625174,40176251770,3,2,Tulsa,American Athletic,0,UAB,American Athletic,0,Tulsa,UAB,1,"{'minutes': 9, 'seconds': 22}",2,3,20,80,2,10,5,False,Penalty,PENALTY Tulsa False Start (#15 J.Smith) 5 yards from Tulsa20 to Tulsa15. NO PLAY,,2025-11-29T20:16:47.000Z
401762517,4017625174,40176251779,3,5,Tulsa,American Athletic,0,UAB,American Athletic,0,Tulsa,UAB,1,"{'minutes': 9, 'seconds': 4}",2,3,15,85,4,15,0,False,Punt,(09:12) #29 A.Davies punt 29 yards to the Tulsa44,,2025-11-29T20:18:27.000Z
401762517,4017625174,40176251767,3,1,Tulsa,American Athletic,0,UAB,American Athletic,0,Tulsa,UAB,1,"{'minutes': 9, 'seconds': 22}",2,3,20,80,1,10,0,False,Pass Incompletion,(09:26) Shotgun #10 B.Hayes pass incomplete short left to #23 L.Lucas thrown to Tulsa24 QB hurried by #5 E.Toussom,-0.5586693796725282,2025-11-29T20:16:14.000Z
401762517,4017625174,40176251773,3,3,Tulsa,American Athletic,0,UAB,American Athletic,0,Tulsa,UAB,1,"{'minutes': 9, 'seconds': 17}",2,3,15,85,2,15,0,False,Pass Incompletion,(09:22) Shotgun #10 B.Hayes pass incomplete deep left to #18 D.Gee Jr. thrown to Tulsa44,-0.10782395428385258,2025-11-29T20:17:18.000Z
401762517,4017625174,40176251776,3,4,Tulsa,American Athletic,0,UAB,American Athletic,0,Tulsa,UAB,1,"{'minutes': 9, 'seconds': 13}",2,3,15,85,3,15,0,False,Pass Incompletion,(09:17) Shotgun #10 B.Hayes pass incomplete short middle to #23 L.Lucas thrown to Tulsa30,-0.0469532836024245,2025-11-29T20:17:54.000Z
401762517,4017625175,40176251783,4,1,UAB,American Athletic,0,Tulsa,American Athletic,0,Tulsa,UAB,1,"{'minutes': 8, 'seconds': 58}",3,2,44,44,1,10,4,False,Rush,(09:03) No Huddle #3 I.Jacobs rush middle for 4 yards gain to the Tulsa40 (#0 R.Coney; #26 J.Anglin),-0.1108700500197327,2025-11-29T20:19:18.000Z
401762517,4017625175,40176251787,4,2,UAB,American Athletic,0,Tulsa,American Athletic,0,Tulsa,UAB,1,"{'minutes': 8, 'seconds': 33}",3,2,40,40,2,6,4,False,Pass Reception,"(08:38) No Huddle-Shotgun #7 J.Kitna pass complete short middle to #5 K.Brown caught at Tulsa43, for 4 yards to the Tulsa36, out of bounds at Tulsa36",-0.119910034860444,2025-11-29T20:19:42.000Z
401762517,4017625175,40176251792,4,3,UAB,American Athletic,0,Tulsa,American Athletic,0,Tulsa,UAB,1,"{'minutes': 8, 'seconds': 17}",3,2,36,36,3,2,16,False,Rush,"(08:23) No Huddle-Shotgun #3 I.Jacobs rush middle for 16 yards gain to the Tulsa20 (#1 C.Lewis; #27 Z.Woodham), 1ST DOWN",1.025734713358499,2025-11-29T20:20:20.000Z
401762517,4017625175,40176251796,4,4,UAB,American Athletic,0,Tulsa,American Athletic,0,Tulsa,UAB,1,"{'minutes': 7, 'seconds': 42}",3,2,20,20,1,10,2,False,Rush,(07:48) No Huddle-Shotgun #11 S.Beebe rush middle for 2 yards gain to the Tulsa18 (#0 R.Coney),-0.205294804469698,2025-11-29T20:20:58.000Z
401762517,4017625175,401762517100,4,5,UAB,American Athletic,7,Tulsa,American Athletic,0,Tulsa,UAB,1,"{'minutes': 7, 'seconds': 13}",3,2,18,18,2,8,18,True,Passing Touchdown,"(07:17) No Huddle-Shotgun #7 J.Kitna pass complete short left to #0 I.Hooks caught at Tulsa01, for 18 yards to the Tulsa00 TOUCHDOWN, clock 07:13, 1ST DOWN #39 J.Delange kick attempt good (H: #27 P.Foley, LS: #47 C.Moser)",2.823222533501397,2025-11-29T20:21:27.000Z
401762517,4017625177,401762517108,5,1,UAB,American Athletic,7,Tulsa,American Athletic,0,Tulsa,UAB,1,"{'minutes': 7, 'seconds': 8}",3,2,65,65,1,10,24,False,Kickoff,(07:13) #35 O.Simpson kickoff 62 yards to the Tulsa03 #1 B.Presley return 24 yards to the Tulsa27 (#20 A.Brown),,2025-11-29T20:25:45.000Z
401762517,4017625177,401762517147,5,10,Tulsa,American Athletic,3,UAB,American Athletic,7,Tulsa,UAB,1,"{'minutes': 3, 'seconds': 30}",2,3,92,8,4,8,26,True,Field Goal Good,"(03:33) #11 S.Morgan field goal attempt from 26 yards GOOD (H: #29 A.Davies, LS: #42 A.Fedigan), clock 03:30",,2025-11-29T20:30:45.000Z
401762517,4017625177,401762517113,5,2,Tulsa,American Athletic,0,UAB,American Athletic,7,Tulsa,UAB,1,"{'minutes': 7, 'seconds': 0}",2,3,27,73,1,10,5,False,Rush,(07:05) Shotgun #7 Z.Steptoe rush left for 5 yards gain to the Tulsa32 (#23 D.Lee),0.0980689416811309,2025-11-29T20:26:23.000Z
401762517,4017625177,401762517117,5,3,Tulsa,American Athletic,0,UAB,American Athletic,7,Tulsa,UAB,1,"{'minutes': 6, 'seconds': 42}",2,3,32,68,2,5,10,False,Rush,"(06:47) No Huddle-Shotgun #2 A.Allen rush right for 10 yards gain to the Tulsa42 (#20 A.Brown; #17 R.Williams), 1ST DOWN",1.2729432805014902,2025-11-29T20:26:41.000Z
401762517,4017625177,401762517121,5,4,Tulsa,American Athletic,0,UAB,American Athletic,7,Tulsa,UAB,1,"{'minutes': 6, 'seconds': 7}",2,3,42,58,1,10,4,False,Pass Reception,"(06:16) No Huddle-Shotgun #10 B.Hayes pass complete short right to #19 G.Tempest caught at Tulsa36, for 4 yards to the Tulsa46 (#6 C.Pitcher), out of bounds",-0.1665264279012551,2025-11-29T20:27:12.000Z
401762517,4017625177,401762517126,5,5,Tulsa,American Athletic,0,UAB,American Athletic,7,Tulsa,UAB,1,"{'minutes': 5, 'seconds': 44}",2,3,46,54,2,6,9,False,Pass Reception,"(05:56) No Huddle-Shotgun #10 B.Hayes pass complete short left to #18 D.Gee Jr. caught at Tulsa50, for 9 yards to the UAB45 (#20 A.Brown), 1ST DOWN",1.2517155548735026,2025-11-29T20:27:36.000Z
401762517,4017625177,401762517131,5,6,Tulsa,American Athletic,0,UAB,American Athletic,7,Tulsa,UAB,1,"{'minutes': 5, 'seconds': 6}",2,3,55,45,1,10,37,False,Pass Reception,"(05:20) Shotgun #10 B.Hayes pass complete deep right to #6 J.Emmers caught at UAB08, for 37 yards to the UAB08, out of bounds at UAB08, 1ST DOWN",1.156914516367376,2025-11-29T20:28:12.000Z
401762517,4017625177,401762517136,5,7,Tulsa,American Athletic,0,UAB,American Athletic,7,Tulsa,UAB,1,"{'minutes': 4, 'seconds': 54}",2,3,92,8,1,8,1,False,Rush,(04:57) No Huddle-Shotgun #2 A.Allen rush right for 1 yard gain to the UAB07 (#9 D.Warren; #59 C.Burge),-0.287548899318045,2025-11-29T20:28:42.000Z
401762517,4017625177,401762517140,5,8,Tulsa,American Athletic,0,UAB,American Athletic,7,Tulsa,UAB,1,"{'minutes': 4, 'seconds': 9}",2,3,93,7,2,7,-1,False,Rush,(04:14) Shotgun #2 A.Allen rush middle for 1 yard loss to the UAB08 (#59 C.Burge; #5 E.Toussom),-0.338937716173518,2025-11-29T20:29:27.000Z
401762517,4017625177,401762517144,5,9,Tulsa,American Athletic,0,UAB,American Athletic,7,Tulsa,UAB,1,"{'minutes': 3, 'seconds': 33}",2,3,92,8,3,8,0,False,Pass Incompletion,(03:38) Shotgun #10 B.Hayes pass incomplete short middle to #23 L.Lucas thrown to UAB00 broken up by #6 C.Pitcher QB hurried by #90 Z.Johnson,-0.354205173792517,2025-11-29T20:30:03.000Z
401762517,4017625179,401762517150,6,1,Tulsa,American Athletic,3,UAB,American Athletic,7,Tulsa,UAB,1,"{'minutes': 3, 'seconds': 26}",2,3,35,65,1,10,5,False,Kickoff,(03:30) #11 S.Morgan kickoff 48 yards to the UAB17 #40 B.Johnson return 5 yards to the UAB22 (#27 Z.Woodham),,2025-11-29T20:32:49.000Z
401762517,4017625179,401762517155,6,2,UAB,American Athletic,7,Tulsa,American Athletic,3,Tulsa,UAB,1,"{'minutes': 3, 'seconds': 22}",3,2,78,78,1,10,3,False,Rush,(03:25) No Huddle-Shotgun #11 S.Beebe rush middle for 3 yards gain to the UAB25 (#99 T.Newhouse; #11 J.Burnett),-0.2595333371439592,2025-11-29T20:33:28.000Z
401762517,4017625179,401762517159,6,3,UAB,American Athletic,7,Tulsa,American Athletic,3,Tulsa,UAB,1,"{'minutes': 2, 'seconds': 49}",3,2,75,75,2,7,5,False,Pass Reception,"(02:55) No Huddle-Shotgun #7 J.Kitna pass complete short middle to #17 E.Lagg caught at UAB30, for 5 yards to the UAB30 (#18 Z.Williams)",0.0710955769474593,2025-11-29T20:33:59.000Z
401762517,4017625179,401762517164,6,4,UAB,American Athletic,7,Tulsa,American Athletic,3,Tulsa,UAB,1,"{'minutes': 2, 'seconds': 17}",3,2,70,70,3,2,3,False,Rush,"(02:22) No Huddle-Shotgun #4 J.Jackson rush middle for 3 yards gain to the UAB33 (#33 W.Alexander; #88 N.Johnson), 1ST DOWN",1.0313658933964733,2025-11-29T20:34:32.000Z
401762517,4017625179,401762517168,6,5,UAB,American Athletic,7,Tulsa,American Athletic,3,Tulsa,UAB,1,"{'minutes': 1, 'seconds': 45}",3,2,67,67,1,10,-3,False,Rush,(01:51) No Huddle-Shotgun #4 J.Jackson rush left for 3 yards loss to the UAB30 (#13 N.Campbell),-1.3436256294344453,2025-11-29T20:35:04.000Z
401762517,4017625179,401762517172,6,6,UAB,American Athletic,7,Tulsa,American Athletic,3,Tulsa,UAB,1,"{'minutes': 1, 'seconds': 5}",3,2,70,70,2,13,14,False,Pass Interception Return,"(01:14) No Huddle-Shotgun #15 R.Burton pass intercepted by #16 D.Robinson at UAB38 #16 D.Robinson return 14 yards to the UAB24, out of bounds at UAB24",-0.22731770142440588,2025-11-29T20:36:02.000Z
401762517,40176251710,401762517192,7,4,Tulsa,American Athletic,3,UAB,American Athletic,7,Tulsa,UAB,1,"{'minutes': 0, 'seconds': 0}",2,3,75,25,3,11,7,False,End Period,End of 1st quarter.,0.3428486964362669,2025-11-29T20:37:47.000Z
401762517,40176251710,401762517178,7,1,Tulsa,American Athletic,3,UAB,American Athletic,7,Tulsa,UAB,1,"{'minutes': 0, 'seconds': 59}",2,3,76,24,1,10,2,False,Rush,(01:04) Shotgun #2 A.Allen rush middle for 2 yards gain to the UAB22 (#9 D.Warren),-0.234690741470521,2025-11-29T20:36:37.000Z
401762517,40176251710,401762517182,7,2,Tulsa,American Athletic,3,UAB,American Athletic,7,Tulsa,UAB,1,"{'minutes': 0, 'seconds': 42}",2,3,78,22,2,8,-3,False,Rush,(00:46) No Huddle-Shotgun #10 B.Hayes rush middle for 3 yards loss to the UAB25 (#90 Z.Johnson),-0.9353942314404283,2025-11-29T20:36:55.000Z
401762517,40176251710,401762517186,7,3,Tulsa,American Athletic,3,UAB,American Athletic,7,Tulsa,UAB,1,"{'minutes': 0, 'seconds': 12}",2,3,75,25,3,11,7,False,Rush,(00:12) No Huddle-Shotgun #2 A.Allen rush middle for 7 yards gain to the UAB18 (#5 E.Toussom),0.3428486964362669,2025-11-29T20:37:29.000Z
401762517,40176251710,401762517196,7,5,Tulsa,American Athletic,3,UAB,American Athletic,7,Tulsa,UAB,2,"{'minutes': 14, 'seconds': 53}",2,3,82,18,4,4,-4,False,Sack,"(15:00) No Huddle-Shotgun #10 B.Hayes sacked for loss of 4 yards to the UAB22 (#59 C.Burge), TURNOVER ON DOWNS",-3.4913257749183426,2025-11-29T20:41:38.000Z
401762517,40176251711,401762517203,8,1,UAB,American Athletic,7,Tulsa,American Athletic,3,Tulsa,UAB,2,"{'minutes': 14, 'seconds': 50}",3,2,78,78,1,10,1,False,Rush,(14:53) No Huddle-Shotgun #3 I.Jacobs rush middle for 1 yard gain to the UAB23 (#33 W.Alexander; #41 W.Upshaw),-0.5142195293967999,2025-11-29T20:42:25.000Z
401762517,40176251711,401762517207,8,2,UAB,American Athletic,7,Tulsa,American Athletic,3,Tulsa,UAB,2,"{'minutes': 14, 'seconds': 15}",3,2,77,77,2,9,3,False,Rush,(14:19) No Huddle-Shotgun #3 I.Jacobs rush middle for 3 yards gain to the UAB26 (#41 W.Upshaw),-0.15046102480943802,2025-11-29T20:42:59.000Z
401762517,40176251711,401762517211,8,3,UAB,American Athletic,7,Tulsa,American Athletic,3,Tulsa,UAB,2,"{'minutes': 13, 'seconds': 28}",3,2,74,74,3,6,6,False,Rush,"(13:38) No Huddle-Shotgun #7 J.Kitna rush right for 6 yards gain to the UAB32 (#18 Z.Williams), 1ST DOWN",1.4173546409055007,2025-11-29T20:43:44.000Z
401762517,40176251711,401762517215,8,4,UAB,American Athletic,7,Tulsa,American Athletic,3,Tulsa,UAB,2,"{'minutes': 12, 'seconds': 50}",3,2,68,68,1,10,4,False,Pass Reception,"(12:58) Shotgun #7 J.Kitna pass complete short right to #0 I.Hooks caught at UAB35, for 4 yards to the UAB36 (#1 C.Lewis)",-0.1488498506411844,2025-11-29T20:44:21.000Z
401762517,40176251711,401762517220,8,5,UAB,American Athletic,7,Tulsa,American Athletic,3,Tulsa,UAB,2,"{'minutes': 12, 'seconds': 21}",3,2,64,64,2,6,4,False,Rush,(12:23) No Huddle-Shotgun #4 J.Jackson rush middle for 4 yards gain to the UAB40 (#32 H.Ball),-0.1413192759305008,2025-11-29T20:44:54.000Z
401762517,40176251711,401762517224,8,6,UAB,American Athletic,7,Tulsa,American Athletic,3,Tulsa,UAB,2,"{'minutes': 11, 'seconds': 36}",3,2,60,60,3,2,1,False,Rush,(11:42) No Huddle #7 J.Kitna rush middle for 1 yard gain to the UAB41 (#33 W.Alexander),-0.6792317970833226,2025-11-29T20:45:36.000Z
401762517,40176251711,401762517228,8,7,UAB,American Athletic,7,Tulsa,American Athletic,3,Tulsa,UAB,2,"{'minutes': 11, 'seconds': 0}",3,2,59,59,4,1,-2,False,Rush,"(11:04) No Huddle #11 S.Beebe rush left for 2 yards loss to the UAB39 (#16 D.Robinson), TURNOVER ON DOWNS",-0.5112883607031327,2025-11-29T20:46:14.000Z
401762517,40176251712,401762517250,9,5,Tulsa,American Athletic,3,UAB,American Athletic,7,Tulsa,UAB,2,"{'minutes': 9, 'seconds': 0}",2,3,86,14,2,11,12,False,Penalty,"(09:00) Shotgun #10 B.Hayes pass incomplete short right to #7 Z.Steptoe thrown to UAB00, 1ST DOWN, PENALTY UAB Pass Interference (#18 D.Gulley) 12 yards from UAB14 to UAB02, 1ST DOWN. NO PLAY",,2025-11-29T20:51:44.000Z
401762517,40176251712,401762517269,9,9,Tulsa,American Athletic,9,UAB,American Athletic,7,Tulsa,UAB,2,"{'minutes': 7, 'seconds': 51}",2,3,97,3,0,0,5,False,Penalty,PENALTY Tulsa False Start (#71 B.Ringleb) 5 yards from UAB03 to UAB08. NO PLAY,,2025-11-29T20:54:21.000Z
401762517,40176251712,401762517233,9,1,Tulsa,American Athletic,3,UAB,American Athletic,7,Tulsa,UAB,2,"{'minutes': 10, 'seconds': 52}",2,3,61,39,1,10,8,False,Rush,(10:59) Shotgun #2 A.Allen rush left for 8 yards gain to the UAB31 (#15 J.Rogers; #18 D.Gulley),0.6211478423237775,2025-11-29T20:49:28.000Z
401762517,40176251712,401762517237,9,2,Tulsa,American Athletic,3,UAB,American Athletic,7,Tulsa,UAB,2,"{'minutes': 10, 'seconds': 34}",2,3,69,31,2,2,3,False,Rush,"(10:39) No Huddle-Shotgun #2 A.Allen rush middle for 3 yards gain to the UAB28 (#5 E.Toussom), 1ST DOWN",-0.2447237615306575,2025-11-29T20:49:51.000Z
401762517,40176251712,401762517242,9,3,Tulsa,American Athletic,3,UAB,American Athletic,7,Tulsa,UAB,2,"{'minutes': 10, 'seconds': 0}",2,3,72,28,1,10,15,False,Rush,"(10:07) Shotgun #1 B.Presley rush left for 15 yards gain to the UAB13 (#14 J.Vessel), out of bounds, 1ST DOWN",0.225085259092584,2025-11-29T20:50:21.000Z
401762517,40176251712,401762517246,9,4,Tulsa,American Athletic,3,UAB,American Athletic,7,Tulsa,UAB,2,"{'minutes': 9, 'seconds': 27}",2,3,87,13,1,10,-1,False,Rush,(09:31) Shotgun #2 A.Allen rush middle for 1 yard loss to the UAB14 (#9 D.Warren),-0.368994498525638,2025-11-29T20:51:00.000Z
401762517,40176251712,401762517254,9,6,Tulsa,American Athletic,3,UAB,American Athletic,7,Tulsa,UAB,2,"{'minutes': 8, 'seconds': 49}",2,3,98,2,1,2,1,False,Rush,(08:55) Shotgun #2 A.Allen rush middle for 1 yard gain to the UAB01 (#9 D.Warren; #6 C.Pitcher),-0.687116939800908,2025-11-29T20:52:26.000Z
401762517,40176251712,401762517258,9,7,Tulsa,American Athletic,3,UAB,American Athletic,7,Tulsa,UAB,2,"{'minutes': 8, 'seconds': 22}",2,3,99,1,2,1,0,False,Rush,(08:29) No Huddle-Shotgun #2 A.Allen rush left for 0 yards to the UAB01 (#5 E.Toussom; #9 D.Warren),-0.553645991706544,2025-11-29T20:52:53.000Z
401762517,40176251712,401762517262,9,8,Tulsa,American Athletic,10,UAB,American Athletic,7,Tulsa,UAB,2,"{'minutes': 7, 'seconds': 51}",2,3,99,1,3,1,1,True,Passing Touchdown,"(07:55) Shotgun #10 B.Hayes pass complete short left to #84 J.Roberts caught at UAB00, for 1 yard to the UAB00 TOUCHDOWN, clock 07:51 #11 S.Morgan kick attempt good (H: #29 A.Davies, LS: #42 A.Fedigan)",2.45399822917955,2025-11-29T20:53:27.000Z
401762517,40176251714,401762517276,10,1,Tulsa,American Athletic,10,UAB,American Athletic,7,Tulsa,UAB,2,"{'minutes': 7, 'seconds': 51}",2,3,35,65,1,10,0,False,Kickoff,"(07:51) #11 S.Morgan kickoff 65 yards to the UAB00, Touchback",,2025-11-29T20:56:00.000Z
401762517,40176251714,401762517326,10,14,UAB,American Athletic,7,Tulsa,American Athletic,10,Tulsa,UAB,2,"{'minutes': 2, 'seconds': 0}",2,2,3,3,1,3,0,False,Timeout,"Timeout UAB, clock 02:00",,2025-11-29T21:06:06.000Z
401762517,40176251714,401762517332,10,15,Tulsa,American Athletic,10,UAB,American Athletic,7,Tulsa,UAB,2,"{'minutes': 1, 'seconds': 50}",1,2,3,97,2,3,0,False,Timeout,"Timeout Tulsa, clock 01:50",,2025-11-29T21:09:56.000Z
401762517,40176251714,401762517337,10,17,Tulsa,American Athletic,10,UAB,American Athletic,7,Tulsa,UAB,2,"{'minutes': 1, 'seconds': 45}",0,2,5,95,3,5,0,False,Timeout,"Timeout Tulsa, clock 01:45",,2025-11-29T21:13:56.000Z
401762517,40176251714,401762517279,10,2,UAB,American Athletic,7,Tulsa,American Athletic,10,Tulsa,UAB,2,"{'minutes': 7, 'seconds': 47}",3,2,75,75,1,10,0,False,Rush,(07:51) Shotgun #4 J.Jackson rush middle for 0 yards to the UAB25 (#32 H.Ball),-0.7029700220436519,2025-11-29T20:59:00.000Z
401762517,40176251714,401762517283,10,3,UAB,American Athletic,7,Tulsa,American Athletic,10,Tulsa,UAB,2,"{'minutes': 7, 'seconds': 9}",3,2,75,75,2,10,10,False,Rush,"(07:14) No Huddle-Shotgun #4 J.Jackson rush middle for 10 yards gain to the UAB35 (#21 S.Smith; #26 J.Anglin), 1ST DOWN",1.5380081310736387,2025-11-29T20:59:36.000Z
401762517,40176251714,401762517287,10,4,UAB,American Athletic,7,Tulsa,American Athletic,10,Tulsa,UAB,2,"{'minutes': 6, 'seconds': 25}",3,2,65,65,1,10,1,False,Rush,(06:30) No Huddle-Shotgun #3 I.Jacobs rush middle for 1 yard gain to the UAB36 (#0 R.Coney; #13 N.Campbell),-0.8334176637748527,2025-11-29T21:00:21.000Z
401762517,40176251714,401762517291,10,5,UAB,American Athletic,7,Tulsa,American Athletic,10,Tulsa,UAB,2,"{'minutes': 5, 'seconds': 48}",3,2,64,64,2,9,8,False,Pass Reception,"(05:54) No Huddle-Shotgun #7 J.Kitna pass complete short right to #85 A.Ferguson caught at UAB39, for 8 yards to the UAB44 (#15 A.Williams), out of bounds",0.7808033122531005,2025-11-29T21:00:56.000Z
401762517,40176251714,401762517296,10,6,UAB,American Athletic,7,Tulsa,American Athletic,10,Tulsa,UAB,2,"{'minutes': 5, 'seconds': 25}",3,2,56,56,3,1,0,False,Pass Incompletion,(05:27) No Huddle-Shotgun #7 J.Kitna pass incomplete short left to #6 B.Hawkins Jr. thrown to UAB50,-1.016195411893133,2025-11-29T21:01:26.000Z
401762517,40176251714,401762517299,10,7,UAB,American Athletic,7,Tulsa,American Athletic,10,Tulsa,UAB,2,"{'minutes': 5, 'seconds': 19}",3,2,56,56,4,1,7,False,Rush,"(05:24) No Huddle #4 J.Jackson rush right for 7 yards gain to the Tulsa49 (#0 R.Coney; #16 D.Robinson), 1ST DOWN",2.5491962224689715,2025-11-29T21:01:55.000Z
401762517,40176251714,401762517303,10,8,UAB,American Athletic,7,Tulsa,American Athletic,10,Tulsa,UAB,2,"{'minutes': 4, 'seconds': 43}",3,2,49,49,1,10,4,False,Rush,(04:51) No Huddle-Shotgun #7 J.Kitna rush right for 4 yards gain to the Tulsa45 (#90 J.Hjelle),-0.1369390380115582,2025-11-29T21:02:33.000Z
401762517,40176251714,401762517307,10,9,UAB,American Athletic,7,Tulsa,American Athletic,10,Tulsa,UAB,2,"{'minutes': 3, 'seconds': 59}",3,2,45,45,2,6,7,False,Rush,"(04:04) Shotgun #11 S.Beebe rush right for 7 yards gain to the Tulsa38 (#16 D.Robinson; #0 R.Coney), 1ST DOWN",0.8046769410636185,2025-11-29T21:03:18.000Z
401762517,40176251714,401762517311,10,10,UAB,American Athletic,7,Tulsa,American Athletic,10,Tulsa,UAB,2,"{'minutes': 3, 'seconds': 18}",3,2,38,38,1,10,17,False,Pass Reception,"(03:28) Shotgun #7 J.Kitna pass complete short left to #17 E.Lagg caught at Tulsa33, for 17 yards to the Tulsa21 (#21 S.Smith; #18 Z.Williams), 1ST DOWN",0.462295834789695,2025-11-29T21:03:54.000Z
401762517,40176251714,401762517316,10,11,UAB,American Athletic,7,Tulsa,American Athletic,10,Tulsa,UAB,2,"{'minutes': 2, 'seconds': 44}",3,2,21,21,1,10,18,False,Rush,"(02:50) Shotgun #11 S.Beebe rush left for 18 yards gain to the Tulsa03 (#18 Z.Williams), out of bounds, 1ST DOWN",1.167845081064156,2025-11-29T21:04:31.000Z
401762517,40176251714,401762517320,10,12,UAB,American Athletic,7,Tulsa,American Athletic,10,Tulsa,UAB,2,"{'minutes': 2, 'seconds': 4}",3,2,3,3,1,3,0,False,Rush,(02:12) Shotgun #15 R.Burton rush middle for 0 yards to the Tulsa03 (#21 S.Smith; #33 W.Alexander),-0.746972881228756,2025-11-29T21:05:14.000Z
401762517,40176251714,401762517324,10,13,UAB,American Athletic,7,Tulsa,American Athletic,10,Tulsa,UAB,2,"{'minutes': 2, 'seconds': 0}",3,2,3,3,2,3,-2,False,Fumble,(02:00) Shotgun #15 R.Burton rush right for 2 yards loss to the Tulsa05 (#16 D.Robinson),-0.550175015208497,2025-11-29T21:09:07.000Z
401762517,40176251714,401762517330,10,16,UAB,American Athletic,7,Tulsa,American Athletic,10,Tulsa,UAB,2,"{'minutes': 1, 'seconds': 48}",2,1,5,5,3,5,-8,False,Sack,(01:49) No Huddle-Shotgun #7 J.Kitna sacked for loss of 8 yards to the Tulsa13 (#9 D.Collins),-1.1687273030275267,2025-11-29T21:12:58.000Z
401762517,40176251714,401762517335,10,18,UAB,American Athletic,10,Tulsa,American Athletic,10,Tulsa,UAB,2,"{'minutes': 1, 'seconds': 42}",2,0,13,13,4,13,31,True,Field Goal Good,"(01:42) #39 J.Delange field goal attempt from 31 yards GOOD (H: #27 P.Foley, LS: #47 C.Moser), clock 01:42",,2025-11-29T21:14:34.000Z
401762517,40176251716,401762517339,11,1,UAB,American Athletic,10,Tulsa,American Athletic,10,Tulsa,UAB,2,"{'minutes': 1, 'seconds': 38}",2,0,65,65,1,10,7,False,Kickoff,(01:42) #35 O.Simpson kickoff 39 yards to the Tulsa26 #23 L.Lucas return 7 yards to the Tulsa33 (#20 A.Brown),,2025-11-29T21:15:38.000Z
401762517,40176251716,401762517349,11,3,Tulsa,American Athletic,10,UAB,American Athletic,10,Tulsa,UAB,2,"{'minutes': 1, 'seconds': 22}",0,2,75,25,1,10,8,False,Rush,(01:26) Shotgun #2 A.Allen rush left for 8 yards gain to the UAB17 (#14 J.Vessel; #20 A.Brown),0.478161110671337,2025-11-29T21:16:58.000Z
401762517,40176251716,401762517344,11,2,Tulsa,American Athletic,10,UAB,American Athletic,10,Tulsa,UAB,2,"{'minutes': 1, 'seconds': 28}",0,2,33,67,1,10,42,False,Pass Reception,"(01:37) Shotgun #10 B.Hayes pass complete deep right to #7 Z.Steptoe caught at UAB29, for 42 yards to the UAB25 QB hurried by #2 E.Odinjor, out of bounds at UAB25, 1ST DOWN",2.7289723068750913,2025-11-29T21:16:24.000Z
401762517,40176251716,401762517353,11,4,Tulsa,American Athletic,10,UAB,American Athletic,10,Tulsa,UAB,2,"{'minutes': 1, 'seconds': 6}",0,2,83,17,2,2,5,False,Rush,"(01:11) Shotgun #1 B.Presley rush middle for 5 yards gain to the UAB12 (#20 A.Brown), 1ST DOWN",-0.308171290441205,2025-11-29T21:18:21.000Z
401762517,40176251716,401762517357,11,5,Tulsa,American Athletic,10,UAB,American Athletic,10,Tulsa,UAB,2,"{'minutes': 0, 'seconds': 44}",0,2,88,12,1,10,7,False,Pass Reception,"(00:53) Shotgun #10 B.Hayes pass complete short left to #19 G.Tempest caught at UAB08, for 7 yards to the UAB05 (#20 A.Brown; #5 E.Toussom)",0.3028623067433965,2025-11-29T21:18:49.000Z
401762517,40176251716,401762517362,11,6,Tulsa,American Athletic,17,UAB,American Athletic,10,Tulsa,UAB,2,"{'minutes': 0, 'seconds': 32}",0,2,95,5,2,3,5,True,Rushing Touchdown,"(00:34) No Huddle-Shotgun #1 B.Presley rush middle for 5 yards gain to the UAB00 TOUCHDOWN, clock 00:32, 1ST DOWN #11 S.Morgan kick attempt good (H: #29 A.Davies, LS: #42 A.Fedigan)",2.227232235292529,2025-11-29T21:19:06.000Z
401762517,40176251718,401762517378,12,4,UAB,American Athletic,10,Tulsa,American Athletic,17,Tulsa,UAB,2,"{'minutes': 0, 'seconds': 19}",1,0,75,75,1,10,0,False,Timeout,"Timeout UAB, clock 00:19",,2025-11-29T21:22:25.000Z
401762517,40176251718,401762517369,12,1,Tulsa,American Athletic,17,UAB,American Athletic,10,Tulsa,UAB,2,"{'minutes': 0, 'seconds': 32}",0,2,35,65,1,10,0,False,Kickoff,"(00:32) #11 S.Morgan kickoff 65 yards to the UAB00, Touchback",,2025-11-29T21:19:53.000Z
401762517,40176251718,401762517372,12,2,UAB,American Athletic,10,Tulsa,American Athletic,17,Tulsa,UAB,2,"{'minutes': 0, 'seconds': 27}",2,0,75,75,1,10,8,False,Rush,(00:32) No Huddle-Shotgun #4 J.Jackson rush middle for 8 yards gain to the UAB33 (#11 J.Burnett),0.9104368550610653,2025-11-29T21:21:55.000Z
401762517,40176251718,401762517376,12,3,UAB,American Athletic,10,Tulsa,American Athletic,17,Tulsa,UAB,2,"{'minutes': 0, 'seconds': 19}",2,0,67,67,2,2,0,False,Rush,(00:19) No Huddle-Shotgun #4 J.Jackson rush middle for 0 yards to the UAB33 (#10 T.Hardiman; #32 H.Ball),-1.1300243096866742,2025-11-29T21:23:14.000Z
401762517,40176251718,401762517383,12,5,UAB,American Athletic,10,Tulsa,American Athletic,17,Tulsa,UAB,2,"{'minutes': 0, 'seconds': 0}",1,0,67,67,2,2,-8,False,End Period,End of 2nd quarter.,-1.9605117542264558,2025-11-29T21:23:35.000Z
401762517,40176251720,401762517388,13,1,Tulsa,American Athletic,17,UAB,American Athletic,10,Tulsa,UAB,3,"{'minutes': 15, 'seconds': 0}",3,3,35,65,1,10,0,False,Kickoff,"(15:00) #11 S.Morgan kickoff 39 yards to the UAB26 #85 A.Ferguson return 0 yards to the UAB26, End Of Play",,2025-11-29T21:45:13.000Z
401762517,40176251720,401762517395,13,2,UAB,American Athletic,10,Tulsa,American Athletic,17,Tulsa,UAB,3,"{'minutes': 14, 'seconds': 56}",3,3,74,74,1,10,8,False,Rush,(15:00) No Huddle-Shotgun #3 I.Jacobs rush middle for 8 yards gain to the UAB34 (#0 R.Coney; #33 W.Alexander),0.9306943515415842,2025-11-29T21:45:39.000Z
401762517,40176251720,401762517399,13,3,UAB,American Athletic,10,Tulsa,American Athletic,17,Tulsa,UAB,3,"{'minutes': 14, 'seconds': 32}",3,3,66,66,2,2,23,False,Rush,"(14:38) No Huddle-Shotgun #3 I.Jacobs rush middle for 23 yards gain to the Tulsa43 (#18 Z.Williams), 1ST DOWN",1.7237118729885275,2025-11-29T21:46:02.000Z
401762517,40176251720,401762517403,13,4,UAB,American Athletic,10,Tulsa,American Athletic,17,Tulsa,UAB,3,"{'minutes': 13, 'seconds': 55}",3,3,43,43,1,10,2,False,Rush,(13:59) No Huddle-Shotgun #3 I.Jacobs rush middle for 2 yards gain to the Tulsa41 (#33 W.Alexander),-0.5109950870570472,2025-11-29T21:46:41.000Z
401762517,40176251720,401762517407,13,5,UAB,American Athletic,10,Tulsa,American Athletic,17,Tulsa,UAB,3,"{'minutes': 13, 'seconds': 37}",3,3,41,41,2,8,9,False,Rush,"(13:41) No Huddle-Shotgun #4 J.Jackson rush middle for 9 yards gain to the Tulsa32 (#7 E.Green; #19 T.Cooper), 1ST DOWN",0.991845749398939,2025-11-29T21:50:28.000Z
401762517,40176251720,401762517411,13,6,UAB,American Athletic,10,Tulsa,American Athletic,17,Tulsa,UAB,3,"{'minutes': 13, 'seconds': 2}",3,3,32,32,1,10,4,False,Pass Reception,"(13:11) No Huddle #7 J.Kitna pass complete short left to #17 E.Lagg caught at Tulsa31, for 4 yards to the Tulsa28 (#0 R.Coney), out of bounds",-0.0558269791892986,2025-11-29T21:50:59.000Z
401762517,40176251720,401762517416,13,7,UAB,American Athletic,10,Tulsa,American Athletic,17,Tulsa,UAB,3,"{'minutes': 12, 'seconds': 33}",3,3,28,28,2,6,0,False,Pass Incompletion,(12:35) #7 J.Kitna pass incomplete short right to #0 I.Hooks thrown to Tulsa29,-0.653877651250651,2025-11-29T21:51:35.000Z
401762517,40176251720,401762517419,13,8,UAB,American Athletic,10,Tulsa,American Athletic,17,Tulsa,UAB,3,"{'minutes': 12, 'seconds': 24}",3,3,28,28,3,6,19,False,Rush,"(12:32) Shotgun #4 J.Jackson rush right for 19 yards gain to the Tulsa09 (#21 S.Smith), 1ST DOWN",1.156986232382444,2025-11-29T21:52:17.000Z
401762517,40176251720,401762517423,13,9,UAB,American Athletic,10,Tulsa,American Athletic,17,Tulsa,UAB,3,"{'minutes': 11, 'seconds': 41}",3,3,9,9,1,9,0,False,Rush,(11:46) No Huddle-Shotgun #4 J.Jackson rush middle for 0 yards to the Tulsa09 (#10 T.Hardiman; #90 J.Hjelle),-0.315798379566314,2025-11-29T21:53:04.000Z
401762517,40176251720,401762517427,13,10,UAB,American Athletic,10,Tulsa,American Athletic,17,Tulsa,UAB,3,"{'minutes': 11, 'seconds': 3}",3,3,9,9,2,9,1,False,Rush,(11:07) No Huddle-Shotgun #4 J.Jackson rush middle for 1 yard gain to the Tulsa08 (#19 T.Cooper; #90 J.Hjelle),-0.206049980978473,2025-11-29T21:53:42.000Z
401762517,40176251720,401762517431,13,11,UAB,American Athletic,17,Tulsa,American Athletic,17,Tulsa,UAB,3,"{'minutes': 10, 'seconds': 24}",3,3,8,8,3,8,8,True,Passing Touchdown,"(10:28) No Huddle-Shotgun #7 J.Kitna pass complete short left to #6 B.Hawkins Jr. caught at Tulsa02, for 8 yards to the Tulsa00 TOUCHDOWN, clock 10:24 #39 J.Delange kick attempt good (H: #27 P.Foley, LS: #47 C.Moser)",2.946086184191255,2025-11-29T21:54:22.000Z
401762517,40176251722,401762517439,14,1,UAB,American Athletic,17,Tulsa,American Athletic,17,Tulsa,UAB,3,"{'minutes': 9, 'seconds': 30}",3,3,65,65,1,10,0,False,Kickoff,"(09:32) #35 O.Simpson kickoff 65 yards to the Tulsa00, Touchback",,2025-11-29T21:55:04.000Z
401762517,40176251722,401762517442,14,2,Tulsa,American Athletic,17,UAB,American Athletic,17,Tulsa,UAB,3,"{'minutes': 8, 'seconds': 56}",3,3,25,75,1,10,23,False,Rush,"(09:25) No Huddle-Shotgun #2 A.Allen rush left for 23 yards gain to the Tulsa48 (#1 S.Bryant), 1ST DOWN",2.0697008310108904,2025-11-29T21:59:52.000Z
401762517,40176251722,401762517446,14,3,Tulsa,American Athletic,17,UAB,American Athletic,17,Tulsa,UAB,3,"{'minutes': 8, 'seconds': 46}",3,3,48,52,1,10,4,False,Rush,(08:47) No Huddle-Shotgun #2 A.Allen rush left for 4 yards gain to the UAB48 (#18 D.Gulley),-0.1504912861657514,2025-11-29T22:00:30.000Z
401762517,40176251722,401762517450,14,4,Tulsa,American Athletic,17,UAB,American Athletic,17,Tulsa,UAB,3,"{'minutes': 8, 'seconds': 31}",3,3,52,48,2,6,1,False,Rush,(08:31) No Huddle-Shotgun #10 B.Hayes rush middle for 1 yard gain to the UAB47 (#54 K.Mosley),-0.918475634513344,2025-11-29T22:01:14.000Z
401762517,40176251722,401762517454,14,5,Tulsa,American Athletic,17,UAB,American Athletic,17,Tulsa,UAB,3,"{'minutes': 8, 'seconds': 29}",3,3,53,47,3,5,50,False,Pass Interception Return,(08:31) No Huddle-Shotgun #10 B.Hayes pass intercepted by #29 T.McDaniel at UAB15 #29 T.McDaniel return 50 yards to the Tulsa35 (#73 C.East),-1.9229787906104736,2025-11-29T22:01:34.000Z
401762517,40176251723,401762517473,15,4,UAB,American Athletic,17,Tulsa,American Athletic,17,Tulsa,UAB,3,"{'minutes': 6, 'seconds': 53}",3,3,31,31,4,6,49,False,Field Goal Missed,"(06:57) #39 J.Delange field goal attempt from 49 yards NO GOOD (H: #27 P.Foley, LS: #47 C.Moser), clock 06:53",,2025-11-29T22:03:27.000Z
401762517,40176251723,401762517460,15,1,UAB,American Athletic,17,Tulsa,American Athletic,17,Tulsa,UAB,3,"{'minutes': 8, 'seconds': 20}",3,3,35,35,1,10,5,False,Pass Reception,"(08:25) No Huddle-Shotgun #7 J.Kitna pass complete short left to #0 I.Hooks caught at Tulsa32, for 5 yards to the Tulsa30 (#1 C.Lewis)",0.081604517220205,2025-11-29T22:01:47.000Z
401762517,40176251723,401762517465,15,2,UAB,American Athletic,17,Tulsa,American Athletic,17,Tulsa,UAB,3,"{'minutes': 8, 'seconds': 4}",3,3,30,30,2,5,3,False,Rush,(08:07) No Huddle-Shotgun #11 S.Beebe rush middle for 3 yards gain to the Tulsa27 (#90 J.Hjelle; #0 R.Coney),-0.223414360896753,2025-11-29T22:02:05.000Z
401762517,40176251723,401762517469,15,3,UAB,American Athletic,17,Tulsa,American Athletic,17,Tulsa,UAB,3,"{'minutes': 7, 'seconds': 25}",3,3,27,27,3,2,-4,False,Sack,(07:30) No Huddle-Shotgun #7 J.Kitna sacked for loss of 4 yards to the Tulsa31 (#90 J.Hjelle),-1.625931612233218,2025-11-29T22:02:45.000Z
401762517,40176251724,401762517488,16,4,Tulsa,American Athletic,17,UAB,American Athletic,17,Tulsa,UAB,3,"{'minutes': 5, 'seconds': 38}",3,3,38,62,4,3,13,False,Punt Return,(05:49) #29 A.Davies punt 46 yards to the UAB16 #0 I.Hooks return 13 yards to the UAB29 (#88 E.Potts),,2025-11-29T22:08:38.000Z
401762517,40176251724,401762517477,16,1,Tulsa,American Athletic,17,UAB,American Athletic,17,Tulsa,UAB,3,"{'minutes': 6, 'seconds': 48}",3,3,31,69,1,10,7,False,Rush,(06:53) Shotgun #2 A.Allen rush right for 7 yards gain to the Tulsa38 (#20 A.Brown; #1 S.Bryant),0.6816920045798367,2025-11-29T22:06:56.000Z
401762517,40176251724,401762517481,16,2,Tulsa,American Athletic,17,UAB,American Athletic,17,Tulsa,UAB,3,"{'minutes': 6, 'seconds': 20}",3,3,38,62,2,3,0,False,Rush,(06:25) Shotgun #2 A.Allen rush middle for 0 yards to the Tulsa38 (#17 R.Williams; #90 Z.Johnson),-1.1742369915168689,2025-11-29T22:07:24.000Z
401762517,40176251724,401762517485,16,3,Tulsa,American Athletic,17,UAB,American Athletic,17,Tulsa,UAB,3,"{'minutes': 5, 'seconds': 49}",3,3,38,62,3,3,0,False,Pass Incompletion,(05:53) Shotgun #10 B.Hayes pass incomplete short middle to #7 Z.Steptoe thrown to Tulsa45,-0.6855090917214142,2025-11-29T22:07:57.000Z
401762517,40176251725,401762517506,17,4,UAB,American Athletic,17,Tulsa,American Athletic,17,Tulsa,UAB,3,"{'minutes': 3, 'seconds': 26}",3,3,63,63,4,2,0,False,Punt,(03:32) #27 P.Foley punt 48 yards to the Tulsa15 fair catch by #19 G.Tempest at Tulsa15,,2025-11-29T22:11:32.000Z
401762517,40176251725,401762517494,17,1,UAB,American Athletic,17,Tulsa,American Athletic,17,Tulsa,UAB,3,"{'minutes': 5, 'seconds': 32}",3,3,71,71,1,10,4,False,Rush,(05:38) No Huddle-Shotgun #4 J.Jackson rush middle for 4 yards gain to the UAB33 (#0 R.Coney; #33 W.Alexander),-0.1350508541150131,2025-11-29T22:09:26.000Z
401762517,40176251725,401762517498,17,2,UAB,American Athletic,17,Tulsa,American Athletic,17,Tulsa,UAB,3,"{'minutes': 4, 'seconds': 55}",3,3,67,67,2,6,3,False,Rush,(05:00) No Huddle-Shotgun #4 J.Jackson rush left for 3 yards gain to the UAB36 (#7 E.Green),-0.3239215366112295,2025-11-29T22:10:05.000Z
401762517,40176251725,401762517502,17,3,UAB,American Athletic,17,Tulsa,American Athletic,17,Tulsa,UAB,3,"{'minutes': 4, 'seconds': 13}",3,3,64,64,3,3,1,False,Rush,(04:20) Shotgun #4 J.Jackson rush middle for 1 yard gain to the UAB37 (#99 T.Newhouse; #27 Z.Woodham),-0.523183990032174,2025-11-29T22:10:44.000Z
401762517,40176251726,401762517510,18,1,Tulsa,American Athletic,17,UAB,American Athletic,17,Tulsa,UAB,3,"{'minutes': 3, 'seconds': 26}",3,3,15,85,1,10,10,False,Penalty,"(03:26) Shotgun #10 B.Hayes pass intercepted by #1 S.Bryant at Tulsa26 #1 S.Bryant return 26 yards to the Tulsa00 TOUCHDOWN nullified by penalty, clock 03:15 PENALTY UAB Holding (#43 B.Davies) 10 yards from Tulsa15 to Tulsa25, 1ST DOWN. NO PLAY",,2025-11-29T22:13:01.000Z
401762517,40176251726,401762517553,18,10,Tulsa,American Athletic,17,UAB,American Athletic,17,Tulsa,UAB,3,"{'minutes': 0, 'seconds': 0}",3,3,65,35,4,7,13,False,End Period,End of 3rd quarter.,2.604994048439473,2025-11-29T22:18:56.000Z
401762517,40176251726,401762517516,18,2,Tulsa,American Athletic,17,UAB,American Athletic,17,Tulsa,UAB,3,"{'minutes': 3, 'seconds': 9}",3,3,25,75,1,10,0,False,Pass Incompletion,(03:15) Shotgun #10 B.Hayes pass incomplete deep right to #7 Z.Steptoe thrown to UAB40,-0.7029700220436519,2025-11-29T22:13:44.000Z
401762517,40176251726,401762517519,18,3,Tulsa,American Athletic,17,UAB,American Athletic,17,Tulsa,UAB,3,"{'minutes': 3, 'seconds': 3}",3,3,25,75,2,10,9,False,Rush,(03:08) Shotgun #2 A.Allen rush right for 9 yards gain to the Tulsa34 (#14 J.Vessel),0.6799361600947043,2025-11-29T22:14:17.000Z
401762517,40176251726,401762517523,18,4,Tulsa,American Athletic,17,UAB,American Athletic,17,Tulsa,UAB,3,"{'minutes': 2, 'seconds': 42}",3,3,34,66,3,1,2,False,Rush,"(02:45) No Huddle-Shotgun #2 A.Allen rush right for 2 yards gain to the Tulsa36 (#14 J.Vessel; #54 K.Mosley), 1ST DOWN",0.9535963738949382,2025-11-29T22:14:40.000Z
401762517,40176251726,401762517527,18,5,Tulsa,American Athletic,17,UAB,American Athletic,17,Tulsa,UAB,3,"{'minutes': 2, 'seconds': 29}",3,3,36,64,1,10,26,False,Pass Reception,"(02:35) No Huddle-Shotgun #10 B.Hayes pass complete deep left to #19 G.Tempest caught at UAB38, for 26 yards to the UAB38, out of bounds at UAB38, 1ST DOWN",2.052599959190143,2025-11-29T22:16:01.000Z
401762517,40176251726,401762517532,18,6,Tulsa,American Athletic,17,UAB,American Athletic,17,Tulsa,UAB,3,"{'minutes': 2, 'seconds': 4}",3,3,62,38,1,10,-2,False,Rush,(02:04) Shotgun #10 B.Hayes rush middle for 2 yards loss to the UAB40 (#9 D.Warren),-1.180858328752638,2025-11-29T22:17:04.000Z
401762517,40176251726,401762517538,18,7,Tulsa,American Athletic,17,UAB,American Athletic,17,Tulsa,UAB,3,"{'minutes': 1, 'seconds': 23}",3,3,60,40,2,12,2,False,Rush,(01:27) No Huddle-Shotgun #2 A.Allen rush right for 2 yards gain to the UAB38 (#14 J.Vessel; #90 Z.Johnson),-0.5906653946378775,2025-11-29T22:17:20.000Z
401762517,40176251726,401762517542,18,8,Tulsa,American Athletic,17,UAB,American Athletic,17,Tulsa,UAB,3,"{'minutes': 0, 'seconds': 51}",3,3,62,38,3,10,3,False,Rush,(00:57) No Huddle-Shotgun #2 A.Allen rush right for 3 yards gain to the UAB35 (#14 J.Vessel),-0.3865004431122294,2025-11-29T22:17:50.000Z
401762517,40176251726,401762517546,18,9,Tulsa,American Athletic,17,UAB,American Athletic,17,Tulsa,UAB,3,"{'minutes': 0, 'seconds': 10}",3,3,65,35,4,7,13,False,Pass Reception,"(00:21) Shotgun #10 B.Hayes pass complete short left to #2 A.Allen caught at UAB34, for 13 yards to the UAB22 (#59 C.Burge; #6 C.Pitcher), 1ST DOWN",2.604994048439473,2025-11-29T22:18:28.000Z
401762517,40176251726,401762517557,18,11,Tulsa,American Athletic,24,UAB,American Athletic,17,Tulsa,UAB,4,"{'minutes': 14, 'seconds': 55}",3,3,78,22,1,10,22,True,Rushing Touchdown,"(15:00) No Huddle-Shotgun #2 A.Allen rush left for 22 yards gain to the UAB00 TOUCHDOWN, clock 14:55, 1ST DOWN #11 S.Morgan kick attempt good (H: #29 A.Davies, LS: #42 A.Fedigan)",2.64762276664846,2025-11-29T22:22:46.000Z
401762517,40176251728,401762517566,19,1,Tulsa,American Athletic,24,UAB,American Athletic,17,Tulsa,UAB,4,"{'minutes': 14, 'seconds': 55}",3,3,35,65,1,10,0,False,Kickoff,"(14:55) #11 S.Morgan kickoff 65 yards to the UAB00, Touchback",,2025-11-29T22:23:37.000Z
401762517,40176251728,401762517575,19,3,UAB,American Athletic,17,Tulsa,American Athletic,24,Tulsa,UAB,4,"{'minutes': 14, 'seconds': 15}",3,3,68,68,2,3,5,False,Penalty,PENALTY UAB False Start (#3 I.Jacobs) 5 yards from UAB32 to UAB27. NO PLAY,,2025-11-29T22:28:16.000Z
401762517,40176251728,401762517587,19,6,UAB,American Athletic,17,Tulsa,American Athletic,24,Tulsa,UAB,4,"{'minutes': 12, 'seconds': 29}",3,3,68,68,4,3,-2,False,Punt Return,"(12:39) #27 P.Foley punt 35 yards to the Tulsa33 muffed by #19 G.Tempest at Tulsa33 recovered by UAB #3 I.Jacobs at Tulsa31, End Of Play",,2025-11-29T22:30:28.000Z
401762517,40176251728,401762517569,19,2,UAB,American Athletic,17,Tulsa,American Athletic,24,Tulsa,UAB,4,"{'minutes': 14, 'seconds': 50}",3,3,75,75,1,10,7,False,Rush,(14:55) No Huddle-Shotgun #3 I.Jacobs rush middle for 7 yards gain to the UAB32 (#16 D.Robinson; #26 J.Anglin),0.604642460086338,2025-11-29T22:27:31.000Z
401762517,40176251728,401762517578,19,4,UAB,American Athletic,17,Tulsa,American Athletic,24,Tulsa,UAB,4,"{'minutes': 13, 'seconds': 54}",3,3,73,73,2,8,5,False,Rush,(14:05) No Huddle-Shotgun #7 J.Kitna rush middle for 5 yards gain to the UAB32 (#10 T.Hardiman),0.06344953820688644,2025-11-29T22:28:57.000Z
401762517,40176251728,401762517582,19,5,UAB,American Athletic,17,Tulsa,American Athletic,24,Tulsa,UAB,4,"{'minutes': 13, 'seconds': 7}",3,3,68,68,3,3,0,False,Pass Reception,"(13:20) No Huddle-Shotgun #7 J.Kitna pass complete short right to #8 E.McCray caught at UAB32, for 0 yards to the UAB32 (#16 D.Robinson)",-0.5139435334013278,2025-11-29T22:29:39.000Z
401762517,40176251729,401762517595,20,1,UAB,American Athletic,17,Tulsa,American Athletic,24,Tulsa,UAB,4,"{'minutes': 12, 'seconds': 25}",3,3,31,31,1,10,4,False,Rush,(12:29) Shotgun #3 I.Jacobs rush middle for 4 yards gain to the Tulsa27 (#27 Z.Woodham; #18 Z.Williams),-0.05239887278951,2025-11-29T22:34:25.000Z
401762517,40176251729,401762517599,20,2,UAB,American Athletic,17,Tulsa,American Athletic,24,Tulsa,UAB,4,"{'minutes': 11, 'seconds': 58}",3,3,27,27,2,6,2,False,Rush,(12:02) No Huddle-Shotgun #3 I.Jacobs rush right for 2 yards gain to the Tulsa25 (#88 N.Johnson; #7 E.Green),-0.333044394256678,2025-11-29T22:34:53.000Z
401762517,40176251729,401762517603,20,3,UAB,American Athletic,17,Tulsa,American Athletic,24,Tulsa,UAB,4,"{'minutes': 11, 'seconds': 11}",3,3,25,25,3,4,5,False,Pass Reception,"(11:22) No Huddle-Shotgun #7 J.Kitna pass complete short middle to #0 I.Hooks caught at Tulsa20, for 5 yards to the Tulsa20 (#27 Z.Woodham), 1ST DOWN",0.609461708087437,2025-11-29T22:35:34.000Z
401762517,40176251729,401762517608,20,4,UAB,American Athletic,24,Tulsa,American Athletic,24,Tulsa,UAB,4,"{'minutes': 10, 'seconds': 42}",3,3,20,20,1,10,20,True,Rushing Touchdown,"(10:46) Shotgun #4 J.Jackson rush middle for 20 yards gain to the Tulsa00 TOUCHDOWN, clock 10:42, 1ST DOWN #39 J.Delange kick attempt good (H: #27 P.Foley, LS: #47 C.Moser)",2.617927729031699,2025-11-29T22:36:08.000Z
401762517,40176251731,401762517615,21,1,UAB,American Athletic,24,Tulsa,American Athletic,24,Tulsa,UAB,4,"{'minutes': 10, 'seconds': 36}",3,3,65,65,1,10,5,False,Kickoff,(10:42) #35 O.Simpson kickoff 32 yards to the Tulsa33 #23 L.Lucas return 5 yards to the Tulsa38 (#6 C.Pitcher; #1 S.Bryant),,2025-11-29T22:40:00.000Z
401762517,40176251731,401762517632,21,5,Tulsa,American Athletic,24,UAB,American Athletic,24,Tulsa,UAB,4,"{'minutes': 8, 'seconds': 53}",3,3,40,60,4,8,0,False,Punt Return,(09:03) #29 A.Davies punt 50 yards to the UAB10 #0 I.Hooks return 0 yards to the UAB10 (#88 E.Potts; #13 N.Campbell),,2025-11-29T22:42:43.000Z
401762517,40176251731,401762517620,21,2,Tulsa,American Athletic,24,UAB,American Athletic,24,Tulsa,UAB,4,"{'minutes': 10, 'seconds': 29}",3,3,38,62,1,10,0,False,Pass Incompletion,(10:36) No Huddle-Shotgun #10 B.Hayes pass incomplete short left to #23 L.Lucas thrown to Tulsa50 QB hurried by #59 C.Burge,-1.087995077167328,2025-11-29T22:40:39.000Z
401762517,40176251731,401762517623,21,3,Tulsa,American Athletic,24,UAB,American Athletic,24,Tulsa,UAB,4,"{'minutes': 10, 'seconds': 24}",3,3,38,62,2,10,3,False,Rush,(10:29) No Huddle-Shotgun #2 A.Allen rush right for 3 yards gain to the Tulsa41 (#14 J.Vessel; #1 S.Bryant),-0.2959444094187394,2025-11-29T22:41:12.000Z
401762517,40176251731,401762517627,21,4,Tulsa,American Athletic,24,UAB,American Athletic,24,Tulsa,UAB,4,"{'minutes': 9, 'seconds': 39}",3,3,41,59,3,7,-1,False,Pass Reception,"(09:48) Shotgun #10 B.Hayes pass complete short middle to #7 Z.Steptoe caught at Tulsa40, for 1 yard loss to the Tulsa40 QB hurried by #90 Z.Johnson (#0 D.Hightower)",-0.6392630298408433,2025-11-29T22:41:54.000Z
401762517,40176251732,401762517638,22,1,UAB,American Athletic,24,Tulsa,American Athletic,24,Tulsa,UAB,4,"{'minutes': 8, 'seconds': 45}",3,3,90,90,1,10,1,False,Rush,(08:52) No Huddle #11 S.Beebe rush right for 1 yard gain to the UAB11 (#33 W.Alexander; #0 R.Coney),-0.29373782399038717,2025-11-29T22:43:31.000Z
401762517,40176251732,401762517642,22,2,UAB,American Athletic,24,Tulsa,American Athletic,24,Tulsa,UAB,4,"{'minutes': 8, 'seconds': 11}",3,3,89,89,2,9,-1,False,Rush,(08:21) No Huddle-Shotgun #11 S.Beebe rush middle for 1 yard loss to the UAB10 (#41 W.Upshaw; #90 J.Hjelle),-0.20816464415630165,2025-11-29T22:44:02.000Z
401762517,40176251732,401762517646,22,3,UAB,American Athletic,24,Tulsa,American Athletic,24,Tulsa,UAB,4,"{'minutes': 7, 'seconds': 30}",3,3,90,90,3,10,14,False,Pass Reception,"(07:36) No Huddle-Shotgun #7 J.Kitna pass complete short left to #0 I.Hooks caught at UAB23, for 14 yards to the UAB24, out of bounds at UAB24, 1ST DOWN",1.1501283778681026,2025-11-29T22:44:48.000Z
401762517,40176251732,401762517651,22,4,UAB,American Athletic,24,Tulsa,American Athletic,24,Tulsa,UAB,4,"{'minutes': 6, 'seconds': 59}",3,3,76,76,1,10,6,False,Rush,(07:07) #4 J.Jackson rush right for 6 yards gain to the UAB30 (#15 A.Williams),0.3245554637561217,2025-11-29T22:45:24.000Z
401762517,40176251732,401762517655,22,5,UAB,American Athletic,24,Tulsa,American Athletic,24,Tulsa,UAB,4,"{'minutes': 6, 'seconds': 22}",3,3,70,70,2,4,0,False,Rush,(06:26) #4 J.Jackson rush middle for 0 yards to the UAB30 (#16 D.Robinson),-0.8357412910566246,2025-11-29T22:46:09.000Z
401762517,40176251732,401762517659,22,6,UAB,American Athletic,24,Tulsa,American Athletic,24,Tulsa,UAB,4,"{'minutes': 5, 'seconds': 34}",3,3,70,70,3,4,57,False,Pass Reception,"(05:44) Shotgun #7 J.Kitna pass complete deep middle to #5 K.Brown caught at Tulsa50, for 57 yards to the Tulsa13 (#21 S.Smith), 1ST DOWN",4.117874955670446,2025-11-29T22:46:52.000Z
401762517,40176251732,401762517664,22,7,UAB,American Athletic,24,Tulsa,American Athletic,24,Tulsa,UAB,4,"{'minutes': 5, 'seconds': 7}",3,3,13,13,1,10,2,False,Rush,(05:11) #3 I.Jacobs rush middle for 2 yards gain to the Tulsa11 (#99 T.Newhouse; #0 R.Coney),-0.17192441059024,2025-11-29T22:47:43.000Z
401762517,40176251732,401762517668,22,8,UAB,American Athletic,24,Tulsa,American Athletic,24,Tulsa,UAB,4,"{'minutes': 4, 'seconds': 44}",3,3,11,11,2,8,6,False,Rush,(04:48) #3 I.Jacobs rush middle for 6 yards gain to the Tulsa05 (#19 T.Cooper; #15 A.Williams),0.135564658550038,2025-11-29T22:51:21.000Z
401762517,40176251732,401762517672,22,9,UAB,American Athletic,24,Tulsa,American Athletic,24,Tulsa,UAB,4,"{'minutes': 4, 'seconds': 1}",3,3,5,5,3,2,2,False,Rush,"(04:07) #4 J.Jackson rush right for 2 yards gain to the Tulsa03 (#0 R.Coney; #99 T.Newhouse), 1ST DOWN",1.110837234354712,2025-11-29T22:52:02.000Z
401762517,40176251732,401762517676,22,10,UAB,American Athletic,31,Tulsa,American Athletic,24,Tulsa,UAB,4,"{'minutes': 3, 'seconds': 40}",3,3,3,3,1,3,3,True,Rushing Touchdown,"(03:41) #4 J.Jackson rush right for 3 yards gain to the Tulsa00 TOUCHDOWN, clock 03:40 #39 J.Delange kick attempt good (H: #27 P.Foley, LS: #47 C.Moser)",1.464451732731337,2025-11-29T22:53:43.000Z
401762517,40176251734,401762517683,23,1,UAB,American Athletic,31,Tulsa,American Athletic,24,Tulsa,UAB,4,"{'minutes': 3, 'seconds': 36}",3,3,65,65,1,10,11,False,Kickoff,(03:40) #35 O.Simpson kickoff 30 yards to the Tulsa35 #23 L.Lucas return 11 yards to the Tulsa46 (#1 S.Bryant),,2025-11-29T22:55:34.000Z
401762517,40176251734,401762517713,23,8,Tulsa,American Athletic,24,UAB,American Athletic,31,Tulsa,UAB,4,"{'minutes': 2, 'seconds': 0}",2,3,63,37,3,4,0,False,Timeout,"Timeout Tulsa, clock 02:00",,2025-11-29T22:59:04.000Z
401762517,40176251734,401762517724,23,12,Tulsa,American Athletic,24,UAB,American Athletic,31,Tulsa,UAB,4,"{'minutes': 0, 'seconds': 56}",2,3,79,21,4,9,0,False,Pass Incompletion,"(01:00) No Huddle-Shotgun #10 B.Hayes pass incomplete deep left to #7 Z.Steptoe thrown to UAB00 broken up by #18 D.Gulley, TURNOVER ON DOWNS",-2.823578699736391,2025-11-29T23:03:31.000Z
401762517,40176251734,401762517688,23,2,Tulsa,American Athletic,24,UAB,American Athletic,31,Tulsa,UAB,4,"{'minutes': 3, 'seconds': 28}",3,3,46,54,1,10,5,False,Rush,(03:35) Shotgun #2 A.Allen rush left for 5 yards gain to the UAB49 (#9 D.Warren; #15 J.Rogers),0.1068990350586356,2025-11-29T22:56:16.000Z
401762517,40176251734,401762517692,23,3,Tulsa,American Athletic,24,UAB,American Athletic,31,Tulsa,UAB,4,"{'minutes': 3, 'seconds': 7}",3,3,51,49,2,5,-2,False,Rush,(03:11) Shotgun #2 A.Allen rush middle for 2 yards loss to the Tulsa49 (#5 E.Toussom),-1.6446660053713096,2025-11-29T22:56:41.000Z
401762517,40176251734,401762517696,23,4,Tulsa,American Athletic,24,UAB,American Athletic,31,Tulsa,UAB,4,"{'minutes': 2, 'seconds': 37}",3,3,49,51,3,7,8,False,Rush,"(02:43) Shotgun #7 Z.Steptoe rush right for 8 yards gain to the UAB43 (#14 J.Vessel), out of bounds, 1ST DOWN",2.3702944200670277,2025-11-29T22:57:08.000Z
401762517,40176251734,401762517700,23,5,Tulsa,American Athletic,24,UAB,American Athletic,31,Tulsa,UAB,4,"{'minutes': 2, 'seconds': 31}",3,3,57,43,1,10,0,False,Pass Incompletion,(02:37) No Huddle-Shotgun #10 B.Hayes pass incomplete deep right to #15 J.Smith thrown to UAB00,-0.9391692565688832,2025-11-29T22:57:43.000Z
401762517,40176251734,401762517703,23,6,Tulsa,American Athletic,24,UAB,American Athletic,31,Tulsa,UAB,4,"{'minutes': 2, 'seconds': 26}",3,3,57,43,2,10,6,False,Rush,(02:31) Shotgun #1 B.Presley rush middle for 6 yards gain to the UAB37 (#14 J.Vessel),0.2913765923867794,2025-11-29T22:58:13.000Z
401762517,40176251734,401762517707,23,7,Tulsa,American Athletic,24,UAB,American Athletic,31,Tulsa,UAB,4,"{'minutes': 2, 'seconds': 0}",3,3,63,37,3,4,15,False,Rush,"(02:06) Shotgun #1 B.Presley rush right for 15 yards gain to the UAB22 (#14 J.Vessel), 1ST DOWN",1.352539985464498,2025-11-29T22:58:38.000Z
401762517,40176251734,401762517711,23,9,Tulsa,American Athletic,24,UAB,American Athletic,31,Tulsa,UAB,4,"{'minutes': 1, 'seconds': 53}",2,3,78,22,1,10,-2,False,Rush,(01:58) Shotgun #10 B.Hayes rush middle for 2 yards loss to the UAB24 (#59 C.Burge),-0.6012286044357436,2025-11-29T23:02:00.000Z
401762517,40176251734,401762517716,23,10,Tulsa,American Athletic,24,UAB,American Athletic,31,Tulsa,UAB,4,"{'minutes': 1, 'seconds': 36}",2,3,76,24,2,12,0,False,Pass Incompletion,(01:42) No Huddle-Shotgun #10 B.Hayes pass incomplete short right to #19 G.Tempest thrown to UAB06 QB hurried by #59 C.Burge,-0.6226112747362205,2025-11-29T23:02:19.000Z
401762517,40176251734,401762517719,23,11,Tulsa,American Athletic,24,UAB,American Athletic,31,Tulsa,UAB,4,"{'minutes': 1, 'seconds': 23}",2,3,76,24,3,12,3,False,Pass Reception,"(01:36) Shotgun #10 B.Hayes pass complete short right to #23 L.Lucas caught at UAB21, for 3 yards to the UAB21 (#1 S.Bryant)",-0.304958654443185,2025-11-29T23:02:56.000Z
401762517,40176251735,401762517734,24,2,Tulsa,American Athletic,24,UAB,American Athletic,31,Tulsa,UAB,4,"{'minutes': 0, 'seconds': 49}",1,3,79,21,1,10,0,False,Timeout,"Timeout Tulsa, clock 00:49",,2025-11-29T23:05:15.000Z
401762517,40176251735,401762517739,24,4,Tulsa,American Athletic,24,UAB,American Athletic,31,Tulsa,UAB,4,"{'minutes': 0, 'seconds': 42}",0,3,65,35,1,10,0,False,Timeout,"Timeout Tulsa, clock 00:42",,2025-11-29T23:06:26.000Z
401762517,40176251735,401762517743,24,7,Tulsa,American Athletic,24,UAB,American Athletic,31,Tulsa,UAB,4,"{'minutes': 0, 'seconds': 38}",-1,3,60,40,2,5,0,False,Timeout,"Timeout Tulsa, clock 00:38",,2025-11-29T23:07:45.000Z
401762517,40176251735,401762517747,24,8,UAB,American Athletic,31,Tulsa,American Athletic,24,Tulsa,UAB,4,"{'minutes': 0, 'seconds': 0}",3,-1,63,63,3,8,23,False,End of Game,End of 4th quarter.,,2025-11-29T23:09:01.000Z
401762517,40176251735,401762517728,24,1,UAB,American Athletic,31,Tulsa,American Athletic,24,Tulsa,UAB,4,"{'minutes': 0, 'seconds': 50}",3,2,79,79,1,10,14,False,Rush,"(00:56) #4 J.Jackson rush right for 14 yards gain to the UAB35 (#18 Z.Williams), 1ST DOWN",1.087817779125821,2025-11-29T23:04:45.000Z
401762517,40176251735,401762517737,24,5,UAB,American Athletic,31,Tulsa,American Athletic,24,Tulsa,UAB,4,"{'minutes': 0, 'seconds': 38}",3,0,60,60,2,5,-3,False,Rush,(00:42) Kneel down by UAB at UAB37 for loss of 3 yards,-1.5130276340227802,2025-11-29T23:07:23.000Z
401762517,40176251735,401762517732,24,3,UAB,American Athletic,31,Tulsa,American Athletic,24,Tulsa,UAB,4,"{'minutes': 0, 'seconds': 44}",3,1,65,65,1,10,5,False,Rush,(00:49) #3 I.Jacobs rush middle for 5 yards gain to the UAB40 (#99 T.Newhouse; #88 N.Johnson),0.1088137823196469,2025-11-29T23:06:04.000Z
401762517,40176251735,401762517741,24,6,UAB,American Athletic,31,Tulsa,American Athletic,24,Tulsa,UAB,4,"{'minutes': 0, 'seconds': 38}",3,0,63,63,3,8,-2,False,Rush,(00:38) Kneel down by UAB at UAB35 for loss of 2 yards,-0.5133051318391919,2025-11-29T23:08:25.000Z
