gameId,driveId,id,driveNumber,playNumber,offense,offenseConference,offenseScore,defense,defenseConference,defenseScore,home,away,period,clock,offenseTimeouts,defenseTimeouts,yardline,yardsToGoal,down,distance,yardsGained,scoring,playType,playText,ppa,wallclock
401752802,4017528022,401752802101854401,1,7,Michigan State,Big Ten,0,Western Michigan,Mid-American,0,Michigan State,Western Michigan,1,"{'minutes': 14, 'seconds': 55}",,,35,65,1,10,17,False,Kickoff Return (Offense),"Ryan Eckley kickoff for 65 yds , Devin Miles return for 17 yds to the WMU 17",,2025-08-29T23:06:19.000Z
401752802,4017528022,401752802101849904,1,1,Western Michigan,Mid-American,0,Michigan State,Big Ten,0,Michigan State,Western Michigan,1,"{'minutes': 15, 'seconds': 0}",,,83,83,1,10,35,False,Pass Reception,Brady Jones pass complete to Talique Williams for 35 yds to the MSU 48 for a 1ST down,2.8489487462717005,2025-08-29T23:06:19.000Z
401752802,4017528022,401752802101849905,1,2,Western Michigan,Mid-American,0,Michigan State,Big Ten,0,Michigan State,Western Michigan,1,"{'minutes': 15, 'seconds': 0}",,,48,48,1,10,4,False,Rush,Brady Jones run for 4 yds to the MSU 44,-0.1319374071745773,2025-08-29T23:06:19.000Z
401752802,4017528022,401752802101849906,1,3,Western Michigan,Mid-American,0,Michigan State,Big Ten,0,Michigan State,Western Michigan,1,"{'minutes': 15, 'seconds': 0}",,,44,44,2,6,12,False,Pass Reception,Brady Jones pass complete to Talique Williams for 12 yds to the MSU 32 for a 1ST down,0.946651817865572,2025-08-29T23:06:19.000Z
401752802,4017528022,401752802101849907,1,4,Western Michigan,Mid-American,0,Michigan State,Big Ten,0,Michigan State,Western Michigan,1,"{'minutes': 15, 'seconds': 0}",,,32,32,1,10,6,False,Rush,Brady Jones run for 6 yds to the MSU 26,0.2192055064438754,2025-08-29T23:06:19.000Z
401752802,4017528022,401752802101849908,1,5,Western Michigan,Mid-American,0,Michigan State,Big Ten,0,Michigan State,Western Michigan,1,"{'minutes': 15, 'seconds': 0}",,,26,26,2,4,-1,False,Rush,Jalen Buckley run for a loss of 1 yard to the MSU 27,-0.7721178291431375,2025-08-29T23:06:19.000Z
401752802,4017528022,401752802101849909,1,6,Western Michigan,Mid-American,0,Michigan State,Big Ten,0,Michigan State,Western Michigan,1,"{'minutes': 15, 'seconds': 0}",,,27,27,3,5,1,False,Rush,Brady Jones run for 1 yd to the MSU 26,-0.6319001032451885,2025-08-29T23:06:19.000Z
401752802,4017528022,401752802101888701,1,8,Western Michigan,Mid-American,0,Michigan State,Big Ten,0,Michigan State,Western Michigan,1,"{'minutes': 11, 'seconds': 12}",,,26,26,4,4,0,False,Pass Incompletion,"Brady Jones pass incomplete to Talique Williams, broken up by Ade Willie",-2.943668148466587,2025-08-29T23:11:05.000Z
401752802,4017528026,401752802101985705,2,5,Michigan State,Big Ten,7,Western Michigan,Mid-American,0,Michigan State,Western Michigan,1,"{'minutes': 0, 'seconds': 0}",,,47,53,0,2,0,False,End Period,End of 1st Quarter,,2025-08-29T23:42:05.000Z
401752802,4017528026,401752802101849910,2,1,Michigan State,Big Ten,7,Western Michigan,Mid-American,0,Michigan State,Western Michigan,1,"{'minutes': 15, 'seconds': 0}",,,47,53,3,2,5,False,Pass Incompletion,"Aidan Chiles pass incomplete to Omari Kelly for a 1ST down Western Michigan Penalty, off-side (Nadame Tucker) to the WMU 48 for a 1ST down",1.5007914953733543,2025-08-29T23:06:19.000Z
401752802,4017528026,401752802101985702,2,2,Michigan State,Big Ten,7,Western Michigan,Mid-American,0,Michigan State,Western Michigan,1,"{'minutes': 1, 'seconds': 42}",,,25,75,1,10,14,False,Pass Reception,Aidan Chiles pass complete to Omari Kelly for 14 yds to the MSU 39 for a 1ST down,1.2227390832564555,2025-08-29T23:34:42.000Z
401752802,4017528026,401752802101985703,2,3,Michigan State,Big Ten,7,Western Michigan,Mid-American,0,Michigan State,Western Michigan,1,"{'minutes': 1, 'seconds': 42}",,,39,61,1,10,7,False,Rush,Makhi Frazier run for 7 yds to the MSU 46,0.7076562230979297,2025-08-29T23:34:42.000Z
401752802,4017528026,401752802101985704,2,4,Michigan State,Big Ten,7,Western Michigan,Mid-American,0,Michigan State,Western Michigan,1,"{'minutes': 1, 'seconds': 42}",,,46,54,2,3,1,False,Rush,Makhi Frazier run for 1 yd to the MSU 47,-1.039665518286375,2025-08-29T23:34:42.000Z
401752802,4017528026,401752802102849901,2,6,Michigan State,Big Ten,7,Western Michigan,Mid-American,0,Michigan State,Western Michigan,2,"{'minutes': 15, 'seconds': 0}",,,52,48,1,10,-5,False,Rush,Elijah Tau-Tolliver run for a loss of 5 yards to the MSU 47,-2.1750333563636346,2025-08-29T23:42:05.000Z
401752802,4017528026,401752802102849903,2,7,Michigan State,Big Ten,7,Western Michigan,Mid-American,0,Michigan State,Western Michigan,2,"{'minutes': 15, 'seconds': 0}",,,47,53,2,15,10,False,Pass Reception,Aidan Chiles pass complete to Omari Kelly for 10 yds to the WMU 43,1.1747621204044432,2025-08-29T23:42:05.000Z
401752802,4017528026,401752802102849904,2,8,Michigan State,Big Ten,7,Western Michigan,Mid-American,0,Michigan State,Western Michigan,2,"{'minutes': 15, 'seconds': 0}",,,57,43,3,5,1,False,Rush,Aidan Chiles run for 1 yd to the WMU 42,-0.8621197140367584,2025-08-29T23:42:52.000Z
401752802,4017528026,401752802102849905,2,9,Michigan State,Big Ten,7,Western Michigan,Mid-American,0,Michigan State,Western Michigan,2,"{'minutes': 15, 'seconds': 0}",,,58,42,4,4,10,False,Pass Reception,Aidan Chiles pass complete to Omari Kelly for 10 yds to the WMU 32 for a 1ST down,2.6771053606869444,2025-08-29T23:42:52.000Z
401752802,4017528026,401752802102849906,2,10,Michigan State,Big Ten,7,Western Michigan,Mid-American,0,Michigan State,Western Michigan,2,"{'minutes': 15, 'seconds': 0}",,,68,32,1,10,11,False,Pass Incompletion,"Aidan Chiles pass incomplete to Nick Marsh for a 1ST down Western Michigan Penalty, Defensive pass interference (Aaron Wofford) to the WMU 21 for a 1ST down",0.2392226117934694,2025-08-29T23:42:52.000Z
401752802,4017528026,401752802102849907,2,11,Michigan State,Big Ten,7,Western Michigan,Mid-American,0,Michigan State,Western Michigan,2,"{'minutes': 15, 'seconds': 0}",,,79,21,1,10,6,False,Rush,Makhi Frazier run for 6 yds to the WMU 15,0.187709370950086,2025-08-29T23:42:52.000Z
401752802,4017528026,401752802102849908,2,12,Michigan State,Big Ten,7,Western Michigan,Mid-American,0,Michigan State,Western Michigan,2,"{'minutes': 15, 'seconds': 0}",,,85,15,2,4,8,False,Pass Reception,Aidan Chiles pass complete to Michael Masunas for 8 yds to the WMU 7 for a 1ST down,0.247832812518196,2025-08-29T23:42:52.000Z
401752802,4017528026,401752802102895601,2,13,Michigan State,Big Ten,14,Western Michigan,Mid-American,0,Michigan State,Western Michigan,2,"{'minutes': 10, 'seconds': 43}",,,93,7,1,7,7,True,Passing Touchdown,Aidan Chiles pass complete to Nick Marsh for 7 yds for a TD (Blake Sislo KICK),2.196754630327211,2025-08-29T23:50:41.000Z
401752802,4017528023,401752802101888702,3,1,Michigan State,Big Ten,0,Western Michigan,Mid-American,0,Michigan State,Western Michigan,1,"{'minutes': 11, 'seconds': 12}",,,26,74,1,10,6,False,Rush,Makhi Frazier run for 6 yds to the MSU 32,0.3420124320108239,2025-08-29T23:12:39.000Z
401752802,4017528023,401752802101888703,3,2,Michigan State,Big Ten,0,Western Michigan,Mid-American,0,Michigan State,Western Michigan,1,"{'minutes': 11, 'seconds': 12}",,,32,68,2,4,6,False,Pass Reception,Aidan Chiles pass complete to Omari Kelly for 6 yds to the MSU 38 for a 1ST down,0.7117602397706514,2025-08-29T23:12:39.000Z
401752802,4017528023,401752802101888704,3,3,Michigan State,Big Ten,0,Western Michigan,Mid-American,0,Michigan State,Western Michigan,1,"{'minutes': 11, 'seconds': 12}",,,38,62,1,10,8,False,Pass Reception,Aidan Chiles pass complete to Nick Marsh for 8 yds to the MSU 46,1.0316758541779354,2025-08-29T23:12:39.000Z
401752802,4017528023,401752802101888705,3,4,Michigan State,Big Ten,0,Western Michigan,Mid-American,0,Michigan State,Western Michigan,1,"{'minutes': 11, 'seconds': 12}",,,46,54,2,2,0,False,Rush,Makhi Frazier run for no gain to the MSU 46,-1.3606735041429516,2025-08-29T23:12:39.000Z
401752802,4017528023,401752802101888706,3,5,Michigan State,Big Ten,0,Western Michigan,Mid-American,0,Michigan State,Western Michigan,1,"{'minutes': 11, 'seconds': 12}",,,46,54,3,2,3,False,Pass Reception,Aidan Chiles pass complete to Jack Velling for 3 yds to the MSU 49 for a 1ST down,1.3586340867515678,2025-08-29T23:12:39.000Z
401752802,4017528023,401752802101888707,3,6,Michigan State,Big Ten,0,Western Michigan,Mid-American,0,Michigan State,Western Michigan,1,"{'minutes': 11, 'seconds': 12}",,,49,51,1,10,0,False,Pass Incompletion,Aidan Chiles pass incomplete to Brandon Tullis,-1.1301991718133413,2025-08-29T23:12:39.000Z
401752802,4017528023,401752802101888708,3,7,Michigan State,Big Ten,0,Western Michigan,Mid-American,0,Michigan State,Western Michigan,1,"{'minutes': 11, 'seconds': 12}",,,49,51,2,10,8,False,Rush,Makhi Frazier run for 8 yds to the WMU 43,0.830712610096537,2025-08-29T23:12:39.000Z
401752802,4017528023,401752802101888709,3,8,Michigan State,Big Ten,0,Western Michigan,Mid-American,0,Michigan State,Western Michigan,1,"{'minutes': 11, 'seconds': 12}",,,57,43,3,2,28,False,Rush,Makhi Frazier run for 28 yds to the WMU 15 for a 1ST down,1.6646546760446603,2025-08-29T23:12:39.000Z
401752802,4017528023,401752802101888710,3,9,Michigan State,Big Ten,0,Western Michigan,Mid-American,0,Michigan State,Western Michigan,1,"{'minutes': 11, 'seconds': 12}",,,85,15,1,10,3,False,Rush,Makhi Frazier run for 3 yds to the WMU 12,-0.103053233199689,2025-08-29T23:12:39.000Z
401752802,4017528023,401752802101946901,3,10,Michigan State,Big Ten,7,Western Michigan,Mid-American,0,Michigan State,Western Michigan,1,"{'minutes': 5, 'seconds': 30}",,,88,12,2,7,12,True,Rushing Touchdown,Brandon Tullis run for 12 yds for a TD (Blake Sislo KICK),2.661252322764772,2025-08-29T23:18:54.000Z
401752802,4017528025,401752802101947401,4,1,Michigan State,Big Ten,7,Western Michigan,Mid-American,0,Michigan State,Western Michigan,1,"{'minutes': 5, 'seconds': 25}",,,35,65,1,10,20,False,Kickoff Return (Offense),"Ryan Eckley kickoff for 63 yds , Devin Miles return for 20 yds to the WMU 22",,2025-08-29T23:22:41.000Z
401752802,4017528025,401752802101985701,4,8,Western Michigan,Mid-American,0,Michigan State,Big Ten,7,Michigan State,Western Michigan,1,"{'minutes': 1, 'seconds': 42}",,,68,68,4,13,0,False,Punt,Ryan Millmore punt for 43 yds,,2025-08-29T23:34:42.000Z
401752802,4017528025,401752802101947402,4,2,Western Michigan,Mid-American,0,Michigan State,Big Ten,7,Michigan State,Western Michigan,1,"{'minutes': 5, 'seconds': 25}",,,78,78,1,10,1,False,Rush,Jalen Buckley run for 1 yd to the WMU 23,-0.5142195293967999,2025-08-29T23:22:41.000Z
401752802,4017528025,401752802101947403,4,3,Western Michigan,Mid-American,0,Michigan State,Big Ten,7,Michigan State,Western Michigan,1,"{'minutes': 5, 'seconds': 25}",,,77,77,2,9,7,False,Rush,Jalen Buckley run for 7 yds to the WMU 30,0.32578176920030005,2025-08-29T23:22:41.000Z
401752802,4017528025,401752802101947404,4,4,Western Michigan,Mid-American,0,Michigan State,Big Ten,7,Michigan State,Western Michigan,1,"{'minutes': 5, 'seconds': 25}",,,70,70,3,2,5,False,Pass Reception,Brady Jones pass complete to Talique Williams for 5 yds to the WMU 35 for a 1ST down,1.2177055518462874,2025-08-29T23:22:41.000Z
401752802,4017528025,401752802101947405,4,5,Western Michigan,Mid-American,0,Michigan State,Big Ten,7,Michigan State,Western Michigan,1,"{'minutes': 5, 'seconds': 25}",,,65,65,1,10,-4,False,Rush,Devin Miles run for a loss of 4 yards to the WMU 31,-1.548221265043729,2025-08-29T23:22:41.000Z
401752802,4017528025,401752802101947406,4,6,Western Michigan,Mid-American,0,Michigan State,Big Ten,7,Michigan State,Western Michigan,1,"{'minutes': 5, 'seconds': 25}",,,69,69,2,14,5,False,Pass Reception,Brady Jones pass complete to Talique Williams for 5 yds to the WMU 36,0.03087497016508677,2025-08-29T23:22:41.000Z
401752802,4017528025,401752802101976401,4,7,Western Michigan,Mid-American,0,Michigan State,Big Ten,7,Michigan State,Western Michigan,1,"{'minutes': 2, 'seconds': 35}",,,64,64,3,9,-4,False,Fumble Recovery (Own),"Brady Jones sacked by Anelu Lafaele for a loss of 4 yards to the WMU 32 Brady Jones fumbled, recovered by WMU Brady Jones , return for 0 yards",-0.5014109695321531,2025-08-29T23:30:43.000Z
401752802,4017528028,401752802102895603,5,1,Michigan State,Big Ten,14,Western Michigan,Mid-American,0,Michigan State,Western Michigan,2,"{'minutes': 10, 'seconds': 43}",,,35,65,1,10,0,False,Kickoff,Ryan Eckley kickoff for 65 yds for a touchback,,2025-08-29T23:52:05.000Z
401752802,4017528028,401752802102895607,5,5,Western Michigan,Mid-American,0,Michigan State,Big Ten,14,Michigan State,Western Michigan,2,"{'minutes': 10, 'seconds': 43}",,,75,75,4,10,-5,False,Penalty,"Western Michigan Penalty, delay of game (Talique Williams) to the WMU 20",,2025-08-29T23:54:32.000Z
401752802,4017528028,401752802102899401,5,6,Western Michigan,Mid-American,0,Michigan State,Big Ten,14,Michigan State,Western Michigan,2,"{'minutes': 10, 'seconds': 5}",,,80,80,4,15,61,False,Punt,"Ryan Millmore punt for 51 yds Michigan State Penalty, Offensive holding (Anthony Pinnace III) to the MSU 19",,2025-08-29T23:54:59.000Z
401752802,4017528028,401752802102895604,5,2,Western Michigan,Mid-American,0,Michigan State,Big Ten,14,Michigan State,Western Michigan,2,"{'minutes': 10, 'seconds': 43}",,,75,75,1,10,0,False,Pass Incompletion,"Brady Jones pass incomplete to Blake Bosma, broken up by Brady Pretzlaff",-0.7029700220436519,2025-08-29T23:52:05.000Z
401752802,4017528028,401752802102895605,5,3,Western Michigan,Mid-American,0,Michigan State,Big Ten,14,Michigan State,Western Michigan,2,"{'minutes': 10, 'seconds': 43}",,,75,75,2,10,0,False,Rush,Jalen Buckley run for no gain to the WMU 25,-0.34710487712173865,2025-08-29T23:52:05.000Z
401752802,4017528028,401752802102895606,5,4,Western Michigan,Mid-American,0,Michigan State,Big Ten,14,Michigan State,Western Michigan,2,"{'minutes': 10, 'seconds': 43}",,,75,75,3,10,0,False,Pass Incompletion,Brady Jones pass incomplete to Blake Bosma,-0.15871308844886392,2025-08-29T23:54:06.000Z
401752802,4017528029,401752802102945301,6,7,Michigan State,Big Ten,14,Western Michigan,Mid-American,0,Michigan State,Western Michigan,2,"{'minutes': 5, 'seconds': 46}",,,47,53,4,11,0,False,Punt,Ryan Eckley punt for 51 yds,,2025-08-30T00:02:54.000Z
401752802,4017528029,401752802102899402,6,1,Michigan State,Big Ten,14,Western Michigan,Mid-American,0,Michigan State,Western Michigan,2,"{'minutes': 10, 'seconds': 5}",,,19,81,1,10,8,False,Rush,Brandon Tullis run for 8 yds to the MSU 27,0.7756370382176572,2025-08-29T23:58:32.000Z
401752802,4017528029,401752802102899403,6,2,Michigan State,Big Ten,14,Western Michigan,Mid-American,0,Michigan State,Western Michigan,2,"{'minutes': 10, 'seconds': 5}",,,27,73,2,2,7,False,Rush,Brandon Tullis run for 7 yds to the MSU 34 for a 1ST down,0.3262130930555252,2025-08-29T23:58:32.000Z
401752802,4017528029,401752802102899404,6,3,Michigan State,Big Ten,14,Western Michigan,Mid-American,0,Michigan State,Western Michigan,2,"{'minutes': 10, 'seconds': 5}",,,34,66,1,10,14,False,Pass Reception,Aidan Chiles pass complete to Omari Kelly for 14 yds to the MSU 48 for a 1ST down,1.328715101019183,2025-08-29T23:58:32.000Z
401752802,4017528029,401752802102899405,6,4,Michigan State,Big Ten,14,Western Michigan,Mid-American,0,Michigan State,Western Michigan,2,"{'minutes': 10, 'seconds': 5}",,,48,52,1,10,-5,False,Rush,Aidan Chiles run for a loss of 5 yards to the MSU 43,-2.172444977487558,2025-08-29T23:58:32.000Z
401752802,4017528029,401752802102899406,6,5,Michigan State,Big Ten,14,Western Michigan,Mid-American,0,Michigan State,Western Michigan,2,"{'minutes': 10, 'seconds': 5}",,,43,57,2,15,-7,False,Sack,Aidan Chiles sacked by Nadame Tucker for a loss of 7 yards to the MSU 36,-1.0377636813728808,2025-08-30T00:01:27.000Z
401752802,4017528029,401752802102899407,6,6,Michigan State,Big Ten,14,Western Michigan,Mid-American,0,Michigan State,Western Michigan,2,"{'minutes': 10, 'seconds': 5}",,,36,64,3,22,11,False,Rush,Brandon Tullis run for 11 yds to the MSU 47,0.3476016311805603,2025-08-30T00:01:27.000Z
401752802,40175280210,401752802102958401,7,4,Western Michigan,Mid-American,0,Michigan State,Big Ten,14,Michigan State,Western Michigan,2,"{'minutes': 4, 'seconds': 15}",,,89,89,4,1,0,False,Punt,Ryan Millmore punt for 43 yds,,2025-08-30T00:12:06.000Z
401752802,40175280210,401752802102945302,7,1,Western Michigan,Mid-American,0,Michigan State,Big Ten,14,Michigan State,Western Michigan,2,"{'minutes': 5, 'seconds': 46}",,,98,98,1,10,1,False,Rush,Jalen Buckley run for 1 yd to the WMU 3,-0.21015051797051676,2025-08-30T00:02:54.000Z
401752802,40175280210,401752802102945303,7,2,Western Michigan,Mid-American,0,Michigan State,Big Ten,14,Michigan State,Western Michigan,2,"{'minutes': 5, 'seconds': 46}",,,97,97,2,9,0,False,Pass Incompletion,Brady Jones pass incomplete to Jalen Buckley,-0.12973459591188607,2025-08-30T00:02:54.000Z
401752802,40175280210,401752802102954501,7,3,Western Michigan,Mid-American,0,Michigan State,Big Ten,14,Michigan State,Western Michigan,2,"{'minutes': 4, 'seconds': 54}",,,97,97,3,9,8,False,Pass Reception,Brady Jones pass complete to Aveion Chenault for 8 yds to the WMU 11,0.10158522328100793,2025-08-30T00:10:57.000Z
401752802,40175280211,401752802102958402,8,1,Michigan State,Big Ten,14,Western Michigan,Mid-American,0,Michigan State,Western Michigan,2,"{'minutes': 4, 'seconds': 15}",,,46,54,1,10,3,False,Rush,Aidan Chiles run for 3 yds to the MSU 49,-0.4184086843592085,2025-08-30T00:12:06.000Z
401752802,40175280211,401752802102958403,8,2,Michigan State,Big Ten,14,Western Michigan,Mid-American,0,Michigan State,Western Michigan,2,"{'minutes': 4, 'seconds': 15}",,,49,51,2,7,8,False,Rush,Omari Kelly run for 8 yds to the WMU 43 for a 1ST down,1.2509361341135623,2025-08-30T00:14:06.000Z
401752802,40175280211,401752802102958404,8,3,Michigan State,Big Ten,14,Western Michigan,Mid-American,0,Michigan State,Western Michigan,2,"{'minutes': 4, 'seconds': 15}",,,57,43,1,10,0,False,Pass Incompletion,Aidan Chiles pass incomplete to Omari Kelly,-0.9391692565688832,2025-08-30T00:14:06.000Z
401752802,40175280211,401752802102958405,8,4,Michigan State,Big Ten,14,Western Michigan,Mid-American,0,Michigan State,Western Michigan,2,"{'minutes': 4, 'seconds': 15}",,,57,43,2,10,8,False,Rush,Makhi Frazier run for 8 yds to the WMU 35,0.7190243061398204,2025-08-30T00:14:06.000Z
401752802,40175280211,401752802102958406,8,5,Michigan State,Big Ten,14,Western Michigan,Mid-American,0,Michigan State,Western Michigan,2,"{'minutes': 4, 'seconds': 15}",,,65,35,3,2,26,False,Rush,Aidan Chiles run for 26 yds to the WMU 9 for a 1ST down,1.148277214713449,2025-08-30T00:14:06.000Z
401752802,40175280211,401752802102984101,8,6,Michigan State,Big Ten,21,Western Michigan,Mid-American,0,Michigan State,Western Michigan,2,"{'minutes': 1, 'seconds': 58}",,,91,9,1,9,9,True,Rushing Touchdown,Makhi Frazier run for 9 yds for a TD (Blake Sislo KICK),2.424237823646468,2025-08-30T00:20:06.000Z
401752802,40175280213,401752802102984901,9,1,Michigan State,Big Ten,21,Western Michigan,Mid-American,0,Michigan State,Western Michigan,2,"{'minutes': 1, 'seconds': 50}",,,35,65,1,10,0,False,Kickoff,Ryan Eckley kickoff for 65 yds for a touchback,,2025-08-30T00:22:07.000Z
401752802,40175280213,401752802102994901,9,5,Western Michigan,Mid-American,0,Michigan State,Big Ten,21,Michigan State,Western Michigan,2,"{'minutes': 0, 'seconds': 50}",,,69,69,4,4,20,False,Punt,"Ryan Millmore punt for 47 yds , Omari Kelly returns for 20 yds to the MSU 42",,2025-08-30T00:24:29.000Z
401752802,40175280213,401752802102984902,9,2,Western Michigan,Mid-American,0,Michigan State,Big Ten,21,Michigan State,Western Michigan,2,"{'minutes': 1, 'seconds': 50}",,,75,75,1,10,0,False,Pass Incompletion,Brady Jones pass incomplete to Devin Miles,-0.7029700220436519,2025-08-30T00:22:07.000Z
401752802,40175280213,401752802102984903,9,3,Western Michigan,Mid-American,0,Michigan State,Big Ten,21,Michigan State,Western Michigan,2,"{'minutes': 1, 'seconds': 50}",,,75,75,2,10,6,False,Pass Reception,Brady Jones pass complete to Talique Williams for 6 yds to the WMU 31,0.16823773848787482,2025-08-30T00:24:06.000Z
401752802,40175280213,401752802102984904,9,4,Western Michigan,Mid-American,0,Michigan State,Big Ten,21,Michigan State,Western Michigan,2,"{'minutes': 1, 'seconds': 50}",,,69,69,3,4,0,False,Pass Incompletion,"Brady Jones pass incomplete to Devin Miles, broken up by Grady Kelly",-0.43770162015070735,2025-08-30T00:24:06.000Z
401752802,40175280214,401752802102997901,10,4,Michigan State,Big Ten,21,Western Michigan,Mid-American,0,Michigan State,Western Michigan,2,"{'minutes': 0, 'seconds': 20}",,,32,68,4,20,0,False,Punt,"Ryan Eckley punt for 54 yds , Talique Williams returns for no gain to the WMU 12",,2025-08-30T00:30:19.000Z
401752802,40175280214,401752802102994902,10,1,Michigan State,Big Ten,21,Western Michigan,Mid-American,0,Michigan State,Western Michigan,2,"{'minutes': 0, 'seconds': 50}",,,42,58,1,10,-17,False,Fumble Recovery (Own),"Aidan Chiles sacked by Nadame Tucker for a loss of 17 yards to the MSU 25 Aidan Chiles fumbled, recovered by MSU Conner Moore , return for 0 yards",-2.732522559709423,2025-08-30T00:24:29.000Z
401752802,40175280214,401752802102995801,10,2,Michigan State,Big Ten,21,Western Michigan,Mid-American,0,Michigan State,Western Michigan,2,"{'minutes': 0, 'seconds': 41}",,,25,75,2,27,-5,False,Pass Reception,Aidan Chiles pass complete to Makhi Frazier for a loss of 5 yards to the MSU 20,-0.09465195182983521,2025-08-30T00:28:19.000Z
401752802,40175280214,401752802102996401,10,3,Michigan State,Big Ten,21,Western Michigan,Mid-American,0,Michigan State,Western Michigan,2,"{'minutes': 0, 'seconds': 35}",,,20,80,3,32,12,False,Rush,Brandon Tullis run for 12 yds to the MSU 32,0.05361888071963426,2025-08-30T00:28:44.000Z
401752802,40175280215,401752802102997902,11,1,Western Michigan,Mid-American,0,Michigan State,Big Ten,21,Michigan State,Western Michigan,2,"{'minutes': 0, 'seconds': 20}",,,88,88,1,10,7,False,Pass Reception,Brady Jones pass complete to Jalen Buckley for 7 yds to the WMU 19,0.4067090181335251,2025-08-30T00:30:43.000Z
401752802,40175280215,401752802102998901,11,2,Western Michigan,Mid-American,0,Michigan State,Big Ten,21,Michigan State,Western Michigan,2,"{'minutes': 0, 'seconds': 10}",,,81,81,2,3,0,False,Interception,Brady Jones pass intercepted,-0.6754490265492086,2025-08-29T23:42:52.000Z
401752802,40175280216,401752802102999601,12,2,Michigan State,Big Ten,21,Western Michigan,Mid-American,0,Michigan State,Western Michigan,2,"{'minutes': 0, 'seconds': 3}",,,72,28,2,10,46,False,Field Goal Missed,Ryan Eckley 46 Yard Field Goal Missed,,2025-08-30T00:56:05.000Z
401752802,40175280216,401752802102998902,12,1,Michigan State,Big Ten,21,Western Michigan,Mid-American,0,Michigan State,Western Michigan,2,"{'minutes': 0, 'seconds': 10}",,,72,28,1,10,0,False,Pass Reception,Aidan Chiles pass complete to Omari Kelly for no gain to the WMU 28,-0.512081873784803,2025-08-29T23:42:52.000Z
401752802,40175280218,401752802103849901,13,1,Western Michigan,Mid-American,0,Michigan State,Big Ten,21,Michigan State,Western Michigan,3,"{'minutes': 15, 'seconds': 0}",,,65,65,1,10,0,False,Kickoff,Hunter Smith kickoff for 65 yds for a touchback,,2025-08-30T00:58:30.000Z
401752802,40175280218,401752802103859401,13,5,Michigan State,Big Ten,21,Western Michigan,Mid-American,0,Michigan State,Western Michigan,3,"{'minutes': 14, 'seconds': 5}",,,24,76,4,11,0,False,Punt,Ryan Eckley punt for 47 yds,,2025-08-30T01:00:19.000Z
401752802,40175280218,401752802103849903,13,2,Michigan State,Big Ten,21,Western Michigan,Mid-American,0,Michigan State,Western Michigan,3,"{'minutes': 15, 'seconds': 0}",,,25,75,1,10,-1,False,Rush,Brandon Tullis run for a loss of 1 yard to the MSU 24,-0.8014893508157099,2025-08-30T00:58:30.000Z
401752802,40175280218,401752802103849904,13,3,Michigan State,Big Ten,21,Western Michigan,Mid-American,0,Michigan State,Western Michigan,3,"{'minutes': 15, 'seconds': 0}",,,24,76,2,11,0,False,Pass Incompletion,Aidan Chiles pass incomplete to Omari Kelly,-0.29427450685877776,2025-08-30T00:58:56.000Z
401752802,40175280218,401752802103849905,13,4,Michigan State,Big Ten,21,Western Michigan,Mid-American,0,Michigan State,Western Michigan,3,"{'minutes': 15, 'seconds': 0}",,,24,76,3,11,0,False,Pass Incompletion,Aidan Chiles pass incomplete to Chrishon McCray,-0.13329329160465786,2025-08-30T00:58:56.000Z
401752802,40175280219,401752802103859402,15,1,Western Michigan,Mid-American,0,Michigan State,Big Ten,21,Michigan State,Western Michigan,3,"{'minutes': 14, 'seconds': 5}",,,71,71,1,10,0,False,Pass Incompletion,Broc Lowry pass incomplete to Aveion Chenault,-0.8305196050291288,2025-08-30T01:00:19.000Z
401752802,40175280219,401752802103859403,15,2,Western Michigan,Mid-American,0,Michigan State,Big Ten,21,Michigan State,Western Michigan,3,"{'minutes': 14, 'seconds': 5}",,,71,71,2,10,42,False,Pass Reception,Broc Lowry pass complete to Baylin Brooks for 42 yds to the MSU 29 for a 1ST down,3.8178352931859814,2025-08-30T01:00:19.000Z
401752802,40175280219,401752802103859404,15,3,Western Michigan,Mid-American,0,Michigan State,Big Ten,21,Michigan State,Western Michigan,3,"{'minutes': 14, 'seconds': 5}",,,29,29,1,10,0,False,Pass Incompletion,Broc Lowry pass incomplete to Jalen Buckley,-0.534372502378378,2025-08-30T01:04:06.000Z
401752802,40175280219,401752802103859405,15,4,Western Michigan,Mid-American,0,Michigan State,Big Ten,21,Michigan State,Western Michigan,3,"{'minutes': 14, 'seconds': 5}",,,29,29,2,10,-2,False,Rush,Jalen Buckley run for a loss of 2 yards to the MSU 31,-1.1201038345679084,2025-08-30T01:04:06.000Z
401752802,40175280219,401752802103859406,15,5,Western Michigan,Mid-American,0,Michigan State,Big Ten,21,Michigan State,Western Michigan,3,"{'minutes': 14, 'seconds': 5}",,,31,31,3,12,0,False,Rush,Broc Lowry run for no gain to the MSU 31,-1.009963272572767,2025-08-30T01:04:06.000Z
401752802,40175280219,401752802103886501,15,6,Western Michigan,Mid-American,0,Michigan State,Big Ten,21,Michigan State,Western Michigan,3,"{'minutes': 11, 'seconds': 34}",,,31,31,4,12,11,False,Pass Reception,Broc Lowry pass complete to Talique Williams for 11 yds to the MSU 20,-1.5472592058828347,2025-08-30T01:08:30.000Z
401752802,40175280220,401752802103885705,16,5,Michigan State,Big Ten,21,Western Michigan,Mid-American,0,Michigan State,Western Michigan,3,"{'minutes': 11, 'seconds': 42}",,,62,38,3,2,-5,False,Penalty,"Michigan State Penalty, false start (Jack Velling) to the WMU 43",,2025-08-30T00:58:56.000Z
401752802,40175280220,401752802103919301,16,7,Michigan State,Big Ten,21,Western Michigan,Mid-American,0,Michigan State,Western Michigan,3,"{'minutes': 8, 'seconds': 6}",,,58,42,4,6,0,False,Punt,Ryan Eckley punt for 41 yds,,2025-08-30T01:12:45.000Z
401752802,40175280220,401752802103885706,16,6,Michigan State,Big Ten,21,Western Michigan,Mid-American,0,Michigan State,Western Michigan,3,"{'minutes': 11, 'seconds': 42}",,,57,43,3,7,1,False,Rush,Aidan Chiles run for 1 yd to the WMU 42,-0.8191568501780928,2025-08-30T00:58:56.000Z
401752802,40175280220,401752802103885701,16,1,Michigan State,Big Ten,21,Western Michigan,Mid-American,0,Michigan State,Western Michigan,3,"{'minutes': 11, 'seconds': 42}",,,20,80,1,10,16,False,Rush,Makhi Frazier run for 16 yds to the MSU 36 for a 1ST down,1.2388651878297718,2025-08-30T00:58:56.000Z
401752802,40175280220,401752802103885702,16,2,Michigan State,Big Ten,21,Western Michigan,Mid-American,0,Michigan State,Western Michigan,3,"{'minutes': 11, 'seconds': 42}",,,36,64,1,10,18,False,Rush,Aidan Chiles run for 18 yds to the WMU 46 for a 1ST down,1.6039051996408666,2025-08-30T00:58:56.000Z
401752802,40175280220,401752802103885703,16,3,Michigan State,Big Ten,21,Western Michigan,Mid-American,0,Michigan State,Western Michigan,3,"{'minutes': 11, 'seconds': 42}",,,54,46,1,10,3,False,Rush,Brandon Tullis run for 3 yds to the WMU 43,-0.3418939310329067,2025-08-30T00:58:56.000Z
401752802,40175280220,401752802103885704,16,4,Michigan State,Big Ten,21,Western Michigan,Mid-American,0,Michigan State,Western Michigan,3,"{'minutes': 11, 'seconds': 42}",,,57,43,2,7,5,False,Rush,Makhi Frazier run for 5 yds to the WMU 38,0.0899871108616336,2025-08-30T00:58:56.000Z
401752802,40175280221,401752802103919801,17,1,Western Michigan,Mid-American,0,Michigan State,Big Ten,23,Michigan State,Western Michigan,3,"{'minutes': 8, 'seconds': 1}",,,99,99,1,10,-1,True,Safety,Team Safety,-2.008320148130591,2025-08-30T01:17:00.000Z
401752802,40175280223,401752802103924301,18,1,Western Michigan,Mid-American,0,Michigan State,Big Ten,25,Michigan State,Western Michigan,3,"{'minutes': 7, 'seconds': 56}",,,80,80,1,10,22,False,Kickoff Return (Offense),"Hunter Smith kickoff for 60 yds , Alante Brown return for 22 yds to the MSU 42",,2025-08-30T01:18:20.000Z
401752802,40175280223,401752802103938001,18,5,Michigan State,Big Ten,25,Western Michigan,Mid-American,0,Michigan State,Western Michigan,3,"{'minutes': 6, 'seconds': 19}",,,44,56,4,8,56,False,Punt,"Ryan Eckley punt for 56 yds, punt out-of-bounds at the WMU 12 , Keivin Boone-Nelson II returns for no gain to the WMU 12 , Keivin Boone-Nelson II returns for 12 yds to the WMU 12",,2025-08-30T01:22:06.000Z
401752802,40175280223,401752802103924302,18,2,Michigan State,Big Ten,25,Western Michigan,Mid-American,0,Michigan State,Western Michigan,3,"{'minutes': 7, 'seconds': 56}",,,42,58,1,10,4,False,Rush,Makhi Frazier run for 4 yds to the MSU 46,-0.1665264279012551,2025-08-30T01:20:06.000Z
401752802,40175280223,401752802103924303,18,3,Michigan State,Big Ten,25,Western Michigan,Mid-American,0,Michigan State,Western Michigan,3,"{'minutes': 7, 'seconds': 56}",,,46,54,2,6,-2,False,Rush,Rodney Bullard Jr. run for a loss of 2 yards to the MSU 44,-1.5030128440981008,2025-08-30T01:20:06.000Z
401752802,40175280223,401752802103924304,18,4,Michigan State,Big Ten,25,Western Michigan,Mid-American,0,Michigan State,Western Michigan,3,"{'minutes': 7, 'seconds': 56}",,,44,56,3,8,0,False,Pass Incompletion,Aidan Chiles pass incomplete to Evan Boyd,-0.6058033544202903,2025-08-30T01:20:06.000Z
401752802,40175280224,401752802103976301,19,9,Western Michigan,Mid-American,0,Michigan State,Big Ten,25,Michigan State,Western Michigan,3,"{'minutes': 2, 'seconds': 36}",,,28,28,4,17,46,False,Field Goal Missed,Hunter Smith 46 yd FG MISSED,,2025-08-30T01:32:44.000Z
401752802,40175280224,401752802103938002,19,1,Western Michigan,Mid-American,0,Michigan State,Big Ten,25,Michigan State,Western Michigan,3,"{'minutes': 6, 'seconds': 19}",,,88,88,1,10,12,False,Rush,Jalen Buckley run for 12 yds to the WMU 24 for a 1ST down,0.5856416481685258,2025-08-30T01:22:06.000Z
401752802,40175280224,401752802103938003,19,2,Western Michigan,Mid-American,0,Michigan State,Big Ten,25,Michigan State,Western Michigan,3,"{'minutes': 6, 'seconds': 19}",,,76,76,1,10,3,False,Rush,Broc Lowry run for 3 yds to the WMU 27,-0.2835190304977822,2025-08-30T01:22:06.000Z
401752802,40175280224,401752802103938004,19,3,Western Michigan,Mid-American,0,Michigan State,Big Ten,25,Michigan State,Western Michigan,3,"{'minutes': 6, 'seconds': 19}",,,73,73,2,7,-1,False,Rush,Christian Leary run for a loss of 1 yard to the WMU 26,-0.604640695393238,2025-08-30T01:22:06.000Z
401752802,40175280224,401752802103938005,19,4,Western Michigan,Mid-American,0,Michigan State,Big Ten,25,Michigan State,Western Michigan,3,"{'minutes': 6, 'seconds': 19}",,,74,74,3,8,23,False,Rush,Broc Lowry run for 23 yds to the WMU 49 for a 1ST down,3.110410865413872,2025-08-30T01:22:06.000Z
401752802,40175280224,401752802103938006,19,5,Western Michigan,Mid-American,0,Michigan State,Big Ten,25,Michigan State,Western Michigan,3,"{'minutes': 6, 'seconds': 19}",,,51,51,1,10,30,False,Pass Reception,Broc Lowry pass complete to Baylin Brooks for 30 yds to the MSU 21 for a 1ST down,1.291070390097446,2025-08-30T01:22:06.000Z
401752802,40175280224,401752802103938007,19,6,Western Michigan,Mid-American,0,Michigan State,Big Ten,25,Michigan State,Western Michigan,3,"{'minutes': 6, 'seconds': 19}",,,21,21,1,10,0,False,Pass Incompletion,Broc Lowry pass incomplete to Baylin Brooks,-0.3882383440694163,2025-08-30T01:22:06.000Z
401752802,40175280224,401752802103938008,19,7,Western Michigan,Mid-American,0,Michigan State,Big Ten,25,Michigan State,Western Michigan,3,"{'minutes': 6, 'seconds': 19}",,,21,21,2,10,-7,False,Sack,Broc Lowry sacked by Jordan Hall for a loss of 7 yards to the MSU 28,-1.705114914963115,2025-08-30T01:22:06.000Z
401752802,40175280224,401752802103938009,19,8,Western Michigan,Mid-American,0,Michigan State,Big Ten,25,Michigan State,Western Michigan,3,"{'minutes': 6, 'seconds': 19}",,,28,28,3,17,0,False,Pass Incompletion,Broc Lowry pass incomplete to Devin Miles,-0.9941251111009635,2025-08-30T01:22:06.000Z
401752802,40175280225,401752802103976305,14,5,Michigan State,Big Ten,25,Western Michigan,Mid-American,0,Michigan State,Western Michigan,3,"{'minutes': 0, 'seconds': 0}",,,45,55,0,5,0,False,End Period,End of 3rd Quarter,,2025-08-30T01:40:06.000Z
401752802,40175280225,401752802104858501,14,7,Michigan State,Big Ten,25,Western Michigan,Mid-American,0,Michigan State,Western Michigan,4,"{'minutes': 14, 'seconds': 14}",,,41,59,4,9,0,False,Punt,Ryan Eckley punt for 59 yds,,2025-08-30T01:44:06.000Z
401752802,40175280225,401752802103849906,14,1,Michigan State,Big Ten,23,Western Michigan,Mid-American,0,Michigan State,Western Michigan,3,"{'minutes': 15, 'seconds': 0}",,,45,55,2,5,-2,False,Rush,Elijah Tau-Tolliver run for a loss of 2 yards to the MSU 43,-1.5551459921688533,2025-08-30T00:58:56.000Z
401752802,40175280225,401752802103976302,14,2,Michigan State,Big Ten,25,Western Michigan,Mid-American,0,Michigan State,Western Michigan,3,"{'minutes': 2, 'seconds': 36}",,,28,72,1,10,6,False,Pass Reception,Aidan Chiles pass complete to Nick Marsh for 6 yds to the MSU 34,0.3584299311182697,2025-08-30T01:32:44.000Z
401752802,40175280225,401752802103976303,14,3,Michigan State,Big Ten,25,Western Michigan,Mid-American,0,Michigan State,Western Michigan,3,"{'minutes': 2, 'seconds': 36}",,,34,66,2,4,6,False,Pass Reception,Aidan Chiles pass complete to Nick Marsh for 6 yds to the MSU 40 for a 1ST down,0.7403021770041072,2025-08-30T01:32:44.000Z
401752802,40175280225,401752802103976304,14,4,Michigan State,Big Ten,25,Western Michigan,Mid-American,0,Michigan State,Western Michigan,3,"{'minutes': 2, 'seconds': 36}",,,40,60,1,10,5,False,Pass Reception,Aidan Chiles pass complete to Nick Marsh for 5 yds to the MSU 45,0.1106144250151839,2025-08-30T01:32:44.000Z
401752802,40175280225,401752802104849901,14,6,Michigan State,Big Ten,25,Western Michigan,Mid-American,0,Michigan State,Western Michigan,4,"{'minutes': 15, 'seconds': 0}",,,43,57,3,7,-2,False,Sack,Aidan Chiles sacked by Sefa Saipaia Jr. for a loss of 2 yards to the MSU 41,-0.7855638935110498,2025-08-30T01:44:06.000Z
401752802,40175280226,401752802104886501,20,9,Western Michigan,Mid-American,0,Michigan State,Big Ten,25,Michigan State,Western Michigan,4,"{'minutes': 11, 'seconds': 34}",,,67,67,4,24,57,False,Punt,"Ryan Millmore punt for 47 yds Michigan State Penalty, Offensive holding (Aveon Grose) to the MSU 10",,2025-08-30T01:54:06.000Z
401752802,40175280226,401752802104858502,20,1,Western Michigan,Mid-American,0,Michigan State,Big Ten,25,Michigan State,Western Michigan,4,"{'minutes': 14, 'seconds': 14}",,,80,80,1,10,0,False,Pass Incompletion,Brady Jones pass incomplete to Malique Dieudonne,-0.5586693796725282,2025-08-30T01:44:57.000Z
401752802,40175280226,401752802104858503,20,2,Western Michigan,Mid-American,0,Michigan State,Big Ten,25,Michigan State,Western Michigan,4,"{'minutes': 14, 'seconds': 14}",,,80,80,2,10,3,False,Rush,Brady Jones run for 3 yds to the WMU 23,-0.1137800925114032,2025-08-30T01:44:57.000Z
401752802,40175280226,401752802104858504,20,3,Western Michigan,Mid-American,0,Michigan State,Big Ten,25,Michigan State,Western Michigan,4,"{'minutes': 14, 'seconds': 14}",,,77,77,3,7,13,False,Pass Reception,Brady Jones pass complete to Baylin Brooks for 13 yds to the WMU 36 for a 1ST down,1.9113146600137032,2025-08-30T01:44:57.000Z
401752802,40175280226,401752802104858505,20,4,Western Michigan,Mid-American,0,Michigan State,Big Ten,25,Michigan State,Western Michigan,4,"{'minutes': 14, 'seconds': 14}",,,64,64,1,10,0,False,Pass Incompletion,Brady Jones pass incomplete to Aveion Chenault,-1.041155320344064,2025-08-30T01:44:57.000Z
401752802,40175280226,401752802104858506,20,5,Western Michigan,Mid-American,0,Michigan State,Big Ten,25,Michigan State,Western Michigan,4,"{'minutes': 14, 'seconds': 14}",,,64,64,2,10,6,False,Rush,Devin Miles run for 6 yds to the WMU 42,0.2584728520333605,2025-08-30T01:44:57.000Z
401752802,40175280226,401752802104858507,20,6,Western Michigan,Mid-American,0,Michigan State,Big Ten,25,Michigan State,Western Michigan,4,"{'minutes': 14, 'seconds': 14}",,,58,58,3,4,5,False,Pass Reception,Brady Jones pass complete to Cade Conley for 5 yds to the WMU 47 for a 1ST down,1.8345756425127266,2025-08-30T01:44:57.000Z
401752802,40175280226,401752802104858508,20,7,Western Michigan,Mid-American,0,Michigan State,Big Ten,25,Michigan State,Western Michigan,4,"{'minutes': 14, 'seconds': 14}",,,53,53,1,10,0,False,Pass Incompletion,Brady Jones pass incomplete to Talique Williams,-1.1527089917962545,2025-08-30T01:44:57.000Z
401752802,40175280226,401752802104858509,20,8,Western Michigan,Mid-American,0,Michigan State,Big Ten,25,Michigan State,Western Michigan,4,"{'minutes': 14, 'seconds': 14}",,,53,53,2,10,0,False,Pass Incompletion,Brady Jones pass incomplete to Terence Marshall,-0.9619971707978011,2025-08-30T01:50:05.000Z
401752802,40175280226,401752802104886503,20,10,Western Michigan,Mid-American,0,Michigan State,Big Ten,25,Michigan State,Western Michigan,4,"{'minutes': 11, 'seconds': 34}",,,53,53,3,10,-14,False,Sack,"Brady Jones sacked by Malik Spencer for a loss of 14 yards to the WMU 33 Western Michigan Penalty, intentional grounding (Brady Jones) to the WMU 33",-1.144858018040086,2025-08-30T01:54:06.000Z
401752802,40175280227,401752802104886502,21,1,Michigan State,Big Ten,25,Western Michigan,Mid-American,0,Michigan State,Western Michigan,4,"{'minutes': 11, 'seconds': 34}",,,10,90,1,10,-5,False,Penalty,"Michigan State Penalty, false start (-5 Yards) to the MSU 5",,2025-08-30T01:54:06.000Z
401752802,40175280227,401752802104886513,21,11,Michigan State,Big Ten,25,Western Michigan,Mid-American,0,Michigan State,Western Michigan,4,"{'minutes': 11, 'seconds': 34}",,,88,12,2,8,-5,False,Penalty,"Michigan State Penalty, false start (-5 Yards) to the WMU 17",,2025-08-30T01:54:06.000Z
401752802,40175280227,401752802104945901,21,12,Michigan State,Big Ten,25,Western Michigan,Mid-American,0,Michigan State,Western Michigan,4,"{'minutes': 5, 'seconds': 40}",,,83,17,2,13,-10,False,Fumble Recovery (Own),"Aidan Chiles sacked by James Camden for a loss of 10 yards to the WMU 27 Aidan Chiles fumbled, recovered by WMU Rodney McGraw , return for 0 yards",-2.2409807931407486,2025-08-30T02:04:06.000Z
401752802,40175280227,401752802104886504,21,2,Michigan State,Big Ten,25,Western Michigan,Mid-American,0,Michigan State,Western Michigan,4,"{'minutes': 11, 'seconds': 34}",,,5,95,1,15,3,False,Rush,Elijah Tau-Tolliver run for 3 yds to the MSU 8,-0.05907235209147466,2025-08-30T01:54:06.000Z
401752802,40175280227,401752802104886505,21,3,Michigan State,Big Ten,25,Western Michigan,Mid-American,0,Michigan State,Western Michigan,4,"{'minutes': 11, 'seconds': 34}",,,8,92,2,12,0,False,Pass Incompletion,Aidan Chiles pass incomplete to Omari Kelly,-0.10466140380167932,2025-08-30T01:54:06.000Z
401752802,40175280227,401752802104886506,21,4,Michigan State,Big Ten,25,Western Michigan,Mid-American,0,Michigan State,Western Michigan,4,"{'minutes': 11, 'seconds': 34}",,,8,92,3,12,21,False,Pass Reception,Aidan Chiles pass complete to Omari Kelly for 21 yds to the MSU 29 for a 1ST down,1.556208468759344,2025-08-30T01:54:06.000Z
401752802,40175280227,401752802104886507,21,5,Michigan State,Big Ten,25,Western Michigan,Mid-American,0,Michigan State,Western Michigan,4,"{'minutes': 11, 'seconds': 34}",,,29,71,1,10,6,False,Rush,Elijah Tau-Tolliver run for 6 yds to the MSU 35,0.366045681425021,2025-08-30T01:54:06.000Z
401752802,40175280227,401752802104886508,21,6,Michigan State,Big Ten,25,Western Michigan,Mid-American,0,Michigan State,Western Michigan,4,"{'minutes': 11, 'seconds': 34}",,,35,65,2,4,4,False,Rush,Elijah Tau-Tolliver run for 4 yds to the MSU 39 for a 1ST down,0.5545551548650776,2025-08-30T01:54:06.000Z
401752802,40175280227,401752802104886509,21,7,Michigan State,Big Ten,25,Western Michigan,Mid-American,0,Michigan State,Western Michigan,4,"{'minutes': 11, 'seconds': 34}",,,39,61,1,10,28,False,Pass Reception,"Aidan Chiles pass complete to Chrishon McCray for 28 yds to the WMU 33 for a 1ST down Western Michigan Penalty, Defensive holding (Jarvarius Sims) to the WMU 33 for a 1ST down",1.951941262962878,2025-08-30T01:54:06.000Z
401752802,40175280227,401752802104886510,21,8,Michigan State,Big Ten,25,Western Michigan,Mid-American,0,Michigan State,Western Michigan,4,"{'minutes': 11, 'seconds': 34}",,,67,33,1,10,5,False,Rush,Elijah Tau-Tolliver run for 5 yds to the WMU 28,0.079824986683601,2025-08-30T01:54:06.000Z
401752802,40175280227,401752802104886511,21,9,Michigan State,Big Ten,25,Western Michigan,Mid-American,0,Michigan State,Western Michigan,4,"{'minutes': 11, 'seconds': 34}",,,72,28,2,5,14,False,Pass Reception,Aidan Chiles pass complete to Michael Masunas for 14 yds to the WMU 14 for a 1ST down,0.2749666116393055,2025-08-30T01:54:06.000Z
401752802,40175280227,401752802104886512,21,10,Michigan State,Big Ten,25,Western Michigan,Mid-American,0,Michigan State,Western Michigan,4,"{'minutes': 11, 'seconds': 34}",,,86,14,1,10,2,False,Rush,Makhi Frazier run for 2 yds to the WMU 12,-0.1755370905391265,2025-08-30T01:54:06.000Z
401752802,40175280228,401752802104968501,22,6,Western Michigan,Mid-American,0,Michigan State,Big Ten,25,Michigan State,Western Michigan,4,"{'minutes': 3, 'seconds': 14}",,,62,62,4,12,0,False,Punt,Ryan Millmore punt for 39 yds,,2025-08-30T02:10:07.000Z
401752802,40175280228,401752802104945902,22,1,Western Michigan,Mid-American,0,Michigan State,Big Ten,25,Michigan State,Western Michigan,4,"{'minutes': 5, 'seconds': 40}",,,73,73,1,10,4,False,Rush,Jalen Buckley run for 4 yds to the WMU 31,-0.1248442803913914,2025-08-30T02:04:06.000Z
401752802,40175280228,401752802104945903,22,2,Western Michigan,Mid-American,0,Michigan State,Big Ten,25,Michigan State,Western Michigan,4,"{'minutes': 5, 'seconds': 40}",,,69,69,2,6,9,False,Pass Reception,Broc Lowry pass complete to Aveion Chenault for 9 yds to the WMU 40 for a 1ST down,1.3006591104696525,2025-08-30T02:04:06.000Z
401752802,40175280228,401752802104945904,22,3,Western Michigan,Mid-American,0,Michigan State,Big Ten,25,Michigan State,Western Michigan,4,"{'minutes': 5, 'seconds': 40}",,,60,60,1,10,-1,False,Pass Reception,Broc Lowry pass complete to Jalen Buckley for a loss of 1 yard to the WMU 39,-1.319414526540232,2025-08-30T02:04:06.000Z
401752802,40175280228,401752802104945905,22,4,Western Michigan,Mid-American,0,Michigan State,Big Ten,25,Michigan State,Western Michigan,4,"{'minutes': 5, 'seconds': 40}",,,61,61,2,11,0,False,Pass Incompletion,Broc Lowry pass incomplete to Jalen Buckley,-0.6750946441826926,2025-08-30T02:04:06.000Z
401752802,40175280228,401752802104945906,22,5,Western Michigan,Mid-American,0,Michigan State,Big Ten,25,Michigan State,Western Michigan,4,"{'minutes': 5, 'seconds': 40}",,,61,61,3,11,-1,False,Rush,Brady Jones run for a loss of 1 yard to the WMU 38,-0.40314267635409173,2025-08-30T02:04:06.000Z
401752802,40175280229,401752802104974802,23,4,Western Michigan,Mid-American,6,Michigan State,Big Ten,23,Michigan State,Western Michigan,4,"{'minutes': 2, 'seconds': 51}",,,3,3,1,10,-62,False,Pass Incompletion,Brady Jones pass incomplete to Blake Bosma,,2025-08-30T02:14:31.000Z
401752802,40175280229,401752802104968502,23,1,Michigan State,Big Ten,25,Western Michigan,Mid-American,0,Michigan State,Western Michigan,4,"{'minutes': 3, 'seconds': 14}",,,23,77,1,10,4,False,Rush,Elijah Tau-Tolliver run for 4 yds to the MSU 27,-0.1037214304952529,2025-08-30T02:10:32.000Z
401752802,40175280229,401752802104969101,23,2,Michigan State,Big Ten,25,Western Michigan,Mid-American,0,Michigan State,Western Michigan,4,"{'minutes': 3, 'seconds': 8}",,,27,73,2,6,2,False,Rush,Elijah Tau-Tolliver run for 2 yds to the MSU 29,-0.38441595514960625,2025-08-30T02:12:46.000Z
401752802,40175280229,401752802104974801,23,3,Michigan State,Big Ten,23,Western Michigan,Mid-American,6,Michigan State,Western Michigan,4,"{'minutes': 2, 'seconds': 51}",,,29,71,3,4,32,True,Interception Return Touchdown,Tate Hallock 32 Yd Interception Return (Two-Point Pass Conversion Failed),-7.301505520165744,2025-08-30T02:14:31.000Z
401752802,40175280231,401752802104975101,24,1,Western Michigan,Mid-American,6,Michigan State,Big Ten,23,Michigan State,Western Michigan,4,"{'minutes': 2, 'seconds': 48}",,,65,65,1,10,13,False,Kickoff,Palmer Domschke kickoff for 13 yds,,2025-08-30T02:17:00.000Z
401752802,40175280231,401752802104975103,24,2,Western Michigan,Mid-American,6,Michigan State,Big Ten,23,Michigan State,Western Michigan,4,"{'minutes': 2, 'seconds': 48}",,,59,59,2,17,3,False,Pass Reception,Brady Jones pass complete to Jalen Buckley for 3 yds to the WMU 44,-0.2148149820692842,2025-08-30T02:17:00.000Z
401752802,40175280231,401752802104975104,24,3,Western Michigan,Mid-American,6,Michigan State,Big Ten,23,Michigan State,Western Michigan,4,"{'minutes': 2, 'seconds': 48}",,,56,56,3,14,-2,False,Pass Reception,Brady Jones pass complete to Jalen Buckley for a loss of 2 yards to the WMU 42,-0.47412991153435424,2025-08-30T02:17:00.000Z
401752802,40175280231,401752802104979901,24,4,Western Michigan,Mid-American,6,Michigan State,Big Ten,23,Michigan State,Western Michigan,4,"{'minutes': 2, 'seconds': 0}",,,52,52,1,10,-7,False,Sack,"Brady Jones sacked by Jalen Thompson for a loss of 7 yards to the WMU 41 Western Michigan Penalty, intentional grounding (Brady Jones) to the WMU 41",-2.4766539962774994,2025-08-30T02:22:06.000Z
401752802,40175280231,401752802104984401,24,5,Western Michigan,Mid-American,6,Michigan State,Big Ten,23,Michigan State,Western Michigan,4,"{'minutes': 1, 'seconds': 55}",,,58,58,4,16,0,False,Pass Incompletion,"Brady Jones pass incomplete to Aveion Chenault, broken up by Chance Rucker",0.17365317859156892,2025-08-30T02:24:45.000Z
401752802,40175280232,401752802104979902,25,1,Michigan State,Big Ten,23,Western Michigan,Mid-American,6,Michigan State,Western Michigan,4,"{'minutes': 2, 'seconds': 0}",,,58,42,1,10,-1,False,Rush,run for a loss of 1 yard to the WMU 43,-1.12591037688377,2025-08-30T02:24:37.000Z
401752802,40175280232,401752802104979903,25,2,Michigan State,Big Ten,23,Western Michigan,Mid-American,6,Michigan State,Western Michigan,4,"{'minutes': 2, 'seconds': 0}",,,57,43,2,11,-2,False,Rush,run for a loss of 2 yards to the WMU 45,-1.4565644959389592,2025-08-30T02:24:37.000Z
401752802,40175280232,401752802104979904,25,3,Michigan State,Big Ten,23,Western Michigan,Mid-American,6,Michigan State,Western Michigan,4,"{'minutes': 2, 'seconds': 0}",,,55,45,3,13,-2,False,Rush,run for a loss of 2 yards to the WMU 45,-0.9481269108448007,2025-08-30T02:24:37.000Z
401762461,4017624611,401762461101849903,1,1,North Texas,American Athletic,0,Western Michigan,Mid-American,0,Western Michigan,North Texas,1,"{'minutes': 15, 'seconds': 0}",3.0,3.0,65,65,0,0,30,False,Kickoff Return (Offense),"Miguel Arenas kickoff for 64 yds , Devin Miles return for 30 yds to the WMU 31",,2025-09-07T00:49:32.000Z
401762461,4017624611,401762461101919101,1,12,Western Michigan,Mid-American,0,North Texas,American Athletic,0,Western Michigan,North Texas,1,"{'minutes': 8, 'seconds': 8}",3.0,3.0,68,32,4,11,0,False,Punt,"Ryan Millmore punt for 29 yds, downed at the UNT 3",,2025-09-06T20:06:58.000Z
401762461,4017624611,401762461101849905,1,2,Western Michigan,Mid-American,0,North Texas,American Athletic,0,Western Michigan,North Texas,1,"{'minutes': 15, 'seconds': 0}",3.0,3.0,31,69,1,10,3,False,Rush,Jalen Buckley run for 3 yds to the WMU 34,-0.367641675563645,2025-09-07T00:49:32.000Z
401762461,4017624611,401762461101849906,1,3,Western Michigan,Mid-American,0,North Texas,American Athletic,0,Western Michigan,North Texas,1,"{'minutes': 15, 'seconds': 0}",3.0,3.0,34,66,2,7,5,False,Rush,Jalen Buckley run for 5 yds to the WMU 39,0.0865889350278657,2025-09-07T00:49:32.000Z
401762461,4017624611,401762461101849907,1,4,Western Michigan,Mid-American,0,North Texas,American Athletic,0,Western Michigan,North Texas,1,"{'minutes': 15, 'seconds': 0}",3.0,3.0,39,61,3,2,3,False,Rush,Jalen Buckley run for 3 yds to the WMU 42 for a 1ST down,1.3266405336115135,2025-09-07T00:49:32.000Z
401762461,4017624611,401762461101849908,1,5,Western Michigan,Mid-American,0,North Texas,American Athletic,0,Western Michigan,North Texas,1,"{'minutes': 15, 'seconds': 0}",3.0,3.0,42,58,1,10,7,False,Rush,Jalen Buckley run for 7 yds to the WMU 49,0.6896384238174758,2025-09-07T00:49:32.000Z
401762461,4017624611,401762461101849909,1,6,Western Michigan,Mid-American,0,North Texas,American Athletic,0,Western Michigan,North Texas,1,"{'minutes': 15, 'seconds': 0}",3.0,3.0,49,51,2,3,7,False,Rush,Jalen Buckley run for 7 yds to the UNT 44 for a 1ST down,0.4591824307118184,2025-09-07T00:49:32.000Z
401762461,4017624611,401762461101849910,1,7,Western Michigan,Mid-American,0,North Texas,American Athletic,0,Western Michigan,North Texas,1,"{'minutes': 15, 'seconds': 0}",3.0,3.0,56,44,1,10,5,False,Pass Reception,Brady Jones pass complete to Baylin Brooks for 5 yds to the UNT 39,0.0928537506515159,2025-09-07T00:49:32.000Z
401762461,4017624611,401762461101849911,1,8,Western Michigan,Mid-American,0,North Texas,American Athletic,0,Western Michigan,North Texas,1,"{'minutes': 15, 'seconds': 0}",3.0,3.0,61,39,2,5,8,False,Rush,Devin Miles run for 8 yds to the UNT 31 for a 1ST down,0.4780824367855574,2025-09-07T00:49:32.000Z
401762461,4017624611,401762461101849912,1,9,Western Michigan,Mid-American,0,North Texas,American Athletic,0,Western Michigan,North Texas,1,"{'minutes': 15, 'seconds': 0}",3.0,3.0,69,31,1,10,1,False,Rush,Jalen Buckley run for 1 yd to the UNT 30,-0.4430810195122044,2025-09-07T00:49:32.000Z
401762461,4017624611,401762461101849913,1,10,Western Michigan,Mid-American,0,North Texas,American Athletic,0,Western Michigan,North Texas,1,"{'minutes': 15, 'seconds': 0}",3.0,3.0,70,30,2,9,0,False,Rush,Jalen Buckley run for no gain to the UNT 30,-0.744128468047391,2025-09-07T00:49:32.000Z
401762461,4017624611,401762461101849914,1,11,Western Michigan,Mid-American,0,North Texas,American Athletic,0,Western Michigan,North Texas,1,"{'minutes': 15, 'seconds': 0}",3.0,3.0,70,30,3,9,-7,False,Fumble Recovery (Own),"Brady Jones run for a loss of 7 yards to the UNT 32 Brady Jones fumbled, recovered by WMU Brady Jones B. Jones return for 5 yds",-2.3154657277348463,2025-09-07T00:49:32.000Z
401762461,4017624612,401762461101929301,2,4,North Texas,American Athletic,0,Western Michigan,Mid-American,0,Western Michigan,North Texas,1,"{'minutes': 7, 'seconds': 6}",3.0,3.0,88,88,4,1,0,False,Punt,Sawyer Evans punt for 40 yds,,2025-09-06T20:06:58.000Z
401762461,4017624612,401762461101919103,2,1,North Texas,American Athletic,0,Western Michigan,Mid-American,0,Western Michigan,North Texas,1,"{'minutes': 8, 'seconds': 8}",3.0,3.0,97,97,1,10,2,False,Rush,Makenzie McGill II run for 2 yds to the UNT 5,-0.16758684303650373,2025-09-06T20:06:58.000Z
401762461,4017624612,401762461101919104,2,2,North Texas,American Athletic,0,Western Michigan,Mid-American,0,Western Michigan,North Texas,1,"{'minutes': 8, 'seconds': 8}",3.0,3.0,95,95,2,8,7,False,Rush,Makenzie McGill II run for 7 yds to the UNT 12,0.1975103931590123,2025-09-06T20:06:58.000Z
401762461,4017624612,401762461101919105,2,3,North Texas,American Athletic,0,Western Michigan,Mid-American,0,Western Michigan,North Texas,1,"{'minutes': 8, 'seconds': 8}",3.0,3.0,88,88,3,1,0,False,Pass Incompletion,Drew Mestemaker pass incomplete,-0.2785170033708608,2025-09-06T20:06:58.000Z
401762461,4017624613,401762461101956901,3,6,Western Michigan,Mid-American,0,North Texas,American Athletic,0,Western Michigan,North Texas,1,"{'minutes': 4, 'seconds': 30}",3.0,3.0,61,39,4,8,0,False,Punt,"Ryan Millmore punt for 32 yds, fair catch by Miles Coleman at the UNT 7",,2025-09-06T20:06:58.000Z
401762461,4017624613,401762461101929303,3,1,Western Michigan,Mid-American,0,North Texas,American Athletic,0,Western Michigan,North Texas,1,"{'minutes': 7, 'seconds': 6}",3.0,3.0,48,52,1,10,7,False,Pass Reception,Brady Jones pass complete to Blake Bosma for 7 yds to the UNT 45,0.6193952681357987,2025-09-06T20:06:58.000Z
401762461,4017624613,401762461101929304,3,2,Western Michigan,Mid-American,0,North Texas,American Athletic,0,Western Michigan,North Texas,1,"{'minutes': 7, 'seconds': 6}",3.0,3.0,55,45,2,3,4,False,Rush,Jalen Buckley run for 4 yds to the UNT 41 for a 1ST down,0.1481393946781129,2025-09-06T20:06:58.000Z
401762461,4017624613,401762461101929305,3,3,Western Michigan,Mid-American,0,North Texas,American Athletic,0,Western Michigan,North Texas,1,"{'minutes': 7, 'seconds': 6}",3.0,3.0,59,41,1,10,-4,False,Fumble Recovery (Own),"Brady Jones run for a loss of 4 yards to the UNT 45 Brady Jones fumbled, recovered by WMU Brady Jones",-1.752451216731501,2025-09-06T20:06:58.000Z
401762461,4017624613,401762461101929306,3,4,Western Michigan,Mid-American,0,North Texas,American Athletic,0,Western Michigan,North Texas,1,"{'minutes': 7, 'seconds': 6}",3.0,3.0,55,45,2,14,6,False,Rush,Jalen Buckley run for 6 yds to the UNT 39,0.2832286922633447,2025-09-06T20:06:58.000Z
401762461,4017624613,401762461101929307,3,5,Western Michigan,Mid-American,0,North Texas,American Athletic,0,Western Michigan,North Texas,1,"{'minutes': 7, 'seconds': 6}",3.0,3.0,61,39,3,8,0,False,Pass Incompletion,Brady Jones pass incomplete,-1.0338282438090935,2025-09-06T20:06:58.000Z
401762461,4017624614,401762461112,4,1,Western Michigan,Mid-American,0,North Texas,American Athletic,0,Western Michigan,North Texas,1,"{'minutes': 4, 'seconds': 30}",3.0,3.0,61,39,4,8,0,False,Punt,John Peters punt for 32 yds to the WMU ,,2025-09-06T20:11:07.000Z
401762461,4017624614,401762461101969201,4,5,North Texas,American Athletic,0,Western Michigan,Mid-American,0,Western Michigan,North Texas,1,"{'minutes': 3, 'seconds': 7}",3.0,3.0,87,87,4,4,-4,False,Punt,"Sawyer Evans punt for 44 yds , Keivin Boone-Nelson II returns for a loss of 4 yards to the WMU 39",,2025-09-06T20:06:58.000Z
401762461,4017624614,401762461101956903,4,2,North Texas,American Athletic,0,Western Michigan,Mid-American,0,Western Michigan,North Texas,1,"{'minutes': 4, 'seconds': 30}",3.0,3.0,93,93,1,10,0,False,Pass Reception,Drew Mestemaker pass complete to Miles Coleman for no gain to the UNT 7,-0.3062456358083505,2025-09-06T20:06:58.000Z
401762461,4017624614,401762461101956904,4,3,North Texas,American Athletic,0,Western Michigan,Mid-American,0,Western Michigan,North Texas,1,"{'minutes': 4, 'seconds': 30}",3.0,3.0,93,93,2,10,6,False,Rush,Makenzie McGill II run for 6 yds to the UNT 13,0.08299559843776105,2025-09-06T20:06:58.000Z
401762461,4017624614,401762461101956905,4,4,North Texas,American Athletic,0,Western Michigan,Mid-American,0,Western Michigan,North Texas,1,"{'minutes': 4, 'seconds': 30}",3.0,3.0,87,87,3,4,0,False,Pass Incompletion,Drew Mestemaker pass incomplete,-0.18012631905811727,2025-09-06T20:06:58.000Z
401762461,4017624614,40176246199,4,6,Western Michigan,Mid-American,0,North Texas,American Athletic,0,Western Michigan,North Texas,1,"{'minutes': 0, 'seconds': 0}",3.0,3.0,59,41,1,10,-4,False,Rush,"Ryan Brotherton run for a loss of 4 yards to the , Ryan Brotherton run",-1.752451216731501,2025-09-06T20:09:14.000Z
401762461,4017624614,401762461105,4,7,Western Michigan,Mid-American,0,North Texas,American Athletic,0,Western Michigan,North Texas,1,"{'minutes': 0, 'seconds': 0}",3.0,3.0,55,45,2,14,6,False,Rush,Palmer Domschke run for 6 yds to the UNT 39,0.2832286922633447,2025-09-06T20:09:45.000Z
401762461,4017624614,401762461109,4,8,Western Michigan,Mid-American,0,North Texas,American Athletic,0,Western Michigan,North Texas,1,"{'minutes': 0, 'seconds': 0}",3.0,3.0,61,39,3,8,0,False,Pass Incompletion,Ryan Brotherton pass incomplete,-1.0338282438090935,2025-09-06T20:10:15.000Z
401762461,4017624615,401762461132,5,3,North Texas,American Athletic,0,Western Michigan,Mid-American,0,Western Michigan,North Texas,1,"{'minutes': 3, 'seconds': 7}",3.0,3.0,87,87,4,4,-4,False,Punt,"Jayden Becks punt for 44 yds to the WMU 39, DeShawn Robinson returns for a loss of 4 yards to the WMU 39",,2025-09-06T20:14:15.000Z
401762461,4017624615,401762461101969208,5,9,Western Michigan,Mid-American,0,North Texas,American Athletic,0,Western Michigan,North Texas,1,"{'minutes': 0, 'seconds': 0}",3.0,3.0,55,45,0,5,3,False,End Period,End of 1st Quarter,,2025-09-06T20:06:58.000Z
401762461,4017624615,401762461102849902,5,10,Western Michigan,Mid-American,0,North Texas,American Athletic,0,Western Michigan,North Texas,2,"{'minutes': 15, 'seconds': 0}",3.0,3.0,58,42,4,2,15,False,Pass Reception,Broc Lowry pass complete to Blake Bosma for 15 yds to the UNT 27 for a 1ST down,2.5455248451184236,2025-09-07T00:49:32.000Z
401762461,4017624615,401762461102866603,5,14,Western Michigan,Mid-American,0,North Texas,American Athletic,0,Western Michigan,North Texas,2,"{'minutes': 13, 'seconds': 33}",3.0,3.0,35,65,0,0,-5,False,Penalty,"MILLMORE, Ryan kickoff 35 yards from the WMU35 to the UNT30, EVANS, Simeon returned 13 yards to the UNT43 (LYLES, Jaden;BROWN, Freddy). PENALTY Before the snap, WMU Illegal Formation on MILLMORE, Ryan enforced 5 yards from the WMU35 to the WMU30. NO PLAY (replay the down).",,2025-09-06T20:15:09.000Z
401762461,4017624615,401762461102866604,5,15,Western Michigan,Mid-American,0,North Texas,American Athletic,0,Western Michigan,North Texas,2,"{'minutes': 13, 'seconds': 33}",3.0,3.0,35,65,0,0,-15,False,Kickoff,"Ryan Millmore kickoff Western Michigan Penalty, Personal Foul (John Hofer) to the WMU 20",,2025-09-06T20:15:09.000Z
401762461,4017624615,401762461119,5,1,North Texas,American Athletic,0,Western Michigan,Mid-American,0,Western Michigan,North Texas,1,"{'minutes': 4, 'seconds': 30}",3.0,3.0,93,93,1,10,0,False,Pass Completion,Jordan Reasonover pass to Johnny Dickson III,-0.3062456358083505,2025-09-06T20:13:20.000Z
401762461,4017624615,401762461129,5,2,North Texas,American Athletic,0,Western Michigan,Mid-American,0,Western Michigan,North Texas,1,"{'minutes': 4, 'seconds': 30}",3.0,3.0,87,87,3,4,0,False,Pass Incompletion,Jordan Reasonover pass incomplete,-0.18012631905811727,2025-09-06T20:13:49.000Z
401762461,4017624615,401762461101969203,5,4,Western Michigan,Mid-American,0,North Texas,American Athletic,0,Western Michigan,North Texas,1,"{'minutes': 3, 'seconds': 7}",3.0,3.0,39,61,1,10,-2,False,Rush,Devin Miles run for a loss of 2 yards to the WMU 37,-1.4648790767761521,2025-09-06T20:06:58.000Z
401762461,4017624615,401762461101969204,5,5,Western Michigan,Mid-American,0,North Texas,American Athletic,0,Western Michigan,North Texas,1,"{'minutes': 3, 'seconds': 7}",3.0,3.0,37,63,2,12,13,False,Rush,Broc Lowry run for 13 yds to the 50 yard line for a 1ST down,2.4784831811196453,2025-09-06T20:06:58.000Z
401762461,4017624615,401762461101969205,5,6,Western Michigan,Mid-American,0,North Texas,American Athletic,0,Western Michigan,North Texas,1,"{'minutes': 3, 'seconds': 7}",3.0,3.0,50,50,1,10,0,False,Rush,Broc Lowry run for no gain to the 50 yard line,-1.1143038065675126,2025-09-06T20:06:58.000Z
401762461,4017624615,401762461101969206,5,7,Western Michigan,Mid-American,0,North Texas,American Athletic,0,Western Michigan,North Texas,1,"{'minutes': 3, 'seconds': 7}",3.0,3.0,50,50,2,10,5,False,Rush,Devin Miles run for 5 yds to the UNT 45,0.0744071295691082,2025-09-06T20:06:58.000Z
401762461,4017624615,401762461101969207,5,8,Western Michigan,Mid-American,0,North Texas,American Athletic,0,Western Michigan,North Texas,1,"{'minutes': 3, 'seconds': 7}",3.0,3.0,55,45,3,5,3,False,Rush,Devin Miles run for 3 yds to the UNT 42,-0.4054970773901321,2025-09-06T20:06:58.000Z
401762461,4017624615,401762461102849903,5,11,Western Michigan,Mid-American,0,North Texas,American Athletic,0,Western Michigan,North Texas,2,"{'minutes': 15, 'seconds': 0}",3.0,3.0,73,27,1,10,0,False,Pass Incompletion,Broc Lowry pass incomplete,-0.490975886965904,2025-09-07T00:49:32.000Z
401762461,4017624615,401762461102849904,5,12,Western Michigan,Mid-American,0,North Texas,American Athletic,0,Western Michigan,North Texas,2,"{'minutes': 15, 'seconds': 0}",3.0,3.0,73,27,2,10,2,False,Rush,Jalen Buckley run for 2 yds to the UNT 25,-0.35162747053913,2025-09-07T00:49:32.000Z
401762461,4017624615,401762461102866601,5,13,Western Michigan,Mid-American,7,North Texas,American Athletic,0,Western Michigan,North Texas,2,"{'minutes': 13, 'seconds': 33}",3.0,3.0,75,25,3,8,25,True,Rushing Touchdown,Broc Lowry run for 25 yds for a TD (Palmer Domschke KICK),3.58388419889652,2025-09-06T20:15:09.000Z
401762461,4017624616,401762461102866605,6,11,Western Michigan,Mid-American,0,North Texas,American Athletic,0,Western Michigan,North Texas,2,"{'minutes': 13, 'seconds': 33}",3.0,3.0,35,65,0,0,18,False,Kickoff Return (Offense),"Hunter Smith kickoff for 51 yds , Simeon Evans return for 18 yds to the UNT 32",,2025-09-06T20:15:09.000Z
401762461,4017624616,401762461138,6,1,Western Michigan,Mid-American,0,North Texas,American Athletic,0,Western Michigan,North Texas,1,"{'minutes': 3, 'seconds': 7}",3.0,3.0,39,61,1,10,-2,False,Rush,Hunter Whitenack run for a loss of 2 yards to the WMU 37,-1.4648790767761521,2025-09-06T20:14:44.000Z
401762461,4017624616,401762461144,6,2,Western Michigan,Mid-American,0,North Texas,American Athletic,0,Western Michigan,North Texas,1,"{'minutes': 3, 'seconds': 7}",3.0,3.0,37,63,2,12,13,False,Rush,Justin Jones run for 13 yds to the 50 yard line,2.4784831811196453,2025-09-06T20:15:18.000Z
401762461,4017624616,401762461148,6,3,Western Michigan,Mid-American,0,North Texas,American Athletic,0,Western Michigan,North Texas,1,"{'minutes': 3, 'seconds': 7}",3.0,3.0,50,50,1,10,0,False,Rush,Justin Jones run to the 50 yard line,-1.1143038065675126,2025-09-06T20:15:31.000Z
401762461,4017624616,401762461152,6,4,Western Michigan,Mid-American,0,North Texas,American Athletic,0,Western Michigan,North Texas,1,"{'minutes': 3, 'seconds': 7}",3.0,3.0,50,50,2,10,5,False,Rush,Hunter Whitenack run for 5 yds to the UNT 45,0.0744071295691082,2025-09-06T20:15:44.000Z
401762461,4017624616,401762461156,6,5,Western Michigan,Mid-American,0,North Texas,American Athletic,0,Western Michigan,North Texas,1,"{'minutes': 3, 'seconds': 7}",3.0,3.0,55,45,3,5,3,False,Rush,Hunter Whitenack run for 3 yds to the UNT 42,-0.4054970773901321,2025-09-06T20:17:06.000Z
401762461,4017624616,401762461165,6,6,North Texas,American Athletic,0,Western Michigan,Mid-American,0,Western Michigan,North Texas,1,"{'minutes': 0, 'seconds': 0}",3.0,3.0,42,42,4,2,0,False,End Period,"End of 1st quarter, clock 00:00.",-1.7131943134900904,2025-09-06T20:18:00.000Z
401762461,4017624616,401762461171,6,7,Western Michigan,Mid-American,0,North Texas,American Athletic,0,Western Michigan,North Texas,2,"{'minutes': 15, 'seconds': 0}",3.0,3.0,58,42,4,2,15,False,Pass Completion,Justin Jones pass to Nadame Tucker for 15 yds to the UNT 27 for a 1ST down,2.5455248451184236,2025-09-06T20:20:39.000Z
401762461,4017624616,401762461178,6,8,Western Michigan,Mid-American,0,North Texas,American Athletic,0,Western Michigan,North Texas,2,"{'minutes': 15, 'seconds': 0}",3.0,3.0,73,27,1,10,0,False,Pass Incompletion,Justin Jones pass incomplete,-0.490975886965904,2025-09-06T20:21:25.000Z
401762461,4017624616,401762461181,6,9,Western Michigan,Mid-American,0,North Texas,American Athletic,0,Western Michigan,North Texas,2,"{'minutes': 15, 'seconds': 0}",3.0,3.0,73,27,2,10,2,False,Rush,Palmer Domschke run for 2 yds to the UNT 25,-0.35162747053913,2025-09-06T20:21:47.000Z
401762461,4017624616,401762461185,6,10,Western Michigan,Mid-American,7,North Texas,American Athletic,0,Western Michigan,North Texas,2,"{'minutes': 13, 'seconds': 33}",3.0,3.0,75,25,3,8,25,False,Rush,"Justin Jones run for 25 yds to the UNT 0, for a TD (CJ Miles Jr. KICK)",,2025-09-06T20:22:07.000Z
401762461,4017624616,401762461102866607,6,12,North Texas,American Athletic,0,Western Michigan,Mid-American,0,Western Michigan,North Texas,2,"{'minutes': 13, 'seconds': 33}",3.0,3.0,68,68,1,10,3,False,Pass Reception,Drew Mestemaker pass complete to Simeon Evans for 3 yds to the UNT 35,-0.3783931239488095,2025-09-06T20:15:09.000Z
401762461,4017624616,401762461102866608,6,13,North Texas,American Athletic,0,Western Michigan,Mid-American,0,Western Michigan,North Texas,2,"{'minutes': 13, 'seconds': 33}",3.0,3.0,65,65,2,7,0,False,Pass Incompletion,Drew Mestemaker pass incomplete,-0.7715709570940418,2025-09-06T20:15:09.000Z
401762461,4017624616,401762461102866609,6,14,North Texas,American Athletic,0,Western Michigan,Mid-American,0,Western Michigan,North Texas,2,"{'minutes': 13, 'seconds': 33}",3.0,3.0,65,65,3,7,20,False,Pass Reception,Drew Mestemaker pass complete to Kiefer Sibley for 20 yds to the WMU 45 for a 1ST down,3.192760711617643,2025-09-06T20:15:09.000Z
401762461,4017624616,401762461102866610,6,15,North Texas,American Athletic,0,Western Michigan,Mid-American,0,Western Michigan,North Texas,2,"{'minutes': 13, 'seconds': 33}",3.0,3.0,45,45,1,10,23,False,Pass Reception,Drew Mestemaker pass complete to Wyatt Young for 23 yds to the WMU 22 for a 1ST down,0.828891318418608,2025-09-06T20:15:09.000Z
401762461,4017624616,401762461102866611,6,16,North Texas,American Athletic,0,Western Michigan,Mid-American,0,Western Michigan,North Texas,2,"{'minutes': 13, 'seconds': 33}",3.0,3.0,22,22,1,10,0,False,Pass Incompletion,Drew Mestemaker pass incomplete,-0.402662020534962,2025-09-06T20:15:09.000Z
401762461,4017624616,401762461102866612,6,17,North Texas,American Athletic,0,Western Michigan,Mid-American,0,Western Michigan,North Texas,2,"{'minutes': 13, 'seconds': 33}",3.0,3.0,22,22,2,10,0,False,Rush,Kiefer Sibley run for no gain to the WMU 22,-0.5229247355568223,2025-09-06T20:15:09.000Z
401762461,4017624616,401762461102866613,6,18,North Texas,American Athletic,0,Western Michigan,Mid-American,0,Western Michigan,North Texas,2,"{'minutes': 13, 'seconds': 33}",3.0,3.0,22,22,3,10,12,False,Pass Reception,Drew Mestemaker pass complete to Wyatt Young for 12 yds to the WMU 10 for a 1ST down,1.0593826804908022,2025-09-06T20:15:09.000Z
401762461,4017624616,401762461102895101,6,19,North Texas,American Athletic,7,Western Michigan,Mid-American,7,Western Michigan,North Texas,2,"{'minutes': 10, 'seconds': 48}",3.0,3.0,10,10,1,10,10,True,Rushing Touchdown,Kiefer Sibley run for 10 yds for a TD (Kali Nguma KICK),2.513826842249442,2025-09-06T20:27:12.000Z
401762461,40176246112,401762461291,7,4,North Texas,American Athletic,7,Western Michigan,Mid-American,14,Western Michigan,North Texas,2,"{'minutes': 6, 'seconds': 49}",3.0,3.0,81,81,4,16,0,False,Punt,Jayden Becks punt for 41 yds to the UNT ,,2025-09-06T20:38:57.000Z
401762461,40176246112,401762461103854201,7,5,Western Michigan,Mid-American,0,North Texas,American Athletic,0,Western Michigan,North Texas,3,"{'minutes': 14, 'seconds': 57}",3.0,3.0,35,65,0,0,23,False,Kickoff Return (Offense),"Hunter Smith kickoff for 60 yds , Simeon Evans return for 23 yds to the UNT 28",,2025-09-06T22:04:29.000Z
401762461,40176246112,401762461103858401,7,8,North Texas,American Athletic,0,Western Michigan,Mid-American,0,Western Michigan,North Texas,3,"{'minutes': 14, 'seconds': 15}",3.0,3.0,75,75,3,13,-10,False,Penalty,"North Texas Penalty, Offensive Holding (Landon Sides) to the UNT 30",,2025-09-06T22:04:29.000Z
401762461,40176246112,401762461103896201,7,18,North Texas,American Athletic,10,Western Michigan,Mid-American,17,Western Michigan,North Texas,3,"{'minutes': 10, 'seconds': 37}",3.0,3.0,4,4,4,4,22,True,Field Goal Good,Kali Nguma 22 yd FG GOOD,,2025-09-06T21:31:44.000Z
401762461,40176246112,401762461277,7,1,North Texas,American Athletic,7,Western Michigan,Mid-American,14,Western Michigan,North Texas,2,"{'minutes': 8, 'seconds': 8}",3.0,3.0,75,75,1,10,-7,False,Sack,Jordan Reasonover sacked  by Devin Miles for a loss of 7 yards to the UNT 18,-1.1457661500935084,2025-09-06T20:35:58.000Z
401762461,40176246112,401762461281,7,2,North Texas,American Athletic,7,Western Michigan,Mid-American,14,Western Michigan,North Texas,2,"{'minutes': 8, 'seconds': 8}",3.0,3.0,82,82,2,17,1,False,Rush,Ethan Wesloski run for 1 yd to the UNT 19,-0.0893271975920511,2025-09-06T20:36:32.000Z
401762461,40176246112,401762461285,7,3,North Texas,American Athletic,7,Western Michigan,Mid-American,14,Western Michigan,North Texas,2,"{'minutes': 8, 'seconds': 8}",3.0,3.0,81,81,3,16,0,False,Pass Incompletion,Jordan Reasonover pass incomplete,-0.05507996837621664,2025-09-06T20:37:01.000Z
401762461,40176246112,401762461103854402,7,6,North Texas,American Athletic,0,Western Michigan,Mid-American,0,Western Michigan,North Texas,3,"{'minutes': 14, 'seconds': 55}",3.0,3.0,72,72,1,10,-3,False,Rush,Kiefer Sibley run for a loss of 3 yards to the UNT 25,-1.0963995718890294,2025-09-06T22:04:29.000Z
401762461,40176246112,401762461103858001,7,7,North Texas,American Athletic,0,Western Michigan,Mid-American,0,Western Michigan,North Texas,3,"{'minutes': 14, 'seconds': 19}",3.0,3.0,75,75,2,13,0,False,Pass Incompletion,Drew Mestemaker pass incomplete,-0.25390197034266215,2025-09-06T22:04:29.000Z
401762461,40176246112,401762461103864801,7,9,North Texas,American Athletic,0,Western Michigan,Mid-American,0,Western Michigan,North Texas,3,"{'minutes': 13, 'seconds': 51}",3.0,3.0,70,70,3,8,21,False,Rush,Kiefer Sibley run for 21 yds to the WMU 49 for a 1ST down,3.161891475290804,2025-09-06T22:04:29.000Z
401762461,40176246112,401762461103866601,7,10,North Texas,American Athletic,0,Western Michigan,Mid-American,0,Western Michigan,North Texas,3,"{'minutes': 13, 'seconds': 33}",3.0,3.0,49,49,1,10,0,False,Pass Incompletion,Drew Mestemaker pass incomplete,-1.0955888671820908,2025-09-06T22:04:29.000Z
401762461,40176246112,401762461103867301,7,11,North Texas,American Athletic,0,Western Michigan,Mid-American,0,Western Michigan,North Texas,3,"{'minutes': 13, 'seconds': 26}",3.0,3.0,49,49,2,10,15,False,Pass Reception,Drew Mestemaker pass complete to Simeon Evans for 15 yds to the WMU 34 for a 1ST down,1.921193257905669,2025-09-06T21:26:17.000Z
401762461,40176246112,401762461103869801,7,12,North Texas,American Athletic,0,Western Michigan,Mid-American,0,Western Michigan,North Texas,3,"{'minutes': 13, 'seconds': 1}",3.0,3.0,34,34,1,10,9,False,Rush,Makenzie McGill II run for 9 yds to the WMU 25,0.73596654934212,2025-09-06T22:04:29.000Z
401762461,40176246112,401762461103876901,7,13,North Texas,American Athletic,0,Western Michigan,Mid-American,0,Western Michigan,North Texas,3,"{'minutes': 12, 'seconds': 30}",3.0,3.0,25,25,2,1,9,False,Pass Reception,Drew Mestemaker pass complete to Landon Sides for 9 yds to the WMU 16 for a 1ST down,-0.3679631097208244,2025-09-06T22:04:29.000Z
401762461,40176246112,401762461103884901,7,14,North Texas,American Athletic,0,Western Michigan,Mid-American,0,Western Michigan,North Texas,3,"{'minutes': 11, 'seconds': 50}",3.0,3.0,16,16,1,10,12,False,Pass Reception,Drew Mestemaker pass complete to Miles Coleman for 12 yds to the WMU 4 for a 1ST down,0.8805322025783994,2025-09-06T22:04:29.000Z
401762461,40176246112,401762461103887101,7,15,North Texas,American Athletic,0,Western Michigan,Mid-American,0,Western Michigan,North Texas,3,"{'minutes': 11, 'seconds': 28}",3.0,3.0,4,4,1,4,0,False,Rush,Makenzie McGill II run for no gain to the WMU 4,-0.6456997217339855,2025-09-06T22:04:29.000Z
401762461,40176246112,401762461103895101,7,16,North Texas,American Athletic,0,Western Michigan,Mid-American,0,Western Michigan,North Texas,3,"{'minutes': 10, 'seconds': 48}",3.0,3.0,4,4,2,4,0,False,Pass Incompletion,Drew Mestemaker pass incomplete,-0.362082681028621,2025-09-06T22:04:29.000Z
401762461,40176246112,401762461103895501,7,17,North Texas,American Athletic,0,Western Michigan,Mid-American,0,Western Michigan,North Texas,3,"{'minutes': 10, 'seconds': 44}",3.0,3.0,4,4,3,4,0,False,Pass Incompletion,Drew Mestemaker pass incomplete,-0.2868087912016805,2025-09-06T22:04:29.000Z
401762461,40176246113,401762461306,8,4,Western Michigan,Mid-American,14,North Texas,American Athletic,7,Western Michigan,North Texas,2,"{'minutes': 5, 'seconds': 11}",3.0,3.0,47,53,4,3,0,False,Punt,"John Peters punt for 52 yds to the WMU , punt out-of-bounds at the WMU ",,2025-09-06T20:41:52.000Z
401762461,40176246113,401762461103896202,8,5,North Texas,American Athletic,0,Western Michigan,Mid-American,0,Western Michigan,North Texas,3,"{'minutes': 10, 'seconds': 37}",3.0,3.0,65,65,0,0,45,False,Kickoff Return (Offense),"Miguel Arenas kickoff for 51 yds , Keivin Boone-Nelson II return for 45 yds to the UNT 41",,2025-09-06T21:31:44.000Z
401762461,40176246113,401762461103897201,8,6,Western Michigan,Mid-American,0,North Texas,American Athletic,0,Western Michigan,North Texas,3,"{'minutes': 10, 'seconds': 27}",2.0,3.0,59,41,1,10,0,False,Timeout,"Timeout Western Michigan, clock 10:27",,2025-09-06T21:34:50.000Z
401762461,40176246113,401762461103908001,8,9,Western Michigan,Mid-American,0,North Texas,American Athletic,0,Western Michigan,North Texas,3,"{'minutes': 9, 'seconds': 19}",2.0,3.0,65,35,3,4,15,False,Penalty,"(09:19) LOWRY, Broc pass deep to the right incomplete intended for BUCKLEY, Jalen thrown to the UNT10, clock 09:17. PENALTY UNT Pass Interference on WHITTER, Shane enforced 15 yards to the UNT20 and results in automatic 1ST DOWN [NHSG]. NO PLAY (replay the down).",,2025-09-06T22:04:29.000Z
401762461,40176246113,401762461103909601,8,11,Western Michigan,Mid-American,0,North Texas,American Athletic,0,Western Michigan,North Texas,3,"{'minutes': 9, 'seconds': 3}",1.0,3.0,82,18,2,8,0,False,Timeout,"Timeout Western Michigan, clock 09:03",,2025-09-06T22:04:29.000Z
401762461,40176246113,401762461295,8,1,Western Michigan,Mid-American,14,North Texas,American Athletic,7,Western Michigan,North Texas,2,"{'minutes': 6, 'seconds': 49}",3.0,3.0,40,60,1,10,2,False,Rush,Palmer Domschke run for 2 yds to the WMU 42,-0.6799841752385892,2025-09-06T20:39:38.000Z
401762461,40176246113,401762461299,8,2,Western Michigan,Mid-American,14,North Texas,American Athletic,7,Western Michigan,North Texas,2,"{'minutes': 6, 'seconds': 49}",3.0,3.0,42,58,2,8,0,False,Pass Incompletion,Justin Jones pass incomplete,-0.9286544985354048,2025-09-06T20:40:17.000Z
401762461,40176246113,401762461302,8,3,Western Michigan,Mid-American,14,North Texas,American Athletic,7,Western Michigan,North Texas,2,"{'minutes': 6, 'seconds': 49}",3.0,3.0,42,58,3,8,5,False,Rush,Palmer Domschke run for 5 yds to the WMU 47,0.0479774442901393,2025-09-06T20:41:04.000Z
401762461,40176246113,401762461103897401,8,7,Western Michigan,Mid-American,0,North Texas,American Athletic,0,Western Michigan,North Texas,3,"{'minutes': 10, 'seconds': 25}",2.0,3.0,59,41,1,10,2,False,Rush,Jalen Buckley run for 2 yds to the UNT 39,-0.4734810315767391,2025-09-06T22:04:29.000Z
401762461,40176246113,401762461103904301,8,8,Western Michigan,Mid-American,0,North Texas,American Athletic,0,Western Michigan,North Texas,3,"{'minutes': 9, 'seconds': 56}",2.0,3.0,61,39,2,8,4,False,Pass Reception,Broc Lowry pass complete to Blake Bosma for 4 yds to the UNT 35,-0.1266362967301901,2025-09-06T22:04:29.000Z
401762461,40176246113,401762461103909101,8,10,Western Michigan,Mid-American,0,North Texas,American Athletic,0,Western Michigan,North Texas,3,"{'minutes': 9, 'seconds': 8}",2.0,3.0,80,20,1,10,2,False,Rush,Christian Leary run for 2 yds to the UNT 18,-0.205294804469698,2025-09-06T22:04:29.000Z
401762461,40176246113,401762461103917701,8,12,Western Michigan,Mid-American,0,North Texas,American Athletic,0,Western Michigan,North Texas,3,"{'minutes': 8, 'seconds': 22}",1.0,3.0,82,18,2,8,7,False,Rush,Devin Miles run for 7 yds to the UNT 11,0.253620337958429,2025-09-06T22:04:29.000Z
401762461,40176246113,401762461103924901,8,13,Western Michigan,Mid-American,0,North Texas,American Athletic,0,Western Michigan,North Texas,3,"{'minutes': 7, 'seconds': 50}",1.0,3.0,89,11,3,1,2,False,Rush,Jalen Buckley run for 2 yds to the UNT 9 for a 1ST down,0.1453643718965,2025-09-06T21:43:23.000Z
401762461,40176246113,401762461103928601,8,14,Western Michigan,Mid-American,0,North Texas,American Athletic,0,Western Michigan,North Texas,3,"{'minutes': 7, 'seconds': 13}",1.0,3.0,91,9,1,9,1,False,Rush,Jalen Buckley run for 1 yd to the UNT 8,-0.252533131086597,2025-09-06T22:04:29.000Z
401762461,40176246113,401762461103936601,8,15,Western Michigan,Mid-American,24,North Texas,American Athletic,10,Western Michigan,North Texas,3,"{'minutes': 6, 'seconds': 33}",1.0,3.0,92,8,2,8,8,True,Rushing Touchdown,Broc Lowry run for 8 yds for a TD (Palmer Domschke KICK),2.676770954733065,2025-09-06T21:47:02.000Z
401762461,40176246114,401762461334,9,7,Western Michigan,Mid-American,14,North Texas,American Athletic,7,Western Michigan,North Texas,2,"{'minutes': 3, 'seconds': 36}",2.0,3.0,72,28,3,2,0,False,Timeout,"Timeout Western Michigan, clock 03:36",,2025-09-06T20:45:52.000Z
401762461,40176246114,401762461337,9,8,North Texas,American Athletic,7,Western Michigan,Mid-American,14,Western Michigan,North Texas,2,"{'minutes': 2, 'seconds': 54}",3.0,2.0,75,75,4,5,0,False,Punt,Jayden Becks punt for 27 yds to the UNT ,,2025-09-06T20:47:32.000Z
401762461,40176246114,401762461103936603,9,9,Western Michigan,Mid-American,0,North Texas,American Athletic,0,Western Michigan,North Texas,3,"{'minutes': 6, 'seconds': 33}",1.0,3.0,35,65,0,0,26,False,Kickoff Return (Offense),"Hunter Smith kickoff for 58 yds , Simeon Evans return for 26 yds to the UNT 33",,2025-09-06T21:47:02.000Z
401762461,40176246114,401762461103944101,9,11,North Texas,American Athletic,0,Western Michigan,Mid-American,0,Western Michigan,North Texas,3,"{'minutes': 5, 'seconds': 58}",3.0,1.0,53,53,1,10,-5,False,Penalty,"North Texas Penalty, False Start (Tay Yanta II) to the UNT 42",,2025-09-06T22:04:29.000Z
401762461,40176246114,401762461311,9,1,North Texas,American Athletic,7,Western Michigan,Mid-American,14,Western Michigan,North Texas,2,"{'minutes': 5, 'seconds': 11}",3.0,3.0,99,99,1,10,0,False,Pass Incompletion,Jordan Reasonover pass incomplete,-0.24120998460901966,2025-09-06T20:42:46.000Z
401762461,40176246114,401762461314,9,2,North Texas,American Athletic,7,Western Michigan,Mid-American,14,Western Michigan,North Texas,2,"{'minutes': 5, 'seconds': 11}",3.0,3.0,99,99,2,10,0,False,Pass Incompletion,Jordan Reasonover pass incomplete,-0.10236731084207573,2025-09-06T20:43:28.000Z
401762461,40176246114,401762461317,9,3,North Texas,American Athletic,7,Western Michigan,Mid-American,14,Western Michigan,North Texas,2,"{'minutes': 5, 'seconds': 11}",3.0,3.0,99,99,3,10,19,False,Pass Completion,Jordan Reasonover pass to Jalyn Durgan for 19 yds to the UNT 20 for a 1ST down,0.9491993517154018,2025-09-06T20:44:03.000Z
401762461,40176246114,401762461322,9,4,North Texas,American Athletic,7,Western Michigan,Mid-American,14,Western Michigan,North Texas,2,"{'minutes': 5, 'seconds': 11}",3.0,3.0,80,80,1,10,8,False,Rush,Ethan Wesloski run for 8 yds to the UNT 28,0.7987441096809142,2025-09-06T20:44:30.000Z
401762461,40176246114,401762461326,9,5,North Texas,American Athletic,7,Western Michigan,Mid-American,14,Western Michigan,North Texas,2,"{'minutes': 5, 'seconds': 11}",3.0,3.0,72,72,2,2,0,False,Rush,Willie Goodacre run,-0.9674616238506859,2025-09-06T20:44:58.000Z
401762461,40176246114,401762461332,9,6,North Texas,American Athletic,7,Western Michigan,Mid-American,14,Western Michigan,North Texas,2,"{'minutes': 3, 'seconds': 36}",3.0,3.0,72,72,3,2,-2,False,Sack,Jordan Reasonover sacked  by Devin Miles for a loss of 2 yards to the UNT 25,-0.5904185471260286,2025-09-06T20:46:45.000Z
401762461,40176246114,401762461103938401,9,10,North Texas,American Athletic,0,Western Michigan,Mid-American,0,Western Michigan,North Texas,3,"{'minutes': 6, 'seconds': 15}",3.0,1.0,67,67,1,10,14,False,Rush,Makenzie McGill II run for 14 yds to the UNT 47 for a 1ST down,1.333757235567841,2025-09-06T22:04:29.000Z
401762461,40176246114,401762461103945501,9,12,North Texas,American Athletic,0,Western Michigan,Mid-American,0,Western Michigan,North Texas,3,"{'minutes': 5, 'seconds': 44}",3.0,1.0,58,58,1,15,31,False,Rush,Drew Mestemaker run for 31 yds to the WMU 27 for a 1ST down,2.57483908039897,2025-09-06T22:04:29.000Z
401762461,40176246114,401762461103948401,9,13,North Texas,American Athletic,0,Western Michigan,Mid-American,0,Western Michigan,North Texas,3,"{'minutes': 5, 'seconds': 15}",3.0,1.0,27,27,1,10,9,False,Rush,Makenzie McGill II run for 9 yds to the WMU 18,0.661453117654322,2025-09-06T22:04:29.000Z
401762461,40176246114,401762461103955901,9,14,North Texas,American Athletic,17,Western Michigan,Mid-American,24,Western Michigan,North Texas,3,"{'minutes': 4, 'seconds': 40}",3.0,1.0,18,18,2,1,18,True,Passing Touchdown,"Drew Mestemaker pass complete to Tre Williams III for 18 yds for a TD North Texas Penalty, Unsportsmanlike Conduct (Braydon Nelson) to the WMU 0 (Kali Nguma KICK)",2.079827723737164,2025-09-06T21:55:41.000Z
401762461,40176246115,401762461397,10,11,Western Michigan,Mid-American,14,North Texas,American Athletic,7,Western Michigan,North Texas,2,"{'minutes': 2, 'seconds': 0}",2.0,3.0,83,17,1,10,5,False,Penalty,"Justin Jones run, Western Michigan Penalty, illegalformation (Justin Jones)",,2025-09-06T20:59:45.000Z
401762461,40176246115,401762461404,10,12,Western Michigan,Mid-American,17,North Texas,American Athletic,7,Western Michigan,North Texas,2,"{'minutes': 0, 'seconds': 4}",2.0,3.0,78,22,1,15,40,False,Field Goal Good,CJ Miles Jr. 40 yd FG GOOD,,2025-09-06T21:00:42.000Z
401762461,40176246115,401762461103955903,10,13,North Texas,American Athletic,0,Western Michigan,Mid-American,0,Western Michigan,North Texas,3,"{'minutes': 4, 'seconds': 40}",3.0,1.0,80,80,0,0,28,False,Kickoff Return (Offense),"Kali Nguma kickoff for 69 yds , Devin Miles return for 28 yds to the WMU 39",,2025-09-06T21:55:41.000Z
401762461,40176246115,401762461103996002,10,21,Western Michigan,Mid-American,24,North Texas,American Athletic,17,Western Michigan,North Texas,3,"{'minutes': 0, 'seconds': 0}",1.0,3.0,69,31,0,10,3,False,End Period,End of 3rd Quarter,,2025-09-06T22:04:29.000Z
401762461,40176246115,401762461104858601,10,23,Western Michigan,Mid-American,27,North Texas,American Athletic,17,Western Michigan,North Texas,4,"{'minutes': 14, 'seconds': 13}",1.0,3.0,75,25,4,4,43,True,Field Goal Good,Palmer Domschke 43 yd FG GOOD,,2025-09-06T22:06:22.000Z
401762461,40176246115,401762461341,10,1,Western Michigan,Mid-American,14,North Texas,American Athletic,7,Western Michigan,North Texas,2,"{'minutes': 2, 'seconds': 54}",2.0,3.0,48,52,1,10,7,False,Rush,Palmer Domschke run for 7 yds to the UNT 45,0.6193952681357987,2025-09-06T20:48:21.000Z
401762461,40176246115,401762461345,10,2,Western Michigan,Mid-American,14,North Texas,American Athletic,7,Western Michigan,North Texas,2,"{'minutes': 2, 'seconds': 54}",2.0,3.0,55,45,2,3,1,False,Rush,Palmer Domschke run for 1 yd to the UNT 44,-0.9266738955715716,2025-09-06T20:48:54.000Z
401762461,40176246115,401762461352,10,3,Western Michigan,Mid-American,14,North Texas,American Athletic,7,Western Michigan,North Texas,2,"{'minutes': 2, 'seconds': 0}",2.0,3.0,56,44,3,2,6,False,Rush,Justin Jones run for 6 yds to the UNT 38,1.220740267561016,2025-09-06T20:52:18.000Z
401762461,40176246115,401762461365,10,4,Western Michigan,Mid-American,14,North Texas,American Athletic,7,Western Michigan,North Texas,2,"{'minutes': 2, 'seconds': 0}",2.0,3.0,62,38,1,10,3,False,Rush,Hunter Whitenack run for 3 yds to the UNT 35,-0.247403115532039,2025-09-06T20:54:08.000Z
401762461,40176246115,401762461369,10,5,Western Michigan,Mid-American,14,North Texas,American Athletic,7,Western Michigan,North Texas,2,"{'minutes': 2, 'seconds': 0}",2.0,3.0,65,35,2,7,2,False,Rush,Hunter Whitenack run for 2 yds to the UNT 33,-0.4715138360624885,2025-09-06T20:54:27.000Z
401762461,40176246115,401762461373,10,6,Western Michigan,Mid-American,14,North Texas,American Athletic,7,Western Michigan,North Texas,2,"{'minutes': 2, 'seconds': 0}",2.0,3.0,67,33,3,5,6,False,Rush,Palmer Domschke run for 6 yds to the UNT 27,1.0722287587882295,2025-09-06T20:54:41.000Z
401762461,40176246115,401762461377,10,7,Western Michigan,Mid-American,14,North Texas,American Athletic,7,Western Michigan,North Texas,2,"{'minutes': 2, 'seconds': 0}",2.0,3.0,73,27,1,10,3,False,Rush,Justin Jones run for 3 yds to the UNT 24,-0.152495975717313,2025-09-06T20:54:55.000Z
401762461,40176246115,401762461381,10,8,Western Michigan,Mid-American,14,North Texas,American Athletic,7,Western Michigan,North Texas,2,"{'minutes': 2, 'seconds': 0}",2.0,3.0,76,24,2,7,4,False,Rush,Palmer Domschke run for 4 yds to the UNT 20,-0.05149106828655,2025-09-06T20:55:15.000Z
401762461,40176246115,401762461385,10,9,Western Michigan,Mid-American,14,North Texas,American Athletic,7,Western Michigan,North Texas,2,"{'minutes': 2, 'seconds': 0}",2.0,3.0,80,20,3,3,3,False,Rush,Palmer Domschke run for 3 yds to the UNT 17,0.365364782610935,2025-09-06T20:55:35.000Z
401762461,40176246115,401762461389,10,10,Western Michigan,Mid-American,14,North Texas,American Athletic,7,Western Michigan,North Texas,2,"{'minutes': 2, 'seconds': 0}",2.0,3.0,84,16,1,10,0,False,Pass Incompletion,Justin Jones pass incomplete,-0.3301132067544156,2025-09-06T20:55:50.000Z
401762461,40176246115,401762461103956702,10,14,Western Michigan,Mid-American,0,North Texas,American Athletic,0,Western Michigan,North Texas,3,"{'minutes': 4, 'seconds': 32}",1.0,3.0,39,61,1,10,2,False,Rush,Devin Miles run for 2 yds to the WMU 41,-0.673782181215797,2025-09-06T21:56:49.000Z
401762461,40176246115,401762461103964801,10,15,Western Michigan,Mid-American,0,North Texas,American Athletic,0,Western Michigan,North Texas,3,"{'minutes': 3, 'seconds': 51}",1.0,3.0,41,59,2,8,6,False,Rush,Devin Miles run for 6 yds to the WMU 47,0.3417728860273517,2025-09-06T22:04:29.000Z
401762461,40176246115,401762461103968801,10,16,Western Michigan,Mid-American,0,North Texas,American Athletic,0,Western Michigan,North Texas,3,"{'minutes': 3, 'seconds': 11}",1.0,3.0,47,53,3,2,5,False,Rush,Jalen Buckley run for 5 yds to the UNT 48 for a 1ST down,1.5007914953733543,2025-09-06T22:04:29.000Z
401762461,40176246115,401762461103975801,10,17,Western Michigan,Mid-American,0,North Texas,American Athletic,0,Western Michigan,North Texas,3,"{'minutes': 2, 'seconds': 41}",1.0,3.0,52,48,1,10,-9,False,Sack,Broc Lowry sacked by Ethan Day for a loss of 9 yards to the WMU 43,-2.8267288064751614,2025-09-06T22:04:29.000Z
401762461,40176246115,401762461103984701,10,18,Western Michigan,Mid-American,0,North Texas,American Athletic,0,Western Michigan,North Texas,3,"{'minutes': 1, 'seconds': 52}",1.0,3.0,43,57,2,19,26,False,Rush,Jalen Buckley run for 26 yds to the UNT 31 for a 1ST down,3.6710164726821706,2025-09-06T22:04:29.000Z
401762461,40176246115,401762461103987901,10,19,Western Michigan,Mid-American,0,North Texas,American Athletic,0,Western Michigan,North Texas,3,"{'minutes': 1, 'seconds': 20}",1.0,3.0,69,31,1,10,0,False,Rush,Devin Miles run for no gain to the UNT 31,-0.5824837756999947,2025-09-06T22:04:29.000Z
401762461,40176246115,401762461103996001,10,20,Western Michigan,Mid-American,0,North Texas,American Athletic,0,Western Michigan,North Texas,3,"{'minutes': 0, 'seconds': 39}",1.0,3.0,69,31,2,10,3,False,Rush,Broc Lowry run for 3 yds to the UNT 28,-0.2553307023814781,2025-09-06T22:04:29.000Z
401762461,40176246115,401762461104854101,10,22,Western Michigan,Mid-American,0,North Texas,American Athletic,0,Western Michigan,North Texas,4,"{'minutes': 14, 'seconds': 58}",1.0,3.0,72,28,3,7,3,False,Rush,Broc Lowry run for 3 yds to the UNT 25,-0.2972853705665966,2025-09-06T22:58:31.000Z
401762461,40176246116,401762461104887701,15,7,North Texas,American Athletic,0,Western Michigan,Mid-American,0,Western Michigan,North Texas,4,"{'minutes': 11, 'seconds': 22}",2.0,-1.0,47,47,3,3,5,False,Penalty,"Western Michigan Penalty, Offsides (Nadame Tucker) to the WMU 42 for a 1ST down",,2025-09-06T22:11:17.000Z
401762461,40176246116,401762461104858602,15,1,Western Michigan,Mid-American,0,North Texas,American Athletic,0,Western Michigan,North Texas,4,"{'minutes': 14, 'seconds': 13}",-1.0,2.0,35,65,0,0,0,False,Kickoff,Hunter Smith kickoff for 58 yds,,2025-09-06T22:06:22.000Z
401762461,40176246116,401762461104858604,15,2,North Texas,American Athletic,0,Western Michigan,Mid-American,0,Western Michigan,North Texas,4,"{'minutes': 14, 'seconds': 13}",2.0,-1.0,65,65,1,10,1,False,Pass Reception,Drew Mestemaker pass complete to Wyatt Young for 1 yd to the UNT 36,-0.8334176637748527,2025-09-06T22:06:22.000Z
401762461,40176246116,401762461104865801,15,3,North Texas,American Athletic,0,Western Michigan,Mid-American,0,Western Michigan,North Texas,4,"{'minutes': 13, 'seconds': 41}",2.0,-1.0,64,64,2,9,7,False,Rush,Kiefer Sibley run for 7 yds to the UNT 43,0.5198590990027032,2025-09-06T22:58:31.000Z
401762461,40176246116,401762461104869701,15,4,North Texas,American Athletic,0,Western Michigan,Mid-American,0,Western Michigan,North Texas,4,"{'minutes': 13, 'seconds': 2}",2.0,-1.0,57,57,3,2,3,False,Rush,Kiefer Sibley run for 3 yds to the UNT 46 for a 1ST down,1.3713780377782763,2025-09-06T22:58:31.000Z
401762461,40176246116,401762461104876501,15,5,North Texas,American Athletic,0,Western Michigan,Mid-American,0,Western Michigan,North Texas,4,"{'minutes': 12, 'seconds': 34}",2.0,-1.0,54,54,1,10,3,False,Pass Reception,Drew Mestemaker pass complete to Tre Williams III for 3 yds to the UNT 49,-0.4184086843592085,2025-09-06T22:58:31.000Z
401762461,40176246116,401762461104879901,15,6,North Texas,American Athletic,0,Western Michigan,Mid-American,0,Western Michigan,North Texas,4,"{'minutes': 12, 'seconds': 0}",2.0,-1.0,51,51,2,7,4,False,Rush,Makenzie McGill II run for 4 yds to the WMU 47,-0.1661147459192645,2025-09-06T22:58:31.000Z
401762461,40176246116,401762461104894101,15,8,North Texas,American Athletic,0,Western Michigan,Mid-American,0,Western Michigan,North Texas,4,"{'minutes': 10, 'seconds': 58}",2.0,-1.0,42,42,1,10,32,False,Pass Reception,Drew Mestemaker pass complete to Landon Sides for 32 yds to the WMU 10 for a 1ST down,0.781108629322682,2025-09-06T22:58:31.000Z
401762461,40176246116,401762461104895601,15,9,North Texas,American Athletic,0,Western Michigan,Mid-American,0,Western Michigan,North Texas,4,"{'minutes': 10, 'seconds': 43}",2.0,-1.0,10,10,1,10,6,False,Rush,Makenzie McGill II run for 6 yds to the WMU 4,0.1799366018014815,2025-09-06T22:58:31.000Z
401762461,40176246116,401762461104898801,15,10,North Texas,American Athletic,0,Western Michigan,Mid-American,0,Western Michigan,North Texas,4,"{'minutes': 10, 'seconds': 11}",2.0,-1.0,4,4,2,4,0,False,Pass Incompletion,Drew Mestemaker pass incomplete,-0.362082681028621,2025-09-06T22:58:31.000Z
401762461,40176246116,401762461104899601,15,11,North Texas,American Athletic,24,Western Michigan,Mid-American,27,Western Michigan,North Texas,4,"{'minutes': 10, 'seconds': 3}",2.0,-1.0,4,4,3,4,4,True,Passing Touchdown,Drew Mestemaker pass complete to Cameron Dorner for 4 yds for a TD (Kali Nguma KICK),2.6959729214765815,2025-09-06T22:14:12.000Z
401762461,40176246122,401762461105222204,18,4,Western Michigan,Mid-American,30,North Texas,American Athletic,27,Western Michigan,North Texas,5,"{'minutes': 0, 'seconds': 0}",,,70,30,4,15,48,True,Field Goal Good,Palmer Domschke 48 Yd Field Goal ,,
401762461,40176246122,401762461105222171,18,1,Western Michigan,Mid-American,0,North Texas,American Athletic,0,Western Michigan,North Texas,5,"{'minutes': 0, 'seconds': 0}",,,75,25,1,10,-5,False,Rush,Jalen Buckley run for a loss of 5 yards to the UNT 30,-1.1026252273393344,2025-09-06T23:02:26.000Z
401762461,40176246122,401762461105222182,18,2,Western Michigan,Mid-American,0,North Texas,American Athletic,0,Western Michigan,North Texas,5,"{'minutes': 0, 'seconds': 0}",,,70,30,2,15,0,False,Pass Incompletion,Broc Lowry pass incomplete,-0.8866978348405256,2025-09-06T23:02:26.000Z
401762461,40176246122,401762461105222193,18,3,Western Michigan,Mid-American,0,North Texas,American Athletic,0,Western Michigan,North Texas,5,"{'minutes': 0, 'seconds': 0}",,,70,30,3,15,0,False,Pass Incompletion,Broc Lowry pass incomplete,-0.999754057539171,2025-09-06T23:02:26.000Z
401762461,40176246117,401762461429,11,3,North Texas,American Athletic,7,Western Michigan,Mid-American,17,Western Michigan,North Texas,3,"{'minutes': 14, 'seconds': 15}",3.0,1.0,75,75,3,13,25,False,Penalty,"Jordan Reasonover pass to Willie Goodacre for 15 yds to the UNT 22, North Texas Penalty, holding (Brenden Reese)",,2025-09-06T21:22:59.000Z
401762461,40176246117,401762461475,11,13,North Texas,American Athletic,10,Western Michigan,Mid-American,17,Western Michigan,North Texas,3,"{'minutes': 10, 'seconds': 37}",3.0,1.0,4,4,4,4,22,False,Field Goal Good,Dennis Moody III 22 yd FG GOOD,,2025-09-06T21:31:18.000Z
401762461,40176246117,401762461104899603,11,14,North Texas,American Athletic,0,Western Michigan,Mid-American,0,Western Michigan,North Texas,4,"{'minutes': 10, 'seconds': 3}",3.0,1.0,65,65,0,0,35,False,Kickoff Return (Offense),"Kali Nguma kickoff for 35 yds , Michael Brescia return for a loss of 1 yard to the WMU 44",,2025-09-06T22:14:12.000Z
401762461,40176246117,401762461104924001,11,18,Western Michigan,Mid-American,0,North Texas,American Athletic,0,Western Michigan,North Texas,4,"{'minutes': 7, 'seconds': 59}",1.0,3.0,50,50,4,4,0,False,Punt,"Ryan Millmore punt for 38 yds, fair catch by Simeon Evans at the UNT 6",,2025-09-06T22:58:31.000Z
401762461,40176246117,401762461422,11,1,North Texas,American Athletic,7,Western Michigan,Mid-American,17,Western Michigan,North Texas,3,"{'minutes': 14, 'seconds': 44}",3.0,1.0,72,72,1,10,-3,False,Rush,Willie Goodacre run for a loss of 3 yards to the UNT 25,-1.0963995718890294,2025-09-06T21:21:32.000Z
401762461,40176246117,401762461426,11,2,North Texas,American Athletic,7,Western Michigan,Mid-American,17,Western Michigan,North Texas,3,"{'minutes': 14, 'seconds': 17}",3.0,1.0,75,75,2,13,0,False,Pass Incompletion,Jordan Reasonover pass incomplete,-0.25390197034266215,2025-09-06T21:22:07.000Z
401762461,40176246117,401762461435,11,4,North Texas,American Athletic,7,Western Michigan,Mid-American,17,Western Michigan,North Texas,3,"{'minutes': 13, 'seconds': 45}",3.0,1.0,70,70,3,8,21,False,Rush,Willie Goodacre run for 21 yds to the WMU 49,3.161891475290804,2025-09-06T21:24:02.000Z
401762461,40176246117,401762461440,11,5,North Texas,American Athletic,7,Western Michigan,Mid-American,17,Western Michigan,North Texas,3,"{'minutes': 13, 'seconds': 26}",3.0,1.0,49,49,1,10,0,False,Pass Incompletion,Jordan Reasonover pass incomplete,-1.0955888671820908,2025-09-06T21:24:20.000Z
401762461,40176246117,401762461446,11,6,North Texas,American Athletic,7,Western Michigan,Mid-American,17,Western Michigan,North Texas,3,"{'minutes': 13, 'seconds': 15}",3.0,1.0,49,49,2,10,15,False,Pass Completion,Jordan Reasonover pass to Jalyn Durgan for 15 yds to the WMU 34 for a 1ST down,1.921193257905669,2025-09-06T21:27:01.000Z
401762461,40176246117,401762461451,11,7,North Texas,American Athletic,7,Western Michigan,Mid-American,17,Western Michigan,North Texas,3,"{'minutes': 12, 'seconds': 57}",3.0,1.0,34,34,1,10,9,False,Rush,Ethan Wesloski run for 9 yds to the WMU 25,0.73596654934212,2025-09-06T21:27:25.000Z
401762461,40176246117,401762461455,11,8,North Texas,American Athletic,7,Western Michigan,Mid-American,17,Western Michigan,North Texas,3,"{'minutes': 12, 'seconds': 27}",3.0,1.0,25,25,2,1,9,False,Pass Completion,Jordan Reasonover pass to Brenden Reese for 9 yds to the WMU 16 for a 1ST down,-0.3679631097208244,2025-09-06T21:27:56.000Z
401762461,40176246117,401762461460,11,9,North Texas,American Athletic,7,Western Michigan,Mid-American,17,Western Michigan,North Texas,3,"{'minutes': 11, 'seconds': 45}",3.0,1.0,16,16,1,10,12,False,Pass Completion,Jordan Reasonover pass to Johnny Dickson III for 12 yds to the WMU 4 for a 1ST down,0.8805322025783994,2025-09-06T21:28:41.000Z
401762461,40176246117,401762461465,11,10,North Texas,American Athletic,7,Western Michigan,Mid-American,17,Western Michigan,North Texas,3,"{'minutes': 11, 'seconds': 17}",3.0,1.0,4,4,1,4,0,False,Rush,Ethan Wesloski run,-0.6456997217339855,2025-09-06T21:29:21.000Z
401762461,40176246117,401762461469,11,11,North Texas,American Athletic,7,Western Michigan,Mid-American,17,Western Michigan,North Texas,3,"{'minutes': 10, 'seconds': 46}",3.0,1.0,4,4,2,4,0,False,Pass Incompletion,Jordan Reasonover pass incomplete,-0.362082681028621,2025-09-06T21:29:59.000Z
401762461,40176246117,401762461472,11,12,North Texas,American Athletic,7,Western Michigan,Mid-American,17,Western Michigan,North Texas,3,"{'minutes': 10, 'seconds': 41}",3.0,1.0,4,4,3,4,0,False,Pass Incompletion,Jordan Reasonover pass incomplete,-0.2868087912016805,2025-09-06T21:30:33.000Z
401762461,40176246117,401762461104905601,11,15,Western Michigan,Mid-American,0,North Texas,American Athletic,0,Western Michigan,North Texas,4,"{'minutes': 9, 'seconds': 43}",1.0,3.0,44,56,1,10,6,False,Rush,Jalen Buckley run for 6 yds to the 50 yard line,0.3867807823815586,2025-09-06T22:58:31.000Z
401762461,40176246117,401762461104907601,11,16,Western Michigan,Mid-American,0,North Texas,American Athletic,0,Western Michigan,North Texas,4,"{'minutes': 9, 'seconds': 23}",1.0,3.0,50,50,2,4,3,False,Rush,Jalen Buckley run for 3 yds to the UNT 47,-0.4403487791711116,2025-09-06T22:58:31.000Z
401762461,40176246117,401762461104915801,11,17,Western Michigan,Mid-American,0,North Texas,American Athletic,0,Western Michigan,North Texas,4,"{'minutes': 8, 'seconds': 41}",1.0,3.0,53,47,3,1,-3,False,Rush,Jalen Buckley run for a loss of 3 yards to the 50 yard line,-1.7863218415490485,2025-09-06T22:58:31.000Z
401762461,40176246118,401762461104926101,16,2,North Texas,American Athletic,0,Western Michigan,Mid-American,0,Western Michigan,North Texas,4,"{'minutes': 7, 'seconds': 38}",2.0,-1.0,83,83,1,10,-5,False,Penalty,"North Texas Penalty, False Start (Makenzie McGill II) to the UNT 12",,2025-09-06T22:25:39.000Z
401762461,40176246118,401762461104945901,16,6,North Texas,American Athletic,0,Western Michigan,Mid-American,0,Western Michigan,North Texas,4,"{'minutes': 5, 'seconds': 40}",2.0,-1.0,81,81,4,8,0,False,Punt,"Sawyer Evans punt for 37 yds, fair catch by Keivin Boone-Nelson II at the WMU 44",,2025-09-06T22:58:31.000Z
401762461,40176246118,401762461104919902,16,1,North Texas,American Athletic,0,Western Michigan,Mid-American,0,Western Michigan,North Texas,4,"{'minutes': 8, 'seconds': 0}",2.0,-1.0,94,94,1,10,11,False,Rush,Makenzie McGill II run for 11 yds to the UNT 17 for a 1ST down,0.3615108782293692,2025-09-06T22:22:15.000Z
401762461,40176246118,401762461104927301,16,3,North Texas,American Athletic,0,Western Michigan,Mid-American,0,Western Michigan,North Texas,4,"{'minutes': 7, 'seconds': 26}",2.0,-1.0,88,88,1,15,0,False,Pass Reception,Drew Mestemaker pass complete to Makenzie McGill II for no gain to the UNT 12,-0.2032707836734975,2025-09-06T22:58:31.000Z
401762461,40176246118,401762461104934801,16,4,North Texas,American Athletic,0,Western Michigan,Mid-American,0,Western Michigan,North Texas,4,"{'minutes': 6, 'seconds': 51}",2.0,-1.0,88,88,2,15,-9,False,Sack,Drew Mestemaker sacked by Rodney McGraw for a loss of 9 yards to the UNT 3,-0.14405943885130146,2025-09-06T22:58:31.000Z
401762461,40176246118,401762461104936301,16,5,North Texas,American Athletic,0,Western Michigan,Mid-American,0,Western Michigan,North Texas,4,"{'minutes': 6, 'seconds': 36}",2.0,-1.0,97,97,3,24,16,False,Rush,Makenzie McGill II run for 16 yds to the UNT 19,0.09281045169616764,2025-09-06T22:58:31.000Z
401762461,40176246119,401762461493,12,3,Western Michigan,Mid-American,17,North Texas,American Athletic,10,Western Michigan,North Texas,3,"{'minutes': 9, 'seconds': 19}",1.0,3.0,65,35,3,4,15,False,Penalty,"Broc Lowry pass incomplete, North Texas Penalty, passinterference (Shane Whitter)",,2025-09-06T21:39:44.000Z
401762461,40176246119,401762461505,12,5,Western Michigan,Mid-American,17,North Texas,American Athletic,10,Western Michigan,North Texas,3,"{'minutes': 9, 'seconds': 3}",1.0,3.0,82,18,2,8,0,False,Timeout,"Timeout , clock 09:03",,2025-09-06T21:41:20.000Z
401762461,40176246119,401762461104966701,12,13,Western Michigan,Mid-American,0,North Texas,American Athletic,0,Western Michigan,North Texas,4,"{'minutes': 3, 'seconds': 32}",1.0,3.0,53,47,4,1,-5,False,Penalty,"Western Michigan Penalty, False Start (Gavin Dabo) to the WMU 48",,2025-09-06T22:33:03.000Z
401762461,40176246119,401762461104966702,12,14,Western Michigan,Mid-American,0,North Texas,American Athletic,0,Western Michigan,North Texas,4,"{'minutes': 3, 'seconds': 32}",1.0,2.0,48,52,4,6,0,False,Timeout,"Timeout North Texas, clock 03:32",,2025-09-06T22:33:03.000Z
401762461,40176246119,401762461104967601,12,15,Western Michigan,Mid-American,0,North Texas,American Athletic,0,Western Michigan,North Texas,4,"{'minutes': 3, 'seconds': 23}",1.0,2.0,48,52,4,6,0,False,Punt,Ryan Millmore punt for 27 yds,,2025-09-06T22:58:31.000Z
401762461,40176246119,401762461483,12,1,Western Michigan,Mid-American,17,North Texas,American Athletic,10,Western Michigan,North Texas,3,"{'minutes': 10, 'seconds': 19}",1.0,3.0,59,41,1,10,2,False,Rush,Jalen Buckley run for 2 yds to the UNT 39,-0.4734810315767391,2025-09-06T21:38:12.000Z
401762461,40176246119,401762461488,12,2,Western Michigan,Mid-American,17,North Texas,American Athletic,10,Western Michigan,North Texas,3,"{'minutes': 9, 'seconds': 51}",1.0,3.0,61,39,2,8,4,False,Pass Completion,Broc Lowry pass to Blake Bosma for 4 yds to the UNT 35,-0.1266362967301901,2025-09-06T21:38:42.000Z
401762461,40176246119,401762461497,12,4,Western Michigan,Mid-American,17,North Texas,American Athletic,10,Western Michigan,North Texas,3,"{'minutes': 9, 'seconds': 3}",1.0,3.0,80,20,1,10,2,False,Rush,Christian Leary run for 2 yds to the UNT 18,-0.205294804469698,2025-09-06T21:40:30.000Z
401762461,40176246119,401762461503,12,6,Western Michigan,Mid-American,17,North Texas,American Athletic,10,Western Michigan,North Texas,3,"{'minutes': 8, 'seconds': 14}",1.0,3.0,82,18,2,8,7,False,Rush,Devin Miles run for 7 yds to the UNT 11,0.253620337958429,2025-09-06T21:42:42.000Z
401762461,40176246119,401762461508,12,7,Western Michigan,Mid-American,17,North Texas,American Athletic,10,Western Michigan,North Texas,3,"{'minutes': 7, 'seconds': 45}",1.0,3.0,89,11,3,1,2,False,Rush,Jalen Buckley run for 2 yds to the UNT 9,0.1453643718965,2025-09-06T21:43:15.000Z
401762461,40176246119,401762461512,12,8,Western Michigan,Mid-American,17,North Texas,American Athletic,10,Western Michigan,North Texas,3,"{'minutes': 7, 'seconds': 8}",1.0,3.0,91,9,1,9,1,False,Rush,Jalen Buckley run for 1 yd to the UNT 8,-0.252533131086597,2025-09-06T21:43:52.000Z
401762461,40176246119,401762461104946002,12,10,Western Michigan,Mid-American,0,North Texas,American Athletic,0,Western Michigan,North Texas,4,"{'minutes': 5, 'seconds': 39}",1.0,3.0,44,56,1,10,5,False,Pass Reception,Broc Lowry pass complete to Blake Bosma for 5 yds to the WMU 49,0.1087719603915716,2025-09-06T22:28:03.000Z
401762461,40176246119,401762461104954301,12,11,Western Michigan,Mid-American,0,North Texas,American Athletic,0,Western Michigan,North Texas,4,"{'minutes': 4, 'seconds': 56}",1.0,3.0,49,51,2,5,2,False,Rush,Jalen Buckley run for 2 yds to the UNT 49,-0.7040177006859594,2025-09-06T22:58:31.000Z
401762461,40176246119,401762461104959001,12,12,Western Michigan,Mid-American,0,North Texas,American Athletic,0,Western Michigan,North Texas,4,"{'minutes': 4, 'seconds': 9}",1.0,3.0,51,49,3,3,2,False,Rush,Jalen Buckley run for 2 yds to the UNT 47,-0.6500930258729855,2025-09-06T22:58:31.000Z
401762461,40176246119,401762461516,12,9,Western Michigan,Mid-American,24,North Texas,American Athletic,10,Western Michigan,North Texas,3,"{'minutes': 6, 'seconds': 33}",1.0,3.0,92,8,2,8,8,False,Rush,"Broc Lowry run for 8 yds to the UNT 0, for a TD (Palmer Domschke KICK)",,2025-09-06T21:44:32.000Z
401762461,40176246120,401762461104968101,17,1,North Texas,American Athletic,0,Western Michigan,Mid-American,0,Western Michigan,North Texas,4,"{'minutes': 3, 'seconds': 18}",2.0,-1.0,75,75,1,10,10,False,Penalty,"MESTEMAKER, Drew sacked for a loss of 6 yards at the UNT19 (FRANKLIN, Josh), clock 03:18. PENALTY WMU Holding on SIMS, Jarvarius enforced 10 yards from the UNT25 to the UNT35 and results in automatic 1ST DOWN [NHSG]. NO PLAY (replay the down).",,2025-09-06T22:36:07.000Z
401762461,40176246120,401762461104978901,17,5,North Texas,American Athletic,0,Western Michigan,Mid-American,0,Western Michigan,North Texas,4,"{'minutes': 2, 'seconds': 10}",2.0,-1.0,38,38,1,10,-5,False,Penalty,"MESTEMAKER, Drew pass short to the right incomplete intended for MCGILL II, Makenzie thrown to the WMU36, clock 02:10. PENALTY Before the snap, UNT Illegal Formation enforced 5 yards from the WMU38 to the WMU43. NO PLAY (replay the down).",,2025-09-06T22:38:38.000Z
401762461,40176246120,401762461104985601,17,10,North Texas,American Athletic,0,Western Michigan,Mid-American,0,Western Michigan,North Texas,4,"{'minutes': 1, 'seconds': 43}",2.0,-2.0,2,2,3,2,0,False,Timeout,"Timeout Western Michigan, clock 01:43",,2025-09-06T22:45:25.000Z
401762461,40176246120,401762461104977101,17,4,North Texas,American Athletic,0,Western Michigan,Mid-American,0,Western Michigan,North Texas,4,"{'minutes': 2, 'seconds': 28}",2.0,-1.0,53,53,2,10,15,False,Pass Reception,Drew Mestemaker pass complete to Tyrese Hunt-Thompson for 15 yds to the WMU 38 for a 1ST down,2.153415776784374,2025-09-06T22:58:31.000Z
401762461,40176246120,401762461104978902,17,6,North Texas,American Athletic,0,Western Michigan,Mid-American,0,Western Michigan,North Texas,4,"{'minutes': 2, 'seconds': 10}",2.0,-1.0,43,43,1,15,23,False,Pass Reception,Drew Mestemaker pass complete to Wyatt Young for 23 yds to the WMU 20 for a 1ST down,1.3188990709010167,2025-09-06T22:38:38.000Z
401762461,40176246120,401762461104979901,17,7,North Texas,American Athletic,0,Western Michigan,Mid-American,0,Western Michigan,North Texas,4,"{'minutes': 2, 'seconds': 0}",2.0,-1.0,20,20,1,10,16,False,Rush,Jayden Becks run for 16 yds to the WMU 4 for a 1ST down,0.929737210317724,2025-09-06T22:39:43.000Z
401762461,40176246120,401762461104985001,17,8,North Texas,American Athletic,0,Western Michigan,Mid-American,0,Western Michigan,North Texas,4,"{'minutes': 1, 'seconds': 49}",2.0,-1.0,4,4,1,4,0,False,Pass Incompletion,Drew Mestemaker pass incomplete,-0.6456997217339855,2025-09-06T22:58:31.000Z
401762461,40176246120,401762461104974201,17,2,North Texas,American Athletic,0,Western Michigan,Mid-American,0,Western Michigan,North Texas,4,"{'minutes': 2, 'seconds': 57}",2.0,-1.0,65,65,1,10,12,False,Rush,Drew Mestemaker run for 12 yds to the UNT 47 for a 1ST down,1.147417577118027,2025-09-06T22:58:31.000Z
401762461,40176246120,401762461104976301,17,3,North Texas,American Athletic,0,Western Michigan,Mid-American,0,Western Michigan,North Texas,4,"{'minutes': 2, 'seconds': 36}",2.0,-1.0,53,53,1,10,0,False,Pass Incompletion,Drew Mestemaker pass incomplete,-1.1527089917962545,2025-09-06T22:37:45.000Z
401762461,40176246120,401762461104985101,17,9,North Texas,American Athletic,0,Western Michigan,Mid-American,0,Western Michigan,North Texas,4,"{'minutes': 1, 'seconds': 48}",2.0,-1.0,4,4,2,4,2,False,Rush,Jayden Becks run for 2 yds to the WMU 2,-0.2109400436149005,2025-09-06T22:58:31.000Z
401762461,40176246120,401762461104985602,17,11,North Texas,American Athletic,0,Western Michigan,Mid-American,0,Western Michigan,North Texas,4,"{'minutes': 1, 'seconds': 43}",2.0,-2.0,2,2,3,2,-5,False,Penalty,"North Texas Penalty, False Start (Landon Sides) to the WMU 7",,2025-09-06T22:45:25.000Z
401762461,40176246120,401762461104986001,17,12,North Texas,American Athletic,0,Western Michigan,Mid-American,0,Western Michigan,North Texas,4,"{'minutes': 1, 'seconds': 39}",2.0,-2.0,7,7,3,7,0,False,Pass Incompletion,Drew Mestemaker pass incomplete,-0.325035760733144,2025-09-06T22:58:31.000Z
401762461,40176246120,401762461104986401,17,13,North Texas,American Athletic,27,Western Michigan,Mid-American,27,Western Michigan,North Texas,4,"{'minutes': 1, 'seconds': 35}",2.0,-2.0,7,7,4,7,25,True,Field Goal Good,Kali Nguma 25 yd FG GOOD,,2025-09-06T22:47:04.000Z
401762461,40176246121,401762461536,13,2,North Texas,American Athletic,10,Western Michigan,Mid-American,24,Western Michigan,North Texas,3,"{'minutes': 5, 'seconds': 58}",2.0,1.0,53,53,1,10,5,False,Penalty,"North Texas Penalty, falsestart (Tay Yanta II)",,2025-09-06T21:51:42.000Z
401762461,40176246121,401762461548,13,5,North Texas,American Athletic,16,Western Michigan,Mid-American,24,Western Michigan,North Texas,3,"{'minutes': 4, 'seconds': 40}",2.0,1.0,18,18,2,1,18,False,Penalty,"Drew Mestemaker pass to Tre Williams III for 18 yds to the WMU 0, for a TD for a 1ST down, North Texas Penalty, unsportsmanlikeconduct (Braydon Nelson)",,2025-09-06T21:53:34.000Z
401762461,40176246121,401762461104986501,13,6,North Texas,American Athletic,0,Western Michigan,Mid-American,0,Western Michigan,North Texas,4,"{'minutes': 1, 'seconds': 34}",2.0,1.0,65,65,0,0,0,False,Kickoff Return (Offense),"Kali Nguma kickoff for 23 yds , Andrew Baker return for no gain to the WMU 42",,2025-09-06T22:58:31.000Z
401762461,40176246121,401762461104988901,13,9,Western Michigan,Mid-American,0,North Texas,American Athletic,0,Western Michigan,North Texas,4,"{'minutes': 1, 'seconds': 10}",0.0,2.0,43,57,3,9,0,False,Timeout,"Timeout Western Michigan, clock 01:10",,2025-09-06T22:50:00.000Z
401762461,40176246121,401762461104994501,13,11,Western Michigan,Mid-American,0,North Texas,American Athletic,0,Western Michigan,North Texas,4,"{'minutes': 0, 'seconds': 54}",0.0,2.0,53,47,1,10,-15,False,Penalty,"(00:54) LOWRY, Broc pass deep to the right incomplete intended for BROOKS, Baylin thrown to the UNT14, clock 00:50. PENALTY WMU Personal Foul on DABO, Gavin enforced 15 yards from the UNT47 to the WMU38 [SG]. NO PLAY (replay the down).",,2025-09-06T22:58:31.000Z
401762461,40176246121,401762461104999601,13,14,Western Michigan,Mid-American,0,North Texas,American Athletic,0,Western Michigan,North Texas,4,"{'minutes': 0, 'seconds': 3}",-1.0,2.0,41,59,3,22,0,False,Timeout,"Timeout Western Michigan, clock 00:03",,2025-09-06T22:58:31.000Z
401762461,40176246121,401762461104999903,13,16,North Texas,American Athletic,27,Western Michigan,Mid-American,27,Western Michigan,North Texas,4,"{'minutes': 0, 'seconds': 0}",2.0,-1.0,41,41,0,3,0,False,End of Regulation,End of 4th Quarter,,2025-09-06T22:58:31.000Z
401762461,40176246121,401762461532,13,1,North Texas,American Athletic,10,Western Michigan,Mid-American,24,Western Michigan,North Texas,3,"{'minutes': 6, 'seconds': 10}",2.0,1.0,67,67,1,10,14,False,Rush,Makenzie McGill II run for 14 yds to the UNT 47,1.333757235567841,2025-09-06T21:51:21.000Z
401762461,40176246121,401762461539,13,3,North Texas,American Athletic,10,Western Michigan,Mid-American,24,Western Michigan,North Texas,3,"{'minutes': 5, 'seconds': 24}",2.0,1.0,58,58,1,15,31,False,Rush,Drew Mestemaker run for 31 yds to the WMU 27,2.57483908039897,2025-09-06T21:52:25.000Z
401762461,40176246121,401762461544,13,4,North Texas,American Athletic,10,Western Michigan,Mid-American,24,Western Michigan,North Texas,3,"{'minutes': 5, 'seconds': 12}",2.0,1.0,27,27,1,10,9,False,Rush,Makenzie McGill II run for 9 yds to the WMU 18,0.661453117654322,2025-09-06T21:52:40.000Z
401762461,40176246121,401762461104987101,13,7,Western Michigan,Mid-American,0,North Texas,American Athletic,0,Western Michigan,North Texas,4,"{'minutes': 1, 'seconds': 28}",1.0,2.0,42,58,1,10,1,False,Rush,Broc Lowry run for 1 yd to the WMU 43,-0.9258054961347764,2025-09-06T22:58:31.000Z
401762461,40176246121,401762461104988301,13,8,Western Michigan,Mid-American,0,North Texas,American Athletic,0,Western Michigan,North Texas,4,"{'minutes': 1, 'seconds': 16}",1.0,2.0,43,57,2,9,0,False,Pass Incompletion,Broc Lowry pass incomplete,-0.9030775559550781,2025-09-06T22:58:31.000Z
401762461,40176246121,401762461104988902,13,10,Western Michigan,Mid-American,0,North Texas,American Athletic,0,Western Michigan,North Texas,4,"{'minutes': 1, 'seconds': 10}",0.0,2.0,43,57,3,9,10,False,Rush,Broc Lowry run for 10 yds to the UNT 47 for a 1ST down,2.77738402286274,2025-09-06T22:50:00.000Z
401762461,40176246121,401762461104995601,13,12,Western Michigan,Mid-American,0,North Texas,American Athletic,0,Western Michigan,North Texas,4,"{'minutes': 0, 'seconds': 43}",0.0,2.0,38,62,1,25,3,False,Rush,Broc Lowry run for 3 yds to the WMU 41,-0.18959531644228456,2025-09-06T22:53:15.000Z
401762461,40176246121,401762461104995901,13,13,Western Michigan,Mid-American,0,North Texas,American Athletic,0,Western Michigan,North Texas,4,"{'minutes': 0, 'seconds': 40}",0.0,2.0,41,59,2,22,0,False,Rush,Jalen Buckley run for no gain to the WMU 41,-0.3283777635442444,2025-09-06T22:58:31.000Z
401762461,40176246121,401762461104999901,13,15,Western Michigan,Mid-American,0,North Texas,American Athletic,0,Western Michigan,North Texas,4,"{'minutes': 0, 'seconds': 0}",-1.0,2.0,41,59,3,22,0,False,Pass Incompletion,Brady Jones pass incomplete,-0.15611937209109694,2025-09-06T22:58:31.000Z
401762461,40176246123,401762461105000011,14,11,North Texas,American Athletic,0,Western Michigan,Mid-American,0,Western Michigan,North Texas,5,"{'minutes': 0, 'seconds': 0}",,,7,7,1,10,0,False,Timeout,"Timeout Western Michigan, clock 00:00",,2025-09-06T23:02:26.000Z
401762461,40176246123,401762461105232232,14,13,North Texas,American Athletic,0,Western Michigan,Mid-American,0,Western Michigan,North Texas,5,"{'minutes': 0, 'seconds': 0}",,,21,21,2,6,14,False,Penalty,"MESTEMAKER, Drew pass deep to the right incomplete intended for WILLIAMS III, Tre thrown to the WMU1. PENALTY WMU Pass Interference on SIMS, Jarvarius enforced at the spot of the foul for 14 yards to the WMU7 and results in automatic 1ST DOWN [NHSG]. NO PLAY (replay the down).",,2025-09-06T23:02:26.000Z
401762461,40176246123,401762461105232264,14,15,North Texas,American Athletic,0,Western Michigan,Mid-American,0,Western Michigan,North Texas,5,"{'minutes': 0, 'seconds': 0}",,,5,5,2,5,2,False,Penalty,"MESTEMAKER, Drew pass to the right incomplete intended for DORNER, Cameron. PENALTY WMU Unsportsmanlike Conduct on SIMS, Jarvarius enforced half the distance from the goal, 2 yards from the WMU5 to the WMU3 and results in automatic 1ST DOWN [NHSG]. NO PLAY (replay the down).",,2025-09-06T23:02:26.000Z
401762461,40176246123,401762461105232287,14,17,North Texas,American Athletic,33,Western Michigan,Mid-American,30,Western Michigan,North Texas,5,"{'minutes': 0, 'seconds': 0}",,,0,0,0,3,0,False,End of Game,End of OT,,2025-09-06T23:02:26.000Z
401762461,40176246123,401762461606,14,10,Western Michigan,Mid-American,27,North Texas,American Athletic,17,Western Michigan,North Texas,4,"{'minutes': 14, 'seconds': 13}",-1.0,2.0,75,25,4,4,43,False,Field Goal Good,Palmer Domschke 43 yd FG GOOD,,2025-09-06T22:06:04.000Z
401762461,40176246123,401762461586,14,6,Western Michigan,Mid-American,24,North Texas,American Athletic,17,Western Michigan,North Texas,3,"{'minutes': 1, 'seconds': 11}",-1.0,2.0,69,31,1,10,0,False,Rush,Devin Miles run,-0.5824837756999947,2025-09-06T22:00:01.000Z
401762461,40176246123,401762461564,14,1,Western Michigan,Mid-American,24,North Texas,American Athletic,17,Western Michigan,North Texas,3,"{'minutes': 4, 'seconds': 23}",-1.0,2.0,39,61,1,10,2,False,Rush,Devin Miles run for 2 yds to the WMU 41,-0.673782181215797,2025-09-06T21:56:50.000Z
401762461,40176246123,401762461568,14,2,Western Michigan,Mid-American,24,North Texas,American Athletic,17,Western Michigan,North Texas,3,"{'minutes': 3, 'seconds': 43}",-1.0,2.0,41,59,2,8,6,False,Rush,Devin Miles run for 6 yds to the WMU 47,0.3417728860273517,2025-09-06T21:57:29.000Z
401762461,40176246123,401762461572,14,3,Western Michigan,Mid-American,24,North Texas,American Athletic,17,Western Michigan,North Texas,3,"{'minutes': 3, 'seconds': 8}",-1.0,2.0,47,53,3,2,5,False,Rush,Jalen Buckley run for 5 yds to the UNT 48,1.5007914953733543,2025-09-06T21:58:09.000Z
401762461,40176246123,401762461576,14,4,Western Michigan,Mid-American,24,North Texas,American Athletic,17,Western Michigan,North Texas,3,"{'minutes': 2, 'seconds': 37}",-1.0,2.0,52,48,1,10,-9,False,Sack,Broc Lowry sacked  by Ethan Day for a loss of 9 yards to the WMU 43,-2.8267288064751614,2025-09-06T21:58:39.000Z
401762461,40176246123,401762461580,14,5,Western Michigan,Mid-American,24,North Texas,American Athletic,17,Western Michigan,North Texas,3,"{'minutes': 1, 'seconds': 48}",-1.0,2.0,43,57,2,19,26,False,Rush,Jalen Buckley run for 26 yds to the UNT 31,3.6710164726821706,2025-09-06T21:59:27.000Z
401762461,40176246123,401762461590,14,7,Western Michigan,Mid-American,24,North Texas,American Athletic,17,Western Michigan,North Texas,3,"{'minutes': 0, 'seconds': 39}",-1.0,2.0,69,31,2,10,3,False,Rush,Broc Lowry run for 3 yds to the UNT 28,-0.2553307023814781,2025-09-06T22:00:45.000Z
401762461,40176246123,401762461596,14,8,North Texas,American Athletic,17,Western Michigan,Mid-American,24,Western Michigan,North Texas,3,"{'minutes': 0, 'seconds': 0}",2.0,-1.0,28,28,3,7,0,False,End Period,"End of 3rd quarter, clock 00:00.",-0.8963490238602781,2025-09-06T22:01:24.000Z
401762461,40176246123,401762461600,14,9,Western Michigan,Mid-American,24,North Texas,American Athletic,17,Western Michigan,North Texas,4,"{'minutes': 14, 'seconds': 47}",-1.0,2.0,72,28,3,7,3,False,Rush,Broc Lowry run for 3 yds to the UNT 25,-0.2972853705665966,2025-09-06T22:05:20.000Z
401762461,40176246123,401762461105232221,14,12,North Texas,American Athletic,0,Western Michigan,Mid-American,0,Western Michigan,North Texas,5,"{'minutes': 0, 'seconds': 0}",,,25,25,1,10,4,False,Rush,Makenzie McGill II run for 4 yds to the WMU 21,-0.0356690725209355,2025-09-06T23:02:26.000Z
401762461,40176246123,401762461105232253,14,14,North Texas,American Athletic,0,Western Michigan,Mid-American,0,Western Michigan,North Texas,5,"{'minutes': 0, 'seconds': 0}",,,7,7,1,7,2,False,Rush,Makenzie McGill II run for 2 yds to the WMU 5,-0.241823061202709,2025-09-06T23:02:26.000Z
401762461,40176246123,401762461105232275,14,16,North Texas,American Athletic,33,Western Michigan,Mid-American,30,Western Michigan,North Texas,5,"{'minutes': 0, 'seconds': 0}",,,3,3,1,3,3,True,Rushing Touchdown,Makenzie McGill II 3 Yd Run ,1.464451732731337,2025-09-06T23:02:26.000Z
401752829,4017528291,401752829101849903,1,1,Western Michigan,Mid-American,0,Illinois,Big Ten,0,Illinois,Western Michigan,1,"{'minutes': 15, 'seconds': 0}",3.0,3.0,65,65,1,10,0,False,Kickoff,Hunter Smith kickoff for 65 yds for a touchback,,2025-09-13T23:07:12.000Z
401752829,4017528291,401752829101864601,1,5,Illinois,Big Ten,0,Western Michigan,Mid-American,0,Illinois,Western Michigan,1,"{'minutes': 13, 'seconds': 53}",3.0,3.0,40,60,1,10,15,False,Penalty,"(13:58) No Huddle-Shotgun Altmyer,Luke pass incomplete deep left to Bowick,Justin thrown to WMU30 PENALTY WMU Pass Interference (Wofford,Aaron) 15 yards from ILL40 to WMU45, 1ST DOWN. NO PLAY.",,2025-09-13T23:09:22.000Z
401752829,4017528291,401752829101915201,1,16,Illinois,Big Ten,3,Western Michigan,Mid-American,0,Illinois,Western Michigan,1,"{'minutes': 8, 'seconds': 47}",3.0,3.0,90,10,4,10,28,True,Field Goal Good,David Olano 28 yd FG GOOD,,2025-09-13T23:19:06.000Z
401752829,4017528291,401752829101854401,1,2,Illinois,Big Ten,0,Western Michigan,Mid-American,0,Illinois,Western Michigan,1,"{'minutes': 14, 'seconds': 55}",3.0,3.0,25,75,1,10,2,False,Rush,Kaden Feagin run for 2 yds to the ILL 27,-0.45260367932203766,2025-09-13T23:07:20.000Z
401752829,4017528291,401752829101857201,1,3,Illinois,Big Ten,0,Western Michigan,Mid-American,0,Illinois,Western Michigan,1,"{'minutes': 14, 'seconds': 27}",3.0,3.0,27,73,2,8,0,False,Pass Incompletion,Luke Altmyer pass incomplete to Collin Dixon,-0.4788075161366292,2025-09-13T23:07:42.000Z
401752829,4017528291,401752829101858101,1,4,Illinois,Big Ten,0,Western Michigan,Mid-American,0,Illinois,Western Michigan,1,"{'minutes': 14, 'seconds': 18}",3.0,3.0,27,73,3,8,13,False,Pass Reception,Luke Altmyer pass complete to Justin Bowick for 13 yds to the ILL 40 for a 1ST down,2.252265711036313,2025-09-13T23:07:12.000Z
401752829,4017528291,401752829101865101,1,6,Illinois,Big Ten,0,Western Michigan,Mid-American,0,Illinois,Western Michigan,1,"{'minutes': 13, 'seconds': 48}",3.0,3.0,55,45,1,10,5,False,Rush,Kaden Feagin run for 5 yds to the WMU 40,0.0943461181043617,2025-09-13T23:09:50.000Z
401752829,4017528291,401752829101868701,1,7,Illinois,Big Ten,0,Western Michigan,Mid-American,0,Illinois,Western Michigan,1,"{'minutes': 13, 'seconds': 12}",3.0,3.0,60,40,2,5,0,False,Rush,Ca'Lil Valentine run for no gain to the WMU 40,-1.0198753264847067,2025-09-13T23:07:12.000Z
401752829,4017528291,401752829101876901,1,8,Illinois,Big Ten,0,Western Michigan,Mid-American,0,Illinois,Western Michigan,1,"{'minutes': 12, 'seconds': 30}",3.0,3.0,60,40,3,5,9,False,Rush,Kaden Feagin run for 9 yds to the WMU 31 for a 1ST down,1.560097123374465,2025-09-13T23:11:05.000Z
401752829,4017528291,401752829101884801,1,9,Illinois,Big Ten,0,Western Michigan,Mid-American,0,Illinois,Western Michigan,1,"{'minutes': 11, 'seconds': 51}",3.0,3.0,69,31,1,10,0,False,Pass Reception,Luke Altmyer pass complete to Kaden Feagin for no gain to the WMU 31,-0.5824837756999947,2025-09-13T23:07:12.000Z
401752829,4017528291,401752829101885601,1,10,Illinois,Big Ten,0,Western Michigan,Mid-American,0,Illinois,Western Michigan,1,"{'minutes': 11, 'seconds': 43}",3.0,3.0,69,31,2,10,9,False,Pass Reception,Luke Altmyer pass complete to Hank Beatty for 9 yds to the WMU 22,0.6094490348908665,2025-09-13T23:07:12.000Z
401752829,4017528291,401752829101894101,1,11,Illinois,Big Ten,0,Western Michigan,Mid-American,0,Illinois,Western Michigan,1,"{'minutes': 10, 'seconds': 58}",3.0,3.0,78,22,3,1,1,False,Rush,Kaden Feagin run for 1 yd to the WMU 21 for a 1ST down,0.182684097086583,2025-09-13T23:13:06.000Z
401752829,4017528291,401752829101898201,1,12,Illinois,Big Ten,0,Western Michigan,Mid-American,0,Illinois,Western Michigan,1,"{'minutes': 10, 'seconds': 17}",3.0,3.0,79,21,1,10,12,False,Rush,Ca'Lil Valentine run for 12 yds to the WMU 9 for a 1ST down,0.208058990149025,2025-09-13T23:13:58.000Z
401752829,4017528291,401752829101906201,1,13,Illinois,Big Ten,0,Western Michigan,Mid-American,0,Illinois,Western Michigan,1,"{'minutes': 9, 'seconds': 37}",3.0,3.0,91,9,1,9,0,False,Pass Incompletion,Luke Altmyer pass incomplete to Hudson Clement,-0.315798379566314,2025-09-13T23:15:07.000Z
401752829,4017528291,401752829101906801,1,14,Illinois,Big Ten,0,Western Michigan,Mid-American,0,Illinois,Western Michigan,1,"{'minutes': 9, 'seconds': 31}",3.0,3.0,91,9,2,9,-1,False,Rush,Kaden Feagin run for a loss of 1 yard to the WMU 10,-0.338429523645313,2025-09-13T23:15:22.000Z
401752829,4017528291,401752829101914801,1,15,Illinois,Big Ten,0,Western Michigan,Mid-American,0,Illinois,Western Michigan,1,"{'minutes': 8, 'seconds': 51}",3.0,3.0,90,10,3,10,0,False,Pass Incompletion,Luke Altmyer pass incomplete,-0.435155339591331,2025-09-13T23:15:58.000Z
401752829,4017528292,401752829101915202,2,1,Illinois,Big Ten,3,Western Michigan,Mid-American,0,Illinois,Western Michigan,1,"{'minutes': 8, 'seconds': 47}",3.0,3.0,35,65,1,10,0,False,Kickoff,David Olano kickoff for 65 yds for a touchback,,2025-09-13T23:19:38.000Z
401752829,4017528292,401752829101947601,2,8,Western Michigan,Mid-American,0,Illinois,Big Ten,3,Illinois,Western Michigan,1,"{'minutes': 5, 'seconds': 23}",3.0,3.0,56,56,4,1,12,False,Punt,"Ryan Millmore punt for 39 yds , Hank Beatty returns for 12 yds to the ILL 29",,2025-09-13T23:25:06.000Z
401752829,4017528292,401752829101915901,2,2,Western Michigan,Mid-American,0,Illinois,Big Ten,3,Illinois,Western Michigan,1,"{'minutes': 8, 'seconds': 40}",3.0,3.0,75,75,1,10,0,False,Pass Incompletion,Brady Jones pass incomplete to Devin Miles,-0.7029700220436519,2025-09-13T23:21:10.000Z
401752829,4017528292,401752829101916401,2,3,Western Michigan,Mid-American,0,Illinois,Big Ten,3,Illinois,Western Michigan,1,"{'minutes': 8, 'seconds': 35}",3.0,3.0,75,75,2,10,-2,False,Rush,Jalen Buckley run for a loss of 2 yards to the WMU 23,-0.4311967026252628,2025-09-13T23:21:40.000Z
401752829,4017528292,401752829101924401,2,4,Western Michigan,Mid-American,0,Illinois,Big Ten,3,Illinois,Western Michigan,1,"{'minutes': 7, 'seconds': 55}",3.0,3.0,77,77,3,12,12,False,Pass Reception,Brady Jones pass complete to Aveion Chenault for 12 yds to the WMU 35 for a 1ST down,1.9692048336989014,2025-09-13T23:07:12.000Z
401752829,4017528292,401752829101927201,2,5,Western Michigan,Mid-American,0,Illinois,Big Ten,3,Illinois,Western Michigan,1,"{'minutes': 7, 'seconds': 27}",3.0,3.0,65,65,1,10,4,False,Rush,Devin Miles run for 4 yds to the WMU 39,-0.1595952673507188,2025-09-13T23:23:07.000Z
401752829,4017528292,401752829101935201,2,6,Western Michigan,Mid-American,0,Illinois,Big Ten,3,Illinois,Western Michigan,1,"{'minutes': 6, 'seconds': 47}",3.0,3.0,61,61,2,6,4,False,Rush,Devin Miles run for 4 yds to the WMU 43,-0.1539632974214307,2025-09-13T23:23:23.000Z
401752829,4017528292,401752829101939301,2,7,Western Michigan,Mid-American,0,Illinois,Big Ten,3,Illinois,Western Michigan,1,"{'minutes': 6, 'seconds': 6}",3.0,3.0,57,57,3,2,1,False,Rush,Devin Miles run for 1 yd to the WMU 44,-0.7552511986427355,2025-09-13T23:07:12.000Z
401752829,4017528293,401752829101968101,3,4,Illinois,Big Ten,3,Western Michigan,Mid-American,0,Illinois,Western Michigan,1,"{'minutes': 3, 'seconds': 18}",3.0,3.0,36,64,4,3,0,False,Punt,"Keelan Crimmins punt for 40 yds, fair catch by Keivin Boone-Nelson II at the WMU 24",,2025-09-13T23:30:36.000Z
401752829,4017528293,401752829101948501,3,1,Illinois,Big Ten,3,Western Michigan,Mid-American,0,Illinois,Western Michigan,1,"{'minutes': 5, 'seconds': 14}",3.0,3.0,29,71,1,10,6,False,Pass Reception,Luke Altmyer pass complete to Collin Dixon for 6 yds to the ILL 35,0.366045681425021,2025-09-13T23:07:12.000Z
401752829,4017528293,401752829101955401,3,2,Illinois,Big Ten,3,Western Michigan,Mid-American,0,Illinois,Western Michigan,1,"{'minutes': 4, 'seconds': 45}",3.0,3.0,35,65,2,4,3,False,Rush,Ca'Lil Valentine run for 3 yds to the ILL 38,-0.4027318141759686,2025-09-13T23:29:05.000Z
401752829,4017528293,401752829101959901,3,3,Illinois,Big Ten,3,Western Michigan,Mid-American,0,Illinois,Western Michigan,1,"{'minutes': 4, 'seconds': 0}",3.0,3.0,38,62,3,1,-2,False,Rush,Kaden Feagin run for a loss of 2 yards to the ILL 36,-1.0470116468502049,2025-09-13T23:29:49.000Z
401752829,4017528294,401752829101977501,4,4,Western Michigan,Mid-American,0,Illinois,Big Ten,3,Illinois,Western Michigan,1,"{'minutes': 2, 'seconds': 24}",3.0,3.0,77,77,4,11,0,False,Punt,Ryan Millmore punt for 45 yds,,2025-09-13T23:39:08.000Z
401752829,4017528294,401752829101974401,4,1,Western Michigan,Mid-American,0,Illinois,Big Ten,3,Illinois,Western Michigan,1,"{'minutes': 2, 'seconds': 55}",3.0,3.0,76,76,1,10,-1,False,Pass Reception,Brady Jones pass complete to Devin Miles for a loss of 1 yard to the WMU 23,-0.7658209053976721,2025-09-13T23:07:12.000Z
401752829,4017528294,401752829101975901,4,2,Western Michigan,Mid-American,0,Illinois,Big Ten,3,Illinois,Western Michigan,1,"{'minutes': 2, 'seconds': 40}",3.0,3.0,77,77,2,11,0,False,Pass Incompletion,Brady Jones pass incomplete to Blake Bosma,-0.2773033157904381,2025-09-13T23:35:07.000Z
401752829,4017528294,401752829101976401,4,3,Western Michigan,Mid-American,0,Illinois,Big Ten,3,Illinois,Western Michigan,1,"{'minutes': 2, 'seconds': 35}",3.0,3.0,77,77,3,11,0,False,Pass Incompletion,Brady Jones pass incomplete to Terence Marshall,-0.12490802157905367,2025-09-13T23:07:12.000Z
401752829,4017528295,401752829101999902,5,7,Illinois,Big Ten,3,Western Michigan,Mid-American,0,Illinois,Western Michigan,1,"{'minutes': 0, 'seconds': 0}",3.0,3.0,60,40,0,1,6,False,End Period,End of 1st Quarter,,2025-09-13T23:49:37.000Z
401752829,4017528295,401752829101987901,5,3,Illinois,Big Ten,3,Western Michigan,Mid-American,0,Illinois,Western Michigan,1,"{'minutes': 1, 'seconds': 20}",3.0,3.0,36,64,3,6,15,False,Penalty,"(01:26) Shotgun Altmyer,Luke sacked for loss of 11 yards to the ILL25 (Franklin,Josh) PENALTY WMU Horse Collar Tackle (Franklin,Josh) 15 yards from ILL36 to WMU49, 1ST DOWN. NO PLAY.",,2025-09-13T23:43:07.000Z
401752829,4017528295,401752829101979401,5,1,Illinois,Big Ten,3,Western Michigan,Mid-American,0,Illinois,Western Michigan,1,"{'minutes': 2, 'seconds': 5}",3.0,3.0,32,68,1,10,9,False,Pass Reception,Luke Altmyer pass complete to Hudson Clement for 9 yds to the ILL 41,1.3745145306761655,2025-09-13T23:39:39.000Z
401752829,4017528295,401752829101984601,5,2,Illinois,Big Ten,3,Western Michigan,Mid-American,0,Illinois,Western Michigan,1,"{'minutes': 1, 'seconds': 53}",3.0,3.0,32,68,2,10,4,False,Rush,Kaden Feagin run for 4 yds to the ILL 36,-0.094545922939206,2025-09-13T23:41:49.000Z
401752829,4017528295,401752829101989701,5,4,Illinois,Big Ten,3,Western Michigan,Mid-American,0,Illinois,Western Michigan,1,"{'minutes': 1, 'seconds': 2}",3.0,3.0,51,49,1,10,0,False,Pass Incompletion,Luke Altmyer pass incomplete to Tanner Arkin,-1.0955888671820908,2025-09-13T23:43:21.000Z
401752829,4017528295,401752829101994301,5,5,Illinois,Big Ten,3,Western Michigan,Mid-American,0,Illinois,Western Michigan,1,"{'minutes': 0, 'seconds': 56}",3.0,3.0,51,49,2,10,9,False,Rush,Ca'Lil Valentine run for 9 yds to the WMU 40,1.061227966456725,2025-09-13T23:44:06.000Z
401752829,4017528295,401752829101999901,5,6,Illinois,Big Ten,3,Western Michigan,Mid-American,0,Illinois,Western Michigan,1,"{'minutes': 0, 'seconds': 0}",3.0,3.0,60,40,3,1,6,False,Rush,Ca'Lil Valentine run for 6 yds to the WMU 34 for a 1ST down,0.859965291448944,2025-09-13T23:49:37.000Z
401752829,4017528295,401752829102854501,5,8,Illinois,Big Ten,3,Western Michigan,Mid-American,0,Illinois,Western Michigan,2,"{'minutes': 14, 'seconds': 54}",3.0,3.0,66,34,1,10,0,False,Pass Incompletion,Luke Altmyer pass incomplete to Collin Dixon,-0.6630222646782312,2025-09-13T23:49:37.000Z
401752829,4017528295,401752829102855701,5,9,Illinois,Big Ten,3,Western Michigan,Mid-American,0,Illinois,Western Michigan,2,"{'minutes': 14, 'seconds': 42}",3.0,3.0,66,34,2,10,25,False,Pass Reception,Luke Altmyer pass complete to Malik Elzy for 25 yds to the WMU 9 for a 1ST down,1.175510601945433,2025-09-13T23:49:50.000Z
401752829,4017528295,401752829102858501,5,10,Illinois,Big Ten,3,Western Michigan,Mid-American,0,Illinois,Western Michigan,2,"{'minutes': 14, 'seconds': 14}",3.0,3.0,91,9,1,9,3,False,Rush,Kaden Feagin run for 3 yds to the WMU 6,-0.10442916913547,2025-09-13T23:51:05.000Z
401752829,4017528295,401752829102866801,5,11,Illinois,Big Ten,10,Western Michigan,Mid-American,0,Illinois,Western Michigan,2,"{'minutes': 13, 'seconds': 31}",3.0,3.0,94,6,2,6,6,True,Passing Touchdown,Luke Altmyer pass complete to Hank Beatty for 6 yds for a TD (David Olano KICK),2.528666992781938,2025-09-13T23:51:34.000Z
401752829,4017528296,401752829102866803,6,1,Illinois,Big Ten,10,Western Michigan,Mid-American,0,Illinois,Western Michigan,2,"{'minutes': 13, 'seconds': 31}",3.0,3.0,35,65,1,10,0,False,Kickoff,David Olano kickoff for 65 yds for a touchback,,2025-09-13T23:55:20.000Z
401752829,4017528296,401752829102887001,6,5,Western Michigan,Mid-American,0,Illinois,Big Ten,10,Illinois,Western Michigan,2,"{'minutes': 11, 'seconds': 29}",3.0,3.0,67,67,4,2,0,False,Punt,"Ryan Millmore punt for 43 yds, fair catch by Hank Beatty at the ILL 24",,2025-09-13T23:49:50.000Z
401752829,4017528296,401752829102867401,6,2,Western Michigan,Mid-American,0,Illinois,Big Ten,10,Illinois,Western Michigan,2,"{'minutes': 13, 'seconds': 25}",3.0,3.0,75,75,1,10,3,False,Rush,Jalen Buckley run for 3 yds to the WMU 28,-0.2957674139440157,2025-09-13T23:49:50.000Z
401752829,4017528296,401752829102875201,6,3,Western Michigan,Mid-American,0,Illinois,Big Ten,10,Illinois,Western Michigan,2,"{'minutes': 12, 'seconds': 47}",3.0,3.0,72,72,2,7,6,False,Rush,Jalen Buckley run for 6 yds to the WMU 34,0.272733551995068,2025-09-13T23:57:07.000Z
401752829,4017528296,401752829102878801,6,4,Western Michigan,Mid-American,0,Illinois,Big Ten,10,Illinois,Western Michigan,2,"{'minutes': 12, 'seconds': 11}",3.0,3.0,66,66,3,1,-1,False,Rush,Jalen Buckley run for a loss of 1 yard to the WMU 33,-0.7978679889326434,2025-09-13T23:57:50.000Z
401752829,4017528297,401752829102896401,7,4,Illinois,Big Ten,10,Western Michigan,Mid-American,0,Illinois,Western Michigan,2,"{'minutes': 10, 'seconds': 35}",3.0,3.0,28,72,4,6,0,False,Punt,"Keelan Crimmins punt for 43 yds, fair catch by Keivin Boone-Nelson II at the WMU 29",,2025-09-13T23:49:50.000Z
401752829,4017528297,401752829102887301,7,1,Illinois,Big Ten,10,Western Michigan,Mid-American,0,Illinois,Western Michigan,2,"{'minutes': 11, 'seconds': 26}",3.0,3.0,24,76,1,10,0,False,Pass Incompletion,Luke Altmyer pass incomplete to Malik Elzy,-0.6723571521309859,2025-09-13T23:59:06.000Z
401752829,4017528297,401752829102887801,7,2,Illinois,Big Ten,10,Western Michigan,Mid-American,0,Illinois,Western Michigan,2,"{'minutes': 11, 'seconds': 21}",3.0,3.0,24,76,2,10,4,False,Rush,Ca'Lil Valentine run for 4 yds to the ILL 28,-0.05832037754323682,2025-09-13T23:59:41.000Z
401752829,4017528297,401752829102895601,7,3,Illinois,Big Ten,10,Western Michigan,Mid-American,0,Illinois,Western Michigan,2,"{'minutes': 10, 'seconds': 43}",3.0,3.0,28,72,3,6,0,False,Pass Incompletion,Luke Altmyer pass incomplete to Malik Elzy,-0.2971550972327286,2025-09-13T23:49:50.000Z
401752829,4017528298,401752829102936701,8,8,Western Michigan,Mid-American,0,Illinois,Big Ten,10,Illinois,Western Michigan,2,"{'minutes': 6, 'seconds': 32}",3.0,3.0,25,25,1,10,-10,False,Penalty,"(06:38) No Huddle-Shotgun Lowry,Broc pass complete short left to Cabana,Cole caught at ILL30, for 3 yards to the ILL22 (Scott,Miles), out of bounds PENALTY WMU Holding (Dieudonne,Malique) 10 yards from ILL25 to ILL35. NO PLAY.",,2025-09-13T23:49:50.000Z
401752829,4017528298,401752829102949401,8,12,Western Michigan,Mid-American,0,Illinois,Big Ten,10,Illinois,Western Michigan,2,"{'minutes': 5, 'seconds': 5}",3.0,3.0,28,28,4,13,46,False,Field Goal Missed,Palmer Domschke 46 yd FG MISSED,,2025-09-14T00:14:04.000Z
401752829,4017528298,401752829102897001,8,1,Western Michigan,Mid-American,0,Illinois,Big Ten,10,Illinois,Western Michigan,2,"{'minutes': 10, 'seconds': 29}",3.0,3.0,71,71,1,10,0,False,Pass Incompletion,Broc Lowry pass incomplete to Terence Marshall,-0.8305196050291288,2025-09-13T23:49:50.000Z
401752829,4017528298,401752829102898001,8,2,Western Michigan,Mid-American,0,Illinois,Big Ten,10,Illinois,Western Michigan,2,"{'minutes': 10, 'seconds': 19}",3.0,3.0,71,71,2,10,8,False,Pass Reception,Broc Lowry pass complete to Blake Bosma for 8 yds to the WMU 37,0.5690582453002548,2025-09-14T00:05:06.000Z
401752829,4017528298,401752829102906801,8,3,Western Michigan,Mid-American,0,Illinois,Big Ten,10,Illinois,Western Michigan,2,"{'minutes': 9, 'seconds': 31}",3.0,3.0,63,63,3,2,7,False,Pass Reception,Broc Lowry pass complete to Michael Brescia for 7 yds to the WMU 44 for a 1ST down,1.6668954511045326,2025-09-14T00:05:55.000Z
401752829,4017528298,401752829102909601,8,4,Western Michigan,Mid-American,0,Illinois,Big Ten,10,Illinois,Western Michigan,2,"{'minutes': 9, 'seconds': 3}",3.0,3.0,56,56,1,10,4,False,Rush,Ofa Mataele run for 4 yds to the WMU 48,-0.1632332623875107,2025-09-13T23:49:50.000Z
401752829,4017528298,401752829102917801,8,5,Western Michigan,Mid-American,0,Illinois,Big Ten,10,Illinois,Western Michigan,2,"{'minutes': 8, 'seconds': 21}",3.0,3.0,52,52,2,6,4,False,Rush,Ofa Mataele run for 4 yds to the ILL 48,-0.1661702407762373,2025-09-14T00:07:09.000Z
401752829,4017528298,401752829102926301,8,6,Western Michigan,Mid-American,0,Illinois,Big Ten,10,Illinois,Western Michigan,2,"{'minutes': 7, 'seconds': 36}",3.0,3.0,48,48,3,2,7,False,Rush,Broc Lowry run for 7 yds to the ILL 41 for a 1ST down,1.4590666586465346,2025-09-13T23:49:50.000Z
401752829,4017528298,401752829102934101,8,7,Western Michigan,Mid-American,0,Illinois,Big Ten,10,Illinois,Western Michigan,2,"{'minutes': 6, 'seconds': 58}",3.0,3.0,41,41,1,10,16,False,Rush,Broc Lowry run for 16 yds to the ILL 25 for a 1ST down,0.5404352636304619,2025-09-13T23:49:50.000Z
401752829,4017528298,401752829102938401,8,9,Western Michigan,Mid-American,0,Illinois,Big Ten,10,Illinois,Western Michigan,2,"{'minutes': 6, 'seconds': 15}",3.0,3.0,35,35,1,20,3,False,Rush,Ofa Mataele run for 3 yds to the ILL 32,-0.300464440307584,2025-09-14T00:11:28.000Z
401752829,4017528298,401752829102944701,8,10,Western Michigan,Mid-American,0,Illinois,Big Ten,10,Illinois,Western Michigan,2,"{'minutes': 5, 'seconds': 52}",3.0,3.0,32,32,2,17,0,False,Pass Incompletion,Broc Lowry pass incomplete to Talique Williams,-0.9694861851898738,2025-09-14T00:12:43.000Z
401752829,4017528298,401752829102945501,8,11,Western Michigan,Mid-American,0,Illinois,Big Ten,10,Illinois,Western Michigan,2,"{'minutes': 5, 'seconds': 44}",3.0,3.0,32,32,3,17,4,False,Rush,Broc Lowry run for 4 yds to the ILL 28,-0.1652016063275301,2025-09-13T23:49:50.000Z
401752829,4017528299,401752829102949404,9,1,Illinois,Big Ten,10,Western Michigan,Mid-American,0,Illinois,Western Michigan,2,"{'minutes': 5, 'seconds': 5}",3.0,3.0,28,72,1,10,-5,False,Penalty,"(05:05) PENALTY ILL False Start (Priestly,Melvin) 5 yards from ILL28 to ILL23. NO PLAY.",,2025-09-14T00:17:04.000Z
401752829,4017528299,401752829102974801,9,5,Illinois,Big Ten,10,Western Michigan,Mid-American,0,Illinois,Western Michigan,2,"{'minutes': 2, 'seconds': 51}",3.0,3.0,31,69,4,7,0,False,Punt,"Keelan Crimmins punt for 50 yds , Keivin Boone-Nelson II returns for no gain to the WMU 19",,2025-09-13T23:49:50.000Z
401752829,4017528299,401752829102954101,9,2,Illinois,Big Ten,10,Western Michigan,Mid-American,0,Illinois,Western Michigan,2,"{'minutes': 4, 'seconds': 58}",3.0,3.0,23,77,1,15,-8,False,Sack,Luke Altmyer sacked by Jarvarius Sims for a loss of 8 yards to the ILL 15,-0.6335831673699204,2025-09-13T23:49:50.000Z
401752829,4017528299,401752829102958601,9,3,Illinois,Big Ten,10,Western Michigan,Mid-American,0,Illinois,Western Michigan,2,"{'minutes': 4, 'seconds': 13}",3.0,3.0,15,85,2,23,3,False,Pass Reception,Luke Altmyer pass complete to Hank Beatty for 3 yds to the ILL 18,-0.02091515423136593,2025-09-14T00:19:10.000Z
401752829,4017528299,401752829102966301,9,4,Illinois,Big Ten,10,Western Michigan,Mid-American,0,Illinois,Western Michigan,2,"{'minutes': 3, 'seconds': 36}",3.0,3.0,18,82,3,20,13,False,Pass Reception,Luke Altmyer pass complete to Kaden Feagin for 13 yds to the ILL 31,0.1987649714013937,2025-09-14T00:19:39.000Z
401752829,40175282910,401752829102979902,10,3,Western Michigan,Mid-American,0,Illinois,Big Ten,10,Illinois,Western Michigan,2,"{'minutes': 2, 'seconds': 0}",3.0,2.0,68,68,1,10,0,False,Timeout,"Timeout Illinois, clock 02:00",,2025-09-14T00:21:53.000Z
401752829,40175282910,401752829102987502,10,7,Western Michigan,Mid-American,0,Illinois,Big Ten,10,Illinois,Western Michigan,2,"{'minutes': 1, 'seconds': 24}",3.0,2.0,44,44,2,1,15,False,Penalty,"(01:24) No Huddle-Shotgun Lowry,Broc pass incomplete deep left to Chenault,Aveion thrown to ILL20 PENALTY ILL Pass Interference (Cox Jr.,Torrie) 15 yards from ILL44 to ILL29, 1ST DOWN. NO PLAY.",,2025-09-14T00:27:09.000Z
401752829,40175282910,401752829102995001,10,10,Western Michigan,Mid-American,0,Illinois,Big Ten,10,Illinois,Western Michigan,2,"{'minutes': 0, 'seconds': 49}",3.0,2.0,21,21,3,2,11,False,Penalty,"(00:50) No Huddle-Shotgun Lowry,Broc pass incomplete short right to Marshall,Terence thrown to ILL08 PENALTY ILL Pass Interference (Patterson,Kaleb) 11 yard from ILL21 to ILL10, 1ST DOWN. NO PLAY.",,2025-09-14T00:29:19.000Z
401752829,40175282910,401752829102995502,10,12,Western Michigan,Mid-American,0,Illinois,Big Ten,10,Illinois,Western Michigan,2,"{'minutes': 0, 'seconds': 44}",2.0,2.0,7,7,2,7,0,False,Timeout,"Timeout Western Michigan, clock 00:44",,2025-09-14T00:29:51.000Z
401752829,40175282910,401752829102997101,10,14,Western Michigan,Mid-American,0,Illinois,Big Ten,10,Illinois,Western Michigan,2,"{'minutes': 0, 'seconds': 28}",1.0,2.0,1,1,3,1,0,False,Timeout,"Timeout Western Michigan, clock 00:28",,2025-09-13T23:49:50.000Z
401752829,40175282910,401752829102999601,10,16,Western Michigan,Mid-American,0,Illinois,Big Ten,10,Illinois,Western Michigan,2,"{'minutes': 0, 'seconds': 3}",0.0,2.0,1,1,4,1,0,False,Timeout,"Timeout Western Michigan, clock 00:03",,2025-09-13T23:49:50.000Z
401752829,40175282910,401752829102999903,10,18,Illinois,Big Ten,10,Western Michigan,Mid-American,0,Illinois,Western Michigan,2,"{'minutes': 0, 'seconds': 0}",2.0,0.0,0,100,0,0,-99,False,End of Half,End of 2nd Quarter,,2025-09-14T00:35:05.000Z
401752829,40175282910,401752829102975401,10,1,Western Michigan,Mid-American,0,Illinois,Big Ten,10,Illinois,Western Michigan,2,"{'minutes': 2, 'seconds': 45}",3.0,3.0,81,81,1,10,3,False,Rush,Devin Miles run for 3 yds to the WMU 22,-0.2256553240907335,2025-09-14T00:21:06.000Z
401752829,40175282910,401752829102979901,10,2,Western Michigan,Mid-American,0,Illinois,Big Ten,10,Illinois,Western Michigan,2,"{'minutes': 2, 'seconds': 0}",3.0,3.0,78,78,2,7,10,False,Pass Reception,Broc Lowry pass complete to Baylin Brooks for 10 yds to the WMU 32 for a 1ST down,1.1449641294516706,2025-09-14T00:21:53.000Z
401752829,40175282910,401752829102984201,10,4,Western Michigan,Mid-American,0,Illinois,Big Ten,10,Illinois,Western Michigan,2,"{'minutes': 1, 'seconds': 57}",3.0,2.0,68,68,1,10,0,False,Pass Incompletion,Broc Lowry pass incomplete to Baylin Brooks,-0.9262377870973815,2025-09-14T00:25:33.000Z
401752829,40175282910,401752829102984901,10,5,Western Michigan,Mid-American,0,Illinois,Big Ten,10,Illinois,Western Michigan,2,"{'minutes': 1, 'seconds': 50}",3.0,2.0,68,68,2,10,15,False,Pass Reception,Broc Lowry pass complete to Baylin Brooks for 15 yds to the WMU 47 for a 1ST down,2.3502490691659332,2025-09-14T00:26:05.000Z
401752829,40175282910,401752829102987501,10,6,Western Michigan,Mid-American,0,Illinois,Big Ten,10,Illinois,Western Michigan,2,"{'minutes': 1, 'seconds': 24}",3.0,2.0,53,53,1,10,9,False,Pass Reception,Broc Lowry pass complete to Aveion Chenault for 9 yds to the ILL 44,1.1787223367393838,2025-09-14T00:27:09.000Z
401752829,40175282910,401752829102988301,10,8,Western Michigan,Mid-American,0,Illinois,Big Ten,10,Illinois,Western Michigan,2,"{'minutes': 1, 'seconds': 16}",3.0,2.0,29,29,1,10,-5,False,Sack,Michael Brescia sacked by Pat Farrell for a loss of 5 yards to the ILL 34,-1.314125882623056,2025-09-14T00:28:05.000Z
401752829,40175282910,401752829102994401,10,9,Western Michigan,Mid-American,0,Illinois,Big Ten,10,Illinois,Western Michigan,2,"{'minutes': 0, 'seconds': 55}",3.0,2.0,34,34,2,15,13,False,Pass Reception,Broc Lowry pass complete to Malique Dieudonne for 13 yds to the ILL 21,1.216624241265278,2025-09-13T23:49:50.000Z
401752829,40175282910,401752829102995501,10,11,Western Michigan,Mid-American,0,Illinois,Big Ten,10,Illinois,Western Michigan,2,"{'minutes': 0, 'seconds': 44}",3.0,2.0,10,10,1,10,3,False,Rush,Ofa Mataele run for 3 yds to the ILL 7,-0.093321625768295,2025-09-14T00:29:51.000Z
401752829,40175282910,401752829102997001,10,13,Western Michigan,Mid-American,0,Illinois,Big Ten,10,Illinois,Western Michigan,2,"{'minutes': 0, 'seconds': 29}",2.0,2.0,7,7,2,7,6,False,Rush,Broc Lowry run for 6 yds to the ILL 1,0.153150238838187,2025-09-14T00:31:07.000Z
401752829,40175282910,401752829102998201,10,15,Western Michigan,Mid-American,0,Illinois,Big Ten,10,Illinois,Western Michigan,2,"{'minutes': 0, 'seconds': 17}",1.0,2.0,1,1,3,1,0,False,Rush,Devin Miles run for no gain to the ILL 1,-0.331755745676551,2025-09-14T00:33:06.000Z
401752829,40175282910,401752829102999901,10,17,Western Michigan,Mid-American,0,Illinois,Big Ten,10,Illinois,Western Michigan,2,"{'minutes': 0, 'seconds': 0}",0.0,2.0,1,1,4,1,0,False,Rush,Michael Brescia run for no gain to the ILL 1,-4.214246025143899,2025-09-14T00:35:05.000Z
401752829,40175282911,401752829103849903,11,1,Illinois,Big Ten,10,Western Michigan,Mid-American,0,Illinois,Western Michigan,3,"{'minutes': 15, 'seconds': 0}",3.0,3.0,35,65,1,10,0,False,Kickoff,David Olano kickoff for 65 yds for a touchback,,2025-09-14T00:56:04.000Z
401752829,40175282911,401752829103869901,11,5,Western Michigan,Mid-American,0,Illinois,Big Ten,10,Illinois,Western Michigan,3,"{'minutes': 13, 'seconds': 0}",3.0,3.0,78,78,4,13,0,False,Punt,"Ryan Millmore punt for 31 yds, fair catch by Hank Beatty at the ILL 47",,2025-09-14T00:59:12.000Z
401752829,40175282911,401752829103854401,11,2,Western Michigan,Mid-American,0,Illinois,Big Ten,10,Illinois,Western Michigan,3,"{'minutes': 14, 'seconds': 55}",3.0,3.0,75,75,1,10,0,False,Rush,Jalen Buckley run for no gain to the WMU 25,-0.7029700220436519,2025-09-14T00:57:05.000Z
401752829,40175282911,401752829103858801,11,3,Western Michigan,Mid-American,0,Illinois,Big Ten,10,Illinois,Western Michigan,3,"{'minutes': 14, 'seconds': 11}",3.0,3.0,75,75,2,10,-1,False,Pass Reception,Broc Lowry pass complete to Baylin Brooks for a loss of 1 yard to the WMU 24,-0.3927938356308358,2025-09-14T00:57:51.000Z
401752829,40175282911,401752829103866101,11,4,Western Michigan,Mid-American,0,Illinois,Big Ten,10,Illinois,Western Michigan,3,"{'minutes': 13, 'seconds': 38}",3.0,3.0,76,76,3,11,-2,False,Sack,Broc Lowry sacked by Leon Lowery Jr. for a loss of 2 yards to the WMU 22,-0.16441190723598442,2025-09-14T00:56:04.000Z
401752829,40175282912,401752829103874301,12,1,Illinois,Big Ten,10,Western Michigan,Mid-American,0,Illinois,Western Michigan,3,"{'minutes': 12, 'seconds': 56}",3.0,3.0,47,53,1,10,1,False,Rush,Kaden Feagin run for 1 yd to the ILL 48,-0.9130431154710728,2025-09-14T00:59:46.000Z
401752829,40175282912,401752829103878701,12,2,Illinois,Big Ten,10,Western Michigan,Mid-American,0,Illinois,Western Michigan,3,"{'minutes': 12, 'seconds': 12}",3.0,3.0,48,52,2,9,24,False,Pass Reception,Luke Altmyer pass complete to Hank Beatty for 24 yds to the WMU 28 for a 1ST down,2.2443280749059493,2025-09-14T00:56:04.000Z
401752829,40175282912,401752829103885701,12,3,Illinois,Big Ten,10,Western Michigan,Mid-American,0,Illinois,Western Michigan,3,"{'minutes': 11, 'seconds': 42}",3.0,3.0,72,28,1,10,15,False,Pass Reception,Luke Altmyer pass complete to Collin Dixon for 15 yds to the WMU 13 for a 1ST down,0.225085259092584,2025-09-14T01:01:06.000Z
401752829,40175282912,401752829103888001,12,4,Illinois,Big Ten,10,Western Michigan,Mid-American,0,Illinois,Western Michigan,3,"{'minutes': 11, 'seconds': 19}",3.0,3.0,87,13,1,10,10,False,Rush,Kaden Feagin run for 10 yds to the WMU 3 for a 1ST down,1.07447748231451,2025-09-14T01:01:31.000Z
401752829,40175282912,401752829103894001,12,5,Illinois,Big Ten,17,Western Michigan,Mid-American,0,Illinois,Western Michigan,3,"{'minutes': 10, 'seconds': 59}",3.0,3.0,97,3,1,3,3,True,Rushing Touchdown,Kaden Feagin run for 3 yds for a TD (David Olano KICK),1.464451732731337,2025-09-14T01:01:55.000Z
401752829,40175282913,401752829103894003,13,1,Illinois,Big Ten,17,Western Michigan,Mid-American,0,Illinois,Western Michigan,3,"{'minutes': 10, 'seconds': 59}",3.0,3.0,35,65,1,10,0,False,Kickoff,David Olano kickoff for 65 yds for a touchback,,2025-09-14T01:01:55.000Z
401752829,40175282913,401752829103925701,13,8,Western Michigan,Mid-American,0,Illinois,Big Ten,17,Illinois,Western Michigan,3,"{'minutes': 7, 'seconds': 42}",3.0,3.0,44,44,4,5,0,False,Punt,Ryan Millmore punt for 44 yds for a touchback,,2025-09-14T01:11:07.000Z
401752829,40175282913,401752829103895601,13,2,Western Michigan,Mid-American,0,Illinois,Big Ten,17,Illinois,Western Michigan,3,"{'minutes': 10, 'seconds': 43}",3.0,3.0,75,75,1,10,10,False,Pass Reception,Broc Lowry pass complete to Blake Bosma for 10 yds to the WMU 35 for a 1ST down,0.8350381090299867,2025-09-14T00:56:04.000Z
401752829,40175282913,401752829103897901,13,3,Western Michigan,Mid-American,0,Illinois,Big Ten,17,Illinois,Western Michigan,3,"{'minutes': 10, 'seconds': 20}",3.0,3.0,65,65,1,10,7,False,Rush,Jalen Buckley run for 7 yds to the WMU 42,0.7081222799232592,2025-09-14T01:07:25.000Z
401752829,40175282913,401752829103905601,13,4,Western Michigan,Mid-American,0,Illinois,Big Ten,17,Illinois,Western Michigan,3,"{'minutes': 9, 'seconds': 43}",3.0,3.0,58,58,2,3,9,False,Rush,Broc Lowry run for 9 yds to the ILL 49 for a 1ST down,0.7722641791308273,2025-09-14T01:07:54.000Z
401752829,40175282913,401752829103909301,13,5,Western Michigan,Mid-American,0,Illinois,Big Ten,17,Illinois,Western Michigan,3,"{'minutes': 9, 'seconds': 6}",3.0,3.0,49,49,1,10,0,False,Rush,Broc Lowry run for no gain to the ILL 49,-1.0955888671820908,2025-09-14T00:56:04.000Z
401752829,40175282913,401752829103917901,13,6,Western Michigan,Mid-American,0,Illinois,Big Ten,17,Illinois,Western Michigan,3,"{'minutes': 8, 'seconds': 20}",3.0,3.0,49,49,2,10,5,False,Pass Reception,Broc Lowry pass complete to Christian Leary for 5 yds to the ILL 44,0.0743034836232805,2025-09-14T01:09:07.000Z
401752829,40175282913,401752829103924801,13,7,Western Michigan,Mid-American,0,Illinois,Big Ten,17,Illinois,Western Michigan,3,"{'minutes': 7, 'seconds': 51}",3.0,3.0,44,44,3,5,0,False,Pass Incompletion,Broc Lowry pass incomplete to Christian Leary,-1.0618160775042256,2025-09-14T01:09:37.000Z
401752829,40175282914,401752829103974501,14,10,Illinois,Big Ten,17,Western Michigan,Mid-American,0,Illinois,Western Michigan,3,"{'minutes': 2, 'seconds': 54}",3.0,3.0,87,13,1,10,11,False,Penalty,"(02:57) No Huddle-Shotgun Altmyer,Luke pass incomplete short left to Elzy,Malik thrown to WMU00 PENALTY WMU Pass Interference (Sims,Jarvarius) 11 yard from WMU13 to WMU02, 1ST DOWN. NO PLAY.",,2025-09-14T01:21:24.000Z
401752829,40175282914,401752829103975102,14,12,Illinois,Big Ten,17,Western Michigan,Mid-American,0,Illinois,Western Michigan,3,"{'minutes': 2, 'seconds': 48}",3.0,3.0,97,3,1,10,2,False,Penalty,"PENALTY WMU Offside (Al-Garawi,Mustafi) 2 yards from WMU03 to WMU01. NO PLAY.",,2025-09-14T01:23:09.000Z
401752829,40175282914,401752829103975112,14,13,Illinois,Big Ten,17,Western Michigan,Mid-American,0,Illinois,Western Michigan,3,"{'minutes': 2, 'seconds': 48}",3.0,3.0,35,65,1,10,80,False,Kickoff,"David Olano kickoff for 65 yds for a touchback Western Michigan Penalty, UNS: Unsportsmanlike Conduct (Brennan Wooten) to the 50 yard line",,2025-09-14T01:23:09.000Z
401752829,40175282914,401752829103926401,14,1,Illinois,Big Ten,17,Western Michigan,Mid-American,0,Illinois,Western Michigan,3,"{'minutes': 7, 'seconds': 35}",3.0,3.0,20,80,1,10,1,False,Rush,Luke Altmyer run for 1 yd to the ILL 21,-0.46882789768185695,2025-09-14T01:15:09.000Z
401752829,40175282914,401752829103929801,14,2,Illinois,Big Ten,17,Western Michigan,Mid-American,0,Illinois,Western Michigan,3,"{'minutes': 7, 'seconds': 1}",3.0,3.0,21,79,2,9,22,False,Pass Reception,Luke Altmyer pass complete to Hudson Clement for 22 yds to the ILL 43 for a 1ST down,2.389568995775633,2025-09-14T01:15:39.000Z
401752829,40175282914,401752829103936601,14,3,Illinois,Big Ten,17,Western Michigan,Mid-American,0,Illinois,Western Michigan,3,"{'minutes': 6, 'seconds': 33}",3.0,3.0,43,57,1,10,9,False,Rush,Ca'Lil Valentine run for 9 yds to the WMU 48,1.2806291789588773,2025-09-14T00:56:04.000Z
401752829,40175282914,401752829103939201,14,4,Illinois,Big Ten,17,Western Michigan,Mid-American,0,Illinois,Western Michigan,3,"{'minutes': 6, 'seconds': 7}",3.0,3.0,52,48,2,1,10,False,Rush,Ca'Lil Valentine run for 10 yds to the WMU 38 for a 1ST down,0.0900948699672612,2025-09-14T00:56:04.000Z
401752829,40175282914,401752829103945701,14,5,Illinois,Big Ten,17,Western Michigan,Mid-American,0,Illinois,Western Michigan,3,"{'minutes': 5, 'seconds': 42}",3.0,3.0,62,38,1,10,9,False,Pass Reception,Luke Altmyer pass complete to Hudson Clement for 9 yds to the WMU 29,0.800789073122285,2025-09-14T01:17:09.000Z
401752829,40175282914,401752829103948301,14,6,Illinois,Big Ten,17,Western Michigan,Mid-American,0,Illinois,Western Michigan,3,"{'minutes': 5, 'seconds': 16}",3.0,3.0,71,29,2,1,5,False,Pass Reception,Luke Altmyer pass complete to Hank Beatty for 5 yds to the WMU 24 for a 1ST down,-0.387634373144072,2025-09-14T01:17:21.000Z
401752829,40175282914,401752829103955501,14,7,Illinois,Big Ten,17,Western Michigan,Mid-American,0,Illinois,Western Michigan,3,"{'minutes': 4, 'seconds': 44}",3.0,3.0,76,24,1,10,-1,False,Sack,Luke Altmyer sacked for a loss of 1 yard to the WMU 25,-0.5407368654433835,2025-09-14T01:17:49.000Z
401752829,40175282914,401752829103958601,14,8,Illinois,Big Ten,17,Western Michigan,Mid-American,0,Illinois,Western Michigan,3,"{'minutes': 4, 'seconds': 13}",3.0,3.0,75,25,2,11,8,False,Rush,Kaden Feagin run for 8 yds to the WMU 17,0.3627223285900775,2025-09-14T01:19:51.000Z
401752829,40175282914,401752829103967101,14,9,Illinois,Big Ten,17,Western Michigan,Mid-American,0,Illinois,Western Michigan,3,"{'minutes': 3, 'seconds': 28}",3.0,3.0,83,17,3,3,4,False,Rush,Kaden Feagin run for 4 yds to the WMU 13 for a 1ST down,0.320523270414434,2025-09-14T00:56:04.000Z
401752829,40175282914,401752829103975101,14,11,Illinois,Big Ten,24,Western Michigan,Mid-American,0,Illinois,Western Michigan,3,"{'minutes': 2, 'seconds': 48}",3.0,3.0,98,2,1,2,2,True,Rushing Touchdown,"Luke Altmyer run for 2 yds for a TD Western Michigan Penalty, Defensive Holding (Talique Williams) declined (David Olano KICK)",1.213235297672098,2025-09-14T01:23:09.000Z
401752829,40175282915,401752829103988501,15,4,Western Michigan,Mid-American,0,Illinois,Big Ten,24,Illinois,Western Michigan,3,"{'minutes': 1, 'seconds': 14}",3.0,3.0,90,90,4,12,0,False,Punt,"Ryan Millmore punt for 43 yds, fair catch by Hank Beatty at the ILL 47",,2025-09-14T01:31:06.000Z
401752829,40175282915,401752829103988502,15,5,Western Michigan,Mid-American,0,Illinois,Big Ten,24,Illinois,Western Michigan,3,"{'minutes': 1, 'seconds': 14}",3.0,3.0,90,90,4,13,0,False,Punt,"Ryan Millmore punt for 43 yds, fair catch by Hank Beatty at the ILL 47",,2025-09-14T01:31:06.000Z
401752829,40175282915,401752829103975403,15,1,Western Michigan,Mid-American,0,Illinois,Big Ten,24,Illinois,Western Michigan,3,"{'minutes': 2, 'seconds': 45}",3.0,3.0,87,87,1,10,0,False,Pass Incompletion,Brady Jones pass incomplete to Aveion Chenault,-0.40084650139258127,2025-09-14T01:29:14.000Z
401752829,40175282915,401752829103976902,15,2,Western Michigan,Mid-American,0,Illinois,Big Ten,24,Illinois,Western Michigan,3,"{'minutes': 2, 'seconds': 30}",3.0,3.0,87,87,2,10,2,False,Pass Reception,Brady Jones pass complete to Ofa Mataele for 2 yds to the WMU 15,-0.11652073183054946,2025-09-14T01:29:38.000Z
401752829,40175282915,401752829103984702,15,3,Western Michigan,Mid-American,0,Illinois,Big Ten,24,Illinois,Western Michigan,3,"{'minutes': 1, 'seconds': 52}",3.0,3.0,85,85,3,8,-5,False,Sack,Brady Jones sacked for a loss of 5 yards to the WMU 10,-0.1629680529367734,2025-09-14T00:56:04.000Z
401752829,40175282916,401752829103999902,16,4,Illinois,Big Ten,24,Western Michigan,Mid-American,0,Illinois,Western Michigan,3,"{'minutes': 0, 'seconds': 0}",3.0,3.0,55,45,0,2,4,False,End Period,End of 3rd Quarter,,2025-09-14T01:37:04.000Z
401752829,40175282916,401752829103989001,16,1,Illinois,Big Ten,24,Western Michigan,Mid-American,0,Illinois,Western Michigan,3,"{'minutes': 1, 'seconds': 9}",3.0,3.0,47,53,1,10,2,False,Rush,Kaden Feagin run for 2 yds to the ILL 49,-0.6653184217084503,2025-09-14T01:35:48.000Z
401752829,40175282916,401752829103996401,16,2,Illinois,Big Ten,24,Western Michigan,Mid-American,0,Illinois,Western Michigan,3,"{'minutes': 0, 'seconds': 35}",3.0,3.0,49,51,2,8,6,False,Rush,Luke Altmyer run for 6 yds to the WMU 45,0.351063400936933,2025-09-14T01:36:03.000Z
401752829,40175282916,401752829103999901,16,3,Illinois,Big Ten,24,Western Michigan,Mid-American,0,Illinois,Western Michigan,3,"{'minutes': 0, 'seconds': 0}",3.0,3.0,55,45,3,2,4,False,Rush,Kaden Feagin run for 4 yds to the WMU 41 for a 1ST down,1.1690348284483056,2025-09-14T01:37:04.000Z
401752829,40175282916,401752829104855201,16,5,Illinois,Big Ten,24,Western Michigan,Mid-American,0,Illinois,Western Michigan,4,"{'minutes': 14, 'seconds': 47}",3.0,3.0,59,41,1,10,35,False,Pass Reception,Luke Altmyer pass complete to Ashton Hollins for 35 yds to the WMU 6 for a 1ST down,1.1880298548312425,2025-09-14T01:41:37.000Z
401752829,40175282916,401752829104859301,16,6,Illinois,Big Ten,31,Western Michigan,Mid-American,0,Illinois,Western Michigan,4,"{'minutes': 14, 'seconds': 6}",3.0,3.0,94,6,1,6,6,True,Passing Touchdown,Luke Altmyer pass complete to Ashton Hollins for 6 yds for a TD (David Olano KICK),2.052489771065277,2025-09-14T01:43:07.000Z
401752829,40175282917,401752829104859303,17,1,Illinois,Big Ten,31,Western Michigan,Mid-American,0,Illinois,Western Michigan,4,"{'minutes': 14, 'seconds': 6}",3.0,3.0,35,65,1,10,0,False,Kickoff,David Olano kickoff for 65 yds for a touchback,,2025-09-14T01:43:07.000Z
401752829,40175282917,401752829104876001,17,5,Western Michigan,Mid-American,0,Illinois,Big Ten,31,Illinois,Western Michigan,4,"{'minutes': 12, 'seconds': 39}",3.0,3.0,68,68,4,3,7,False,Punt,"Ryan Millmore punt for 47 yds , Hank Beatty returns for 7 yds to the ILL 28",,2025-09-14T01:49:10.000Z
401752829,40175282917,401752829104859801,17,2,Western Michigan,Mid-American,0,Illinois,Big Ten,31,Illinois,Western Michigan,4,"{'minutes': 14, 'seconds': 1}",3.0,3.0,75,75,1,10,4,False,Rush,Ofa Mataele run for 4 yds to the WMU 29,-0.1142886249388964,2025-09-14T01:47:06.000Z
401752829,40175282917,401752829104867401,17,3,Western Michigan,Mid-American,0,Illinois,Big Ten,31,Illinois,Western Michigan,4,"{'minutes': 13, 'seconds': 25}",3.0,3.0,71,71,2,6,3,False,Rush,Ofa Mataele run for 3 yds to the WMU 32,-0.2748655161762548,2025-09-14T01:47:44.000Z
401752829,40175282917,401752829104875001,17,4,Western Michigan,Mid-American,0,Illinois,Big Ten,31,Illinois,Western Michigan,4,"{'minutes': 12, 'seconds': 49}",3.0,3.0,68,68,3,3,0,False,Pass Incompletion,Brady Jones pass incomplete to Malique Dieudonne,-0.5139435334013278,2025-09-14T01:41:50.000Z
401752829,40175282918,401752829104889701,18,4,Illinois,Big Ten,31,Western Michigan,Mid-American,0,Illinois,Western Michigan,4,"{'minutes': 11, 'seconds': 2}",3.0,3.0,33,67,4,5,0,False,Punt,"Keelan Crimmins punt for 53 yds, fair catch by Keivin Boone-Nelson II at the WMU 14",,2025-09-14T01:55:05.000Z
401752829,40175282918,401752829104877801,18,1,Illinois,Big Ten,31,Western Michigan,Mid-American,0,Illinois,Western Michigan,4,"{'minutes': 12, 'seconds': 21}",3.0,3.0,28,72,1,10,-1,False,Pass Reception,Luke Altmyer pass complete to Cole Rusk for a loss of 1 yard to the ILL 27,-0.9133346639440578,2025-09-14T01:53:05.000Z
401752829,40175282918,401752829104884801,18,2,Illinois,Big Ten,31,Western Michigan,Mid-American,0,Illinois,Western Michigan,4,"{'minutes': 11, 'seconds': 51}",3.0,3.0,27,73,2,11,6,False,Pass Reception,Luke Altmyer pass complete to Hank Beatty for 6 yds to the ILL 33,0.1631195630027591,2025-09-14T01:53:18.000Z
401752829,40175282918,401752829104889001,18,3,Illinois,Big Ten,31,Western Michigan,Mid-American,0,Illinois,Western Michigan,4,"{'minutes': 11, 'seconds': 9}",3.0,3.0,33,67,3,5,0,False,Pass Incompletion,Luke Altmyer pass incomplete to Ashton Hollins,-0.4381545907354214,2025-09-14T01:53:54.000Z
401752829,40175282919,401752829104906001,19,4,Western Michigan,Mid-American,0,Illinois,Big Ten,31,Illinois,Western Michigan,4,"{'minutes': 9, 'seconds': 39}",3.0,3.0,85,85,4,9,0,False,Punt,Ryan Millmore punt for 27 yds,,2025-09-14T01:41:50.000Z
401752829,40175282919,401752829104894301,19,1,Western Michigan,Mid-American,0,Illinois,Big Ten,31,Illinois,Western Michigan,4,"{'minutes': 10, 'seconds': 56}",3.0,3.0,86,86,1,10,-1,False,Rush,Cole Cabana run for a loss of 1 yard to the WMU 13,-0.4757339608855169,2025-09-14T01:55:47.000Z
401752829,40175282919,401752829104898101,19,2,Western Michigan,Mid-American,0,Illinois,Big Ten,31,Illinois,Western Michigan,4,"{'minutes': 10, 'seconds': 18}",3.0,3.0,87,87,2,11,2,False,Pass Reception,Broc Lowry pass complete to Cole Cabana for 2 yds to the WMU 15,-0.10252380582663356,2025-09-14T01:41:50.000Z
401752829,40175282919,401752829104905001,19,3,Western Michigan,Mid-American,0,Illinois,Big Ten,31,Illinois,Western Michigan,4,"{'minutes': 9, 'seconds': 49}",3.0,3.0,85,85,3,9,0,False,Pass Incompletion,Broc Lowry pass incomplete to Aveion Chenault,-0.09803481040410136,2025-09-14T01:57:13.000Z
401752829,40175282920,401752829104915202,20,2,Illinois,Big Ten,31,Western Michigan,Mid-American,0,Illinois,Western Michigan,4,"{'minutes': 8, 'seconds': 47}",3.0,3.0,65,35,2,3,-10,False,Penalty,"Illinois Penalty, Offensive Holding (-10 Yards) to the WMU 42",,2025-09-14T01:59:50.000Z
401752829,40175282920,401752829104934401,20,5,Illinois,Big Ten,31,Western Michigan,Mid-American,0,Illinois,Western Michigan,4,"{'minutes': 6, 'seconds': 55}",3.0,3.0,92,8,2,2,-5,False,Penalty,"(06:58) Feagin,Kaden rush middle for 8 yards gain to the WMU00 TOUCHDOWN nullified by penalty, clock 06:55 PENALTY ILL Illegal Formation 5 yards from WMU08 to WMU13. NO PLAY.",,2025-09-14T02:03:06.000Z
401752829,40175282920,401752829104948401,20,8,Illinois,Big Ten,38,Western Michigan,Mid-American,0,Illinois,Western Michigan,4,"{'minutes': 5, 'seconds': 15}",3.0,3.0,98,2,1,2,2,True,Rushing Touchdown,Ca'Lil Valentine run for 2 yds for a TD (David Olano KICK),1.213235297672098,2025-09-14T02:05:09.000Z
401752829,40175282920,401752829104906601,20,1,Illinois,Big Ten,31,Western Michigan,Mid-American,0,Illinois,Western Michigan,4,"{'minutes': 9, 'seconds': 33}",3.0,3.0,58,42,1,10,7,False,Rush,Kaden Feagin run for 7 yds to the WMU 35,0.472919396686684,2025-09-14T01:59:07.000Z
401752829,40175282920,401752829104918301,20,3,Illinois,Big Ten,31,Western Michigan,Mid-American,0,Illinois,Western Michigan,4,"{'minutes': 8, 'seconds': 16}",3.0,3.0,58,42,2,10,26,False,Rush,Kaden Feagin run for 26 yds to the WMU 16 for a 1ST down,1.6347021455509376,2025-09-14T02:01:08.000Z
401752829,40175282920,401752829104926301,20,4,Illinois,Big Ten,31,Western Michigan,Mid-American,0,Illinois,Western Michigan,4,"{'minutes': 7, 'seconds': 36}",3.0,3.0,84,16,1,10,8,False,Rush,Kaden Feagin run for 8 yds to the WMU 8,0.4495267930851924,2025-09-14T02:01:34.000Z
401752829,40175282920,401752829104935801,20,6,Illinois,Big Ten,31,Western Michigan,Mid-American,0,Illinois,Western Michigan,4,"{'minutes': 6, 'seconds': 41}",3.0,3.0,87,13,2,7,3,False,Rush,Kaden Feagin run for 3 yds to the WMU 10,-0.106598165970175,2025-09-14T02:03:32.000Z
401752829,40175282920,401752829104944001,20,7,Illinois,Big Ten,31,Western Michigan,Mid-American,0,Illinois,Western Michigan,4,"{'minutes': 5, 'seconds': 59}",3.0,3.0,90,10,3,4,8,False,Rush,Ca'Lil Valentine run for 8 yds to the WMU 2 for a 1ST down,1.567684591236757,2025-09-14T01:41:50.000Z
401752829,40175282921,401752829104949101,21,1,Illinois,Big Ten,38,Western Michigan,Mid-American,0,Illinois,Western Michigan,4,"{'minutes': 5, 'seconds': 8}",3.0,3.0,35,65,1,10,20,False,Kickoff Return (Offense),"Lucas Osada kickoff for 65 yds , Devin Miles return for 20 yds to the WMU 20",,2025-09-14T02:09:32.000Z
401752829,40175282921,401752829104979901,21,7,Western Michigan,Mid-American,0,Illinois,Big Ten,38,Illinois,Western Michigan,4,"{'minutes': 2, 'seconds': 0}",3.0,2.0,45,45,3,10,0,False,Timeout,"Timeout Illinois, clock 02:00",,2025-09-14T01:41:50.000Z
401752829,40175282921,401752829104949801,21,2,Western Michigan,Mid-American,0,Illinois,Big Ten,38,Illinois,Western Michigan,4,"{'minutes': 5, 'seconds': 1}",3.0,3.0,80,80,1,10,21,False,Rush,Ofa Mataele run for 21 yds to the WMU 41 for a 1ST down,1.7270454458066755,2025-09-14T01:41:50.000Z
401752829,40175282921,401752829104957301,21,3,Western Michigan,Mid-American,0,Illinois,Big Ten,38,Illinois,Western Michigan,4,"{'minutes': 4, 'seconds': 26}",3.0,3.0,59,59,1,10,4,False,Rush,Ofa Mataele run for 4 yds to the WMU 45,-0.1673002614345122,2025-09-14T02:11:07.000Z
401752829,40175282921,401752829104965801,21,4,Western Michigan,Mid-American,0,Illinois,Big Ten,38,Illinois,Western Michigan,4,"{'minutes': 3, 'seconds': 41}",3.0,3.0,55,55,2,6,10,False,Rush,Tre' Hartwell run for 10 yds to the ILL 45 for a 1ST down,1.3497985261658716,2025-09-14T02:11:46.000Z
401752829,40175282921,401752829104969101,21,5,Western Michigan,Mid-American,0,Illinois,Big Ten,38,Illinois,Western Michigan,4,"{'minutes': 3, 'seconds': 8}",3.0,3.0,45,45,1,10,-1,False,Rush,Tre' Hartwell run for a loss of 1 yard to the ILL 46,-1.2270097040600767,2025-09-14T01:41:50.000Z
401752829,40175282921,401752829104977201,21,6,Western Michigan,Mid-American,0,Illinois,Big Ten,38,Illinois,Western Michigan,4,"{'minutes': 2, 'seconds': 27}",3.0,3.0,46,46,2,11,1,False,Rush,Tre' Hartwell run for 1 yd to the ILL 45,-0.8380616859478174,2025-09-14T02:13:05.000Z
401752829,40175282921,401752829104984501,21,8,Western Michigan,Mid-American,0,Illinois,Big Ten,38,Illinois,Western Michigan,4,"{'minutes': 1, 'seconds': 54}",3.0,2.0,45,45,3,10,3,False,Rush,Cole Cabana run for 3 yds to the ILL 42,-0.3533901813195915,2025-09-14T01:41:50.000Z
401752829,40175282921,401752829104988901,21,9,Western Michigan,Mid-American,0,Illinois,Big Ten,38,Illinois,Western Michigan,4,"{'minutes': 1, 'seconds': 10}",3.0,2.0,42,42,4,7,0,False,Pass Incompletion,Broc Lowry pass incomplete to Tre' Hartwell,-1.1050243436054465,2025-09-14T02:17:10.000Z
401752829,40175282922,401752829104999903,22,3,Illinois,Big Ten,38,Western Michigan,Mid-American,0,Illinois,Western Michigan,4,"{'minutes': 0, 'seconds': 0}",2.0,3.0,41,59,0,11,0,False,End of Game,End of 4th Quarter,,2025-09-14T02:19:07.000Z
401752829,40175282922,401752829104989701,22,1,Illinois,Big Ten,38,Western Michigan,Mid-American,0,Illinois,Western Michigan,4,"{'minutes': 1, 'seconds': 2}",2.0,3.0,42,58,1,10,0,False,Rush,E. Hampton takes a knee,-1.1496266880203319,2025-09-14T02:17:59.000Z
401752829,40175282922,401752829104999901,22,2,Illinois,Big Ten,38,Western Michigan,Mid-American,0,Illinois,Western Michigan,4,"{'minutes': 0, 'seconds': 0}",2.0,3.0,42,58,2,10,-1,False,Rush,E. Hampton takes a knee,-0.945589777649877,2025-09-14T02:19:07.000Z
401762820,40176282023,401762820104979901,23,2,Toledo,Mid-American,13,Western Michigan,Mid-American,6,Western Michigan,Toledo,4,"{'minutes': 2, 'seconds': 0}",2.0,-2.0,84,84,2,10,0,False,Timeout,"Timeout Western Michigan, clock 02:00",,2025-09-20T22:02:46.000Z
401762820,40176282023,401762820104984302,23,4,Toledo,Mid-American,13,Western Michigan,Mid-American,6,Western Michigan,Toledo,4,"{'minutes': 1, 'seconds': 56}",2.0,-3.0,86,86,3,12,0,False,Timeout,"Timeout Western Michigan, clock 01:56",,2025-09-20T22:37:32.000Z
401762820,40176282023,401762820104985901,23,6,Toledo,Mid-American,13,Western Michigan,Mid-American,6,Western Michigan,Toledo,4,"{'minutes': 1, 'seconds': 40}",2.0,-3.0,83,83,4,9,0,False,Punt,"Emilio Duran punt for 31 yds, fair catch by Keivin Boone-Nelson II at the TOL 48",,2025-09-20T22:39:36.000Z
401762820,40176282023,401762820104979601,23,1,Toledo,Mid-American,13,Western Michigan,Mid-American,6,Western Michigan,Toledo,4,"{'minutes': 2, 'seconds': 3}",2.0,-1.0,84,84,1,10,0,False,Rush,Chip Trayanum run for no gain to the TOL 16,-0.46182849902011913,2025-09-20T22:34:10.000Z
401762820,40176282023,401762820104984301,23,3,Toledo,Mid-American,13,Western Michigan,Mid-American,6,Western Michigan,Toledo,4,"{'minutes': 1, 'seconds': 56}",2.0,-2.0,84,84,2,10,-2,False,Rush,Chip Trayanum run for a loss of 2 yards to the TOL 14,-0.25814437567811144,2025-09-20T22:37:32.000Z
401762820,40176282023,401762820104985301,23,5,Toledo,Mid-American,13,Western Michigan,Mid-American,6,Western Michigan,Toledo,4,"{'minutes': 1, 'seconds': 46}",2.0,-3.0,86,86,3,12,3,False,Rush,Tucker Gleason run for 3 yds to the TOL 17,-0.0277718691341917,2025-09-20T22:39:06.000Z
401762820,40176282024,401762820104994701,24,6,Western Michigan,Mid-American,6,Toledo,Mid-American,13,Western Michigan,Toledo,4,"{'minutes': 0, 'seconds': 52}",-3.0,1.0,98,2,2,2,0,False,Timeout,"Timeout Toledo, clock 00:52",,2025-09-20T22:02:46.000Z
401762820,40176282024,401762820104994703,24,8,Western Michigan,Mid-American,14,Toledo,Mid-American,13,Western Michigan,Toledo,4,"{'minutes': 0, 'seconds': 52}",-4.0,1.0,97,3,1,10,0,False,Timeout,"Timeout Western Michigan, clock 00:52",,2025-09-20T22:44:04.000Z
401762820,40176282024,401762820104986601,24,1,Western Michigan,Mid-American,6,Toledo,Mid-American,13,Western Michigan,Toledo,4,"{'minutes': 1, 'seconds': 33}",-3.0,2.0,52,48,1,10,0,False,Pass Incompletion,Broc Lowry pass incomplete to Talique Williams,-1.0742999147475647,2025-09-20T22:40:25.000Z
401762820,40176282024,401762820104986901,24,2,Western Michigan,Mid-American,6,Toledo,Mid-American,13,Western Michigan,Toledo,4,"{'minutes': 1, 'seconds': 30}",-3.0,2.0,52,48,2,10,0,False,Pass Incompletion,Broc Lowry pass incomplete to Aveion Chenault,-1.0509966519448302,2025-09-20T22:40:59.000Z
401762820,40176282024,401762820104987501,24,3,Western Michigan,Mid-American,6,Toledo,Mid-American,13,Western Michigan,Toledo,4,"{'minutes': 1, 'seconds': 24}",-3.0,2.0,52,48,3,10,0,False,Pass Incompletion,Broc Lowry pass incomplete,-0.7682826649286678,2025-09-20T22:41:41.000Z
401762820,40176282024,401762820104988701,24,4,Western Michigan,Mid-American,6,Toledo,Mid-American,13,Western Michigan,Toledo,4,"{'minutes': 1, 'seconds': 12}",-3.0,2.0,52,48,4,10,43,False,Pass Reception,Broc Lowry pass complete to Talique Williams for 43 yds to the TOL 5 for a 1ST down,4.696032227342146,2025-09-20T22:42:37.000Z
401762820,40176282024,401762820104994401,24,5,Western Michigan,Mid-American,6,Toledo,Mid-American,13,Western Michigan,Toledo,4,"{'minutes': 0, 'seconds': 55}",-3.0,2.0,95,5,1,5,3,False,Rush,Broc Lowry run for 3 yds to the TOL 2,-0.184155684763349,2025-09-20T22:42:55.000Z
401762820,40176282024,401762820104994702,24,7,Western Michigan,Mid-American,14,Toledo,Mid-American,13,Western Michigan,Toledo,4,"{'minutes': 0, 'seconds': 52}",-3.0,1.0,98,2,2,2,2,True,Rushing Touchdown,Broc Lowry run for 2 yds for a TD (B. Lowry Run For Two-point Conversion),2.067936525322223,2025-09-20T22:44:04.000Z
401762820,40176282025,401762820104995401,25,1,Western Michigan,Mid-American,14,Toledo,Mid-American,13,Western Michigan,Toledo,4,"{'minutes': 0, 'seconds': 45}",-4.0,1.0,35,65,1,10,33,False,Kickoff Return (Offense),"Hunter Smith kickoff for 65 yds , Trayvon Rudolph return for 33 yds to the TOL 33",,2025-09-20T22:48:55.000Z
401762820,40176282025,401762820104996301,25,2,Toledo,Mid-American,13,Western Michigan,Mid-American,14,Western Michigan,Toledo,4,"{'minutes': 0, 'seconds': 36}",1.0,-4.0,67,67,1,10,1,False,Fumble Recovery (Own),"Tucker Gleason run for 1 yd to the TOL 34 Tucker Gleason fumbled, recovered by TOL Anthony Boswell",-0.7895437741198555,2025-09-20T22:50:17.000Z
401762820,40176282025,401762820104996901,25,3,Toledo,Mid-American,13,Western Michigan,Mid-American,14,Western Michigan,Toledo,4,"{'minutes': 0, 'seconds': 30}",1.0,-4.0,66,66,2,9,2,False,Pass Reception,Tucker Gleason pass complete to Jacob Petersen for 2 yds to the TOL 36,-0.4027199663866136,2025-09-20T22:51:42.000Z
401762820,40176282025,401762820104997301,25,4,Toledo,Mid-American,13,Western Michigan,Mid-American,14,Western Michigan,Toledo,4,"{'minutes': 0, 'seconds': 26}",1.0,-4.0,64,64,3,7,0,False,Pass Incompletion,Tucker Gleason pass incomplete to Chip Trayanum,-0.4258865412543571,2025-09-20T22:52:03.000Z
401762820,40176282025,401762820104998001,25,5,Toledo,Mid-American,13,Western Michigan,Mid-American,14,Western Michigan,Toledo,4,"{'minutes': 0, 'seconds': 19}",1.0,-4.0,64,64,4,7,0,False,Pass Incompletion,Tucker Gleason pass incomplete to Terrell Crosby Jr.,0.04720695090197502,2025-09-20T22:53:05.000Z
401762820,40176282025,401762820104998002,25,6,Toledo,Mid-American,13,Western Michigan,Mid-American,14,Western Michigan,Toledo,4,"{'minutes': 0, 'seconds': 19}",1.0,-4.0,64,64,4,7,0,False,Pass Incompletion,Tucker Gleason pass incomplete to Terrell Crosby Jr.,0.04720695090197502,2025-09-20T22:53:35.000Z
401762820,40176282026,401762820104999902,26,2,Western Michigan,Mid-American,14,Toledo,Mid-American,13,Western Michigan,Toledo,4,"{'minutes': 0, 'seconds': 0}",-4.0,1.0,64,36,0,10,-1,False,End of Game,End of 4th Quarter,,2025-09-20T22:54:04.000Z
401762820,40176282026,401762820104999901,26,1,Western Michigan,Mid-American,14,Toledo,Mid-American,13,Western Michigan,Toledo,4,"{'minutes': 0, 'seconds': 0}",-4.0,1.0,64,36,1,10,-1,False,Rush,(00:17) Kneel down by Western Mich. at TOL37 for loss of 1 yard.,-0.9031999321620817,2025-09-20T22:54:04.000Z
401762820,4017628201,401762820101849903,1,1,Toledo,Mid-American,0,Western Michigan,Mid-American,0,Western Michigan,Toledo,1,"{'minutes': 15, 'seconds': 0}",3.0,3.0,65,65,1,10,0,False,Kickoff,Robert Hammond III kickoff for 65 yds for a touchback,,2025-09-20T19:36:04.000Z
401762820,4017628201,401762820101884502,1,8,Western Michigan,Mid-American,0,Toledo,Mid-American,0,Western Michigan,Toledo,1,"{'minutes': 11, 'seconds': 54}",3.0,3.0,33,67,4,13,-5,False,Penalty,"PENALTY WMU False Start (Franklin,Josh) 5 yards from WMU33 to WMU28. NO PLAY.",,2025-09-20T19:36:54.000Z
401762820,4017628201,401762820101885801,1,9,Western Michigan,Mid-American,0,Toledo,Mid-American,0,Western Michigan,Toledo,1,"{'minutes': 11, 'seconds': 41}",3.0,3.0,28,72,4,18,0,False,Punt,Ryan Millmore punt for 47 yds,,2025-09-20T19:38:09.000Z
401762820,4017628201,401762820101854701,1,2,Western Michigan,Mid-American,0,Toledo,Mid-American,0,Western Michigan,Toledo,1,"{'minutes': 14, 'seconds': 52}",3.0,3.0,25,75,1,10,5,False,Rush,Jalen Buckley run for 5 yds to the WMU 30,0.0945451165334843,2025-09-20T19:36:04.000Z
401762820,4017628201,401762820101866701,1,3,Western Michigan,Mid-American,0,Toledo,Mid-American,0,Western Michigan,Toledo,1,"{'minutes': 13, 'seconds': 32}",3.0,3.0,30,70,2,5,1,False,Rush,Jalen Buckley run for 1 yd to the WMU 31,-0.6292774000892614,2025-09-20T19:36:04.000Z
401762820,4017628201,401762820101868901,1,4,Western Michigan,Mid-American,0,Toledo,Mid-American,0,Western Michigan,Toledo,1,"{'minutes': 13, 'seconds': 10}",3.0,3.0,31,69,3,4,5,False,Pass Reception,Broc Lowry pass complete to Baylin Brooks for 5 yds to the WMU 36 for a 1ST down,1.4652947955017677,2025-09-20T19:36:04.000Z
401762820,4017628201,401762820101874601,1,5,Western Michigan,Mid-American,0,Toledo,Mid-American,0,Western Michigan,Toledo,1,"{'minutes': 12, 'seconds': 53}",3.0,3.0,36,64,1,10,-3,False,Rush,Devin Miles run for a loss of 3 yards to the WMU 33,-1.4873770357925542,2025-09-20T19:36:04.000Z
401762820,4017628201,401762820101877201,1,6,Western Michigan,Mid-American,0,Toledo,Mid-American,0,Western Michigan,Toledo,1,"{'minutes': 12, 'seconds': 27}",3.0,3.0,33,67,2,13,0,False,Rush,Talique Williams run for no gain to the WMU 33,-0.41616142915009746,2025-09-20T19:36:42.000Z
401762820,4017628201,401762820101884501,1,7,Western Michigan,Mid-American,0,Toledo,Mid-American,0,Western Michigan,Toledo,1,"{'minutes': 11, 'seconds': 54}",3.0,3.0,33,67,3,13,0,False,Pass Incompletion,Broc Lowry pass incomplete,-0.19932611218105922,2025-09-20T19:36:54.000Z
401762820,4017628202,401762820101897501,2,4,Toledo,Mid-American,0,Western Michigan,Mid-American,0,Western Michigan,Toledo,1,"{'minutes': 10, 'seconds': 24}",3.0,2.0,63,63,1,10,0,False,Timeout,"Timeout Western Michigan, clock 10:24",,2025-09-20T19:36:04.000Z
401762820,4017628202,401762820101887101,2,1,Toledo,Mid-American,0,Western Michigan,Mid-American,0,Western Michigan,Toledo,1,"{'minutes': 11, 'seconds': 28}",3.0,3.0,75,75,1,10,1,False,Rush,Chip Trayanum run for 1 yd to the TOL 26,-0.5874795431016855,2025-09-20T19:40:55.000Z
401762820,4017628202,401762820101889301,2,2,Toledo,Mid-American,0,Western Michigan,Mid-American,0,Western Michigan,Toledo,1,"{'minutes': 11, 'seconds': 6}",3.0,3.0,74,74,2,9,7,False,Rush,Chip Trayanum run for 7 yds to the TOL 33,0.3678920884760765,2025-09-20T19:41:14.000Z
401762820,4017628202,401762820101897101,2,3,Toledo,Mid-American,0,Western Michigan,Mid-American,0,Western Michigan,Toledo,1,"{'minutes': 10, 'seconds': 28}",3.0,3.0,67,67,3,2,4,False,Pass Reception,Tucker Gleason pass complete to Junior Vandeross III for 4 yds to the TOL 37 for a 1ST down,1.2468317807691802,2025-09-20T19:41:57.000Z
401762820,4017628202,401762820101904401,2,5,Toledo,Mid-American,0,Western Michigan,Mid-American,0,Western Michigan,Toledo,1,"{'minutes': 9, 'seconds': 55}",3.0,2.0,63,63,1,10,20,False,Rush,Chip Trayanum run for 20 yds to the WMU 43 for a 1ST down,1.698140705646896,2025-09-20T19:45:25.000Z
401762820,4017628202,401762820101906501,2,6,Toledo,Mid-American,0,Western Michigan,Mid-American,0,Western Michigan,Toledo,1,"{'minutes': 9, 'seconds': 34}",3.0,2.0,43,43,1,10,5,False,Rush,Chip Trayanum run for 5 yds to the WMU 38,0.0913907244107932,2025-09-20T19:45:47.000Z
401762820,4017628202,401762820101915301,2,7,Toledo,Mid-American,0,Western Michigan,Mid-American,0,Western Michigan,Toledo,1,"{'minutes': 8, 'seconds': 46}",3.0,2.0,38,38,2,5,6,False,Pass Reception,Tucker Gleason pass complete to Chip Trayanum for 6 yds to the WMU 32 for a 1ST down,0.3894599379310986,2025-09-20T19:46:40.000Z
401762820,4017628202,401762820101917601,2,8,Toledo,Mid-American,0,Western Michigan,Mid-American,0,Western Michigan,Toledo,1,"{'minutes': 8, 'seconds': 23}",3.0,2.0,32,32,1,10,4,False,Rush,Kenji Christian run for 4 yds to the WMU 28,-0.0558269791892986,2025-09-20T19:47:00.000Z
401762820,4017628202,401762820101924701,2,9,Toledo,Mid-American,0,Western Michigan,Mid-American,0,Western Michigan,Toledo,1,"{'minutes': 7, 'seconds': 52}",3.0,2.0,28,28,2,6,1,False,Pass Reception,Tucker Gleason pass complete to Junior Vandeross III for 1 yd to the WMU 27,-0.4970853435099635,2025-09-20T19:47:36.000Z
401762820,4017628202,401762820101927701,2,10,Toledo,Mid-American,0,Western Michigan,Mid-American,0,Western Michigan,Toledo,1,"{'minutes': 7, 'seconds': 22}",3.0,2.0,27,27,3,5,3,False,Rush,Kenji Christian run for 3 yds to the WMU 24,-0.2672893658406572,2025-09-20T19:48:06.000Z
401762820,4017628202,401762820101934901,2,11,Toledo,Mid-American,0,Western Michigan,Mid-American,0,Western Michigan,Toledo,1,"{'minutes': 6, 'seconds': 50}",3.0,2.0,24,24,4,2,3,False,Pass Reception,Tucker Gleason pass complete to Connor Jones for 3 yds to the WMU 21 for a 1ST down,1.0594243003333887,2025-09-20T19:49:04.000Z
401762820,4017628202,401762820101937501,2,12,Toledo,Mid-American,0,Western Michigan,Mid-American,0,Western Michigan,Toledo,1,"{'minutes': 6, 'seconds': 24}",3.0,2.0,21,21,1,10,0,False,Pass Incompletion,Tucker Gleason pass incomplete,-0.3882383440694163,2025-09-20T19:49:38.000Z
401762820,4017628202,401762820101938201,2,13,Toledo,Mid-American,0,Western Michigan,Mid-American,0,Western Michigan,Toledo,1,"{'minutes': 6, 'seconds': 17}",3.0,2.0,21,21,2,10,1,False,Rush,Chip Trayanum run for 1 yd to the WMU 20,-0.3719112151898614,2025-09-20T19:50:04.000Z
401762820,4017628202,401762820101946701,2,14,Toledo,Mid-American,0,Western Michigan,Mid-American,0,Western Michigan,Toledo,1,"{'minutes': 5, 'seconds': 32}",3.0,2.0,20,20,3,9,0,False,Pass Interception Return,Tucker Gleason pass intercepted Joey Pope return for no gain to the WMU 7,-3.6075536269452293,2025-09-20T19:51:54.000Z
401762820,4017628203,401762820101946704,3,1,Western Michigan,Mid-American,0,Toledo,Mid-American,0,Western Michigan,Toledo,1,"{'minutes': 5, 'seconds': 32}",1.0,3.0,15,85,2,2,0,False,Timeout,"Timeout Western Michigan, clock 05:32",,2025-09-20T19:52:01.000Z
401762820,4017628203,401762820101947501,3,2,Western Michigan,Mid-American,0,Toledo,Mid-American,0,Western Michigan,Toledo,1,"{'minutes': 5, 'seconds': 24}",1.0,3.0,7,93,1,10,8,False,Rush,Broc Lowry run for 8 yds to the WMU 15,0.53370326760328,2025-09-20T19:54:14.000Z
401762820,4017628203,401762820101956501,3,3,Western Michigan,Mid-American,0,Toledo,Mid-American,0,Western Michigan,Toledo,1,"{'minutes': 4, 'seconds': 34}",1.0,3.0,15,85,2,2,15,False,Pass Reception,Broc Lowry pass complete to Cade Conley for 15 yds to the WMU 30 for a 1ST down,0.6470174253944272,2025-09-20T19:55:03.000Z
401762820,4017628203,401762820101958801,3,4,Western Michigan,Mid-American,0,Toledo,Mid-American,0,Western Michigan,Toledo,1,"{'minutes': 4, 'seconds': 11}",1.0,3.0,30,70,1,10,0,False,Pass Interception Return,Broc Lowry pass intercepted Andre Fuller return for no gain to the TOL 47,-1.3072134810956566,2025-09-20T19:55:32.000Z
401762820,4017628204,401762820101964302,4,1,Toledo,Mid-American,0,Western Michigan,Mid-American,0,Western Michigan,Toledo,1,"{'minutes': 3, 'seconds': 56}",3.0,0.0,46,46,2,3,0,False,Timeout,"Timeout Western Michigan, clock 03:56",,2025-09-20T19:36:04.000Z
401762820,4017628204,401762820101975102,4,5,Toledo,Mid-American,0,Western Michigan,Mid-American,0,Western Michigan,Toledo,1,"{'minutes': 2, 'seconds': 48}",3.0,0.0,31,31,2,5,-10,False,Penalty,"(02:52) No Huddle-Shotgun Gleason,Tucker pass incomplete deep left to Vandeross III,Junior thrown to WMU00 QB hurried by Fisher,Kershawn PENALTY TOL Holding (Rhett,Cole) 10 yards from WMU31 to WMU41. NO PLAY.",,2025-09-20T20:00:39.000Z
401762820,4017628204,401762820101987701,4,8,Toledo,Mid-American,0,Western Michigan,Mid-American,0,Western Michigan,Toledo,1,"{'minutes': 1, 'seconds': 22}",3.0,0.0,47,47,4,21,0,False,Punt,"Emilio Duran punt for 42 yds, fair catch by Keivin Boone-Nelson II at the WMU 5",,2025-09-20T20:02:52.000Z
401762820,4017628204,401762820101965201,4,2,Toledo,Mid-American,0,Western Michigan,Mid-American,0,Western Michigan,Toledo,1,"{'minutes': 3, 'seconds': 47}",3.0,0.0,53,53,1,10,7,False,Pass Reception,Tucker Gleason pass complete to Trayvon Rudolph for 7 yds to the WMU 46,0.6333251560123241,2025-09-20T19:59:36.000Z
401762820,4017628204,401762820101967201,4,3,Toledo,Mid-American,0,Western Michigan,Mid-American,0,Western Michigan,Toledo,1,"{'minutes': 3, 'seconds': 27}",3.0,0.0,46,46,2,3,10,False,Rush,Tucker Gleason run for 10 yds to the WMU 36 for a 1ST down,0.4511961825471876,2025-09-20T20:00:02.000Z
401762820,4017628204,401762820101969201,4,4,Toledo,Mid-American,0,Western Michigan,Mid-American,0,Western Michigan,Toledo,1,"{'minutes': 3, 'seconds': 7}",3.0,0.0,36,36,1,10,5,False,Rush,Chip Trayanum run for 5 yds to the WMU 31,0.082600123518274,2025-09-20T20:00:16.000Z
401762820,4017628204,401762820101976901,4,6,Toledo,Mid-American,0,Western Michigan,Mid-American,0,Western Michigan,Toledo,1,"{'minutes': 2, 'seconds': 30}",3.0,0.0,41,41,2,15,-7,False,Sack,Tucker Gleason sacked by Joshua Franklin for a loss of 7 yards to the WMU 48,-2.0475983624038987,2025-09-20T20:01:46.000Z
401762820,4017628204,401762820101979501,4,7,Toledo,Mid-American,0,Western Michigan,Mid-American,0,Western Michigan,Toledo,1,"{'minutes': 2, 'seconds': 4}",3.0,0.0,48,48,3,22,1,False,Rush,Chip Trayanum run for 1 yd to the WMU 47,-0.2875915079210962,2025-09-20T20:02:04.000Z
401762820,4017628205,401762820101995201,5,2,Western Michigan,Mid-American,0,Toledo,Mid-American,0,Western Michigan,Toledo,1,"{'minutes': 0, 'seconds': 47}",0.0,3.0,8,92,2,7,5,False,Penalty,"PENALTY TOL Offside (Ray Jr.,Doran) 5 yards from WMU08 to WMU13. NO PLAY.",,2025-09-20T20:04:33.000Z
401762820,4017628205,401762820101996702,5,3,Western Michigan,Mid-American,0,Toledo,Mid-American,0,Western Michigan,Toledo,1,"{'minutes': 0, 'seconds': 0}",0.0,3.0,13,87,0,2,0,False,End Period,End of 1st Quarter,,2025-09-20T20:05:14.000Z
401762820,4017628205,401762820102875501,5,9,Western Michigan,Mid-American,0,Toledo,Mid-American,0,Western Michigan,Toledo,2,"{'minutes': 12, 'seconds': 44}",0.0,3.0,18,82,4,12,11,False,Punt,"Ryan Millmore punt for 52 yds , Bryson Hammer returns for 11 yds to the TOL 41",,2025-09-20T20:12:04.000Z
401762820,4017628205,401762820101988401,5,1,Western Michigan,Mid-American,0,Toledo,Mid-American,0,Western Michigan,Toledo,1,"{'minutes': 1, 'seconds': 15}",0.0,3.0,5,95,1,10,3,False,Rush,Jalen Buckley run for 3 yds to the WMU 8,-0.11533988478327295,2025-09-20T20:03:39.000Z
401762820,4017628205,401762820101999901,5,4,Western Michigan,Mid-American,0,Toledo,Mid-American,0,Western Michigan,Toledo,1,"{'minutes': 0, 'seconds': 0}",0.0,3.0,13,87,2,2,1,False,Rush,Jalen Buckley run for 1 yd to the WMU 14,-0.47554462688375754,2025-09-20T20:05:14.000Z
401762820,4017628205,401762820102855101,5,5,Western Michigan,Mid-American,0,Toledo,Mid-American,0,Western Michigan,Toledo,2,"{'minutes': 14, 'seconds': 48}",0.0,3.0,14,86,3,1,6,False,Rush,Jalen Buckley run for 6 yds to the WMU 20 for a 1ST down,0.5047697505017252,2025-09-20T20:09:35.000Z
401762820,4017628205,401762820102864201,5,6,Western Michigan,Mid-American,0,Toledo,Mid-American,0,Western Michigan,Toledo,2,"{'minutes': 13, 'seconds': 57}",0.0,3.0,20,80,1,10,7,False,Pass Reception,Broc Lowry pass complete to Jalen Buckley for 7 yds to the WMU 13,0.5253025865520424,2025-09-20T20:10:20.000Z
401762820,4017628205,401762820102866101,5,7,Western Michigan,Mid-American,0,Toledo,Mid-American,0,Western Michigan,Toledo,2,"{'minutes': 13, 'seconds': 38}",0.0,3.0,13,87,2,17,1,False,Rush,Broc Lowry run for 1 yd to the WMU 14,-0.0639365599637616,2025-09-20T20:10:39.000Z
401762820,4017628205,401762820102869701,5,8,Western Michigan,Mid-American,0,Toledo,Mid-American,0,Western Michigan,Toledo,2,"{'minutes': 13, 'seconds': 2}",0.0,3.0,14,86,3,16,4,False,Rush,Devin Miles run for 4 yds to the WMU 18,-0.0073945939583382,2025-09-20T20:11:17.000Z
401762820,4017628206,401762820102888601,6,4,Toledo,Mid-American,0,Western Michigan,Mid-American,0,Western Michigan,Toledo,2,"{'minutes': 11, 'seconds': 13}",2.0,0.0,30,30,3,2,0,False,Timeout,"Timeout Toledo, clock 11:13",,2025-09-20T20:09:35.000Z
401762820,4017628206,401762820102876301,6,1,Toledo,Mid-American,0,Western Michigan,Mid-American,0,Western Michigan,Toledo,2,"{'minutes': 12, 'seconds': 36}",3.0,0.0,59,59,1,10,21,False,Rush,Kenji Christian run for 21 yds to the WMU 38 for a 1ST down,1.5644197012132393,2025-09-20T20:15:00.000Z
401762820,4017628206,401762820102877901,6,2,Toledo,Mid-American,0,Western Michigan,Mid-American,0,Western Michigan,Toledo,2,"{'minutes': 12, 'seconds': 20}",3.0,0.0,38,38,1,10,6,False,Rush,Kenji Christian run for 6 yds to the WMU 32,0.2517020867787,2025-09-20T20:15:14.000Z
401762820,4017628206,401762820102884801,6,3,Toledo,Mid-American,0,Western Michigan,Mid-American,0,Western Michigan,Toledo,2,"{'minutes': 11, 'seconds': 51}",3.0,0.0,32,32,2,4,2,False,Rush,Kenji Christian run for 2 yds to the WMU 30,-0.4207721068243072,2025-09-20T20:15:43.000Z
401762820,4017628206,401762820102889301,6,5,Toledo,Mid-American,0,Western Michigan,Mid-American,0,Western Michigan,Toledo,2,"{'minutes': 11, 'seconds': 6}",2.0,0.0,30,30,3,2,2,False,Rush,Chip Trayanum run for 2 yds to the WMU 28 for a 1ST down,0.4996481944923642,2025-09-20T20:19:45.000Z
401762820,4017628206,401762820102897701,6,6,Toledo,Mid-American,0,Western Michigan,Mid-American,0,Western Michigan,Toledo,2,"{'minutes': 10, 'seconds': 22}",2.0,0.0,28,28,1,10,8,False,Pass Reception,Tucker Gleason pass complete to Terrell Crosby Jr. for 8 yds to the WMU 20,0.496700750348529,2025-09-20T20:20:32.000Z
401762820,4017628206,401762820102904401,6,7,Toledo,Mid-American,0,Western Michigan,Mid-American,0,Western Michigan,Toledo,2,"{'minutes': 9, 'seconds': 55}",2.0,0.0,20,20,2,2,4,False,Rush,Chip Trayanum run for 4 yds to the WMU 16 for a 1ST down,-0.3014089975024724,2025-09-20T20:21:08.000Z
401762820,4017628206,401762820102907501,6,8,Toledo,Mid-American,0,Western Michigan,Mid-American,0,Western Michigan,Toledo,2,"{'minutes': 9, 'seconds': 24}",2.0,0.0,16,16,1,10,2,False,Rush,Chip Trayanum run for 2 yds to the WMU 14,-0.1838209433726501,2025-09-20T20:21:25.000Z
401762820,4017628206,401762820102915001,6,9,Toledo,Mid-American,0,Western Michigan,Mid-American,0,Western Michigan,Toledo,2,"{'minutes': 8, 'seconds': 49}",2.0,0.0,14,14,2,8,1,False,Rush,Chip Trayanum run for 1 yd to the WMU 13,-0.2619504622693328,2025-09-20T20:22:13.000Z
401762820,4017628206,401762820102918901,6,10,Toledo,Mid-American,0,Western Michigan,Mid-American,0,Western Michigan,Toledo,2,"{'minutes': 8, 'seconds': 10}",2.0,0.0,13,13,3,7,-1,False,Pass Interception Return,Tucker Gleason pass intercepted John Peters return for a loss of 1 yard to the WMU 8,-3.9855058730656427,2025-09-20T20:23:08.000Z
401762820,4017628207,401762820102924001,7,1,Western Michigan,Mid-American,0,Toledo,Mid-American,0,Western Michigan,Toledo,2,"{'minutes': 7, 'seconds': 59}",0.0,2.0,8,92,1,10,6,False,Pass Reception,Broc Lowry pass complete to Malique Dieudonne for 6 yds to the WMU 14,0.19934433503655846,2025-09-20T20:23:51.000Z
401762820,4017628207,401762820102926301,7,2,Western Michigan,Mid-American,0,Toledo,Mid-American,0,Western Michigan,Toledo,2,"{'minutes': 7, 'seconds': 36}",0.0,2.0,14,86,2,4,5,False,Rush,Ofa Mataele run for 5 yds to the WMU 19 for a 1ST down,0.21074141815165154,2025-09-20T20:24:17.000Z
401762820,4017628207,401762820102934101,7,3,Western Michigan,Mid-American,0,Toledo,Mid-American,0,Western Michigan,Toledo,2,"{'minutes': 6, 'seconds': 58}",0.0,2.0,19,81,1,10,0,False,Pass Incompletion,Broc Lowry pass incomplete to Terence Marshall,-0.5327945515514214,2025-09-20T20:24:56.000Z
401762820,4017628207,401762820102935601,7,4,Western Michigan,Mid-American,0,Toledo,Mid-American,0,Western Michigan,Toledo,2,"{'minutes': 6, 'seconds': 43}",0.0,2.0,19,81,2,10,2,False,Pass Reception,Broc Lowry pass complete to Ofa Mataele for 2 yds to the WMU 21,-0.16226071526170927,2025-09-20T20:25:43.000Z
401762820,4017628207,401762820102944201,7,5,Western Michigan,Mid-American,0,Toledo,Mid-American,0,Western Michigan,Toledo,2,"{'minutes': 5, 'seconds': 57}",0.0,2.0,21,79,3,8,8,False,Pass Reception,Broc Lowry pass complete to Christian Leary for 8 yds to the WMU 29 for a 1ST down,1.3580579150609626,2025-09-20T20:26:33.000Z
401762820,4017628207,401762820102946501,7,6,Western Michigan,Mid-American,0,Toledo,Mid-American,0,Western Michigan,Toledo,2,"{'minutes': 5, 'seconds': 34}",0.0,2.0,29,71,1,10,0,False,Pass Incompletion,Broc Lowry pass incomplete to Malique Dieudonne,-0.8305196050291288,2025-09-20T20:27:00.000Z
401762820,4017628207,401762820102947801,7,7,Western Michigan,Mid-American,0,Toledo,Mid-American,0,Western Michigan,Toledo,2,"{'minutes': 5, 'seconds': 21}",0.0,2.0,29,71,2,10,-3,False,Sack,Broc Lowry sacked for a loss of 3 yards to the WMU 26,-0.5850130757753513,2025-09-20T20:27:44.000Z
401762820,4017628207,401762820102955901,7,8,Western Michigan,Mid-American,0,Toledo,Mid-American,0,Western Michigan,Toledo,2,"{'minutes': 4, 'seconds': 40}",0.0,2.0,26,74,3,13,38,False,Pass Reception,Broc Lowry pass complete to Talique Williams for 38 yds to the TOL 36 for a 1ST down,4.180371458545649,2025-09-20T20:28:37.000Z
401762820,4017628207,401762820102958801,7,9,Western Michigan,Mid-American,0,Toledo,Mid-American,0,Western Michigan,Toledo,2,"{'minutes': 4, 'seconds': 11}",0.0,2.0,64,36,1,10,0,False,Pass Incompletion,Broc Lowry pass incomplete to Jalen Buckley,-0.7215426143188567,2025-09-20T20:29:13.000Z
401762820,4017628207,401762820102959801,7,10,Western Michigan,Mid-American,0,Toledo,Mid-American,0,Western Michigan,Toledo,2,"{'minutes': 4, 'seconds': 1}",0.0,2.0,64,36,2,10,9,False,Rush,Broc Lowry run for 9 yds to the TOL 27,0.7342872124055387,2025-09-20T20:29:49.000Z
401762820,4017628207,401762820102967501,7,11,Western Michigan,Mid-American,0,Toledo,Mid-American,0,Western Michigan,Toledo,2,"{'minutes': 3, 'seconds': 24}",0.0,2.0,73,27,3,1,0,False,Pass Incompletion,Broc Lowry pass incomplete to Malique Dieudonne,-0.79367343776231,2025-09-20T20:30:34.000Z
401762820,4017628207,401762820102968401,7,12,Western Michigan,Mid-American,0,Toledo,Mid-American,0,Western Michigan,Toledo,2,"{'minutes': 3, 'seconds': 15}",0.0,2.0,73,27,4,1,0,False,Rush,Jalen Buckley run for no gain to the TOL 27,-3.208293065310576,2025-09-20T20:31:19.000Z
401762820,4017628208,401762820102968202,8,1,Toledo,Mid-American,0,Western Michigan,Mid-American,0,Western Michigan,Toledo,2,"{'minutes': 3, 'seconds': 17}",2.0,-1.0,70,70,2,7,0,False,Timeout,"Timeout Western Michigan, clock 03:17",,2025-09-20T20:09:35.000Z
401762820,4017628208,401762820102979902,8,7,Toledo,Mid-American,0,Western Michigan,Mid-American,0,Western Michigan,Toledo,2,"{'minutes': 2, 'seconds': 0}",2.0,-2.0,54,54,3,5,0,False,Timeout,"Timeout Western Michigan, clock 02:00",,2025-09-20T20:37:04.000Z
401762820,4017628208,401762820102985501,8,9,Toledo,Mid-American,0,Western Michigan,Mid-American,0,Western Michigan,Toledo,2,"{'minutes': 1, 'seconds': 44}",2.0,-3.0,44,44,1,10,0,False,Timeout,"Timeout Western Michigan, clock 01:44",,2025-09-20T20:09:35.000Z
401762820,4017628208,401762820102989901,8,13,Toledo,Mid-American,0,Western Michigan,Mid-American,0,Western Michigan,Toledo,2,"{'minutes': 1, 'seconds': 0}",2.0,-3.0,44,44,4,10,32,False,Punt,"Emilio Duran punt for 31 yds , Keivin Boone-Nelson II returns for no gain to the WMU 12 Keivin Boone-Nelson II fumbled, recovered by TOL James Roe",,2025-09-20T20:44:32.000Z
401762820,4017628208,401762820102968901,8,2,Toledo,Mid-American,0,Western Michigan,Mid-American,0,Western Michigan,Toledo,2,"{'minutes': 3, 'seconds': 10}",2.0,-1.0,73,73,1,10,3,False,Rush,Kenji Christian run for 3 yds to the TOL 30,-0.3204076759721195,2025-09-20T20:34:28.000Z
401762820,4017628208,401762820102975601,8,3,Toledo,Mid-American,0,Western Michigan,Mid-American,0,Western Michigan,Toledo,2,"{'minutes': 2, 'seconds': 43}",2.0,-1.0,70,70,2,7,0,False,Pass Incompletion,Tucker Gleason pass incomplete to Javon Brown,-0.6162594068002241,2025-09-20T20:35:09.000Z
401762820,4017628208,401762820102978301,8,4,Toledo,Mid-American,0,Western Michigan,Mid-American,0,Western Michigan,Toledo,2,"{'minutes': 2, 'seconds': 16}",2.0,-1.0,70,70,3,7,11,False,Pass Reception,Tucker Gleason pass complete to Eric Holley III for 11 yds to the TOL 41 for a 1ST down,2.210370167195853,2025-09-20T20:36:01.000Z
401762820,4017628208,401762820102979301,8,5,Toledo,Mid-American,0,Western Michigan,Mid-American,0,Western Michigan,Toledo,2,"{'minutes': 2, 'seconds': 6}",2.0,-1.0,59,59,1,10,0,False,Pass Incompletion,Tucker Gleason pass incomplete to Junior Vandeross III,-1.1387859939569847,2025-09-20T20:36:19.000Z
401762820,4017628208,401762820102979901,8,6,Toledo,Mid-American,0,Western Michigan,Mid-American,0,Western Michigan,Toledo,2,"{'minutes': 2, 'seconds': 0}",2.0,-1.0,59,59,2,10,5,False,Rush,Chip Trayanum run for 5 yds to the TOL 46,0.068045000244542,2025-09-20T20:37:04.000Z
401762820,4017628208,401762820102985401,8,8,Toledo,Mid-American,0,Western Michigan,Mid-American,0,Western Michigan,Toledo,2,"{'minutes': 1, 'seconds': 45}",2.0,-2.0,54,54,3,5,10,False,Pass Reception,Tucker Gleason pass complete to Terrell Crosby Jr. for 10 yds to the WMU 44 for a 1ST down,2.3168709860008487,2025-09-20T20:40:47.000Z
401762820,4017628208,401762820102985801,8,10,Toledo,Mid-American,0,Western Michigan,Mid-American,0,Western Michigan,Toledo,2,"{'minutes': 1, 'seconds': 41}",2.0,-3.0,44,44,1,10,0,False,Pass Incompletion,Tucker Gleason pass incomplete to Kenji Christian,-0.9690270974076257,2025-09-20T20:41:56.000Z
401762820,4017628208,401762820102986801,8,11,Toledo,Mid-American,0,Western Michigan,Mid-American,0,Western Michigan,Toledo,2,"{'minutes': 1, 'seconds': 31}",2.0,-3.0,44,44,2,10,0,False,Rush,Kenji Christian run for no gain to the WMU 44,-1.0658475431296655,2025-09-20T20:42:37.000Z
401762820,4017628208,401762820102988901,8,12,Toledo,Mid-American,0,Western Michigan,Mid-American,0,Western Michigan,Toledo,2,"{'minutes': 1, 'seconds': 10}",2.0,-3.0,44,44,3,10,0,False,Pass Incompletion,Tucker Gleason pass incomplete to Terrell Crosby Jr.,-0.8853276299465483,2025-09-20T20:43:08.000Z
401762820,4017628209,401762820102989905,9,1,Toledo,Mid-American,0,Western Michigan,Mid-American,0,Western Michigan,Toledo,2,"{'minutes': 1, 'seconds': 0}",2.0,-4.0,8,8,2,6,0,False,Timeout,"Timeout Western Michigan, clock 01:00",,2025-09-20T20:44:32.000Z
401762820,4017628209,401762820102996903,9,5,Toledo,Mid-American,0,Western Michigan,Mid-American,0,Western Michigan,Toledo,2,"{'minutes': 0, 'seconds': 30}",1.0,-4.0,6,6,3,4,-5,False,Penalty,"PENALTY TOL False Start (Petersen,Jacob) 5 yards from WMU06 to WMU11. NO PLAY.",,2025-09-20T20:47:25.000Z
401762820,4017628209,401762820102997701,9,8,Toledo,Mid-American,3,Western Michigan,Mid-American,0,Western Michigan,Toledo,2,"{'minutes': 0, 'seconds': 22}",1.0,-5.0,11,11,4,9,30,True,Field Goal Good,Dylan Cunanan 30 yd FG GOOD,,2025-09-20T20:50:03.000Z
401762820,4017628209,401762820102996902,9,4,Toledo,Mid-American,0,Western Michigan,Mid-American,0,Western Michigan,Toledo,2,"{'minutes': 0, 'seconds': 30}",1.0,-4.0,6,6,3,4,0,False,Timeout,"Timeout Toledo, clock 00:30",,2025-09-20T20:46:07.000Z
401762820,4017628209,401762820102996905,9,6,Toledo,Mid-American,0,Western Michigan,Mid-American,0,Western Michigan,Toledo,2,"{'minutes': 0, 'seconds': 30}",1.0,-5.0,11,11,3,9,0,False,Timeout,"Timeout Western Michigan, clock 00:30",,2025-09-20T20:47:25.000Z
401762820,4017628209,401762820102994601,9,2,Toledo,Mid-American,0,Western Michigan,Mid-American,0,Western Michigan,Toledo,2,"{'minutes': 0, 'seconds': 53}",2.0,-4.0,12,12,1,10,4,False,Rush,Chip Trayanum run for 4 yds to the WMU 8,-0.016436925799308,2025-09-20T20:45:45.000Z
401762820,4017628209,401762820102996901,9,3,Toledo,Mid-American,0,Western Michigan,Mid-American,0,Western Michigan,Toledo,2,"{'minutes': 0, 'seconds': 30}",2.0,-4.0,8,8,2,6,2,False,Rush,Chip Trayanum run for 2 yds to the WMU 6,-0.174018571080616,2025-09-20T20:46:07.000Z
401762820,4017628209,401762820102997301,9,7,Toledo,Mid-American,0,Western Michigan,Mid-American,0,Western Michigan,Toledo,2,"{'minutes': 0, 'seconds': 26}",1.0,-5.0,11,11,3,9,0,False,Pass Incompletion,Tucker Gleason pass incomplete to Jacob Petersen,-0.439164857065867,2025-09-20T20:49:21.000Z
401762820,40176282010,401762820102999302,10,3,Western Michigan,Mid-American,0,Toledo,Mid-American,3,Western Michigan,Toledo,2,"{'minutes': 0, 'seconds': 0}",-5.0,1.0,35,65,0,10,0,False,End of Half,End of 2nd Quarter,,2025-09-20T20:09:35.000Z
401762820,40176282010,401762820102997703,10,1,Toledo,Mid-American,3,Western Michigan,Mid-American,0,Western Michigan,Toledo,2,"{'minutes': 0, 'seconds': 22}",1.0,-5.0,65,65,1,10,0,False,Kickoff,Robert Hammond III kickoff for 50 yds,,2025-09-20T20:51:39.000Z
401762820,40176282010,401762820102998101,10,2,Western Michigan,Mid-American,0,Toledo,Mid-American,3,Western Michigan,Toledo,2,"{'minutes': 0, 'seconds': 18}",-5.0,1.0,35,65,1,10,0,False,Pass Incompletion,Broc Lowry pass incomplete,-1.0146424556055624,2025-09-20T20:52:32.000Z
401762820,40176282010,401762820102999901,10,4,Western Michigan,Mid-American,0,Toledo,Mid-American,3,Western Michigan,Toledo,2,"{'minutes': 0, 'seconds': 0}",-5.0,1.0,35,65,2,10,-7,False,Sack,Broc Lowry sacked by Malachi Davis for a loss of 7 yards to the WMU 28,-0.9841731069357502,2025-09-20T20:53:10.000Z
401762820,40176282011,401762820103849903,11,1,Western Michigan,Mid-American,0,Toledo,Mid-American,3,Western Michigan,Toledo,3,"{'minutes': 15, 'seconds': 0}",3.0,3.0,35,65,1,10,0,False,Kickoff,Hunter Smith kickoff for 65 yds for a touchback,,2025-09-20T00:00:00.000Z
401762820,40176282011,401762820103854702,11,3,Toledo,Mid-American,3,Western Michigan,Mid-American,0,Western Michigan,Toledo,3,"{'minutes': 14, 'seconds': 52}",3.0,2.0,63,63,1,10,0,False,Timeout,"Timeout Western Michigan, clock 14:52",,2025-09-20T00:00:00.000Z
401762820,40176282011,401762820103854701,11,2,Toledo,Mid-American,3,Western Michigan,Mid-American,0,Western Michigan,Toledo,3,"{'minutes': 14, 'seconds': 52}",3.0,3.0,75,75,1,10,12,False,Rush,Chip Trayanum run for 12 yds to the TOL 37 for a 1ST down,1.0272443261435713,2025-09-20T00:00:00.000Z
401762820,40176282011,401762820103857101,11,4,Toledo,Mid-American,10,Western Michigan,Mid-American,0,Western Michigan,Toledo,3,"{'minutes': 14, 'seconds': 28}",3.0,2.0,63,63,1,10,63,True,Rushing Touchdown,Chip Trayanum run for 63 yds for a TD (Dylan Cunanan KICK),5.05051079357775,2025-09-20T21:17:52.000Z
401762820,40176282012,401762820103857103,12,1,Toledo,Mid-American,10,Western Michigan,Mid-American,0,Western Michigan,Toledo,3,"{'minutes': 14, 'seconds': 28}",3.0,2.0,65,65,1,10,0,False,Kickoff,Robert Hammond III kickoff for 65 yds for a touchback,,2025-09-20T21:18:19.000Z
401762820,40176282012,401762820103866801,12,5,Western Michigan,Mid-American,0,Toledo,Mid-American,10,Western Michigan,Toledo,3,"{'minutes': 13, 'seconds': 31}",2.0,3.0,27,73,4,8,0,False,Punt,"Ryan Millmore punt for 41 yds, fair catch by Bryson Hammer at the TOL 32",,2025-09-20T21:24:40.000Z
401762820,40176282012,401762820103857701,12,2,Western Michigan,Mid-American,0,Toledo,Mid-American,10,Western Michigan,Toledo,3,"{'minutes': 14, 'seconds': 22}",2.0,3.0,25,75,1,10,0,False,Pass Incompletion,Broc Lowry pass incomplete to Talique Williams,-0.7029700220436519,2025-09-20T21:22:51.000Z
401762820,40176282012,401762820103859401,12,3,Western Michigan,Mid-American,0,Toledo,Mid-American,10,Western Michigan,Toledo,3,"{'minutes': 14, 'seconds': 5}",2.0,3.0,25,75,2,10,2,False,Rush,Jalen Buckley run for 2 yds to the WMU 27,-0.2284411734150149,2025-09-20T21:23:39.000Z
401762820,40176282012,401762820103866101,12,4,Western Michigan,Mid-American,0,Toledo,Mid-American,10,Western Michigan,Toledo,3,"{'minutes': 13, 'seconds': 38}",2.0,3.0,27,73,3,8,0,False,Pass Incompletion,Broc Lowry pass incomplete to Talique Williams,-0.22421028645399854,2025-09-20T21:24:16.000Z
401762820,40176282013,401762820103868101,13,2,Toledo,Mid-American,10,Western Michigan,Mid-American,0,Western Michigan,Toledo,3,"{'minutes': 13, 'seconds': 18}",3.0,1.0,67,67,2,9,0,False,Timeout,"Timeout Western Michigan, clock 13:18",,2025-09-20T21:17:49.000Z
401762820,40176282013,401762820103869802,13,3,Toledo,Mid-American,10,Western Michigan,Mid-American,0,Western Michigan,Toledo,3,"{'minutes': 13, 'seconds': 1}",3.0,1.0,67,67,2,9,15,False,Penalty,"Western Michigan Penalty, UNS: Unsportsmanlike Conduct (Joshua Franklin) to the TOL 46 for a 1ST down",,2025-09-20T21:29:10.000Z
401762820,40176282013,401762820103885301,13,7,Toledo,Mid-American,10,Western Michigan,Mid-American,0,Western Michigan,Toledo,3,"{'minutes': 11, 'seconds': 46}",3.0,1.0,52,52,4,8,2,False,Punt,"Emilio Duran punt for 42 yds , Keivin Boone-Nelson II returns for 2 yds to the WMU 12",,2025-09-20T21:32:17.000Z
401762820,40176282013,401762820103867301,13,1,Toledo,Mid-American,10,Western Michigan,Mid-American,0,Western Michigan,Toledo,3,"{'minutes': 13, 'seconds': 26}",3.0,2.0,68,68,1,10,1,False,Rush,Chip Trayanum run for 1 yd to the TOL 33,-0.7658255968233298,2025-09-20T21:25:26.000Z
401762820,40176282013,401762820103875601,13,4,Toledo,Mid-American,10,Western Michigan,Mid-American,0,Western Michigan,Toledo,3,"{'minutes': 12, 'seconds': 43}",3.0,1.0,54,54,1,10,0,False,Pass Incompletion,Tucker Gleason pass incomplete to Trayvon Rudolph,-1.1590089706435955,2025-09-20T21:30:08.000Z
401762820,40176282013,401762820103876101,13,5,Toledo,Mid-American,10,Western Michigan,Mid-American,0,Western Michigan,Toledo,3,"{'minutes': 12, 'seconds': 38}",3.0,1.0,54,54,2,10,0,False,Pass Incompletion,Tucker Gleason pass incomplete to Kenji Christian,-0.9368191801087571,2025-09-20T21:30:41.000Z
401762820,40176282013,401762820103878301,13,6,Toledo,Mid-American,10,Western Michigan,Mid-American,0,Western Michigan,Toledo,3,"{'minutes': 12, 'seconds': 16}",3.0,1.0,54,54,3,10,2,False,Pass Reception,Tucker Gleason pass complete to Kenji Christian for 2 yds to the TOL 48,-0.3768204676997194,2025-09-20T21:31:34.000Z
401762820,40176282014,401762820103886001,14,1,Western Michigan,Mid-American,0,Toledo,Mid-American,10,Western Michigan,Toledo,3,"{'minutes': 11, 'seconds': 39}",1.0,3.0,12,88,1,10,4,False,Rush,Ofa Mataele run for 4 yds to the WMU 16,-0.05451762657628478,2025-09-20T21:32:49.000Z
401762820,40176282014,401762820103894001,14,2,Western Michigan,Mid-American,0,Toledo,Mid-American,10,Western Michigan,Toledo,3,"{'minutes': 10, 'seconds': 59}",1.0,3.0,16,84,2,6,0,False,Pass Reception,Broc Lowry pass complete to Ofa Mataele for no gain to the WMU 16,-0.3535728757060923,2025-09-20T21:34:13.000Z
401762820,40176282014,401762820103897901,14,3,Western Michigan,Mid-American,0,Toledo,Mid-American,10,Western Michigan,Toledo,3,"{'minutes': 10, 'seconds': 20}",1.0,3.0,16,84,3,6,9,False,Fumble Recovery (Own),"Broc Lowry pass complete to Cade Conley for 9 yds Cade Conley fumbled, recovered by TOL Andre Fuller",1.061595374145372,2025-09-20T21:34:59.000Z
401762820,40176282015,401762820103925601,15,6,Toledo,Mid-American,13,Western Michigan,Mid-American,0,Western Michigan,Toledo,3,"{'minutes': 7, 'seconds': 43}",3.0,1.0,9,9,4,5,27,True,Field Goal Good,Dylan Cunanan 27 yd FG GOOD,,2025-09-20T21:38:22.000Z
401762820,40176282015,401762820103898401,15,1,Toledo,Mid-American,10,Western Michigan,Mid-American,0,Western Michigan,Toledo,3,"{'minutes': 10, 'seconds': 15}",3.0,1.0,25,25,1,10,0,False,Rush,Kenji Christian run for no gain to the WMU 25,-0.4522778946200265,2025-09-20T21:35:14.000Z
401762820,40176282015,401762820103906701,15,2,Toledo,Mid-American,10,Western Michigan,Mid-American,0,Western Michigan,Toledo,3,"{'minutes': 9, 'seconds': 32}",3.0,1.0,25,25,2,10,11,False,Pass Reception,Tucker Gleason pass complete to Kenji Christian for 11 yds to the WMU 14 for a 1ST down,0.6040790817070025,2025-09-20T21:36:00.000Z
401762820,40176282015,401762820103909001,15,3,Toledo,Mid-American,10,Western Michigan,Mid-American,0,Western Michigan,Toledo,3,"{'minutes': 9, 'seconds': 9}",3.0,1.0,14,14,1,10,2,False,Rush,Kenji Christian run for 2 yds to the WMU 12,-0.1755370905391265,2025-09-20T21:36:20.000Z
401762820,40176282015,401762820103916901,15,4,Toledo,Mid-American,10,Western Michigan,Mid-American,0,Western Michigan,Toledo,3,"{'minutes': 8, 'seconds': 30}",3.0,1.0,12,12,2,8,3,False,Rush,Chip Trayanum run for 3 yds to the WMU 9,-0.098057654473653,2025-09-20T21:36:56.000Z
401762820,40176282015,401762820103925101,15,5,Toledo,Mid-American,10,Western Michigan,Mid-American,0,Western Michigan,Toledo,3,"{'minutes': 7, 'seconds': 48}",3.0,1.0,9,9,3,5,0,False,Pass Incompletion,Tucker Gleason pass incomplete to Chip Trayanum,-0.352131872821511,2025-09-20T21:37:42.000Z
401762820,40176282016,401762820103925602,16,1,Toledo,Mid-American,13,Western Michigan,Mid-American,0,Western Michigan,Toledo,3,"{'minutes': 7, 'seconds': 43}",3.0,1.0,65,65,1,10,0,False,Kickoff,Robert Hammond III kickoff for 65 yds for a touchback,,2025-09-20T21:38:22.000Z
401762820,40176282016,401762820103944701,16,5,Western Michigan,Mid-American,0,Toledo,Mid-American,13,Western Michigan,Toledo,3,"{'minutes': 5, 'seconds': 52}",1.0,3.0,18,82,4,17,6,False,Punt,"Ryan Millmore punt for 37 yds , Bryson Hammer returns for 6 yds to the WMU 49",,2025-09-20T21:44:45.000Z
401762820,40176282016,401762820103926401,16,2,Western Michigan,Mid-American,0,Toledo,Mid-American,13,Western Michigan,Toledo,3,"{'minutes': 7, 'seconds': 35}",1.0,3.0,25,75,1,10,2,False,Rush,Jalen Buckley run for 2 yds to the WMU 27,-0.45260367932203766,2025-09-20T21:42:40.000Z
401762820,40176282016,401762820103934301,16,3,Western Michigan,Mid-American,0,Toledo,Mid-American,13,Western Michigan,Toledo,3,"{'minutes': 6, 'seconds': 56}",1.0,3.0,27,73,2,8,0,False,Rush,Broc Lowry run for no gain to the WMU 27,-0.4788075161366292,2025-09-20T21:43:19.000Z
401762820,40176282016,401762820103937501,16,4,Western Michigan,Mid-American,0,Toledo,Mid-American,13,Western Michigan,Toledo,3,"{'minutes': 6, 'seconds': 24}",1.0,3.0,27,73,3,8,-9,False,Sack,Broc Lowry sacked by Malachi Davis for a loss of 9 yards to the WMU 18,-0.36566513132236445,2025-09-20T21:43:50.000Z
401762820,40176282017,401762820103956401,17,4,Toledo,Mid-American,13,Western Michigan,Mid-American,0,Western Michigan,Toledo,3,"{'minutes': 4, 'seconds': 35}",3.0,1.0,48,48,4,9,0,False,Punt,"Emilio Duran punt for 38 yds, fair catch by Keivin Boone-Nelson II at the WMU 10",,2025-09-20T21:47:57.000Z
401762820,40176282017,401762820103946001,17,1,Toledo,Mid-American,13,Western Michigan,Mid-American,0,Western Michigan,Toledo,3,"{'minutes': 5, 'seconds': 39}",3.0,1.0,49,49,1,10,0,False,Pass Reception,Tucker Gleason pass complete to Junior Vandeross III for no gain to the WMU 49,-1.0955888671820908,2025-09-20T21:45:19.000Z
401762820,40176282017,401762820103949501,17,2,Toledo,Mid-American,13,Western Michigan,Mid-American,0,Western Michigan,Toledo,3,"{'minutes': 5, 'seconds': 4}",3.0,1.0,49,49,2,10,1,False,Rush,Kenji Christian run for 1 yd to the WMU 48,-0.8390161847307863,2025-09-20T21:46:01.000Z
401762820,40176282017,401762820103955601,17,3,Toledo,Mid-American,13,Western Michigan,Mid-American,0,Western Michigan,Toledo,3,"{'minutes': 4, 'seconds': 43}",3.0,1.0,48,48,3,9,0,False,Pass Incompletion,Tucker Gleason pass incomplete to Chip Trayanum,-0.8114459806871483,2025-09-20T21:47:25.000Z
401762820,40176282018,401762820103974902,18,4,Western Michigan,Mid-American,0,Toledo,Mid-American,13,Western Michigan,Toledo,3,"{'minutes': 2, 'seconds': 50}",1.0,3.0,51,49,2,8,13,False,Penalty,"(02:50) No Huddle-Shotgun Lowry,Broc pass incomplete short middle to Williams,Tailique thrown to TOL34, 1ST DOWN, PENALTY TOL Pass Interference (Fuller,Andre) 13 yards from TOL49 to TOL36, 1ST DOWN. NO PLAY.",,2025-09-20T21:51:21.000Z
401762820,40176282018,401762820103957501,18,1,Western Michigan,Mid-American,0,Toledo,Mid-American,13,Western Michigan,Toledo,3,"{'minutes': 4, 'seconds': 24}",1.0,3.0,10,90,1,10,24,False,Pass Reception,Broc Lowry pass complete to Talique Williams for 24 yds to the WMU 34 for a 1ST down,1.4570748634075903,2025-09-20T21:49:00.000Z
401762820,40176282018,401762820103964301,18,2,Western Michigan,Mid-American,0,Toledo,Mid-American,13,Western Michigan,Toledo,3,"{'minutes': 3, 'seconds': 56}",1.0,3.0,34,66,1,10,15,False,Pass Reception,Broc Lowry pass complete to Christian Leary for 15 yds to the WMU 49 for a 1ST down,1.4134021858366752,2025-09-20T21:49:37.000Z
401762820,40176282018,401762820103974901,18,3,Western Michigan,Mid-American,0,Toledo,Mid-American,13,Western Michigan,Toledo,3,"{'minutes': 2, 'seconds': 50}",1.0,3.0,49,51,1,10,2,False,Rush,Devin Miles run for 2 yds to the TOL 49,-0.643630697434087,2025-09-20T21:51:21.000Z
401762820,40176282018,401762820103979401,18,5,Western Michigan,Mid-American,0,Toledo,Mid-American,13,Western Michigan,Toledo,3,"{'minutes': 2, 'seconds': 5}",1.0,3.0,64,36,1,10,24,False,Pass Reception,Broc Lowry pass complete to Blake Bosma for 24 yds to the TOL 12 for a 1ST down,0.4806835529778705,2025-09-20T21:52:34.000Z
401762820,40176282018,401762820103985501,18,6,Western Michigan,Mid-American,0,Toledo,Mid-American,13,Western Michigan,Toledo,3,"{'minutes': 1, 'seconds': 44}",1.0,3.0,88,12,1,10,5,False,Pass Reception,Broc Lowry pass complete to Blake Bosma for 5 yds to the TOL 7,0.0748456356820665,2025-09-20T21:52:54.000Z
401762820,40176282018,401762820103988701,18,7,Western Michigan,Mid-American,0,Toledo,Mid-American,13,Western Michigan,Toledo,3,"{'minutes': 1, 'seconds': 12}",1.0,3.0,93,7,2,5,1,False,Rush,Jalen Buckley run for 1 yd to the TOL 6,-0.2653011325619905,2025-09-20T21:53:25.000Z
401762820,40176282018,401762820103995101,18,8,Western Michigan,Mid-American,6,Toledo,Mid-American,13,Western Michigan,Toledo,3,"{'minutes': 0, 'seconds': 48}",1.0,3.0,94,6,3,4,6,True,Rushing Touchdown,Broc Lowry run for 6 yds for a TD (Palmer Domschke PAT MISSED),2.7205500389158495,2025-09-20T21:53:59.000Z
401762820,40176282019,401762820103995103,19,1,Western Michigan,Mid-American,6,Toledo,Mid-American,13,Western Michigan,Toledo,3,"{'minutes': 0, 'seconds': 48}",1.0,3.0,35,65,1,10,0,False,Kickoff,Hunter Smith kickoff for 65 yds for a touchback,,2025-09-20T21:56:07.000Z
401762820,40176282019,401762820103999601,19,3,Toledo,Mid-American,13,Western Michigan,Mid-American,6,Western Michigan,Toledo,3,"{'minutes': 0, 'seconds': 3}",2.0,1.0,78,78,2,13,0,False,Timeout,"Timeout Toledo, clock 00:03",,2025-09-20T21:17:49.000Z
401762820,40176282019,401762820103999902,19,5,Toledo,Mid-American,13,Western Michigan,Mid-American,6,Western Michigan,Toledo,3,"{'minutes': 0, 'seconds': 0}",2.0,1.0,78,78,0,13,2,False,End Period,End of 3rd Quarter,,2025-09-20T21:58:47.000Z
401762820,40176282019,401762820104855401,19,7,Toledo,Mid-American,13,Western Michigan,Mid-American,6,Western Michigan,Toledo,4,"{'minutes': 14, 'seconds': 45}",2.0,1.0,76,76,4,11,0,False,Punt,"Emilio Duran punt for 41 yds, fair catch by Keivin Boone-Nelson II at the WMU 35",,2025-09-20T22:03:30.000Z
401762820,40176282019,401762820103996901,19,2,Toledo,Mid-American,13,Western Michigan,Mid-American,6,Western Michigan,Toledo,3,"{'minutes': 0, 'seconds': 30}",3.0,1.0,75,75,1,10,-3,False,Rush,Chip Trayanum run for a loss of 3 yards to the TOL 22,-0.9562833890771465,2025-09-20T21:57:00.000Z
401762820,40176282019,401762820103999901,19,4,Toledo,Mid-American,13,Western Michigan,Mid-American,6,Western Michigan,Toledo,3,"{'minutes': 0, 'seconds': 0}",2.0,1.0,78,78,2,13,2,False,Rush,Chip Trayanum run for 2 yds to the TOL 24,-0.1394804685973412,2025-09-20T21:58:47.000Z
401762820,40176282019,401762820104854701,19,6,Toledo,Mid-American,13,Western Michigan,Mid-American,6,Western Michigan,Toledo,4,"{'minutes': 14, 'seconds': 52}",2.0,1.0,76,76,3,11,0,False,Pass Incompletion,Tucker Gleason pass incomplete to Jacob Petersen,-0.13329329160465786,2025-09-20T22:02:46.000Z
401762820,40176282020,401762820104876901,20,6,Western Michigan,Mid-American,6,Toledo,Mid-American,13,Western Michigan,Toledo,4,"{'minutes': 12, 'seconds': 30}",1.0,2.0,45,55,4,12,0,False,Punt,"Ryan Millmore punt for 37 yds, fair catch by Bryson Hammer at the TOL 18",,2025-09-20T22:09:07.000Z
401762820,40176282020,401762820104856501,20,1,Western Michigan,Mid-American,6,Toledo,Mid-American,13,Western Michigan,Toledo,4,"{'minutes': 14, 'seconds': 34}",1.0,2.0,35,65,1,10,7,False,Rush,Broc Lowry run for 7 yds to the WMU 42,0.7081222799232592,2025-09-20T22:04:16.000Z
401762820,40176282020,401762820104864501,20,2,Western Michigan,Mid-American,6,Toledo,Mid-American,13,Western Michigan,Toledo,4,"{'minutes': 13, 'seconds': 54}",1.0,2.0,42,58,2,3,5,False,Rush,Broc Lowry run for 5 yds to the WMU 47 for a 1ST down,0.4392952971947679,2025-09-20T22:05:04.000Z
401762820,40176282020,401762820104868101,20,3,Western Michigan,Mid-American,6,Toledo,Mid-American,13,Western Michigan,Toledo,4,"{'minutes': 13, 'seconds': 18}",1.0,2.0,47,53,1,10,0,False,Pass Incompletion,Broc Lowry pass incomplete to Jalen Buckley,-1.1527089917962545,2025-09-20T22:07:16.000Z
401762820,40176282020,401762820104869901,20,4,Western Michigan,Mid-American,6,Toledo,Mid-American,13,Western Michigan,Toledo,4,"{'minutes': 13, 'seconds': 0}",1.0,2.0,47,53,2,10,-2,False,Rush,Jalen Buckley run for a loss of 2 yards to the WMU 45,-1.2624111881040792,2025-09-20T22:08:13.000Z
401762820,40176282020,401762820104876301,20,5,Western Michigan,Mid-American,6,Toledo,Mid-American,13,Western Michigan,Toledo,4,"{'minutes': 12, 'seconds': 36}",1.0,2.0,45,55,3,12,0,False,Pass Incompletion,Broc Lowry pass incomplete to Aveion Chenault,-0.4725840390703073,2025-09-20T22:08:37.000Z
401762820,40176282021,401762820104876905,21,1,Toledo,Mid-American,13,Western Michigan,Mid-American,6,Western Michigan,Toledo,4,"{'minutes': 12, 'seconds': 30}",2.0,0.0,78,78,2,6,0,False,Timeout,"Timeout Western Michigan, clock 12:30",,2025-09-20T22:11:56.000Z
401762820,40176282021,401762820104926901,21,10,Toledo,Mid-American,13,Western Michigan,Mid-American,6,Western Michigan,Toledo,4,"{'minutes': 7, 'seconds': 30}",2.0,0.0,50,50,4,11,4,False,Punt,"Emilio Duran punt for 37 yds , Keivin Boone-Nelson II returns for 4 yds to the WMU 17",,2025-09-20T22:17:10.000Z
401762820,40176282021,401762820104926902,21,11,Toledo,Mid-American,13,Western Michigan,Mid-American,6,Western Michigan,Toledo,4,"{'minutes': 7, 'seconds': 30}",2.0,0.0,50,50,4,11,4,False,Punt,"Emilio Duran punt for 37 yds , Keivin Boone-Nelson II returns for 4 yds to the WMU 17",,2025-09-20T22:17:10.000Z
401762820,40176282021,401762820104916901,21,8,Toledo,Mid-American,13,Western Michigan,Mid-American,6,Western Michigan,Toledo,4,"{'minutes': 8, 'seconds': 30}",2.0,0.0,66,66,2,27,6,False,Rush,Chip Trayanum run for 6 yds to the TOL 40,0.05308136330359314,2025-09-20T22:16:09.000Z
401762820,40176282021,401762820104918801,21,9,Toledo,Mid-American,13,Western Michigan,Mid-American,6,Western Michigan,Toledo,4,"{'minutes': 8, 'seconds': 11}",2.0,0.0,60,60,3,21,10,False,Pass Reception,Tucker Gleason pass complete to Jacob Petersen for 10 yds to the 50 yard line,0.3803418725478931,2025-09-20T22:16:51.000Z
401762820,40176282021,401762820104877901,21,2,Toledo,Mid-American,13,Western Michigan,Mid-American,6,Western Michigan,Toledo,4,"{'minutes': 12, 'seconds': 20}",2.0,0.0,82,82,1,10,4,False,Rush,Chip Trayanum run for 4 yds to the TOL 22,-0.07889451759108734,2025-09-20T22:12:04.000Z
401762820,40176282021,401762820104885101,21,3,Toledo,Mid-American,13,Western Michigan,Mid-American,6,Western Michigan,Toledo,4,"{'minutes': 11, 'seconds': 48}",2.0,0.0,78,78,2,6,16,False,Pass Reception,Tucker Gleason pass complete to Terrell Crosby Jr. for 16 yds to the TOL 38 for a 1ST down,1.6141891262044474,2025-09-20T22:12:38.000Z
401762820,40176282021,401762820104888801,21,4,Toledo,Mid-American,13,Western Michigan,Mid-American,6,Western Michigan,Toledo,4,"{'minutes': 11, 'seconds': 11}",2.0,0.0,62,62,1,10,3,False,Rush,Chip Trayanum run for 3 yds to the TOL 41,-0.4251117664036599,2025-09-20T22:13:20.000Z
401762820,40176282021,401762820104896401,21,5,Toledo,Mid-American,13,Western Michigan,Mid-American,6,Western Michigan,Toledo,4,"{'minutes': 10, 'seconds': 35}",2.0,0.0,59,59,2,7,6,False,Rush,Tucker Gleason run for 6 yds to the TOL 47,0.3685822946826605,2025-09-20T22:13:49.000Z
401762820,40176282021,401762820104899901,21,6,Toledo,Mid-American,13,Western Michigan,Mid-American,6,Western Michigan,Toledo,4,"{'minutes': 10, 'seconds': 0}",2.0,0.0,53,53,3,1,4,False,Rush,Chip Trayanum run for 4 yds to the WMU 49 for a 1ST down,1.2472025607632418,2025-09-20T22:14:42.000Z
401762820,40176282021,401762820104908601,21,7,Toledo,Mid-American,13,Western Michigan,Mid-American,6,Western Michigan,Toledo,4,"{'minutes': 9, 'seconds': 13}",2.0,0.0,49,49,1,10,-17,False,Sack,Tucker Gleason sacked for a loss of 17 yards to the TOL 34,-3.4152910978878976,2025-09-20T22:15:22.000Z
401762820,40176282022,401762820104944001,22,5,Western Michigan,Mid-American,6,Toledo,Mid-American,13,Western Michigan,Toledo,4,"{'minutes': 5, 'seconds': 59}",0.0,2.0,37,63,3,3,15,False,Penalty,"(05:59) No Huddle-Shotgun Lowry,Broc pass incomplete short middle to Chenault,Aveion thrown to WMU44 PENALTY TOL Personal Foul (Awls,Braden) 15 yards from WMU37 to TOL48, 1ST DOWN. NO PLAY.",,2025-09-20T22:22:37.000Z
401762820,40176282022,401762820104978302,22,14,Western Michigan,Mid-American,6,Toledo,Mid-American,13,Western Michigan,Toledo,4,"{'minutes': 2, 'seconds': 16}",-1.0,2.0,84,16,4,7,0,False,Timeout,"Timeout Western Michigan, clock 02:16",,2025-09-20T22:29:50.000Z
401762820,40176282022,401762820104927601,22,1,Western Michigan,Mid-American,6,Toledo,Mid-American,13,Western Michigan,Toledo,4,"{'minutes': 7, 'seconds': 23}",0.0,2.0,17,83,1,10,8,False,Rush,Devin Miles run for 8 yds to the WMU 25,0.7299114161837501,2025-09-20T22:20:21.000Z
401762820,40176282022,401762820104934401,22,2,Western Michigan,Mid-American,6,Toledo,Mid-American,13,Western Michigan,Toledo,4,"{'minutes': 6, 'seconds': 55}",0.0,2.0,25,75,2,2,5,False,Rush,Broc Lowry run for 5 yds to the WMU 30 for a 1ST down,0.1124846474635639,2025-09-20T22:20:51.000Z
401762820,40176282022,401762820104937301,22,3,Western Michigan,Mid-American,6,Toledo,Mid-American,13,Western Michigan,Toledo,4,"{'minutes': 6, 'seconds': 26}",0.0,2.0,30,70,1,10,0,False,Pass Incompletion,Broc Lowry pass incomplete to Aveion Chenault,-0.8627910327708888,2025-09-20T22:21:26.000Z
401762820,40176282022,401762820104938101,22,4,Western Michigan,Mid-American,6,Toledo,Mid-American,13,Western Michigan,Toledo,4,"{'minutes': 6, 'seconds': 18}",0.0,2.0,30,70,2,10,7,False,Pass Reception,Broc Lowry pass complete to Aveion Chenault for 7 yds to the WMU 37,0.38679889659614647,2025-09-20T22:22:08.000Z
401762820,40176282022,401762820104945001,22,6,Western Michigan,Mid-American,6,Toledo,Mid-American,13,Western Michigan,Toledo,4,"{'minutes': 5, 'seconds': 49}",0.0,2.0,52,48,1,10,7,False,Rush,Broc Lowry run for 7 yds to the TOL 41,0.559881404072259,2025-09-20T22:26:00.000Z
401762820,40176282022,401762820104947701,22,7,Western Michigan,Mid-American,6,Toledo,Mid-American,13,Western Michigan,Toledo,4,"{'minutes': 5, 'seconds': 22}",0.0,2.0,59,41,2,3,8,False,Rush,Broc Lowry run for 8 yds to the TOL 33 for a 1ST down,0.22327765870571,2025-09-20T22:26:32.000Z
401762820,40176282022,401762820104955201,22,8,Western Michigan,Mid-American,6,Toledo,Mid-American,13,Western Michigan,Toledo,4,"{'minutes': 4, 'seconds': 47}",0.0,2.0,67,33,1,10,7,False,Pass Reception,Broc Lowry pass complete to Talique Williams for 7 yds to the TOL 26,0.376233844475481,2025-09-20T22:26:55.000Z
401762820,40176282022,401762820104957401,22,9,Western Michigan,Mid-American,6,Toledo,Mid-American,13,Western Michigan,Toledo,4,"{'minutes': 4, 'seconds': 25}",0.0,2.0,74,26,2,3,2,False,Rush,Jalen Buckley run for 2 yds to the TOL 24,-0.354581863461437,2025-09-20T22:27:41.000Z
401762820,40176282022,401762820104968801,22,10,Western Michigan,Mid-American,6,Toledo,Mid-American,13,Western Michigan,Toledo,4,"{'minutes': 3, 'seconds': 11}",0.0,2.0,76,24,3,1,5,False,Fumble Recovery (Own),"Broc Lowry run for 5 yds to the TOL 19 Broc Lowry fumbled, recovered by WMU Broc Lowry for a 1ST down",0.276975163850421,2025-09-20T22:28:42.000Z
401762820,40176282022,401762820104969801,22,11,Western Michigan,Mid-American,6,Toledo,Mid-American,13,Western Michigan,Toledo,4,"{'minutes': 3, 'seconds': 1}",0.0,2.0,81,19,1,10,-4,False,Sack,Broc Lowry sacked by Martez Poynter for a loss of 4 yards to the TOL 23,-0.730146222810827,2025-09-20T22:28:54.000Z
401762820,40176282022,401762820104975201,22,12,Western Michigan,Mid-American,6,Toledo,Mid-American,13,Western Michigan,Toledo,4,"{'minutes': 2, 'seconds': 47}",0.0,2.0,77,23,2,14,7,False,Rush,Broc Lowry run for 7 yds to the TOL 16,0.2318594000931764,2025-09-20T22:29:05.000Z
401762820,40176282022,401762820104978301,22,13,Western Michigan,Mid-American,6,Toledo,Mid-American,13,Western Michigan,Toledo,4,"{'minutes': 2, 'seconds': 16}",0.0,2.0,84,16,3,7,0,False,Pass Incompletion,Broc Lowry pass incomplete to Aveion Chenault,-0.531984560343167,2025-09-20T22:29:50.000Z
401762820,40176282022,401762820104978901,22,15,Western Michigan,Mid-American,6,Toledo,Mid-American,13,Western Michigan,Toledo,4,"{'minutes': 2, 'seconds': 10}",-1.0,2.0,84,16,4,7,0,False,Pass Incompletion,Broc Lowry pass incomplete to Baylin Brooks,-3.3652809883016594,2025-09-20T22:33:34.000Z
401762828,4017628281,401762828101849903,1,1,Western Michigan,Mid-American,0,Rhode Island,CAA,0,Western Michigan,Rhode Island,1,"{'minutes': 15, 'seconds': 0}",3.0,3.0,35,65,1,10,0,False,Kickoff,Hunter Smith kickoff for 65 yds for a touchback,,2025-09-27T22:33:26.000Z
401762828,4017628281,401762828101864501,1,4,Rhode Island,CAA,0,Western Michigan,Mid-American,0,Western Michigan,Rhode Island,1,"{'minutes': 13, 'seconds': 54}",3.0,3.0,17,17,1,10,15,False,Penalty,"(13:59) No Huddle-Shotgun Farrell,Devin pass incomplete short right to Buchanan,Marquis thrown to WMU00 PENALTY WMU Pass Interference (Franklin,Josh) 15 yards from WMU17 to WMU02, 1ST DOWN. NO PLAY.",,2025-09-27T22:34:40.000Z
401762828,4017628281,401762828101854501,1,2,Rhode Island,CAA,0,Western Michigan,Mid-American,0,Western Michigan,Rhode Island,1,"{'minutes': 14, 'seconds': 54}",3.0,3.0,75,75,1,10,2,False,Rush,Antwain Littleton Jr. run for 2 yds to the URI 27,-0.45260367932203766,2025-09-27T22:33:59.000Z
401762828,4017628281,401762828101858301,1,3,Rhode Island,CAA,0,Western Michigan,Mid-American,0,Western Michigan,Rhode Island,1,"{'minutes': 14, 'seconds': 16}",3.0,3.0,73,73,2,8,56,False,Pass Reception,Devin Farrell pass complete to Marquis Buchanan for 56 yds to the WMU 17 for a 1ST down,3.950455696258945,2025-09-27T22:34:38.000Z
401762828,4017628281,401762828101865001,1,5,Rhode Island,CAA,7,Western Michigan,Mid-American,0,Western Michigan,Rhode Island,1,"{'minutes': 13, 'seconds': 49}",3.0,3.0,2,2,1,2,2,True,Rushing Touchdown,Antwain Littleton Jr. run for 2 yds for a TD (Garth White KICK),1.213235297672098,2025-09-27T22:35:30.000Z
401762828,4017628282,401762828101865301,2,1,Rhode Island,CAA,7,Western Michigan,Mid-American,0,Western Michigan,Rhode Island,1,"{'minutes': 13, 'seconds': 46}",3.0,3.0,65,65,1,10,15,False,Kickoff Return (Offense),"Garth White kickoff for 59 yds , Devin Miles return for 15 yds to the WMU 21",,2025-09-27T22:40:03.000Z
401762828,4017628282,401762828101868901,2,3,Western Michigan,Mid-American,0,Rhode Island,CAA,7,Western Michigan,Rhode Island,1,"{'minutes': 13, 'seconds': 10}",3.0,3.0,20,80,2,11,5,False,Penalty,"PENALTY URI Offside (Pena,A.J.) 5 yards from WMU20 to WMU25. NO PLAY.",,2025-09-27T22:41:18.000Z
401762828,4017628282,401762828101935101,2,17,Western Michigan,Mid-American,3,Rhode Island,CAA,7,Western Michigan,Rhode Island,1,"{'minutes': 6, 'seconds': 48}",3.0,3.0,89,11,4,11,29,True,Field Goal Good,Palmer Domschke 29 yd FG GOOD,,2025-09-27T22:53:49.000Z
401762828,4017628282,401762828101866801,2,2,Western Michigan,Mid-American,0,Rhode Island,CAA,7,Western Michigan,Rhode Island,1,"{'minutes': 13, 'seconds': 31}",3.0,3.0,21,79,1,10,-1,False,Pass Reception,Broc Lowry pass complete to Devin Miles for a loss of 1 yard to the WMU 20,-0.6653743866116795,2025-09-27T22:40:39.000Z
401762828,4017628282,401762828101874101,2,4,Western Michigan,Mid-American,0,Rhode Island,CAA,7,Western Michigan,Rhode Island,1,"{'minutes': 12, 'seconds': 58}",3.0,3.0,25,75,2,6,5,False,Rush,Broc Lowry run for 5 yds to the WMU 30,0.0840614939215954,2025-09-27T22:41:53.000Z
401762828,4017628282,401762828101877302,2,5,Western Michigan,Mid-American,0,Rhode Island,CAA,7,Western Michigan,Rhode Island,1,"{'minutes': 12, 'seconds': 26}",3.0,3.0,30,70,3,1,20,False,Rush,"Ofa Mataele run for 5 yds to the WMU 35 for a 1ST down Rhode Island Penalty, Face Mask (15 yards) (A.J. Pena) to the 50 yard line for a 1ST down",2.4984789332457575,2025-09-27T22:41:58.000Z
401762828,4017628282,401762828101879501,2,6,Western Michigan,Mid-American,0,Rhode Island,CAA,7,Western Michigan,Rhode Island,1,"{'minutes': 12, 'seconds': 4}",3.0,3.0,50,50,1,10,15,False,Pass Reception,Broc Lowry pass complete to Devin Miles for 15 yds to the URI 35 for a 1ST down,0.868823148344417,2025-09-27T22:46:01.000Z
401762828,4017628282,401762828101886901,2,7,Western Michigan,Mid-American,0,Rhode Island,CAA,7,Western Michigan,Rhode Island,1,"{'minutes': 11, 'seconds': 30}",3.0,3.0,65,35,1,10,0,False,Rush,Devin Miles run for no gain to the URI 35,-0.6918622905019662,2025-09-27T22:46:34.000Z
401762828,4017628282,401762828101894801,2,8,Western Michigan,Mid-American,0,Rhode Island,CAA,7,Western Michigan,Rhode Island,1,"{'minutes': 10, 'seconds': 51}",3.0,3.0,65,35,2,10,0,False,Pass Incompletion,Broc Lowry pass incomplete to Talique Williams,-0.9144980156718301,2025-09-27T22:47:12.000Z
401762828,4017628282,401762828101895901,2,9,Western Michigan,Mid-American,0,Rhode Island,CAA,7,Western Michigan,Rhode Island,1,"{'minutes': 10, 'seconds': 40}",3.0,3.0,65,35,3,10,9,False,Rush,Broc Lowry run for 9 yds to the URI 26,0.859003433122897,2025-09-27T22:47:50.000Z
401762828,4017628282,401762828101899801,2,10,Western Michigan,Mid-American,0,Rhode Island,CAA,7,Western Michigan,Rhode Island,1,"{'minutes': 10, 'seconds': 1}",3.0,3.0,74,26,4,1,6,False,Rush,Broc Lowry run for 6 yds to the URI 20 for a 1ST down,1.1020179277961564,2025-09-27T22:48:38.000Z
401762828,4017628282,401762828101907101,2,11,Western Michigan,Mid-American,0,Rhode Island,CAA,7,Western Michigan,Rhode Island,1,"{'minutes': 9, 'seconds': 28}",3.0,3.0,80,20,1,10,0,False,Pass Incompletion,Broc Lowry pass incomplete to Michael Brescia,-0.374805786232315,2025-09-27T22:49:17.000Z
401762828,4017628282,401762828101908201,2,12,Western Michigan,Mid-American,0,Rhode Island,CAA,7,Western Michigan,Rhode Island,1,"{'minutes': 9, 'seconds': 17}",3.0,3.0,80,20,2,10,7,False,Pass Reception,Broc Lowry pass complete to Talique Williams for 7 yds to the URI 13,0.223972661812049,2025-09-27T22:49:56.000Z
401762828,4017628282,401762828101915401,2,13,Western Michigan,Mid-American,0,Rhode Island,CAA,7,Western Michigan,Rhode Island,1,"{'minutes': 8, 'seconds': 45}",3.0,3.0,87,13,3,3,4,False,Rush,Ofa Mataele run for 4 yds to the URI 9 for a 1ST down,0.344523029805497,2025-09-27T22:50:31.000Z
401762828,4017628282,401762828101919301,2,14,Western Michigan,Mid-American,0,Rhode Island,CAA,7,Western Michigan,Rhode Island,1,"{'minutes': 8, 'seconds': 6}",3.0,3.0,91,9,1,9,-1,False,Pass Reception,Broc Lowry pass complete to Blake Bosma for a loss of 1 yard to the URI 10,-0.3749820778549166,2025-09-27T22:51:06.000Z
401762828,4017628282,401762828101926601,2,15,Western Michigan,Mid-American,0,Rhode Island,CAA,7,Western Michigan,Rhode Island,1,"{'minutes': 7, 'seconds': 33}",3.0,3.0,90,10,2,10,-1,False,Rush,Ofa Mataele run for a loss of 1 yard to the URI 11,-0.3536496476800384,2025-09-27T22:51:46.000Z
401762828,4017628282,401762828101934701,2,16,Western Michigan,Mid-American,0,Rhode Island,CAA,7,Western Michigan,Rhode Island,1,"{'minutes': 6, 'seconds': 52}",3.0,3.0,89,11,3,11,0,False,Pass Incompletion,Broc Lowry pass incomplete to Talique Williams,-0.485959022955045,2025-09-27T22:52:27.000Z
401762828,4017628283,401762828101935102,3,1,Western Michigan,Mid-American,3,Rhode Island,CAA,7,Western Michigan,Rhode Island,1,"{'minutes': 6, 'seconds': 48}",3.0,3.0,35,65,1,10,0,False,Kickoff,Hunter Smith kickoff for 62 yds,,2025-09-27T22:53:49.000Z
401762828,4017628283,401762828101939302,3,4,Rhode Island,CAA,7,Western Michigan,Mid-American,3,Western Michigan,Rhode Island,1,"{'minutes': 6, 'seconds': 6}",3.0,2.0,73,73,3,8,0,False,Timeout,"Timeout Western Michigan, clock 06:06",,2025-09-27T22:57:58.000Z
401762828,4017628283,401762828101944901,3,6,Rhode Island,CAA,7,Western Michigan,Mid-American,3,Western Michigan,Rhode Island,1,"{'minutes': 5, 'seconds': 50}",3.0,2.0,73,73,4,8,0,False,Punt,"James Allen punt for 45 yds, punt out-of-bounds at the WMU 28",,2025-09-27T23:00:33.000Z
401762828,4017628283,401762828101944101,3,5,Rhode Island,CAA,7,Western Michigan,Mid-American,3,Western Michigan,Rhode Island,1,"{'minutes': 5, 'seconds': 58}",3.0,2.0,73,73,3,8,0,False,Pass Incompletion,Devin Farrell pass incomplete to Greg Gaines III,-0.22421028645399854,2025-09-27T22:59:50.000Z
401762828,4017628283,401762828101935701,3,2,Rhode Island,CAA,7,Western Michigan,Mid-American,3,Western Michigan,Rhode Island,1,"{'minutes': 6, 'seconds': 42}",3.0,3.0,75,75,1,10,2,False,Rush,Antwain Littleton Jr. run for 2 yds to the URI 27,-0.45260367932203766,2025-09-27T22:57:22.000Z
401762828,4017628283,401762828101939301,3,3,Rhode Island,CAA,7,Western Michigan,Mid-American,3,Western Michigan,Rhode Island,1,"{'minutes': 6, 'seconds': 6}",3.0,3.0,73,73,2,8,0,False,Pass Incompletion,Devin Farrell pass incomplete to Marquis Buchanan,-0.4788075161366292,2025-09-27T22:57:58.000Z
401762828,4017628284,401762828101999902,4,11,Western Michigan,Mid-American,3,Rhode Island,CAA,7,Western Michigan,Rhode Island,1,"{'minutes': 0, 'seconds': 0}",2.0,3.0,92,8,0,4,1,False,End Period,End of 1st Quarter,,2025-09-27T23:07:21.000Z
401762828,4017628284,401762828101945701,4,1,Western Michigan,Mid-American,3,Rhode Island,CAA,7,Western Michigan,Rhode Island,1,"{'minutes': 5, 'seconds': 42}",2.0,3.0,28,72,1,10,8,False,Rush,Ofa Mataele run for 8 yds to the WMU 36,0.9674797329724001,2025-09-27T23:01:05.000Z
401762828,4017628284,401762828101949501,4,2,Western Michigan,Mid-American,3,Rhode Island,CAA,7,Western Michigan,Rhode Island,1,"{'minutes': 5, 'seconds': 4}",2.0,3.0,36,64,2,2,5,False,Rush,Ofa Mataele run for 5 yds to the WMU 41 for a 1ST down,0.2291406294952249,2025-09-27T23:01:41.000Z
401762828,4017628284,401762828101957301,4,3,Western Michigan,Mid-American,3,Rhode Island,CAA,7,Western Michigan,Rhode Island,1,"{'minutes': 4, 'seconds': 26}",2.0,3.0,41,59,1,10,4,False,Pass Reception,Broc Lowry pass complete to Terence Marshall for 4 yds to the WMU 45,-0.1673002614345122,2025-09-27T23:02:54.000Z
401762828,4017628284,401762828101966601,4,4,Western Michigan,Mid-American,3,Rhode Island,CAA,7,Western Michigan,Rhode Island,1,"{'minutes': 3, 'seconds': 33}",2.0,3.0,45,55,2,6,0,False,Pass Reception,Broc Lowry pass complete to Christian Leary for no gain to the WMU 45,-1.1126244541815051,2025-09-27T23:03:32.000Z
401762828,4017628284,401762828101968901,4,5,Western Michigan,Mid-American,3,Rhode Island,CAA,7,Western Michigan,Rhode Island,1,"{'minutes': 3, 'seconds': 10}",2.0,3.0,45,55,3,6,6,False,Pass Reception,Broc Lowry pass complete to Malique Dieudonne for 6 yds to the URI 49 for a 1ST down,2.1766065137771964,2025-09-27T23:04:11.000Z
401762828,4017628284,401762828101975701,4,6,Western Michigan,Mid-American,3,Rhode Island,CAA,7,Western Michigan,Rhode Island,1,"{'minutes': 2, 'seconds': 42}",2.0,3.0,51,49,1,10,4,False,Rush,Devin Miles run for 4 yds to the URI 45,-0.1369390380115582,2025-09-27T23:04:14.000Z
401762828,4017628284,401762828101979101,4,7,Western Michigan,Mid-American,3,Rhode Island,CAA,7,Western Michigan,Rhode Island,1,"{'minutes': 2, 'seconds': 8}",2.0,3.0,55,45,2,6,9,False,Rush,Broc Lowry run for 9 yds to the URI 36 for a 1ST down,0.8884914946350105,2025-09-27T23:04:54.000Z
401762828,4017628284,401762828101987301,4,8,Western Michigan,Mid-American,3,Rhode Island,CAA,7,Western Michigan,Rhode Island,1,"{'minutes': 1, 'seconds': 26}",2.0,3.0,64,36,1,10,22,False,Pass Reception,Broc Lowry pass complete to Blake Bosma for 22 yds to the URI 14 for a 1ST down,0.4624949198347145,2025-09-27T23:05:30.000Z
401762828,4017628284,401762828101995101,4,9,Western Michigan,Mid-American,3,Rhode Island,CAA,7,Western Michigan,Rhode Island,1,"{'minutes': 0, 'seconds': 48}",2.0,3.0,86,14,1,10,6,False,Rush,Cole Cabana run for 6 yds to the URI 8,0.1809070651975925,2025-09-27T23:06:13.000Z
401762828,4017628284,401762828101999901,4,10,Western Michigan,Mid-American,3,Rhode Island,CAA,7,Western Michigan,Rhode Island,1,"{'minutes': 0, 'seconds': 0}",2.0,3.0,92,8,2,4,1,False,Rush,Broc Lowry run for 1 yd to the URI 7,-0.303806001943704,2025-09-27T23:07:21.000Z
401762828,4017628284,401762828102855001,4,12,Western Michigan,Mid-American,3,Rhode Island,CAA,7,Western Michigan,Rhode Island,2,"{'minutes': 14, 'seconds': 49}",2.0,3.0,93,7,3,3,2,False,Rush,Ofa Mataele run for 2 yds to the URI 5,-0.182390031975785,2025-09-27T23:11:27.000Z
401762828,4017628284,401762828102859901,4,13,Western Michigan,Mid-American,3,Rhode Island,CAA,7,Western Michigan,Rhode Island,2,"{'minutes': 14, 'seconds': 0}",2.0,3.0,95,5,4,1,1,False,Rush,Broc Lowry run for 1 yd to the URI 4 for a 1ST down,1.165381625187003,2025-09-27T23:12:06.000Z
401762828,4017628284,401762828102866401,4,14,Western Michigan,Mid-American,10,Rhode Island,CAA,7,Western Michigan,Rhode Island,2,"{'minutes': 13, 'seconds': 35}",2.0,3.0,96,4,1,4,4,True,Rushing Touchdown,"Broc Lowry run for 4 yds for a TD Rhode Island Penalty, Defensive Holding (Ayinde Johnson) declined (Palmer Domschke KICK)",1.688190518713975,2025-09-27T23:12:08.000Z
401762828,4017628285,401762828102866901,5,1,Western Michigan,Mid-American,10,Rhode Island,CAA,7,Western Michigan,Rhode Island,2,"{'minutes': 13, 'seconds': 30}",2.0,3.0,35,65,1,10,21,False,Kickoff Return (Offense),"Hunter Smith kickoff for 65 yds , Trey Lubin return for 21 yds to the URI 21",,2025-09-27T23:16:32.000Z
401762828,4017628285,401762828102879801,5,5,Rhode Island,CAA,7,Western Michigan,Mid-American,10,Western Michigan,Rhode Island,2,"{'minutes': 12, 'seconds': 1}",3.0,2.0,87,87,4,18,0,False,Punt,"James Allen punt for 42 yds, fair catch by Christian Leary at the WMU 45",,2025-09-27T23:19:10.000Z
401762828,4017628285,401762828102867301,5,2,Rhode Island,CAA,7,Western Michigan,Mid-American,10,Western Michigan,Rhode Island,2,"{'minutes': 13, 'seconds': 26}",3.0,2.0,79,79,1,10,1,False,Rush,Antwain Littleton Jr. run for 1 yd to the URI 22,-0.4911317991443793,2025-09-27T23:17:18.000Z
401762828,4017628285,401762828102874801,5,3,Rhode Island,CAA,7,Western Michigan,Mid-American,10,Western Michigan,Rhode Island,2,"{'minutes': 12, 'seconds': 51}",3.0,2.0,78,78,2,9,0,False,Pass Incompletion,Devin Farrell pass incomplete to Greg Gaines III,-0.32759167181254867,2025-09-27T23:17:54.000Z
401762828,4017628285,401762828102875701,5,4,Rhode Island,CAA,7,Western Michigan,Mid-American,10,Western Michigan,Rhode Island,2,"{'minutes': 12, 'seconds': 42}",3.0,2.0,78,78,3,9,-9,False,Sack,Devin Farrell sacked by Kershawn Fisher for a loss of 9 yards to the URI 13,-0.23860495416343944,2025-09-27T23:18:34.000Z
401762828,4017628286,401762828102894901,6,3,Western Michigan,Mid-American,10,Rhode Island,CAA,7,Western Michigan,Rhode Island,2,"{'minutes': 10, 'seconds': 50}",1.0,3.0,52,48,3,3,0,False,Timeout,"Timeout Western Michigan, clock 10:50",,2025-09-27T23:11:27.000Z
401762828,4017628286,401762828102885601,6,1,Western Michigan,Mid-American,10,Rhode Island,CAA,7,Western Michigan,Rhode Island,2,"{'minutes': 11, 'seconds': 43}",2.0,3.0,45,55,1,10,8,False,Pass Reception,Broc Lowry pass complete to Devin Miles for 8 yds to the URI 47,0.9420759997342945,2025-09-27T23:22:43.000Z
401762828,4017628286,401762828102888401,6,2,Western Michigan,Mid-American,10,Rhode Island,CAA,7,Western Michigan,Rhode Island,2,"{'minutes': 11, 'seconds': 15}",2.0,3.0,53,47,2,2,-1,False,Rush,Ofa Mataele run for a loss of 1 yard to the URI 48,-1.532881845928646,2025-09-27T23:23:21.000Z
401762828,4017628286,401762828102895701,6,4,Western Michigan,Mid-American,10,Rhode Island,CAA,7,Western Michigan,Rhode Island,2,"{'minutes': 10, 'seconds': 42}",1.0,3.0,52,48,3,3,3,False,Rush,Broc Lowry run for 3 yds to the URI 45 for a 1ST down,1.3909049984436486,2025-09-27T23:26:04.000Z
401762828,4017628286,401762828102899901,6,5,Western Michigan,Mid-American,10,Rhode Island,CAA,7,Western Michigan,Rhode Island,2,"{'minutes': 10, 'seconds': 0}",1.0,3.0,55,45,1,10,8,False,Rush,Devin Miles run for 8 yds to the URI 37,0.73144036017254,2025-09-27T23:26:49.000Z
401762828,4017628286,401762828102908001,6,6,Western Michigan,Mid-American,10,Rhode Island,CAA,7,Western Michigan,Rhode Island,2,"{'minutes': 9, 'seconds': 19}",1.0,3.0,63,37,2,2,3,False,Rush,Broc Lowry run for 3 yds to the URI 34 for a 1ST down,-0.191652436019142,2025-09-27T23:27:27.000Z
401762828,4017628286,401762828102916201,6,7,Western Michigan,Mid-American,10,Rhode Island,CAA,7,Western Michigan,Rhode Island,2,"{'minutes': 8, 'seconds': 37}",1.0,3.0,66,34,1,10,24,False,Pass Reception,Broc Lowry pass complete to Talique Williams for 24 yds to the URI 10 for a 1ST down,0.422899318664228,2025-09-27T23:28:43.000Z
401762828,4017628286,401762828102924001,6,8,Western Michigan,Mid-American,17,Rhode Island,CAA,7,Western Michigan,Rhode Island,2,"{'minutes': 7, 'seconds': 59}",1.0,3.0,90,10,1,10,10,True,Passing Touchdown,Broc Lowry pass complete to Aveion Chenault for 10 yds for a TD (Palmer Domschke KICK),2.513826842249442,2025-09-27T23:29:25.000Z
401762828,4017628287,401762828102924003,7,1,Western Michigan,Mid-American,17,Rhode Island,CAA,7,Western Michigan,Rhode Island,2,"{'minutes': 7, 'seconds': 59}",1.0,3.0,35,65,1,10,0,False,Kickoff,Hunter Smith kickoff for 56 yds,,2025-09-27T23:31:24.000Z
401762828,4017628287,401762828102928703,7,3,Rhode Island,CAA,7,Western Michigan,Mid-American,17,Western Michigan,Rhode Island,2,"{'minutes': 7, 'seconds': 12}",3.0,1.0,77,77,2,12,10,False,Penalty,"(07:16) No Huddle-Shotgun Farrell,Devin pass intercepted by Sims,Jarvarius at URI46, End Of Play PENALTY WMU Holding (Moore,Dillon) 10 yards from URI23 to URI33, 1ST DOWN. NO PLAY.",,2025-09-27T23:32:47.000Z
401762828,4017628287,401762828102925301,7,2,Rhode Island,CAA,7,Western Michigan,Mid-American,17,Western Michigan,Rhode Island,2,"{'minutes': 7, 'seconds': 46}",3.0,1.0,75,75,1,10,2,False,Pass Reception,Devin Farrell pass complete to Antwain Littleton Jr. for 2 yds to the URI 23,-0.45260367932203766,2025-09-27T23:32:04.000Z
401762828,4017628287,401762828102934901,7,4,Rhode Island,CAA,7,Western Michigan,Mid-American,17,Western Michigan,Rhode Island,2,"{'minutes': 6, 'seconds': 50}",3.0,1.0,67,67,1,10,4,False,Rush,Antwain Littleton Jr. run for 4 yds to the URI 37,-0.1528387450999809,2025-09-27T23:33:42.000Z
401762828,4017628287,401762828102938401,7,5,Rhode Island,CAA,7,Western Michigan,Mid-American,17,Western Michigan,Rhode Island,2,"{'minutes': 6, 'seconds': 15}",3.0,1.0,63,63,2,6,-8,False,Fumble Recovery (Own),"Devin Farrell sacked by Marcel Tyler for a loss of 8 yards to the URI 29 Devin Farrell fumbled, recovered by WMU Kershawn Fisher , return for 0 yards",-1.5836535603885125,2025-09-27T23:35:13.000Z
401762828,4017628288,401762828102939201,8,1,Western Michigan,Mid-American,17,Rhode Island,CAA,7,Western Michigan,Rhode Island,2,"{'minutes': 6, 'seconds': 7}",1.0,3.0,71,29,1,10,1,False,Rush,Cole Cabana run for 1 yd to the URI 28,-0.4070770134362323,2025-09-27T23:35:16.000Z
401762828,4017628288,401762828102946801,8,2,Western Michigan,Mid-American,17,Rhode Island,CAA,7,Western Michigan,Rhode Island,2,"{'minutes': 5, 'seconds': 31}",1.0,3.0,72,28,2,9,6,False,Rush,Broc Lowry run for 6 yds to the URI 22,0.182789697239123,2025-09-27T23:35:59.000Z
401762828,4017628288,401762828102954501,8,3,Western Michigan,Mid-American,24,Rhode Island,CAA,7,Western Michigan,Rhode Island,2,"{'minutes': 4, 'seconds': 54}",1.0,3.0,78,22,3,3,22,True,Rushing Touchdown,Ofa Mataele run for 22 yds for a TD (Palmer Domschke KICK),3.0125885007952213,2025-09-27T23:36:50.000Z
401762828,4017628289,401762828102954503,9,1,Western Michigan,Mid-American,24,Rhode Island,CAA,7,Western Michigan,Rhode Island,2,"{'minutes': 4, 'seconds': 54}",1.0,3.0,35,65,1,10,0,False,Kickoff,Hunter Smith kickoff for 64 yds,,2025-09-27T23:38:33.000Z
401762828,4017628289,401762828102965601,9,6,Rhode Island,CAA,7,Western Michigan,Mid-American,24,Western Michigan,Rhode Island,2,"{'minutes': 3, 'seconds': 43}",3.0,1.0,32,32,2,4,-5,False,Penalty,"PENALTY URI False Start (Robinson,Demetri) 5 yards from WMU32 to WMU37. NO PLAY.",,2025-09-27T23:41:30.000Z
401762828,4017628289,401762828102955401,9,2,Rhode Island,CAA,7,Western Michigan,Mid-American,24,Western Michigan,Rhode Island,2,"{'minutes': 4, 'seconds': 45}",3.0,1.0,75,75,1,10,11,False,Pass Reception,Devin Farrell pass complete to Marquis Buchanan for 11 yds to the URI 36 for a 1ST down,0.9305625119459905,2025-09-27T23:39:57.000Z
401762828,4017628289,401762828102957001,9,3,Rhode Island,CAA,7,Western Michigan,Mid-American,24,Western Michigan,Rhode Island,2,"{'minutes': 4, 'seconds': 29}",3.0,1.0,64,64,1,10,0,False,Pass Incompletion,Devin Farrell pass incomplete to Aboraa Kwarteng,-1.041155320344064,2025-09-27T23:40:00.000Z
401762828,4017628289,401762828102958101,9,4,Rhode Island,CAA,7,Western Michigan,Mid-American,24,Western Michigan,Rhode Island,2,"{'minutes': 4, 'seconds': 18}",3.0,1.0,64,64,2,10,26,False,Pass Reception,Devin Farrell pass complete to Connor Finer for 26 yds to the WMU 38 for a 1ST down,3.0937552795342067,2025-09-27T23:40:42.000Z
401762828,4017628289,401762828102959801,9,5,Rhode Island,CAA,7,Western Michigan,Mid-American,24,Western Michigan,Rhode Island,2,"{'minutes': 4, 'seconds': 1}",3.0,1.0,38,38,1,10,6,False,Rush,Antwain Littleton Jr. run for 6 yds to the WMU 32,0.2517020867787,2025-09-27T23:41:27.000Z
401762828,4017628289,401762828102968101,9,7,Rhode Island,CAA,7,Western Michigan,Mid-American,24,Western Michigan,Rhode Island,2,"{'minutes': 3, 'seconds': 18}",3.0,1.0,37,37,2,9,24,False,Pass Reception,Devin Farrell pass complete to Connor Finer for 24 yds to the WMU 13 for a 1ST down,1.152487823892946,2025-09-27T23:42:19.000Z
401762828,4017628289,401762828102974901,9,8,Rhode Island,CAA,7,Western Michigan,Mid-American,24,Western Michigan,Rhode Island,2,"{'minutes': 2, 'seconds': 50}",3.0,1.0,13,13,1,10,0,False,Pass Incompletion,Devin Farrell pass incomplete to Aboraa Kwarteng,-0.3048472994988835,2025-09-27T23:43:00.000Z
401762828,4017628289,401762828102975801,9,9,Rhode Island,CAA,7,Western Michigan,Mid-American,24,Western Michigan,Rhode Island,2,"{'minutes': 2, 'seconds': 41}",3.0,1.0,13,13,2,10,45,False,Pass Interception Return,Devin Farrell pass intercepted Micah Davis return for 45 yds to the WMU 45,-4.1562234854552695,2025-09-27T23:44:19.000Z
401762828,40176282810,401762828102997904,10,9,Rhode Island,CAA,7,Western Michigan,Mid-American,24,Western Michigan,Rhode Island,2,"{'minutes': 0, 'seconds': 20}",3.0,0.0,75,75,1,10,0,False,Timeout,"Timeout Western Michigan, clock 00:20",,2025-09-27T23:54:40.000Z
401762828,40176282810,401762828102976501,10,1,Western Michigan,Mid-American,24,Rhode Island,CAA,7,Western Michigan,Rhode Island,2,"{'minutes': 2, 'seconds': 34}",1.0,3.0,45,55,1,10,3,False,Rush,Devin Miles run for 3 yds to the WMU 48,-0.4238622892911614,2025-09-27T23:44:57.000Z
401762828,40176282810,401762828102984901,10,2,Western Michigan,Mid-American,24,Rhode Island,CAA,7,Western Michigan,Rhode Island,2,"{'minutes': 1, 'seconds': 50}",1.0,3.0,48,52,2,7,18,False,Rush,Devin Miles run for 18 yds to the URI 34 for a 1ST down,1.7637493656938563,2025-09-27T23:48:15.000Z
401762828,40176282810,401762828102985401,10,3,Western Michigan,Mid-American,24,Rhode Island,CAA,7,Western Michigan,Rhode Island,2,"{'minutes': 1, 'seconds': 45}",1.0,3.0,66,34,1,10,7,False,Rush,Broc Lowry run for 7 yds to the URI 27,0.3845817836398665,2025-09-27T23:49:00.000Z
401762828,40176282810,401762828102987301,10,4,Western Michigan,Mid-American,24,Rhode Island,CAA,7,Western Michigan,Rhode Island,2,"{'minutes': 1, 'seconds': 26}",1.0,3.0,73,27,2,3,3,False,Rush,Devin Miles run for 3 yds to the URI 24 for a 1ST down,-0.1292935713331715,2025-09-27T23:49:38.000Z
401762828,40176282810,401762828102988501,10,5,Western Michigan,Mid-American,24,Rhode Island,CAA,7,Western Michigan,Rhode Island,2,"{'minutes': 1, 'seconds': 14}",1.0,3.0,76,24,1,10,5,False,Rush,Devin Miles run for 5 yds to the URI 19,0.075070788233958,2025-09-27T23:50:25.000Z
401762828,40176282810,401762828102995301,10,6,Western Michigan,Mid-American,24,Rhode Island,CAA,7,Western Michigan,Rhode Island,2,"{'minutes': 0, 'seconds': 46}",1.0,3.0,81,19,2,5,2,False,Rush,Broc Lowry run for 2 yds to the URI 17,-0.253085325087264,2025-09-27T23:50:28.000Z
401762828,40176282810,401762828102997201,10,7,Western Michigan,Mid-American,24,Rhode Island,CAA,7,Western Michigan,Rhode Island,2,"{'minutes': 0, 'seconds': 27}",1.0,3.0,83,17,3,3,16,False,Pass Reception,Broc Lowry pass complete to Baylin Brooks for 16 yds to the URI 1 for a 1ST down,1.921431210339838,2025-09-27T23:51:13.000Z
401762828,40176282810,401762828102997901,10,8,Western Michigan,Mid-American,31,Rhode Island,CAA,7,Western Michigan,Rhode Island,2,"{'minutes': 0, 'seconds': 20}",1.0,3.0,99,1,1,1,1,True,Rushing Touchdown,Devin Miles run for 1 yd for a TD (Palmer Domschke KICK),0.938021275120443,2025-09-27T23:51:16.000Z
401762828,40176282811,401762828102997905,11,1,Western Michigan,Mid-American,31,Rhode Island,CAA,7,Western Michigan,Rhode Island,2,"{'minutes': 0, 'seconds': 20}",0.0,3.0,35,65,1,10,0,False,Kickoff,Hunter Smith kickoff for 59 yds,,2025-09-27T23:54:40.000Z
401762828,40176282811,401762828102998502,11,3,Rhode Island,CAA,7,Western Michigan,Mid-American,31,Western Michigan,Rhode Island,2,"{'minutes': 0, 'seconds': 14}",2.0,0.0,64,64,1,10,0,False,Timeout,"Timeout Rhode Island, clock 00:14",,2025-09-27T23:55:22.000Z
401762828,40176282811,401762828102999902,11,7,Rhode Island,CAA,7,Western Michigan,Mid-American,31,Western Michigan,Rhode Island,2,"{'minutes': 0, 'seconds': 0}",1.0,0.0,40,40,0,10,5,False,End of Half,End of 2nd Quarter,,2025-09-27T23:57:39.000Z
401762828,40176282811,401762828102999302,11,5,Rhode Island,CAA,7,Western Michigan,Mid-American,31,Western Michigan,Rhode Island,2,"{'minutes': 0, 'seconds': 6}",1.0,0.0,40,40,1,10,0,False,Timeout,"Timeout Rhode Island, clock 00:06",,2025-09-27T23:56:11.000Z
401762828,40176282811,401762828102998501,11,2,Rhode Island,CAA,7,Western Michigan,Mid-American,31,Western Michigan,Rhode Island,2,"{'minutes': 0, 'seconds': 14}",3.0,0.0,75,75,1,10,11,False,Rush,Antwain Littleton Jr. run for 11 yds to the URI 36 for a 1ST down,0.9305625119459905,2025-09-27T23:55:22.000Z
401762828,40176282811,401762828102999301,11,4,Rhode Island,CAA,7,Western Michigan,Mid-American,31,Western Michigan,Rhode Island,2,"{'minutes': 0, 'seconds': 6}",2.0,0.0,64,64,1,10,24,False,Pass Reception,Devin Farrell pass complete to Marquis Buchanan for 24 yds to the WMU 40 for a 1ST down,1.95814346383799,2025-09-27T23:56:11.000Z
401762828,40176282811,401762828102999901,11,6,Rhode Island,CAA,7,Western Michigan,Mid-American,31,Western Michigan,Rhode Island,2,"{'minutes': 0, 'seconds': 0}",1.0,0.0,40,40,1,10,5,False,Pass Reception,Devin Farrell pass complete to Antwain Littleton Jr. for 5 yds to the WMU 35,0.0872656999639112,2025-09-27T23:57:39.000Z
401762828,40176282812,401762828103866401,12,1,Rhode Island,CAA,7,Western Michigan,Mid-American,31,Western Michigan,Rhode Island,3,"{'minutes': 13, 'seconds': 35}",3.0,3.0,65,65,1,10,0,False,Kickoff,Garth White kickoff for 65 yds for a touchback,,2025-09-28T00:55:12.000Z
401762828,40176282812,401762828103866407,12,6,Western Michigan,Mid-American,31,Rhode Island,CAA,7,Western Michigan,Rhode Island,3,"{'minutes': 13, 'seconds': 35}",3.0,3.0,32,68,4,16,0,False,Punt,"Ryan Millmore punt for 48 yds, fair catch by Angel Sanchez at the URI 20",,2025-09-28T00:55:12.000Z
401762828,40176282812,401762828103866403,12,2,Western Michigan,Mid-American,31,Rhode Island,CAA,7,Western Michigan,Rhode Island,3,"{'minutes': 13, 'seconds': 35}",3.0,3.0,25,75,1,10,13,False,Rush,Ofa Mataele run for 13 yds to the WMU 38 for a 1ST down,1.124751479041831,2025-09-28T00:55:12.000Z
401762828,40176282812,401762828103866404,12,3,Western Michigan,Mid-American,31,Rhode Island,CAA,7,Western Michigan,Rhode Island,3,"{'minutes': 13, 'seconds': 35}",3.0,3.0,38,62,1,10,0,False,Pass Incompletion,Broc Lowry pass incomplete to Malique Dieudonne,-1.087995077167328,2025-09-28T00:55:12.000Z
401762828,40176282812,401762828103866405,12,4,Western Michigan,Mid-American,31,Rhode Island,CAA,7,Western Michigan,Rhode Island,3,"{'minutes': 13, 'seconds': 35}",3.0,3.0,38,62,2,10,0,False,Pass Incompletion,Broc Lowry pass incomplete to Ofa Mataele,-0.6938325521359872,2025-09-28T00:55:12.000Z
401762828,40176282812,401762828103866406,12,5,Western Michigan,Mid-American,31,Rhode Island,CAA,7,Western Michigan,Rhode Island,3,"{'minutes': 13, 'seconds': 35}",3.0,3.0,38,62,3,10,-6,False,Sack,Broc Lowry sacked by Moses Meus for a loss of 6 yards to the WMU 32,-0.5648770562606087,2025-09-28T00:55:12.000Z
401762828,40176282813,401762828103866409,13,1,Rhode Island,CAA,7,Western Michigan,Mid-American,31,Western Michigan,Rhode Island,3,"{'minutes': 13, 'seconds': 35}",3.0,3.0,80,80,1,10,-6,False,Fumble Recovery (Opponent),"Antwain Littleton Jr. run for a loss of 6 yards to the URI 3 Antwain Littleton Jr. fumbled, recovered by WMU Sefa Saipaia Jr.",-0.6139422043948972,2025-09-28T00:55:12.000Z
401762828,40176282814,401762828103866411,14,1,Western Michigan,Mid-American,38,Rhode Island,CAA,7,Western Michigan,Rhode Island,3,"{'minutes': 13, 'seconds': 35}",3.0,3.0,97,3,1,3,3,True,Rushing Touchdown,Ofa Mataele run for 3 yds for a TD (Palmer Domschke KICK),1.464451732731337,2025-09-28T00:55:12.000Z
401762828,40176282815,401762828103867501,15,1,Western Michigan,Mid-American,38,Rhode Island,CAA,7,Western Michigan,Rhode Island,3,"{'minutes': 13, 'seconds': 24}",3.0,3.0,35,65,1,10,0,False,Kickoff,Hunter Smith kickoff for 65 yds for a touchback,,2025-09-28T00:55:12.000Z
401762828,40176282815,401762828103887601,15,5,Rhode Island,CAA,7,Western Michigan,Mid-American,38,Western Michigan,Rhode Island,3,"{'minutes': 11, 'seconds': 23}",3.0,3.0,73,73,4,8,0,False,Punt,"punt for 43 yds , Joshua Franklin returns for no gain to the WMU 30",,2025-09-28T00:55:12.000Z
401762828,40176282815,401762828103868701,15,2,Rhode Island,CAA,7,Western Michigan,Mid-American,38,Western Michigan,Rhode Island,3,"{'minutes': 13, 'seconds': 12}",3.0,3.0,75,75,1,10,8,False,Pass Reception,Devin Farrell pass complete to Greg Gaines III for 8 yds to the URI 33,0.9104368550610653,2025-09-28T00:55:12.000Z
401762828,40176282815,401762828103875101,15,3,Rhode Island,CAA,7,Western Michigan,Mid-American,38,Western Michigan,Rhode Island,3,"{'minutes': 12, 'seconds': 48}",3.0,3.0,67,67,2,2,0,False,Pass Reception,Devin Farrell pass complete to Antwain Littleton Jr. for no gain to the URI 33,-1.1300243096866742,2025-09-28T00:55:12.000Z
401762828,40176282815,401762828103885901,15,4,Rhode Island,CAA,7,Western Michigan,Mid-American,38,Western Michigan,Rhode Island,3,"{'minutes': 11, 'seconds': 40}",3.0,3.0,67,67,3,2,-6,False,Sack,Devin Farrell sacked for a loss of 6 yards to the URI 27,-0.9360340272870564,2025-09-28T00:55:12.000Z
401762828,40176282816,401762828103919301,16,6,Western Michigan,Mid-American,38,Rhode Island,CAA,7,Western Michigan,Rhode Island,3,"{'minutes': 8, 'seconds': 6}",3.0,3.0,74,26,1,10,1,False,Rush,Devin Miles run for 1 yd to the URI 25,-0.3601692954121845,2025-09-28T00:55:12.000Z
401762828,40176282816,401762828103889301,16,1,Western Michigan,Mid-American,38,Rhode Island,CAA,7,Western Michigan,Rhode Island,3,"{'minutes': 11, 'seconds': 6}",3.0,3.0,30,70,1,10,16,False,Pass Reception,Broc Lowry pass complete to Baylin Brooks for 16 yds to the WMU 46 for a 1ST down,1.5078889812191354,2025-09-28T00:55:12.000Z
401762828,40176282816,401762828103898201,16,2,Western Michigan,Mid-American,38,Rhode Island,CAA,7,Western Michigan,Rhode Island,3,"{'minutes': 10, 'seconds': 17}",3.0,3.0,46,54,1,10,5,False,Rush,Devin Miles run for 5 yds to the URI 49,0.1068990350586356,2025-09-28T00:55:12.000Z
401762828,40176282816,401762828103899901,16,3,Western Michigan,Mid-American,38,Rhode Island,CAA,7,Western Michigan,Rhode Island,3,"{'minutes': 10, 'seconds': 0}",3.0,3.0,51,49,2,5,6,False,Rush,Devin Miles run for 6 yds to the URI 43 for a 1ST down,0.7256284146957181,2025-09-28T00:55:12.000Z
401762828,40176282816,401762828103907601,16,4,Western Michigan,Mid-American,38,Rhode Island,CAA,7,Western Michigan,Rhode Island,3,"{'minutes': 9, 'seconds': 23}",3.0,3.0,57,43,1,10,0,False,Rush,Devin Miles run for no gain to the URI 43,-0.9391692565688832,2025-09-28T00:55:12.000Z
401762828,40176282816,401762828103915401,16,5,Western Michigan,Mid-American,38,Rhode Island,CAA,7,Western Michigan,Rhode Island,3,"{'minutes': 8, 'seconds': 45}",3.0,3.0,57,43,2,10,17,False,Pass Reception,Broc Lowry pass complete to Christian Leary for 17 yds to the URI 26 for a 1ST down,1.5715372220915569,2025-09-28T00:55:12.000Z
401762828,40176282816,401762828103927401,16,7,Western Michigan,Mid-American,38,Rhode Island,CAA,7,Western Michigan,Rhode Island,3,"{'minutes': 7, 'seconds': 25}",3.0,3.0,75,25,2,9,2,False,Rush,Broc Lowry run for 2 yds to the URI 23,-0.3095720820221448,2025-09-28T00:55:12.000Z
401762828,40176282816,401762828103935501,16,8,Western Michigan,Mid-American,38,Rhode Island,CAA,7,Western Michigan,Rhode Island,3,"{'minutes': 6, 'seconds': 44}",3.0,3.0,77,23,3,7,0,False,Pass Reception,Broc Lowry pass complete to Terence Marshall for no gain to the URI 23,-0.7450790543892561,2025-09-28T00:55:12.000Z
401762828,40176282816,401762828103938701,16,9,Western Michigan,Mid-American,41,Rhode Island,CAA,7,Western Michigan,Rhode Island,3,"{'minutes': 6, 'seconds': 12}",3.0,3.0,77,23,4,7,41,True,Field Goal Good,Palmer Domschke 41 yd FG GOOD,,2025-09-28T00:55:12.000Z
401762828,40176282817,401762828103938702,17,1,Western Michigan,Mid-American,41,Rhode Island,CAA,7,Western Michigan,Rhode Island,3,"{'minutes': 6, 'seconds': 12}",3.0,3.0,35,65,1,10,0,False,Kickoff,Hunter Smith kickoff for 63 yds,,2025-09-28T00:55:12.000Z
401762828,40176282817,401762828103954201,17,5,Rhode Island,CAA,7,Western Michigan,Mid-American,41,Western Michigan,Rhode Island,3,"{'minutes': 4, 'seconds': 57}",3.0,3.0,80,80,4,15,30,False,Punt,"James Allen punt for 48 yds , Joshua Franklin returns for 30 yds to the URI 38",,2025-09-28T00:55:12.000Z
401762828,40176282817,401762828103939401,17,2,Rhode Island,CAA,7,Western Michigan,Mid-American,41,Western Michigan,Rhode Island,3,"{'minutes': 6, 'seconds': 5}",3.0,3.0,75,75,1,10,0,False,Pass Incompletion,Devin Farrell pass incomplete to Marquis Buchanan,-0.7029700220436519,2025-09-28T00:55:12.000Z
401762828,40176282817,401762828103944401,17,3,Rhode Island,CAA,7,Western Michigan,Mid-American,41,Western Michigan,Rhode Island,3,"{'minutes': 5, 'seconds': 55}",3.0,3.0,75,75,2,10,-5,False,Sack,Devin Farrell sacked for a loss of 5 yards to the URI 20,-0.5131424524530592,2025-09-28T00:55:12.000Z
401762828,40176282817,401762828103948701,17,4,Rhode Island,CAA,7,Western Michigan,Mid-American,41,Western Michigan,Rhode Island,3,"{'minutes': 5, 'seconds': 12}",3.0,3.0,80,80,3,15,0,False,Pass Incompletion,Devin Farrell pass incomplete to Marquis Buchanan,-0.06579665004736057,2025-09-28T00:45:54.000Z
401762828,40176282818,401762828103974501,18,4,Western Michigan,Mid-American,44,Rhode Island,CAA,7,Western Michigan,Rhode Island,3,"{'minutes': 2, 'seconds': 54}",3.0,3.0,69,31,4,3,49,True,Field Goal Good,Palmer Domschke 49 yd FG GOOD,,2025-09-28T00:55:12.000Z
401762828,40176282818,401762828103956801,18,1,Western Michigan,Mid-American,41,Rhode Island,CAA,7,Western Michigan,Rhode Island,3,"{'minutes': 4, 'seconds': 31}",3.0,3.0,62,38,1,10,9,False,Rush,Cole Cabana run for 9 yds to the URI 29,0.800789073122285,2025-09-28T00:55:12.000Z
401762828,40176282818,401762828103959001,18,2,Western Michigan,Mid-American,41,Rhode Island,CAA,7,Western Michigan,Rhode Island,3,"{'minutes': 4, 'seconds': 9}",3.0,3.0,71,29,2,1,-2,False,Rush,Cole Cabana run for a loss of 2 yards to the URI 31,-1.147581356880925,2025-09-28T00:55:12.000Z
401762828,40176282818,401762828103966801,18,3,Western Michigan,Mid-American,41,Rhode Island,CAA,7,Western Michigan,Rhode Island,3,"{'minutes': 3, 'seconds': 31}",3.0,3.0,69,31,3,3,0,False,Rush,Cole Cabana run for no gain to the URI 31,-0.924966976589989,2025-09-28T00:55:12.000Z
401762828,40176282819,401762828103974502,19,1,Western Michigan,Mid-American,44,Rhode Island,CAA,7,Western Michigan,Rhode Island,3,"{'minutes': 2, 'seconds': 54}",3.0,3.0,35,65,1,10,0,False,Kickoff,Hunter Smith kickoff for 60 yds,,2025-09-28T00:55:12.000Z
401762828,40176282819,401762828103999902,19,8,Rhode Island,CAA,7,Western Michigan,Mid-American,44,Western Michigan,Rhode Island,3,"{'minutes': 0, 'seconds': 0}",3.0,3.0,10,10,0,5,5,False,End Period,End of 3rd Quarter,,2025-09-28T00:55:12.000Z
401762828,40176282819,401762828103975001,19,2,Rhode Island,CAA,7,Western Michigan,Mid-American,44,Western Michigan,Rhode Island,3,"{'minutes': 2, 'seconds': 49}",3.0,3.0,75,75,1,10,3,False,Rush,Antwain Littleton Jr. run for 3 yds to the URI 28,-0.2957674139440157,2025-09-28T00:55:12.000Z
401762828,40176282819,401762828103978201,19,3,Rhode Island,CAA,7,Western Michigan,Mid-American,44,Western Michigan,Rhode Island,3,"{'minutes': 2, 'seconds': 17}",3.0,3.0,72,72,2,7,15,False,Pass Reception,Devin Farrell pass complete to Connor Finer for 15 yds to the URI 43 for a 1ST down,1.9082058361540106,2025-09-28T00:55:12.000Z
401762828,40176282819,401762828103986601,19,4,Rhode Island,CAA,7,Western Michigan,Mid-American,44,Western Michigan,Rhode Island,3,"{'minutes': 1, 'seconds': 33}",3.0,3.0,57,57,1,10,26,False,Pass Reception,Devin Farrell pass complete to Marquis Buchanan for 26 yds to the WMU 31 for a 1ST down,1.6233705274383785,2025-09-28T00:55:12.000Z
401762828,40176282819,401762828103988901,19,5,Rhode Island,CAA,7,Western Michigan,Mid-American,44,Western Michigan,Rhode Island,3,"{'minutes': 1, 'seconds': 10}",3.0,3.0,31,31,1,10,16,False,Pass Reception,Devin Farrell pass complete to Connor Finer for 16 yds to the WMU 15 for a 1ST down,0.283747080507865,2025-09-28T00:55:12.000Z
401762828,40176282819,401762828103997001,19,6,Rhode Island,CAA,7,Western Michigan,Mid-American,44,Western Michigan,Rhode Island,3,"{'minutes': 0, 'seconds': 29}",3.0,3.0,15,15,1,10,5,False,Pass Reception,Devin Farrell pass complete to Greg Gaines III for 5 yds to the WMU 10,0.0744340992063255,2025-09-28T00:55:12.000Z
401762828,40176282819,401762828103999901,19,7,Rhode Island,CAA,7,Western Michigan,Mid-American,44,Western Michigan,Rhode Island,3,"{'minutes': 0, 'seconds': 0}",3.0,3.0,10,10,2,5,5,False,Rush,Antwain Littleton Jr. run for 5 yds to the WMU 5 for a 1ST down,0.5999841497998835,2025-09-28T00:55:12.000Z
401762828,40176282819,401762828104854501,19,9,Rhode Island,CAA,14,Western Michigan,Mid-American,44,Western Michigan,Rhode Island,4,"{'minutes': 14, 'seconds': 54}",3.0,3.0,5,5,1,5,5,True,Passing Touchdown,Devin Farrell pass complete to Antwain Littleton Jr. for 5 yds for a TD (Garth White KICK),1.883780840558874,2025-09-28T01:02:56.000Z
401762828,40176282820,401762828104854503,20,1,Rhode Island,CAA,14,Western Michigan,Mid-American,44,Western Michigan,Rhode Island,4,"{'minutes': 14, 'seconds': 54}",3.0,3.0,65,65,1,10,0,False,Kickoff,Garth White kickoff for 65 yds,,2025-09-28T01:02:56.000Z
401762828,40176282820,401762828104856001,20,2,Western Michigan,Mid-American,44,Rhode Island,CAA,14,Western Michigan,Rhode Island,4,"{'minutes': 14, 'seconds': 39}",3.0,3.0,25,75,1,10,1,False,Rush,Tre' Hartwell run for 1 yd to the WMU 26,-0.5874795431016855,2025-09-28T01:02:56.000Z
401762828,40176282820,401762828104859401,20,3,Western Michigan,Mid-American,44,Rhode Island,CAA,14,Western Michigan,Rhode Island,4,"{'minutes': 14, 'seconds': 5}",3.0,3.0,26,74,2,9,-9,False,Fumble Recovery (Opponent),"Brady Jones run for a loss of 9 yards to the WMU 17 Brady Jones fumbled, recovered by URI Antonio Morgan",-0.33476533717699297,2025-09-28T01:04:01.000Z
401762828,40176282820,401762828104859402,20,4,Western Michigan,Mid-American,44,Rhode Island,CAA,14,Western Michigan,Rhode Island,4,"{'minutes': 14, 'seconds': 5}",3.0,3.0,26,74,2,9,-9,False,Fumble Recovery (Opponent),"Brady Jones run for a loss of 9 yards to the WMU 17 Brady Jones fumbled, recovered by URI Antonio Morgan",-0.33476533717699297,2025-09-28T01:04:01.000Z
401762828,40176282821,401762828104864201,21,1,Rhode Island,CAA,14,Western Michigan,Mid-American,44,Western Michigan,Rhode Island,4,"{'minutes': 13, 'seconds': 57}",3.0,3.0,17,17,1,10,0,False,Rush,Antwain Littleton Jr. run for no gain to the WMU 17,-0.340019558909725,2025-09-28T01:04:58.000Z
401762828,40176282821,401762828104867901,21,2,Rhode Island,CAA,14,Western Michigan,Mid-American,44,Western Michigan,Rhode Island,4,"{'minutes': 13, 'seconds': 20}",3.0,3.0,17,17,2,10,5,False,Rush,Antwain Littleton Jr. run for 5 yds to the WMU 12,0.040453596334972,2025-09-28T01:05:48.000Z
401762828,40176282821,401762828104876101,21,3,Rhode Island,CAA,14,Western Michigan,Mid-American,44,Western Michigan,Rhode Island,4,"{'minutes': 12, 'seconds': 38}",3.0,3.0,12,12,3,5,-11,False,Sack,Devin Farrell sacked by Marcel Tyler for a loss of 11 yards to the WMU 23,-2.2553432867414256,2025-09-28T01:05:58.000Z
401762828,40176282821,401762828104885401,21,4,Rhode Island,CAA,14,Western Michigan,Mid-American,44,Western Michigan,Rhode Island,4,"{'minutes': 11, 'seconds': 45}",3.0,3.0,23,23,4,16,-11,False,Sack,Devin Farrell sacked by Will Gerig for a loss of 11 yards to the WMU 34,-1.8651876478994076,2025-09-28T01:06:46.000Z
401762828,40176282822,401762828104926401,22,6,Western Michigan,Mid-American,44,Rhode Island,CAA,14,Western Michigan,Rhode Island,4,"{'minutes': 7, 'seconds': 35}",3.0,3.0,55,45,3,4,-5,False,Penalty,"PENALTY WMU False Start (Krause,Jacob) 5 yards from URI45 to URI50. NO PLAY.",,2025-09-28T01:19:00.000Z
401762828,40176282822,401762828104927202,22,8,Western Michigan,Mid-American,44,Rhode Island,CAA,14,Western Michigan,Rhode Island,4,"{'minutes': 7, 'seconds': 27}",2.0,3.0,50,50,3,9,0,False,Timeout,"Timeout Western Michigan, clock 07:27",,2025-09-28T01:02:56.000Z
401762828,40176282822,401762828104945601,22,12,Western Michigan,Mid-American,44,Rhode Island,CAA,14,Western Michigan,Rhode Island,4,"{'minutes': 5, 'seconds': 43}",2.0,2.0,72,28,4,1,0,False,Timeout,"Timeout Rhode Island, clock 05:43",,2025-09-28T01:02:56.000Z
401762828,40176282822,401762828104885801,22,1,Western Michigan,Mid-American,44,Rhode Island,CAA,14,Western Michigan,Rhode Island,4,"{'minutes': 11, 'seconds': 41}",3.0,3.0,34,66,1,10,2,False,Rush,Cole Cabana run for 2 yds to the WMU 36,-0.6162239991596916,2025-09-28T01:10:03.000Z
401762828,40176282822,401762828104894801,22,2,Western Michigan,Mid-American,44,Rhode Island,CAA,14,Western Michigan,Rhode Island,4,"{'minutes': 10, 'seconds': 51}",3.0,3.0,36,64,2,8,0,False,Pass Reception,Brady Jones pass complete to Cole Cabana for no gain to the WMU 36,-0.7413256585321806,2025-09-28T01:10:53.000Z
401762828,40176282822,401762828104896601,22,3,Western Michigan,Mid-American,44,Rhode Island,CAA,14,Western Michigan,Rhode Island,4,"{'minutes': 10, 'seconds': 33}",3.0,3.0,36,64,3,8,13,False,Pass Reception,Brady Jones pass complete to Terence Marshall for 13 yds to the WMU 49 for a 1ST down,2.7709518435285476,2025-09-28T01:11:51.000Z
401762828,40176282822,401762828104904801,22,4,Western Michigan,Mid-American,44,Rhode Island,CAA,14,Western Michigan,Rhode Island,4,"{'minutes': 9, 'seconds': 51}",3.0,3.0,49,51,1,10,6,False,Rush,Brady Jones run for 6 yds to the URI 45,0.353216982318957,2025-09-28T01:12:39.000Z
401762828,40176282822,401762828104908903,22,5,Western Michigan,Mid-American,44,Rhode Island,CAA,14,Western Michigan,Rhode Island,4,"{'minutes': 9, 'seconds': 10}",3.0,3.0,55,45,2,4,0,False,Rush,Tre' Hartwell run for no gain to the URI 45,-1.161605875616964,2025-09-28T01:15:07.000Z
401762828,40176282822,401762828104927201,22,7,Western Michigan,Mid-American,44,Rhode Island,CAA,14,Western Michigan,Rhode Island,4,"{'minutes': 7, 'seconds': 27}",3.0,3.0,50,50,3,9,13,False,Rush,Brady Jones run for 13 yds to the URI 37 for a 1ST down,2.8195226529345145,2025-09-28T01:02:56.000Z
401762828,40176282822,401762828104928801,22,9,Western Michigan,Mid-American,44,Rhode Island,CAA,14,Western Michigan,Rhode Island,4,"{'minutes': 7, 'seconds': 11}",2.0,3.0,63,37,1,10,4,False,Rush,Brady Jones run for 4 yds to the URI 33,-0.0758857249965158,2025-09-28T01:02:56.000Z
401762828,40176282822,401762828104929901,22,10,Western Michigan,Mid-American,44,Rhode Island,CAA,14,Western Michigan,Rhode Island,4,"{'minutes': 7, 'seconds': 0}",2.0,3.0,67,33,2,6,3,False,Rush,Tre' Hartwell run for 3 yds to the URI 30,-0.254950168462912,2025-09-28T01:19:50.000Z
401762828,40176282822,401762828104938001,22,11,Western Michigan,Mid-American,44,Rhode Island,CAA,14,Western Michigan,Rhode Island,4,"{'minutes': 6, 'seconds': 19}",2.0,3.0,70,30,3,3,2,False,Rush,Tre' Hartwell run for 2 yds to the URI 28,-0.4843246482665986,2025-09-28T01:19:55.000Z
401762828,40176282822,401762828104946401,22,13,Western Michigan,Mid-American,44,Rhode Island,CAA,14,Western Michigan,Rhode Island,4,"{'minutes': 5, 'seconds': 35}",2.0,2.0,72,28,4,1,0,False,Pass Interception Return,Brady Jones pass intercepted Andre DePina-Gray return for no gain to the URI 15,-3.1334308267972304,2025-09-28T01:23:46.000Z
401762828,40176282823,401762828104947401,23,1,Rhode Island,CAA,14,Western Michigan,Mid-American,44,Western Michigan,Rhode Island,4,"{'minutes': 5, 'seconds': 25}",2.0,2.0,85,85,1,10,10,False,Pass Reception,Devin Farrell pass complete to Antwain Littleton Jr. for 10 yds to the URI 25 for a 1ST down,0.5432064301538883,2025-09-28T01:23:46.000Z
401762828,40176282823,401762828104954801,23,2,Rhode Island,CAA,14,Western Michigan,Mid-American,44,Western Michigan,Rhode Island,4,"{'minutes': 4, 'seconds': 51}",2.0,2.0,75,75,1,10,0,False,Pass Reception,Devin Farrell pass complete to Marquis Buchanan for no gain to the URI 25,-0.7029700220436519,2025-09-28T01:23:46.000Z
401762828,40176282823,401762828104957601,23,3,Rhode Island,CAA,14,Western Michigan,Mid-American,44,Western Michigan,Rhode Island,4,"{'minutes': 4, 'seconds': 23}",2.0,2.0,75,75,2,10,-8,False,Fumble Recovery (Own),"Devin Farrell sacked by Jori Benson for a loss of 8 yards to the URI 17 Devin Farrell fumbled, recovered by WMU Jori Benson , return for 0 yards",-0.5613069718334982,2025-09-28T01:23:46.000Z
401762828,40176282824,401762828104974203,24,4,Western Michigan,Mid-American,44,Rhode Island,CAA,14,Western Michigan,Rhode Island,4,"{'minutes': 2, 'seconds': 57}",1.0,2.0,97,3,3,3,0,False,Timeout,"Timeout Western Michigan, clock 02:57",,2025-09-28T01:23:46.000Z
401762828,40176282824,401762828104976301,24,6,Western Michigan,Mid-American,47,Rhode Island,CAA,14,Western Michigan,Rhode Island,4,"{'minutes': 2, 'seconds': 36}",1.0,2.0,97,3,4,3,21,True,Field Goal Good,Hunter Smith 21 yd FG GOOD,,2025-09-28T01:23:46.000Z
401762828,40176282824,401762828104958801,24,1,Western Michigan,Mid-American,44,Rhode Island,CAA,14,Western Michigan,Rhode Island,4,"{'minutes': 4, 'seconds': 11}",2.0,2.0,83,17,1,10,11,False,Rush,Tre' Hartwell run for 11 yds to the URI 6 for a 1ST down,0.527413331719137,2025-09-28T01:23:46.000Z
401762828,40176282824,401762828104966001,24,2,Western Michigan,Mid-American,44,Rhode Island,CAA,14,Western Michigan,Rhode Island,4,"{'minutes': 3, 'seconds': 39}",2.0,2.0,94,6,1,6,1,False,Rush,Tre' Hartwell run for 1 yd to the URI 5,-0.386087920464643,2025-09-28T01:23:46.000Z
401762828,40176282824,401762828104974201,24,3,Western Michigan,Mid-American,44,Rhode Island,CAA,14,Western Michigan,Rhode Island,4,"{'minutes': 2, 'seconds': 57}",2.0,2.0,95,5,2,5,2,False,Rush,Tre' Hartwell run for 2 yds to the URI 3,-0.185984708249071,2025-09-28T01:23:46.000Z
401762828,40176282824,401762828104975801,24,5,Western Michigan,Mid-American,44,Rhode Island,CAA,14,Western Michigan,Rhode Island,4,"{'minutes': 2, 'seconds': 41}",1.0,2.0,97,3,3,3,0,False,Pass Incompletion,Mark Konecny pass incomplete,-0.291784144723391,2025-09-28T01:23:46.000Z
401762828,40176282825,401762828104976302,25,1,Western Michigan,Mid-American,47,Rhode Island,CAA,14,Western Michigan,Rhode Island,4,"{'minutes': 2, 'seconds': 36}",1.0,2.0,35,65,1,10,0,False,Kickoff,Hunter Smith kickoff for 64 yds,,2025-09-28T01:23:46.000Z
401762828,40176282825,401762828104999902,25,10,Rhode Island,CAA,14,Western Michigan,Mid-American,47,Western Michigan,Rhode Island,4,"{'minutes': 0, 'seconds': 0}",2.0,1.0,42,42,0,8,12,False,End of Game,End of 4th Quarter,,2025-09-28T01:38:24.000Z
401762828,40176282825,401762828104997401,25,8,Rhode Island,CAA,14,Western Michigan,Mid-American,47,Western Michigan,Rhode Island,4,"{'minutes': 0, 'seconds': 25}",2.0,1.0,44,44,1,10,2,False,Rush,Gabe Winowich run for 2 yds to the WMU 42,-0.52968574160999,2025-09-28T01:38:24.000Z
401762828,40176282825,401762828104999901,25,9,Rhode Island,CAA,14,Western Michigan,Mid-American,47,Western Michigan,Rhode Island,4,"{'minutes': 0, 'seconds': 0}",2.0,1.0,42,42,2,8,12,False,Pass Reception,Conner Kenyon pass complete to Marquis Buchanan for 12 yds to the WMU 30 for a 1ST down,1.1283249661972403,2025-09-28T01:38:24.000Z
401762828,40176282825,401762828104977901,25,2,Rhode Island,CAA,14,Western Michigan,Mid-American,47,Western Michigan,Rhode Island,4,"{'minutes': 2, 'seconds': 20}",2.0,1.0,75,75,1,10,3,False,Pass Reception,Conner Kenyon pass complete to Connor Finer for 3 yds to the URI 28,-0.2957674139440157,2025-09-28T01:23:46.000Z
401762828,40176282825,401762828104984201,25,3,Rhode Island,CAA,14,Western Michigan,Mid-American,47,Western Michigan,Rhode Island,4,"{'minutes': 1, 'seconds': 57}",2.0,1.0,72,72,2,7,6,False,Rush,Gabe Winowich run for 6 yds to the URI 34,0.272733551995068,2025-09-28T01:23:46.000Z
401762828,40176282825,401762828104984701,25,4,Rhode Island,CAA,14,Western Michigan,Mid-American,47,Western Michigan,Rhode Island,4,"{'minutes': 1, 'seconds': 52}",2.0,1.0,66,66,3,1,12,False,Pass Reception,Conner Kenyon pass complete to Marquis Buchanan for 12 yds to the URI 46 for a 1ST down,1.9158914439850612,2025-09-28T01:23:46.000Z
401762828,40176282825,401762828104986901,25,5,Rhode Island,CAA,14,Western Michigan,Mid-American,47,Western Michigan,Rhode Island,4,"{'minutes': 1, 'seconds': 30}",2.0,1.0,54,54,1,10,0,False,Pass Incompletion,Conner Kenyon pass incomplete to Connor Finer,-1.1590089706435955,2025-09-28T01:23:46.000Z
401762828,40176282825,401762828104987701,25,6,Rhode Island,CAA,14,Western Michigan,Mid-American,47,Western Michigan,Rhode Island,4,"{'minutes': 1, 'seconds': 22}",2.0,1.0,54,54,2,10,2,False,Rush,Gabe Winowich run for 2 yds to the URI 48,-0.5817253446000324,2025-09-28T01:23:46.000Z
401762828,40176282825,401762828104995001,25,7,Rhode Island,CAA,14,Western Michigan,Mid-American,47,Western Michigan,Rhode Island,4,"{'minutes': 0, 'seconds': 49}",2.0,1.0,52,52,3,8,8,False,Rush,Gabe Winowich run for 8 yds to the WMU 44 for a 1ST down,2.5127494954188148,2025-09-28T01:23:46.000Z
401762832,40176283219,401762832104919503,19,1,Western Michigan,Mid-American,21,Massachusetts,Mid-American,3,Massachusetts,Western Michigan,4,"{'minutes': 8, 'seconds': 4}",3.0,3.0,65,65,1,10,0,False,Kickoff,Hunter Smith kickoff for 63 yds,,2025-10-04T21:08:34.000Z
401762832,40176283219,401762832104946305,19,8,Massachusetts,Mid-American,3,Western Michigan,Mid-American,21,Massachusetts,Western Michigan,4,"{'minutes': 5, 'seconds': 36}",2.0,3.0,85,15,1,5,0,False,Timeout,"Timeout Massachusetts, clock 05:36",,2025-10-04T21:16:25.000Z
401762832,40176283219,401762832104924401,19,2,Massachusetts,Mid-American,3,Western Michigan,Mid-American,21,Massachusetts,Western Michigan,4,"{'minutes': 7, 'seconds': 55}",3.0,3.0,25,75,1,10,4,False,Rush,Juwaun Price run for 4 yds to the MASS 29,-0.1142886249388964,2025-10-04T21:10:49.000Z
401762832,40176283219,401762832104944601,19,3,Massachusetts,Mid-American,3,Western Michigan,Mid-American,21,Massachusetts,Western Michigan,4,"{'minutes': 5, 'seconds': 53}",3.0,3.0,29,71,2,6,4,False,Pass Reception,AJ Hairston pass complete to Max Dowling for 4 yds to the MASS 33,-0.1052988296867126,2025-10-04T20:56:11.000Z
401762832,40176283219,401762832104946301,19,4,Massachusetts,Mid-American,3,Western Michigan,Mid-American,21,Massachusetts,Western Michigan,4,"{'minutes': 5, 'seconds': 36}",3.0,3.0,33,67,3,2,12,False,Pass Reception,AJ Hairston pass complete to Jake McConnachie for 12 yds to the MASS 45 for a 1ST down,2.0207293370305655,2025-10-04T21:16:25.000Z
401762832,40176283219,401762832104946302,19,5,Massachusetts,Mid-American,3,Western Michigan,Mid-American,21,Massachusetts,Western Michigan,4,"{'minutes': 5, 'seconds': 36}",3.0,3.0,45,55,1,10,1,False,Rush,Elijah Faulkner run for 1 yd to the MASS 46,-0.9265072803619887,2025-10-04T21:16:25.000Z
401762832,40176283219,401762832104946303,19,6,Massachusetts,Mid-American,3,Western Michigan,Mid-American,21,Massachusetts,Western Michigan,4,"{'minutes': 5, 'seconds': 36}",3.0,3.0,46,54,2,9,19,False,Pass Reception,AJ Hairston pass complete to Jake McConnachie for 19 yds to the WMU 35 for a 1ST down,2.230531733901398,2025-10-04T21:16:25.000Z
401762832,40176283219,401762832104946304,19,7,Massachusetts,Mid-American,3,Western Michigan,Mid-American,21,Massachusetts,Western Michigan,4,"{'minutes': 5, 'seconds': 36}",3.0,3.0,65,35,1,10,0,False,Pass Incompletion,AJ Hairston pass incomplete to Kezion Dia-Johnson,-0.6918622905019662,2025-10-04T21:16:25.000Z
401762832,40176283219,401762832104946901,19,9,Massachusetts,Mid-American,3,Western Michigan,Mid-American,21,Massachusetts,Western Michigan,4,"{'minutes': 5, 'seconds': 30}",2.0,3.0,65,35,2,10,15,False,Pass Reception,AJ Hairston pass complete to Reece Adkins for 15 yds to the WMU 20 for a 1ST down,1.0465233452472231,2025-10-04T21:18:20.000Z
401762832,40176283219,401762832104946903,19,10,Massachusetts,Mid-American,3,Western Michigan,Mid-American,21,Massachusetts,Western Michigan,4,"{'minutes': 5, 'seconds': 30}",2.0,3.0,80,20,1,10,5,False,Penalty,"(05:30) No Huddle-Shotgun Hairston,AJ pass incomplete deep left to Massey,Kenyon thrown to WMU00 PENALTY WMU Illegal Substitution 5 yards from WMU20 to WMU15. NO PLAY.",,2025-10-04T21:18:20.000Z
401762832,40176283219,401762832104946904,19,11,Massachusetts,Mid-American,3,Western Michigan,Mid-American,21,Massachusetts,Western Michigan,4,"{'minutes': 5, 'seconds': 30}",2.0,3.0,85,15,1,5,0,False,Pass Interception Return,AJ Hairston pass intercepted Domanick Moon return for no gain to the WMU 21,-5.027366172071957,2025-10-04T21:18:20.000Z
401762832,40176283220,401762832104955902,20,3,Western Michigan,Mid-American,21,Massachusetts,Mid-American,3,Massachusetts,Western Michigan,4,"{'minutes': 4, 'seconds': 40}",3.0,1.0,75,75,3,6,0,False,Timeout,"Timeout Massachusetts, clock 04:40",,2025-10-04T21:22:07.000Z
401762832,40176283220,401762832104956302,20,5,Western Michigan,Mid-American,21,Massachusetts,Mid-American,3,Massachusetts,Western Michigan,4,"{'minutes': 4, 'seconds': 36}",3.0,0.0,75,75,4,6,0,False,Timeout,"Timeout Massachusetts, clock 04:36",,2025-10-04T21:22:21.000Z
401762832,40176283220,401762832104947701,20,1,Western Michigan,Mid-American,21,Massachusetts,Mid-American,3,Massachusetts,Western Michigan,4,"{'minutes': 5, 'seconds': 22}",3.0,2.0,79,79,1,10,0,False,Rush,Broc Lowry run for no gain to the WMU 21,-0.585616097616759,2025-10-04T21:20:44.000Z
401762832,40176283220,401762832104955901,20,2,Western Michigan,Mid-American,21,Massachusetts,Mid-American,3,Massachusetts,Western Michigan,4,"{'minutes': 4, 'seconds': 40}",3.0,2.0,79,79,2,10,4,False,Rush,Jalen Buckley run for 4 yds to the WMU 25,-0.04776001056674683,2025-10-04T21:22:07.000Z
401762832,40176283220,401762832104956301,20,4,Western Michigan,Mid-American,21,Massachusetts,Mid-American,3,Massachusetts,Western Michigan,4,"{'minutes': 4, 'seconds': 36}",3.0,1.0,75,75,3,6,0,False,Rush,Jalen Buckley run for no gain to the WMU 25,-0.2505074961764233,2025-10-04T21:22:21.000Z
401762832,40176283220,401762832104957101,20,6,Western Michigan,Mid-American,21,Massachusetts,Mid-American,3,Massachusetts,Western Michigan,4,"{'minutes': 4, 'seconds': 28}",3.0,0.0,75,75,4,6,0,False,Punt,"Ryan Millmore punt for 35 yds, punt out-of-bounds at the MASS 40",,2025-10-04T21:24:07.000Z
401762832,40176283221,401762832104977202,21,6,Massachusetts,Mid-American,3,Western Michigan,Mid-American,21,Massachusetts,Western Michigan,4,"{'minutes': 2, 'seconds': 27}",-1.0,3.0,91,9,1,9,0,False,Timeout,"Timeout Massachusetts, clock 02:27",,2025-10-04T21:26:40.000Z
401762832,40176283221,401762832104984002,21,9,Massachusetts,Mid-American,3,Western Michigan,Mid-American,21,Massachusetts,Western Michigan,4,"{'minutes': 1, 'seconds': 59}",-2.0,3.0,93,7,3,7,0,False,Timeout,"Timeout Massachusetts, clock 01:59",,2025-10-04T21:28:24.000Z
401762832,40176283221,401762832104957701,21,1,Massachusetts,Mid-American,3,Western Michigan,Mid-American,21,Massachusetts,Western Michigan,4,"{'minutes': 4, 'seconds': 22}",0.0,3.0,40,60,1,10,9,False,Pass Reception,AJ Hairston pass complete to Kenyon Massey for 9 yds to the MASS 49,1.339431621541097,2025-10-04T21:24:52.000Z
401762832,40176283221,401762832104964701,21,2,Massachusetts,Mid-American,3,Western Michigan,Mid-American,21,Massachusetts,Western Michigan,4,"{'minutes': 3, 'seconds': 52}",0.0,3.0,49,51,2,1,12,False,Pass Reception,AJ Hairston pass complete to Brandon Hood for 12 yds to the WMU 39 for a 1ST down,0.2770304276710274,2025-10-04T21:25:04.000Z
401762832,40176283221,401762832104967301,21,3,Massachusetts,Mid-American,3,Western Michigan,Mid-American,21,Massachusetts,Western Michigan,4,"{'minutes': 3, 'seconds': 26}",0.0,3.0,61,39,1,10,8,False,Pass Reception,AJ Hairston pass complete to Donnie Gray for 8 yds to the WMU 31,0.6211478423237775,2025-10-04T21:38:06.000Z
401762832,40176283221,401762832104969601,21,4,Massachusetts,Mid-American,3,Western Michigan,Mid-American,21,Massachusetts,Western Michigan,4,"{'minutes': 3, 'seconds': 3}",0.0,3.0,69,31,2,2,8,False,Pass Reception,AJ Hairston pass complete to Kenyon Massey for 8 yds to the WMU 23 for a 1ST down,-0.144686965463455,2025-10-04T21:26:10.000Z
401762832,40176283221,401762832104977201,21,5,Massachusetts,Mid-American,3,Western Michigan,Mid-American,21,Massachusetts,Western Michigan,4,"{'minutes': 2, 'seconds': 27}",0.0,3.0,77,23,1,10,14,False,Pass Reception,AJ Hairston pass complete to Dallas Elliott for 14 yds to the WMU 9 for a 1ST down,0.2397398544247605,2025-10-04T21:26:40.000Z
401762832,40176283221,401762832104978501,21,7,Massachusetts,Mid-American,3,Western Michigan,Mid-American,21,Massachusetts,Western Michigan,4,"{'minutes': 2, 'seconds': 14}",-1.0,3.0,91,9,1,9,2,False,Rush,AJ Hairston run for 2 yds to the WMU 7,-0.182910644371269,2025-10-04T21:28:04.000Z
401762832,40176283221,401762832104984001,21,8,Massachusetts,Mid-American,3,Western Michigan,Mid-American,21,Massachusetts,Western Michigan,4,"{'minutes': 1, 'seconds': 59}",-1.0,3.0,93,7,2,7,0,False,Pass Incompletion,AJ Hairston pass incomplete to Dallas Elliott,-0.277446160702615,2025-10-04T21:28:24.000Z
401762832,40176283221,401762832104989301,21,10,Massachusetts,Mid-American,3,Western Michigan,Mid-American,21,Massachusetts,Western Michigan,4,"{'minutes': 1, 'seconds': 6}",-2.0,3.0,93,7,3,7,-5,False,Sack,AJ Hairston sacked by Tyson Lee for a loss of 5 yards to the WMU 12,-0.8930073604003007,2025-10-04T21:36:09.000Z
401762832,40176283221,401762832104994801,21,11,Massachusetts,Mid-American,3,Western Michigan,Mid-American,21,Massachusetts,Western Michigan,4,"{'minutes': 0, 'seconds': 51}",-2.0,3.0,88,12,4,12,-13,False,Sack,AJ Hairston sacked for a loss of 13 yards to the WMU 25,-3.2223980108793473,2025-10-04T21:36:22.000Z
401762832,40176283222,401762832104999902,22,3,Western Michigan,Mid-American,21,Massachusetts,Mid-American,3,Massachusetts,Western Michigan,4,"{'minutes': 0, 'seconds': 0}",3.0,-2.0,76,76,0,11,-1,False,End of Game,End of 4th Quarter,,2025-10-04T21:38:06.000Z
401762832,40176283222,401762832104998001,22,1,Western Michigan,Mid-American,21,Massachusetts,Mid-American,3,Massachusetts,Western Michigan,4,"{'minutes': 0, 'seconds': 19}",3.0,-2.0,75,75,1,10,-1,False,Rush,B. Lowry takes a knee,-0.8014893508157099,2025-10-04T21:37:42.000Z
401762832,40176283222,401762832104999901,22,2,Western Michigan,Mid-American,21,Massachusetts,Mid-American,3,Massachusetts,Western Michigan,4,"{'minutes': 0, 'seconds': 0}",3.0,-2.0,76,76,2,11,-1,False,Rush,B. Lowry takes a knee,-0.3326773738532047,2025-10-04T21:38:06.000Z
401762832,4017628321,401762832101849903,1,1,Western Michigan,Mid-American,0,Massachusetts,Mid-American,0,Massachusetts,Western Michigan,1,"{'minutes': 15, 'seconds': 0}",3.0,3.0,65,65,1,10,0,False,Kickoff,Hunter Smith kickoff for 65 yds for a touchback,,2025-10-04T18:36:56.000Z
401762832,4017628321,401762832101889505,1,11,Massachusetts,Mid-American,0,Western Michigan,Mid-American,0,Massachusetts,Western Michigan,1,"{'minutes': 11, 'seconds': 4}",2.0,3.0,78,22,2,8,0,False,Timeout,"Timeout Massachusetts, clock 11:04",,2025-10-04T18:45:08.000Z
401762832,4017628321,401762832101854501,1,2,Massachusetts,Mid-American,0,Western Michigan,Mid-American,0,Massachusetts,Western Michigan,1,"{'minutes': 14, 'seconds': 54}",3.0,3.0,25,75,1,10,2,False,Rush,Brandon Hood run for 2 yds to the MASS 27,-0.45260367932203766,2025-10-04T18:36:56.000Z
401762832,4017628321,401762832101857501,1,3,Massachusetts,Mid-American,0,Western Michigan,Mid-American,0,Massachusetts,Western Michigan,1,"{'minutes': 14, 'seconds': 24}",3.0,3.0,27,73,2,8,22,False,Pass Reception,Brandon Rose pass complete to Jacquon Gibson for 22 yds to the MASS 49 for a 1ST down,2.6069915951504203,2025-10-04T18:36:56.000Z
401762832,4017628321,401762832101859601,1,4,Massachusetts,Mid-American,0,Western Michigan,Mid-American,0,Massachusetts,Western Michigan,1,"{'minutes': 14, 'seconds': 3}",3.0,3.0,49,51,1,10,0,False,Rush,Brandon Hood run for no gain to the MASS 49,-1.1301991718133413,2025-10-04T18:36:56.000Z
401762832,4017628321,401762832101867501,1,5,Massachusetts,Mid-American,0,Western Michigan,Mid-American,0,Massachusetts,Western Michigan,1,"{'minutes': 13, 'seconds': 24}",3.0,3.0,49,51,2,10,17,False,Pass Reception,Brandon Rose pass complete to Jacquon Gibson for 17 yds to the WMU 34 for a 1ST down,2.11684021479261,2025-10-04T18:36:56.000Z
401762832,4017628321,401762832101874701,1,6,Massachusetts,Mid-American,0,Western Michigan,Mid-American,0,Massachusetts,Western Michigan,1,"{'minutes': 12, 'seconds': 52}",3.0,3.0,66,34,1,10,6,False,Rush,Brandon Rose run for 6 yds to the WMU 28,0.228690499805612,2025-10-04T18:38:05.000Z
401762832,4017628321,401762832101876701,1,7,Massachusetts,Mid-American,0,Western Michigan,Mid-American,0,Massachusetts,Western Michigan,1,"{'minutes': 12, 'seconds': 32}",3.0,3.0,72,28,2,4,0,False,Pass Incompletion,Brandon Rose pass incomplete to Jacquon Gibson,-0.6711891564291486,2025-10-04T18:38:18.000Z
401762832,4017628321,401762832101877501,1,8,Massachusetts,Mid-American,0,Western Michigan,Mid-American,0,Massachusetts,Western Michigan,1,"{'minutes': 12, 'seconds': 24}",3.0,3.0,72,28,3,4,4,False,Rush,Elijah Faulkner run for 4 yds to the WMU 24 for a 1ST down,0.6977868689302316,2025-10-04T18:39:01.000Z
401762832,4017628321,401762832101885101,1,9,Massachusetts,Mid-American,0,Western Michigan,Mid-American,0,Massachusetts,Western Michigan,1,"{'minutes': 11, 'seconds': 48}",3.0,3.0,76,24,1,10,7,False,Rush,Elijah Faulkner run for 7 yds to the WMU 17,0.324778503489089,2025-10-04T18:40:04.000Z
401762832,4017628321,401762832101889504,1,10,Massachusetts,Mid-American,0,Western Michigan,Mid-American,0,Massachusetts,Western Michigan,1,"{'minutes': 11, 'seconds': 4}",3.0,3.0,83,17,2,3,-5,False,Penalty,"(11:09) Shotgun Price,Juwaun rush middle for 17 yards gain to the WMU00 TOUCHDOWN nullified by penalty, clock 11:04 PENALTY UMass Illegal Formation (Adkins,Reece) 5 yards from WMU17 to WMU22. NO PLAY.",,2025-10-04T18:45:08.000Z
401762832,4017628321,401762832101905701,1,12,Massachusetts,Mid-American,0,Western Michigan,Mid-American,0,Massachusetts,Western Michigan,1,"{'minutes': 9, 'seconds': 42}",2.0,3.0,78,22,2,8,1,False,Rush,Elijah Faulkner run for 1 yd to the WMU 21,-0.378523907751351,2025-10-04T18:46:26.000Z
401762832,4017628321,401762832101905702,1,13,Massachusetts,Mid-American,0,Western Michigan,Mid-American,0,Massachusetts,Western Michigan,1,"{'minutes': 9, 'seconds': 42}",2.0,3.0,79,21,3,7,3,False,Rush,Brandon Hood run for 3 yds to the WMU 18,-0.2140216272528104,2025-10-04T18:46:42.000Z
401762832,4017628321,401762832101905703,1,14,Massachusetts,Mid-American,3,Western Michigan,Mid-American,0,Massachusetts,Western Michigan,1,"{'minutes': 9, 'seconds': 42}",2.0,3.0,82,18,4,4,36,True,Field Goal Good,Derek Morris 36 yd FG GOOD,,2025-10-04T18:46:42.000Z
401762832,4017628322,401762832101906701,2,1,Massachusetts,Mid-American,3,Western Michigan,Mid-American,0,Massachusetts,Western Michigan,1,"{'minutes': 9, 'seconds': 32}",2.0,3.0,35,65,1,10,28,False,Kickoff Return (Offense),"Marcus Lye kickoff for 65 yds , Devin Miles return for 28 yds to the WMU 28",,2025-10-04T18:36:56.000Z
401762832,4017628322,401762832101907901,2,2,Western Michigan,Mid-American,0,Massachusetts,Mid-American,3,Massachusetts,Western Michigan,1,"{'minutes': 9, 'seconds': 20}",3.0,2.0,72,72,1,10,2,False,Rush,Broc Lowry run for 2 yds to the WMU 30,-0.5100717857614772,2025-10-04T18:36:56.000Z
401762832,4017628322,401762832101914301,2,3,Western Michigan,Mid-American,0,Massachusetts,Mid-American,3,Massachusetts,Western Michigan,1,"{'minutes': 8, 'seconds': 56}",3.0,2.0,70,70,2,8,1,False,Rush,Broc Lowry run for 1 yd to the WMU 31,-0.4685873729342828,2025-10-04T18:50:07.000Z
401762832,4017628322,401762832101917601,2,4,Western Michigan,Mid-American,0,Massachusetts,Mid-American,3,Massachusetts,Western Michigan,1,"{'minutes': 8, 'seconds': 23}",3.0,2.0,69,69,3,7,0,False,Pass Incompletion,Broc Lowry pass incomplete to Michael Brescia,-0.31775373805896123,2025-10-04T18:50:54.000Z
401762832,4017628322,401762832101919101,2,5,Western Michigan,Mid-American,0,Massachusetts,Mid-American,3,Massachusetts,Western Michigan,1,"{'minutes': 8, 'seconds': 8}",3.0,2.0,69,69,4,7,15,False,Penalty,"(08:19) Millmore,Ryan punt 59 yards to the UMass10 PENALTY UMass Personal Foul (Dia-Johnson,Kezion) 15 yards from WMU31 to WMU46, 1ST DOWN. NO PLAY.",,2025-10-04T18:52:06.000Z
401762832,4017628322,401762832101924101,2,6,Western Michigan,Mid-American,0,Massachusetts,Mid-American,3,Massachusetts,Western Michigan,1,"{'minutes': 7, 'seconds': 58}",3.0,2.0,54,54,1,10,4,False,Rush,Jalen Buckley run for 4 yds to the 50 yard line,-0.1577860825649198,2025-10-04T18:52:43.000Z
401762832,4017628322,401762832101926901,2,7,Western Michigan,Mid-American,0,Massachusetts,Mid-American,3,Massachusetts,Western Michigan,1,"{'minutes': 7, 'seconds': 30}",3.0,2.0,50,50,2,6,8,False,Fumble Recovery (Opponent),"Jalen Buckley run for 8 yds to the MASS 42 Jalen Buckley fumbled, recovered by WMU Tyler Martin",-2.6573163797498722,2025-10-04T18:36:56.000Z
401762832,4017628323,401762832101927401,3,1,Massachusetts,Mid-American,3,Western Michigan,Mid-American,0,Massachusetts,Western Michigan,1,"{'minutes': 7, 'seconds': 25}",2.0,3.0,42,58,1,10,0,False,Pass Incompletion,Brandon Rose pass incomplete to Donnie Gray,-1.1496266880203319,2025-10-04T18:54:22.000Z
401762832,4017628323,401762832101928501,3,2,Massachusetts,Mid-American,3,Western Michigan,Mid-American,0,Massachusetts,Western Michigan,1,"{'minutes': 7, 'seconds': 14}",2.0,3.0,42,58,2,10,-6,False,Sack,Brandon Rose sacked by Nadame Tucker for a loss of 6 yards to the MASS 36,-1.3632121898159095,2025-10-04T18:54:55.000Z
401762832,4017628323,401762832101934501,3,3,Massachusetts,Mid-American,3,Western Michigan,Mid-American,0,Massachusetts,Western Michigan,1,"{'minutes': 6, 'seconds': 54}",2.0,3.0,36,64,3,16,0,False,Pass Incompletion,Brandon Rose pass incomplete to Donnie Gray,-0.18588108214652266,2025-10-04T18:56:06.000Z
401762832,4017628323,401762832101935801,3,4,Massachusetts,Mid-American,3,Western Michigan,Mid-American,0,Massachusetts,Western Michigan,1,"{'minutes': 6, 'seconds': 41}",2.0,3.0,36,64,4,16,11,False,Punt,"Keegan Andrews punt for 54 yds, punt out-of-bounds at the WMU 21 , Joshua Franklin returns for 11 yds to the WMU 21",,2025-10-04T18:56:38.000Z
401762832,4017628324,401762832101936601,4,1,Western Michigan,Mid-American,0,Massachusetts,Mid-American,3,Massachusetts,Western Michigan,1,"{'minutes': 6, 'seconds': 33}",3.0,2.0,79,79,1,10,13,False,Pass Reception,Broc Lowry pass complete to Malique Dieudonne for 13 yds to the WMU 34 for a 1ST down,0.9937654000875416,2025-10-04T18:36:56.000Z
401762832,4017628324,401762832101939201,4,2,Western Michigan,Mid-American,0,Massachusetts,Mid-American,3,Massachusetts,Western Michigan,1,"{'minutes': 6, 'seconds': 7}",3.0,2.0,66,66,1,10,8,False,Pass Reception,Broc Lowry pass complete to Baylin Brooks for 8 yds to the WMU 42,1.0340504913723672,2025-10-04T18:58:07.000Z
401762832,4017628324,401762832101946501,4,3,Western Michigan,Mid-American,0,Massachusetts,Mid-American,3,Massachusetts,Western Michigan,1,"{'minutes': 5, 'seconds': 34}",3.0,2.0,58,58,2,2,4,False,Rush,Jalen Buckley run for 4 yds to the WMU 46 for a 1ST down,0.117821360672039,2025-10-04T18:58:23.000Z
401762832,4017628324,401762832101954201,4,4,Western Michigan,Mid-American,0,Massachusetts,Mid-American,3,Massachusetts,Western Michigan,1,"{'minutes': 4, 'seconds': 57}",3.0,2.0,54,54,1,10,9,False,Pass Reception,Broc Lowry pass complete to Michael Brescia for 9 yds to the MASS 45,1.20588179851595,2025-10-04T18:58:52.000Z
401762832,4017628324,401762832101957401,4,5,Western Michigan,Mid-American,0,Massachusetts,Mid-American,3,Massachusetts,Western Michigan,1,"{'minutes': 4, 'seconds': 25}",3.0,2.0,45,45,2,1,3,False,Rush,Ofa Mataele run for 3 yds to the MASS 42 for a 1ST down,-0.315919732402866,2025-10-04T18:36:56.000Z
401762832,4017628324,401762832101965102,4,6,Western Michigan,Mid-American,0,Massachusetts,Mid-American,3,Massachusetts,Western Michigan,1,"{'minutes': 3, 'seconds': 48}",3.0,2.0,42,42,1,10,-15,False,Penalty,"(03:56) Shotgun Lowry,Broc pass complete short left to Bosma,Blake caught at UMass38, for 13 yards to the UMass29 (Davis,Shymell) PENALTY WMU Pass Interference (Mataele,Ofa) 15 yards from UMass42 to WMU43. NO PLAY.",,2025-10-04T19:00:38.000Z
401762832,4017628324,401762832101967301,4,7,Western Michigan,Mid-American,0,Massachusetts,Mid-American,3,Massachusetts,Western Michigan,1,"{'minutes': 3, 'seconds': 26}",3.0,2.0,57,57,1,25,0,False,Pass Reception,Broc Lowry pass complete to Christian Leary for no gain to the WMU 43,-0.5646080106648679,2025-10-04T19:00:59.000Z
401762832,4017628324,401762832101974001,4,8,Western Michigan,Mid-American,0,Massachusetts,Mid-American,3,Massachusetts,Western Michigan,1,"{'minutes': 2, 'seconds': 59}",3.0,2.0,57,57,2,25,13,False,Pass Reception,Broc Lowry pass complete to Baylin Brooks for 13 yds to the MASS 44,1.1842607968405199,2025-10-04T19:02:08.000Z
401762832,4017628324,401762832101977401,4,9,Western Michigan,Mid-American,0,Massachusetts,Mid-American,3,Massachusetts,Western Michigan,1,"{'minutes': 2, 'seconds': 25}",3.0,2.0,44,44,3,12,0,False,Pass Incompletion,Broc Lowry pass incomplete to Talique Williams,-0.8085261951717496,2025-10-04T18:36:56.000Z
401762832,4017628324,401762832101977701,4,10,Western Michigan,Mid-American,0,Massachusetts,Mid-American,3,Massachusetts,Western Michigan,1,"{'minutes': 2, 'seconds': 22}",3.0,2.0,44,44,4,12,0,False,Punt,"Ryan Millmore punt for 29 yds, punt out-of-bounds at the MASS 15",,2025-10-04T19:06:06.000Z
401762832,4017628325,401762832101999902,5,6,Massachusetts,Mid-American,3,Western Michigan,Mid-American,0,Massachusetts,Western Michigan,1,"{'minutes': 0, 'seconds': 0}",2.0,3.0,53,47,0,10,2,False,End Period,End of 1st Quarter,,2025-10-04T19:11:00.000Z
401762832,4017628325,401762832101978801,5,1,Massachusetts,Mid-American,3,Western Michigan,Mid-American,0,Massachusetts,Western Michigan,1,"{'minutes': 2, 'seconds': 11}",2.0,3.0,15,85,1,10,27,False,Rush,Juwaun Price run for 27 yds to the MASS 42 for a 1ST down,2.059258337835894,2025-10-04T19:08:42.000Z
401762832,4017628325,401762832101985801,5,2,Massachusetts,Mid-American,3,Western Michigan,Mid-American,0,Massachusetts,Western Michigan,1,"{'minutes': 1, 'seconds': 41}",2.0,3.0,42,58,1,10,2,False,Rush,Juwaun Price run for 2 yds to the MASS 44,-0.686234543960909,2025-10-04T18:36:56.000Z
401762832,4017628325,401762832101994001,5,3,Massachusetts,Mid-American,3,Western Michigan,Mid-American,0,Massachusetts,Western Michigan,1,"{'minutes': 0, 'seconds': 59}",2.0,3.0,44,56,2,8,5,False,Pass Reception,Brandon Rose pass complete to Jacquon Gibson for 5 yds to the MASS 49,0.0878707813590243,2025-10-04T19:10:08.000Z
401762832,4017628325,401762832101996701,5,4,Massachusetts,Mid-American,3,Western Michigan,Mid-American,0,Massachusetts,Western Michigan,1,"{'minutes': 0, 'seconds': 32}",2.0,3.0,49,51,3,3,4,False,Rush,Juwaun Price run for 4 yds to the WMU 47 for a 1ST down,1.5468647333747703,2025-10-04T19:10:23.000Z
401762832,4017628325,401762832101999901,5,5,Massachusetts,Mid-American,3,Western Michigan,Mid-American,0,Massachusetts,Western Michigan,1,"{'minutes': 0, 'seconds': 0}",2.0,3.0,53,47,1,10,2,False,Rush,Brandon Rose run for 2 yds to the WMU 45,-0.583582209593514,2025-10-04T19:16:07.000Z
401762832,4017628325,401762832102854901,5,7,Massachusetts,Mid-American,3,Western Michigan,Mid-American,0,Massachusetts,Western Michigan,2,"{'minutes': 14, 'seconds': 50}",2.0,3.0,55,45,2,8,4,False,Rush,Elijah Faulkner run for 4 yds to the WMU 41,-0.1541276295498194,2025-10-04T19:16:07.000Z
401762832,4017628325,401762832102857101,5,8,Massachusetts,Mid-American,3,Western Michigan,Mid-American,0,Massachusetts,Western Michigan,2,"{'minutes': 14, 'seconds': 28}",2.0,3.0,59,41,3,4,14,False,Rush,Juwaun Price run for 14 yds to the WMU 27 for a 1ST down,1.6096312390182774,2025-10-04T19:16:07.000Z
401762832,4017628325,401762832102864701,5,9,Massachusetts,Mid-American,3,Western Michigan,Mid-American,0,Massachusetts,Western Michigan,2,"{'minutes': 13, 'seconds': 52}",2.0,3.0,73,27,1,10,3,False,Rush,Juwaun Price run for 3 yds to the WMU 24,-0.152495975717313,2025-10-04T19:16:07.000Z
401762832,4017628325,401762832102867701,5,10,Massachusetts,Mid-American,3,Western Michigan,Mid-American,0,Massachusetts,Western Michigan,2,"{'minutes': 13, 'seconds': 22}",2.0,3.0,76,24,2,7,0,False,Pass Incompletion,Brandon Rose pass incomplete to Max Dowling,-0.5478469606301284,2025-10-04T19:16:40.000Z
401762832,4017628325,401762832102868301,5,11,Massachusetts,Mid-American,3,Western Michigan,Mid-American,0,Massachusetts,Western Michigan,2,"{'minutes': 13, 'seconds': 16}",2.0,3.0,76,24,3,7,-10,False,Penalty,"Massachusetts Penalty, (-10 Yards) to the WMU 31",,2025-10-04T19:18:31.000Z
401762832,4017628325,401762832102879401,5,12,Massachusetts,Mid-American,3,Western Michigan,Mid-American,0,Massachusetts,Western Michigan,2,"{'minutes': 12, 'seconds': 5}",2.0,3.0,69,31,3,14,3,False,Pass Reception,Brandon Rose pass complete to Jacquon Gibson for 3 yds to the WMU 28,-0.3767282233198159,2025-10-04T19:16:07.000Z
401762832,4017628325,401762832102879801,5,13,Massachusetts,Mid-American,3,Western Michigan,Mid-American,0,Massachusetts,Western Michigan,2,"{'minutes': 12, 'seconds': 1}",2.0,3.0,72,28,4,11,46,False,Field Goal Missed,Derek Morris 46 yd FG MISSED,,2025-10-04T19:16:07.000Z
401762832,4017628326,401762832102884901,6,1,Western Michigan,Mid-American,0,Massachusetts,Mid-American,3,Massachusetts,Western Michigan,2,"{'minutes': 11, 'seconds': 50}",3.0,2.0,72,72,1,10,3,False,Rush,Devin Miles run for 3 yds to the WMU 31,-0.3326246826501596,2025-10-04T19:16:07.000Z
401762832,4017628326,401762832102886901,6,2,Western Michigan,Mid-American,0,Massachusetts,Mid-American,3,Massachusetts,Western Michigan,2,"{'minutes': 11, 'seconds': 30}",3.0,2.0,69,69,2,7,12,False,Penalty,"(11:32) No Huddle-Shotgun Lowry,Broc pass incomplete short left to Dieudonne,Malique thrown to WMU45 broken up by Greene,Malcolm, 1ST DOWN, PENALTY UMass Pass Interference (Greene,Malcolm) 12 yards from WMU31 to WMU43, 1ST DOWN. NO PLAY.",,2025-10-04T19:20:35.000Z
401762832,4017628326,401762832102897301,6,3,Western Michigan,Mid-American,0,Massachusetts,Mid-American,3,Massachusetts,Western Michigan,2,"{'minutes': 10, 'seconds': 26}",3.0,2.0,57,57,1,10,6,False,Rush,Devin Miles run for 6 yds to the WMU 49,0.391648506498802,2025-10-04T19:22:05.000Z
401762832,4017628326,401762832102904301,6,4,Western Michigan,Mid-American,0,Massachusetts,Mid-American,3,Massachusetts,Western Michigan,2,"{'minutes': 9, 'seconds': 56}",3.0,2.0,51,51,2,4,7,False,Rush,Devin Miles run for 7 yds to the MASS 44 for a 1ST down,0.6607858335025032,2025-10-04T19:22:25.000Z
401762832,4017628326,401762832102906501,6,5,Western Michigan,Mid-American,0,Massachusetts,Mid-American,3,Massachusetts,Western Michigan,2,"{'minutes': 9, 'seconds': 34}",3.0,2.0,44,44,1,10,36,False,Pass Reception,Broc Lowry pass complete to Aveion Chenault for 36 yds to the MASS 8 for a 1ST down,1.0932827888103294,2025-10-04T19:22:52.000Z
401762832,4017628326,401762832102907601,6,6,Western Michigan,Mid-American,7,Massachusetts,Mid-American,3,Massachusetts,Western Michigan,2,"{'minutes': 9, 'seconds': 23}",3.0,2.0,8,8,1,8,8,True,Passing Touchdown,Broc Lowry pass complete to Michael Brescia for 8 yds for a TD (Palmer Domschke KICK),2.319599568699692,2025-10-04T19:16:07.000Z
401762832,4017628327,401762832102908301,7,1,Western Michigan,Mid-American,7,Massachusetts,Mid-American,3,Massachusetts,Western Michigan,2,"{'minutes': 9, 'seconds': 16}",3.0,2.0,65,65,1,10,21,False,Kickoff Return (Offense),"Hunter Smith kickoff for 63 yds , Jacquon Gibson return for 21 yds to the MASS 23",,2025-10-04T19:26:52.000Z
401762832,4017628327,401762832102909401,7,2,Massachusetts,Mid-American,3,Western Michigan,Mid-American,7,Massachusetts,Western Michigan,2,"{'minutes': 9, 'seconds': 5}",2.0,3.0,23,77,1,10,-1,False,Rush,Elijah Faulkner run for a loss of 1 yard to the MASS 22,-0.7311835987198103,2025-10-04T19:28:05.000Z
401762832,4017628327,401762832102917401,7,3,Massachusetts,Mid-American,3,Western Michigan,Mid-American,7,Massachusetts,Western Michigan,2,"{'minutes': 8, 'seconds': 25}",2.0,3.0,22,78,2,11,8,False,Pass Reception,Brandon Rose pass complete to Jacquon Gibson for 8 yds to the MASS 30,0.37625700492621483,2025-10-04T19:28:21.000Z
401762832,4017628327,401762832102924701,7,4,Massachusetts,Mid-American,3,Western Michigan,Mid-American,7,Massachusetts,Western Michigan,2,"{'minutes': 7, 'seconds': 52}",2.0,3.0,30,70,3,3,6,False,Rush,Brandon Hood run for 6 yds to the MASS 36 for a 1ST down,1.4180910802076614,2025-10-04T19:28:51.000Z
401762832,4017628327,401762832102927601,7,5,Massachusetts,Mid-American,3,Western Michigan,Mid-American,7,Massachusetts,Western Michigan,2,"{'minutes': 7, 'seconds': 23}",2.0,3.0,36,64,1,10,8,False,Rush,Brandon Hood run for 8 yds to the MASS 44,1.0378360233616295,2025-10-04T19:16:07.000Z
401762832,4017628327,401762832102929901,7,6,Massachusetts,Mid-American,3,Western Michigan,Mid-American,7,Massachusetts,Western Michigan,2,"{'minutes': 7, 'seconds': 0}",2.0,3.0,44,56,2,2,0,False,Rush,Brandon Hood run for no gain to the MASS 44,-1.357540388593467,2025-10-04T19:30:05.000Z
401762832,4017628327,401762832102937801,7,7,Massachusetts,Mid-American,3,Western Michigan,Mid-American,7,Massachusetts,Western Michigan,2,"{'minutes': 6, 'seconds': 21}",2.0,3.0,44,56,3,2,0,False,Pass Incompletion,Brandon Rose pass incomplete to Jacquon Gibson,-0.9437392693498694,2025-10-04T19:30:36.000Z
401762832,4017628327,401762832102938501,7,8,Massachusetts,Mid-American,3,Western Michigan,Mid-American,7,Massachusetts,Western Michigan,2,"{'minutes': 6, 'seconds': 14}",2.0,3.0,44,56,4,2,0,False,Punt,"Keegan Andrews punt for 47 yds, fair catch by Joshua Franklin at the WMU 9",,2025-10-04T19:32:07.000Z
401762832,4017628328,401762832102979901,8,10,Western Michigan,Mid-American,7,Massachusetts,Mid-American,3,Massachusetts,Western Michigan,2,"{'minutes': 2, 'seconds': 0}",3.0,1.0,31,31,2,9,0,False,Timeout,"Timeout Massachusetts, clock 02:00",,2025-10-04T19:16:07.000Z
401762832,4017628328,401762832102985202,8,14,Western Michigan,Mid-American,7,Massachusetts,Mid-American,3,Massachusetts,Western Michigan,2,"{'minutes': 1, 'seconds': 47}",3.0,-1.0,30,30,4,8,0,False,Timeout,"Timeout Massachusetts, clock 01:47",,2025-10-04T19:46:09.000Z
401762832,4017628328,401762832102984701,8,11,Western Michigan,Mid-American,7,Massachusetts,Mid-American,3,Massachusetts,Western Michigan,2,"{'minutes': 1, 'seconds': 52}",3.0,0.0,35,35,3,13,0,False,Timeout,"Timeout Massachusetts, clock 01:52",,2025-10-04T19:16:07.000Z
401762832,4017628328,401762832102939301,8,1,Western Michigan,Mid-American,7,Massachusetts,Mid-American,3,Massachusetts,Western Michigan,2,"{'minutes': 6, 'seconds': 6}",3.0,2.0,91,91,1,10,5,False,Rush,Broc Lowry run for 5 yds to the WMU 14,0.0685517437185741,2025-10-04T19:34:09.000Z
401762832,4017628328,401762832102946401,8,2,Western Michigan,Mid-American,7,Massachusetts,Mid-American,3,Massachusetts,Western Michigan,2,"{'minutes': 5, 'seconds': 35}",3.0,2.0,86,86,2,5,11,False,Rush,Broc Lowry run for 11 yds to the WMU 25 for a 1ST down,0.6758790925849825,2025-10-04T19:34:36.000Z
401762832,4017628328,401762832102954401,8,3,Western Michigan,Mid-American,7,Massachusetts,Mid-American,3,Massachusetts,Western Michigan,2,"{'minutes': 4, 'seconds': 55}",3.0,2.0,75,75,1,10,15,False,Pass Reception,Broc Lowry pass complete to Baylin Brooks for 15 yds to the WMU 40 for a 1ST down,1.320854515577646,2025-10-04T19:16:07.000Z
401762832,4017628328,401762832102957201,8,4,Western Michigan,Mid-American,7,Massachusetts,Mid-American,3,Massachusetts,Western Michigan,2,"{'minutes': 4, 'seconds': 27}",3.0,2.0,60,60,1,10,0,False,Pass Incompletion,Broc Lowry pass incomplete to Talique Williams,-1.1247712359915258,2025-10-04T19:36:07.000Z
401762832,4017628328,401762832102958001,8,5,Western Michigan,Mid-American,7,Massachusetts,Mid-American,3,Massachusetts,Western Michigan,2,"{'minutes': 4, 'seconds': 19}",3.0,2.0,60,60,2,10,4,False,Rush,Jalen Buckley run for 4 yds to the WMU 44,-0.1363689183451013,2025-10-04T19:36:29.000Z
401762832,4017628328,401762832102966501,8,6,Western Michigan,Mid-American,7,Massachusetts,Mid-American,3,Massachusetts,Western Michigan,2,"{'minutes': 3, 'seconds': 34}",3.0,2.0,56,56,3,6,7,False,Pass Reception,Broc Lowry pass complete to Blake Bosma for 7 yds to the MASS 49 for a 1ST down,2.2557102068430543,2025-10-04T19:16:07.000Z
401762832,4017628328,401762832102969601,8,7,Western Michigan,Mid-American,7,Massachusetts,Mid-American,3,Massachusetts,Western Michigan,2,"{'minutes': 3, 'seconds': 3}",3.0,2.0,49,49,1,10,0,False,Pass Incompletion,Broc Lowry pass incomplete to Jalen Buckley,-1.0955888671820908,2025-10-04T19:38:09.000Z
401762832,4017628328,401762832102974501,8,8,Western Michigan,Mid-American,7,Massachusetts,Mid-American,3,Massachusetts,Western Michigan,2,"{'minutes': 2, 'seconds': 54}",3.0,2.0,49,49,2,10,17,False,Rush,Broc Lowry run for 17 yds to the MASS 32 for a 1ST down,1.9863999932303766,2025-10-04T19:38:28.000Z
401762832,4017628328,401762832102978301,8,9,Western Michigan,Mid-American,7,Massachusetts,Mid-American,3,Massachusetts,Western Michigan,2,"{'minutes': 2, 'seconds': 16}",3.0,2.0,32,32,1,10,1,False,Rush,Devin Miles run for 1 yd to the MASS 31,-0.4625042143062129,2025-10-04T19:39:02.000Z
401762832,4017628328,401762832102984801,8,12,Western Michigan,Mid-American,7,Massachusetts,Mid-American,3,Massachusetts,Western Michigan,2,"{'minutes': 1, 'seconds': 51}",3.0,0.0,31,31,2,9,-4,False,Rush,Devin Miles run for a loss of 4 yards to the MASS 35,-1.604086015122796,2025-10-04T19:42:26.000Z
401762832,4017628328,401762832102985201,8,13,Western Michigan,Mid-American,7,Massachusetts,Mid-American,3,Massachusetts,Western Michigan,2,"{'minutes': 1, 'seconds': 47}",3.0,0.0,35,35,3,13,5,False,Rush,Broc Lowry run for 5 yds to the MASS 30,0.0515751786325449,2025-10-04T19:46:09.000Z
401762832,4017628328,401762832102985701,8,15,Western Michigan,Mid-American,7,Massachusetts,Mid-American,3,Massachusetts,Western Michigan,2,"{'minutes': 1, 'seconds': 42}",3.0,-1.0,30,30,4,8,48,False,Field Goal Missed,Palmer Domschke 48 yd FG MISSED,,2025-10-04T19:46:42.000Z
401762832,4017628329,401762832102989801,9,3,Massachusetts,Mid-American,3,Western Michigan,Mid-American,7,Massachusetts,Western Michigan,2,"{'minutes': 1, 'seconds': 1}",-2.0,3.0,35,65,3,5,0,False,Timeout,"Timeout Massachusetts, clock 01:01",,2025-10-04T19:16:07.000Z
401762832,4017628329,401762832102986401,9,1,Massachusetts,Mid-American,3,Western Michigan,Mid-American,7,Massachusetts,Western Michigan,2,"{'minutes': 1, 'seconds': 35}",-1.0,3.0,30,70,1,10,-10,False,Sack,Brandon Rose sacked by Rodney McGraw for a loss of 10 yards to the MASS 20,-1.5599822965110652,2025-10-04T19:48:09.000Z
401762832,4017628329,401762832102989401,9,2,Massachusetts,Mid-American,3,Western Michigan,Mid-American,7,Massachusetts,Western Michigan,2,"{'minutes': 1, 'seconds': 5}",-1.0,3.0,20,80,2,20,15,False,Pass Reception,Brandon Rose pass complete to Jacquon Gibson for 15 yds to the MASS 35,0.748199858342451,2025-10-04T19:48:24.000Z
401762832,4017628329,401762832102994101,9,4,Massachusetts,Mid-American,3,Western Michigan,Mid-American,7,Massachusetts,Western Michigan,2,"{'minutes': 0, 'seconds': 58}",-2.0,3.0,35,65,3,5,0,False,Pass Incompletion,Brandon Rose pass incomplete to Donnie Gray,-0.4881067539127617,2025-10-04T19:50:10.000Z
401762832,4017628329,401762832102995503,9,5,Massachusetts,Mid-American,3,Western Michigan,Mid-American,7,Massachusetts,Western Michigan,2,"{'minutes': 0, 'seconds': 44}",-2.0,3.0,35,65,4,5,27,False,Punt,"Keegan Andrews punt for 47 yds , Joshua Franklin returns for 27 yds to the WMU 9",,2025-10-04T19:50:39.000Z
401762832,40176283210,401762832102999902,10,3,Western Michigan,Mid-American,7,Massachusetts,Mid-American,3,Massachusetts,Western Michigan,2,"{'minutes': 0, 'seconds': 0}",3.0,-2.0,82,82,0,1,1,False,End of Half,End of 2nd Quarter,,2025-10-04T19:16:07.000Z
401762832,40176283210,401762832102996501,10,1,Western Michigan,Mid-American,7,Massachusetts,Mid-American,3,Massachusetts,Western Michigan,2,"{'minutes': 0, 'seconds': 34}",3.0,-2.0,91,91,1,10,9,False,Rush,Ofa Mataele run for 9 yds to the WMU 18,0.8036479116643145,2025-10-04T19:52:22.000Z
401762832,40176283210,401762832102999901,10,2,Western Michigan,Mid-American,7,Massachusetts,Mid-American,3,Massachusetts,Western Michigan,2,"{'minutes': 0, 'seconds': 0}",3.0,-2.0,82,82,2,1,1,False,Rush,Ofa Mataele run for 1 yd to the WMU 19 for a 1ST down,-0.420081476642233,2025-10-04T19:16:07.000Z
401762832,40176283211,401762832103854501,11,1,Massachusetts,Mid-American,3,Western Michigan,Mid-American,7,Massachusetts,Western Michigan,3,"{'minutes': 14, 'seconds': 54}",3.0,3.0,35,65,1,10,14,False,Kickoff Return (Offense),"Marcus Lye kickoff for 61 yds , Keivin Boone-Nelson II return for 14 yds to the WMU 18",,2025-10-04T20:16:10.000Z
401762832,40176283211,401762832103855801,11,2,Western Michigan,Mid-American,7,Massachusetts,Mid-American,3,Massachusetts,Western Michigan,3,"{'minutes': 14, 'seconds': 41}",3.0,3.0,82,82,1,10,9,False,Rush,Broc Lowry run for 9 yds to the WMU 27,1.0529514774102369,2025-10-04T20:16:10.000Z
401762832,40176283211,401762832103858801,11,3,Western Michigan,Mid-American,7,Massachusetts,Mid-American,3,Massachusetts,Western Michigan,3,"{'minutes': 14, 'seconds': 11}",3.0,3.0,73,73,2,1,5,False,Rush,Jalen Buckley run for 5 yds to the WMU 32 for a 1ST down,-0.0839639437592457,2025-10-04T20:16:31.000Z
401762832,40176283211,401762832103866701,11,4,Western Michigan,Mid-American,7,Massachusetts,Mid-American,3,Massachusetts,Western Michigan,3,"{'minutes': 13, 'seconds': 32}",3.0,3.0,68,68,1,10,4,False,Rush,Broc Lowry run for 4 yds to the WMU 36,-0.1488498506411844,2025-10-04T20:17:07.000Z
401762832,40176283211,401762832103874701,11,5,Western Michigan,Mid-American,7,Massachusetts,Mid-American,3,Massachusetts,Western Michigan,3,"{'minutes': 12, 'seconds': 52}",3.0,3.0,64,64,2,6,7,False,Rush,Jalen Buckley run for 7 yds to the WMU 43 for a 1ST down,1.2028438687717173,2025-10-04T20:18:06.000Z
401762832,40176283211,401762832103878601,11,6,Western Michigan,Mid-American,7,Massachusetts,Mid-American,3,Massachusetts,Western Michigan,3,"{'minutes': 12, 'seconds': 13}",3.0,3.0,57,57,1,10,3,False,Pass Reception,Broc Lowry pass complete to Talique Williams for 3 yds to the WMU 46,-0.4309799951978805,2025-10-04T20:18:27.000Z
401762832,40176283211,401762832103886701,11,7,Western Michigan,Mid-American,7,Massachusetts,Mid-American,3,Massachusetts,Western Michigan,3,"{'minutes': 11, 'seconds': 32}",3.0,3.0,54,54,2,7,0,False,Pass Reception,Broc Lowry pass complete to Cade Conley for no gain to the WMU 46,-1.0786402011262728,2025-10-04T20:18:56.000Z
401762832,40176283211,401762832103894601,11,8,Western Michigan,Mid-American,7,Massachusetts,Mid-American,3,Massachusetts,Western Michigan,3,"{'minutes': 10, 'seconds': 53}",3.0,3.0,54,54,3,7,3,False,Pass Reception,Broc Lowry pass complete to Ofa Mataele for 3 yds to the WMU 49,-0.3048115538117146,2025-10-04T20:16:10.000Z
401762832,40176283211,401762832103897601,11,9,Western Michigan,Mid-American,7,Massachusetts,Mid-American,3,Massachusetts,Western Michigan,3,"{'minutes': 10, 'seconds': 23}",3.0,3.0,51,51,4,4,0,False,Punt,Ryan Millmore punt for 51 yds for a touchback,,2025-10-04T20:20:06.000Z
401762832,40176283212,401762832103898401,12,1,Massachusetts,Mid-American,3,Western Michigan,Mid-American,7,Massachusetts,Western Michigan,3,"{'minutes': 10, 'seconds': 15}",3.0,3.0,20,80,1,10,-2,False,Rush,Elijah Faulkner run for a loss of 2 yards to the MASS 18,-0.6979456564143147,2025-10-04T20:23:04.000Z
401762832,40176283212,401762832103906701,12,2,Massachusetts,Mid-American,3,Western Michigan,Mid-American,7,Massachusetts,Western Michigan,3,"{'minutes': 9, 'seconds': 32}",3.0,3.0,18,82,2,12,-1,False,Pass Reception,Brandon Rose pass complete to Kenyon Massey for a loss of 1 yard to the MASS 17,-0.2073352652488394,2025-10-04T20:16:10.000Z
401762832,40176283212,401762832103909901,12,3,Massachusetts,Mid-American,3,Western Michigan,Mid-American,7,Massachusetts,Western Michigan,3,"{'minutes': 9, 'seconds': 0}",3.0,3.0,17,83,3,13,0,False,Pass Incompletion,Brandon Rose pass incomplete to Max Dowling,-0.06745460709577154,2025-10-04T20:24:06.000Z
401762832,40176283212,401762832103914701,12,4,Massachusetts,Mid-American,3,Western Michigan,Mid-American,7,Massachusetts,Western Michigan,3,"{'minutes': 8, 'seconds': 52}",3.0,3.0,17,83,4,13,0,False,Punt,"Keegan Andrews punt for 48 yds, fair catch by Joshua Franklin at the WMU 35",,2025-10-04T20:25:02.000Z
401762832,40176283213,401762832103915901,13,1,Western Michigan,Mid-American,7,Massachusetts,Mid-American,3,Massachusetts,Western Michigan,3,"{'minutes': 8, 'seconds': 40}",3.0,3.0,65,65,1,10,3,False,Pass Reception,Broc Lowry pass complete to Talique Williams for 3 yds to the WMU 38,-0.4062307312880424,2025-10-04T20:26:07.000Z
401762832,40176283213,401762832103919201,13,2,Western Michigan,Mid-American,7,Massachusetts,Mid-American,3,Massachusetts,Western Michigan,3,"{'minutes': 8, 'seconds': 7}",3.0,3.0,62,62,2,7,1,False,Rush,Jalen Buckley run for 1 yd to the WMU 39,-0.7187453143439937,2025-10-04T20:16:10.000Z
401762832,40176283213,401762832103924603,13,3,Western Michigan,Mid-American,7,Massachusetts,Mid-American,3,Massachusetts,Western Michigan,3,"{'minutes': 7, 'seconds': 53}",3.0,3.0,61,61,3,6,0,False,Pass Incompletion,Broc Lowry pass incomplete to Malique Dieudonne,-0.5500549337832448,2025-10-04T20:26:42.000Z
401762832,40176283213,401762832103925601,13,4,Western Michigan,Mid-American,7,Massachusetts,Mid-American,3,Massachusetts,Western Michigan,3,"{'minutes': 7, 'seconds': 43}",3.0,3.0,61,61,4,6,0,False,Punt,"Ryan Millmore punt for 50 yds , Samuel Baddoo returns for no gain to the MASS 10",,2025-10-04T20:30:08.000Z
401762832,40176283213,401762832103925602,13,5,Western Michigan,Mid-American,7,Massachusetts,Mid-American,3,Massachusetts,Western Michigan,3,"{'minutes': 7, 'seconds': 43}",3.0,3.0,61,61,4,6,0,False,Punt,"Ryan Millmore punt for 50 yds , Samuel Baddoo returns for no gain to the MASS 10",,2025-10-04T20:30:42.000Z
401762832,40176283214,401762832103926801,14,1,Massachusetts,Mid-American,3,Western Michigan,Mid-American,7,Massachusetts,Western Michigan,3,"{'minutes': 7, 'seconds': 31}",3.0,3.0,10,90,1,10,2,False,Pass Reception,Brandon Rose pass complete to Max Dowling for 2 yds to the MASS 12,-0.22662764690566295,2025-10-04T20:32:39.000Z
401762832,40176283214,401762832103929401,14,2,Massachusetts,Mid-American,3,Western Michigan,Mid-American,7,Massachusetts,Western Michigan,3,"{'minutes': 7, 'seconds': 5}",3.0,3.0,12,88,2,8,0,False,Pass Incompletion,Brandon Rose pass incomplete to Donnie Gray,-0.22235586887350145,2025-10-04T20:16:10.000Z
401762832,40176283214,401762832103934302,14,3,Massachusetts,Mid-American,3,Western Michigan,Mid-American,7,Massachusetts,Western Michigan,3,"{'minutes': 6, 'seconds': 56}",3.0,3.0,12,88,3,8,-5,False,Penalty,"(06:57) No Huddle-Shotgun Rose,Brandon pass complete short middle to McConnachie,Jake caught at UMass25, for 23 yards to the UMass35 (Wofford,Aaron) PENALTY UMass Illegal Shift (Gray,Donnie) 5 yards from UMass12 to UMass07. NO PLAY.",,2025-10-04T20:34:08.000Z
401762832,40176283214,401762832103937001,14,4,Massachusetts,Mid-American,3,Western Michigan,Mid-American,7,Massachusetts,Western Michigan,3,"{'minutes': 6, 'seconds': 29}",3.0,3.0,7,93,3,13,1,False,Pass Reception,Brandon Rose pass complete to Max Dowling for 1 yd to the MASS 8,-0.03134820860912856,2025-10-04T20:35:00.000Z
401762832,40176283214,401762832103944901,14,5,Massachusetts,Mid-American,3,Western Michigan,Mid-American,7,Massachusetts,Western Michigan,3,"{'minutes': 5, 'seconds': 50}",3.0,3.0,8,92,4,12,0,False,Punt,"Keegan Andrews punt for 42 yds, punt out-of-bounds at the 50 yard line",,2025-10-04T20:36:10.000Z
401762832,40176283215,401762832103946601,15,1,Western Michigan,Mid-American,7,Massachusetts,Mid-American,3,Massachusetts,Western Michigan,3,"{'minutes': 5, 'seconds': 33}",3.0,3.0,50,50,1,10,15,False,Pass Reception,Broc Lowry pass complete to Aveion Chenault for 15 yds to the MASS 35 for a 1ST down,0.868823148344417,2025-10-04T20:38:42.000Z
401762832,40176283215,401762832103947501,15,2,Western Michigan,Mid-American,7,Massachusetts,Mid-American,3,Massachusetts,Western Michigan,3,"{'minutes': 5, 'seconds': 24}",3.0,3.0,35,35,1,10,0,False,Pass Incompletion,Broc Lowry pass incomplete to Aveion Chenault,-0.6918622905019662,2025-10-04T20:39:02.000Z
401762832,40176283215,401762832103947801,15,3,Western Michigan,Mid-American,7,Massachusetts,Mid-American,3,Massachusetts,Western Michigan,3,"{'minutes': 5, 'seconds': 21}",3.0,3.0,35,35,2,10,0,False,Pass Incompletion,Broc Lowry pass incomplete to Malique Dieudonne,-0.9144980156718301,2025-10-04T20:40:09.000Z
401762832,40176283215,401762832103948701,15,4,Western Michigan,Mid-American,7,Massachusetts,Mid-American,3,Massachusetts,Western Michigan,3,"{'minutes': 5, 'seconds': 12}",3.0,3.0,35,35,3,10,6,False,Rush,Broc Lowry run for 6 yds to the MASS 29,0.2681967183412545,2025-10-04T20:40:22.000Z
401762832,40176283215,401762832103957001,15,5,Western Michigan,Mid-American,7,Massachusetts,Mid-American,3,Massachusetts,Western Michigan,3,"{'minutes': 4, 'seconds': 29}",3.0,3.0,29,29,4,4,6,False,Pass Reception,Broc Lowry pass complete to Talique Williams for 6 yds to the MASS 23 for a 1ST down,1.6467746935382692,2025-10-04T20:40:57.000Z
401762832,40176283215,401762832103964801,15,6,Western Michigan,Mid-American,7,Massachusetts,Mid-American,3,Massachusetts,Western Michigan,3,"{'minutes': 3, 'seconds': 51}",3.0,3.0,23,23,1,10,5,False,Rush,Broc Lowry run for 5 yds to the MASS 18,0.0748292871583285,2025-10-04T20:42:08.000Z
401762832,40176283215,401762832103967901,15,7,Western Michigan,Mid-American,7,Massachusetts,Mid-American,3,Massachusetts,Western Michigan,3,"{'minutes': 3, 'seconds': 20}",3.0,3.0,18,18,2,5,3,False,Rush,Devin Miles run for 3 yds to the MASS 15,-0.141207577844494,2025-10-04T20:42:26.000Z
401762832,40176283215,401762832103975201,15,8,Western Michigan,Mid-American,7,Massachusetts,Mid-American,3,Massachusetts,Western Michigan,3,"{'minutes': 2, 'seconds': 47}",3.0,3.0,15,15,3,2,5,False,Rush,Broc Lowry run for 5 yds to the MASS 10 for a 1ST down,0.216529126507952,2025-10-04T20:42:57.000Z
401762832,40176283215,401762832103984601,15,9,Western Michigan,Mid-American,7,Massachusetts,Mid-American,3,Massachusetts,Western Michigan,3,"{'minutes': 1, 'seconds': 53}",3.0,3.0,10,10,1,10,6,False,Pass Reception,Broc Lowry pass complete to Jalen Buckley for 6 yds to the MASS 4,0.1799366018014815,2025-10-04T20:16:10.000Z
401762832,40176283215,401762832103987301,15,10,Western Michigan,Mid-American,14,Massachusetts,Mid-American,3,Massachusetts,Western Michigan,3,"{'minutes': 1, 'seconds': 26}",3.0,3.0,4,4,2,4,4,True,Rushing Touchdown,Broc Lowry run for 4 yds for a TD (Palmer Domschke KICK),2.3338902404479605,2025-10-04T20:44:09.000Z
401762832,40176283216,401762832103987303,16,1,Western Michigan,Mid-American,14,Massachusetts,Mid-American,3,Massachusetts,Western Michigan,3,"{'minutes': 1, 'seconds': 26}",3.0,3.0,65,65,1,10,0,False,Kickoff,Hunter Smith kickoff for 65 yds for a touchback,,2025-10-04T20:44:54.000Z
401762832,40176283216,401762832103987305,16,2,Massachusetts,Mid-American,3,Western Michigan,Mid-American,14,Massachusetts,Western Michigan,3,"{'minutes': 1, 'seconds': 26}",3.0,3.0,25,75,1,10,5,False,Penalty,"PENALTY WMU Offside (Tucker,Nadame) 5 yards from UMass25 to UMass30. NO PLAY.",,2025-10-04T20:44:54.000Z
401762832,40176283216,401762832103988701,16,3,Massachusetts,Mid-American,3,Western Michigan,Mid-American,14,Massachusetts,Western Michigan,3,"{'minutes': 1, 'seconds': 12}",3.0,3.0,30,70,1,5,15,False,Pass Reception,AJ Hairston pass complete to Kenyon Massey for 15 yds to the MASS 45 for a 1ST down,0.3838216112300152,2025-10-04T20:48:06.000Z
401762832,40176283216,401762832103995901,16,4,Massachusetts,Mid-American,3,Western Michigan,Mid-American,14,Massachusetts,Western Michigan,3,"{'minutes': 0, 'seconds': 40}",3.0,3.0,45,55,1,10,0,False,Pass Incompletion,AJ Hairston pass incomplete to Donnie Gray,-1.1618692012952412,2025-10-04T20:48:27.000Z
401762832,40176283216,401762832103996401,16,5,Massachusetts,Mid-American,3,Western Michigan,Mid-American,14,Massachusetts,Western Michigan,3,"{'minutes': 0, 'seconds': 35}",3.0,3.0,45,55,2,10,0,False,Pass Incompletion,AJ Hairston pass incomplete to Donnie Gray,-0.9098186366856273,2025-10-04T20:48:59.000Z
401762832,40176283216,401762832103997201,16,6,Massachusetts,Mid-American,3,Western Michigan,Mid-American,14,Massachusetts,Western Michigan,3,"{'minutes': 0, 'seconds': 27}",3.0,3.0,45,55,3,10,1,False,Rush,"AJ Hairston run for 1 yd to the MASS 46 Massachusetts Penalty, (Yards) declined",-0.4607416262699085,2025-10-04T20:50:59.000Z
401762832,40176283216,401762832103999001,16,7,Massachusetts,Mid-American,3,Western Michigan,Mid-American,14,Massachusetts,Western Michigan,3,"{'minutes': 0, 'seconds': 9}",3.0,3.0,46,54,4,9,36,False,Punt,Keegan Andrews punt for 44 yds,,2025-10-04T20:52:07.000Z
401762832,40176283217,401762832103999902,17,2,Massachusetts,Mid-American,3,Western Michigan,Mid-American,14,Massachusetts,Western Michigan,3,"{'minutes': 0, 'seconds': 0}",3.0,3.0,82,18,0,10,-10,False,End Period,End of 3rd Quarter,,2025-10-04T20:52:22.000Z
401762832,40176283217,401762832103999901,17,1,Massachusetts,Mid-American,3,Western Michigan,Mid-American,14,Massachusetts,Western Michigan,3,"{'minutes': 0, 'seconds': 0}",3.0,3.0,82,18,1,10,-10,False,Sack,AJ Hairston sacked by Nadame Tucker for a loss of 10 yards to the WMU 28,-1.523108781400253,2025-10-04T20:52:22.000Z
401762832,40176283217,401762832104854501,17,3,Massachusetts,Mid-American,3,Western Michigan,Mid-American,14,Massachusetts,Western Michigan,4,"{'minutes': 14, 'seconds': 54}",3.0,3.0,72,28,2,20,0,False,Pass Incompletion,AJ Hairston pass incomplete to Donnie Gray,-0.9518878653037924,2025-10-04T20:56:11.000Z
401762832,40176283217,401762832104856101,17,4,Massachusetts,Mid-American,3,Western Michigan,Mid-American,14,Massachusetts,Western Michigan,4,"{'minutes': 14, 'seconds': 38}",3.0,3.0,72,28,3,20,15,False,Pass Reception,AJ Hairston pass complete to Brandon Hood for 15 yds to the WMU 13,1.7347103818950844,2025-10-04T20:56:11.000Z
401762832,40176283217,401762832104859701,17,5,Massachusetts,Mid-American,3,Western Michigan,Mid-American,14,Massachusetts,Western Michigan,4,"{'minutes': 14, 'seconds': 2}",3.0,3.0,87,13,4,5,0,False,Pass Incompletion,AJ Hairston pass incomplete to Jake McConnachie,-3.667921026120448,2025-10-04T20:58:06.000Z
401762832,40176283217,401762832104859702,17,6,Massachusetts,Mid-American,3,Western Michigan,Mid-American,14,Massachusetts,Western Michigan,4,"{'minutes': 14, 'seconds': 2}",3.0,3.0,87,13,4,5,0,False,Pass Incompletion,AJ Hairston pass incomplete to Jake McConnachie,-3.667921026120448,2025-10-04T20:58:06.000Z
401762832,40176283218,401762832104864501,18,1,Western Michigan,Mid-American,14,Massachusetts,Mid-American,3,Massachusetts,Western Michigan,4,"{'minutes': 13, 'seconds': 54}",3.0,3.0,87,87,1,10,4,False,Rush,Ofa Mataele run for 4 yds to the WMU 17,-0.05810963665836066,2025-10-04T20:58:52.000Z
401762832,40176283218,401762832104867901,18,2,Western Michigan,Mid-American,14,Massachusetts,Mid-American,3,Massachusetts,Western Michigan,4,"{'minutes': 13, 'seconds': 20}",3.0,3.0,83,83,2,6,8,False,Rush,Broc Lowry run for 8 yds to the WMU 25 for a 1ST down,0.6771501358046708,2025-10-04T20:56:11.000Z
401762832,40176283218,401762832104875601,18,3,Western Michigan,Mid-American,14,Massachusetts,Mid-American,3,Massachusetts,Western Michigan,4,"{'minutes': 12, 'seconds': 43}",3.0,3.0,75,75,1,10,-10,False,Penalty,"(12:48) No Huddle-Shotgun Mataele,Ofa rush middle for 4 yards gain to the WMU29 (Igwenagu,Zukudo) PENALTY WMU Holding (Whitenack,Hunter) 10 yards from WMU25 to WMU15. NO PLAY.",,2025-10-04T21:00:25.000Z
401762832,40176283218,401762832104877401,18,4,Western Michigan,Mid-American,14,Massachusetts,Mid-American,3,Massachusetts,Western Michigan,4,"{'minutes': 12, 'seconds': 25}",3.0,3.0,85,85,1,20,6,False,Pass Reception,Broc Lowry pass complete to Christian Leary for 6 yds to the WMU 21,0.06581815578466176,2025-10-04T21:00:57.000Z
401762832,40176283218,401762832104884801,18,5,Western Michigan,Mid-American,14,Massachusetts,Mid-American,3,Massachusetts,Western Michigan,4,"{'minutes': 11, 'seconds': 51}",3.0,3.0,79,79,2,14,10,False,Rush,Broc Lowry run for 10 yds to the WMU 31,0.48162846854278474,2025-10-04T20:56:11.000Z
401762832,40176283218,401762832104887201,18,6,Western Michigan,Mid-American,14,Massachusetts,Mid-American,3,Massachusetts,Western Michigan,4,"{'minutes': 11, 'seconds': 27}",3.0,3.0,69,69,3,4,12,False,Pass Reception,Broc Lowry pass complete to Christian Leary for 12 yds to the WMU 43 for a 1ST down,2.147170705765772,2025-10-04T21:02:04.000Z
401762832,40176283218,401762832104889601,18,7,Western Michigan,Mid-American,14,Massachusetts,Mid-American,3,Massachusetts,Western Michigan,4,"{'minutes': 11, 'seconds': 3}",3.0,3.0,57,57,1,10,1,False,Rush,Ofa Mataele run for 1 yd to the WMU 44,-0.9288647615840891,2025-10-04T21:02:22.000Z
401762832,40176283218,401762832104897601,18,8,Western Michigan,Mid-American,14,Massachusetts,Mid-American,3,Massachusetts,Western Michigan,4,"{'minutes': 10, 'seconds': 23}",3.0,3.0,56,56,2,9,8,False,Rush,Talique Williams run for 8 yds to the MASS 48,0.873797064515319,2025-10-04T20:56:11.000Z
401762832,40176283218,401762832104905101,18,9,Western Michigan,Mid-American,14,Massachusetts,Mid-American,3,Massachusetts,Western Michigan,4,"{'minutes': 9, 'seconds': 48}",3.0,3.0,48,48,3,1,2,False,Rush,Jalen Buckley run for 2 yds to the MASS 46 for a 1ST down,0.9770969864456323,2025-10-04T21:04:09.000Z
401762832,40176283218,401762832104909201,18,10,Western Michigan,Mid-American,14,Massachusetts,Mid-American,3,Massachusetts,Western Michigan,4,"{'minutes': 9, 'seconds': 7}",3.0,3.0,46,46,1,10,7,False,Rush,Jalen Buckley run for 7 yds to the MASS 39,0.529748291879379,2025-10-04T21:04:22.000Z
401762832,40176283218,401762832104916301,18,11,Western Michigan,Mid-American,14,Massachusetts,Mid-American,3,Massachusetts,Western Michigan,4,"{'minutes': 8, 'seconds': 36}",3.0,3.0,39,39,2,3,14,False,Rush,Jalen Buckley run for 14 yds to the MASS 25 for a 1ST down,0.3134547539890278,2025-10-04T21:04:57.000Z
401762832,40176283218,401762832104919501,18,12,Western Michigan,Mid-American,21,Massachusetts,Mid-American,3,Massachusetts,Western Michigan,4,"{'minutes': 8, 'seconds': 4}",3.0,3.0,25,25,1,10,25,True,Rushing Touchdown,Devin Miles run for 25 yds for a TD (Palmer Domschke KICK),2.7000843622660575,2025-10-04T21:06:21.000Z
401762834,4017628341,401762834101854501,1,1,Western Michigan,Mid-American,0,Ball State,Mid-American,0,Western Michigan,Ball State,1,"{'minutes': 14, 'seconds': 54}",3.0,3.0,35,65,1,10,0,False,Kickoff,"Hunter Smith kickoff for 36 yds , TJ Horton return for no gain to the BALL 35 Ball State Penalty, Offensive Holding (Yards) to the BALL 29",,2025-10-11T19:33:23.000Z
401762834,4017628341,401762834101868501,1,5,Ball State,Mid-American,0,Western Michigan,Mid-American,0,Western Michigan,Ball State,1,"{'minutes': 13, 'seconds': 14}",3.0,3.0,81,81,4,10,0,False,Punt,Adam Saul punt for 34 yds,,2025-10-11T19:36:09.000Z
401762834,4017628341,401762834101855701,1,2,Ball State,Mid-American,0,Western Michigan,Mid-American,0,Western Michigan,Ball State,1,"{'minutes': 14, 'seconds': 42}",3.0,3.0,81,81,1,10,1,False,Rush,Qian Magwood run for 1 yd to the BALL 20,-0.4473552582060227,2025-10-11T19:34:19.000Z
401762834,4017628341,401762834101857801,1,3,Ball State,Mid-American,0,Western Michigan,Mid-American,0,Western Michigan,Ball State,1,"{'minutes': 14, 'seconds': 21}",3.0,3.0,80,80,2,9,6,False,Pass Reception,Kiael Kelly pass complete to Qian Magwood for 6 yds to the BALL 26,0.1560172634913597,2025-10-11T19:34:47.000Z
401762834,4017628341,401762834101864401,1,4,Ball State,Mid-American,0,Western Michigan,Mid-American,0,Western Michigan,Ball State,1,"{'minutes': 13, 'seconds': 55}",3.0,3.0,74,74,3,3,-7,False,Sack,Kiael Kelly sacked for a loss of 7 yards to the BALL 19,-0.5970269412528895,2025-10-11T19:35:14.000Z
401762834,4017628342,401762834101869101,2,1,Western Michigan,Mid-American,0,Ball State,Mid-American,0,Western Michigan,Ball State,1,"{'minutes': 13, 'seconds': 8}",3.0,3.0,47,53,1,10,5,False,Rush,Broc Lowry run for 5 yds to the BALL 48,0.1057711896973057,2025-10-11T19:36:41.000Z
401762834,4017628342,401762834101876201,2,2,Western Michigan,Mid-American,0,Ball State,Mid-American,0,Western Michigan,Ball State,1,"{'minutes': 12, 'seconds': 37}",3.0,3.0,52,48,2,5,10,False,Pass Reception,Broc Lowry pass complete to Blake Bosma for 10 yds to the BALL 38 for a 1ST down,0.894935595290814,2025-10-11T19:37:13.000Z
401762834,4017628342,401762834101879301,2,3,Western Michigan,Mid-American,0,Ball State,Mid-American,0,Western Michigan,Ball State,1,"{'minutes': 12, 'seconds': 6}",3.0,3.0,62,38,1,10,7,False,Rush,Jalen Buckley run for 7 yds to the BALL 31,0.423978038879877,2025-10-11T19:37:49.000Z
401762834,4017628342,401762834101887801,2,4,Western Michigan,Mid-American,0,Ball State,Mid-American,0,Western Michigan,Ball State,1,"{'minutes': 11, 'seconds': 21}",3.0,3.0,69,31,2,3,-1,False,Pass Reception,Broc Lowry pass complete to Michael Brescia for a loss of 1 yard to the BALL 32,-0.953456639708509,2025-10-11T19:38:33.000Z
401762834,4017628342,401762834101894401,2,5,Western Michigan,Mid-American,0,Ball State,Mid-American,0,Western Michigan,Ball State,1,"{'minutes': 10, 'seconds': 55}",3.0,3.0,68,32,3,4,4,False,Rush,Broc Lowry run for 4 yds to the BALL 28 for a 1ST down,0.860056775275389,2025-10-11T19:39:06.000Z
401762834,4017628342,401762834101898401,2,6,Western Michigan,Mid-American,0,Ball State,Mid-American,0,Western Michigan,Ball State,1,"{'minutes': 10, 'seconds': 15}",3.0,3.0,72,28,1,10,0,False,Pass Incompletion,Broc Lowry pass incomplete to Blake Bosma,-0.512081873784803,2025-10-11T19:39:47.000Z
401762834,4017628342,401762834101899501,2,7,Western Michigan,Mid-American,0,Ball State,Mid-American,0,Western Michigan,Ball State,1,"{'minutes': 10, 'seconds': 4}",3.0,3.0,72,28,2,10,-2,False,Rush,Broc Lowry run for a loss of 2 yards to the BALL 30,-1.077162508034407,2025-10-11T19:40:21.000Z
401762834,4017628342,401762834101907601,2,8,Western Michigan,Mid-American,0,Ball State,Mid-American,0,Western Michigan,Ball State,1,"{'minutes': 9, 'seconds': 23}",3.0,3.0,70,30,3,12,9,False,Pass Reception,Broc Lowry pass complete to Jalen Buckley for 9 yds to the BALL 21,0.7561971071012223,2025-10-11T19:41:17.000Z
401762834,4017628342,401762834101914401,2,9,Western Michigan,Mid-American,0,Ball State,Mid-American,0,Western Michigan,Ball State,1,"{'minutes': 8, 'seconds': 55}",3.0,3.0,79,21,4,3,2,False,Rush,Broc Lowry run for 2 yds to the BALL 19,-3.4029382511435813,2025-10-11T19:41:43.000Z
401762834,4017628343,401762834101945701,3,6,Ball State,Mid-American,0,Western Michigan,Mid-American,0,Western Michigan,Ball State,1,"{'minutes': 5, 'seconds': 42}",3.0,3.0,70,70,4,10,22,False,Punt,Adam Saul punt for 28 yds,,2025-10-11T19:49:06.000Z
401762834,4017628343,401762834101915901,3,1,Ball State,Mid-American,0,Western Michigan,Mid-American,0,Western Michigan,Ball State,1,"{'minutes': 8, 'seconds': 40}",3.0,3.0,81,81,1,10,2,False,Pass Reception,Kiael Kelly pass complete to Eric Weatherly for 2 yds to the BALL 17,-0.345885638069002,2025-10-11T19:45:26.000Z
401762834,4017628343,401762834101919101,3,2,Ball State,Mid-American,0,Western Michigan,Mid-American,0,Western Michigan,Ball State,1,"{'minutes': 8, 'seconds': 8}",3.0,3.0,83,83,2,12,13,False,Pass Reception,Kiael Kelly pass complete to Qian Magwood for 13 yds to the BALL 30 for a 1ST down,1.4106758080895991,2025-10-11T19:45:59.000Z
401762834,4017628343,401762834101925201,3,3,Ball State,Mid-American,0,Western Michigan,Mid-American,0,Western Michigan,Ball State,1,"{'minutes': 7, 'seconds': 47}",3.0,3.0,70,70,1,10,-7,False,Rush,Qian Magwood run for a loss of 7 yards to the BALL 23,-1.4524598057774947,2025-10-11T19:46:26.000Z
401762834,4017628343,401762834101929501,3,4,Ball State,Mid-American,0,Western Michigan,Mid-American,0,Western Michigan,Ball State,1,"{'minutes': 7, 'seconds': 4}",3.0,3.0,77,77,2,17,4,False,Rush,Kiael Kelly run for 4 yds to the BALL 27,-0.02997290097515215,2025-10-11T19:47:01.000Z
401762834,4017628343,401762834101937701,3,5,Ball State,Mid-American,0,Western Michigan,Mid-American,0,Western Michigan,Ball State,1,"{'minutes': 6, 'seconds': 22}",3.0,3.0,73,73,3,13,3,False,Pass Reception,Kiael Kelly pass complete to Eric Weatherly for 3 yds to the BALL 30,-0.05998653790480458,2025-10-11T19:47:41.000Z
401762834,4017628344,401762834101954302,4,2,Ball State,Mid-American,0,Western Michigan,Mid-American,0,Western Michigan,Ball State,1,"{'minutes': 4, 'seconds': 56}",3.0,3.0,47,47,2,9,-5,False,Penalty,"(05:04) No Huddle-Shotgun Kelly,Kiael rush right for 5 yards gain to the WMU42 (Saipaia,Sefa; Davis,Micah) PENALTY BSU Illegal Formation 5 yards from WMU47 to BSU48. NO PLAY.",,2025-10-11T19:50:28.000Z
401762834,4017628344,401762834101959401,4,4,Ball State,Mid-American,0,Western Michigan,Mid-American,0,Western Michigan,Ball State,1,"{'minutes': 4, 'seconds': 5}",3.0,2.0,45,45,3,7,0,False,Timeout,"Timeout Western Michigan, clock 04:05",,2025-10-11T19:33:23.000Z
401762834,4017628344,401762834101946401,4,1,Ball State,Mid-American,0,Western Michigan,Mid-American,0,Western Michigan,Ball State,1,"{'minutes': 5, 'seconds': 35}",3.0,3.0,48,48,1,10,1,False,Rush,Kiael Kelly run for 1 yd to the WMU 47,-0.8372206360227173,2025-10-11T19:49:44.000Z
401762834,4017628344,401762834101956701,4,3,Ball State,Mid-American,0,Western Michigan,Mid-American,0,Western Michigan,Ball State,1,"{'minutes': 4, 'seconds': 32}",3.0,3.0,52,52,2,14,7,False,Pass Reception,Kiael Kelly pass complete to Qian Magwood for 7 yds to the WMU 45,0.4994378361961189,2025-10-11T19:51:40.000Z
401762834,4017628344,401762834101964701,4,5,Ball State,Mid-American,0,Western Michigan,Mid-American,0,Western Michigan,Ball State,1,"{'minutes': 3, 'seconds': 52}",3.0,2.0,45,45,3,7,4,False,Pass Reception,Kiael Kelly pass complete to Drew Cassens for 4 yds to the WMU 41,-0.1643246526307003,2025-10-11T19:55:18.000Z
401762834,4017628344,401762834101968101,4,6,Ball State,Mid-American,0,Western Michigan,Mid-American,0,Western Michigan,Ball State,1,"{'minutes': 3, 'seconds': 18}",3.0,2.0,41,41,4,3,-4,False,Rush,TJ Horton run for a loss of 4 yards to the WMU 45,-1.674103753155979,2025-10-11T19:56:01.000Z
401762834,4017628345,401762834101974501,5,1,Western Michigan,Mid-American,0,Ball State,Mid-American,0,Western Michigan,Ball State,1,"{'minutes': 2, 'seconds': 54}",2.0,3.0,45,55,1,10,52,False,Pass Reception,Broc Lowry pass complete to Malique Dieudonne for 52 yds to the BALL 3 for a 1ST down,2.812161504585028,2025-10-11T19:59:48.000Z
401762834,4017628345,401762834101977601,5,2,Western Michigan,Mid-American,0,Ball State,Mid-American,0,Western Michigan,Ball State,1,"{'minutes': 2, 'seconds': 23}",2.0,3.0,97,3,1,3,2,False,Rush,Broc Lowry run for 2 yds to the BALL 1,-0.435900504741669,2025-10-11T20:00:14.000Z
401762834,4017628345,401762834101984301,5,3,Western Michigan,Mid-American,7,Ball State,Mid-American,0,Western Michigan,Ball State,1,"{'minutes': 1, 'seconds': 56}",2.0,3.0,99,1,2,1,1,True,Rushing Touchdown,Ofa Mataele run for 1 yd for a TD (Palmer Domschke KICK),1.900352237473006,2025-10-11T20:00:44.000Z
401762834,4017628346,401762834101984303,6,1,Western Michigan,Mid-American,7,Ball State,Mid-American,0,Western Michigan,Ball State,1,"{'minutes': 1, 'seconds': 56}",2.0,3.0,35,65,1,10,0,False,Kickoff,Hunter Smith kickoff for 65 yds for a touchback,,2025-10-11T20:00:44.000Z
401762834,4017628346,401762834101997301,6,5,Ball State,Mid-American,0,Western Michigan,Mid-American,7,Western Michigan,Ball State,1,"{'minutes': 0, 'seconds': 26}",3.0,2.0,66,66,4,1,5,False,Penalty,"PENALTY WMU Offside (Al-Garawi,Mustafi) 5 yards from BSU34 to BSU39, 1ST DOWN. NO PLAY.",,2025-10-11T20:05:51.000Z
401762834,4017628346,401762834101985001,6,2,Ball State,Mid-American,0,Western Michigan,Mid-American,7,Western Michigan,Ball State,1,"{'minutes': 1, 'seconds': 49}",3.0,2.0,75,75,1,10,0,False,Pass Incompletion,Kiael Kelly pass incomplete to Elisha Durham,-0.7029700220436519,2025-10-11T20:03:37.000Z
401762834,4017628346,401762834101985901,6,3,Ball State,Mid-American,0,Western Michigan,Mid-American,7,Western Michigan,Ball State,1,"{'minutes': 1, 'seconds': 40}",3.0,2.0,75,75,2,10,9,False,Rush,Qua Ashley run for 9 yds to the BALL 34,0.6799361600947043,2025-10-11T20:04:15.000Z
401762834,4017628346,401762834101989701,6,4,Ball State,Mid-American,0,Western Michigan,Mid-American,7,Western Michigan,Ball State,1,"{'minutes': 1, 'seconds': 2}",3.0,2.0,66,66,3,1,0,False,Rush,Qua Ashley run for no gain to the BALL 34,-0.7006464561644021,2025-10-11T20:04:52.000Z
401762834,4017628346,401762834101998401,6,6,Ball State,Mid-American,0,Western Michigan,Mid-American,7,Western Michigan,Ball State,1,"{'minutes': 0, 'seconds': 15}",3.0,2.0,61,61,1,10,-12,False,Fumble Recovery (Opponent),"Jamarion McDougle run for a loss of 12 yards to the BALL 27 Jamarion McDougle fumbled, recovered by WMU Tate Hallock",-2.144983963535134,2025-10-11T20:06:50.000Z
401762834,4017628347,401762834101999002,7,1,Western Michigan,Mid-American,7,Ball State,Mid-American,0,Western Michigan,Ball State,1,"{'minutes': 0, 'seconds': 0}",2.0,3.0,73,27,0,10,0,False,End Period,End of 1st Quarter,,2025-10-11T19:33:23.000Z
401762834,4017628347,401762834101999901,7,2,Western Michigan,Mid-American,7,Ball State,Mid-American,0,Western Michigan,Ball State,1,"{'minutes': 0, 'seconds': 0}",2.0,3.0,73,27,1,10,5,False,Rush,Ofa Mataele run for 5 yds to the BALL 22,0.076110368943329,2025-10-11T20:07:35.000Z
401762834,4017628347,401762834102854801,7,3,Western Michigan,Mid-American,7,Ball State,Mid-American,0,Western Michigan,Ball State,2,"{'minutes': 14, 'seconds': 51}",2.0,3.0,78,22,2,5,5,False,Rush,Ofa Mataele run for 5 yds to the BALL 17 for a 1ST down,0.085267369663743,2025-10-11T20:09:00.000Z
401762834,4017628347,401762834102859001,7,4,Western Michigan,Mid-American,7,Ball State,Mid-American,0,Western Michigan,Ball State,2,"{'minutes': 14, 'seconds': 9}",2.0,3.0,83,17,1,10,12,False,Pass Reception,Broc Lowry pass complete to Cade Conley for 12 yds to the BALL 5 for a 1ST down,0.69612226222554,2025-10-11T20:12:19.000Z
401762834,4017628347,401762834102865201,7,5,Western Michigan,Mid-American,14,Ball State,Mid-American,0,Western Michigan,Ball State,2,"{'minutes': 13, 'seconds': 47}",2.0,3.0,95,5,1,5,5,True,Passing Touchdown,Broc Lowry pass complete to Michael Brescia for 5 yds for a TD (Palmer Domschke KICK),1.883780840558874,2025-10-11T20:12:42.000Z
401762834,4017628348,401762834102865601,8,1,Western Michigan,Mid-American,14,Ball State,Mid-American,0,Western Michigan,Ball State,2,"{'minutes': 13, 'seconds': 43}",2.0,3.0,35,65,1,10,9,False,Kickoff Return (Offense),"Hunter Smith kickoff for 57 yds , TJ Horton return for 9 yds to the BALL 17",,2025-10-11T20:16:32.000Z
401762834,4017628348,401762834102894401,8,7,Ball State,Mid-American,0,Western Michigan,Mid-American,14,Western Michigan,Ball State,2,"{'minutes': 10, 'seconds': 55}",3.0,2.0,65,65,4,3,0,False,Punt,"Adam Saul punt for 38 yds, fair catch by Keivin Boone-Nelson II at the WMU 27",,2025-10-11T20:20:38.000Z
401762834,4017628348,401762834102867001,8,2,Ball State,Mid-American,0,Western Michigan,Mid-American,14,Western Michigan,Ball State,2,"{'minutes': 13, 'seconds': 29}",3.0,2.0,83,83,1,10,1,False,Pass Reception,Kiael Kelly pass complete to Eric Weatherly for 1 yd to the BALL 18,-0.40702717159742274,2025-10-11T20:17:22.000Z
401762834,4017628348,401762834102875901,8,3,Ball State,Mid-American,0,Western Michigan,Mid-American,14,Western Michigan,Ball State,2,"{'minutes': 12, 'seconds': 40}",3.0,2.0,82,82,2,9,10,False,Pass Reception,Kiael Kelly pass complete to Koby Gross for 10 yds to the BALL 28 for a 1ST down,1.0865770418830278,2025-10-11T20:18:05.000Z
401762834,4017628348,401762834102877801,8,4,Ball State,Mid-American,0,Western Michigan,Mid-American,14,Western Michigan,Ball State,2,"{'minutes': 12, 'seconds': 21}",3.0,2.0,72,72,1,10,4,False,Rush,Kiael Kelly run for 4 yds to the BALL 32,-0.1300144731220457,2025-10-11T20:18:22.000Z
401762834,4017628348,401762834102886301,8,5,Ball State,Mid-American,0,Western Michigan,Mid-American,14,Western Michigan,Ball State,2,"{'minutes': 11, 'seconds': 36}",3.0,2.0,68,68,2,6,3,False,Pass Reception,Kiael Kelly pass complete to Qua Ashley for 3 yds to the BALL 35,-0.3116255892198384,2025-10-11T20:19:10.000Z
401762834,4017628348,401762834102889801,8,6,Ball State,Mid-American,0,Western Michigan,Mid-American,14,Western Michigan,Ball State,2,"{'minutes': 11, 'seconds': 1}",3.0,2.0,65,65,3,3,0,False,Pass Incompletion,Kiael Kelly pass incomplete,-0.5955568593275284,2025-10-11T20:19:50.000Z
401762834,4017628349,401762834102895002,9,1,Western Michigan,Mid-American,14,Ball State,Mid-American,0,Western Michigan,Ball State,2,"{'minutes': 10, 'seconds': 49}",2.0,3.0,27,73,1,10,15,False,Penalty,"Ball State Penalty, Personal Foul (Justin Thomas) to the WMU 43 for a 1ST down",,2025-10-11T20:24:37.000Z
401762834,4017628349,401762834102895010,9,2,Western Michigan,Mid-American,14,Ball State,Mid-American,0,Western Michigan,Ball State,2,"{'minutes': 10, 'seconds': 49}",2.0,3.0,27,73,1,10,1,False,Rush,Jalen Buckley run for 1 yd to the WMU 28,-0.638641687269482,2025-10-11T20:24:37.000Z
401762834,4017628349,401762834102915301,9,3,Western Michigan,Mid-American,14,Ball State,Mid-American,0,Western Michigan,Ball State,2,"{'minutes': 8, 'seconds': 46}",2.0,3.0,43,57,1,10,1,False,Pass Reception,Broc Lowry pass complete to Baylin Brooks for 1 yd to the WMU 44,-0.9288647615840891,2025-10-11T20:27:06.000Z
401762834,4017628349,401762834102915302,9,4,Western Michigan,Mid-American,14,Ball State,Mid-American,0,Western Michigan,Ball State,2,"{'minutes': 8, 'seconds': 46}",2.0,3.0,44,56,2,9,5,False,Rush,Broc Lowry run for 5 yds to the WMU 49,0.079051030005413,2025-10-11T20:27:06.000Z
401762834,4017628349,401762834102916401,9,5,Western Michigan,Mid-American,14,Ball State,Mid-American,0,Western Michigan,Ball State,2,"{'minutes': 8, 'seconds': 35}",2.0,3.0,49,51,3,4,24,False,Pass Reception,Broc Lowry pass complete to Talique Williams for 24 yds to the BALL 27 for a 1ST down,2.5738495876985166,2025-10-11T20:27:46.000Z
401762834,4017628349,401762834102918301,9,6,Western Michigan,Mid-American,14,Ball State,Mid-American,0,Western Michigan,Ball State,2,"{'minutes': 8, 'seconds': 16}",2.0,3.0,73,27,1,10,25,False,Rush,Aveion Chenault run for 25 yds to the BALL 2 for a 1ST down,1.528045543719388,2025-10-11T20:28:06.000Z
401762834,4017628349,401762834102918302,9,7,Western Michigan,Mid-American,21,Ball State,Mid-American,0,Western Michigan,Ball State,2,"{'minutes': 8, 'seconds': 16}",2.0,3.0,98,2,1,2,2,True,Rushing Touchdown,Jalen Buckley run for 2 yds for a TD (Palmer Domschke KICK),1.213235297672098,2025-10-11T20:28:06.000Z
401762834,40176283410,401762834102918304,10,1,Western Michigan,Mid-American,21,Ball State,Mid-American,0,Western Michigan,Ball State,2,"{'minutes': 8, 'seconds': 16}",2.0,3.0,35,65,1,10,0,False,Kickoff,Hunter Smith kickoff for 65 yds for a touchback,,2025-10-11T20:28:06.000Z
401762834,40176283410,401762834102955901,10,8,Ball State,Mid-American,0,Western Michigan,Mid-American,21,Western Michigan,Ball State,2,"{'minutes': 4, 'seconds': 40}",3.0,2.0,59,59,4,13,1,False,Punt,"Adam Saul punt for 44 yds , Keivin Boone-Nelson II returns for 1 yd to the WMU 16",,2025-10-11T20:36:32.000Z
401762834,40176283410,401762834102955902,10,9,Ball State,Mid-American,0,Western Michigan,Mid-American,21,Western Michigan,Ball State,2,"{'minutes': 4, 'seconds': 40}",3.0,2.0,59,59,4,13,1,False,Punt,"Adam Saul punt for 44 yds , Keivin Boone-Nelson II returns for 1 yd to the WMU 16",,2025-10-11T20:36:51.000Z
401762834,40176283410,401762834102919001,10,2,Ball State,Mid-American,0,Western Michigan,Mid-American,21,Western Michigan,Ball State,2,"{'minutes': 8, 'seconds': 9}",3.0,2.0,75,75,1,10,2,False,Rush,Qua Ashley run for 2 yds to the BALL 27,-0.45260367932203766,2025-10-11T20:32:08.000Z
401762834,40176283410,401762834102927101,10,3,Ball State,Mid-American,0,Western Michigan,Mid-American,21,Western Michigan,Ball State,2,"{'minutes': 7, 'seconds': 28}",3.0,2.0,73,73,2,8,4,False,Rush,Kiael Kelly run for 4 yds to the BALL 31,-0.08212860423373947,2025-10-11T20:32:58.000Z
401762834,40176283410,401762834102936101,10,4,Ball State,Mid-American,0,Western Michigan,Mid-American,21,Western Michigan,Ball State,2,"{'minutes': 6, 'seconds': 38}",3.0,2.0,69,69,3,4,13,False,Rush,Kiael Kelly run for 13 yds to the BALL 44 for a 1ST down,2.2423046218977927,2025-10-11T20:33:40.000Z
401762834,40176283410,401762834102939401,10,5,Ball State,Mid-American,0,Western Michigan,Mid-American,21,Western Michigan,Ball State,2,"{'minutes': 6, 'seconds': 5}",3.0,2.0,56,56,1,10,6,False,Rush,Qua Ashley run for 6 yds to the 50 yard line,0.3867807823815586,2025-10-11T20:34:13.000Z
401762834,40176283410,401762834102947001,10,6,Ball State,Mid-American,0,Western Michigan,Mid-American,21,Western Michigan,Ball State,2,"{'minutes': 5, 'seconds': 29}",3.0,2.0,50,50,2,4,0,False,Pass Incompletion,Kiael Kelly pass incomplete to Qua Ashley,-1.236103264513007,2025-10-11T20:34:58.000Z
401762834,40176283410,401762834102948501,10,7,Ball State,Mid-American,0,Western Michigan,Mid-American,21,Western Michigan,Ball State,2,"{'minutes': 5, 'seconds': 14}",3.0,2.0,50,50,3,4,-9,False,Sack,Kiael Kelly sacked by Nadame Tucker for a loss of 9 yards to the BALL 41,-1.9004041581347257,2025-10-11T20:35:37.000Z
401762834,40176283411,401762834102979901,11,7,Western Michigan,Mid-American,21,Ball State,Mid-American,0,Western Michigan,Ball State,2,"{'minutes': 2, 'seconds': 0}",1.0,3.0,59,41,3,1,0,False,Timeout,"Timeout Western Michigan, clock 02:00",,2025-10-11T20:09:00.000Z
401762834,40176283411,401762834102988501,11,9,Western Michigan,Mid-American,21,Ball State,Mid-American,0,Western Michigan,Ball State,2,"{'minutes': 1, 'seconds': 14}",1.0,3.0,55,45,4,5,-5,False,Penalty,PENALTY WMU Delay Of Game 5 yards from BSU45 to BSU50. NO PLAY.,,2025-10-11T20:44:51.000Z
401762834,40176283411,401762834102989501,11,10,Western Michigan,Mid-American,21,Ball State,Mid-American,0,Western Michigan,Ball State,2,"{'minutes': 1, 'seconds': 4}",1.0,3.0,50,50,4,10,0,False,Punt,Ryan Millmore punt for 50 yds for a touchback,,2025-10-11T20:45:09.000Z
401762834,40176283411,401762834102956301,11,1,Western Michigan,Mid-American,21,Ball State,Mid-American,0,Western Michigan,Ball State,2,"{'minutes': 4, 'seconds': 36}",2.0,3.0,16,84,1,10,0,False,Pass Incompletion,Broc Lowry pass incomplete to Baylin Brooks,-0.46182849902011913,2025-10-11T20:37:01.000Z
401762834,40176283411,401762834102957301,11,2,Western Michigan,Mid-American,21,Ball State,Mid-American,0,Western Michigan,Ball State,2,"{'minutes': 4, 'seconds': 26}",2.0,3.0,16,84,2,10,3,False,Pass Reception,Broc Lowry pass complete to Christian Leary for 3 yds to the WMU 19,-0.09019632533812595,2025-10-11T20:37:40.000Z
401762834,40176283411,401762834102965001,11,3,Western Michigan,Mid-American,21,Ball State,Mid-American,0,Western Michigan,Ball State,2,"{'minutes': 3, 'seconds': 49}",2.0,3.0,19,81,3,7,10,False,Pass Reception,Broc Lowry pass complete to Christian Leary for 10 yds to the WMU 29 for a 1ST down,1.355777278806955,2025-10-11T20:38:22.000Z
401762834,40176283411,401762834102968601,11,4,Western Michigan,Mid-American,21,Ball State,Mid-American,0,Western Michigan,Ball State,2,"{'minutes': 3, 'seconds': 13}",2.0,3.0,29,71,1,10,21,False,Pass Reception,Broc Lowry pass complete to Talique Williams for 21 yds to the 50 yard line for a 1ST down,1.9342049406335915,2025-10-11T20:38:58.000Z
401762834,40176283411,401762834102976801,11,5,Western Michigan,Mid-American,21,Ball State,Mid-American,0,Western Michigan,Ball State,2,"{'minutes': 2, 'seconds': 31}",2.0,3.0,50,50,1,10,4,False,Pass Reception,Broc Lowry pass complete to Talique Williams for 4 yds to the BALL 46,-0.141734208558013,2025-10-11T20:39:43.000Z
401762834,40176283411,401762834102979301,11,6,Western Michigan,Mid-American,21,Ball State,Mid-American,0,Western Michigan,Ball State,2,"{'minutes': 2, 'seconds': 6}",2.0,3.0,54,46,2,6,5,False,Rush,Devin Miles run for 5 yds to the BALL 41,0.103923861723983,2025-10-11T20:40:11.000Z
401762834,40176283411,401762834102984801,11,8,Western Michigan,Mid-American,21,Ball State,Mid-American,0,Western Michigan,Ball State,2,"{'minutes': 1, 'seconds': 51}",1.0,3.0,59,41,3,1,-4,False,Rush,Devin Miles run for a loss of 4 yards to the BALL 45,-2.0501614398692745,2025-10-11T20:43:38.000Z
401762834,40176283412,401762834102998801,12,7,Ball State,Mid-American,0,Western Michigan,Mid-American,21,Western Michigan,Ball State,2,"{'minutes': 0, 'seconds': 11}",3.0,-1.0,52,52,4,3,0,False,Timeout,"Timeout Western Michigan, clock 00:11",,2025-10-11T20:09:00.000Z
401762834,40176283412,401762834102999701,12,8,Ball State,Mid-American,0,Western Michigan,Mid-American,21,Western Michigan,Ball State,2,"{'minutes': 0, 'seconds': 2}",3.0,-1.0,52,52,4,3,0,False,Punt,Adam Saul punt for 52 yds for a touchback,,2025-10-11T20:09:00.000Z
401762834,40176283412,401762834102996302,12,5,Ball State,Mid-American,0,Western Michigan,Mid-American,21,Western Michigan,Ball State,2,"{'minutes': 0, 'seconds': 36}",3.0,0.0,59,59,3,10,0,False,Timeout,"Timeout Western Michigan, clock 00:36",,2025-10-11T20:48:09.000Z
401762834,40176283412,401762834102989801,12,1,Ball State,Mid-American,0,Western Michigan,Mid-American,21,Western Michigan,Ball State,2,"{'minutes': 1, 'seconds': 1}",3.0,1.0,80,80,1,10,6,False,Pass Reception,Kiael Kelly pass complete to Ty Robinson for 6 yds to the BALL 26,0.2888240217992033,2025-10-11T20:46:00.000Z
401762834,40176283412,401762834102995601,12,2,Ball State,Mid-American,0,Western Michigan,Mid-American,21,Western Michigan,Ball State,2,"{'minutes': 0, 'seconds': 43}",3.0,1.0,74,74,2,4,15,False,Pass Reception,Kiael Kelly pass complete to Ty Robinson for 15 yds to the BALL 41 for a 1ST down,1.4382214240074722,2025-10-11T20:46:42.000Z
401762834,40176283412,401762834102995701,12,3,Ball State,Mid-American,0,Western Michigan,Mid-American,21,Western Michigan,Ball State,2,"{'minutes': 0, 'seconds': 42}",3.0,1.0,59,59,1,10,0,False,Pass Incompletion,Kiael Kelly pass incomplete to Eric Weatherly,-1.1387859939569847,2025-10-11T20:47:20.000Z
401762834,40176283412,401762834102996301,12,4,Ball State,Mid-American,0,Western Michigan,Mid-American,21,Western Michigan,Ball State,2,"{'minutes': 0, 'seconds': 36}",3.0,1.0,59,59,2,10,0,False,Pass Incompletion,Kiael Kelly pass incomplete to Qua Ashley,-0.7894428348388577,2025-10-11T20:47:59.000Z
401762834,40176283412,401762834102998001,12,6,Ball State,Mid-American,0,Western Michigan,Mid-American,21,Western Michigan,Ball State,2,"{'minutes': 0, 'seconds': 19}",3.0,0.0,59,59,3,10,7,False,Rush,Kiael Kelly run for 7 yds to the BALL 48,0.3368146383680148,2025-10-11T20:50:07.000Z
401762834,40176283413,401762834102999902,13,2,Western Michigan,Mid-American,21,Ball State,Mid-American,0,Western Michigan,Ball State,2,"{'minutes': 0, 'seconds': 0}",-1.0,3.0,20,80,0,10,-1,False,End of Half,End of 2nd Quarter,,2025-10-11T20:52:10.000Z
401762834,40176283413,401762834102999901,13,1,Western Michigan,Mid-American,21,Ball State,Mid-American,0,Western Michigan,Ball State,2,"{'minutes': 0, 'seconds': 0}",-1.0,3.0,20,80,1,10,-1,False,Rush,B. Lowry takes a knee,-0.6343354265717327,2025-10-11T20:52:10.000Z
401762834,40176283414,401762834103854601,14,1,Ball State,Mid-American,0,Western Michigan,Mid-American,21,Western Michigan,Ball State,3,"{'minutes': 14, 'seconds': 53}",3.0,3.0,65,65,1,10,16,False,Kickoff Return (Offense),"Carson Holmer kickoff for 64 yds , Devin Miles return for 16 yds to the WMU 17",,2025-10-11T21:14:07.000Z
401762834,40176283414,401762834103854603,14,2,Western Michigan,Mid-American,21,Ball State,Mid-American,0,Western Michigan,Ball State,3,"{'minutes': 14, 'seconds': 53}",3.0,3.0,17,83,1,10,-5,False,Penalty,"PENALTY WMU False Start (Whitenack,Hunter) 5 yards from WMU17 to WMU12. NO PLAY.",,2025-10-11T21:14:07.000Z
401762834,40176283414,401762834103874901,14,6,Western Michigan,Mid-American,21,Ball State,Mid-American,0,Western Michigan,Ball State,3,"{'minutes': 12, 'seconds': 50}",3.0,3.0,18,82,4,9,0,False,Punt,Ryan Millmore punt for 56 yds,,2025-10-11T21:17:10.000Z
401762834,40176283414,401762834103855601,14,3,Western Michigan,Mid-American,21,Ball State,Mid-American,0,Western Michigan,Ball State,3,"{'minutes': 14, 'seconds': 43}",3.0,3.0,12,88,1,15,0,False,Rush,Jalen Buckley run for no gain to the WMU 12,-0.2032707836734975,2025-10-11T21:15:12.000Z
401762834,40176283414,401762834103859701,14,4,Western Michigan,Mid-American,21,Ball State,Mid-American,0,Western Michigan,Ball State,3,"{'minutes': 14, 'seconds': 2}",3.0,3.0,12,88,2,15,3,False,Pass Reception,Broc Lowry pass complete to Talique Williams for 3 yds to the WMU 15,-0.0395437642989052,2025-10-11T21:15:58.000Z
401762834,40176283414,401762834103868101,14,5,Western Michigan,Mid-American,21,Ball State,Mid-American,0,Western Michigan,Ball State,3,"{'minutes': 13, 'seconds': 18}",3.0,3.0,15,85,3,12,3,False,Pass Reception,Broc Lowry pass complete to Talique Williams for 3 yds to the WMU 18,-0.0296062901789353,2025-10-11T21:16:35.000Z
401762834,40176283415,401762834103887501,15,4,Ball State,Mid-American,0,Western Michigan,Mid-American,21,Western Michigan,Ball State,3,"{'minutes': 11, 'seconds': 24}",3.0,3.0,73,73,4,9,2,False,Punt,"Adam Saul punt for 48 yds , Keivin Boone-Nelson II returns for 2 yds to the WMU 27",,2025-10-11T21:20:47.000Z
401762834,40176283415,401762834103887502,15,5,Ball State,Mid-American,0,Western Michigan,Mid-American,21,Western Michigan,Ball State,3,"{'minutes': 11, 'seconds': 24}",3.0,3.0,73,73,4,9,2,False,Punt,"Adam Saul punt for 48 yds , Keivin Boone-Nelson II returns for 2 yds to the WMU 27",,2025-10-11T21:21:37.000Z
401762834,40176283415,401762834103886501,15,3,Ball State,Mid-American,0,Western Michigan,Mid-American,21,Western Michigan,Ball State,3,"{'minutes': 11, 'seconds': 34}",3.0,3.0,73,73,3,9,0,False,Pass Incompletion,Kiael Kelly pass incomplete to Ty Robinson,-0.20098972393095416,2025-10-11T21:19:12.000Z
401762834,40176283415,401762834103875601,15,1,Ball State,Mid-American,0,Western Michigan,Mid-American,21,Western Michigan,Ball State,3,"{'minutes': 12, 'seconds': 43}",3.0,3.0,74,74,1,10,6,False,Rush,TJ Horton run for 6 yds to the BALL 32,0.3420124320108239,2025-10-11T21:17:49.000Z
401762834,40176283415,401762834103879101,15,2,Ball State,Mid-American,0,Western Michigan,Mid-American,21,Western Michigan,Ball State,3,"{'minutes': 12, 'seconds': 8}",3.0,3.0,68,68,2,4,-5,False,Sack,Kiael Kelly sacked by Nadame Tucker for a loss of 5 yards to the BALL 27,-1.3861987494729862,2025-10-11T21:18:22.000Z
401762834,40176283416,401762834103888901,16,1,Western Michigan,Mid-American,21,Ball State,Mid-American,0,Western Michigan,Ball State,3,"{'minutes': 11, 'seconds': 10}",3.0,3.0,27,73,1,10,18,False,Pass Reception,Broc Lowry pass complete to Baylin Brooks for 18 yds to the WMU 45 for a 1ST down,1.6561021969055716,2025-10-11T21:22:56.000Z
401762834,40176283416,401762834103895501,16,2,Western Michigan,Mid-American,21,Ball State,Mid-American,0,Western Michigan,Ball State,3,"{'minutes': 10, 'seconds': 44}",3.0,3.0,45,55,1,10,15,False,Rush,"Broc Lowry run for 15 yds to the BALL 40 for a 1ST down Western Michigan Penalty, unsportsmanlike conduct (Yards) to the BALL 40 for a 1ST down",1.087564093379024,2025-10-11T21:23:59.000Z
401762834,40176283416,401762834103897901,16,3,Western Michigan,Mid-American,21,Ball State,Mid-American,0,Western Michigan,Ball State,3,"{'minutes': 10, 'seconds': 20}",3.0,3.0,60,40,1,10,0,False,Rush,Ofa Mataele run for no gain to the BALL 40,-0.8457687366186873,2025-10-11T21:25:38.000Z
401762834,40176283416,401762834103899701,16,4,Western Michigan,Mid-American,21,Ball State,Mid-American,0,Western Michigan,Ball State,3,"{'minutes': 10, 'seconds': 2}",3.0,3.0,60,40,2,10,0,False,Pass Incompletion,Broc Lowry pass incomplete to Aveion Chenault,-1.0264463089218037,2025-10-11T21:26:04.000Z
401762834,40176283416,401762834103904501,16,5,Western Michigan,Mid-American,21,Ball State,Mid-American,0,Western Michigan,Ball State,3,"{'minutes': 9, 'seconds': 54}",3.0,3.0,60,40,3,10,13,False,Rush,Broc Lowry run for 13 yds to the BALL 27 for a 1ST down,2.319983348086346,2025-10-11T21:26:41.000Z
401762834,40176283416,401762834103909101,16,6,Western Michigan,Mid-American,21,Ball State,Mid-American,0,Western Michigan,Ball State,3,"{'minutes': 9, 'seconds': 8}",3.0,3.0,73,27,1,10,6,False,Rush,Broc Lowry run for 6 yds to the BALL 21,0.2009551098411215,2025-10-11T21:27:26.000Z
401762834,40176283416,401762834103917201,16,7,Western Michigan,Mid-American,21,Ball State,Mid-American,0,Western Michigan,Ball State,3,"{'minutes': 8, 'seconds': 27}",3.0,3.0,79,21,2,4,7,False,Pass Reception,Broc Lowry pass complete to Aveion Chenault for 7 yds to the BALL 14 for a 1ST down,-0.007957443628717,2025-10-11T21:28:05.000Z
401762834,40176283416,401762834103924001,16,8,Western Michigan,Mid-American,28,Ball State,Mid-American,0,Western Michigan,Ball State,3,"{'minutes': 7, 'seconds': 59}",3.0,3.0,86,14,1,10,14,True,Passing Touchdown,Broc Lowry pass complete to Aveion Chenault for 14 yds for a TD (Palmer Domschke KICK),2.5482831751790815,2025-10-11T21:28:42.000Z
401762834,40176283417,401762834103924601,17,1,Western Michigan,Mid-American,28,Ball State,Mid-American,0,Western Michigan,Ball State,3,"{'minutes': 7, 'seconds': 53}",3.0,3.0,35,65,1,10,13,False,Kickoff Return (Offense),"Hunter Smith kickoff for 62 yds , Eric Weatherly return for 13 yds to the BALL 16",,2025-10-11T21:32:57.000Z
401762834,40176283417,401762834103937301,17,5,Ball State,Mid-American,0,Western Michigan,Mid-American,28,Western Michigan,Ball State,3,"{'minutes': 6, 'seconds': 26}",3.0,3.0,90,90,4,16,0,False,Punt,Adam Saul punt for 52 yds,,2025-10-11T21:35:42.000Z
401762834,40176283417,401762834103925501,17,2,Ball State,Mid-American,0,Western Michigan,Mid-American,28,Western Michigan,Ball State,3,"{'minutes': 7, 'seconds': 44}",3.0,3.0,84,84,1,10,-4,False,Sack,Kiael Kelly sacked by Nadame Tucker for a loss of 4 yards to the BALL 12,-0.6531670850732043,2025-10-11T21:33:49.000Z
401762834,40176283417,401762834103929301,17,3,Ball State,Mid-American,0,Western Michigan,Mid-American,28,Western Michigan,Ball State,3,"{'minutes': 7, 'seconds': 6}",3.0,3.0,88,88,2,14,-2,False,Rush,Qua Ashley run for a loss of 2 yards to the BALL 10,-0.12451085197046477,2025-10-11T21:34:28.000Z
401762834,40176283417,401762834103936201,17,4,Ball State,Mid-American,0,Western Michigan,Mid-American,28,Western Michigan,Ball State,3,"{'minutes': 6, 'seconds': 37}",3.0,3.0,90,90,3,16,0,False,Pass Incompletion,Kiael Kelly pass incomplete to Koby Gross,-0.03020191951034066,2025-10-11T21:35:06.000Z
401762834,40176283418,401762834103989001,18,12,Western Michigan,Mid-American,28,Ball State,Mid-American,0,Western Michigan,Ball State,3,"{'minutes': 1, 'seconds': 9}",3.0,3.0,87,13,4,12,31,False,Field Goal Missed,Palmer Domschke 31 yd FG MISSED,,2025-10-11T21:50:39.000Z
401762834,40176283418,401762834103938201,18,1,Western Michigan,Mid-American,28,Ball State,Mid-American,0,Western Michigan,Ball State,3,"{'minutes': 6, 'seconds': 17}",3.0,3.0,38,62,1,10,16,False,Pass Reception,Broc Lowry pass complete to Blake Bosma for 16 yds to the BALL 46 for a 1ST down,1.4097162325450263,2025-10-11T21:36:56.000Z
401762834,40176283418,401762834103939501,18,2,Western Michigan,Mid-American,28,Ball State,Mid-American,0,Western Michigan,Ball State,3,"{'minutes': 6, 'seconds': 4}",3.0,3.0,54,46,1,10,6,False,Rush,Devin Miles run for 6 yds to the BALL 40,0.3120620714803497,2025-10-11T21:37:45.000Z
401762834,40176283418,401762834103946901,18,3,Western Michigan,Mid-American,28,Ball State,Mid-American,0,Western Michigan,Ball State,3,"{'minutes': 5, 'seconds': 30}",3.0,3.0,60,40,2,4,0,False,Pass Incompletion,Broc Lowry pass incomplete to Terence Marshall,-1.028516912619878,2025-10-11T21:38:22.000Z
401762834,40176283418,401762834103947601,18,4,Western Michigan,Mid-American,28,Ball State,Mid-American,0,Western Michigan,Ball State,3,"{'minutes': 5, 'seconds': 23}",3.0,3.0,60,40,3,4,15,False,Rush,Devin Miles run for 15 yds to the BALL 25 for a 1ST down,1.5596578870079352,2025-10-11T21:39:11.000Z
401762834,40176283418,401762834103955401,18,5,Western Michigan,Mid-American,28,Ball State,Mid-American,0,Western Michigan,Ball State,3,"{'minutes': 4, 'seconds': 45}",3.0,3.0,75,25,1,10,3,False,Rush,Devin Miles run for 3 yds to the BALL 22,-0.1408898471373875,2025-10-11T21:39:51.000Z
401762834,40176283418,401762834103958901,18,6,Western Michigan,Mid-American,28,Ball State,Mid-American,0,Western Michigan,Ball State,3,"{'minutes': 4, 'seconds': 10}",3.0,3.0,78,22,2,7,5,False,Rush,Broc Lowry run for 5 yds to the BALL 17,0.065460614708744,2025-10-11T21:40:35.000Z
401762834,40176283418,401762834103965901,18,7,Western Michigan,Mid-American,28,Ball State,Mid-American,0,Western Michigan,Ball State,3,"{'minutes': 3, 'seconds': 40}",3.0,3.0,83,17,3,2,1,False,Rush,Jalen Buckley run for 1 yd to the BALL 16,-0.3959420955390553,2025-10-11T21:41:02.000Z
401762834,40176283418,401762834103969101,18,8,Western Michigan,Mid-American,28,Ball State,Mid-American,0,Western Michigan,Ball State,3,"{'minutes': 3, 'seconds': 8}",3.0,3.0,84,16,4,1,5,False,Rush,Broc Lowry run for 5 yds to the BALL 11 for a 1ST down,0.6497162768658313,2025-10-11T21:41:29.000Z
401762834,40176283418,401762834103976102,18,9,Western Michigan,Mid-American,28,Ball State,Mid-American,0,Western Michigan,Ball State,3,"{'minutes': 2, 'seconds': 38}",3.0,3.0,89,11,1,10,1,False,Rush,Jalen Buckley run for 1 yd to the BALL 31 for a 1ST down,-0.230342397894136,2025-10-11T21:43:54.000Z
401762834,40176283418,401762834103979901,18,10,Western Michigan,Mid-American,28,Ball State,Mid-American,0,Western Michigan,Ball State,3,"{'minutes': 2, 'seconds': 0}",3.0,3.0,74,26,2,25,5,False,Rush,Devin Miles run for 5 yds to the BALL 21,0.0421354678880785,2025-10-11T21:49:44.000Z
401762834,40176283418,401762834103985901,18,11,Western Michigan,Mid-American,28,Ball State,Mid-American,0,Western Michigan,Ball State,3,"{'minutes': 1, 'seconds': 40}",3.0,3.0,79,21,3,20,8,False,Pass Reception,Broc Lowry pass complete to Baylin Brooks for 8 yds to the BALL 13,0.55973413007915,2025-10-11T21:50:11.000Z
401762834,40176283419,401762834103999902,19,5,Ball State,Mid-American,0,Western Michigan,Mid-American,28,Western Michigan,Ball State,3,"{'minutes': 0, 'seconds': 0}",3.0,2.0,73,73,0,3,-6,False,End Period,End of 3rd Quarter,,2025-10-11T21:54:09.000Z
401762834,40176283419,401762834103994701,19,2,Ball State,Mid-American,0,Western Michigan,Mid-American,28,Western Michigan,Ball State,3,"{'minutes': 0, 'seconds': 52}",3.0,2.0,78,78,2,8,0,False,Timeout,"Timeout Western Michigan, clock 00:52",,2025-10-11T21:13:21.000Z
401762834,40176283419,401762834104854701,19,6,Ball State,Mid-American,0,Western Michigan,Mid-American,28,Western Michigan,Ball State,4,"{'minutes': 14, 'seconds': 52}",3.0,2.0,79,79,4,9,0,False,Punt,"Adam Saul punt for 28 yds, fair catch by Keivin Boone-Nelson II at the BALL 49",,2025-10-11T21:58:26.000Z
401762834,40176283419,401762834104854702,19,7,Ball State,Mid-American,0,Western Michigan,Mid-American,28,Western Michigan,Ball State,4,"{'minutes': 14, 'seconds': 52}",3.0,2.0,79,79,4,9,0,False,Punt,"Adam Saul punt for 28 yds, fair catch by Keivin Boone-Nelson II at the BALL 49",,2025-10-11T21:58:26.000Z
401762834,40176283419,401762834103994201,19,1,Ball State,Mid-American,0,Western Michigan,Mid-American,28,Western Michigan,Ball State,3,"{'minutes': 0, 'seconds': 57}",3.0,3.0,80,80,1,10,2,False,Pass Reception,Kiael Kelly pass complete to Eric Weatherly for 2 yds to the BALL 22,-0.3623882030735057,2025-10-11T21:51:50.000Z
401762834,40176283419,401762834103995501,19,3,Ball State,Mid-American,0,Western Michigan,Mid-American,28,Western Michigan,Ball State,3,"{'minutes': 0, 'seconds': 44}",3.0,2.0,78,78,2,8,5,False,Rush,Kiael Kelly run for 5 yds to the BALL 27,0.0559086745583244,2025-10-11T21:53:13.000Z
401762834,40176283419,401762834103999901,19,4,Ball State,Mid-American,0,Western Michigan,Mid-American,28,Western Michigan,Ball State,3,"{'minutes': 0, 'seconds': 0}",3.0,2.0,73,73,3,3,-6,False,Sack,Kiael Kelly sacked for a loss of 6 yards to the BALL 21,-0.6111988288021326,2025-10-11T21:54:09.000Z
401762834,40176283420,401762834104855401,20,1,Western Michigan,Mid-American,28,Ball State,Mid-American,0,Western Michigan,Ball State,4,"{'minutes': 14, 'seconds': 45}",2.0,3.0,51,49,1,10,6,False,Pass Interception Return,Brady Jones pass intercepted Eric McClain return for 6 yds to the BALL 42,-3.2376694483627517,2025-10-11T21:59:57.000Z
401762834,40176283421,401762834104865602,21,5,Ball State,Mid-American,0,Western Michigan,Mid-American,28,Western Michigan,Ball State,4,"{'minutes': 13, 'seconds': 43}",3.0,2.0,56,56,4,8,0,False,Punt,"Adam Saul punt for 34 yds, fair catch by Keivin Boone-Nelson II at the WMU 22",,2025-10-11T22:02:17.000Z
401762834,40176283421,401762834104865601,21,4,Ball State,Mid-American,0,Western Michigan,Mid-American,28,Western Michigan,Ball State,4,"{'minutes': 13, 'seconds': 43}",3.0,2.0,56,56,4,8,0,False,Punt,"Adam Saul punt for 34 yds, fair catch by Keivin Boone-Nelson II at the WMU 22",,2025-10-11T22:02:17.000Z
401762834,40176283421,401762834104857601,21,1,Ball State,Mid-American,0,Western Michigan,Mid-American,28,Western Michigan,Ball State,4,"{'minutes': 14, 'seconds': 23}",3.0,2.0,58,58,1,10,2,False,Rush,Elijah Jackson run for 2 yds to the BALL 44,-0.686234543960909,2025-10-11T22:00:14.000Z
401762834,40176283421,401762834104864201,21,2,Ball State,Mid-American,0,Western Michigan,Mid-American,28,Western Michigan,Ball State,4,"{'minutes': 13, 'seconds': 57}",3.0,2.0,56,56,2,8,0,False,Pass Incompletion,Kiael Kelly pass incomplete to Qian Magwood,-0.9833047280384468,2025-10-11T22:00:35.000Z
401762834,40176283421,401762834104864801,21,3,Ball State,Mid-American,0,Western Michigan,Mid-American,28,Western Michigan,Ball State,4,"{'minutes': 13, 'seconds': 51}",3.0,2.0,56,56,3,8,0,False,Pass Incompletion,Kiael Kelly pass incomplete to Ty Robinson,-0.6058033544202903,2025-10-11T22:01:19.000Z
401762834,40176283422,401762834104866701,22,1,Western Michigan,Mid-American,28,Ball State,Mid-American,0,Western Michigan,Ball State,4,"{'minutes': 13, 'seconds': 32}",2.0,3.0,22,78,1,10,11,False,Rush,Broc Lowry run for 11 yds to the WMU 33 for a 1ST down,0.8429281331999734,2025-10-11T22:05:08.000Z
401762834,40176283422,401762834104874201,22,2,Western Michigan,Mid-American,28,Ball State,Mid-American,0,Western Michigan,Ball State,4,"{'minutes': 12, 'seconds': 57}",2.0,3.0,33,67,1,10,4,False,Rush,Ofa Mataele run for 4 yds to the WMU 37,-0.1528387450999809,2025-10-11T22:05:52.000Z
401762834,40176283422,401762834104878401,22,3,Western Michigan,Mid-American,28,Ball State,Mid-American,0,Western Michigan,Ball State,4,"{'minutes': 12, 'seconds': 15}",2.0,3.0,37,63,2,6,8,False,Pass Reception,Broc Lowry pass complete to Aveion Chenault for 8 yds to the WMU 45 for a 1ST down,1.3052821769247647,2025-10-11T22:06:37.000Z
401762834,40176283422,401762834104885601,22,4,Western Michigan,Mid-American,28,Ball State,Mid-American,0,Western Michigan,Ball State,4,"{'minutes': 11, 'seconds': 43}",2.0,3.0,45,55,1,10,8,False,Pass Reception,Broc Lowry pass complete to Michael Brescia for 8 yds to the BALL 47,0.9420759997342945,2025-10-11T22:07:08.000Z
401762834,40176283422,401762834104889201,22,5,Western Michigan,Mid-American,28,Ball State,Mid-American,0,Western Michigan,Ball State,4,"{'minutes': 11, 'seconds': 7}",2.0,3.0,53,47,2,2,1,False,Rush,Devin Miles run for 1 yd to the BALL 46,-0.9937749538003045,2025-10-11T22:07:53.000Z
401762834,40176283422,401762834104897301,22,6,Western Michigan,Mid-American,28,Ball State,Mid-American,0,Western Michigan,Ball State,4,"{'minutes': 10, 'seconds': 26}",2.0,3.0,54,46,3,1,3,False,Pass Reception,Broc Lowry pass complete to Michael Brescia for 3 yds to the BALL 43 for a 1ST down,0.9759421034515208,2025-10-11T22:08:30.000Z
401762834,40176283422,401762834104905501,22,7,Western Michigan,Mid-American,28,Ball State,Mid-American,0,Western Michigan,Ball State,4,"{'minutes': 9, 'seconds': 44}",2.0,3.0,57,43,1,10,3,False,Pass Reception,Broc Lowry pass complete to Cade Conley for 3 yds to the BALL 40,-0.3057652594509188,2025-10-11T22:09:04.000Z
401762834,40176283422,401762834104909201,22,8,Western Michigan,Mid-American,28,Ball State,Mid-American,0,Western Michigan,Ball State,4,"{'minutes': 9, 'seconds': 7}",2.0,3.0,60,40,2,7,3,False,Rush,Devin Miles run for 3 yds to the BALL 37,-0.342027404731185,2025-10-11T22:09:45.000Z
401762834,40176283422,401762834104917301,22,9,Western Michigan,Mid-American,35,Ball State,Mid-American,0,Western Michigan,Ball State,4,"{'minutes': 8, 'seconds': 26}",2.0,3.0,63,37,3,4,37,True,Rushing Touchdown,Broc Lowry run for 37 yds for a TD (Palmer Domschke KICK),4.000162752112958,2025-10-11T22:10:24.000Z
401762834,40176283423,401762834104917601,23,1,Western Michigan,Mid-American,35,Ball State,Mid-American,0,Western Michigan,Ball State,4,"{'minutes': 8, 'seconds': 23}",2.0,3.0,35,65,1,10,0,False,Kickoff,Hunter Smith kickoff for 65 yds for a touchback,,2025-10-11T22:15:23.000Z
401762834,40176283423,401762834104918901,23,2,Ball State,Mid-American,0,Western Michigan,Mid-American,35,Western Michigan,Ball State,4,"{'minutes': 8, 'seconds': 10}",3.0,2.0,75,75,1,10,0,False,Pass Reception,Kiael Kelly pass complete to Eric Weatherly for no gain to the BALL 25,-0.7029700220436519,2025-10-11T22:15:43.000Z
401762834,40176283423,401762834104924801,23,3,Ball State,Mid-American,0,Western Michigan,Mid-American,35,Western Michigan,Ball State,4,"{'minutes': 7, 'seconds': 51}",3.0,2.0,75,75,2,10,2,False,Fumble Recovery (Opponent),"Qua Ashley run for 2 yds to the BALL 27 Qua Ashley fumbled, recovered by WMU Domanick Moon",-0.21927485823502657,2025-10-11T22:16:45.000Z
401762834,40176283424,401762834104965702,24,8,Western Michigan,Mid-American,35,Ball State,Mid-American,0,Western Michigan,Ball State,4,"{'minutes': 3, 'seconds': 42}",2.0,3.0,98,2,3,2,1,False,Penalty,"PENALTY BSU UNS: Unsportsmanlike Conduct (McClain,Eric) 1 yard from BSU02 to BSU01, 1ST DOWN. NO PLAY.",,2025-10-11T22:21:36.000Z
401762834,40176283424,401762834104965701,24,7,Western Michigan,Mid-American,35,Ball State,Mid-American,0,Western Michigan,Ball State,4,"{'minutes': 3, 'seconds': 42}",2.0,3.0,98,2,2,2,0,False,Rush,Devin Miles run for no gain to the BALL 2,-0.476893758740638,2025-10-11T22:21:36.000Z
401762834,40176283424,401762834104965704,24,9,Western Michigan,Mid-American,42,Ball State,Mid-American,0,Western Michigan,Ball State,4,"{'minutes': 3, 'seconds': 42}",2.0,3.0,99,1,1,1,1,True,Passing Touchdown,Brady Jones pass complete to Cade Conley for 1 yd for a TD (Palmer Domschke KICK),0.938021275120443,2025-10-11T22:21:36.000Z
401762834,40176283424,401762834104926301,24,1,Western Michigan,Mid-American,35,Ball State,Mid-American,0,Western Michigan,Ball State,4,"{'minutes': 7, 'seconds': 36}",2.0,3.0,73,27,1,10,2,False,Rush,Brady Jones run for 2 yds to the BALL 25,-0.262946006262057,2025-10-11T22:17:17.000Z
401762834,40176283424,401762834104929301,24,2,Western Michigan,Mid-American,35,Ball State,Mid-American,0,Western Michigan,Ball State,4,"{'minutes': 7, 'seconds': 6}",2.0,3.0,75,25,2,8,3,False,Rush,Devin Miles run for 3 yds to the BALL 22,-0.1790723825593776,2025-10-11T22:17:52.000Z
401762834,40176283424,401762834104937901,24,3,Western Michigan,Mid-American,35,Ball State,Mid-American,0,Western Michigan,Ball State,4,"{'minutes': 6, 'seconds': 20}",2.0,3.0,78,22,3,5,7,False,Rush,Brady Jones run for 7 yds to the BALL 15 for a 1ST down,0.6251001406478376,2025-10-11T22:18:29.000Z
401762834,40176283424,401762834104945401,24,4,Western Michigan,Mid-American,35,Ball State,Mid-American,0,Western Michigan,Ball State,4,"{'minutes': 5, 'seconds': 45}",2.0,3.0,85,15,1,10,6,False,Rush,Devin Miles run for 6 yds to the BALL 9,0.181437359303738,2025-10-11T22:19:11.000Z
401762834,40176283424,401762834104949701,24,5,Western Michigan,Mid-American,35,Ball State,Mid-American,0,Western Michigan,Ball State,4,"{'minutes': 5, 'seconds': 2}",2.0,3.0,91,9,2,4,4,False,Rush,Brady Jones run for 4 yds to the BALL 5 for a 1ST down,0.492980889702471,2025-10-11T22:19:57.000Z
401762834,40176283424,401762834104959201,24,6,Western Michigan,Mid-American,35,Ball State,Mid-American,0,Western Michigan,Ball State,4,"{'minutes': 4, 'seconds': 7}",2.0,3.0,95,5,1,5,3,False,Rush,Devin Miles run for 3 yds to the BALL 2,-0.184155684763349,2025-10-11T22:20:49.000Z
401762834,40176283425,401762834104965706,25,1,Western Michigan,Mid-American,42,Ball State,Mid-American,0,Western Michigan,Ball State,4,"{'minutes': 3, 'seconds': 42}",2.0,3.0,35,65,1,10,0,False,Kickoff,Hunter Smith kickoff for 65 yds for a touchback,,2025-10-11T22:21:36.000Z
401762834,40176283425,401762834104966601,25,2,Ball State,Mid-American,0,Western Michigan,Mid-American,42,Western Michigan,Ball State,4,"{'minutes': 3, 'seconds': 33}",3.0,2.0,75,75,1,10,2,False,Rush,TJ Horton run for 2 yds to the BALL 27,-0.45260367932203766,2025-10-11T22:27:13.000Z
401762834,40176283425,401762834104974201,25,3,Ball State,Mid-American,0,Western Michigan,Mid-American,42,Western Michigan,Ball State,4,"{'minutes': 2, 'seconds': 57}",3.0,2.0,73,73,2,8,5,False,Rush,TJ Horton run for 5 yds to the BALL 32,0.06344953820688644,2025-10-11T22:27:50.000Z
401762834,40176283425,401762834104978701,25,4,Ball State,Mid-American,0,Western Michigan,Mid-American,42,Western Michigan,Ball State,4,"{'minutes': 2, 'seconds': 12}",3.0,2.0,68,68,3,3,0,False,Pass Incompletion,Aidan Leffler pass incomplete to Elisha Durham,-0.5139435334013278,2025-10-11T22:28:35.000Z
401762834,40176283425,401762834104979101,25,5,Ball State,Mid-American,0,Western Michigan,Mid-American,42,Western Michigan,Ball State,4,"{'minutes': 2, 'seconds': 8}",3.0,2.0,68,68,4,3,0,False,Punt,"Adam Saul punt for 45 yds, fair catch by Keivin Boone-Nelson II at the WMU 23",,2025-10-11T22:29:25.000Z
401762834,40176283425,401762834104979102,25,6,Ball State,Mid-American,0,Western Michigan,Mid-American,42,Western Michigan,Ball State,4,"{'minutes': 2, 'seconds': 8}",3.0,2.0,68,68,4,3,0,False,Punt,"Adam Saul punt for 45 yds, fair catch by Keivin Boone-Nelson II at the WMU 23",,2025-10-11T22:29:25.000Z
401762834,40176283426,401762834104984901,26,2,Western Michigan,Mid-American,42,Ball State,Mid-American,0,Western Michigan,Ball State,4,"{'minutes': 1, 'seconds': 50}",2.0,3.0,21,79,2,12,3,False,Rush,Tre' Hartwell run for 3 yds to the WMU 24,-0.0975927814909694,2025-10-11T22:33:35.000Z
401762834,40176283426,401762834104979901,26,1,Western Michigan,Mid-American,42,Ball State,Mid-American,0,Western Michigan,Ball State,4,"{'minutes': 2, 'seconds': 0}",2.0,3.0,23,77,1,10,-2,False,Fumble Recovery (Own),"Mark Konecny run for a loss of 2 yards to the WMU 21 Mark Konecny fumbled, recovered by WMU Mark Konecny",-0.8061936161441414,2025-10-11T22:33:02.000Z
401762834,40176283426,401762834104989501,26,3,Western Michigan,Mid-American,42,Ball State,Mid-American,0,Western Michigan,Ball State,4,"{'minutes': 1, 'seconds': 4}",2.0,3.0,24,76,3,9,1,False,Rush,Tre' Hartwell run for 1 yd to the WMU 25,-0.14111712019014444,2025-10-11T22:34:14.000Z
401762834,40176283426,401762834104997701,26,4,Western Michigan,Mid-American,42,Ball State,Mid-American,0,Western Michigan,Ball State,4,"{'minutes': 0, 'seconds': 22}",2.0,3.0,25,75,4,8,0,False,Punt,"Ryan Millmore punt for 53 yds , Qian Magwood returns for no gain to the BALL 20",,2025-10-11T22:35:14.000Z
401762834,40176283427,401762834104999902,27,2,Ball State,Mid-American,0,Western Michigan,Mid-American,42,Western Michigan,Ball State,4,"{'minutes': 0, 'seconds': 0}",3.0,2.0,80,80,0,10,3,False,End of Game,End of 4th Quarter,,2025-10-11T21:57:51.000Z
401762834,40176283427,401762834104999901,27,1,Ball State,Mid-American,0,Western Michigan,Mid-American,42,Western Michigan,Ball State,4,"{'minutes': 0, 'seconds': 0}",3.0,2.0,80,80,1,10,3,False,Rush,Jalen Alexander run for 3 yds to the BALL 23,-0.2366097161141063,2025-10-11T21:57:51.000Z
401762874,4017628742,4017628743,1,1,Western Michigan,Mid-American,0,Miami (OH),Mid-American,0,Miami (OH),Western Michigan,1,"{'minutes': 15, 'seconds': 0}",3.0,3.0,65,65,1,10,0,False,Kickoff,(15:00) #31 H.Smith kickoff 50 yards to the Mia15 fair catch by #10 L.Billups-Williams at Mia15,,2025-10-25T19:30:20.000Z
401762874,4017628742,40176287438,1,8,Miami (OH),Mid-American,3,Western Michigan,Mid-American,0,Miami (OH),Western Michigan,1,"{'minutes': 11, 'seconds': 28}",3.0,3.0,73,27,4,8,44,True,Field Goal Good,"(11:32) #31 D.Dzioban field goal attempt from 44 yards GOOD (H: #34 P.Stainton, LS: #59 H.Powell), clock 11:28",,2025-10-25T19:37:27.000Z
401762874,4017628742,40176287412,1,2,Miami (OH),Mid-American,0,Western Michigan,Mid-American,0,Miami (OH),Western Michigan,1,"{'minutes': 14, 'seconds': 50}",3.0,3.0,25,75,1,10,21,False,Pass Reception,"(15:00) No Huddle-Shotgun #1 D.Finn pass complete short left to #84 C.Weaver caught at Mia44, for 21 yards to the Mia46 (#18 M.Davis), 1ST DOWN",1.8928575820361135,2025-10-25T19:33:24.000Z
401762874,4017628742,40176287417,1,3,Miami (OH),Mid-American,0,Western Michigan,Mid-American,0,Miami (OH),Western Michigan,1,"{'minutes': 14, 'seconds': 12}",3.0,3.0,46,54,1,10,8,False,Pass Reception,"(14:23) Shotgun #1 D.Finn pass complete short right to #8 K.Perry caught at Mia49, for 8 yards to the WMU46 (#5 A.Wofford; #1 J.Franklin)",0.9228976525664996,2025-10-25T19:34:01.000Z
401762874,4017628742,40176287422,1,4,Miami (OH),Mid-American,0,Western Michigan,Mid-American,0,Miami (OH),Western Michigan,1,"{'minutes': 13, 'seconds': 26}",3.0,3.0,54,46,2,2,17,False,Pass Reception,"(13:39) Shotgun #1 D.Finn pass complete short left to #0 K.Reynolds caught at WMU29, for 17 yards to the WMU29, End Of Play, 1ST DOWN",0.4736987005205964,2025-10-25T19:34:45.000Z
401762874,4017628742,40176287427,1,5,Miami (OH),Mid-American,0,Western Michigan,Mid-American,0,Miami (OH),Western Michigan,1,"{'minutes': 12, 'seconds': 55}",3.0,3.0,71,29,1,10,0,False,Pass Incompletion,(12:59) Shotgun #1 D.Finn pass incomplete short left to #84 C.Weaver thrown to WMU11,-0.534372502378378,2025-10-25T19:35:25.000Z
401762874,4017628742,40176287430,1,6,Miami (OH),Mid-American,0,Western Michigan,Mid-American,0,Miami (OH),Western Michigan,1,"{'minutes': 12, 'seconds': 49}",3.0,3.0,71,29,2,10,4,False,Rush,(12:53) Shotgun #6 J.Brunson rush middle for 4 yards gain to the WMU25 (#10 S.Saipaia; #18 M.Davis),-0.08604287443743,2025-10-25T19:36:05.000Z
401762874,4017628742,40176287434,1,7,Miami (OH),Mid-American,0,Western Michigan,Mid-American,0,Miami (OH),Western Michigan,1,"{'minutes': 12, 'seconds': 2}",3.0,3.0,75,25,3,6,-2,False,Rush,(12:08) Shotgun #30 J.Ringer rush middle for 2 yards loss to the WMU27 (#11 N.Tucker),-1.1907136245759258,2025-10-25T19:36:51.000Z
401762874,4017628744,40176287441,2,1,Miami (OH),Mid-American,3,Western Michigan,Mid-American,0,Miami (OH),Western Michigan,1,"{'minutes': 11, 'seconds': 20}",3.0,3.0,35,65,1,10,35,False,Kickoff,"(11:28) #38 K.McLaughlin kickoff 63 yards to the WMU02 #5 D.Miles return 35 yards to the WMU37 (#1 E.Blakey), out of bounds",,2025-10-25T19:39:00.000Z
401762874,4017628744,40176287446,2,2,Western Michigan,Mid-American,0,Miami (OH),Mid-American,3,Miami (OH),Western Michigan,1,"{'minutes': 11, 'seconds': 12}",3.0,3.0,63,63,1,10,17,False,Rush,"(11:18) No Huddle-Shotgun #12 B.Lowry rush left for 17 yards gain to the Mia46 (#8 K.Beasley), 1ST DOWN",1.507223385443286,2025-10-25T19:39:47.000Z
401762874,4017628744,40176287450,2,3,Western Michigan,Mid-American,0,Miami (OH),Mid-American,3,Miami (OH),Western Michigan,1,"{'minutes': 10, 'seconds': 42}",3.0,3.0,46,46,1,10,2,False,Rush,(10:46) Shotgun #6 J.Buckley rush middle for 2 yards gain to the Mia44 (#1 E.Blakey; #12 C.Hondru),-0.5661525320140282,2025-10-25T19:40:24.000Z
401762874,4017628744,40176287454,2,4,Western Michigan,Mid-American,0,Miami (OH),Mid-American,3,Miami (OH),Western Michigan,1,"{'minutes': 10, 'seconds': 7}",3.0,3.0,44,44,2,8,6,False,Rush,(10:12) Shotgun #6 J.Buckley rush right for 6 yards gain to the Mia38 (#33 J.Kuwatch),0.3142457118427551,2025-10-25T19:40:56.000Z
401762874,4017628744,40176287458,2,5,Western Michigan,Mid-American,0,Miami (OH),Mid-American,3,Miami (OH),Western Michigan,1,"{'minutes': 9, 'seconds': 32}",3.0,3.0,38,38,3,2,4,False,Rush,"(09:36) Shotgun #12 B.Lowry rush right for 4 yards gain to the Mia34 (#3 M.McCain), 1ST DOWN",0.8584680673920674,2025-10-25T19:41:32.000Z
401762874,4017628744,40176287462,2,6,Western Michigan,Mid-American,0,Miami (OH),Mid-American,3,Miami (OH),Western Michigan,1,"{'minutes': 8, 'seconds': 54}",3.0,3.0,34,34,1,10,0,False,Rush,(08:59) Shotgun #6 J.Buckley rush left for 0 yards to the Mia34 (#33 J.Kuwatch),-0.6630222646782312,2025-10-25T19:42:10.000Z
401762874,4017628744,40176287466,2,7,Western Michigan,Mid-American,0,Miami (OH),Mid-American,3,Miami (OH),Western Michigan,1,"{'minutes': 8, 'seconds': 15}",3.0,3.0,34,34,2,10,0,False,Rush,(08:21) Shotgun #12 B.Lowry rush right for 0 yards to the Mia34 (#8 K.Beasley),-0.8862898506969809,2025-10-25T19:42:47.000Z
401762874,4017628744,40176287470,2,8,Western Michigan,Mid-American,0,Miami (OH),Mid-American,3,Miami (OH),Western Michigan,1,"{'minutes': 7, 'seconds': 27}",3.0,3.0,34,34,3,10,8,False,Pass Reception,"(07:37) Shotgun #12 B.Lowry pass complete short right to #82 B.Brooks caught at Mia29, for 8 yards to the Mia26 (#1 E.Blakey)",0.6529480199824247,2025-10-25T19:43:32.000Z
401762874,4017628744,40176287475,2,9,Western Michigan,Mid-American,0,Miami (OH),Mid-American,3,Miami (OH),Western Michigan,1,"{'minutes': 6, 'seconds': 48}",3.0,3.0,26,26,4,2,0,False,Rush,"(06:49) Shotgun #24 O.Mataele rush middle for 0 yards to the Mia26 (#1 E.Blakey), TURNOVER ON DOWNS",-3.1669097436935427,2025-10-25T19:44:20.000Z
401762874,4017628745,401762874142,3,14,Miami (OH),Mid-American,6,Western Michigan,Mid-American,0,Miami (OH),Western Michigan,2,"{'minutes': 14, 'seconds': 54}",3.0,3.0,94,6,4,5,24,True,Field Goal Good,"(14:57) #31 D.Dzioban field goal attempt from 24 yards GOOD (H: #34 P.Stainton, LS: #59 H.Powell), clock 14:54",,2025-10-25T20:00:13.000Z
401762874,4017628745,40176287483,3,1,Miami (OH),Mid-American,3,Western Michigan,Mid-American,0,Miami (OH),Western Michigan,1,"{'minutes': 6, 'seconds': 38}",3.0,3.0,26,74,1,10,4,False,Rush,(06:48) Shotgun #6 J.Brunson rush middle for 4 yards gain to the Mia30 (#9 J.Camden),-0.119587621105615,2025-10-25T19:47:52.000Z
401762874,4017628745,40176287487,3,2,Miami (OH),Mid-American,3,Western Michigan,Mid-American,0,Miami (OH),Western Michigan,1,"{'minutes': 6, 'seconds': 4}",3.0,3.0,30,70,2,6,13,False,Pass Reception,"(06:09) Shotgun #1 D.Finn pass complete short right to #84 C.Weaver caught at Mia35, for 13 yards to the Mia43 (#1 J.Franklin), out of bounds, 1ST DOWN",1.6610472360552544,2025-10-25T19:48:25.000Z
401762874,4017628745,40176287492,3,3,Miami (OH),Mid-American,3,Western Michigan,Mid-American,0,Miami (OH),Western Michigan,1,"{'minutes': 5, 'seconds': 31}",3.0,3.0,43,57,1,10,0,False,Pass Incompletion,(05:33) Shotgun #1 D.Finn pass incomplete short left to #8 K.Perry thrown to Mia45 broken up by #91 M.Tyler,-1.15714755134967,2025-10-25T19:49:06.000Z
401762874,4017628745,40176287495,3,4,Miami (OH),Mid-American,3,Western Michigan,Mid-American,0,Miami (OH),Western Michigan,1,"{'minutes': 5, 'seconds': 12}",3.0,3.0,43,57,2,10,20,False,Pass Reception,"(05:31) Shotgun #1 D.Finn pass complete deep left to #17 B.Isom caught at WMU35, for 20 yards to the WMU37 (#5 A.Wofford), 1ST DOWN",2.5710556173842534,2025-10-25T19:49:49.000Z
401762874,4017628745,401762874100,3,5,Miami (OH),Mid-American,3,Western Michigan,Mid-American,0,Miami (OH),Western Michigan,1,"{'minutes': 4, 'seconds': 39}",3.0,3.0,63,37,1,10,-3,False,Rush,(04:44) Shotgun #1 D.Finn rush left for 3 yards loss to the WMU40 (#9 J.Camden; #11 N.Tucker),-1.3433412904896205,2025-10-25T19:50:35.000Z
401762874,4017628745,401762874104,3,6,Miami (OH),Mid-American,3,Western Michigan,Mid-American,0,Miami (OH),Western Michigan,1,"{'minutes': 3, 'seconds': 48}",3.0,3.0,60,40,2,13,9,False,Pass Reception,"(04:01) Shotgun #1 D.Finn pass complete short left to #84 C.Weaver caught at WMU32, for 9 yards to the WMU31 (#8 J.Sims)",0.8365892059036637,2025-10-25T19:51:18.000Z
401762874,4017628745,401762874109,3,7,Miami (OH),Mid-American,3,Western Michigan,Mid-American,0,Miami (OH),Western Michigan,1,"{'minutes': 3, 'seconds': 3}",3.0,3.0,69,31,3,4,4,False,Rush,"(03:09) Shotgun #30 J.Ringer rush left for 4 yards gain to the WMU27 (#10 S.Saipaia; #98 D.Frazier), 1ST DOWN",0.816879874671214,2025-10-25T19:52:13.000Z
401762874,4017628745,401762874114,3,8,Miami (OH),Mid-American,3,Western Michigan,Mid-American,0,Miami (OH),Western Michigan,1,"{'minutes': 2, 'seconds': 21}",3.0,3.0,73,27,1,10,2,False,Rush,"(02:26) Shotgun #1 D.Finn rush left for 2 yards gain to the WMU25 (#8 J.Sims), out of bounds",-0.262946006262057,2025-10-25T19:52:54.000Z
401762874,4017628745,401762874118,3,9,Miami (OH),Mid-American,3,Western Michigan,Mid-American,0,Miami (OH),Western Michigan,1,"{'minutes': 1, 'seconds': 37}",3.0,3.0,75,25,2,8,14,False,Pass Reception,"(01:45) Shotgun #1 D.Finn pass complete short right to #4 D.Colzie caught at WMU11, for 14 yards to the WMU11 (#5 A.Wofford), out of bounds, 1ST DOWN",0.482487434285618,2025-10-25T19:53:38.000Z
401762874,4017628745,401762874123,3,10,Miami (OH),Mid-American,3,Western Michigan,Mid-American,0,Miami (OH),Western Michigan,1,"{'minutes': 0, 'seconds': 53}",3.0,3.0,89,11,1,10,3,False,Rush,(01:03) Shotgun #14 D.Jones rush middle for 3 yards gain to the WMU08 (#18 M.Davis; #9 J.Camden),-0.094911316302818,2025-10-25T19:54:25.000Z
401762874,4017628745,401762874127,3,11,Miami (OH),Mid-American,3,Western Michigan,Mid-American,0,Miami (OH),Western Michigan,1,"{'minutes': 0, 'seconds': 16}",3.0,3.0,92,8,2,7,2,False,Rush,(00:16) Shotgun #14 D.Jones rush right for 2 yards gain to the WMU06 (#18 M.Davis; #11 N.Tucker),-0.158486631076164,2025-10-25T19:55:11.000Z
401762874,4017628745,401762874133,3,12,Miami (OH),Mid-American,3,Western Michigan,Mid-American,0,Miami (OH),Western Michigan,1,"{'minutes': 0, 'seconds': 0}",3.0,3.0,92,8,2,7,2,False,End Period,End of 1st quarter.,-0.158486631076164,2025-10-25T19:55:30.000Z
401762874,4017628745,401762874137,3,13,Miami (OH),Mid-American,3,Western Michigan,Mid-American,0,Miami (OH),Western Michigan,2,"{'minutes': 14, 'seconds': 57}",3.0,3.0,94,6,3,5,0,False,Pass Incompletion,(14:59) Shotgun #1 D.Finn pass incomplete short left to #8 K.Perry thrown to WMU00,-0.30477479766102,2025-10-25T19:59:36.000Z
401762874,4017628747,401762874145,4,1,Miami (OH),Mid-American,6,Western Michigan,Mid-American,0,Miami (OH),Western Michigan,2,"{'minutes': 14, 'seconds': 47}",3.0,3.0,35,65,1,10,19,False,Kickoff,(14:54) #38 K.McLaughlin kickoff 62 yards to the WMU03 #5 D.Miles return 19 yards to the WMU22 (#11 B.Uihlein; #1 E.Blakey),,2025-10-25T20:03:37.000Z
401762874,4017628747,401762874182,4,10,Western Michigan,Mid-American,0,Miami (OH),Mid-American,6,Miami (OH),Western Michigan,2,"{'minutes': 10, 'seconds': 47}",3.0,3.0,38,38,4,15,0,False,Punt,"(10:55) #25 R.Millmore punt 38 yards to the Mia00, Touchback",,2025-10-25T20:12:14.000Z
401762874,4017628747,401762874150,4,2,Western Michigan,Mid-American,0,Miami (OH),Mid-American,6,Miami (OH),Western Michigan,2,"{'minutes': 14, 'seconds': 41}",3.0,3.0,78,78,1,10,12,False,Rush,"(14:47) Shotgun #6 J.Buckley rush right for 12 yards gain to the WMU34 (#1 E.Blakey), 1ST DOWN",0.935215412611508,2025-10-25T20:06:57.000Z
401762874,4017628747,401762874154,4,3,Western Michigan,Mid-American,0,Miami (OH),Mid-American,6,Miami (OH),Western Michigan,2,"{'minutes': 14, 'seconds': 0}",3.0,3.0,66,66,1,10,0,False,Pass Incompletion,(14:04) Shotgun #24 O.Mataele pass incomplete deep right to #0 T.Williams thrown to Mia40,-0.9864556271674072,2025-10-25T20:07:38.000Z
401762874,4017628747,401762874157,4,4,Western Michigan,Mid-American,0,Miami (OH),Mid-American,6,Miami (OH),Western Michigan,2,"{'minutes': 13, 'seconds': 54}",3.0,3.0,66,66,2,10,6,False,Rush,"(13:58) Shotgun #6 J.Buckley rush right for 6 yards gain to the WMU40 (#12 C.Hondru; #20 A.Trick), out of bounds",0.2415196239015955,2025-10-25T20:08:15.000Z
401762874,4017628747,401762874161,4,5,Western Michigan,Mid-American,0,Miami (OH),Mid-American,6,Miami (OH),Western Michigan,2,"{'minutes': 13, 'seconds': 14}",3.0,3.0,60,60,3,4,5,False,Pass Reception,"(13:26) Shotgun #12 B.Lowry pass complete short right to #84 K.Boone-Nelson caught at WMU45, for 5 yards to the WMU45, out of bounds at WMU45, 1ST DOWN",1.805092155679061,2025-10-25T20:08:53.000Z
401762874,4017628747,401762874166,4,6,Western Michigan,Mid-American,0,Miami (OH),Mid-American,6,Miami (OH),Western Michigan,2,"{'minutes': 12, 'seconds': 45}",3.0,3.0,55,55,1,10,22,False,Rush,"(12:53) Shotgun #12 B.Lowry rush right for 22 yards gain to the Mia33 (#8 K.Beasley; #3 M.McCain), 1ST DOWN",1.373538463814377,2025-10-25T20:09:32.000Z
401762874,4017628747,401762874170,4,7,Western Michigan,Mid-American,0,Miami (OH),Mid-American,6,Miami (OH),Western Michigan,2,"{'minutes': 12, 'seconds': 6}",3.0,3.0,33,33,1,10,-11,False,Sack,(12:11) Shotgun #12 B.Lowry sacked for loss of 11 yards to the Mia44 (#12 C.Hondru),-2.8086618778941794,2025-10-25T20:10:14.000Z
401762874,4017628747,401762874174,4,8,Western Michigan,Mid-American,0,Miami (OH),Mid-American,6,Miami (OH),Western Michigan,2,"{'minutes': 11, 'seconds': 26}",3.0,3.0,44,44,2,21,6,False,Pass Reception,"(11:31) Shotgun #12 B.Lowry pass complete short middle to #0 T.Williams caught at Mia41, for 6 yards to the Mia38 (#12 C.Hondru), out of bounds",0.2486606955122373,2025-10-25T20:10:52.000Z
401762874,4017628747,401762874179,4,9,Western Michigan,Mid-American,0,Miami (OH),Mid-American,6,Miami (OH),Western Michigan,2,"{'minutes': 10, 'seconds': 55}",3.0,3.0,38,38,3,15,0,False,Pass Incompletion,(10:58) Shotgun #12 B.Lowry pass incomplete short left to #0 T.Williams thrown to Mia36,-0.8695017668597292,2025-10-25T20:11:34.000Z
401762874,4017628748,401762874221,5,8,Miami (OH),Mid-American,6,Western Michigan,Mid-American,0,Miami (OH),Western Michigan,2,"{'minutes': 6, 'seconds': 38}",3.0,3.0,55,45,4,2,0,False,Punt,(06:44) #34 P.Stainton punt 38 yards to the WMU07 fair catch by #86 B.Bosma at WMU07,,2025-10-25T20:23:57.000Z
401762874,4017628748,401762874186,5,1,Miami (OH),Mid-American,6,Western Michigan,Mid-American,0,Miami (OH),Western Michigan,2,"{'minutes': 10, 'seconds': 23}",3.0,3.0,20,80,1,10,12,False,Pass Completion,"(10:47) Shotgun #1 D.Finn pass complete short left to #0 K.Reynolds caught at Mia32, for 12 yards to the Mia32 (#8 J.Sims), out of bounds, 1ST DOWN. WMU is challenging the ruling on the field - ""Pass completion"". CALL UPHELD",0.8667470799632433,2025-10-25T20:15:36.000Z
401762874,4017628748,401762874194,5,2,Miami (OH),Mid-American,6,Western Michigan,Mid-American,0,Miami (OH),Western Michigan,2,"{'minutes': 10, 'seconds': 18}",3.0,3.0,32,68,1,10,6,False,Rush,(10:23) Shotgun #6 J.Brunson rush middle for 6 yards gain to the Mia38 (#1 J.Franklin; #18 M.Davis),0.3855228600463665,2025-10-25T20:19:32.000Z
401762874,4017628748,401762874199,5,3,Miami (OH),Mid-American,6,Western Michigan,Mid-American,0,Miami (OH),Western Michigan,2,"{'minutes': 9, 'seconds': 31}",3.0,3.0,38,62,2,4,0,False,Rush,"(09:40) Shotgun #1 D.Finn rush left for 0 yards to the Mia38 (#98 D.Frazier), out of bounds",-1.087427766848994,2025-10-25T20:20:22.000Z
401762874,4017628748,401762874204,5,4,Miami (OH),Mid-American,6,Western Michigan,Mid-American,0,Miami (OH),Western Michigan,2,"{'minutes': 8, 'seconds': 45}",3.0,3.0,38,62,3,4,9,False,Pass Reception,"(08:57) Shotgun #1 D.Finn pass complete short right to #84 C.Weaver caught at Mia45, for 9 yards to the Mia47 (#9 J.Camden; #1 J.Franklin), 1ST DOWN",2.1259161888711793,2025-10-25T20:21:01.000Z
401762874,4017628748,401762874209,5,5,Miami (OH),Mid-American,6,Western Michigan,Mid-American,0,Miami (OH),Western Michigan,2,"{'minutes': 8, 'seconds': 1}",3.0,3.0,47,53,1,10,5,False,Pass Reception,"(08:09) Shotgun #1 D.Finn pass complete short right to #84 C.Weaver caught at WMU49, for 5 yards to the WMU48 (#14 J.Peters)",0.1057711896973057,2025-10-25T20:21:49.000Z
401762874,4017628748,401762874214,5,6,Miami (OH),Mid-American,6,Western Michigan,Mid-American,0,Miami (OH),Western Michigan,2,"{'minutes': 7, 'seconds': 24}",3.0,3.0,52,48,2,5,0,False,Pass Incompletion,(07:29) Shotgun #1 D.Finn pass incomplete deep right to #8 K.Perry thrown to WMU15,-1.1848014830685507,2025-10-25T20:22:30.000Z
401762874,4017628748,401762874217,5,7,Miami (OH),Mid-American,6,Western Michigan,Mid-American,0,Miami (OH),Western Michigan,2,"{'minutes': 7, 'seconds': 18}",3.0,3.0,52,48,3,5,3,False,Rush,(07:23) Shotgun #30 J.Ringer rush right for 3 yards gain to the WMU45 (#10 S.Saipaia; #11 N.Tucker),-0.3940801027152645,2025-10-25T20:23:19.000Z
401762874,4017628749,401762874237,6,4,Western Michigan,Mid-American,7,Miami (OH),Mid-American,6,Miami (OH),Western Michigan,2,"{'minutes': 5, 'seconds': 17}",3.0,3.0,43,43,1,10,43,True,Pass Reception,"(05:24) Shotgun #12 B.Lowry pass complete deep middle to #0 T.Williams caught at Mia00, for 43 yards to the Mia00 TOUCHDOWN, clock 05:17, 1ST DOWN #20 P.Domschke kick attempt good (H: #25 R.Millmore, LS: #46 R.Todd)",3.3523700879308542,2025-10-25T20:28:53.000Z
401762874,4017628749,401762874225,6,1,Western Michigan,Mid-American,0,Miami (OH),Mid-American,6,Miami (OH),Western Michigan,2,"{'minutes': 6, 'seconds': 29}",3.0,3.0,93,93,1,10,5,False,Rush,(06:38) No Huddle-Shotgun #24 O.Mataele rush middle for 5 yards gain to the WMU12 (#8 K.Beasley),0.06612453033554554,2025-10-25T20:26:50.000Z
401762874,4017628749,401762874229,6,2,Western Michigan,Mid-American,0,Miami (OH),Mid-American,6,Miami (OH),Western Michigan,2,"{'minutes': 5, 'seconds': 54}",3.0,3.0,88,88,2,5,0,False,Pass Incompletion,(05:57) Shotgun #12 B.Lowry pass incomplete short left to #18 A.Chenault thrown to WMU15,-0.3446696520639847,2025-10-25T20:27:30.000Z
401762874,4017628749,401762874232,6,3,Western Michigan,Mid-American,0,Miami (OH),Mid-American,6,Miami (OH),Western Michigan,2,"{'minutes': 5, 'seconds': 45}",3.0,3.0,88,88,3,5,45,False,Pass Reception,"(05:52) Shotgun #12 B.Lowry pass complete deep left to #18 A.Chenault caught at WMU47, for 45 yards to the Mia43 (#5 L.Evans), 1ST DOWN",3.7996822456996355,2025-10-25T20:28:12.000Z
401762874,40176287411,401762874245,7,1,Western Michigan,Mid-American,7,Miami (OH),Mid-American,6,Miami (OH),Western Michigan,2,"{'minutes': 5, 'seconds': 17}",3.0,3.0,65,65,1,10,0,False,Kickoff,"(05:17) #31 H.Smith kickoff 65 yards to the Mia00, Touchback",,2025-10-25T20:29:47.000Z
401762874,40176287411,401762874270,7,7,Miami (OH),Mid-American,6,Western Michigan,Mid-American,7,Miami (OH),Western Michigan,2,"{'minutes': 3, 'seconds': 18}",2.0,3.0,85,15,2,6,0,False,Timeout,"Timeout Miami (OH), clock 03:18",,2025-10-25T20:37:15.000Z
401762874,40176287411,401762874274,7,9,Miami (OH),Mid-American,9,Western Michigan,Mid-American,7,Miami (OH),Western Michigan,2,"{'minutes': 2, 'seconds': 36}",2.0,3.0,88,12,4,3,29,True,Field Goal Good,"(02:38) #31 D.Dzioban field goal attempt from 29 yards GOOD (H: #34 P.Stainton, LS: #59 H.Powell), clock 02:36",,2025-10-25T20:38:58.000Z
401762874,40176287411,401762874248,7,2,Miami (OH),Mid-American,6,Western Michigan,Mid-American,7,Miami (OH),Western Michigan,2,"{'minutes': 5, 'seconds': 7}",3.0,3.0,25,75,1,10,46,False,Rush,"(05:17) No Huddle-Shotgun #6 J.Brunson rush left for 46 yards gain to the WMU29 (#3 T.Hallock), 1ST DOWN",3.2894539351232095,2025-10-25T20:33:49.000Z
401762874,40176287411,401762874252,7,3,Miami (OH),Mid-American,6,Western Michigan,Mid-American,7,Miami (OH),Western Michigan,2,"{'minutes': 4, 'seconds': 20}",3.0,3.0,71,29,1,10,0,False,Pass Incompletion,(04:24) No Huddle-Shotgun #1 D.Finn pass incomplete deep right to #0 K.Reynolds thrown to WMU03,-0.534372502378378,2025-10-25T20:34:41.000Z
401762874,40176287411,401762874255,7,4,Miami (OH),Mid-American,6,Western Michigan,Mid-American,7,Miami (OH),Western Michigan,2,"{'minutes': 4, 'seconds': 13}",3.0,3.0,71,29,2,10,10,False,Pass Reception,"(04:20) No Huddle-Shotgun #1 D.Finn pass complete short left to #84 C.Weaver caught at WMU24, for 10 yards to the WMU19 (#8 J.Sims), 1ST DOWN",0.718226058338967,2025-10-25T20:35:22.000Z
401762874,40176287411,401762874260,7,5,Miami (OH),Mid-American,6,Western Michigan,Mid-American,7,Miami (OH),Western Michigan,2,"{'minutes': 3, 'seconds': 53}",3.0,3.0,81,19,1,10,4,False,Pass Reception,"(03:54) No Huddle-Shotgun #1 D.Finn pass complete short left to #8 K.Perry caught at WMU20, for 4 yards to the WMU15 (#8 J.Sims), out of bounds",-0.024495891923003,2025-10-25T20:35:46.000Z
401762874,40176287411,401762874265,7,6,Miami (OH),Mid-American,6,Western Michigan,Mid-American,7,Miami (OH),Western Michigan,2,"{'minutes': 3, 'seconds': 18}",3.0,3.0,85,15,2,6,0,False,Pass Incompletion,(03:20) No Huddle-Shotgun #1 D.Finn pass incomplete short left to #8 K.Perry thrown to WMU06 broken up by #18 M.Davis,-0.38344567147044,2025-10-25T20:36:24.000Z
401762874,40176287411,401762874268,7,8,Miami (OH),Mid-American,6,Western Michigan,Mid-American,7,Miami (OH),Western Michigan,2,"{'minutes': 3, 'seconds': 7}",2.0,3.0,85,15,3,6,3,False,Rush,(03:18) No Huddle-Shotgun #1 D.Finn rush middle for 3 yards gain to the WMU12 (#91 M.Tyler),-0.1490751276798363,2025-10-25T20:38:23.000Z
401762874,40176287413,401762874321,8,11,Western Michigan,Mid-American,14,Miami (OH),Mid-American,9,Miami (OH),Western Michigan,2,"{'minutes': 0, 'seconds': 52}",1.0,2.0,2,2,3,2,2,True,Rush,"(00:52) No Huddle-Shotgun #2 M.Brescia rush right for 2 yards gain to the Mia00 TOUCHDOWN, clock 00:49 #20 P.Domschke kick attempt good (H: #25 R.Millmore, LS: #46 R.Todd)",2.544830284062861,2025-10-25T20:52:14.000Z
401762874,40176287413,401762874289,8,3,Western Michigan,Mid-American,7,Miami (OH),Mid-American,9,Miami (OH),Western Michigan,2,"{'minutes': 2, 'seconds': 0}",3.0,2.0,79,79,1,10,0,False,Timeout,"Timeout , clock 02:00",,2025-10-25T20:42:01.000Z
401762874,40176287413,401762874277,8,1,Miami (OH),Mid-American,9,Western Michigan,Mid-American,7,Miami (OH),Western Michigan,2,"{'minutes': 2, 'seconds': 21}",2.0,3.0,35,65,1,10,72,False,Kickoff,(02:36) #38 K.McLaughlin kickoff 58 yards to the WMU07 #5 D.Miles return 72 yards to the Mia21 (#13 J.Agee),,2025-10-25T20:40:30.000Z
401762874,40176287413,401762874297,8,6,Western Michigan,Mid-American,7,Miami (OH),Mid-American,9,Miami (OH),Western Michigan,2,"{'minutes': 1, 'seconds': 48}",2.0,2.0,20,20,3,9,0,False,Timeout,"Timeout Western Michigan, clock 01:48",,2025-10-25T20:46:27.000Z
401762874,40176287413,401762874314,8,10,Western Michigan,Mid-American,7,Miami (OH),Mid-American,9,Miami (OH),Western Michigan,2,"{'minutes': 0, 'seconds': 54}",1.0,2.0,4,4,2,4,0,False,Timeout,"Timeout Western Michigan, clock 00:54",,2025-10-25T20:49:31.000Z
401762874,40176287413,401762874282,8,2,Western Michigan,Mid-American,7,Miami (OH),Mid-American,9,Miami (OH),Western Michigan,2,"{'minutes': 2, 'seconds': 9}",3.0,2.0,21,21,1,10,1,False,Pass Reception,"(02:21) Shotgun #12 B.Lowry pass complete short left to #0 T.Williams caught at Mia27, for 1 yard to the Mia20 (#1 E.Blakey)",-0.299663506721031,2025-10-25T20:41:28.000Z
401762874,40176287413,401762874287,8,4,Western Michigan,Mid-American,7,Miami (OH),Mid-American,9,Miami (OH),Western Michigan,2,"{'minutes': 1, 'seconds': 54}",3.0,2.0,20,20,2,9,0,False,Pass Incompletion,(02:00) Shotgun #12 B.Lowry pass incomplete short right thrown to Mia20 QB hurried by #22 B.Jobe,-0.4604860525382467,2025-10-25T20:44:59.000Z
401762874,40176287413,401762874291,8,5,Western Michigan,Mid-American,7,Miami (OH),Mid-American,9,Miami (OH),Western Michigan,2,"{'minutes': 1, 'seconds': 48}",3.0,2.0,20,20,3,9,8,False,Rush,"(01:54) Shotgun #6 J.Buckley rush left for 8 yards gain to the Mia12 (#24 M.Yharbrough), out of bounds",0.3642095717833607,2025-10-25T20:45:39.000Z
401762874,40176287413,401762874298,8,7,Western Michigan,Mid-American,7,Miami (OH),Mid-American,9,Miami (OH),Western Michigan,2,"{'minutes': 1, 'seconds': 42}",2.0,2.0,12,12,4,1,3,False,Rush,"(01:48) No Huddle-Shotgun #12 B.Lowry rush right for 3 yards gain to the Mia09 (#3 M.McCain; #20 A.Trick), 1ST DOWN",0.603998977624942,2025-10-25T20:47:31.000Z
401762874,40176287413,401762874302,8,8,Western Michigan,Mid-American,7,Miami (OH),Mid-American,9,Miami (OH),Western Michigan,2,"{'minutes': 1, 'seconds': 18}",2.0,2.0,9,9,1,9,5,False,Rush,(01:24) No Huddle-Shotgun #12 B.Lowry rush middle for 5 yards gain to the Mia04 (#33 J.Kuwatch),0.0903475831985075,2025-10-25T20:48:07.000Z
401762874,40176287413,401762874306,8,9,Western Michigan,Mid-American,7,Miami (OH),Mid-American,9,Miami (OH),Western Michigan,2,"{'minutes': 0, 'seconds': 54}",2.0,2.0,4,4,2,4,2,False,Rush,"(00:57) No Huddle-Shotgun #12 B.Lowry rush right for 2 yards gain to the Mia02 (#1 E.Blakey), out of bounds",-0.2109400436149005,2025-10-25T20:48:32.000Z
401762874,40176287415,401762874328,9,2,Western Michigan,Mid-American,14,Miami (OH),Mid-American,9,Miami (OH),Western Michigan,2,"{'minutes': 0, 'seconds': 42}",1.0,2.0,65,65,1,10,24,False,Kickoff,(00:49) #31 H.Smith kickoff 57 yards to the Mia08 #10 L.Billups-Williams return 24 yards to the Mia32 (#16 J.Lyles),,2025-10-25T20:54:02.000Z
401762874,40176287415,401762874341,9,4,Miami (OH),Mid-American,9,Western Michigan,Mid-American,14,Miami (OH),Western Michigan,2,"{'minutes': 0, 'seconds': 30}",2.0,1.0,32,68,3,10,5,False,Penalty,PENALTY Mia False Start (#78 D.Terrill) 5 yards from Mia32 to Mia27. NO PLAY,,2025-10-25T20:56:22.000Z
401762874,40176287415,401762874352,9,1,Miami (OH),Mid-American,9,Western Michigan,Mid-American,14,Miami (OH),Western Michigan,2,"{'minutes': 0, 'seconds': 43}",2.0,1.0,32,68,1,10,0,False,Pass Incompletion,(00:43) No Huddle-Shotgun #1 D.Finn pass incomplete short left thrown to WMU50 QB hurried by #11 N.Tucker,-0.9262377870973815,2025-10-25T21:05:05.000Z
401762874,40176287415,401762874336,9,3,Miami (OH),Mid-American,9,Western Michigan,Mid-American,14,Miami (OH),Western Michigan,2,"{'minutes': 0, 'seconds': 30}",2.0,1.0,32,68,2,10,0,False,Pass Incompletion,(00:36) No Huddle-Shotgun #1 D.Finn pass incomplete short left to #8 K.Perry thrown to Mia45 QB hurried by #11 N.Tucker,-0.5135431143257803,2025-10-25T20:55:28.000Z
401762874,40176287415,401762874344,9,5,Miami (OH),Mid-American,9,Western Michigan,Mid-American,14,Miami (OH),Western Michigan,2,"{'minutes': 0, 'seconds': 29}",2.0,1.0,27,73,3,15,6,False,Rush,(00:29) No Huddle-Shotgun #1 D.Finn rush middle for 6 yards gain to the Mia33 (#1 J.Franklin),0.04847876713627919,2025-10-25T20:56:57.000Z
401762874,40176287415,401762874350,9,6,Miami (OH),Mid-American,9,Western Michigan,Mid-American,14,Miami (OH),Western Michigan,2,"{'minutes': 0, 'seconds': 0}",2.0,1.0,27,73,3,15,6,False,End Period,End of 2nd quarter.,0.04847876713627919,2025-10-25T20:57:31.000Z
401762874,40176287417,401762874377,10,5,Western Michigan,Mid-American,14,Miami (OH),Mid-American,9,Miami (OH),Western Michigan,3,"{'minutes': 12, 'seconds': 55}",3.0,3.0,85,85,4,8,-2,False,Punt,(13:05) #25 R.Millmore punt 55 yards to the Mia30 #10 L.Billups-Williams return for loss of 2 yards to the Mia28 (#16 J.Lyles),,2025-10-25T21:21:21.000Z
401762874,40176287417,401762874358,10,1,Miami (OH),Mid-American,9,Western Michigan,Mid-American,14,Miami (OH),Western Michigan,3,"{'minutes': 14, 'seconds': 56}",3.0,3.0,35,65,1,10,13,False,Kickoff,(15:00) #38 K.McLaughlin kickoff 65 yards to the WMU00 #5 D.Miles return 13 yards to the WMU13 (#11 B.Uihlein),,2025-10-25T21:18:40.000Z
401762874,40176287417,401762874369,10,3,Western Michigan,Mid-American,14,Miami (OH),Mid-American,9,Miami (OH),Western Michigan,3,"{'minutes': 14, 'seconds': 14}",3.0,3.0,87,87,2,10,-2,False,Rush,(14:21) Shotgun #12 B.Lowry rush left for 2 yards loss to the WMU11 (#12 C.Hondru; #92 R.Andrews),-0.2198015228052368,2025-10-25T21:19:59.000Z
401762874,40176287417,401762874365,10,2,Western Michigan,Mid-American,14,Miami (OH),Mid-American,9,Miami (OH),Western Michigan,3,"{'minutes': 14, 'seconds': 47}",3.0,3.0,87,87,1,10,0,False,Rush,(14:56) No Huddle-Shotgun #1 C.Leary rush left for 0 yards to the WMU13 (#12 C.Hondru),-0.40084650139258127,2025-10-25T21:19:25.000Z
401762874,40176287417,401762874373,10,4,Western Michigan,Mid-American,14,Miami (OH),Mid-American,9,Miami (OH),Western Michigan,3,"{'minutes': 13, 'seconds': 39}",3.0,3.0,89,89,3,12,4,False,Rush,(13:43) Shotgun #6 J.Buckley rush left for 4 yards gain to the WMU15 (#33 J.Kuwatch; #3 M.McCain),-0.00863659700919506,2025-10-25T21:20:38.000Z
401762874,40176287418,401762874395,11,4,Miami (OH),Mid-American,9,Western Michigan,Mid-American,14,Miami (OH),Western Michigan,3,"{'minutes': 11, 'seconds': 49}",3.0,3.0,34,66,4,4,0,False,Punt,(11:55) #34 P.Stainton punt 48 yards to the WMU18 fair catch by #86 B.Bosma at WMU18,,2025-10-25T21:24:42.000Z
401762874,40176287418,401762874383,11,1,Miami (OH),Mid-American,9,Western Michigan,Mid-American,14,Miami (OH),Western Michigan,3,"{'minutes': 12, 'seconds': 48}",3.0,3.0,28,72,1,10,6,False,Rush,(12:55) No Huddle-Shotgun #6 J.Brunson rush middle for 6 yards gain to the Mia34 (#9 J.Camden; #1 J.Franklin),0.3584299311182697,2025-10-25T21:22:09.000Z
401762874,40176287418,401762874387,11,2,Miami (OH),Mid-American,9,Western Michigan,Mid-American,14,Miami (OH),Western Michigan,3,"{'minutes': 12, 'seconds': 1}",3.0,3.0,34,66,2,4,0,False,Pass Incompletion,(12:08) Shotgun #1 D.Finn pass incomplete deep right to #84 C.Weaver thrown to WMU45 broken up by #8 J.Sims,-0.9655850662939871,2025-10-25T21:22:56.000Z
401762874,40176287418,401762874392,11,3,Miami (OH),Mid-American,9,Western Michigan,Mid-American,14,Miami (OH),Western Michigan,3,"{'minutes': 11, 'seconds': 55}",3.0,3.0,34,66,3,4,0,False,Pass Incompletion,(12:01) Shotgun #1 D.Finn pass incomplete short right to #86 B.Shane thrown to Mia48 broken up by #11 N.Tucker,-0.5118806205372062,2025-10-25T21:24:02.000Z
401762874,40176287419,401762874431,12,8,Western Michigan,Mid-American,14,Miami (OH),Mid-American,9,Miami (OH),Western Michigan,3,"{'minutes': 7, 'seconds': 59}",3.0,3.0,48,48,3,1,0,False,Rush,(08:04) Shotgun #12 B.Lowry rush middle for 0 yards to the Mia48 (#33 J.Kuwatch; #99 O.Alexander),-1.1835782054817103,2025-10-25T21:32:01.000Z
401762874,40176287419,401762874437,12,9,Western Michigan,Mid-American,14,Miami (OH),Mid-American,9,Miami (OH),Western Michigan,3,"{'minutes': 7, 'seconds': 19}",2.0,3.0,48,48,3,1,0,False,Timeout,"Timeout Western Michigan, clock 07:19",,2025-10-25T21:32:49.000Z
401762874,40176287419,401762874459,12,16,Western Michigan,Mid-American,17,Miami (OH),Mid-American,9,Miami (OH),Western Michigan,3,"{'minutes': 4, 'seconds': 10}",2.0,3.0,24,24,4,5,42,True,Field Goal Good,"(04:14) #20 P.Domschke field goal attempt from 42 yards GOOD (H: #25 R.Millmore, LS: #46 R.Todd), clock 04:10",,2025-10-25T21:39:36.000Z
401762874,40176287419,401762874399,12,1,Western Michigan,Mid-American,14,Miami (OH),Mid-American,9,Miami (OH),Western Michigan,3,"{'minutes': 11, 'seconds': 35}",3.0,3.0,82,82,1,10,5,False,Pass Reception,"(11:49) Shotgun #12 B.Lowry pass complete short left to #0 T.Williams caught at WMU22, for 5 yards to the WMU23 (#12 C.Hondru)",0.0820151488011058,2025-10-25T21:27:39.000Z
401762874,40176287419,401762874405,12,2,Western Michigan,Mid-American,14,Miami (OH),Mid-American,9,Miami (OH),Western Michigan,3,"{'minutes': 11, 'seconds': 7}",3.0,3.0,77,77,2,5,4,False,Rush,(11:14) Shotgun #24 O.Mataele rush right for 4 yards gain to the WMU27 (#8 K.Beasley; #99 O.Alexander),-0.0819471747656504,2025-10-25T21:28:09.000Z
401762874,40176287419,401762874409,12,3,Western Michigan,Mid-American,14,Miami (OH),Mid-American,9,Miami (OH),Western Michigan,3,"{'minutes': 10, 'seconds': 32}",3.0,3.0,73,73,3,1,2,False,Rush,"(10:37) Shotgun #12 B.Lowry rush middle for 2 yards gain to the WMU29 (#3 M.McCain; #33 J.Kuwatch), 1ST DOWN",0.7126134025024307,2025-10-25T21:28:47.000Z
401762874,40176287419,401762874413,12,4,Western Michigan,Mid-American,14,Miami (OH),Mid-American,9,Miami (OH),Western Michigan,3,"{'minutes': 9, 'seconds': 50}",3.0,3.0,71,71,1,10,2,False,Rush,(09:58) Shotgun #24 O.Mataele rush right for 2 yards gain to the WMU31 (#12 C.Hondru; #20 A.Trick),-0.5291040057203755,2025-10-25T21:29:30.000Z
401762874,40176287419,401762874418,12,5,Western Michigan,Mid-American,14,Miami (OH),Mid-American,9,Miami (OH),Western Michigan,3,"{'minutes': 9, 'seconds': 16}",3.0,3.0,69,69,2,8,12,False,Pass Reception,"(09:22) Shotgun #12 B.Lowry pass complete short right to #82 B.Brooks caught at WMU43, for 12 yards to the WMU43, out of bounds at WMU43, 1ST DOWN",1.8394041809640136,2025-10-25T21:30:01.000Z
401762874,40176287419,401762874423,12,6,Western Michigan,Mid-American,14,Miami (OH),Mid-American,9,Miami (OH),Western Michigan,3,"{'minutes': 8, 'seconds': 45}",3.0,3.0,57,57,1,10,0,False,Pass Incompletion,(08:49) Shotgun #12 B.Lowry pass incomplete short middle to #18 A.Chenault thrown to Mia40 QB hurried by #12 C.Hondru,-1.15714755134967,2025-10-25T21:30:42.000Z
401762874,40176287419,401762874426,12,7,Western Michigan,Mid-American,14,Miami (OH),Mid-American,9,Miami (OH),Western Michigan,3,"{'minutes': 8, 'seconds': 36}",3.0,3.0,57,57,2,10,9,False,Rush,(08:44) Shotgun #12 B.Lowry rush middle for 9 yards gain to the Mia48 (#8 K.Beasley; #26 E.Coppess),1.1020798542809,2025-10-25T21:31:23.000Z
401762874,40176287419,401762874435,12,10,Western Michigan,Mid-American,14,Miami (OH),Mid-American,9,Miami (OH),Western Michigan,3,"{'minutes': 7, 'seconds': 14}",2.0,3.0,48,48,4,1,3,False,Rush,"(07:18) Shotgun #6 J.Buckley rush middle for 3 yards gain to the Mia45 (#3 M.McCain; #33 J.Kuwatch), 1ST DOWN",2.227448514994739,2025-10-25T21:35:55.000Z
401762874,40176287419,401762874440,12,11,Western Michigan,Mid-American,14,Miami (OH),Mid-American,9,Miami (OH),Western Michigan,3,"{'minutes': 6, 'seconds': 39}",2.0,3.0,45,45,1,10,5,False,Rush,(06:45) Shotgun #12 B.Lowry rush right for 5 yards gain to the Mia40 (#12 C.Hondru),0.0943461181043617,2025-10-25T21:36:28.000Z
401762874,40176287419,401762874444,12,12,Western Michigan,Mid-American,14,Miami (OH),Mid-American,9,Miami (OH),Western Michigan,3,"{'minutes': 6, 'seconds': 4}",2.0,3.0,40,40,2,5,11,False,Rush,"(06:09) Shotgun #5 D.Miles rush middle for 11 yards gain to the Mia29 (#12 C.Hondru), 1ST DOWN",0.5938667823645943,2025-10-25T21:37:04.000Z
401762874,40176287419,401762874448,12,13,Western Michigan,Mid-American,14,Miami (OH),Mid-American,9,Miami (OH),Western Michigan,3,"{'minutes': 5, 'seconds': 30}",2.0,3.0,29,29,1,10,4,False,Rush,(05:35) Shotgun #12 B.Lowry rush middle for 4 yards gain to the Mia25 (#12 C.Hondru; #33 J.Kuwatch),-0.046112472291792,2025-10-25T21:37:38.000Z
401762874,40176287419,401762874452,12,14,Western Michigan,Mid-American,14,Miami (OH),Mid-American,9,Miami (OH),Western Michigan,3,"{'minutes': 4, 'seconds': 56}",2.0,3.0,25,25,2,6,1,False,Rush,(05:00) Shotgun #24 O.Mataele rush middle for 1 yard gain to the Mia24 (#33 J.Kuwatch; #23 O.McWood),-0.4368962505898234,2025-10-25T21:38:13.000Z
401762874,40176287419,401762874456,12,15,Western Michigan,Mid-American,14,Miami (OH),Mid-American,9,Miami (OH),Western Michigan,3,"{'minutes': 4, 'seconds': 14}",2.0,3.0,24,24,3,5,0,False,Pass Incompletion,(04:17) Shotgun #12 B.Lowry pass incomplete short right to #17 M.Dieudonne thrown to Mia21,-0.7342260893461016,2025-10-25T21:38:56.000Z
401762874,40176287421,401762874462,13,1,Western Michigan,Mid-American,17,Miami (OH),Mid-American,9,Miami (OH),Western Michigan,3,"{'minutes': 4, 'seconds': 10}",2.0,3.0,65,65,1,10,0,False,Kickoff,"(04:10) #31 H.Smith kickoff 65 yards to the Mia00, Touchback",,2025-10-25T21:39:42.000Z
401762874,40176287421,401762874488,13,7,Miami (OH),Mid-American,9,Western Michigan,Mid-American,17,Miami (OH),Western Michigan,3,"{'minutes': 1, 'seconds': 27}",3.0,2.0,47,53,4,3,0,False,Punt,"(01:36) #34 P.Stainton punt 53 yards to the WMU00, Touchback",,2025-10-25T21:47:44.000Z
401762874,40176287421,401762874465,13,2,Miami (OH),Mid-American,9,Western Michigan,Mid-American,17,Miami (OH),Western Michigan,3,"{'minutes': 3, 'seconds': 59}",3.0,2.0,25,75,1,10,4,False,Rush,"(04:10) No Huddle-Shotgun #1 D.Finn rush right for 4 yards gain to the Mia29 (#10 S.Saipaia), out of bounds",-0.1142886249388964,2025-10-25T21:44:20.000Z
401762874,40176287421,401762874470,13,3,Miami (OH),Mid-American,9,Western Michigan,Mid-American,17,Miami (OH),Western Michigan,3,"{'minutes': 3, 'seconds': 20}",3.0,2.0,29,71,2,6,11,False,Pass Reception,"(03:32) Shotgun #1 D.Finn pass complete short left to #84 C.Weaver caught at Mia33, for 11 yards to the Mia40 (#10 S.Saipaia; #5 A.Wofford), 1ST DOWN",1.4351431405165425,2025-10-25T21:44:52.000Z
401762874,40176287421,401762874475,13,4,Miami (OH),Mid-American,9,Western Michigan,Mid-American,17,Miami (OH),Western Michigan,3,"{'minutes': 2, 'seconds': 50}",3.0,2.0,40,60,1,10,0,False,Pass Incompletion,(02:54) Shotgun #1 D.Finn pass incomplete short right to #8 K.Perry thrown to Mia45,-1.1247712359915258,2025-10-25T21:45:30.000Z
401762874,40176287421,401762874478,13,5,Miami (OH),Mid-American,9,Western Michigan,Mid-American,17,Miami (OH),Western Michigan,3,"{'minutes': 2, 'seconds': 41}",3.0,2.0,40,60,2,10,5,False,Rush,"(02:50) Shotgun #1 D.Finn rush left for 5 yards gain to the Mia45 (#3 T.Hallock), out of bounds",0.0666921976583623,2025-10-25T21:46:23.000Z
401762874,40176287421,401762874483,13,6,Miami (OH),Mid-American,9,Western Michigan,Mid-American,17,Miami (OH),Western Michigan,3,"{'minutes': 2, 'seconds': 2}",3.0,2.0,45,55,3,5,2,False,Rush,"(02:10) Shotgun #1 D.Finn rush right for 2 yards gain to the Mia47 (#18 M.Davis), out of bounds",-0.5025821911506911,2025-10-25T21:47:11.000Z
401762874,40176287422,401762874504,14,4,Western Michigan,Mid-American,17,Miami (OH),Mid-American,9,Miami (OH),Western Michigan,3,"{'minutes': 0, 'seconds': 3}",2.0,3.0,76,76,4,6,0,False,Punt,(00:03) #25 R.Millmore punt 47 yards to the Mia29,,2025-10-25T21:50:44.000Z
401762874,40176287422,401762874492,14,1,Western Michigan,Mid-American,17,Miami (OH),Mid-American,9,Miami (OH),Western Michigan,3,"{'minutes': 1, 'seconds': 22}",2.0,3.0,80,80,1,10,0,False,Rush,(01:28) Shotgun #6 J.Buckley rush right for 0 yards to the WMU20 (#47 B.Rice; #20 A.Trick),-0.5586693796725282,2025-10-25T21:48:45.000Z
401762874,40176287422,401762874496,14,2,Western Michigan,Mid-American,17,Miami (OH),Mid-American,9,Miami (OH),Western Michigan,3,"{'minutes': 0, 'seconds': 39}",2.0,3.0,80,80,2,10,4,False,Pass Completion,"(00:51) Shotgun #12 B.Lowry pass complete short left to #1 C.Leary caught at WMU24, for 4 yards to the WMU24 (#12 C.Hondru)",-0.04461511769139115,2025-10-25T21:49:21.000Z
401762874,40176287422,401762874501,14,3,Western Michigan,Mid-American,17,Miami (OH),Mid-American,9,Miami (OH),Western Michigan,3,"{'minutes': 0, 'seconds': 3}",2.0,3.0,76,76,3,6,0,False,Pass Incompletion,(00:07) Shotgun #12 B.Lowry pass incomplete short left to #6 J.Buckley thrown to WMU24 broken up by #12 C.Hondru,-0.2368142460140934,2025-10-25T21:50:04.000Z
401762874,40176287422,401762874510,14,5,Western Michigan,Mid-American,17,Miami (OH),Mid-American,9,Miami (OH),Western Michigan,3,"{'minutes': 0, 'seconds': 0}",2.0,3.0,24,24,4,6,-5,False,End Period,End of 3rd quarter.,-2.888745063977165,2025-10-25T21:51:14.000Z
401762874,40176287423,401762874564,15,10,Miami (OH),Mid-American,15,Western Michigan,Mid-American,17,Miami (OH),Western Michigan,4,"{'minutes': 10, 'seconds': 31}",2.0,2.0,97,3,2,3,0,False,Timeout,"Timeout Miami (OH), clock 10:31",,2025-10-25T22:03:19.000Z
401762874,40176287423,401762874515,15,1,Miami (OH),Mid-American,9,Western Michigan,Mid-American,17,Miami (OH),Western Michigan,4,"{'minutes': 14, 'seconds': 55}",3.0,2.0,29,71,1,10,8,False,Pass Reception,"(15:00) Shotgun #1 D.Finn pass complete short right to #84 C.Weaver caught at Mia36, for 8 yards to the Mia37 (#8 J.Sims)",0.98359054098046,2025-10-25T21:54:51.000Z
401762874,40176287423,401762874522,15,2,Miami (OH),Mid-American,9,Western Michigan,Mid-American,17,Miami (OH),Western Michigan,4,"{'minutes': 14, 'seconds': 30}",3.0,2.0,37,63,2,2,3,False,Rush,"(14:35) Shotgun #6 J.Brunson rush middle for 3 yards gain to the Mia40 (#10 S.Saipaia), 1ST DOWN",0.0351257276308293,2025-10-25T21:55:19.000Z
401762874,40176287423,401762874526,15,3,Miami (OH),Mid-American,9,Western Michigan,Mid-American,17,Miami (OH),Western Michigan,4,"{'minutes': 14, 'seconds': 2}",3.0,2.0,40,60,1,10,10,False,Rush,"(14:08) Shotgun #6 J.Brunson rush left for 10 yards gain to the Mia50 (#10 S.Saipaia; #3 T.Hallock), 1ST DOWN",0.9154886720223024,2025-10-25T21:55:46.000Z
401762874,40176287423,401762874530,15,4,Miami (OH),Mid-American,9,Western Michigan,Mid-American,17,Miami (OH),Western Michigan,4,"{'minutes': 13, 'seconds': 23}",3.0,2.0,50,50,1,10,6,False,Rush,(13:28) Shotgun #6 J.Brunson rush middle for 6 yards gain to the WMU44 (#9 J.Camden; #99 R.McGraw),0.345257937612164,2025-10-25T21:56:24.000Z
401762874,40176287423,401762874534,15,5,Miami (OH),Mid-American,9,Western Michigan,Mid-American,17,Miami (OH),Western Michigan,4,"{'minutes': 12, 'seconds': 44}",3.0,2.0,56,44,2,4,3,False,Rush,(12:49) Shotgun #6 J.Brunson rush middle for 3 yards gain to the WMU41 (#91 M.Tyler),-0.383068284446194,2025-10-25T21:57:03.000Z
401762874,40176287423,401762874538,15,6,Miami (OH),Mid-American,9,Western Michigan,Mid-American,17,Miami (OH),Western Michigan,4,"{'minutes': 12, 'seconds': 5}",3.0,2.0,59,41,3,1,2,False,Rush,"(12:10) Shotgun #6 J.Brunson rush middle for 2 yards gain to the WMU39 (#18 M.Davis), 1ST DOWN",0.738783724023852,2025-10-25T21:57:45.000Z
401762874,40176287423,401762874542,15,7,Miami (OH),Mid-American,9,Western Michigan,Mid-American,17,Miami (OH),Western Michigan,4,"{'minutes': 11, 'seconds': 24}",3.0,2.0,61,39,1,10,36,False,Pass Reception,"(11:30) Shotgun #1 D.Finn pass complete deep right to #8 K.Perry caught at WMU05, for 36 yards to the WMU03 (#14 J.Peters), out of bounds, 1ST DOWN. The previous play is under automatic review - ""Pass completion"". CALL UPHELD",1.675986822200214,2025-10-25T21:58:23.000Z
401762874,40176287423,401762874550,15,8,Miami (OH),Mid-American,9,Western Michigan,Mid-American,17,Miami (OH),Western Michigan,4,"{'minutes': 11, 'seconds': 9}",3.0,2.0,97,3,1,3,0,False,Rush,(11:14) Shotgun #6 J.Brunson rush middle for 0 yards to the WMU03 (#10 S.Saipaia; #0 M.Al-Garawi),-0.746972881228756,2025-10-25T22:01:43.000Z
401762874,40176287423,401762874554,15,9,Miami (OH),Mid-American,15,Western Michigan,Mid-American,17,Miami (OH),Western Michigan,4,"{'minutes': 10, 'seconds': 31}",3.0,2.0,97,3,2,3,3,True,Passing Touchdown,Brian Shane 3 Yd pass from Dequan Finn (Two-Point Run Conversion Failed),2.211424613960093,2025-10-25T22:02:26.000Z
401762874,40176287425,401762874567,16,1,Miami (OH),Mid-American,15,Western Michigan,Mid-American,17,Miami (OH),Western Michigan,4,"{'minutes': 10, 'seconds': 21}",2.0,2.0,35,65,1,10,41,False,Kickoff,(10:31) #38 K.McLaughlin kickoff 60 yards to the WMU05 #5 D.Miles return 41 yards to the WMU46 (#11 B.Uihlein),,2025-10-25T22:10:04.000Z
401762874,40176287425,401762874598,16,8,Western Michigan,Mid-American,17,Miami (OH),Mid-American,15,Miami (OH),Western Michigan,4,"{'minutes': 7, 'seconds': 7}",2.0,2.0,38,38,4,4,0,False,Punt,(07:13) #25 R.Millmore punt 26 yards to the Mia12 fair catch by #10 L.Billups-Williams at Mia12,,2025-10-25T22:15:15.000Z
401762874,40176287425,401762874572,16,2,Western Michigan,Mid-American,17,Miami (OH),Mid-American,15,Miami (OH),Western Michigan,4,"{'minutes': 10, 'seconds': 11}",2.0,2.0,54,54,1,10,5,False,Rush,(10:21) No Huddle-Shotgun #12 B.Lowry rush middle for 5 yards gain to the Mia49 (#8 K.Beasley; #12 C.Hondru),0.1068990350586356,2025-10-25T22:10:50.000Z
401762874,40176287425,401762874576,16,3,Western Michigan,Mid-American,17,Miami (OH),Mid-American,15,Miami (OH),Western Michigan,4,"{'minutes': 9, 'seconds': 44}",2.0,2.0,49,49,2,5,4,False,Rush,(09:48) Shotgun #6 J.Buckley rush middle for 4 yards gain to the Mia45 (#33 J.Kuwatch),-0.156384493230643,2025-10-25T22:11:21.000Z
401762874,40176287425,401762874580,16,4,Western Michigan,Mid-American,17,Miami (OH),Mid-American,15,Miami (OH),Western Michigan,4,"{'minutes': 9, 'seconds': 5}",2.0,2.0,45,45,3,1,1,False,Rush,"(09:11) Shotgun #12 B.Lowry rush middle for 1 yard gain to the Mia44 (#47 B.Rice; #92 R.Andrews), 1ST DOWN",0.8215006383471941,2025-10-25T22:11:58.000Z
401762874,40176287425,401762874584,16,5,Western Michigan,Mid-American,17,Miami (OH),Mid-American,15,Miami (OH),Western Michigan,4,"{'minutes': 8, 'seconds': 5}",2.0,2.0,44,44,1,10,-8,False,Fumble Recovery (Own),(08:34) Shotgun #5 D.Miles rush right for 8 yards loss to the WMU48 fumbled by #5 D.Miles at Mia49 recovered by WMU #5 D.Miles at WMU49 (#20 A.Trick),-2.6714261245418136,2025-10-25T22:12:43.000Z
401762874,40176287425,401762874590,16,6,Western Michigan,Mid-American,17,Miami (OH),Mid-American,15,Miami (OH),Western Michigan,4,"{'minutes': 7, 'seconds': 47}",2.0,2.0,52,52,2,18,0,False,Pass Incompletion,(07:50) Shotgun #12 B.Lowry pass incomplete short right to #5 D.Miles thrown to WMU45 QB hurried by #20 A.Trick,-0.6574836730440543,2025-10-25T22:13:20.000Z
401762874,40176287425,401762874593,16,7,Western Michigan,Mid-American,17,Miami (OH),Mid-American,15,Miami (OH),Western Michigan,4,"{'minutes': 7, 'seconds': 37}",2.0,2.0,52,52,3,18,14,False,Rush,"(07:47) Shotgun #12 B.Lowry rush right for 14 yards gain to the Mia38 (#1 E.Blakey), out of bounds. #8 K.Beasley injured on the play",1.574413573746269,2025-10-25T22:14:11.000Z
401762874,40176287426,401762874602,17,1,Miami (OH),Mid-American,15,Western Michigan,Mid-American,17,Miami (OH),Western Michigan,4,"{'minutes': 7, 'seconds': 2}",2.0,2.0,12,88,1,10,0,False,Pass Incompletion,(07:07) Shotgun #1 D.Finn pass incomplete short left to #8 K.Perry thrown to Mia10 QB hurried by #9 J.Camden,-0.3826565410356668,2025-10-25T22:18:12.000Z
401762874,40176287426,401762874605,17,2,Miami (OH),Mid-American,15,Western Michigan,Mid-American,17,Miami (OH),Western Michigan,4,"{'minutes': 6, 'seconds': 57}",2.0,2.0,12,88,2,10,0,False,Rush,(07:02) Shotgun #6 J.Brunson rush middle for 0 yards to the Mia12 (#10 S.Saipaia; #9 J.Camden),-0.1687924871141524,2025-10-25T22:20:21.000Z
401762874,40176287426,401762874609,17,3,Miami (OH),Mid-American,15,Western Michigan,Mid-American,17,Miami (OH),Western Michigan,4,"{'minutes': 6, 'seconds': 11}",2.0,2.0,12,88,3,10,10,False,Rush,"(06:18) Shotgun #1 D.Finn rush left for 10 yards gain to the Mia22 (#10 S.Saipaia), out of bounds, 1ST DOWN",1.0107242173930135,2025-10-25T22:21:10.000Z
401762874,40176287426,401762874614,17,4,Miami (OH),Mid-American,15,Western Michigan,Mid-American,17,Miami (OH),Western Michigan,4,"{'minutes': 5, 'seconds': 43}",2.0,2.0,22,78,1,10,10,False,Pass Reception,"(05:48) Shotgun #1 D.Finn pass complete short left to #84 C.Weaver caught at Mia30, for 10 yards to the Mia32 (#8 J.Sims), out of bounds, 1ST DOWN",0.7526740866992627,2025-10-25T22:21:49.000Z
401762874,40176287426,401762874621,17,5,Miami (OH),Mid-American,15,Western Michigan,Mid-American,17,Miami (OH),Western Michigan,4,"{'minutes': 5, 'seconds': 8}",2.0,2.0,32,68,1,10,50,False,Pass Reception,"(05:16) Shotgun #1 D.Finn pass complete deep right to #8 K.Perry caught at WMU25, for 50 yards to the WMU18 (#14 J.Peters), 1ST DOWN",2.9275180065712685,2025-10-25T22:22:25.000Z
401762874,40176287426,401762874626,17,6,Miami (OH),Mid-American,23,Western Michigan,Mid-American,17,Miami (OH),Western Michigan,4,"{'minutes': 4, 'seconds': 40}",2.0,2.0,82,18,1,10,18,True,Rush,"(04:45) Shotgun #1 D.Finn rush left for 18 yards gain to the WMU00 TOUCHDOWN, clock 04:40, 1ST DOWN #8 K.Perry pass attempt Successful. The previous play is under automatic review - """" #8 K.Perry pass attempt Successful. The previous play is under automatic review - ""Short of the goal line"". CALL OVERTURNED. (Original Play: #8 K.Perry pass attempt Successful)",2.591792709070591,2025-10-25T22:23:16.000Z
401762874,40176287428,401762874644,18,1,Miami (OH),Mid-American,23,Western Michigan,Mid-American,17,Miami (OH),Western Michigan,4,"{'minutes': 4, 'seconds': 29}",2.0,2.0,35,65,1,10,21,False,Kickoff,(04:40) #38 K.McLaughlin kickoff 65 yards to the WMU00 #5 D.Miles return 21 yards to the WMU21 (#1 E.Blakey; #23 O.McWood),,2025-10-25T22:27:51.000Z
401762874,40176287428,401762874665,18,6,Western Michigan,Mid-American,17,Miami (OH),Mid-American,23,Miami (OH),Western Michigan,4,"{'minutes': 3, 'seconds': 29}",2.0,2.0,66,66,2,10,10,False,Penalty,"(03:29) Shotgun #12 B.Lowry pass incomplete short left to #82 B.Brooks thrown to WMU45, 1ST DOWN, PENALTY Mia Pass Interference (#24 M.Yharbrough) 10 yards from WMU34 to WMU44, 1ST DOWN. NO PLAY",,2025-10-25T22:31:16.000Z
401762874,40176287428,401762874649,18,2,Western Michigan,Mid-American,17,Miami (OH),Mid-American,23,Miami (OH),Western Michigan,4,"{'minutes': 4, 'seconds': 20}",2.0,2.0,79,79,1,10,7,False,Pass Reception,"(04:29) Shotgun #12 B.Lowry pass complete short right to #86 B.Bosma caught at WMU26, for 7 yards to the WMU28 (#1 E.Blakey; #12 C.Hondru)",0.5413772358558367,2025-10-25T22:28:44.000Z
401762874,40176287428,401762874654,18,3,Western Michigan,Mid-American,17,Miami (OH),Mid-American,23,Miami (OH),Western Michigan,4,"{'minutes': 4, 'seconds': 1}",2.0,2.0,72,72,2,3,0,False,Pass Incompletion,(04:06) Shotgun #12 B.Lowry pass incomplete short right to #18 A.Chenault thrown to WMU35 QB hurried by #12 C.Hondru,-0.8635333954549774,2025-10-25T22:29:04.000Z
401762874,40176287428,401762874657,18,4,Western Michigan,Mid-American,17,Miami (OH),Mid-American,23,Miami (OH),Western Michigan,4,"{'minutes': 3, 'seconds': 52}",2.0,2.0,72,72,3,3,6,False,Rush,"(04:01) Shotgun #12 B.Lowry rush left for 6 yards gain to the WMU34 (#26 E.Coppess), out of bounds, 1ST DOWN",1.3159215596866822,2025-10-25T22:30:01.000Z
401762874,40176287428,401762874662,18,5,Western Michigan,Mid-American,17,Miami (OH),Mid-American,23,Miami (OH),Western Michigan,4,"{'minutes': 3, 'seconds': 29}",2.0,2.0,66,66,1,10,0,False,Pass Incompletion,(03:33) Shotgun #12 B.Lowry pass incomplete short left to #17 M.Dieudonne thrown to Mia50,-0.9864556271674072,2025-10-25T22:30:26.000Z
401762874,40176287428,401762874669,18,7,Western Michigan,Mid-American,17,Miami (OH),Mid-American,23,Miami (OH),Western Michigan,4,"{'minutes': 3, 'seconds': 8}",2.0,2.0,56,56,1,10,-5,False,Pass Reception,"(03:24) Shotgun #12 B.Lowry pass complete short right to #84 K.Boone-Nelson caught at WMU39, for 5 yards loss to the WMU39 (#8 K.Beasley)",-2.080869692630923,2025-10-25T22:31:58.000Z
401762874,40176287428,401762874674,18,8,Western Michigan,Mid-American,17,Miami (OH),Mid-American,23,Miami (OH),Western Michigan,4,"{'minutes': 2, 'seconds': 54}",2.0,2.0,61,61,2,15,0,False,Fumble Recovery (Own),"(02:56) Shotgun #12 B.Lowry sacked for loss of 0 yards to the WMU39 (#20 A.Trick), fumble by #12 B.Lowry recovered by Mia #92 R.Andrews at WMU39, End Of Play",-0.5013803799730399,2025-10-25T22:32:54.000Z
401762874,40176287429,401762874691,19,3,Western Michigan,Mid-American,17,Miami (OH),Mid-American,23,Miami (OH),Western Michigan,4,"{'minutes': 2, 'seconds': 7}",1.0,2.0,61,61,2,10,0,False,Timeout,"Timeout Western Michigan, clock 02:07",,2025-10-25T22:35:14.000Z
401762874,40176287429,401762874696,19,5,Miami (OH),Mid-American,23,Western Michigan,Mid-American,17,Miami (OH),Western Michigan,4,"{'minutes': 2, 'seconds': 0}",2.0,1.0,61,39,3,10,0,False,Timeout,"Timeout , clock 02:00",,2025-10-25T22:38:29.000Z
401762874,40176287429,401762874694,19,6,Miami (OH),Mid-American,26,Western Michigan,Mid-American,17,Miami (OH),Western Michigan,4,"{'minutes': 1, 'seconds': 56}",2.0,1.0,66,34,4,5,51,True,Field Goal Good,"(02:00) #31 D.Dzioban field goal attempt from 51 yards GOOD (H: #34 P.Stainton, LS: #59 H.Powell), clock 01:56",,2025-10-25T22:40:07.000Z
401762874,40176287429,401762874681,19,1,Miami (OH),Mid-American,23,Western Michigan,Mid-American,17,Miami (OH),Western Michigan,4,"{'minutes': 2, 'seconds': 48}",2.0,2.0,61,39,1,10,0,False,Rush,(02:54) Shotgun #14 D.Jones rush middle for 0 yards to the WMU39 (#8 J.Sims; #10 S.Saipaia),-0.814236079442537,2025-10-25T22:34:07.000Z
401762874,40176287429,401762874685,19,2,Miami (OH),Mid-American,23,Western Michigan,Mid-American,17,Miami (OH),Western Michigan,4,"{'minutes': 2, 'seconds': 8}",2.0,2.0,61,39,2,10,0,False,Rush,(02:10) Shotgun #6 J.Brunson rush middle for 0 yards to the WMU39 (#91 M.Tyler; #99 R.McGraw),-1.008878077670078,2025-10-25T22:34:51.000Z
401762874,40176287429,401762874689,19,4,Miami (OH),Mid-American,23,Western Michigan,Mid-American,17,Miami (OH),Western Michigan,4,"{'minutes': 2, 'seconds': 0}",2.0,1.0,61,39,3,10,5,False,Rush,"(02:07) Shotgun #1 D.Finn rush right for 5 yards gain to the WMU34 (#3 T.Hallock), out of bounds",0.0577696154218527,2025-10-25T22:36:32.000Z
401762874,40176287431,401762874698,20,1,Miami (OH),Mid-American,26,Western Michigan,Mid-American,17,Miami (OH),Western Michigan,4,"{'minutes': 1, 'seconds': 52}",2.0,1.0,35,65,1,10,17,False,Kickoff,(01:56) #38 K.McLaughlin kickoff 65 yards to the WMU00 #5 D.Miles return 17 yards to the WMU17 (#33 J.Kuwatch),,2025-10-25T22:41:30.000Z
401762874,40176287431,401762874703,20,2,Western Michigan,Mid-American,17,Miami (OH),Mid-American,26,Miami (OH),Western Michigan,4,"{'minutes': 1, 'seconds': 46}",1.0,2.0,83,83,1,10,-4,False,Sack,(01:52) Shotgun #12 B.Lowry sacked for loss of 4 yards to the WMU13 (#3 M.McCain),-0.6861360234319482,2025-10-25T22:42:10.000Z
401762874,40176287431,401762874707,20,3,Western Michigan,Mid-American,17,Miami (OH),Mid-American,26,Miami (OH),Western Michigan,4,"{'minutes': 1, 'seconds': 27}",1.0,2.0,87,87,2,14,16,False,Pass Reception,"(01:32) Shotgun #12 B.Lowry pass complete short middle to #0 T.Williams caught at WMU27, for 16 yards to the WMU29 (#8 K.Beasley), 1ST DOWN",1.445701733228641,2025-10-25T22:42:29.000Z
401762874,40176287431,401762874712,20,4,Western Michigan,Mid-American,17,Miami (OH),Mid-American,26,Miami (OH),Western Michigan,4,"{'minutes': 1, 'seconds': 18}",1.0,2.0,71,71,1,10,3,False,Pass Reception,"(01:22) Shotgun #12 B.Lowry pass complete short left to #18 A.Chenault caught at WMU32, for 3 yards to the WMU32 (#17 K.Martin)",-0.3446420231971743,2025-10-25T22:42:46.000Z
401762874,40176287431,401762874717,20,5,Western Michigan,Mid-American,17,Miami (OH),Mid-American,26,Miami (OH),Western Michigan,4,"{'minutes': 1, 'seconds': 14}",1.0,2.0,68,68,2,7,5,False,Pass Completion,"(01:17) Shotgun #12 B.Lowry pass complete short left to #86 B.Bosma caught at WMU37, for 5 yards to the WMU37 (#24 M.Yharbrough), out of bounds",0.0831806634683003,2025-10-25T22:43:13.000Z
401762874,40176287431,401762874722,20,6,Western Michigan,Mid-American,17,Miami (OH),Mid-American,26,Miami (OH),Western Michigan,4,"{'minutes': 1, 'seconds': 10}",1.0,2.0,63,63,3,2,9,False,Pass Reception,"(01:12) Shotgun #12 B.Lowry pass complete short left to #18 A.Chenault caught at WMU46, for 9 yards to the WMU46 (#24 M.Yharbrough), 1ST DOWN",1.8521806947986306,2025-10-25T22:43:43.000Z
401762874,40176287431,401762874727,20,7,Western Michigan,Mid-American,17,Miami (OH),Mid-American,26,Miami (OH),Western Michigan,4,"{'minutes': 1, 'seconds': 4}",1.0,2.0,54,54,1,10,0,False,Pass Incompletion,(01:10) Shotgun #12 B.Lowry pass incomplete deep middle to #82 B.Brooks thrown to Mia20,-1.1590089706435955,2025-10-25T22:44:07.000Z
401762874,40176287431,401762874733,20,9,Western Michigan,Mid-American,17,Miami (OH),Mid-American,26,Miami (OH),Western Michigan,4,"{'minutes': 0, 'seconds': 56}",1.0,2.0,54,54,3,10,0,False,Pass Incompletion,(01:00) Shotgun #12 B.Lowry pass incomplete short middle to #17 M.Dieudonne thrown to Mia35 broken up by #8 K.Beasley,-0.5798306702788407,2025-10-25T22:45:42.000Z
401762874,40176287431,401762874730,20,8,Western Michigan,Mid-American,17,Miami (OH),Mid-American,26,Miami (OH),Western Michigan,4,"{'minutes': 1, 'seconds': 0}",1.0,2.0,54,54,2,10,0,False,Pass Incompletion,(01:04) Shotgun #12 B.Lowry pass incomplete short right to #5 D.Miles thrown to WMU40 QB hurried by #22 B.Jobe and #3 M.McCain,-0.9368191801087571,2025-10-25T22:44:43.000Z
401762874,40176287431,401762874736,20,10,Western Michigan,Mid-American,17,Miami (OH),Mid-American,26,Miami (OH),Western Michigan,4,"{'minutes': 0, 'seconds': 51}",1.0,2.0,54,54,4,10,8,False,Pass Reception,"(00:56) Shotgun #12 B.Lowry pass complete short left to #18 A.Chenault caught at Mia46, for 8 yards to the Mia46, End Of Play, TURNOVER ON DOWNS",-0.13944364128359865,2025-10-25T22:46:19.000Z
401762874,40176287432,401762874742,21,1,Miami (OH),Mid-American,26,Western Michigan,Mid-American,17,Miami (OH),Western Michigan,4,"{'minutes': 0, 'seconds': 49}",2.0,1.0,46,54,1,10,-2,False,Rush,(00:51) Kneel down by #1 D.Finn at Mia44 for loss of 2 yards,-1.5969758000886054,2025-10-25T22:47:26.000Z
401762874,40176287432,401762874745,21,2,Miami (OH),Mid-American,26,Western Michigan,Mid-American,17,Miami (OH),Western Michigan,4,"{'minutes': 0, 'seconds': 6}",2.0,1.0,44,56,2,12,-2,False,Rush,(00:06) Kneel down by #1 D.Finn at Mia42 for loss of 2 yards,-1.0092848868351654,2025-10-25T22:48:09.000Z
401762874,40176287432,401762874750,21,3,Miami (OH),Mid-American,26,Western Michigan,Mid-American,17,Miami (OH),Western Michigan,4,"{'minutes': 0, 'seconds': 0}",2.0,1.0,44,56,2,12,-2,False,End Period,End of 4th quarter.,-1.0092848868351654,2025-10-25T22:48:24.000Z
401762850,4017628502,4017628503,1,1,Central Michigan,Mid-American,0,Western Michigan,Mid-American,0,Western Michigan,Central Michigan,1,"{'minutes': 15, 'seconds': 0}",3.0,3.0,65,65,1,10,0,False,Kickoff,"(15:00) #47 C.Graham kickoff 65 yards to the WMU00, Touchback",,2025-11-01T20:04:14.000Z
401762850,4017628502,40176285034,1,7,Western Michigan,Mid-American,0,Central Michigan,Mid-American,0,Western Michigan,Central Michigan,1,"{'minutes': 11, 'seconds': 35}",3.0,3.0,36,64,4,21,5,False,Penalty,(11:35) #25 R.Millmore punt 30 yards to the CMU34 PENALTY CMU Running Into The Kicker (#7 E.Conoran) 5 yards from WMU36 to WMU41. NO PLAY,,2025-11-01T20:10:28.000Z
401762850,4017628502,40176285038,1,8,Western Michigan,Mid-American,0,Central Michigan,Mid-American,0,Western Michigan,Central Michigan,1,"{'minutes': 11, 'seconds': 26}",3.0,3.0,41,59,4,16,0,False,Punt,(11:26) #25 R.Millmore punt 32 yards to the CMU27 fair catch by #15 C.Spann at CMU27,,2025-11-01T20:11:44.000Z
401762850,4017628502,40176285012,1,2,Western Michigan,Mid-American,0,Central Michigan,Mid-American,0,Western Michigan,Central Michigan,1,"{'minutes': 14, 'seconds': 44}",3.0,3.0,25,75,1,10,7,False,Pass Reception,"(14:52) No Huddle-Shotgun #12 B.Lowry pass complete short left to #0 T.Williams caught at WMU22, for 7 yards to the WMU32 (#15 C.Spann)",0.604642460086338,2025-11-01T20:06:26.000Z
401762850,4017628502,40176285017,1,3,Western Michigan,Mid-American,0,Central Michigan,Mid-American,0,Western Michigan,Central Michigan,1,"{'minutes': 14, 'seconds': 11}",3.0,3.0,32,68,2,3,15,False,Rush,"(14:19) No Huddle-Shotgun #6 J.Buckley rush left for 15 yards gain to the WMU47 (#1 D.Cochran), 1ST DOWN",1.3778132260616758,2025-11-01T20:07:03.000Z
401762850,4017628502,40176285021,1,4,Western Michigan,Mid-American,0,Central Michigan,Mid-American,0,Western Michigan,Central Michigan,1,"{'minutes': 13, 'seconds': 36}",3.0,3.0,47,53,1,10,-6,False,Sack,(13:43) No Huddle-Shotgun #12 B.Lowry sacked for loss of 6 yards to the WMU41 (#56 K.Demma),-2.3110180247525065,2025-11-01T20:07:48.000Z
401762850,4017628502,40176285025,1,5,Western Michigan,Mid-American,0,Central Michigan,Mid-American,0,Western Michigan,Central Michigan,1,"{'minutes': 12, 'seconds': 46}",3.0,3.0,41,59,2,16,3,False,Pass Reception,"(13:01) Shotgun #12 B.Lowry pass complete short right to #0 T.Williams caught at WMU41, for 3 yards to the WMU44 (#1 D.Cochran)",-0.2298287811433673,2025-11-01T20:08:35.000Z
401762850,4017628502,40176285030,1,6,Western Michigan,Mid-American,0,Central Michigan,Mid-American,0,Western Michigan,Central Michigan,1,"{'minutes': 12, 'seconds': 14}",3.0,3.0,44,56,3,13,-4,False,Sack,"(12:23) Shotgun #12 B.Lowry sacked for loss of 8 yards to the WMU36 (#1 D.Cochran, #40 L.Brown)",-0.5890871361724166,2025-11-01T20:09:08.000Z
401762850,4017628503,40176285060,2,5,Central Michigan,Mid-American,0,Western Michigan,Mid-American,0,Western Michigan,Central Michigan,1,"{'minutes': 8, 'seconds': 33}",3.0,3.0,40,40,3,9,5,False,Penalty,(08:33) Shotgun #2 J.Labas pass incomplete short right to #19 T.McIntosh thrown to WMU22 PENALTY WMU Offside (#11 N.Tucker) 5 yards from WMU40 to WMU35. NO PLAY,,2025-11-01T20:18:21.000Z
401762850,4017628503,40176285068,2,7,Central Michigan,Mid-American,0,Western Michigan,Mid-American,0,Western Michigan,Central Michigan,1,"{'minutes': 7, 'seconds': 43}",3.0,3.0,34,34,4,3,8,False,Penalty,"(07:43) Shotgun #2 J.Labas pass incomplete short left to #3 T.Davis thrown to WMU22, 1ST DOWN, PENALTY WMU Pass Interference (#1 J.Franklin) 8 yards from WMU34 to WMU26, 1ST DOWN. NO PLAY",,2025-11-01T20:19:46.000Z
401762850,4017628503,40176285093,2,13,Central Michigan,Mid-American,0,Western Michigan,Mid-American,0,Western Michigan,Central Michigan,1,"{'minutes': 4, 'seconds': 9}",3.0,3.0,11,11,2,6,6,False,Penalty,"(04:09) #2 J.Labas pass incomplete short right to #8 D.Temple thrown to WMU04 PENALTY WMU Roughing The Passer (#42 W.Gerig) 6 yards from WMU11 to WMU05, 1ST DOWN. NO PLAY",,2025-11-01T20:24:26.000Z
401762850,4017628503,40176285042,2,1,Central Michigan,Mid-American,0,Western Michigan,Mid-American,0,Western Michigan,Central Michigan,1,"{'minutes': 11, 'seconds': 7}",3.0,3.0,73,73,1,10,19,False,Pass Reception,"(11:26) No Huddle-Shotgun #2 J.Labas pass complete short right to #20 L.Lewis caught at CMU42, for 19 yards to the CMU46 (#1 J.Franklin), 1ST DOWN",1.7478178965367286,2025-11-01T20:15:11.000Z
401762850,4017628503,40176285047,2,2,Central Michigan,Mid-American,0,Western Michigan,Mid-American,0,Western Michigan,Central Michigan,1,"{'minutes': 10, 'seconds': 24}",3.0,3.0,54,54,1,10,13,False,Pass Reception,"(10:39) Shotgun #2 J.Labas pass complete short middle to #20 L.Lewis caught at WMU42, for 13 yards to the WMU41 (#8 J.Sims), 1ST DOWN",0.9443779117886886,2025-11-01T20:15:56.000Z
401762850,4017628503,40176285052,2,3,Central Michigan,Mid-American,0,Western Michigan,Mid-American,0,Western Michigan,Central Michigan,1,"{'minutes': 9, 'seconds': 48}",3.0,3.0,41,41,1,10,1,False,Rush,(09:55) #5 N.Biggins rush middle for 1 yard gain to the WMU40 (#10 S.Saipaia; #42 W.Gerig),-0.6717839246394793,2025-11-01T20:16:40.000Z
401762850,4017628503,40176285064,2,6,Central Michigan,Mid-American,0,Western Michigan,Mid-American,0,Western Michigan,Central Michigan,1,"{'minutes': 8, 'seconds': 20}",3.0,3.0,35,35,3,4,1,False,Rush,(08:27) Shotgun #22 B.Townsend rush middle for 1 yard gain to the WMU34 (#10 S.Saipaia; #9 J.Camden),-0.8054618929806168,2025-11-01T20:18:49.000Z
401762850,4017628503,40176285072,2,8,Central Michigan,Mid-American,0,Western Michigan,Mid-American,0,Western Michigan,Central Michigan,1,"{'minutes': 7, 'seconds': 12}",3.0,3.0,26,26,1,10,5,False,Pass Reception,"(07:30) #2 J.Labas pass complete short middle to #88 H.Dryden caught at WMU21, for 5 yards to the WMU21 (#3 T.Hallock)",0.0757087852917575,2025-11-01T20:20:43.000Z
401762850,4017628503,40176285077,2,9,Central Michigan,Mid-American,0,Western Michigan,Mid-American,0,Western Michigan,Central Michigan,1,"{'minutes': 6, 'seconds': 53}",3.0,3.0,21,21,2,5,2,False,Rush,(07:00) Shotgun #10 M.Beamon rush middle for 2 yards gain to the WMU19 (#47 D.Moon; #9 J.Camden),-0.2704605440406205,2025-11-01T20:21:14.000Z
401762850,4017628503,40176285081,2,10,Central Michigan,Mid-American,0,Western Michigan,Mid-American,0,Western Michigan,Central Michigan,1,"{'minutes': 6, 'seconds': 6}",3.0,3.0,19,19,3,3,2,False,Rush,(06:14) Shotgun #5 N.Biggins rush middle for 2 yards gain to the WMU17 (#0 M.Al-Garawi; #11 N.Tucker),-0.2985725152849188,2025-11-01T20:22:04.000Z
401762850,4017628503,40176285085,2,11,Central Michigan,Mid-American,0,Western Michigan,Mid-American,0,Western Michigan,Central Michigan,1,"{'minutes': 5, 'seconds': 24}",3.0,3.0,17,17,4,1,2,False,Rush,"(05:33) Shotgun #10 M.Beamon rush middle for 2 yards gain to the WMU15 (#47 D.Moon), 1ST DOWN",0.6551273068768793,2025-11-01T20:22:46.000Z
401762850,4017628503,40176285089,2,12,Central Michigan,Mid-American,0,Western Michigan,Mid-American,0,Western Michigan,Central Michigan,1,"{'minutes': 4, 'seconds': 42}",3.0,3.0,15,15,1,10,4,False,Rush,(04:44) Shotgun #2 J.Labas rush left for 4 yards gain to the WMU11 (#1 J.Franklin; #99 R.McGraw),-0.019365161227934,2025-11-01T20:23:30.000Z
401762850,4017628503,40176285097,2,14,Central Michigan,Mid-American,0,Western Michigan,Mid-American,0,Western Michigan,Central Michigan,1,"{'minutes': 3, 'seconds': 52}",3.0,3.0,5,5,1,5,3,False,Rush,(04:04) Shotgun #5 N.Biggins rush middle for 3 yards gain to the WMU02 (#11 N.Tucker),-0.184155684763349,2025-11-01T20:25:25.000Z
401762850,4017628503,401762850101,2,15,Central Michigan,Mid-American,0,Western Michigan,Mid-American,0,Western Michigan,Central Michigan,1,"{'minutes': 3, 'seconds': 17}",3.0,3.0,3,3,2,2,1,False,Rush,(03:22) Shotgun #2 J.Labas rush middle for 1 yard gain to the WMU01 (#11 N.Tucker),-0.3869905533992575,2025-11-01T20:26:03.000Z
401762850,4017628503,401762850105,2,16,Central Michigan,Mid-American,7,Western Michigan,Mid-American,0,Western Michigan,Central Michigan,1,"{'minutes': 2, 'seconds': 31}",3.0,3.0,1,1,3,1,1,True,Rushing Touchdown,"(02:31) Shotgun #5 N.Biggins rush middle for 1 yard gain to the WMU00 TOUCHDOWN, clock 02:31 #47 C.Graham kick attempt good (H: #18 D.Duley, LS: #30 B.Pratt)",2.45399822917955,2025-11-01T20:26:57.000Z
401762850,4017628503,40176285056,2,4,Central Michigan,Mid-American,0,Western Michigan,Mid-American,0,Western Michigan,Central Michigan,1,"{'minutes': 9, 'seconds': 8}",3.0,3.0,40,40,2,9,0,False,Rush,(09:14) Shotgun #10 M.Beamon rush middle for 0 yards to the WMU40 (#47 D.Moon),-1.02281513636375,2025-11-01T20:17:17.000Z
401762850,4017628505,401762850112,3,1,Central Michigan,Mid-American,7,Western Michigan,Mid-American,0,Western Michigan,Central Michigan,1,"{'minutes': 2, 'seconds': 25}",3.0,3.0,65,65,1,10,26,False,Kickoff,(02:31) #47 C.Graham kickoff 64 yards to the WMU01 #5 D.Miles return 26 yards to the WMU27 (#12 J.Kwiatkowski),,2025-11-01T20:30:42.000Z
401762850,4017628505,401762850117,3,2,Western Michigan,Mid-American,0,Central Michigan,Mid-American,7,Western Michigan,Central Michigan,1,"{'minutes': 2, 'seconds': 16}",3.0,3.0,27,73,1,10,10,False,Penalty,(02:16) Shotgun #12 B.Lowry rush middle for 7 yards gain to the WMU34 (#17 M.Blackwell; #1 D.Cochran) PENALTY WMU Holding (#73 Z.Vaughan) 10 yards from WMU27 to WMU17. NO PLAY,,2025-11-01T20:34:11.000Z
401762850,4017628505,401762850134,3,6,Western Michigan,Mid-American,0,Central Michigan,Mid-American,7,Western Michigan,Central Michigan,1,"{'minutes': 0, 'seconds': 36}",3.0,3.0,25,75,4,12,0,False,Punt,(00:36) #25 R.Millmore punt 37 yards to the CMU38 fair catch by #15 C.Spann at CMU38,,2025-11-01T20:37:13.000Z
401762850,4017628505,401762850122,3,3,Western Michigan,Mid-American,0,Central Michigan,Mid-American,7,Western Michigan,Central Michigan,1,"{'minutes': 1, 'seconds': 44}",3.0,3.0,17,83,1,20,6,False,Pass Reception,"(01:54) Shotgun #12 B.Lowry pass complete short middle to #0 T.Williams caught at WMU21, for 6 yards to the WMU23 (#40 L.Brown; #12 J.Kwiatkowski)",0.07381005546475894,2025-11-01T20:34:56.000Z
401762850,4017628505,401762850127,3,4,Western Michigan,Mid-American,0,Central Michigan,Mid-American,7,Western Michigan,Central Michigan,1,"{'minutes': 1, 'seconds': 22}",3.0,3.0,23,77,2,14,2,False,Rush,(01:25) Shotgun #12 B.Lowry rush middle for 2 yards gain to the WMU25 (#97 M.Heldman; #85 J.Douglas),-0.13406140433440328,2025-11-01T20:35:24.000Z
401762850,4017628505,401762850131,3,5,Western Michigan,Mid-American,0,Central Michigan,Mid-American,7,Western Michigan,Central Michigan,1,"{'minutes': 0, 'seconds': 44}",3.0,3.0,25,75,3,12,0,False,Pass Incompletion,(00:46) Shotgun #12 B.Lowry pass incomplete short left to #0 T.Williams thrown to WMU34,-0.12778893562581572,2025-11-01T20:36:03.000Z
401762850,4017628506,401762850144,4,2,Central Michigan,Mid-American,7,Western Michigan,Mid-American,0,Western Michigan,Central Michigan,1,"{'minutes': 0, 'seconds': 0}",3.0,3.0,38,38,1,10,-24,False,End Period,End of 1st quarter.,-4.14811540236877,2025-11-01T20:38:17.000Z
401762850,4017628506,401762850138,4,1,Central Michigan,Mid-American,7,Western Michigan,Mid-American,0,Western Michigan,Central Michigan,1,"{'minutes': 0, 'seconds': 34}",3.0,3.0,62,62,1,10,0,False,Rush,(00:34) Shotgun #5 N.Biggins rush middle for 0 yards to the CMU38 (#8 J.Sims; #20 K.Fisher),-1.087995077167328,2025-11-01T20:37:31.000Z
401762850,4017628506,401762850148,4,3,Central Michigan,Mid-American,7,Western Michigan,Mid-American,0,Western Michigan,Central Michigan,2,"{'minutes': 14, 'seconds': 45}",3.0,3.0,62,62,2,10,11,False,Pass Reception,"(15:00) Shotgun #2 J.Labas pass complete short middle to #19 T.McIntosh caught at CMU49, for 11 yards to the CMU49 (#18 M.Davis), 1ST DOWN",2.1176315139538797,2025-11-01T20:42:07.000Z
401762850,4017628506,401762850155,4,4,Central Michigan,Mid-American,7,Western Michigan,Mid-American,0,Western Michigan,Central Michigan,2,"{'minutes': 14, 'seconds': 12}",3.0,3.0,51,51,1,10,2,False,Rush,(14:15) Shotgun #22 B.Townsend rush middle for 2 yards gain to the WMU49 (#91 M.Tyler),-0.643630697434087,2025-11-01T20:42:47.000Z
401762850,4017628506,401762850159,4,5,Central Michigan,Mid-American,7,Western Michigan,Mid-American,0,Western Michigan,Central Michigan,2,"{'minutes': 13, 'seconds': 33}",3.0,3.0,49,49,2,8,2,False,Rush,(13:38) Shotgun #22 B.Townsend rush middle for 2 yards gain to the WMU47 (#9 J.Camden),-0.6521809720664199,2025-11-01T20:43:26.000Z
401762850,4017628506,401762850163,4,6,Central Michigan,Mid-American,7,Western Michigan,Mid-American,0,Western Michigan,Central Michigan,2,"{'minutes': 12, 'seconds': 51}",3.0,3.0,47,47,3,6,-12,False,Fumble Recovery (Own),"(12:58) Shotgun #2 J.Labas sacked for loss of 12 yards to the CMU41 (#11 N.Tucker), fumble by #2 J.Labas recovered by WMU #99 R.McGraw at CMU41, End Of Play",-2.00911742395839,2025-11-01T20:44:24.000Z
401762850,4017628507,401762850198,5,7,Western Michigan,Mid-American,0,Central Michigan,Mid-American,7,Western Michigan,Central Michigan,2,"{'minutes': 9, 'seconds': 4}",2.0,3.0,84,16,3,9,0,False,Timeout,"Timeout Western Michigan, clock 09:04",,2025-11-01T20:50:17.000Z
401762850,4017628507,401762850196,5,8,Western Michigan,Mid-American,0,Central Michigan,Mid-American,7,Western Michigan,Central Michigan,2,"{'minutes': 9, 'seconds': 2}",2.0,3.0,90,10,4,3,5,False,Penalty,"(09:02) Shotgun #12 B.Lowry pass incomplete short middle to #15 C.Conley thrown to CMU05 PENALTY CMU Personal Foul (#3 B.Deasfernandes) 5 yards from CMU10 to CMU05, 1ST DOWN. NO PLAY",,2025-11-01T20:53:44.000Z
401762850,4017628507,401762850170,5,1,Western Michigan,Mid-American,0,Central Michigan,Mid-American,7,Western Michigan,Central Michigan,2,"{'minutes': 12, 'seconds': 36}",3.0,3.0,59,41,1,10,10,False,Pass Reception,"(12:51) Shotgun #12 B.Lowry pass complete short right to #1 C.Leary caught at CMU47, for 10 yards to the CMU31 (#4 J.Jackson), 1ST DOWN",0.3985734558235714,2025-11-01T20:45:21.000Z
401762850,4017628507,401762850175,5,2,Western Michigan,Mid-American,0,Central Michigan,Mid-American,7,Western Michigan,Central Michigan,2,"{'minutes': 12, 'seconds': 12}",3.0,3.0,69,31,1,10,3,False,Rush,(12:18) Shotgun #24 O.Mataele rush right for 3 yards gain to the CMU28 (#6 K.Carroll; #40 L.Brown),-0.1807619553029143,2025-11-01T20:45:51.000Z
401762850,4017628507,401762850179,5,3,Western Michigan,Mid-American,0,Central Michigan,Mid-American,7,Western Michigan,Central Michigan,2,"{'minutes': 11, 'seconds': 33}",3.0,3.0,72,28,2,7,11,False,Rush,"(11:39) Shotgun #24 O.Mataele rush left for 11 yards gain to the CMU17 (#40 L.Brown), 1ST DOWN",0.4428050225914483,2025-11-01T20:46:39.000Z
401762850,4017628507,401762850183,5,4,Western Michigan,Mid-American,0,Central Michigan,Mid-American,7,Western Michigan,Central Michigan,2,"{'minutes': 10, 'seconds': 57}",3.0,3.0,83,17,1,10,2,False,Rush,(11:06) Shotgun #24 O.Mataele rush middle for 2 yards gain to the CMU15 (#12 J.Kwiatkowski),-0.1885388219160615,2025-11-01T20:47:12.000Z
401762850,4017628507,401762850187,5,5,Western Michigan,Mid-American,0,Central Michigan,Mid-American,7,Western Michigan,Central Michigan,2,"{'minutes': 10, 'seconds': 13}",3.0,3.0,85,15,2,8,-1,False,Rush,(10:19) Shotgun #6 J.Buckley rush left for 1 yard loss to the CMU16 (#2 E.Rikard),-0.4524264152723063,2025-11-01T20:47:58.000Z
401762850,4017628507,401762850191,5,6,Western Michigan,Mid-American,0,Central Michigan,Mid-American,7,Western Michigan,Central Michigan,2,"{'minutes': 9, 'seconds': 28}",3.0,3.0,84,16,3,9,6,False,Pass Reception,"(09:38) Shotgun #12 B.Lowry pass complete short middle to #86 B.Bosma caught at CMU10, for 6 yards to the CMU10 (#2 E.Rikard; #15 C.Spann)",0.1274936069190618,2025-11-01T20:48:36.000Z
401762850,4017628507,401762850204,5,9,Western Michigan,Mid-American,0,Central Michigan,Mid-American,7,Western Michigan,Central Michigan,2,"{'minutes': 8, 'seconds': 30}",2.0,3.0,95,5,1,5,4,False,Rush,(08:58) Shotgun #6 J.Buckley rush middle for 4 yards gain to the CMU01 (#85 J.Douglas; #98 J.Decker),-0.016571396914132,2025-11-01T20:54:29.000Z
401762850,4017628507,401762850208,5,10,Western Michigan,Mid-American,0,Central Michigan,Mid-American,7,Western Michigan,Central Michigan,2,"{'minutes': 8, 'seconds': 13}",2.0,3.0,99,1,2,1,0,False,Rush,(08:16) Shotgun #12 B.Lowry rush middle for 0 yards to the CMU01 (#98 J.Decker; #3 B.Deasfernandes),-0.553645991706544,2025-11-01T20:54:47.000Z
401762850,4017628507,401762850212,5,11,Western Michigan,Mid-American,7,Central Michigan,Mid-American,7,Western Michigan,Central Michigan,2,"{'minutes': 7, 'seconds': 43}",2.0,3.0,99,1,3,1,1,True,Rushing Touchdown,"(07:45) Shotgun #12 B.Lowry rush middle for 1 yard gain to the CMU00 TOUCHDOWN, clock 07:43 PENALTY WMU UNS: Unsportsmanlike Conduct (#86 B.Bosma) 15 yards from CMU00 to CMU03 #20 P.Domschke kick attempt good (H: #25 R.Millmore, LS: #46 R.Todd)",2.45399822917955,2025-11-01T20:55:19.000Z
401762850,4017628509,401762850222,6,1,Western Michigan,Mid-American,7,Central Michigan,Mid-American,7,Western Michigan,Central Michigan,2,"{'minutes': 7, 'seconds': 33}",2.0,3.0,20,80,1,10,16,False,Kickoff,(07:43) #31 H.Smith kickoff 73 yards to the CMU07 #5 N.Biggins return 16 yards to the CMU23 (#83 R.Brotherton; #47 D.Moon),,2025-11-01T21:00:10.000Z
401762850,4017628509,401762850227,6,2,Central Michigan,Mid-American,14,Western Michigan,Mid-American,7,Western Michigan,Central Michigan,2,"{'minutes': 7, 'seconds': 23}",3.0,2.0,77,77,1,10,77,True,Passing Touchdown,"(07:35) Shotgun #2 J.Labas pass complete short middle to #20 L.Lewis caught at CMU36, for 77 yards to the WMU00 TOUCHDOWN, clock 07:23, 1ST DOWN #47 C.Graham kick attempt good (H: #18 D.Duley, LS: #30 B.Pratt)",6.210357094189397,2025-11-01T21:01:05.000Z
401762850,40176285011,401762850235,7,1,Central Michigan,Mid-American,14,Western Michigan,Mid-American,7,Western Michigan,Central Michigan,2,"{'minutes': 7, 'seconds': 23}",3.0,2.0,65,65,1,10,0,False,Kickoff,"(07:23) #47 C.Graham kickoff 61 yards to the WMU04 #5 D.Miles return 0 yards to the WMU04, End Of Play",,2025-11-01T21:06:24.000Z
401762850,40176285011,401762850267,7,8,Western Michigan,Mid-American,7,Central Michigan,Mid-American,14,Western Michigan,Central Michigan,2,"{'minutes': 3, 'seconds': 43}",2.0,3.0,46,54,4,21,0,False,Punt,(03:43) #25 R.Millmore punt 46 yards to the CMU08 fair catch by #15 C.Spann at CMU08,,2025-11-01T21:10:52.000Z
401762850,40176285011,401762850240,7,2,Western Michigan,Mid-American,7,Central Michigan,Mid-American,14,Western Michigan,Central Michigan,2,"{'minutes': 7, 'seconds': 10}",2.0,3.0,4,96,1,10,12,False,Pass Reception,"(07:18) Shotgun #12 B.Lowry pass complete short middle to #82 B.Brooks caught at WMU15, for 12 yards to the WMU16 (#17 M.Blackwell), 1ST DOWN",0.35923775184714923,2025-11-01T21:06:37.000Z
401762850,40176285011,401762850245,7,3,Western Michigan,Mid-American,7,Central Michigan,Mid-American,14,Western Michigan,Central Michigan,2,"{'minutes': 6, 'seconds': 38}",2.0,3.0,16,84,1,10,15,False,Pass Reception,"(06:50) Shotgun #12 B.Lowry pass complete short left to #0 T.Williams caught at WMU31, for 15 yards to the WMU31, End Of Play, 1ST DOWN",0.9720783220886249,2025-11-01T21:07:04.000Z
401762850,40176285011,401762850250,7,4,Western Michigan,Mid-American,7,Central Michigan,Mid-American,14,Western Michigan,Central Michigan,2,"{'minutes': 5, 'seconds': 56}",2.0,3.0,31,69,1,10,26,False,Rush,"(06:00) Shotgun #12 B.Lowry rush left for 26 yards gain to the CMU43 (#17 M.Blackwell), 1ST DOWN",2.2549209171841955,2025-11-01T21:07:53.000Z
401762850,40176285011,401762850254,7,5,Western Michigan,Mid-American,7,Central Michigan,Mid-American,14,Western Michigan,Central Michigan,2,"{'minutes': 4, 'seconds': 53}",2.0,3.0,57,43,1,10,-15,False,Fumble Recovery (Own),"(05:14) Shotgun #12 B.Lowry sacked for loss of 15 yards to the WMU42 (#4 J.Jackson), fumble by #12 B.Lowry recovered by WMU #72 G.Dabo at WMU42, End Of Play",-3.5510125558282866,2025-11-01T21:08:53.000Z
401762850,40176285011,401762850260,7,6,Western Michigan,Mid-American,7,Central Michigan,Mid-American,14,Western Michigan,Central Michigan,2,"{'minutes': 4, 'seconds': 34}",2.0,3.0,42,58,2,25,0,False,Pass Incompletion,(04:34) Shotgun #12 B.Lowry pass incomplete deep left to #1 C.Leary thrown to CMU36,-0.27540206309785376,2025-11-01T21:09:24.000Z
401762850,40176285011,401762850263,7,7,Western Michigan,Mid-American,7,Central Michigan,Mid-American,14,Western Michigan,Central Michigan,2,"{'minutes': 4, 'seconds': 27}",2.0,3.0,42,58,3,25,4,False,Rush,(04:34) Shotgun #12 B.Lowry rush middle for 4 yards gain to the WMU46 (#40 L.Brown),-0.0284549655316324,2025-11-01T21:10:00.000Z
401762850,40176285012,401762850285,8,4,Western Michigan,Mid-American,7,Central Michigan,Mid-American,14,Western Michigan,Central Michigan,2,"{'minutes': 2, 'seconds': 12}",1.0,3.0,88,12,3,6,0,False,Timeout,"Timeout Western Michigan, clock 02:12",,2025-11-01T21:13:31.000Z
401762850,40176285012,401762850283,8,5,Central Michigan,Mid-American,14,Western Michigan,Mid-American,7,Western Michigan,Central Michigan,2,"{'minutes': 2, 'seconds': 4}",3.0,1.0,87,87,4,5,0,False,Punt,(02:05) #18 D.Duley punt 39 yards to the WMU48 fair catch by #86 B.Bosma at WMU48,,2025-11-01T21:14:15.000Z
401762850,40176285012,401762850271,8,1,Central Michigan,Mid-American,14,Western Michigan,Mid-American,7,Western Michigan,Central Michigan,2,"{'minutes': 3, 'seconds': 33}",3.0,2.0,92,92,1,10,3,False,Rush,(03:41) Shotgun #5 N.Biggins rush middle for 3 yards gain to the CMU11 (#0 M.Al-Garawi),-0.13240028095198575,2025-11-01T21:11:39.000Z
401762850,40176285012,401762850275,8,2,Central Michigan,Mid-American,14,Western Michigan,Mid-American,7,Western Michigan,Central Michigan,2,"{'minutes': 2, 'seconds': 44}",3.0,2.0,89,89,2,7,1,False,Rush,(02:47) Shotgun #6 T.Cornist rush left for 1 yard gain to the CMU12 (#8 J.Sims; #47 D.Moon),-0.2064284947095656,2025-11-01T21:12:29.000Z
401762850,40176285012,401762850279,8,3,Central Michigan,Mid-American,14,Western Michigan,Mid-American,7,Western Michigan,Central Michigan,2,"{'minutes': 2, 'seconds': 12}",3.0,2.0,88,88,3,6,1,False,Rush,(02:16) Shotgun #2 J.Labas rush middle for 1 yard gain to the CMU13 (#11 N.Tucker; #10 S.Saipaia),-0.10765154523850295,2025-11-01T21:13:00.000Z
401762850,40176285013,401762850319,9,6,Central Michigan,Mid-American,14,Western Michigan,Mid-American,7,Western Michigan,Central Michigan,2,"{'minutes': 1, 'seconds': 12}",2.0,1.0,96,96,1,4,0,False,Timeout,"Timeout Central Michigan, clock 01:12",,2025-11-01T21:20:41.000Z
401762850,40176285013,401762850291,9,1,Western Michigan,Mid-American,7,Central Michigan,Mid-American,14,Western Michigan,Central Michigan,2,"{'minutes': 1, 'seconds': 56}",1.0,3.0,48,52,1,10,6,False,Rush,(02:04) No Huddle-Shotgun #6 J.Buckley rush right for 6 yards gain to the CMU46 (#15 C.Spann; #1 D.Cochran),0.3608772046980507,2025-11-01T21:14:55.000Z
401762850,40176285013,401762850295,9,2,Western Michigan,Mid-American,7,Central Michigan,Mid-American,14,Western Michigan,Central Michigan,2,"{'minutes': 1, 'seconds': 51}",1.0,3.0,54,46,2,4,3,False,Rush,(01:58) No Huddle-Shotgun #6 J.Buckley rush middle for 3 yards gain to the CMU43 (#12 J.Kwiatkowski),-0.4050216024325797,2025-11-01T21:18:22.000Z
401762850,40176285013,401762850299,9,3,Western Michigan,Mid-American,7,Central Michigan,Mid-American,14,Western Michigan,Central Michigan,2,"{'minutes': 1, 'seconds': 36}",1.0,3.0,57,43,3,1,4,False,Rush,"(01:40) No Huddle-Shotgun #6 J.Buckley rush middle for 4 yards gain to the CMU39 (#4 J.Calip), 1ST DOWN",0.911760131513409,2025-11-01T21:18:44.000Z
401762850,40176285013,401762850303,9,4,Western Michigan,Mid-American,7,Central Michigan,Mid-American,14,Western Michigan,Central Michigan,2,"{'minutes': 1, 'seconds': 27}",1.0,3.0,61,39,1,10,5,False,Pass Reception,"(01:30) No Huddle-Shotgun #12 B.Lowry pass complete short left to #0 T.Williams caught at CMU34, for 5 yards to the CMU34, out of bounds at CMU34",0.086001265551813,2025-11-01T21:19:00.000Z
401762850,40176285013,401762850308,9,5,Western Michigan,Mid-American,7,Central Michigan,Mid-American,14,Western Michigan,Central Michigan,2,"{'minutes': 1, 'seconds': 21}",1.0,3.0,66,34,2,5,30,False,Pass Reception,"(01:27) No Huddle-Shotgun #12 B.Lowry pass complete deep right to #82 B.Brooks caught at CMU04, for 30 yards to the CMU04 (#3 B.Deasfernandes), 1ST DOWN",1.366246770665763,2025-11-01T21:19:32.000Z
401762850,40176285013,401762850313,9,7,Western Michigan,Mid-American,7,Central Michigan,Mid-American,14,Western Michigan,Central Michigan,2,"{'minutes': 1, 'seconds': 7}",1.0,2.0,96,4,1,4,0,False,Rush,(01:14) No Huddle-Shotgun #6 J.Buckley rush middle for 0 yards to the CMU04 (#12 J.Kwiatkowski),-0.6456997217339855,2025-11-01T21:20:09.000Z
401762850,40176285013,401762850317,9,8,Western Michigan,Mid-American,7,Central Michigan,Mid-American,14,Western Michigan,Central Michigan,2,"{'minutes': 1, 'seconds': 7}",1.0,2.0,96,4,2,4,0,False,Pass Incompletion,(01:07) No Huddle-Shotgun #12 B.Lowry pass incomplete short middle to #86 B.Bosma thrown to CMU00,-0.362082681028621,2025-11-01T21:21:39.000Z
401762850,40176285013,401762850321,9,9,Western Michigan,Mid-American,7,Central Michigan,Mid-American,14,Western Michigan,Central Michigan,2,"{'minutes': 1, 'seconds': 1}",1.0,2.0,96,4,3,4,2,False,Rush,(01:01) No Huddle-Shotgun #12 B.Lowry rush middle for 2 yards gain to the CMU02 (#15 C.Spann; #12 J.Kwiatkowski),-0.1553797797778205,2025-11-01T21:22:16.000Z
401762850,40176285013,401762850325,9,10,Western Michigan,Mid-American,7,Central Michigan,Mid-American,14,Western Michigan,Central Michigan,2,"{'minutes': 0, 'seconds': 37}",1.0,2.0,98,2,4,2,-3,False,Fumble Recovery (Opponent),"(00:56) No Huddle-Shotgun #12 B.Lowry rush middle for 3 yards loss to the CMU05 fumbled by #12 B.Lowry at CMU01 forced by #1 D.Cochran recovered by CMU #98 J.Decker at CMU05, End Of Play",-4.148647298745598,2025-11-01T21:24:25.000Z
401762850,40176285014,401762850340,10,3,Central Michigan,Mid-American,14,Western Michigan,Mid-American,7,Western Michigan,Central Michigan,2,"{'minutes': 0, 'seconds': 0}",2.0,1.0,4,4,2,11,-93,False,End Period,End of 2nd quarter.,,2025-11-01T21:26:08.000Z
401762850,40176285014,401762850332,10,1,Central Michigan,Mid-American,14,Western Michigan,Mid-American,7,Western Michigan,Central Michigan,2,"{'minutes': 0, 'seconds': 30}",2.0,1.0,95,95,1,10,-1,False,Rush,(00:32) Kneel down by #2 J.Labas at CMU04 for loss of 1 yard,-0.31876017924717015,2025-11-01T21:25:31.000Z
401762850,40176285014,401762850335,10,2,Central Michigan,Mid-American,14,Western Michigan,Mid-American,7,Western Michigan,Central Michigan,2,"{'minutes': 0, 'seconds': 5}",2.0,1.0,96,96,2,11,-1,False,Rush,(00:05) Kneel down by #2 J.Labas at CMU03 for loss of 1 yard,-0.11243384657921854,2025-11-01T21:25:58.000Z
401762850,40176285016,401762850345,11,1,Western Michigan,Mid-American,7,Central Michigan,Mid-American,14,Western Michigan,Central Michigan,3,"{'minutes': 15, 'seconds': 0}",3.0,3.0,35,65,1,10,0,False,Kickoff,"(15:00) #31 H.Smith kickoff 56 yards to the CMU09, out of bounds at CMU09",,2025-11-01T21:46:27.000Z
401762850,40176285016,401762850361,11,5,Central Michigan,Mid-American,14,Western Michigan,Mid-American,7,Western Michigan,Central Michigan,3,"{'minutes': 14, 'seconds': 3}",3.0,3.0,59,59,4,4,0,False,Punt,"(14:03) #18 D.Duley punt 24 yards to the WMU35, out of bounds at WMU35",,2025-11-01T21:50:16.000Z
401762850,40176285016,401762850357,11,4,Central Michigan,Mid-American,14,Western Michigan,Mid-American,7,Western Michigan,Central Michigan,3,"{'minutes': 14, 'seconds': 36}",3.0,3.0,65,65,3,10,6,False,Rush,(14:40) Shotgun #2 J.Labas rush middle for 6 yards gain to the CMU41 (#6 J.Pope),0.1318490260646525,2025-11-01T21:49:31.000Z
401762850,40176285016,401762850351,11,2,Central Michigan,Mid-American,14,Western Michigan,Mid-American,7,Western Michigan,Central Michigan,3,"{'minutes': 14, 'seconds': 52}",3.0,3.0,65,65,1,10,0,False,Pass Incompletion,(14:57) #2 J.Labas pass incomplete short right to #88 H.Dryden thrown to CMU40 broken up by #3 T.Hallock,-1.0146424556055624,2025-11-01T21:48:13.000Z
401762850,40176285016,401762850354,11,3,Central Michigan,Mid-American,14,Western Michigan,Mid-American,7,Western Michigan,Central Michigan,3,"{'minutes': 14, 'seconds': 46}",3.0,3.0,65,65,2,10,0,False,Pass Incompletion,(14:50) #2 J.Labas pass incomplete short right to #19 T.McIntosh thrown to CMU43 broken up by #18 M.Davis,-0.6004605992346148,2025-11-01T21:48:53.000Z
401762850,40176285017,401762850407,12,10,Western Michigan,Mid-American,7,Central Michigan,Mid-American,14,Western Michigan,Central Michigan,3,"{'minutes': 9, 'seconds': 28}",3.0,3.0,80,20,3,2,0,False,Timeout,"Timeout , clock 09:28",,2025-11-01T21:56:08.000Z
401762850,40176285017,401762850366,12,1,Western Michigan,Mid-American,7,Central Michigan,Mid-American,14,Western Michigan,Central Michigan,3,"{'minutes': 13, 'seconds': 48}",3.0,3.0,35,65,1,10,7,False,Pass Reception,"(14:03) No Huddle-Shotgun #12 B.Lowry pass complete short left to #2 M.Brescia caught at WMU35, for 7 yards to the WMU42 (#1 D.Cochran)",0.7081222799232592,2025-11-01T21:50:55.000Z
401762850,40176285017,401762850372,12,2,Western Michigan,Mid-American,7,Central Michigan,Mid-American,14,Western Michigan,Central Michigan,3,"{'minutes': 13, 'seconds': 24}",3.0,3.0,42,58,2,3,1,False,Rush,(13:33) No Huddle-Shotgun #6 J.Buckley rush middle for 1 yard gain to the WMU43 (#1 D.Cochran),-1.0216808446954087,2025-11-01T21:51:23.000Z
401762850,40176285017,401762850376,12,3,Western Michigan,Mid-American,7,Central Michigan,Mid-American,14,Western Michigan,Central Michigan,3,"{'minutes': 12, 'seconds': 57}",3.0,3.0,43,57,3,2,4,False,Rush,"(13:04) No Huddle-Shotgun #6 J.Buckley rush middle for 4 yards gain to the WMU47 (#2 E.Rikard), 1ST DOWN",1.4609761418901765,2025-11-01T21:51:50.000Z
401762850,40176285017,401762850380,12,4,Western Michigan,Mid-American,7,Central Michigan,Mid-American,14,Western Michigan,Central Michigan,3,"{'minutes': 12, 'seconds': 18}",3.0,3.0,47,53,1,10,0,False,Pass Incompletion,(12:25) No Huddle-Shotgun #12 B.Lowry pass incomplete short right to #0 T.Williams thrown to CMU38,-1.1527089917962545,2025-11-01T21:52:26.000Z
401762850,40176285017,401762850383,12,5,Western Michigan,Mid-American,7,Central Michigan,Mid-American,14,Western Michigan,Central Michigan,3,"{'minutes': 12, 'seconds': 7}",3.0,3.0,47,53,2,10,11,False,Pass Reception,"(12:18) No Huddle-Shotgun #12 B.Lowry pass complete short right to #18 A.Chenault caught at WMU47, for 11 yards to the CMU42 (#15 C.Spann; #4 J.Calip), 1ST DOWN",1.9530729537974383,2025-11-01T21:53:03.000Z
401762850,40176285017,401762850388,12,6,Western Michigan,Mid-American,7,Central Michigan,Mid-American,14,Western Michigan,Central Michigan,3,"{'minutes': 11, 'seconds': 36}",3.0,3.0,58,42,1,10,14,False,Pass Reception,"(11:39) No Huddle-Shotgun #12 B.Lowry pass complete short left to #18 A.Chenault caught at CMU44, for 14 yards to the CMU28 (#33 V.Earl), 1ST DOWN",0.530920997433693,2025-11-01T21:53:44.000Z
401762850,40176285017,401762850393,12,7,Western Michigan,Mid-American,7,Central Michigan,Mid-American,14,Western Michigan,Central Michigan,3,"{'minutes': 11, 'seconds': 1}",3.0,3.0,72,28,1,10,3,False,Rush,(11:04) No Huddle-Shotgun #5 D.Miles rush middle for 3 yards gain to the CMU25 (#97 M.Heldman),-0.158911195567058,2025-11-01T21:54:23.000Z
401762850,40176285017,401762850397,12,8,Western Michigan,Mid-American,7,Central Michigan,Mid-American,14,Western Michigan,Central Michigan,3,"{'minutes': 10, 'seconds': 22}",3.0,3.0,75,25,2,7,5,False,Rush,(10:27) No Huddle-Shotgun #0 T.Williams rush left for 5 yards gain to the CMU20 (#6 K.Carroll),0.06745733601621,2025-11-01T21:55:00.000Z
401762850,40176285017,401762850401,12,9,Western Michigan,Mid-American,7,Central Michigan,Mid-American,14,Western Michigan,Central Michigan,3,"{'minutes': 9, 'seconds': 47}",3.0,3.0,80,20,3,2,8,False,Rush,"(09:53) No Huddle-Shotgun #6 J.Buckley rush middle for 8 yards gain to the CMU12 (#85 J.Douglas), 1ST DOWN",0.3253737916533535,2025-11-01T21:55:38.000Z
401762850,40176285017,401762850405,12,11,Western Michigan,Mid-American,7,Central Michigan,Mid-American,14,Western Michigan,Central Michigan,3,"{'minutes': 9, 'seconds': 16}",3.0,3.0,88,12,1,10,3,False,Rush,(09:21) No Huddle-Shotgun #12 B.Lowry rush middle for 3 yards gain to the CMU09 (#12 J.Kwiatkowski; #97 M.Heldman),-0.0966670992271315,2025-11-01T21:59:24.000Z
401762850,40176285017,401762850410,12,12,Western Michigan,Mid-American,14,Central Michigan,Mid-American,14,Western Michigan,Central Michigan,3,"{'minutes': 8, 'seconds': 43}",3.0,3.0,91,9,2,7,9,True,Rushing Touchdown,"(08:42) No Huddle-Shotgun #6 J.Buckley rush middle for 9 yards gain to the CMU00 TOUCHDOWN, clock 08:43, 1ST DOWN #20 P.Domschke kick attempt good (H: #25 R.Millmore, LS: #46 R.Todd)",2.626761641263057,2025-11-01T22:00:01.000Z
401762850,40176285019,401762850417,13,1,Western Michigan,Mid-American,14,Central Michigan,Mid-American,14,Western Michigan,Central Michigan,3,"{'minutes': 8, 'seconds': 43}",3.0,3.0,35,65,1,10,0,False,Kickoff,"(08:43) #31 H.Smith kickoff 65 yards to the CMU00, Touchback",,2025-11-01T22:01:27.000Z
401762850,40176285019,401762850443,13,7,Central Michigan,Mid-American,14,Western Michigan,Mid-American,14,Western Michigan,Central Michigan,3,"{'minutes': 5, 'seconds': 46}",3.0,3.0,70,70,1,10,1,False,Rush,(05:55) #22 B.Townsend rush middle for 1 yard gain to the CMU31 (#11 N.Tucker),-0.716015480823808,2025-11-01T22:08:37.000Z
401762850,40176285019,401762850447,13,8,Central Michigan,Mid-American,14,Western Michigan,Mid-American,14,Western Michigan,Central Michigan,3,"{'minutes': 4, 'seconds': 56}",3.0,3.0,69,69,2,9,13,False,Pass Reception,"(05:14) Shotgun #2 J.Labas pass complete short right to #8 D.Temple caught at CMU44, for 13 yards to the CMU44 (#8 J.Sims), 1ST DOWN",2.0386192183488454,2025-11-01T22:09:24.000Z
401762850,40176285019,401762850491,13,15,Central Michigan,Mid-American,14,Western Michigan,Mid-American,14,Western Michigan,Central Michigan,3,"{'minutes': 0, 'seconds': 55}",3.0,3.0,33,33,1,10,1,False,Rush,(01:00) Shotgun #22 B.Townsend rush middle for 1 yard gain to the WMU32 (#8 J.Sims; #64 R.Stewart),-0.482852560268812,2025-11-01T22:16:10.000Z
401762850,40176285019,401762850501,13,17,Central Michigan,Mid-American,14,Western Michigan,Mid-American,14,Western Michigan,Central Michigan,3,"{'minutes': 0, 'seconds': 0}",3.0,3.0,68,68,2,9,35,False,End Period,End of 3rd quarter.,3.445455451014938,2025-11-01T22:17:18.000Z
401762850,40176285019,401762850420,13,2,Central Michigan,Mid-American,14,Western Michigan,Mid-American,14,Western Michigan,Central Michigan,3,"{'minutes': 8, 'seconds': 37}",3.0,3.0,75,75,1,10,4,False,Rush,(08:43) #22 B.Townsend rush middle for 4 yards gain to the CMU29 (#0 M.Al-Garawi; #9 J.Camden),-0.1142886249388964,2025-11-01T22:04:40.000Z
401762850,40176285019,401762850424,13,3,Central Michigan,Mid-American,14,Western Michigan,Mid-American,14,Western Michigan,Central Michigan,3,"{'minutes': 7, 'seconds': 55}",3.0,3.0,71,71,2,6,6,False,Rush,"(08:03) Shotgun #22 B.Townsend rush middle for 6 yards gain to the CMU35 (#8 J.Sims), 1ST DOWN",0.9493267339688831,2025-11-01T22:05:20.000Z
401762850,40176285019,401762850428,13,4,Central Michigan,Mid-American,14,Western Michigan,Mid-American,14,Western Michigan,Central Michigan,3,"{'minutes': 7, 'seconds': 19}",3.0,3.0,65,65,1,10,6,False,Rush,(07:30) #22 B.Townsend rush middle for 6 yards gain to the CMU41 (#47 D.Moon),0.3983464844048346,2025-11-01T22:05:56.000Z
401762850,40176285019,401762850432,13,5,Central Michigan,Mid-American,14,Western Michigan,Mid-American,14,Western Michigan,Central Michigan,3,"{'minutes': 6, 'seconds': 48}",3.0,3.0,59,59,2,4,3,False,Rush,(06:57) Shotgun #22 B.Townsend rush middle for 3 yards gain to the CMU44 (#18 M.Davis; #10 S.Saipaia),-0.4509608359265868,2025-11-01T22:06:38.000Z
401762850,40176285019,401762850436,13,6,Central Michigan,Mid-American,14,Western Michigan,Mid-American,14,Western Michigan,Central Michigan,3,"{'minutes': 6, 'seconds': 13}",3.0,3.0,56,56,3,1,1,False,Rush,"(06:20) Shotgun #2 J.Labas rush left for 1 yard gain to the CMU45 (#9 J.Camden), 1ST DOWN, PENALTY CMU UNR: Unnecessary Roughness (#59 B.Ploucha) 15 yards from CMU45 to CMU30",1.018718124896722,2025-11-01T22:07:14.000Z
401762850,40176285019,401762850452,13,9,Central Michigan,Mid-American,14,Western Michigan,Mid-American,14,Western Michigan,Central Michigan,3,"{'minutes': 4, 'seconds': 28}",3.0,3.0,56,56,1,10,1,False,Rush,(04:35) Shotgun #5 N.Biggins rush middle for 1 yard gain to the CMU45 (#10 S.Saipaia; #99 R.McGraw),-0.9290991816818684,2025-11-01T22:09:55.000Z
401762850,40176285019,401762850456,13,10,Central Michigan,Mid-American,14,Western Michigan,Mid-American,14,Western Michigan,Central Michigan,3,"{'minutes': 3, 'seconds': 44}",3.0,3.0,55,55,2,9,-1,False,Rush,(03:53) Shotgun #2 J.Labas rush left for 1 yard loss to the CMU44 (#10 S.Saipaia; #99 R.McGraw),-1.1134376323179325,2025-11-01T22:10:38.000Z
401762850,40176285019,401762850460,13,11,Central Michigan,Mid-American,14,Western Michigan,Mid-American,14,Western Michigan,Central Michigan,3,"{'minutes': 3, 'seconds': 4}",3.0,3.0,56,56,3,10,12,False,Pass Reception,"(03:08) Shotgun #2 J.Labas pass complete short middle to #3 T.Davis caught at WMU46, for 12 yards to the WMU44 (#18 M.Davis; #8 J.Sims), 1ST DOWN, PENALTY WMU Holding declined",2.9998372378690856,2025-11-01T22:11:23.000Z
401762850,40176285019,401762850477,13,12,Central Michigan,Mid-American,14,Western Michigan,Mid-American,14,Western Michigan,Central Michigan,3,"{'minutes': 2, 'seconds': 37}",3.0,3.0,44,44,1,10,2,False,Pass Reception,"(02:37) Shotgun #2 J.Labas pass complete short right to #20 L.Lewis caught at WMU47, for 2 yards to the WMU42 (#18 M.Davis). The previous play is under automatic review - ""Targeting"". CALL OVERTURNED. (Original Play: (02:37) Shotgun #2 J.Labas pass complete short right to #20 L.Lewis caught at WMU47, for 2 yards to the WMU42 (#18 M.Davis) PENALTY WMU Targeting (#18 M.Davis) 15 yards from WMU42 to WMU27, 1ST DOWN)",-0.52968574160999,2025-11-01T22:15:04.000Z
401762850,40176285019,401762850483,13,13,Central Michigan,Mid-American,14,Western Michigan,Mid-American,14,Western Michigan,Central Michigan,3,"{'minutes': 1, 'seconds': 56}",3.0,3.0,42,42,2,8,6,False,Rush,(02:00) Shotgun #10 M.Beamon rush middle for 6 yards gain to the WMU36 (#6 J.Pope),0.2989056567298134,2025-11-01T22:15:09.000Z
401762850,40176285019,401762850487,13,14,Central Michigan,Mid-American,14,Western Michigan,Mid-American,14,Western Michigan,Central Michigan,3,"{'minutes': 1, 'seconds': 35}",3.0,3.0,36,36,3,2,3,False,Rush,"(01:41) Shotgun #10 M.Beamon rush middle for 3 yards gain to the WMU33 (#0 M.Al-Garawi; #64 R.Stewart), 1ST DOWN",0.74058766888821,2025-11-01T22:15:31.000Z
401762850,40176285019,401762850495,13,16,Central Michigan,Mid-American,14,Western Michigan,Mid-American,14,Western Michigan,Central Michigan,3,"{'minutes': 0, 'seconds': 23}",3.0,3.0,32,32,2,9,-1,False,Rush,(00:23) Shotgun #10 M.Beamon rush middle for 1 yard loss to the WMU33 (#64 R.Stewart),-1.009105788342616,2025-11-01T22:16:46.000Z
401762850,40176285019,401762850505,13,18,Central Michigan,Mid-American,21,Western Michigan,Mid-American,14,Western Michigan,Central Michigan,4,"{'minutes': 14, 'seconds': 53}",3.0,3.0,33,33,3,10,33,True,Passing Touchdown,"(14:58) Shotgun #10 M.Beamon pass complete deep left to #3 T.Davis caught at WMU02, for 33 yards to the WMU00 TOUCHDOWN, clock 14:53, 1ST DOWN #47 C.Graham kick attempt good (H: #18 D.Duley, LS: #30 B.Pratt)",4.395033122113416,2025-11-01T22:21:24.000Z
401762850,40176285021,401762850515,14,1,Central Michigan,Mid-American,21,Western Michigan,Mid-American,14,Western Michigan,Central Michigan,4,"{'minutes': 14, 'seconds': 53}",3.0,3.0,65,65,1,10,0,False,Kickoff,(14:53) #47 C.Graham kickoff 57 yards to the WMU08 fair catch by #84 K.Boone-Nelson at WMU08,,2025-11-01T22:22:10.000Z
401762850,40176285021,401762850527,14,4,Western Michigan,Mid-American,14,Central Michigan,Mid-American,21,Western Michigan,Central Michigan,4,"{'minutes': 13, 'seconds': 44}",3.0,3.0,29,71,3,6,10,False,Penalty,"(13:44) No Huddle-Shotgun #12 B.Lowry pass incomplete deep left to #82 B.Brooks thrown to WMU50 PENALTY CMU Holding (#6 K.Carroll) 10 yards from WMU29 to WMU39, 1ST DOWN. NO PLAY",,2025-11-01T22:27:48.000Z
401762850,40176285021,401762850531,14,5,Western Michigan,Mid-American,14,Central Michigan,Mid-American,21,Western Michigan,Central Michigan,4,"{'minutes': 13, 'seconds': 38}",3.0,3.0,39,61,1,10,10,False,Penalty,"(13:38) No Huddle-Shotgun #12 B.Lowry pass complete deep right to #18 A.Chenault caught at CMU38, for 23 yards to the CMU38, End Of Play PENALTY WMU Holding (#51 J.Hofer) 10 yards from WMU39 to WMU29. NO PLAY",,2025-11-01T22:28:47.000Z
401762850,40176285021,401762850544,14,7,Western Michigan,Mid-American,14,Central Michigan,Mid-American,21,Western Michigan,Central Michigan,4,"{'minutes': 12, 'seconds': 43}",3.0,3.0,49,51,1,10,12,False,Rush,"(12:50) No Huddle-Shotgun #12 B.Lowry rush middle for 12 yards gain to the CMU39 (#17 M.Blackwell), 1ST DOWN",0.782928648961388,2025-11-01T22:30:32.000Z
401762850,40176285021,401762850558,14,10,Western Michigan,Mid-American,14,Central Michigan,Mid-American,21,Western Michigan,Central Michigan,4,"{'minutes': 10, 'seconds': 34}",3.0,3.0,73,27,1,10,5,False,Penalty,PENALTY WMU Delay Of Game (#12 B.Lowry) 5 yards from CMU27 to CMU32. NO PLAY,,2025-11-01T22:32:58.000Z
401762850,40176285021,401762850573,14,14,Western Michigan,Mid-American,17,Central Michigan,Mid-American,21,Western Michigan,Central Michigan,4,"{'minutes': 9, 'seconds': 1}",3.0,3.0,73,27,4,10,46,True,Field Goal Good,"(09:01) #20 P.Domschke field goal attempt from 46 yards GOOD (H: #25 R.Millmore, LS: #46 R.Todd), clock 09:01",,2025-11-01T22:35:32.000Z
401762850,40176285021,401762850518,14,2,Western Michigan,Mid-American,14,Central Michigan,Mid-American,21,Western Michigan,Central Michigan,4,"{'minutes': 14, 'seconds': 32}",3.0,3.0,25,75,1,10,-1,False,Pass Reception,"(14:53) No Huddle-Shotgun #12 B.Lowry pass complete short right to #17 M.Dieudonne caught at WMU23, for 1 yard loss to the WMU24 (#1 D.Cochran)",-0.8014893508157099,2025-11-01T22:26:30.000Z
401762850,40176285021,401762850523,14,3,Western Michigan,Mid-American,14,Central Michigan,Mid-American,21,Western Michigan,Central Michigan,4,"{'minutes': 14, 'seconds': 14}",3.0,3.0,24,76,2,11,5,False,Rush,(14:22) No Huddle-Shotgun #24 O.Mataele rush middle for 5 yards gain to the WMU29 (#98 J.Decker; #97 M.Heldman),0.03629583896571643,2025-11-01T22:26:57.000Z
401762850,40176285021,401762850537,14,6,Western Michigan,Mid-American,14,Central Michigan,Mid-American,21,Western Michigan,Central Michigan,4,"{'minutes': 13, 'seconds': 6}",3.0,3.0,29,71,1,20,5,False,Pass Reception,"(13:12) No Huddle-Shotgun #12 B.Lowry pass complete short left to #0 T.Williams caught at WMU24, for 5 yards to the WMU34 (#4 J.Jackson) PENALTY CMU UNS: Unsportsmanlike Conduct (#15 C.Spann) 15 yards from WMU34 to WMU49, 1ST DOWN",0.02873416617858383,2025-11-01T22:29:25.000Z
401762850,40176285021,401762850548,14,8,Western Michigan,Mid-American,14,Central Michigan,Mid-American,21,Western Michigan,Central Michigan,4,"{'minutes': 11, 'seconds': 57}",3.0,3.0,61,39,1,10,8,False,Rush,(12:06) No Huddle-Shotgun #6 J.Buckley rush left for 8 yards gain to the CMU31 (#6 K.Carroll),0.6211478423237775,2025-11-01T22:31:23.000Z
401762850,40176285021,401762850552,14,9,Western Michigan,Mid-American,14,Central Michigan,Mid-American,21,Western Michigan,Central Michigan,4,"{'minutes': 11, 'seconds': 19}",3.0,3.0,69,31,2,2,4,False,Rush,"(11:28) No Huddle-Shotgun #6 J.Buckley rush right for 4 yards gain to the CMU27 (#1 D.Cochran), 1ST DOWN",-0.2219901287837125,2025-11-01T22:32:01.000Z
401762850,40176285021,401762850561,14,11,Western Michigan,Mid-American,14,Central Michigan,Mid-American,21,Western Michigan,Central Michigan,4,"{'minutes': 10, 'seconds': 20}",3.0,3.0,68,32,1,15,0,False,Rush,(10:28) No Huddle-Shotgun #12 B.Lowry rush middle for 0 yards to the CMU32 (#97 M.Heldman; #40 L.Brown),-0.669967186431986,2025-11-01T22:33:24.000Z
401762850,40176285021,401762850565,14,12,Western Michigan,Mid-American,14,Central Michigan,Mid-American,21,Western Michigan,Central Michigan,4,"{'minutes': 9, 'seconds': 46}",3.0,3.0,68,32,2,15,0,False,Pass Incompletion,(09:49) No Huddle-Shotgun #12 B.Lowry pass incomplete short right to #82 B.Brooks thrown to CMU30,-0.9350278602780905,2025-11-01T22:34:06.000Z
401762850,40176285021,401762850568,14,13,Western Michigan,Mid-American,14,Central Michigan,Mid-American,21,Western Michigan,Central Michigan,4,"{'minutes': 9, 'seconds': 32}",3.0,3.0,68,32,3,15,5,False,Pass Reception,"(09:46) No Huddle-Shotgun #12 B.Lowry pass complete short left to #86 B.Bosma caught at CMU29, for 5 yards to the CMU27 (#17 M.Blackwell; #40 L.Brown)",0.0489317596654645,2025-11-01T22:34:46.000Z
401762850,40176285023,401762850576,15,1,Western Michigan,Mid-American,17,Central Michigan,Mid-American,21,Western Michigan,Central Michigan,4,"{'minutes': 9, 'seconds': 1}",3.0,3.0,35,65,1,10,0,False,Kickoff,(09:01) #31 H.Smith kickoff 65 yards to the CMU00 fair catch by #5 N.Biggins at CMU00,,2025-11-01T22:35:34.000Z
401762850,40176285023,401762850591,15,5,Central Michigan,Mid-American,21,Western Michigan,Mid-American,17,Western Michigan,Central Michigan,4,"{'minutes': 7, 'seconds': 0}",3.0,3.0,68,68,4,3,0,False,Punt,(07:00) #18 D.Duley punt 38 yards to the WMU30 fair catch by #86 B.Bosma at WMU30,,2025-11-01T22:41:36.000Z
401762850,40176285023,401762850579,15,2,Central Michigan,Mid-American,21,Western Michigan,Mid-American,17,Western Michigan,Central Michigan,4,"{'minutes': 8, 'seconds': 54}",3.0,3.0,75,75,1,10,3,False,Rush,(09:01) Shotgun #10 M.Beamon rush middle for 3 yards gain to the CMU28 (#91 M.Tyler; #10 S.Saipaia),-0.2957674139440157,2025-11-01T22:39:25.000Z
401762850,40176285023,401762850583,15,3,Central Michigan,Mid-American,21,Western Michigan,Mid-American,17,Western Michigan,Central Michigan,4,"{'minutes': 8, 'seconds': 12}",3.0,3.0,72,72,2,7,4,False,Rush,(08:22) Shotgun #10 M.Beamon rush left for 4 yards gain to the CMU32 (#9 J.Camden; #64 R.Stewart),-0.0933867271711355,2025-11-01T22:40:06.000Z
401762850,40176285023,401762850587,15,4,Central Michigan,Mid-American,21,Western Michigan,Mid-American,17,Western Michigan,Central Michigan,4,"{'minutes': 7, 'seconds': 32}",3.0,3.0,68,68,3,3,0,False,Rush,(07:44) Shotgun #10 M.Beamon rush left for 0 yards to the CMU32 (#3 T.Hallock),-0.5139435334013278,2025-11-01T22:40:48.000Z
401762850,40176285024,401762850639,16,11,Western Michigan,Mid-American,17,Central Michigan,Mid-American,21,Western Michigan,Central Michigan,4,"{'minutes': 2, 'seconds': 13}",2.0,3.0,93,7,3,5,0,False,Timeout,"Timeout Western Michigan, clock 02:13",,2025-11-01T22:50:45.000Z
401762850,40176285024,401762850616,16,6,Western Michigan,Mid-American,17,Central Michigan,Mid-American,21,Western Michigan,Central Michigan,4,"{'minutes': 4, 'seconds': 11}",3.0,3.0,83,17,3,4,3,False,Rush,(04:18) No Huddle-Shotgun #6 J.Buckley rush middle for 3 yards gain to the CMU14 (#97 M.Heldman),-0.159455583092111,2025-11-01T22:47:10.000Z
401762850,40176285024,401762850595,16,1,Western Michigan,Mid-American,17,Central Michigan,Mid-American,21,Western Michigan,Central Michigan,4,"{'minutes': 6, 'seconds': 55}",3.0,3.0,30,70,1,10,17,False,Rush,"(07:00) No Huddle-Shotgun #12 B.Lowry rush right for 17 yards gain to the WMU47 (#2 E.Rikard), 1ST DOWN",1.5974870853310357,2025-11-01T22:44:26.000Z
401762850,40176285024,401762850599,16,2,Western Michigan,Mid-American,17,Central Michigan,Mid-American,21,Western Michigan,Central Michigan,4,"{'minutes': 6, 'seconds': 29}",3.0,3.0,47,53,1,10,8,False,Pass Reception,"(06:43) No Huddle-Shotgun #12 B.Lowry pass complete short right to #1 C.Leary caught at WMU47, for 8 yards to the CMU45 (#98 J.Decker)",0.9027604054456208,2025-11-01T22:44:48.000Z
401762850,40176285024,401762850604,16,3,Western Michigan,Mid-American,17,Central Michigan,Mid-American,21,Western Michigan,Central Michigan,4,"{'minutes': 5, 'seconds': 54}",3.0,3.0,55,45,2,2,22,False,Rush,"(06:03) No Huddle-Shotgun #12 B.Lowry rush middle for 22 yards gain to the CMU23 (#4 J.Jackson), 1ST DOWN",0.5285613500564585,2025-11-01T22:45:28.000Z
401762850,40176285024,401762850608,16,4,Western Michigan,Mid-American,17,Central Michigan,Mid-American,21,Western Michigan,Central Michigan,4,"{'minutes': 5, 'seconds': 17}",3.0,3.0,77,23,1,10,1,False,Rush,(05:21) No Huddle-Shotgun #12 B.Lowry rush middle for 1 yard gain to the CMU22 (#4 J.Jackson; #12 J.Kwiatkowski),-0.3213826573966115,2025-11-01T22:46:05.000Z
401762850,40176285024,401762850612,16,5,Western Michigan,Mid-American,17,Central Michigan,Mid-American,21,Western Michigan,Central Michigan,4,"{'minutes': 4, 'seconds': 41}",3.0,3.0,78,22,2,9,5,False,Rush,(04:47) No Huddle-Shotgun #12 B.Lowry rush middle for 5 yards gain to the CMU17 (#6 K.Carroll),0.049593569162731,2025-11-01T22:46:41.000Z
401762850,40176285024,401762850620,16,7,Western Michigan,Mid-American,17,Central Michigan,Mid-American,21,Western Michigan,Central Michigan,4,"{'minutes': 3, 'seconds': 31}",3.0,3.0,86,14,4,1,2,False,Rush,"(03:41) No Huddle-Shotgun #12 B.Lowry rush middle for 2 yards gain to the CMU12 (#1 D.Cochran), 1ST DOWN",0.5651278073612945,2025-11-01T22:47:50.000Z
401762850,40176285024,401762850624,16,8,Western Michigan,Mid-American,17,Central Michigan,Mid-American,21,Western Michigan,Central Michigan,4,"{'minutes': 3, 'seconds': 0}",3.0,3.0,88,12,1,10,0,False,Pass Incompletion,(03:00) No Huddle-Shotgun #12 B.Lowry pass incomplete short left to #0 T.Williams thrown to CMU00,-0.2977696357406735,2025-11-01T22:48:29.000Z
401762850,40176285024,401762850627,16,9,Western Michigan,Mid-American,17,Central Michigan,Mid-American,21,Western Michigan,Central Michigan,4,"{'minutes': 2, 'seconds': 51}",3.0,3.0,88,12,2,10,5,False,Rush,(03:00) No Huddle-Shotgun #12 B.Lowry rush middle for 5 yards gain to the CMU07 (#40 L.Brown),0.038216906533761,2025-11-01T22:49:06.000Z
401762850,40176285024,401762850631,16,10,Western Michigan,Mid-American,17,Central Michigan,Mid-American,21,Western Michigan,Central Michigan,4,"{'minutes': 2, 'seconds': 14}",3.0,3.0,93,7,3,5,0,False,Pass Incompletion,(02:18) No Huddle-Shotgun #12 B.Lowry pass incomplete short left to #82 B.Brooks thrown to CMU00,-0.319532032317183,2025-11-01T22:49:49.000Z
401762850,40176285024,401762850637,16,12,Western Michigan,Mid-American,24,Central Michigan,Mid-American,21,Western Michigan,Central Michigan,4,"{'minutes': 2, 'seconds': 8}",2.0,3.0,93,7,4,5,7,True,Passing Touchdown,"(02:14) No Huddle-Shotgun #12 B.Lowry pass complete short right to #0 T.Williams caught at CMU00, for 7 yards to the CMU00 TOUCHDOWN, clock 02:08, 1ST DOWN #20 P.Domschke kick attempt good (H: #25 R.Millmore, LS: #46 R.Todd)",3.109179303560021,2025-11-01T22:53:53.000Z
401762850,40176285026,401762850646,17,1,Western Michigan,Mid-American,24,Central Michigan,Mid-American,21,Western Michigan,Central Michigan,4,"{'minutes': 2, 'seconds': 8}",2.0,3.0,35,65,1,10,0,False,Kickoff,(02:08) #31 H.Smith kickoff 65 yards to the CMU00 fair catch by #5 N.Biggins at CMU00,,2025-11-01T22:56:05.000Z
401762850,40176285026,401762850649,17,2,Central Michigan,Mid-American,21,Western Michigan,Mid-American,24,Western Michigan,Central Michigan,4,"{'minutes': 2, 'seconds': 1}",3.0,2.0,75,75,1,10,-10,False,Pass Reception,"(02:08) No Huddle-Shotgun #2 J.Labas pass complete short left to #22 B.Townsend caught at CMU20, for 1 yard loss to the CMU24 (#9 J.Camden; #8 J.Sims) PENALTY CMU Holding (#76 M.Koivisto) 10 yards from CMU25 to CMU15. NO PLAY",-1.2226429985752976,2025-11-01T22:57:07.000Z
401762850,40176285026,401762850655,17,3,Central Michigan,Mid-American,21,Western Michigan,Mid-American,24,Western Michigan,Central Michigan,4,"{'minutes': 2, 'seconds': 0}",3.0,2.0,85,85,1,20,0,False,Interception,"(02:00) No Huddle-Shotgun #2 J.Labas pass intercepted by #91 M.Tyler at CMU16, End Of Play",0.15993402760454511,2025-11-01T23:01:09.000Z
401762850,40176285027,401762850667,18,2,Central Michigan,Mid-American,21,Western Michigan,Mid-American,24,Western Michigan,Central Michigan,4,"{'minutes': 1, 'seconds': 48}",2.0,2.0,84,84,1,10,0,False,Timeout,"Timeout Central Michigan, clock 01:48",,2025-11-01T23:02:14.000Z
401762850,40176285027,401762850672,18,4,Central Michigan,Mid-American,21,Western Michigan,Mid-American,24,Western Michigan,Central Michigan,4,"{'minutes': 1, 'seconds': 43}",1.0,2.0,86,86,2,8,0,False,Timeout,"Timeout Central Michigan, clock 01:43",,2025-11-01T23:03:26.000Z
401762850,40176285027,401762850683,18,8,Western Michigan,Mid-American,24,Central Michigan,Mid-American,21,Western Michigan,Central Michigan,4,"{'minutes': 0, 'seconds': 0}",2.0,1.0,95,5,2,5,-1,False,End Period,End of 4th quarter.,-0.385184158644728,2025-11-01T23:07:51.000Z
401762850,40176285027,401762850665,18,3,Western Michigan,Mid-American,24,Central Michigan,Mid-American,21,Western Michigan,Central Michigan,4,"{'minutes': 1, 'seconds': 43}",2.0,2.0,86,14,2,8,4,False,Rush,(01:48) No Huddle-Shotgun #12 B.Lowry rush left for 4 yards gain to the CMU10 (#1 D.Cochran),-0.0283762242438305,2025-11-01T23:03:04.000Z
401762850,40176285027,401762850670,18,5,Western Michigan,Mid-American,24,Central Michigan,Mid-American,21,Western Michigan,Central Michigan,4,"{'minutes': 1, 'seconds': 37}",2.0,1.0,90,10,3,4,6,False,Rush,"(01:43) No Huddle-Shotgun #12 B.Lowry rush right for 6 yards gain to the CMU04 (#4 J.Calip), 1ST DOWN",1.09272937019488,2025-11-01T23:04:11.000Z
401762850,40176285027,401762850661,18,1,Western Michigan,Mid-American,24,Central Michigan,Mid-American,21,Western Michigan,Central Michigan,4,"{'minutes': 1, 'seconds': 48}",2.0,3.0,84,16,1,10,2,False,Rush,(01:48) No Huddle-Shotgun #12 B.Lowry rush middle for 2 yards gain to the CMU14 (#12 J.Kwiatkowski),-0.1838209433726501,2025-11-01T23:02:02.000Z
401762850,40176285027,401762850675,18,6,Western Michigan,Mid-American,24,Central Michigan,Mid-American,21,Western Michigan,Central Michigan,4,"{'minutes': 0, 'seconds': 53}",2.0,1.0,96,4,1,4,-1,False,Rush,(00:59) Kneel down by #12 B.Lowry at CMU05 for loss of 1 yard,-0.750387172815945,2025-11-01T23:04:59.000Z
401762850,40176285027,401762850678,18,7,Western Michigan,Mid-American,24,Central Michigan,Mid-American,21,Western Michigan,Central Michigan,4,"{'minutes': 0, 'seconds': 49}",2.0,1.0,95,5,2,5,-1,False,Rush,(00:49) Kneel down by #12 B.Lowry at CMU06 for loss of 1 yard,-0.385184158644728,2025-11-01T23:05:26.000Z
401762857,4017628572,4017628573,1,1,Western Michigan,Mid-American,0,Ohio,Mid-American,0,Western Michigan,Ohio,1,"{'minutes': 15, 'seconds': 0}",3.0,3.0,35,65,1,10,0,False,Kickoff,"(15:00) #31 H.Smith kickoff 65 yards to the OHI00, Touchback",,2025-11-12T01:04:47.000Z
401762857,4017628572,40176285725,1,5,Ohio,Mid-American,0,Western Michigan,Mid-American,0,Western Michigan,Ohio,1,"{'minutes': 13, 'seconds': 25}",3.0,3.0,44,44,3,5,5,False,Penalty,"(13:25) No Huddle-Shotgun #13 P.Navarro pass incomplete deep left to #11 R.Harris II thrown to WMU04 broken up by #5 A.Wofford PENALTY WMU Offside (#0 M.Al-Garawi) 5 yards from WMU44 to WMU39, 1ST DOWN. NO PLAY",,2025-11-12T01:09:08.000Z
401762857,4017628572,40176285733,1,6,Ohio,Mid-American,0,Western Michigan,Mid-American,0,Western Michigan,Ohio,1,"{'minutes': 13, 'seconds': 25}",2.0,3.0,44,44,3,5,0,False,Timeout,"Timeout Ohio, clock 13:25",,2025-11-12T01:09:47.000Z
401762857,4017628572,40176285712,1,2,Ohio,Mid-American,0,Western Michigan,Mid-American,0,Western Michigan,Ohio,1,"{'minutes': 14, 'seconds': 47}",3.0,3.0,75,75,1,10,26,False,Rush,"(14:58) No Huddle-Shotgun #5 S.Bangura rush right for 26 yards gain to the WMU49 (#3 T.Hallock), 1ST DOWN",2.3154245680840733,2025-11-12T01:07:24.000Z
401762857,4017628572,40176285716,1,3,Ohio,Mid-American,0,Western Michigan,Mid-American,0,Western Michigan,Ohio,1,"{'minutes': 14, 'seconds': 24}",3.0,3.0,49,49,1,10,2,False,Rush,(14:33) No Huddle-Shotgun #13 P.Navarro rush right for 2 yards gain to the WMU47 (#9 J.Camden),-0.6159141942829951,2025-11-12T01:07:46.000Z
401762857,4017628572,40176285721,1,4,Ohio,Mid-American,0,Western Michigan,Mid-American,0,Western Michigan,Ohio,1,"{'minutes': 13, 'seconds': 56}",3.0,3.0,47,47,2,8,3,False,Rush,(14:03) No Huddle-Shotgun #5 S.Bangura rush middle for 3 yards gain to the WMU44 (#9 J.Camden),-0.4053711892758151,2025-11-12T01:08:14.000Z
401762857,4017628572,40176285731,1,7,Ohio,Mid-American,0,Western Michigan,Mid-American,0,Western Michigan,Ohio,1,"{'minutes': 13, 'seconds': 9}",2.0,3.0,39,39,1,10,1,False,Rush,(13:24) No Huddle-Shotgun #13 P.Navarro rush right for 1 yard gain to the WMU38 (#9 J.Camden),-0.6215061842869627,2025-11-12T01:10:59.000Z
401762857,4017628572,40176285737,1,8,Ohio,Mid-American,0,Western Michigan,Mid-American,0,Western Michigan,Ohio,1,"{'minutes': 12, 'seconds': 26}",2.0,3.0,38,38,2,9,37,False,Pass Interception Return,(12:35) No Huddle-Shotgun #13 P.Navarro pass intercepted by #3 T.Hallock at WMU30 #3 T.Hallock return 37 yards to the OHI33 (#5 S.Bangura),-3.2380552607814863,2025-11-12T01:11:54.000Z
401762857,4017628573,40176285757,2,4,Western Michigan,Mid-American,3,Ohio,Mid-American,0,Western Michigan,Ohio,1,"{'minutes': 10, 'seconds': 19}",3.0,2.0,72,28,4,5,46,True,Field Goal Good,"(10:18) #20 P.Domschke field goal attempt from 46 yards GOOD (H: #25 R.Millmore, LS: #46 R.Todd), clock 10:19",,2025-11-12T01:14:37.000Z
401762857,4017628573,40176285762,2,5,Western Michigan,Mid-American,3,Ohio,Mid-American,0,Western Michigan,Ohio,1,"{'minutes': 10, 'seconds': 19}",2.0,2.0,72,28,4,5,0,False,Timeout,"Timeout Western Michigan, clock 10:19",,2025-11-12T01:15:53.000Z
401762857,4017628573,40176285743,2,1,Western Michigan,Mid-American,0,Ohio,Mid-American,0,Western Michigan,Ohio,1,"{'minutes': 12, 'seconds': 18}",3.0,2.0,67,33,1,10,2,False,Rush,(12:26) No Huddle-Shotgun #6 J.Buckley rush middle for 2 yards gain to the OHI31 (#27 J.Fries; #30 C.Christopher),-0.3377843039747627,2025-11-12T01:12:32.000Z
401762857,4017628573,40176285747,2,2,Western Michigan,Mid-American,0,Ohio,Mid-American,0,Western Michigan,Ohio,1,"{'minutes': 11, 'seconds': 38}",3.0,2.0,69,31,2,8,1,False,Rush,(11:52) No Huddle-Shotgun #12 B.Lowry rush middle for 1 yard gain to the OHI30 (#15 A.Luqman),-0.5768624397027543,2025-11-12T01:13:11.000Z
401762857,4017628573,40176285751,2,3,Western Michigan,Mid-American,0,Ohio,Mid-American,0,Western Michigan,Ohio,1,"{'minutes': 10, 'seconds': 59}",3.0,2.0,70,30,3,7,2,False,Rush,(11:04) No Huddle-Shotgun #12 B.Lowry rush middle for 2 yards gain to the OHI28 (#27 J.Fries),-0.523171199432701,2025-11-12T01:13:49.000Z
401762857,4017628575,40176285760,3,1,Western Michigan,Mid-American,3,Ohio,Mid-American,0,Western Michigan,Ohio,1,"{'minutes': 10, 'seconds': 19}",2.0,2.0,35,65,1,10,0,False,Kickoff,"(10:19) #31 H.Smith kickoff 65 yards to the OHI00, Touchback",,2025-11-12T01:14:43.000Z
401762857,4017628575,40176285786,3,7,Ohio,Mid-American,0,Western Michigan,Mid-American,3,Western Michigan,Ohio,1,"{'minutes': 7, 'seconds': 22}",2.0,2.0,58,58,4,9,0,False,Punt Return,(07:31) #42 M.Haines punt 30 yards to the WMU28 #86 B.Bosma return 0 yards to the WMU28 (#37 B.Guffey),,2025-11-12T01:22:54.000Z
401762857,4017628575,40176285764,3,2,Ohio,Mid-American,0,Western Michigan,Mid-American,3,Western Michigan,Ohio,1,"{'minutes': 10, 'seconds': 11}",2.0,2.0,75,75,1,10,7,False,Rush,(10:19) No Huddle-Shotgun #5 S.Bangura rush middle for 7 yards gain to the OHI32 (#1 J.Franklin),0.604642460086338,2025-11-12T01:19:19.000Z
401762857,4017628575,40176285768,3,3,Ohio,Mid-American,0,Western Michigan,Mid-American,3,Western Michigan,Ohio,1,"{'minutes': 9, 'seconds': 26}",2.0,2.0,68,68,2,3,9,False,Pass Reception,"(09:36) No Huddle-Shotgun #13 P.Navarro pass complete short right to #85 M.Williams caught at OHI31, for 9 yards to the OHI41 (#8 J.Sims; #6 J.Pope), 1ST DOWN",0.8141003098365562,2025-11-12T01:20:01.000Z
401762857,4017628575,40176285774,3,4,Ohio,Mid-American,0,Western Michigan,Mid-American,3,Western Michigan,Ohio,1,"{'minutes': 8, 'seconds': 40}",2.0,2.0,59,59,1,10,4,False,Pass Reception,"(08:57) No Huddle-Shotgun #13 P.Navarro pass complete short left to #7 C.Hendricks caught at OHI45, for 4 yards to the OHI45 (#6 J.Pope)",-0.1673002614345122,2025-11-12T01:20:37.000Z
401762857,4017628575,40176285779,3,5,Ohio,Mid-American,0,Western Michigan,Mid-American,3,Western Michigan,Ohio,1,"{'minutes': 8, 'seconds': 9}",2.0,2.0,55,55,2,6,0,False,Pass Incompletion,(08:15) No Huddle-Shotgun #13 P.Navarro pass incomplete short right to #19 D.Dorwart thrown to WMU46 broken up by #1 J.Franklin,-1.1126244541815051,2025-11-12T01:21:18.000Z
401762857,4017628575,40176285782,3,6,Ohio,Mid-American,0,Western Michigan,Mid-American,3,Western Michigan,Ohio,1,"{'minutes': 7, 'seconds': 57}",2.0,2.0,55,55,3,6,-2,False,Sack,"(08:07) No Huddle-Shotgun #13 P.Navarro sacked for loss of 3 yards to the OHI42 (#4 R.McGraw, #9 J.Camden)",-0.9364054662813244,2025-11-12T01:22:13.000Z
401762857,4017628576,401762857102,4,4,Western Michigan,Mid-American,3,Ohio,Mid-American,0,Western Michigan,Ohio,1,"{'minutes': 6, 'seconds': 20}",2.0,2.0,31,69,4,7,10,False,Punt Return,(06:25) #25 R.Millmore punt 43 yards to the OHI26 #7 C.Hendricks return 10 yards to the OHI36 (#1 J.Franklin; #16 J.Lyles),,2025-11-12T01:28:32.000Z
401762857,4017628576,401762857110,4,5,Western Michigan,Mid-American,3,Ohio,Mid-American,0,Western Michigan,Ohio,1,"{'minutes': 6, 'seconds': 20}",1.0,2.0,31,69,4,7,0,False,Timeout,"Timeout Western Michigan, clock 06:20",,2025-11-12T01:28:51.000Z
401762857,4017628576,40176285792,4,1,Western Michigan,Mid-American,3,Ohio,Mid-American,0,Western Michigan,Ohio,1,"{'minutes': 7, 'seconds': 16}",2.0,2.0,28,72,1,10,0,False,Pass Incompletion,(07:20) No Huddle-Shotgun #12 B.Lowry pass incomplete deep left to #0 T.Williams thrown to OHI40 QB hurried by #10 P.Odjugo,-0.7982008475508557,2025-11-12T01:26:38.000Z
401762857,4017628576,40176285795,4,2,Western Michigan,Mid-American,3,Ohio,Mid-American,0,Western Michigan,Ohio,1,"{'minutes': 7, 'seconds': 5}",2.0,2.0,28,72,2,10,3,False,Rush,(07:08) No Huddle-Shotgun #6 J.Buckley rush middle for 3 yards gain to the WMU31 (#30 C.Christopher),-0.1804583111449043,2025-11-12T01:27:15.000Z
401762857,4017628576,40176285799,4,3,Western Michigan,Mid-American,3,Ohio,Mid-American,0,Western Michigan,Ohio,1,"{'minutes': 6, 'seconds': 31}",2.0,2.0,31,69,3,7,0,False,Pass Incompletion,(06:38) No Huddle-Shotgun #12 B.Lowry pass incomplete short right to #0 T.Williams thrown to WMU41 QB hurried by #10 P.Odjugo,-0.31775373805896123,2025-11-12T01:27:45.000Z
401762857,4017628577,401762857108,5,1,Ohio,Mid-American,0,Western Michigan,Mid-American,3,Western Michigan,Ohio,1,"{'minutes': 6, 'seconds': 13}",2.0,1.0,64,64,1,10,14,False,Rush,"(06:20) No Huddle-Shotgun #13 P.Navarro rush right for 14 yards gain to the OHI50 (#9 J.Camden), 1ST DOWN",1.305780675653958,2025-11-12T01:32:30.000Z
401762857,4017628577,401762857113,5,2,Ohio,Mid-American,0,Western Michigan,Mid-American,3,Western Michigan,Ohio,1,"{'minutes': 5, 'seconds': 40}",2.0,1.0,50,50,1,10,4,False,Rush,(05:46) No Huddle-Shotgun #6 D.Brune rush middle for 4 yards gain to the WMU46 (#9 J.Camden; #10 S.Saipaia),-0.141734208558013,2025-11-12T01:33:12.000Z
401762857,4017628577,401762857117,5,3,Ohio,Mid-American,0,Western Michigan,Mid-American,3,Western Michigan,Ohio,1,"{'minutes': 5, 'seconds': 1}",2.0,1.0,46,46,2,6,0,False,Pass Incompletion,(05:09) No Huddle-Shotgun #13 P.Navarro pass incomplete short left to #7 C.Hendricks thrown to WMU39 broken up by #5 A.Wofford QB hurried by #20 K.Fisher,-1.1389049167660108,2025-11-12T01:33:47.000Z
401762857,4017628577,401762857120,5,4,Ohio,Mid-American,0,Western Michigan,Mid-American,3,Western Michigan,Ohio,1,"{'minutes': 4, 'seconds': 53}",2.0,1.0,46,46,3,6,4,False,Rush,(04:55) No Huddle-Shotgun #6 D.Brune rush middle for 4 yards gain to the WMU42 (#58 T.Lee),-0.1647546290645128,2025-11-12T01:34:31.000Z
401762857,4017628577,401762857124,5,5,Ohio,Mid-American,0,Western Michigan,Mid-American,3,Western Michigan,Ohio,1,"{'minutes': 3, 'seconds': 58}",2.0,1.0,42,42,4,2,16,False,Pass Reception,"(04:15) No Huddle-Shotgun #13 P.Navarro pass complete short right to #86 J.Bruno caught at WMU37, for 16 yards to the WMU26 (#6 J.Pope), 1ST DOWN",2.566803564101729,2025-11-12T01:35:18.000Z
401762857,4017628577,401762857129,5,6,Ohio,Mid-American,0,Western Michigan,Mid-American,3,Western Michigan,Ohio,1,"{'minutes': 3, 'seconds': 24}",2.0,1.0,26,26,1,10,8,False,Rush,(03:27) No Huddle-Shotgun #5 S.Bangura rush middle for 8 yards gain to the WMU18 (#8 J.Sims),0.4837395689012885,2025-11-12T01:36:00.000Z
401762857,4017628577,401762857133,5,7,Ohio,Mid-American,0,Western Michigan,Mid-American,3,Western Michigan,Ohio,1,"{'minutes': 2, 'seconds': 42}",2.0,1.0,18,18,2,2,15,False,Rush,"(02:41) No Huddle-Shotgun #13 P.Navarro rush left for 15 yards gain to the WMU03 (#3 T.Hallock), 1ST DOWN",0.771810820775555,2025-11-12T01:36:45.000Z
401762857,4017628577,401762857137,5,8,Ohio,Mid-American,0,Western Michigan,Mid-American,3,Western Michigan,Ohio,1,"{'minutes': 2, 'seconds': 1}",2.0,1.0,3,3,1,3,1,False,Rush,(02:06) No Huddle-Shotgun #6 D.Brune rush middle for 1 yard gain to the WMU02 (#64 R.Stewart),-0.603484792590886,2025-11-12T01:37:27.000Z
401762857,4017628577,401762857141,5,9,Ohio,Mid-American,7,Western Michigan,Mid-American,3,Western Michigan,Ohio,1,"{'minutes': 1, 'seconds': 18}",2.0,1.0,2,2,2,2,2,True,Rushing Touchdown,"(01:24) No Huddle-Shotgun #13 P.Navarro rush right for 2 yards gain to the WMU00 TOUCHDOWN, clock 01:18 #39 D.Dellenbach kick attempt good (H: #42 M.Haines, LS: #46 N.Hemer)",2.067936525322223,2025-11-12T01:38:15.000Z
401762857,4017628579,401762857164,6,4,Western Michigan,Mid-American,3,Ohio,Mid-American,7,Western Michigan,Ohio,1,"{'minutes': 0, 'seconds': 27}",1.0,2.0,46,54,2,5,5,False,Penalty,PENALTY WMU Encroachment  5 yards from WMU46 to WMU41. NO PLAY,,2025-11-12T01:43:20.000Z
401762857,4017628579,401762857148,6,1,Ohio,Mid-American,7,Western Michigan,Mid-American,3,Western Michigan,Ohio,1,"{'minutes': 1, 'seconds': 13}",2.0,1.0,65,65,1,10,14,False,Kickoff,(01:18) #39 D.Dellenbach kickoff 48 yards to the WMU17 #24 O.Mataele return 14 yards to the WMU31 (#18 A.Vera),,2025-11-12T01:40:44.000Z
401762857,4017628579,401762857216,6,16,Western Michigan,Mid-American,3,Ohio,Mid-American,7,Western Michigan,Ohio,2,"{'minutes': 8, 'seconds': 46}",1.0,2.0,92,8,4,6,26,False,Field Goal Missed,"(08:49) #20 P.Domschke field goal attempt from 26 yards NO GOOD (H: #25 R.Millmore, LS: #46 R.Todd), clock 08:46",,2025-11-12T01:55:09.000Z
401762857,4017628579,401762857153,6,2,Western Michigan,Mid-American,3,Ohio,Mid-American,7,Western Michigan,Ohio,1,"{'minutes': 1, 'seconds': 2}",1.0,2.0,31,69,1,10,10,False,Pass Reception,"(01:11) No Huddle-Shotgun #12 B.Lowry pass complete short right to #82 B.Brooks caught at WMU34, for 10 yards to the WMU41 (#9 M.Mack II), 1ST DOWN",0.9482786553166224,2025-11-12T01:41:28.000Z
401762857,4017628579,401762857158,6,3,Western Michigan,Mid-American,3,Ohio,Mid-American,7,Western Michigan,Ohio,1,"{'minutes': 0, 'seconds': 27}",1.0,2.0,41,59,1,10,5,False,Rush,(00:31) No Huddle-Shotgun #12 B.Lowry rush right for 5 yards gain to the WMU46 (#27 J.Fries),0.1104175997643273,2025-11-12T01:42:11.000Z
401762857,4017628579,401762857169,6,5,Western Michigan,Mid-American,3,Ohio,Mid-American,7,Western Michigan,Ohio,1,"{'minutes': 0, 'seconds': 0}",1.0,2.0,46,54,2,5,-5,False,End Period,End of 1st quarter.,-2.0386464285601695,2025-11-12T01:43:36.000Z
401762857,4017628579,401762857173,6,6,Western Michigan,Mid-American,3,Ohio,Mid-American,7,Western Michigan,Ohio,2,"{'minutes': 14, 'seconds': 47}",1.0,2.0,41,59,2,10,21,False,Rush,"(14:52) No Huddle-Shotgun #1 C.Leary rush left for 21 yards gain to the OHI38 (#27 J.Fries), 1ST DOWN",2.703205695170224,2025-11-12T01:48:11.000Z
401762857,4017628579,401762857179,6,7,Western Michigan,Mid-American,3,Ohio,Mid-American,7,Western Michigan,Ohio,2,"{'minutes': 14, 'seconds': 13}",1.0,2.0,62,38,1,10,3,False,Rush,(14:19) No Huddle-Shotgun #12 B.Lowry rush middle for 3 yards gain to the OHI35 (#27 J.Fries; #44 N.Dukes),-0.247403115532039,2025-11-12T01:48:46.000Z
401762857,4017628579,401762857183,6,8,Western Michigan,Mid-American,3,Ohio,Mid-American,7,Western Michigan,Ohio,2,"{'minutes': 13, 'seconds': 29}",1.0,2.0,65,35,2,7,1,False,Rush,(13:36) Shotgun #24 O.Mataele rush middle for 1 yard gain to the OHI34 (#10 P.Odjugo),-0.6686841413103402,2025-11-12T01:49:30.000Z
401762857,4017628579,401762857187,6,9,Western Michigan,Mid-American,3,Ohio,Mid-American,7,Western Michigan,Ohio,2,"{'minutes': 12, 'seconds': 40}",1.0,2.0,66,34,3,6,-1,False,Pass Reception,"(12:55) Shotgun #12 B.Lowry pass complete short right to #6 J.Buckley caught at OHI37, for 1 yard loss to the OHI35 (#2 D.Walker; #15 A.Luqman)",-1.2419369096603656,2025-11-12T01:50:12.000Z
401762857,4017628579,401762857192,6,10,Western Michigan,Mid-American,3,Ohio,Mid-American,7,Western Michigan,Ohio,2,"{'minutes': 12, 'seconds': 5}",1.0,2.0,65,35,4,7,10,False,Pass Reception,"(12:12) Shotgun #12 B.Lowry pass complete short left to #18 A.Chenault caught at OHI28, for 10 yards to the OHI25 (#22 J.Thomeson), 1ST DOWN",2.5525324528218754,2025-11-12T01:50:51.000Z
401762857,4017628579,401762857197,6,11,Western Michigan,Mid-American,3,Ohio,Mid-American,7,Western Michigan,Ohio,2,"{'minutes': 11, 'seconds': 32}",1.0,2.0,75,25,1,10,3,False,Rush,(11:37) Shotgun #12 B.Lowry rush middle for 3 yards gain to the OHI22 (#27 J.Fries),-0.1408898471373875,2025-11-12T01:51:39.000Z
401762857,4017628579,401762857201,6,12,Western Michigan,Mid-American,3,Ohio,Mid-American,7,Western Michigan,Ohio,2,"{'minutes': 10, 'seconds': 51}",1.0,2.0,78,22,2,7,10,False,Rush,"(11:00) Shotgun #12 B.Lowry rush left for 10 yards gain to the OHI12 (#9 M.Mack II; #27 J.Fries), 1ST DOWN",0.3108796673675195,2025-11-12T01:52:16.000Z
401762857,4017628579,401762857205,6,13,Western Michigan,Mid-American,3,Ohio,Mid-American,7,Western Michigan,Ohio,2,"{'minutes': 10, 'seconds': 9}",1.0,2.0,88,12,1,10,3,False,Rush,(10:16) Shotgun #12 B.Lowry rush middle for 3 yards gain to the OHI09 (#27 J.Fries),-0.0966670992271315,2025-11-12T01:53:02.000Z
401762857,4017628579,401762857209,6,14,Western Michigan,Mid-American,3,Ohio,Mid-American,7,Western Michigan,Ohio,2,"{'minutes': 9, 'seconds': 28}",1.0,2.0,91,9,2,7,1,False,Rush,(09:36) Shotgun #12 B.Lowry rush left for 1 yard gain to the OHI08 (#16 J.Marsh),-0.229285125713167,2025-11-12T01:53:44.000Z
401762857,4017628579,401762857213,6,15,Western Michigan,Mid-American,3,Ohio,Mid-American,7,Western Michigan,Ohio,2,"{'minutes': 8, 'seconds': 51}",1.0,2.0,92,8,3,6,0,False,Pass Incompletion,(08:51) Shotgun #12 B.Lowry pass incomplete short middle to #18 A.Chenault thrown to OHI00,-0.3369979053197873,2025-11-12T01:54:30.000Z
401762857,40176285710,401762857232,7,4,Ohio,Mid-American,7,Western Michigan,Mid-American,3,Western Michigan,Ohio,2,"{'minutes': 7, 'seconds': 17}",2.0,1.0,73,73,4,3,0,False,Punt,(07:17) #42 M.Haines punt 38 yards to the WMU35 fair catch by #86 B.Bosma at WMU35,,2025-11-12T02:00:52.000Z
401762857,40176285710,401762857220,7,1,Ohio,Mid-American,7,Western Michigan,Mid-American,3,Western Michigan,Ohio,2,"{'minutes': 8, 'seconds': 35}",2.0,1.0,80,80,1,10,6,False,Pass Reception,"(08:46) No Huddle-Shotgun #13 P.Navarro pass complete short right to #5 S.Bangura caught at OHI21, for 6 yards to the OHI26 (#47 D.Moon)",0.2888240217992033,2025-11-12T01:58:46.000Z
401762857,40176285710,401762857225,7,2,Ohio,Mid-American,7,Western Michigan,Mid-American,3,Western Michigan,Ohio,2,"{'minutes': 8, 'seconds': 1}",2.0,1.0,74,74,2,4,1,False,Rush,(08:09) No Huddle-Shotgun #13 P.Navarro rush left for 1 yard gain to the OHI27 (#1 J.Franklin),-0.5953035503143846,2025-11-12T01:59:25.000Z
401762857,40176285710,401762857229,7,3,Ohio,Mid-American,7,Western Michigan,Mid-American,3,Western Michigan,Ohio,2,"{'minutes': 7, 'seconds': 22}",2.0,1.0,73,73,3,3,0,False,Pass Incompletion,(07:22) No Huddle-Shotgun #13 P.Navarro pass incomplete short right to #88 C.Gossett thrown to OHI31,-0.39977677046584065,2025-11-12T02:00:18.000Z
401762857,40176285711,401762857239,8,1,Western Michigan,Mid-American,3,Ohio,Mid-American,7,Western Michigan,Ohio,2,"{'minutes': 7, 'seconds': 4}",1.0,2.0,35,65,1,10,9,False,Rush,(07:14) Shotgun #12 B.Lowry rush middle for 9 yards gain to the WMU44 (#30 C.Christopher),1.3846699650971743,2025-11-12T02:04:22.000Z
401762857,40176285711,401762857243,8,2,Western Michigan,Mid-American,3,Ohio,Mid-American,7,Western Michigan,Ohio,2,"{'minutes': 6, 'seconds': 24}",1.0,2.0,44,56,2,1,3,False,Rush,"(06:29) Shotgun #6 J.Buckley rush left for 3 yards gain to the WMU47 (#22 J.Thomeson), 1ST DOWN",-0.2372523879791472,2025-11-12T02:05:02.000Z
401762857,40176285711,401762857247,8,3,Western Michigan,Mid-American,3,Ohio,Mid-American,7,Western Michigan,Ohio,2,"{'minutes': 5, 'seconds': 25}",1.0,2.0,47,53,1,10,10,False,Pass Reception,"(05:39) Shotgun #12 B.Lowry pass complete short right to #15 C.Conley caught at OHI43, for 10 yards to the OHI43 (#7 T.Pearson), 1ST DOWN",0.7429293456424535,2025-11-12T02:05:53.000Z
401762857,40176285711,401762857252,8,4,Western Michigan,Mid-American,3,Ohio,Mid-American,7,Western Michigan,Ohio,2,"{'minutes': 5, 'seconds': 0}",1.0,2.0,57,43,1,10,-2,False,Rush,(05:08) Shotgun #1 C.Leary rush left for 2 yards loss to the OHI45 (#22 J.Thomeson),-1.3862523018398782,2025-11-12T02:06:23.000Z
401762857,40176285711,401762857256,8,5,Western Michigan,Mid-American,3,Ohio,Mid-American,7,Western Michigan,Ohio,2,"{'minutes': 4, 'seconds': 23}",1.0,2.0,55,45,2,12,6,False,Rush,(04:30) Shotgun #5 D.Miles rush middle for 6 yards gain to the OHI39 (#57 N.Hale),0.2920770675705011,2025-11-12T02:07:04.000Z
401762857,40176285711,401762857260,8,6,Western Michigan,Mid-American,3,Ohio,Mid-American,7,Western Michigan,Ohio,2,"{'minutes': 3, 'seconds': 35}",1.0,2.0,61,39,3,6,5,False,Pass Reception,"(03:48) Shotgun #12 B.Lowry pass complete short left to #18 A.Chenault caught at OHI34, for 5 yards to the OHI34 (#9 M.Mack II)",0.0718817804894841,2025-11-12T02:07:48.000Z
401762857,40176285711,401762857265,8,7,Western Michigan,Mid-American,3,Ohio,Mid-American,7,Western Michigan,Ohio,2,"{'minutes': 3, 'seconds': 2}",1.0,2.0,66,34,4,1,0,False,Rush,"(03:06) No Huddle-Shotgun #12 B.Lowry rush middle for 0 yards to the OHI34 (#44 N.Dukes; #10 P.Odjugo), TURNOVER ON DOWNS",-2.6253364582892527,2025-11-12T02:08:32.000Z
401762857,40176285712,401762857284,9,4,Ohio,Mid-American,7,Western Michigan,Mid-American,3,Western Michigan,Ohio,2,"{'minutes': 2, 'seconds': 3}",1.0,1.0,55,55,2,10,0,False,Timeout,"Timeout Ohio, clock 02:03",,2025-11-12T02:14:11.000Z
401762857,40176285712,401762857282,9,5,Ohio,Mid-American,7,Western Michigan,Mid-American,3,Western Michigan,Ohio,2,"{'minutes': 2, 'seconds': 0}",1.0,1.0,46,46,3,1,5,False,Penalty,PENALTY OHI False Start (#55 J.Jones) 5 yards from WMU46 to OHI49. NO PLAY,,2025-11-12T02:17:58.000Z
401762857,40176285712,401762857289,9,7,Ohio,Mid-American,7,Western Michigan,Mid-American,3,Western Michigan,Ohio,2,"{'minutes': 1, 'seconds': 43}",1.0,1.0,51,51,4,6,0,False,Punt,(01:42) #42 M.Haines punt 39 yards to the WMU12,,2025-11-12T02:19:22.000Z
401762857,40176285712,401762857270,9,1,Ohio,Mid-American,7,Western Michigan,Mid-American,3,Western Michigan,Ohio,2,"{'minutes': 2, 'seconds': 51}",2.0,1.0,66,66,1,10,11,False,Pass Reception,"(03:02) No Huddle-Shotgun #13 P.Navarro pass complete short left to #85 M.Williams caught at OHI34, for 11 yards to the OHI45 (#18 M.Davis), 1ST DOWN",1.0601561524132492,2025-11-12T02:12:17.000Z
401762857,40176285712,401762857275,9,2,Ohio,Mid-American,7,Western Michigan,Mid-American,3,Western Michigan,Ohio,2,"{'minutes': 2, 'seconds': 12}",2.0,1.0,55,55,1,10,0,False,Pass Incompletion,(02:18) No Huddle-Shotgun #13 P.Navarro pass incomplete deep left to #7 C.Hendricks thrown to WMU30,-1.1618692012952412,2025-11-12T02:12:59.000Z
401762857,40176285712,401762857278,9,3,Ohio,Mid-American,7,Western Michigan,Mid-American,3,Western Michigan,Ohio,2,"{'minutes': 2, 'seconds': 3}",2.0,1.0,55,55,2,10,9,False,Rush,(02:12) No Huddle-Shotgun #5 S.Bangura rush middle for 9 yards gain to the WMU46 (#91 M.Tyler; #18 M.Davis),1.1101702472292312,2025-11-12T02:13:44.000Z
401762857,40176285712,401762857286,9,6,Ohio,Mid-American,7,Western Michigan,Mid-American,3,Western Michigan,Ohio,2,"{'minutes': 1, 'seconds': 52}",1.0,1.0,51,51,3,6,0,False,Pass Incompletion,(02:00) No Huddle-Shotgun #13 P.Navarro pass incomplete deep right to #19 D.Dorwart thrown to WMU28 QB hurried by #10 S.Saipaia,-0.8603959659552948,2025-11-12T02:18:29.000Z
401762857,40176285713,401762857304,10,4,Western Michigan,Mid-American,3,Ohio,Mid-American,7,Western Michigan,Ohio,2,"{'minutes': 1, 'seconds': 2}",1.0,1.0,16,84,4,6,0,False,Punt,(01:12) #25 R.Millmore punt 35 yards to the OHI49,,2025-11-12T02:21:53.000Z
401762857,40176285713,401762857293,10,1,Western Michigan,Mid-American,3,Ohio,Mid-American,7,Western Michigan,Ohio,2,"{'minutes': 1, 'seconds': 33}",1.0,1.0,12,88,1,10,4,False,Pass Reception,"(01:43) No Huddle-Shotgun #12 B.Lowry pass complete short right to #86 B.Bosma caught at WMU16, for 4 yards to the WMU16 (#7 T.Pearson)",-0.05451762657628478,2025-11-12T02:20:09.000Z
401762857,40176285713,401762857298,10,2,Western Michigan,Mid-American,3,Ohio,Mid-American,7,Western Michigan,Ohio,2,"{'minutes': 1, 'seconds': 19}",1.0,1.0,16,84,2,6,0,False,Pass Incompletion,(01:22) No Huddle-Shotgun #12 B.Lowry pass incomplete short middle to #24 O.Mataele thrown to WMU20,-0.3535728757060923,2025-11-12T02:20:37.000Z
401762857,40176285713,401762857301,10,3,Western Michigan,Mid-American,3,Ohio,Mid-American,7,Western Michigan,Ohio,2,"{'minutes': 1, 'seconds': 12}",1.0,1.0,16,84,3,6,0,False,Pass Incompletion,(01:19) No Huddle-Shotgun #12 B.Lowry pass incomplete short right thrown to WMU26,-0.15469626595618458,2025-11-12T02:21:17.000Z
401762857,40176285714,401762857320,11,5,Ohio,Mid-American,7,Western Michigan,Mid-American,3,Western Michigan,Ohio,2,"{'minutes': 0, 'seconds': 29}",0.0,1.0,47,47,4,6,0,False,Punt,(00:35) #42 M.Haines punt 39 yards to the WMU08 fair catch by #86 B.Bosma at WMU08,,2025-11-12T02:25:33.000Z
401762857,40176285714,401762857318,11,2,Ohio,Mid-American,7,Western Michigan,Mid-American,3,Western Michigan,Ohio,2,"{'minutes': 0, 'seconds': 44}",0.0,1.0,51,51,2,10,0,False,Timeout,"Timeout Ohio, clock 00:44",,2025-11-12T02:24:11.000Z
401762857,40176285714,401762857308,11,1,Ohio,Mid-American,7,Western Michigan,Mid-American,3,Western Michigan,Ohio,2,"{'minutes': 0, 'seconds': 56}",1.0,1.0,51,51,1,10,0,False,Pass Incompletion,(01:02) No Huddle-Shotgun #13 P.Navarro pass incomplete short left to #11 R.Harris II thrown to WMU45,-1.1301991718133413,2025-11-12T02:23:00.000Z
401762857,40176285714,401762857311,11,3,Ohio,Mid-American,7,Western Michigan,Mid-American,3,Western Michigan,Ohio,2,"{'minutes': 0, 'seconds': 42}",0.0,1.0,51,51,2,10,4,False,Rush,(00:55) No Huddle-Shotgun #13 P.Navarro rush left for 4 yards gain to the WMU47 (#5 A.Wofford),-0.1656124976871656,2025-11-12T02:23:38.000Z
401762857,40176285714,401762857316,11,4,Ohio,Mid-American,7,Western Michigan,Mid-American,3,Western Michigan,Ohio,2,"{'minutes': 0, 'seconds': 35}",0.0,1.0,47,47,3,6,0,False,Pass Incompletion,(00:42) No Huddle-Shotgun #13 P.Navarro pass incomplete deep middle to #7 C.Hendricks thrown to WMU01 broken up by #1 J.Franklin,-0.9689555597926596,2025-11-12T02:24:57.000Z
401762857,40176285715,401762857327,12,1,Western Michigan,Mid-American,3,Ohio,Mid-American,7,Western Michigan,Ohio,2,"{'minutes': 0, 'seconds': 26}",1.0,0.0,8,92,1,10,7,False,Rush,(00:26) No Huddle-Shotgun #6 J.Buckley rush middle for 7 yards gain to the WMU15 (#44 N.Dukes),0.3585609771423703,2025-11-12T02:26:27.000Z
401762857,40176285715,401762857333,12,2,Western Michigan,Mid-American,3,Ohio,Mid-American,7,Western Michigan,Ohio,2,"{'minutes': 0, 'seconds': 0}",1.0,0.0,8,92,1,10,7,False,End Period,End of 2nd quarter.,0.3585609771423703,2025-11-12T02:26:42.000Z
401762857,40176285717,401762857338,13,1,Ohio,Mid-American,7,Western Michigan,Mid-American,3,Western Michigan,Ohio,3,"{'minutes': 14, 'seconds': 54}",3.0,3.0,65,65,1,10,9,False,Kickoff,(15:00) #39 D.Dellenbach kickoff 42 yards to the WMU23 #24 O.Mataele return 9 yards to the WMU32 (#6 D.Brune),,2025-11-12T02:48:52.000Z
401762857,40176285717,401762857345,13,2,Western Michigan,Mid-American,3,Ohio,Mid-American,7,Western Michigan,Ohio,3,"{'minutes': 14, 'seconds': 45}",3.0,3.0,32,68,1,10,9,False,Rush,(14:54) No Huddle-Shotgun #6 J.Buckley rush left for 9 yards gain to the WMU41 (#7 T.Pearson),1.3745145306761655,2025-11-12T02:49:34.000Z
401762857,40176285717,401762857349,13,3,Western Michigan,Mid-American,3,Ohio,Mid-American,7,Western Michigan,Ohio,3,"{'minutes': 14, 'seconds': 3}",3.0,3.0,41,59,2,1,9,False,Rush,"(14:06) Shotgun #12 B.Lowry rush left for 9 yards gain to the WMU50 (#7 T.Pearson), 1ST DOWN",0.303384252844321,2025-11-12T02:50:16.000Z
401762857,40176285717,401762857353,13,4,Western Michigan,Mid-American,3,Ohio,Mid-American,7,Western Michigan,Ohio,3,"{'minutes': 13, 'seconds': 16}",3.0,3.0,50,50,1,10,1,False,Rush,(13:19) Shotgun #24 O.Mataele rush middle for 1 yard gain to the OHI49 (#10 P.Odjugo; #30 C.Christopher),-0.873884986133115,2025-11-12T02:51:03.000Z
401762857,40176285717,401762857357,13,5,Western Michigan,Mid-American,3,Ohio,Mid-American,7,Western Michigan,Ohio,3,"{'minutes': 12, 'seconds': 37}",3.0,3.0,51,49,2,9,16,False,Pass Reception,"(12:43) Shotgun #12 B.Lowry pass complete short right to #82 B.Brooks caught at OHI37, for 16 yards to the OHI33 (#9 M.Mack II), 1ST DOWN",1.8122221447525,2025-11-12T02:51:39.000Z
401762857,40176285717,401762857362,13,6,Western Michigan,Mid-American,3,Ohio,Mid-American,7,Western Michigan,Ohio,3,"{'minutes': 12, 'seconds': 4}",3.0,3.0,67,33,1,10,13,False,Rush,"(12:06) Shotgun #6 J.Buckley rush middle for 13 yards gain to the OHI20 (#22 J.Thomeson; #5 A.Williams Jr.), 1ST DOWN",0.285147044470289,2025-11-12T02:52:15.000Z
401762857,40176285717,401762857366,13,7,Western Michigan,Mid-American,3,Ohio,Mid-American,7,Western Michigan,Ohio,3,"{'minutes': 11, 'seconds': 30}",3.0,3.0,80,20,1,10,7,False,Rush,(11:36) Shotgun #6 J.Buckley rush middle for 7 yards gain to the OHI13 (#97 A.Mitchell),0.312961885301428,2025-11-12T02:52:48.000Z
401762857,40176285717,401762857370,13,8,Western Michigan,Mid-American,3,Ohio,Mid-American,7,Western Michigan,Ohio,3,"{'minutes': 10, 'seconds': 50}",3.0,3.0,87,13,2,3,12,False,Rush,"(10:59) Shotgun #6 J.Buckley rush middle for 12 yards gain to the OHI01 (#57 N.Hale), 1ST DOWN",1.366944568609828,2025-11-12T02:53:30.000Z
401762857,40176285717,401762857374,13,9,Western Michigan,Mid-American,10,Ohio,Mid-American,7,Western Michigan,Ohio,3,"{'minutes': 10, 'seconds': 9}",3.0,3.0,99,1,1,1,1,True,Rushing Touchdown,"(10:09) Shotgun #12 B.Lowry rush left for 1 yard gain to the OHI00 TOUCHDOWN, clock 10:09 #20 P.Domschke kick attempt good (H: #25 R.Millmore, LS: #46 R.Todd)",0.938021275120443,2025-11-12T02:54:17.000Z
401762857,40176285719,401762857381,14,1,Western Michigan,Mid-American,10,Ohio,Mid-American,7,Western Michigan,Ohio,3,"{'minutes': 10, 'seconds': 3}",3.0,3.0,35,65,1,10,17,False,Kickoff,(10:09) #31 H.Smith kickoff 65 yards to the OHI00 #6 D.Brune return 17 yards to the OHI17 (#89 B.Wooten; #16 J.Lyles),,2025-11-12T02:58:43.000Z
401762857,40176285719,401762857408,14,7,Ohio,Mid-American,7,Western Michigan,Mid-American,10,Western Michigan,Ohio,3,"{'minutes': 6, 'seconds': 44}",3.0,3.0,48,48,1,10,5,False,Penalty,PENALTY OHI Delay Of Game (#13 P.Navarro) 5 yards from WMU48 to OHI47. NO PLAY,,2025-11-12T03:02:50.000Z
401762857,40176285719,401762857386,14,2,Ohio,Mid-American,7,Western Michigan,Mid-American,10,Western Michigan,Ohio,3,"{'minutes': 9, 'seconds': 56}",3.0,3.0,83,83,1,10,4,False,Rush,(10:03) No Huddle-Shotgun #5 S.Bangura rush middle for 4 yards gain to the OHI21 (#9 J.Camden; #10 S.Saipaia),-0.07437138834457713,2025-11-12T02:59:23.000Z
401762857,40176285719,401762857390,14,3,Ohio,Mid-American,7,Western Michigan,Mid-American,10,Western Michigan,Ohio,3,"{'minutes': 9, 'seconds': 24}",3.0,3.0,79,79,2,6,20,False,Rush,"(09:32) No Huddle-Shotgun #13 P.Navarro rush left for 20 yards gain to the OHI41 (#8 J.Sims), 1ST DOWN",1.9505416210978073,2025-11-12T02:59:59.000Z
401762857,40176285719,401762857394,14,4,Ohio,Mid-American,7,Western Michigan,Mid-American,10,Western Michigan,Ohio,3,"{'minutes': 8, 'seconds': 44}",3.0,3.0,59,59,1,10,0,False,Rush,(08:55) No Huddle-Shotgun #13 P.Navarro rush middle for 0 yards to the OHI41 (#20 K.Fisher),-1.1387859939569847,2025-11-12T03:00:39.000Z
401762857,40176285719,401762857398,14,5,Ohio,Mid-American,7,Western Michigan,Mid-American,10,Western Michigan,Ohio,3,"{'minutes': 8, 'seconds': 7}",3.0,3.0,59,59,2,10,9,False,Rush,(08:19) No Huddle-Shotgun #5 S.Bangura rush middle for 9 yards gain to the OHI50 (#0 M.Al-Garawi; #18 M.Davis),1.081901319167045,2025-11-12T03:01:17.000Z
401762857,40176285719,401762857402,14,6,Ohio,Mid-American,7,Western Michigan,Mid-American,10,Western Michigan,Ohio,3,"{'minutes': 7, 'seconds': 28}",3.0,3.0,50,50,3,1,2,False,Rush,"(07:33) No Huddle-Shotgun #5 S.Bangura rush middle for 2 yards gain to the WMU48 (#9 J.Camden; #0 M.Al-Garawi), 1ST DOWN",1.02966318830841,2025-11-12T03:01:55.000Z
401762857,40176285719,401762857411,14,8,Ohio,Mid-American,7,Western Michigan,Mid-American,10,Western Michigan,Ohio,3,"{'minutes': 6, 'seconds': 15}",3.0,3.0,53,53,1,15,3,False,Rush,(06:20) No Huddle-Shotgun #13 P.Navarro rush right for 3 yards gain to the OHI50 (#8 J.Sims),-0.396321210684194,2025-11-12T03:03:38.000Z
401762857,40176285719,401762857415,14,9,Ohio,Mid-American,7,Western Michigan,Mid-American,10,Western Michigan,Ohio,3,"{'minutes': 5, 'seconds': 44}",3.0,3.0,50,50,2,12,3,False,Rush,(05:48) No Huddle-Shotgun #5 S.Bangura rush middle for 3 yards gain to the WMU47 (#9 J.Camden; #8 J.Sims),-0.380794995982777,2025-11-12T03:04:11.000Z
401762857,40176285719,401762857419,14,10,Ohio,Mid-American,7,Western Michigan,Mid-American,10,Western Michigan,Ohio,3,"{'minutes': 4, 'seconds': 56}",3.0,3.0,47,47,3,9,6,False,Rush,(05:08) No Huddle-Shotgun #13 P.Navarro rush right for 6 yards gain to the WMU41 (#18 M.Davis),0.280591066791633,2025-11-12T03:05:00.000Z
401762857,40176285719,401762857423,14,11,Ohio,Mid-American,7,Western Michigan,Mid-American,10,Western Michigan,Ohio,3,"{'minutes': 4, 'seconds': 13}",3.0,3.0,41,41,4,3,10,False,Rush,"(04:24) No Huddle-Shotgun #13 P.Navarro rush right for 10 yards gain to the WMU31 (#6 J.Pope), 1ST DOWN",2.483950076771073,2025-11-12T03:05:46.000Z
401762857,40176285719,401762857427,14,12,Ohio,Mid-American,7,Western Michigan,Mid-American,10,Western Michigan,Ohio,3,"{'minutes': 3, 'seconds': 34}",3.0,3.0,31,31,1,10,4,False,Rush,(03:37) No Huddle-Shotgun #5 S.Bangura rush middle for 4 yards gain to the WMU27 (#0 M.Al-Garawi; #1 J.Franklin),-0.05239887278951,2025-11-12T03:06:26.000Z
401762857,40176285719,401762857431,14,13,Ohio,Mid-American,7,Western Michigan,Mid-American,10,Western Michigan,Ohio,3,"{'minutes': 2, 'seconds': 51}",3.0,3.0,27,27,2,6,7,False,Rush,"(03:01) No Huddle-Shotgun #13 P.Navarro rush left for 7 yards gain to the WMU20 (#18 M.Davis), 1ST DOWN",0.276417313830759,2025-11-12T03:07:02.000Z
401762857,40176285719,401762857435,14,14,Ohio,Mid-American,7,Western Michigan,Mid-American,10,Western Michigan,Ohio,3,"{'minutes': 2, 'seconds': 13}",3.0,3.0,20,20,1,10,0,False,Pass Incompletion,(02:18) No Huddle-Shotgun #13 P.Navarro pass incomplete short left to #85 M.Williams thrown to WMU04 broken up by #3 T.Hallock,-0.374805786232315,2025-11-12T03:07:45.000Z
401762857,40176285719,401762857438,14,15,Ohio,Mid-American,7,Western Michigan,Mid-American,10,Western Michigan,Ohio,3,"{'minutes': 2, 'seconds': 7}",3.0,3.0,20,20,2,10,9,False,Rush,(02:13) No Huddle-Shotgun #5 S.Bangura rush left for 9 yards gain to the WMU11 (#18 M.Davis),0.423131319721046,2025-11-12T03:08:31.000Z
401762857,40176285719,401762857442,14,16,Ohio,Mid-American,7,Western Michigan,Mid-American,10,Western Michigan,Ohio,3,"{'minutes': 1, 'seconds': 31}",3.0,3.0,11,11,3,1,2,False,Rush,"(01:35) No Huddle-Shotgun #5 S.Bangura rush middle for 2 yards gain to the WMU09 (#11 N.Tucker), 1ST DOWN",0.1453643718965,2025-11-12T03:09:05.000Z
401762857,40176285719,401762857446,14,17,Ohio,Mid-American,7,Western Michigan,Mid-American,10,Western Michigan,Ohio,3,"{'minutes': 0, 'seconds': 47}",3.0,3.0,9,9,1,9,3,False,Rush,(00:54) No Huddle-Shotgun #5 S.Bangura rush middle for 3 yards gain to the WMU06 (#58 T.Lee),-0.10442916913547,2025-11-12T03:09:47.000Z
401762857,40176285719,401762857450,14,18,Ohio,Mid-American,7,Western Michigan,Mid-American,10,Western Michigan,Ohio,3,"{'minutes': 0, 'seconds': 13}",3.0,3.0,6,6,2,6,3,False,Rush,(00:13) No Huddle-Shotgun #13 P.Navarro rush middle for 3 yards gain to the WMU03 (#3 T.Hallock; #10 S.Saipaia),-0.095895406997053,2025-11-12T03:10:35.000Z
401762857,40176285719,401762857456,14,19,Ohio,Mid-American,7,Western Michigan,Mid-American,10,Western Michigan,Ohio,3,"{'minutes': 0, 'seconds': 0}",3.0,3.0,6,6,2,6,3,False,End Period,End of 3rd quarter.,-0.095895406997053,2025-11-12T03:10:52.000Z
401762857,40176285719,401762857460,14,20,Ohio,Mid-American,13,Western Michigan,Mid-American,10,Western Michigan,Ohio,4,"{'minutes': 14, 'seconds': 55}",3.0,3.0,3,3,3,3,3,True,Rushing Touchdown,"(14:58) No Huddle-Shotgun #5 S.Bangura rush middle for 3 yards gain to the WMU00 TOUCHDOWN, clock 14:55 #39 D.Dellenbach kick attempt failed (H: #42 M.Haines, LS: #46 N.Hemer)",2.624562399778991,2025-11-12T03:15:25.000Z
401762857,40176285721,401762857469,15,1,Ohio,Mid-American,13,Western Michigan,Mid-American,10,Western Michigan,Ohio,4,"{'minutes': 14, 'seconds': 55}",3.0,3.0,65,65,1,10,0,False,Kickoff,(14:55) #39 D.Dellenbach kickoff 59 yards to the WMU06 fair catch by #5 D.Miles at WMU06,,2025-11-12T03:16:08.000Z
401762857,40176285721,401762857474,15,2,Ohio,Mid-American,13,Western Michigan,Mid-American,10,Western Michigan,Ohio,4,"{'minutes': 14, 'seconds': 55}",2.0,3.0,65,65,0,0,0,False,Timeout,"Timeout Ohio, clock 14:55",,2025-11-12T03:20:23.000Z
401762857,40176285721,401762857472,15,3,Western Michigan,Mid-American,10,Ohio,Mid-American,13,Western Michigan,Ohio,4,"{'minutes': 14, 'seconds': 49}",3.0,2.0,25,75,1,10,1,False,Rush,(14:55) No Huddle-Shotgun #6 J.Buckley rush middle for 1 yard gain to the WMU26 (#30 C.Christopher; #44 N.Dukes),-0.5874795431016855,2025-11-12T03:24:08.000Z
401762857,40176285721,401762857477,15,4,Western Michigan,Mid-American,10,Ohio,Mid-American,13,Western Michigan,Ohio,4,"{'minutes': 13, 'seconds': 58}",3.0,2.0,26,74,2,9,71,False,Pass Reception,"(14:23) No Huddle-Shotgun #12 B.Lowry pass complete short right to #0 T.Williams caught at WMU25, for 71 yards to the OHI03 (#2 D.Walker), 1ST DOWN",5.20078293009167,2025-11-12T03:24:43.000Z
401762857,40176285721,401762857482,15,5,Western Michigan,Mid-American,17,Ohio,Mid-American,13,Western Michigan,Ohio,4,"{'minutes': 13, 'seconds': 43}",3.0,2.0,97,3,1,3,3,True,Rushing Touchdown,"(13:45) No Huddle-Shotgun #6 J.Buckley rush middle for 3 yards gain to the OHI00 TOUCHDOWN, clock 13:43 #20 P.Domschke kick attempt good (H: #25 R.Millmore, LS: #46 R.Todd)",1.464451732731337,2025-11-12T03:25:17.000Z
401762857,40176285723,401762857515,16,7,Ohio,Mid-American,13,Western Michigan,Mid-American,17,Western Michigan,Ohio,4,"{'minutes': 10, 'seconds': 29}",2.0,3.0,50,50,4,5,0,False,Punt,(10:28) #42 M.Haines punt 38 yards to the WMU12 fair catch by #86 B.Bosma at WMU12,,2025-11-12T03:34:02.000Z
401762857,40176285723,401762857489,16,1,Western Michigan,Mid-American,17,Ohio,Mid-American,13,Western Michigan,Ohio,4,"{'minutes': 13, 'seconds': 37}",3.0,2.0,35,65,1,10,20,False,Kickoff,(13:43) #31 H.Smith kickoff 52 yards to the OHI13 #6 D.Brune return 20 yards to the OHI33 (#45 A.Baker),,2025-11-12T03:30:06.000Z
401762857,40176285723,401762857494,16,2,Ohio,Mid-American,13,Western Michigan,Mid-American,17,Western Michigan,Ohio,4,"{'minutes': 13, 'seconds': 29}",2.0,3.0,67,67,1,10,3,False,Rush,(13:37) No Huddle-Shotgun #6 D.Brune rush left for 3 yards gain to the OHI36 (#1 J.Franklin),-0.3884871214664028,2025-11-12T03:30:52.000Z
401762857,40176285723,401762857498,16,3,Ohio,Mid-American,13,Western Michigan,Mid-American,17,Western Michigan,Ohio,4,"{'minutes': 12, 'seconds': 54}",2.0,3.0,64,64,2,7,9,False,Pass Reception,"(13:00) No Huddle-Shotgun #13 P.Navarro pass complete short left to #7 C.Hendricks caught at OHI39, for 9 yards to the OHI45 (#8 J.Sims), 1ST DOWN",1.5409305532911866,2025-11-12T03:31:29.000Z
401762857,40176285723,401762857503,16,4,Ohio,Mid-American,13,Western Michigan,Mid-American,17,Western Michigan,Ohio,4,"{'minutes': 12, 'seconds': 22}",2.0,3.0,55,55,1,10,3,False,Rush,(12:27) No Huddle-Shotgun #6 D.Brune rush middle for 3 yards gain to the OHI48 (#10 S.Saipaia; #58 T.Lee),-0.4238622892911614,2025-11-12T03:32:02.000Z
401762857,40176285723,401762857507,16,5,Ohio,Mid-American,13,Western Michigan,Mid-American,17,Western Michigan,Ohio,4,"{'minutes': 11, 'seconds': 41}",2.0,3.0,52,52,2,7,1,False,Rush,(11:49) No Huddle-Shotgun #5 S.Bangura rush left for 1 yard gain to the OHI49 (#0 M.Al-Garawi),-0.8950582179941425,2025-11-12T03:32:45.000Z
401762857,40176285723,401762857511,16,6,Ohio,Mid-American,13,Western Michigan,Mid-American,17,Western Michigan,Ohio,4,"{'minutes': 11, 'seconds': 2}",2.0,3.0,51,51,3,6,1,False,Rush,(11:13) No Huddle-Shotgun #13 P.Navarro rush middle for 1 yard gain to the OHI50 (#58 T.Lee),-0.7099704072058656,2025-11-12T03:33:22.000Z
401762857,40176285724,401762857568,17,13,Western Michigan,Mid-American,17,Ohio,Mid-American,13,Western Michigan,Ohio,4,"{'minutes': 2, 'seconds': 45}",3.0,2.0,81,19,4,4,37,False,Field Goal Missed,"(02:47) #20 P.Domschke field goal attempt from 37 yards NO GOOD (H: #25 R.Millmore, LS: #46 R.Todd), clock 02:45",,2025-11-12T03:48:54.000Z
401762857,40176285724,401762857570,17,14,Ohio,Mid-American,13,Western Michigan,Mid-American,17,Western Michigan,Ohio,4,"{'minutes': 2, 'seconds': 45}",1.0,3.0,80,80,3,5,0,False,Timeout,"Timeout Ohio, clock 02:45",,2025-11-12T03:45:30.000Z
401762857,40176285724,401762857519,17,1,Western Michigan,Mid-American,17,Ohio,Mid-American,13,Western Michigan,Ohio,4,"{'minutes': 10, 'seconds': 21}",3.0,2.0,12,88,1,10,8,False,Rush,(10:29) No Huddle-Shotgun #6 J.Buckley rush middle for 8 yards gain to the WMU20 (#22 J.Thomeson),0.6233612650694251,2025-11-12T03:37:38.000Z
401762857,40176285724,401762857523,17,2,Western Michigan,Mid-American,17,Ohio,Mid-American,13,Western Michigan,Ohio,4,"{'minutes': 9, 'seconds': 40}",3.0,2.0,20,80,2,2,3,False,Rush,"(09:50) No Huddle-Shotgun #12 B.Lowry rush right for 3 yards gain to the WMU23 (#11 E.Herrmann), 1ST DOWN",-0.1024583676745055,2025-11-12T03:38:18.000Z
401762857,40176285724,401762857527,17,3,Western Michigan,Mid-American,17,Ohio,Mid-American,13,Western Michigan,Ohio,4,"{'minutes': 9, 'seconds': 0}",3.0,2.0,23,77,1,10,4,False,Rush,(09:03) No Huddle-Shotgun #12 B.Lowry rush right for 4 yards gain to the WMU27 (#27 J.Fries),-0.1037214304952529,2025-11-12T03:38:58.000Z
401762857,40176285724,401762857531,17,4,Western Michigan,Mid-American,17,Ohio,Mid-American,13,Western Michigan,Ohio,4,"{'minutes': 8, 'seconds': 17}",3.0,2.0,27,73,2,6,6,False,Rush,"(08:21) No Huddle-Shotgun #24 O.Mataele rush middle for 6 yards gain to the WMU33 (#5 A.Williams Jr.), 1ST DOWN",0.885021855543501,2025-11-12T03:39:41.000Z
401762857,40176285724,401762857535,17,5,Western Michigan,Mid-American,17,Ohio,Mid-American,13,Western Michigan,Ohio,4,"{'minutes': 7, 'seconds': 39}",3.0,2.0,33,67,1,10,13,False,Rush,"(07:42) No Huddle-Shotgun #12 B.Lowry rush middle for 13 yards gain to the WMU46 (#30 C.Christopher), 1ST DOWN",1.2441591314559408,2025-11-12T03:40:20.000Z
401762857,40176285724,401762857539,17,6,Western Michigan,Mid-American,17,Ohio,Mid-American,13,Western Michigan,Ohio,4,"{'minutes': 7, 'seconds': 4}",3.0,2.0,46,54,1,10,4,False,Rush,(07:10) No Huddle-Shotgun #6 J.Buckley rush middle for 4 yards gain to the WMU50 (#27 J.Fries),-0.1577860825649198,2025-11-12T03:40:53.000Z
401762857,40176285724,401762857543,17,7,Western Michigan,Mid-American,17,Ohio,Mid-American,13,Western Michigan,Ohio,4,"{'minutes': 6, 'seconds': 26}",3.0,2.0,50,50,2,6,10,False,Rush,"(06:32) No Huddle-Shotgun #6 J.Buckley rush middle for 10 yards gain to the OHI40 (#7 T.Pearson), 1ST DOWN",1.1536344763127868,2025-11-12T03:41:32.000Z
401762857,40176285724,401762857547,17,8,Western Michigan,Mid-American,17,Ohio,Mid-American,13,Western Michigan,Ohio,4,"{'minutes': 5, 'seconds': 40}",3.0,2.0,60,40,1,10,7,False,Rush,(05:47) No Huddle-Shotgun #12 B.Lowry rush middle for 7 yards gain to the OHI33 (#27 J.Fries),0.4473056556699185,2025-11-12T03:42:18.000Z
401762857,40176285724,401762857551,17,9,Western Michigan,Mid-American,17,Ohio,Mid-American,13,Western Michigan,Ohio,4,"{'minutes': 4, 'seconds': 57}",3.0,2.0,67,33,2,3,8,False,Rush,"(05:00) No Huddle-Shotgun #12 B.Lowry rush middle for 8 yards gain to the OHI25 (#15 A.Luqman), 1ST DOWN",0.041659126001365,2025-11-12T03:43:01.000Z
401762857,40176285724,401762857555,17,10,Western Michigan,Mid-American,17,Ohio,Mid-American,13,Western Michigan,Ohio,4,"{'minutes': 4, 'seconds': 14}",3.0,2.0,75,25,1,10,0,False,Rush,(04:17) No Huddle-Shotgun #6 J.Buckley rush middle for 0 yards to the OHI25 (#22 J.Thomeson),-0.4522778946200265,2025-11-12T03:43:45.000Z
401762857,40176285724,401762857559,17,11,Western Michigan,Mid-American,17,Ohio,Mid-American,13,Western Michigan,Ohio,4,"{'minutes': 3, 'seconds': 35}",3.0,2.0,75,25,2,10,5,False,Rush,(03:43) No Huddle-Shotgun #1 C.Leary rush left for 5 yards gain to the OHI20 (#97 A.Mitchell),0.0467815048235404,2025-11-12T03:44:21.000Z
401762857,40176285724,401762857563,17,12,Western Michigan,Mid-American,17,Ohio,Mid-American,13,Western Michigan,Ohio,4,"{'minutes': 2, 'seconds': 45}",3.0,2.0,80,20,3,5,1,False,Pass Reception,"(02:54) No Huddle-Shotgun #12 B.Lowry pass complete short right to #24 O.Mataele caught at OHI22, for 1 yard to the OHI19 (#5 A.Williams Jr.)",-0.4605719118419547,2025-11-12T03:45:12.000Z
401762857,40176285725,401762857577,18,2,Ohio,Mid-American,13,Western Michigan,Mid-American,17,Western Michigan,Ohio,4,"{'minutes': 2, 'seconds': 14}",1.0,3.0,76,76,2,6,10,False,Penalty,(02:14) No Huddle-Shotgun #13 P.Navarro rush right for 5 yards gain to the OHI29 (#3 T.Hallock) PENALTY OHI Holding (#60 T.Allen) 10 yards from OHI24 to OHI14. NO PLAY,,2025-11-12T03:50:36.000Z
401762857,40176285725,401762857591,18,5,Ohio,Mid-American,13,Western Michigan,Mid-American,17,Western Michigan,Ohio,4,"{'minutes': 1, 'seconds': 44}",0.0,3.0,86,86,3,16,0,False,Timeout,"Timeout Ohio, clock 01:44",,2025-11-12T03:55:37.000Z
401762857,40176285725,401762857592,18,6,Western Michigan,Mid-American,17,Ohio,Mid-American,13,Western Michigan,Ohio,4,"{'minutes': 1, 'seconds': 44}",2.0,0.0,86,14,3,16,0,False,Timeout,"Timeout Western Michigan, clock 01:44",,2025-11-12T03:56:28.000Z
401762857,40176285725,401762857573,18,1,Ohio,Mid-American,13,Western Michigan,Mid-American,17,Western Michigan,Ohio,4,"{'minutes': 2, 'seconds': 40}",1.0,3.0,80,80,1,10,4,False,Rush,(02:43) No Huddle-Shotgun #5 S.Bangura rush middle for 4 yards gain to the OHI24 (#10 S.Saipaia; #9 J.Camden),-0.0884321258012219,2025-11-12T03:49:47.000Z
401762857,40176285725,401762857582,18,3,Ohio,Mid-American,13,Western Michigan,Mid-American,17,Western Michigan,Ohio,4,"{'minutes': 1, 'seconds': 54}",1.0,3.0,86,86,2,16,0,False,Pass Incompletion,(01:58) No Huddle-Shotgun #13 P.Navarro pass incomplete deep middle to #11 R.Harris II thrown to OHI50 QB hurried by #91 M.Tyler,-0.0901582179586482,2025-11-12T03:51:19.000Z
401762857,40176285725,401762857585,18,4,Ohio,Mid-American,13,Western Michigan,Mid-American,17,Western Michigan,Ohio,4,"{'minutes': 1, 'seconds': 44}",1.0,3.0,86,86,3,16,-4,False,Sack,(01:52) No Huddle-Shotgun #13 P.Navarro sacked for loss of 4 yards to the OHI10 (#11 N.Tucker),-0.0544444118407865,2025-11-12T03:55:13.000Z
401762857,40176285725,401762857589,18,7,Ohio,Mid-American,13,Western Michigan,Mid-American,17,Western Michigan,Ohio,4,"{'minutes': 1, 'seconds': 37}",0.0,2.0,90,90,4,20,0,False,Pass Incompletion,"(01:39) No Huddle-Shotgun #13 P.Navarro pass incomplete deep middle to #19 D.Dorwart thrown to OHI50, TURNOVER ON DOWNS",0.3956030881918151,2025-11-12T03:57:29.000Z
401762857,40176285726,401762857608,19,3,Ohio,Mid-American,13,Western Michigan,Mid-American,17,Western Michigan,Ohio,4,"{'minutes': 0, 'seconds': 25}",-1.0,2.0,88,88,3,12,0,False,Timeout,"Timeout Ohio, clock 00:25",,2025-11-12T04:00:29.000Z
401762857,40176285726,401762857611,19,5,Western Michigan,Mid-American,17,Ohio,Mid-American,13,Western Michigan,Ohio,4,"{'minutes': 0, 'seconds': 22}",1.0,-1.0,88,12,3,12,0,False,Timeout,"Timeout Western Michigan, clock 00:22",,2025-11-12T04:01:21.000Z
401762857,40176285726,401762857595,19,1,Western Michigan,Mid-American,17,Ohio,Mid-American,13,Western Michigan,Ohio,4,"{'minutes': 1, 'seconds': 22}",2.0,0.0,90,10,1,10,-1,False,Rush,(01:31) Kneel down by #12 B.Lowry at OHI11 for loss of 1 yard,-0.3425792085759745,2025-11-12T03:58:47.000Z
401762857,40176285726,401762857598,19,2,Western Michigan,Mid-American,17,Ohio,Mid-American,13,Western Michigan,Ohio,4,"{'minutes': 0, 'seconds': 48}",2.0,0.0,89,11,2,11,-1,False,Rush,(00:54) Kneel down by #12 B.Lowry at OHI12 for loss of 1 yard,-0.3785775922829605,2025-11-12T03:59:18.000Z
401762857,40176285726,401762857601,19,4,Western Michigan,Mid-American,17,Ohio,Mid-American,13,Western Michigan,Ohio,4,"{'minutes': 0, 'seconds': 22}",2.0,-1.0,88,12,3,12,-1,False,Rush,(00:32) Kneel down by #12 B.Lowry at OHI12 for loss of 0 yards,-0.6953432890877397,2025-11-12T03:59:44.000Z
401762857,40176285726,401762857609,19,6,Western Michigan,Mid-American,17,Ohio,Mid-American,13,Western Michigan,Ohio,4,"{'minutes': 0, 'seconds': 16}",1.0,-1.0,88,12,4,12,10,False,Rush,"(00:17) #12 B.Lowry rush right for 10 yards gain to the OHI02 (#30 C.Christopher), TURNOVER ON DOWNS",-3.2223980108793473,2025-11-12T04:02:35.000Z
401762857,40176285727,401762857627,20,4,Western Michigan,Mid-American,17,Ohio,Mid-American,13,Western Michigan,Ohio,4,"{'minutes': 0, 'seconds': 3}",0.0,-1.0,75,25,1,10,0,False,Timeout,"Timeout Western Michigan, clock 00:03",,2025-11-12T04:04:41.000Z
401762857,40176285727,401762857615,20,1,Ohio,Mid-American,13,Western Michigan,Mid-American,17,Western Michigan,Ohio,4,"{'minutes': 0, 'seconds': 8}",-1.0,1.0,98,98,1,10,23,False,Rush,"(00:17) No Huddle-Shotgun #13 P.Navarro rush left for 23 yards gain to the OHI25 (#16 J.Lyles), 1ST DOWN",0.8974271811794052,2025-11-12T04:03:37.000Z
401762857,40176285727,401762857620,20,2,Ohio,Mid-American,13,Western Michigan,Mid-American,17,Western Michigan,Ohio,4,"{'minutes': 0, 'seconds': 3}",-1.0,1.0,75,75,1,10,13,False,Pass Reception,"(00:08) No Huddle-Shotgun #13 P.Navarro pass complete short left to #11 R.Harris II caught at OHI38, for 13 yards to the OHI38, out of bounds at OHI38, 1ST DOWN",1.124751479041831,2025-11-12T04:04:03.000Z
401762857,40176285727,401762857625,20,3,Ohio,Mid-American,13,Western Michigan,Mid-American,17,Western Michigan,Ohio,4,"{'minutes': 0, 'seconds': 3}",-1.0,1.0,62,62,1,10,2,False,Fumble,"(00:00) No Huddle-Shotgun #13 P.Navarro pass complete short right to #88 C.Gossett caught at OHI48, for 2 yards to the OHI40 lateral to #5 S.Bangura for 6 yards loss to the OHI40 fumbled by #5 S.Bangura at OHI40, out of bounds at OHI40",-0.6656376494811928,2025-11-12T04:06:23.000Z
401762857,40176285727,401762857637,20,5,Ohio,Mid-American,13,Western Michigan,Mid-American,17,Western Michigan,Ohio,4,"{'minutes': 0, 'seconds': 0}",-1.0,0.0,62,62,1,10,37,False,End Period,End of 4th quarter.,2.252919278413433,2025-11-12T04:06:32.000Z
401762864,40176286421,401762864364,14,1,Northern Illinois,Mid-American,13,Western Michigan,Mid-American,14,Northern Illinois,Western Michigan,3,"{'minutes': 14, 'seconds': 55}",3.0,3.0,35,65,1,10,11,False,Kickoff,(15:00) #60 A.Glass kickoff 65 yards to the WMU00 #1 J.Franklin return 11 yards to the WMU11 (#23 M.Pretto),,2025-11-19T01:50:54.000Z
401762864,40176286421,401762864427,14,14,Western Michigan,Mid-American,21,Northern Illinois,Mid-American,13,Northern Illinois,Western Michigan,3,"{'minutes': 8, 'seconds': 11}",2.0,3.0,3,3,0,0,0,False,Timeout,"Timeout Western Michigan, clock 08:11",,2025-11-19T01:59:21.000Z
401762864,40176286421,401762864371,14,2,Western Michigan,Mid-American,14,Northern Illinois,Mid-American,13,Northern Illinois,Western Michigan,3,"{'minutes': 14, 'seconds': 47}",3.0,3.0,89,89,1,10,12,False,Rush,"(14:54) No Huddle-Shotgun #6 J.Buckley rush left for 12 yards gain to the WMU23 (#3 J.Finley), 1ST DOWN",0.5532152139382749,2025-11-19T01:51:37.000Z
401762864,40176286421,401762864375,14,3,Western Michigan,Mid-American,14,Northern Illinois,Mid-American,13,Northern Illinois,Western Michigan,3,"{'minutes': 14, 'seconds': 10}",3.0,3.0,77,77,1,10,2,False,Pass Reception,"(14:18) No Huddle-Shotgun #12 B.Lowry pass complete short middle to #0 T.Williams caught at WMU20, for 2 yards to the WMU25 (#33 T.Powell)",-0.41522254917671025,2025-11-19T01:52:10.000Z
401762864,40176286421,401762864380,14,4,Western Michigan,Mid-American,14,Northern Illinois,Mid-American,13,Northern Illinois,Western Michigan,3,"{'minutes': 13, 'seconds': 36}",3.0,3.0,75,75,2,8,12,False,Rush,"(13:42) No Huddle-Shotgun #12 B.Lowry rush left for 12 yards gain to the WMU37 (#22 J.Beeler), 1ST DOWN",1.575068849788357,2025-11-19T01:52:46.000Z
401762864,40176286421,401762864384,14,5,Western Michigan,Mid-American,14,Northern Illinois,Mid-American,13,Northern Illinois,Western Michigan,3,"{'minutes': 12, 'seconds': 58}",3.0,3.0,63,63,1,10,2,False,Rush,(13:03) No Huddle-Shotgun #5 D.Miles rush right for 2 yards gain to the WMU39 (#16 J.Thomas),-0.6556647600661254,2025-11-19T01:53:26.000Z
401762864,40176286421,401762864388,14,6,Western Michigan,Mid-American,14,Northern Illinois,Mid-American,13,Northern Illinois,Western Michigan,3,"{'minutes': 12, 'seconds': 19}",3.0,3.0,61,61,2,8,6,False,Rush,(12:24) No Huddle-Shotgun #5 D.Miles rush left for 6 yards gain to the WMU45 (#22 J.Beeler; #17 F.Maciorowski),0.3307891807326796,2025-11-19T01:54:05.000Z
401762864,40176286421,401762864392,14,7,Western Michigan,Mid-American,14,Northern Illinois,Mid-American,13,Northern Illinois,Western Michigan,3,"{'minutes': 11, 'seconds': 40}",3.0,3.0,55,55,3,2,8,False,Rush,"(11:46) No Huddle-Shotgun #6 J.Buckley rush left for 8 yards gain to the NIU47 (#17 F.Maciorowski), 1ST DOWN",1.762184131644766,2025-11-19T01:54:44.000Z
401762864,40176286421,401762864396,14,8,Western Michigan,Mid-American,14,Northern Illinois,Mid-American,13,Northern Illinois,Western Michigan,3,"{'minutes': 11, 'seconds': 2}",3.0,3.0,47,47,1,10,11,False,Rush,"(11:06) Shotgun #12 B.Lowry rush left for 11 yards gain to the NIU36 (#33 T.Powell), out of bounds, 1ST DOWN",0.602424146252634,2025-11-19T01:55:22.000Z
401762864,40176286421,401762864400,14,9,Western Michigan,Mid-American,14,Northern Illinois,Mid-American,13,Northern Illinois,Western Michigan,3,"{'minutes': 10, 'seconds': 29}",3.0,3.0,36,36,1,10,16,False,Rush,"(10:37) Shotgun #6 J.Buckley rush right for 16 yards gain to the NIU20 (#33 T.Powell; #22 J.Beeler), 1ST DOWN",0.392850365982097,2025-11-19T01:55:58.000Z
401762864,40176286421,401762864404,14,10,Western Michigan,Mid-American,14,Northern Illinois,Mid-American,13,Northern Illinois,Western Michigan,3,"{'minutes': 9, 'seconds': 52}",3.0,3.0,20,20,1,10,5,False,Rush,(09:58) Shotgun #6 J.Buckley rush right for 5 yards gain to the NIU15 (#32 Q.Urwiler),0.07438453789675,2025-11-19T01:56:38.000Z
401762864,40176286421,401762864408,14,11,Western Michigan,Mid-American,14,Northern Illinois,Mid-American,13,Northern Illinois,Western Michigan,3,"{'minutes': 9, 'seconds': 16}",3.0,3.0,15,15,2,5,4,False,Rush,(09:23) Shotgun #5 D.Miles rush middle for 4 yards gain to the NIU11 (#33 T.Powell),-0.026059004408019,2025-11-19T01:57:12.000Z
401762864,40176286421,401762864414,14,12,Western Michigan,Mid-American,14,Northern Illinois,Mid-American,13,Northern Illinois,Western Michigan,3,"{'minutes': 8, 'seconds': 36}",3.0,3.0,11,11,3,1,3,False,Rush,"(08:37) Shotgun #5 D.Miles rush left for 3 yards gain to the NIU08 (#22 J.Beeler), 1ST DOWN",0.250002626843276,2025-11-19T01:57:56.000Z
401762864,40176286421,401762864418,14,13,Western Michigan,Mid-American,21,Northern Illinois,Mid-American,13,Northern Illinois,Western Michigan,3,"{'minutes': 8, 'seconds': 11}",3.0,3.0,8,8,1,8,8,True,Rushing Touchdown,"(08:14) Shotgun #12 B.Lowry rush right for 8 yards gain to the NIU00 TOUCHDOWN, clock 08:11 #20 P.Domschke kick attempt good (H: #25 R.Millmore, LS: #46 R.Todd)",2.319599568699692,2025-11-19T01:58:33.000Z
401762864,40176286425,401762864464,17,1,Northern Illinois,Mid-American,13,Western Michigan,Mid-American,21,Northern Illinois,Western Michigan,3,"{'minutes': 4, 'seconds': 34}",2.0,1.0,22,78,1,10,7,False,Rush,(04:40) No Huddle-Shotgun #10 C.Wright rush right for 7 yards gain to the NIU29 (#9 J.Camden),0.5574648631307815,2025-11-19T02:15:04.000Z
401762864,40176286425,401762864469,17,2,Northern Illinois,Mid-American,13,Western Michigan,Mid-American,21,Northern Illinois,Western Michigan,3,"{'minutes': 4, 'seconds': 10}",2.0,1.0,29,71,2,3,4,False,Rush,"(04:15) No Huddle-Shotgun #10 C.Wright rush middle for 4 yards gain to the NIU33 (#8 J.Sims; #4 R.McGraw), 1ST DOWN",0.2854632700691919,2025-11-19T02:15:29.000Z
401762864,40176286425,401762864473,17,3,Northern Illinois,Mid-American,13,Western Michigan,Mid-American,21,Northern Illinois,Western Michigan,3,"{'minutes': 3, 'seconds': 39}",2.0,1.0,33,67,1,10,0,False,Pass Incompletion,(03:43) No Huddle-Shotgun #14 J.Macon pass incomplete deep right to #45 T.Johnson Jr. thrown to WMU45,-0.956890163923906,2025-11-19T02:16:02.000Z
401762864,40176286425,401762864476,17,4,Northern Illinois,Mid-American,13,Western Michigan,Mid-American,21,Northern Illinois,Western Michigan,3,"{'minutes': 3, 'seconds': 33}",2.0,1.0,33,67,2,10,-3,False,Rush,(03:39) No Huddle-Shotgun #45 T.Johnson Jr. rush left for 3 yards loss to the NIU30 (#6 J.Pope),-0.7337737301697587,2025-11-19T02:16:36.000Z
401762864,40176286425,401762864480,17,5,Northern Illinois,Mid-American,13,Western Michigan,Mid-American,21,Northern Illinois,Western Michigan,3,"{'minutes': 2, 'seconds': 55}",2.0,1.0,30,70,3,13,2,False,Rush,(03:02) No Huddle-Shotgun #14 J.Macon rush left for 2 yards gain to the NIU32 (#10 S.Saipaia; #4 R.McGraw),-0.10845739387243825,2025-11-19T02:17:15.000Z
401762864,40176286425,401762864484,17,6,Northern Illinois,Mid-American,13,Western Michigan,Mid-American,21,Northern Illinois,Western Michigan,3,"{'minutes': 2, 'seconds': 19}",2.0,1.0,32,68,4,11,0,False,Punt,(02:25) #36 J.Ference punt 44 yards to the WMU24 fair catch by #86 B.Bosma at WMU24,,2025-11-19T02:17:49.000Z
401762864,40176286426,401762864541,18,13,Western Michigan,Mid-American,21,Northern Illinois,Mid-American,13,Northern Illinois,Western Michigan,4,"{'minutes': 11, 'seconds': 46}",0.0,2.0,23,23,2,4,0,False,Timeout,"Timeout Western Michigan, clock 11:46",,2025-11-19T02:29:55.000Z
401762864,40176286426,401762864554,18,17,Western Michigan,Mid-American,21,Northern Illinois,Mid-American,13,Northern Illinois,Western Michigan,4,"{'minutes': 9, 'seconds': 50}",-1.0,2.0,1,1,1,1,0,False,Timeout,"Timeout Western Michigan, clock 09:50",,2025-11-19T02:34:58.000Z
401762864,40176286426,401762864563,18,19,Western Michigan,Mid-American,28,Northern Illinois,Mid-American,13,Northern Illinois,Western Michigan,4,"{'minutes': 9, 'seconds': 46}",-2.0,2.0,3,3,0,0,0,False,Timeout,"Timeout Western Michigan, clock 09:46",,2025-11-19T02:37:35.000Z
401762864,40176286426,401762864488,18,1,Western Michigan,Mid-American,21,Northern Illinois,Mid-American,13,Northern Illinois,Western Michigan,3,"{'minutes': 2, 'seconds': 11}",1.0,2.0,76,76,1,10,6,False,Rush,(02:19) Shotgun #6 J.Buckley rush middle for 6 yards gain to the WMU30 (#22 J.Beeler),0.3245554637561217,2025-11-19T02:18:31.000Z
401762864,40176286426,401762864492,18,2,Western Michigan,Mid-American,21,Northern Illinois,Mid-American,13,Northern Illinois,Western Michigan,3,"{'minutes': 1, 'seconds': 35}",1.0,2.0,70,70,2,4,3,False,Rush,(01:41) Shotgun #6 J.Buckley rush right for 3 yards gain to the WMU33 (#9 D.Reynolds),-0.3441062357523786,2025-11-19T02:19:08.000Z
401762864,40176286426,401762864496,18,3,Western Michigan,Mid-American,21,Northern Illinois,Mid-American,13,Northern Illinois,Western Michigan,3,"{'minutes': 0, 'seconds': 57}",1.0,2.0,67,67,3,1,3,False,Rush,"(01:03) Shotgun #6 J.Buckley rush right for 3 yards gain to the WMU36 (#33 T.Powell), 1ST DOWN",1.0179765076367167,2025-11-19T02:19:46.000Z
401762864,40176286426,401762864500,18,4,Western Michigan,Mid-American,21,Northern Illinois,Mid-American,13,Northern Illinois,Western Michigan,3,"{'minutes': 0, 'seconds': 18}",1.0,2.0,64,64,1,10,0,False,Pass Incompletion,(00:27) Shotgun #12 B.Lowry pass incomplete deep middle to #82 B.Brooks thrown to NIU20 broken up by #3 J.Finley,-1.041155320344064,2025-11-19T02:20:22.000Z
401762864,40176286426,401762864503,18,5,Western Michigan,Mid-American,21,Northern Illinois,Mid-American,13,Northern Illinois,Western Michigan,3,"{'minutes': 0, 'seconds': 16}",1.0,2.0,64,64,2,10,13,False,Rush,"(00:16) Shotgun #5 D.Miles rush right for 13 yards gain to the WMU49 (#22 J.Beeler), 1ST DOWN",2.2649807242264557,2025-11-19T02:21:02.000Z
401762864,40176286426,401762864509,18,6,Western Michigan,Mid-American,21,Northern Illinois,Mid-American,13,Northern Illinois,Western Michigan,3,"{'minutes': 0, 'seconds': 0}",1.0,2.0,64,64,2,10,13,False,End Period,End of 3rd quarter.,2.2649807242264557,2025-11-19T02:21:22.000Z
401762864,40176286426,401762864513,18,7,Western Michigan,Mid-American,21,Northern Illinois,Mid-American,13,Northern Illinois,Western Michigan,4,"{'minutes': 14, 'seconds': 56}",1.0,2.0,51,51,1,10,6,False,Rush,"(14:57) Shotgun #12 B.Lowry rush right for 6 yards gain to the NIU45 (#3 J.Finley), out of bounds",0.353216982318957,2025-11-19T02:26:01.000Z
401762864,40176286426,401762864519,18,8,Western Michigan,Mid-American,21,Northern Illinois,Mid-American,13,Northern Illinois,Western Michigan,4,"{'minutes': 14, 'seconds': 25}",1.0,2.0,45,45,2,4,6,False,Rush,"(14:30) Shotgun #5 D.Miles rush middle for 6 yards gain to the NIU39 (#3 J.Finley), 1ST DOWN",0.429711666642431,2025-11-19T02:26:33.000Z
401762864,40176286426,401762864523,18,9,Western Michigan,Mid-American,21,Northern Illinois,Mid-American,13,Northern Illinois,Western Michigan,4,"{'minutes': 13, 'seconds': 43}",1.0,2.0,39,39,1,10,4,False,Rush,(13:50) Shotgun #12 B.Lowry rush left for 4 yards gain to the NIU35 (#22 J.Beeler),-0.0852102081894834,2025-11-19T02:27:12.000Z
401762864,40176286426,401762864527,18,10,Western Michigan,Mid-American,21,Northern Illinois,Mid-American,13,Northern Illinois,Western Michigan,4,"{'minutes': 13, 'seconds': 3}",1.0,2.0,35,35,2,6,6,False,Rush,"(13:11) Shotgun #5 D.Miles rush middle for 6 yards gain to the NIU29 (#33 T.Powell), 1ST DOWN",0.4373475785229224,2025-11-19T02:27:52.000Z
401762864,40176286426,401762864531,18,11,Western Michigan,Mid-American,21,Northern Illinois,Mid-American,13,Northern Illinois,Western Michigan,4,"{'minutes': 12, 'seconds': 22}",1.0,2.0,29,29,1,10,6,False,Rush,(12:29) Shotgun #6 J.Buckley rush left for 6 yards gain to the NIU23 (#22 J.Beeler; #10 M.Hensley),0.2073705301771515,2025-11-19T02:28:35.000Z
401762864,40176286426,401762864535,18,12,Western Michigan,Mid-American,21,Northern Illinois,Mid-American,13,Northern Illinois,Western Michigan,4,"{'minutes': 11, 'seconds': 46}",1.0,2.0,23,23,2,4,10,False,Rush,"(11:51) Shotgun #6 J.Buckley rush middle for 10 yards gain to the NIU13 (#22 J.Beeler), 1ST DOWN",0.0420014393751135,2025-11-19T02:29:11.000Z
401762864,40176286426,401762864539,18,14,Western Michigan,Mid-American,21,Northern Illinois,Mid-American,13,Northern Illinois,Western Michigan,4,"{'minutes': 11, 'seconds': 21}",0.0,2.0,13,13,1,10,6,False,Rush,(11:27) Shotgun #6 J.Buckley rush left for 6 yards gain to the NIU07 (#95 L.Ingold; #32 Q.Urwiler),0.180499623508462,2025-11-19T02:33:14.000Z
401762864,40176286426,401762864544,18,15,Western Michigan,Mid-American,21,Northern Illinois,Mid-American,13,Northern Illinois,Western Michigan,4,"{'minutes': 10, 'seconds': 38}",0.0,2.0,7,7,2,4,6,False,Rush,"(10:50) Shotgun #12 B.Lowry rush left for 6 yards gain to the NIU01 (#22 J.Beeler), 1ST DOWN",1.420408316416942,2025-11-19T02:33:51.000Z
401762864,40176286426,401762864548,18,16,Western Michigan,Mid-American,21,Northern Illinois,Mid-American,13,Northern Illinois,Western Michigan,4,"{'minutes': 10, 'seconds': 22}",0.0,2.0,1,1,1,1,0,False,Rush,(10:26) Shotgun #6 J.Buckley rush left for 0 yards to the NIU01 (#10 M.Hensley),-0.962330962352563,2025-11-19T02:34:13.000Z
401762864,40176286426,401762864552,18,18,Western Michigan,Mid-American,28,Northern Illinois,Mid-American,13,Northern Illinois,Western Michigan,4,"{'minutes': 9, 'seconds': 46}",-1.0,2.0,1,1,2,1,1,True,Rushing Touchdown,"(09:46) #6 J.Buckley rush left for 1 yard gain to the NIU00 TOUCHDOWN, clock 09:46 #20 P.Domschke kick attempt good (H: #25 R.Millmore, LS: #46 R.Todd)",1.900352237473006,2025-11-19T02:36:47.000Z
401762864,40176286428,401762864561,19,1,Western Michigan,Mid-American,28,Northern Illinois,Mid-American,13,Northern Illinois,Western Michigan,4,"{'minutes': 9, 'seconds': 46}",-2.0,2.0,65,65,1,10,0,False,Kickoff,"(09:46) #31 H.Smith kickoff 65 yards to the NIU00, Touchback",,2025-11-19T02:37:12.000Z
401762864,40176286428,401762864565,19,2,Northern Illinois,Mid-American,13,Western Michigan,Mid-American,28,Northern Illinois,Western Michigan,4,"{'minutes': 9, 'seconds': 39}",2.0,-2.0,25,75,1,10,4,False,Rush,(09:46) No Huddle-Shotgun #45 T.Johnson Jr. rush middle for 4 yards gain to the NIU29 (#3 T.Hallock; #96 D.Gustwiller),-0.1142886249388964,2025-11-19T02:41:32.000Z
401762864,40176286428,401762864569,19,3,Northern Illinois,Mid-American,13,Western Michigan,Mid-American,28,Northern Illinois,Western Michigan,4,"{'minutes': 9, 'seconds': 16}",2.0,-2.0,29,71,2,6,14,False,Penalty,(09:16) No Huddle-Shotgun #2 B.Davidson pass incomplete deep right to #7 G.Givens III thrown to WMU37 PENALTY NIU Pass Interference 14 yards from NIU29 to NIU15. NO PLAY,,2025-11-19T02:42:21.000Z
401762864,40176286428,401762864573,19,4,Northern Illinois,Mid-American,13,Western Michigan,Mid-American,28,Northern Illinois,Western Michigan,4,"{'minutes': 9, 'seconds': 3}",2.0,-2.0,15,85,2,20,16,False,Pass Reception,"(09:10) No Huddle-Shotgun #2 B.Davidson pass complete short left to #6 D.Rogers caught at NIU16, for 16 yards to the NIU31 (#14 J.Peters)",0.6879107150195205,2025-11-19T02:43:19.000Z
401762864,40176286428,401762864578,19,5,Northern Illinois,Mid-American,13,Western Michigan,Mid-American,28,Northern Illinois,Western Michigan,4,"{'minutes': 8, 'seconds': 33}",2.0,-2.0,31,69,3,4,-4,False,Sack,(08:42) No Huddle-Shotgun #2 B.Davidson sacked for loss of 4 yards to the NIU27 (#22 A.Louis),-0.6208891983568883,2025-11-19T02:43:59.000Z
401762864,40176286428,401762864582,19,6,Northern Illinois,Mid-American,13,Western Michigan,Mid-American,28,Northern Illinois,Western Michigan,4,"{'minutes': 7, 'seconds': 58}",2.0,-2.0,27,73,4,8,-22,False,Fumble Recovery (Own),"(08:04) No Huddle NIU rush middle for 22 yards loss to the NIU05 fumbled by NIU at NIU27 recovered by NIU #36 J.Ference at NIU05 (#42 W.Gerig), TURNOVER ON DOWNS",0.23337660163398688,2025-11-19T02:44:47.000Z
401762864,4017628642,4017628643,1,1,Western Michigan,Mid-American,0,Northern Illinois,Mid-American,0,Northern Illinois,Western Michigan,1,"{'minutes': 15, 'seconds': 0}",3.0,3.0,65,65,1,10,0,False,Kickoff,"(15:00) #31 H.Smith kickoff 65 yards to the NIU00, Touchback",,2025-11-19T00:06:03.000Z
401762864,4017628642,40176286420,1,2,Northern Illinois,Mid-American,0,Western Michigan,Mid-American,0,Northern Illinois,Western Michigan,1,"{'minutes': 13, 'seconds': 51}",3.0,3.0,41,59,2,6,4,False,Rush,(13:58) No Huddle-Shotgun #10 C.Wright rush left for 4 yards gain to the NIU45 (#20 K.Fisher),-0.160450718016488,2025-11-19T00:07:08.000Z
401762864,4017628642,40176286424,1,3,Northern Illinois,Mid-American,0,Western Michigan,Mid-American,0,Northern Illinois,Western Michigan,1,"{'minutes': 13, 'seconds': 22}",3.0,3.0,45,55,3,2,1,False,Rush,(13:26) No Huddle #10 C.Wright rush middle for 1 yard gain to the NIU46 (#11 N.Tucker),-0.8024125934510397,2025-11-19T00:07:40.000Z
401762864,4017628642,40176286428,1,4,Northern Illinois,Mid-American,0,Western Michigan,Mid-American,0,Northern Illinois,Western Michigan,1,"{'minutes': 12, 'seconds': 42}",3.0,3.0,46,54,4,1,8,False,Rush,"(12:47) No Huddle-Shotgun #10 C.Wright rush left for 8 yards gain to the WMU46 (#4 R.McGraw), 1ST DOWN",2.6345115582277714,2025-11-19T00:08:19.000Z
401762864,4017628642,40176286432,1,5,Northern Illinois,Mid-American,0,Western Michigan,Mid-American,0,Northern Illinois,Western Michigan,1,"{'minutes': 12, 'seconds': 12}",3.0,3.0,54,46,1,10,0,False,Pass Incompletion,(12:17) No Huddle-Shotgun #14 J.Macon pass incomplete short right thrown to WMU35,-1.0250974847844603,2025-11-19T00:08:53.000Z
401762864,4017628642,40176286435,1,6,Northern Illinois,Mid-American,0,Western Michigan,Mid-American,0,Northern Illinois,Western Michigan,1,"{'minutes': 12, 'seconds': 5}",3.0,3.0,54,46,2,10,3,False,Rush,(12:11) No Huddle-Shotgun #10 C.Wright rush right for 3 yards gain to the WMU43 (#3 T.Hallock; #10 S.Saipaia),-0.397811859438427,2025-11-19T00:09:20.000Z
401762864,4017628642,40176286439,1,7,Northern Illinois,Mid-American,7,Western Michigan,Mid-American,0,Northern Illinois,Western Michigan,1,"{'minutes': 11, 'seconds': 21}",3.0,3.0,57,43,3,7,43,True,Rushing Touchdown,"(11:28) No Huddle-Shotgun #45 T.Johnson Jr. rush left for 43 yards gain to the WMU00 TOUCHDOWN, clock 11:21, 1ST DOWN #60 A.Glass kick attempt good (H: #90 D.Vuckovic, LS: #44 R.Pedro)",4.966196752357352,2025-11-19T00:10:04.000Z
401762864,4017628644,40176286446,2,1,Northern Illinois,Mid-American,7,Western Michigan,Mid-American,0,Northern Illinois,Western Michigan,1,"{'minutes': 11, 'seconds': 14}",3.0,3.0,35,65,1,10,15,False,Kickoff,"(11:21) #60 A.Glass kickoff 65 yards to the WMU00 #5 D.Miles return 33 yards to the WMU33 (#60 A.Glass), out of bounds PENALTY WMU Holding 7 yards from WMU15 to WMU08",,2025-11-19T00:14:26.000Z
401762864,4017628644,40176286452,2,2,Western Michigan,Mid-American,0,Northern Illinois,Mid-American,7,Northern Illinois,Western Michigan,1,"{'minutes': 11, 'seconds': 12}",3.0,3.0,92,92,1,10,0,False,Interception,"(11:12) No Huddle-Shotgun #12 B.Lowry pass intercepted by #22 J.Beeler at WMU19 broken up by #3 J.Finley, End Of Play",-0.1512947258089934,2025-11-19T00:15:45.000Z
401762864,4017628645,40176286458,3,1,Northern Illinois,Mid-American,7,Western Michigan,Mid-American,0,Northern Illinois,Western Michigan,1,"{'minutes': 10, 'seconds': 59}",3.0,3.0,81,19,1,10,-4,False,Rush,(11:05) No Huddle-Shotgun #45 T.Johnson Jr. rush left for 4 yards loss to the WMU23 (#11 N.Tucker),-0.730146222810827,2025-11-19T00:16:36.000Z
401762864,4017628645,40176286462,3,2,Northern Illinois,Mid-American,7,Western Michigan,Mid-American,0,Northern Illinois,Western Michigan,1,"{'minutes': 10, 'seconds': 29}",3.0,3.0,77,23,2,14,0,False,Rush,(10:34) No Huddle-Shotgun #10 C.Wright rush middle for 0 yards to the WMU23 (#9 J.Camden),-0.6461720144825005,2025-11-19T00:17:07.000Z
401762864,4017628645,40176286466,3,3,Northern Illinois,Mid-American,7,Western Michigan,Mid-American,0,Northern Illinois,Western Michigan,1,"{'minutes': 9, 'seconds': 49}",3.0,3.0,77,23,3,14,2,False,Rush,"(09:54) No Huddle-Shotgun #14 J.Macon rush left for 2 yards gain to the WMU21 (#3 T.Hallock; #9 J.Camden), out of bounds",-0.5123263064717171,2025-11-19T00:17:46.000Z
401762864,4017628645,40176286470,3,4,Northern Illinois,Mid-American,10,Western Michigan,Mid-American,0,Northern Illinois,Western Michigan,1,"{'minutes': 9, 'seconds': 13}",3.0,3.0,79,21,4,12,39,True,Field Goal Good,"(09:19) #60 A.Glass field goal attempt from 39 yards GOOD (H: #90 D.Vuckovic, LS: #44 R.Pedro), clock 09:13",,2025-11-19T00:18:26.000Z
401762864,4017628647,40176286475,4,1,Northern Illinois,Mid-American,10,Western Michigan,Mid-American,0,Northern Illinois,Western Michigan,1,"{'minutes': 9, 'seconds': 14}",2.0,3.0,35,65,0,0,0,False,Timeout,"Timeout Northern Illinois, clock 09:14",,2025-11-19T00:18:48.000Z
401762864,4017628647,40176286473,4,2,Northern Illinois,Mid-American,10,Western Michigan,Mid-American,0,Northern Illinois,Western Michigan,1,"{'minutes': 9, 'seconds': 8}",2.0,3.0,35,65,1,10,26,False,Kickoff,(09:14) #60 A.Glass kickoff 65 yards to the WMU00 #1 J.Franklin return 26 yards to the WMU26 (#27 T.Porter),,2025-11-19T00:22:11.000Z
401762864,4017628647,40176286479,4,3,Western Michigan,Mid-American,0,Northern Illinois,Mid-American,10,Northern Illinois,Western Michigan,1,"{'minutes': 9, 'seconds': 1}",3.0,2.0,74,74,1,10,14,False,Rush,"(09:08) No Huddle-Shotgun #6 J.Buckley rush left for 14 yards gain to the WMU40 (#32 Q.Urwiler), 1ST DOWN",1.2498757083172904,2025-11-19T00:22:52.000Z
401762864,4017628647,40176286483,4,4,Western Michigan,Mid-American,0,Northern Illinois,Mid-American,10,Northern Illinois,Western Michigan,1,"{'minutes': 8, 'seconds': 32}",3.0,2.0,60,60,1,10,0,False,Rush,(08:36) No Huddle-Shotgun #6 J.Buckley rush middle for 0 yards to the WMU40 (#16 J.Thomas),-1.1247712359915258,2025-11-19T00:23:23.000Z
401762864,4017628647,40176286487,4,5,Western Michigan,Mid-American,0,Northern Illinois,Mid-American,10,Northern Illinois,Western Michigan,1,"{'minutes': 7, 'seconds': 52}",3.0,2.0,60,60,2,10,4,False,Rush,(07:59) Shotgun #6 J.Buckley rush right for 4 yards gain to the WMU44 (#32 Q.Urwiler; #16 J.Thomas),-0.1363689183451013,2025-11-19T00:24:00.000Z
401762864,4017628647,40176286491,4,6,Western Michigan,Mid-American,0,Northern Illinois,Mid-American,10,Northern Illinois,Western Michigan,1,"{'minutes': 7, 'seconds': 15}",3.0,2.0,56,56,3,6,0,False,Pass Incompletion,(07:19) Shotgun #12 B.Lowry pass incomplete short right to #0 T.Williams thrown to WMU47 broken up by #7 D.Harrison,-0.7032169794909455,2025-11-19T00:24:41.000Z
401762864,4017628647,40176286494,4,7,Western Michigan,Mid-American,0,Northern Illinois,Mid-American,10,Northern Illinois,Western Michigan,1,"{'minutes': 7, 'seconds': 5}",3.0,2.0,56,56,4,6,0,False,Punt,(07:15) #25 R.Millmore punt 47 yards to the NIU09,,2025-11-19T00:25:18.000Z
401762864,4017628648,401762864100,5,1,Northern Illinois,Mid-American,10,Western Michigan,Mid-American,0,Northern Illinois,Western Michigan,1,"{'minutes': 7, 'seconds': 3}",1.0,3.0,9,91,1,10,0,False,Timeout,"Timeout Northern Illinois, clock 07:03",,
401762864,4017628648,40176286498,5,2,Northern Illinois,Mid-American,10,Western Michigan,Mid-American,0,Northern Illinois,Western Michigan,1,"{'minutes': 6, 'seconds': 56}",1.0,3.0,9,91,1,10,1,False,Rush,(07:03) No Huddle-Shotgun #10 C.Wright rush right for 1 yard gain to the NIU10 (#9 J.Camden),-0.2808878686512184,2025-11-19T00:29:25.000Z
401762864,4017628648,401762864103,5,3,Northern Illinois,Mid-American,10,Western Michigan,Mid-American,0,Northern Illinois,Western Michigan,1,"{'minutes': 6, 'seconds': 25}",1.0,3.0,10,90,2,9,-1,False,Rush,(06:32) No Huddle-Shotgun #10 C.Wright rush middle for 1 yard loss to the NIU09 (#47 D.Moon),-0.19848927932486762,2025-11-19T00:29:56.000Z
401762864,4017628648,401762864107,5,4,Northern Illinois,Mid-American,10,Western Michigan,Mid-American,0,Northern Illinois,Western Michigan,1,"{'minutes': 5, 'seconds': 45}",1.0,3.0,9,91,3,10,5,False,Rush,(05:54) No Huddle-Shotgun #10 C.Wright rush right for 5 yards gain to the NIU14 (#3 T.Hallock; #9 J.Camden),0.01203053677239386,2025-11-19T00:30:32.000Z
401762864,4017628648,401762864111,5,5,Northern Illinois,Mid-American,10,Western Michigan,Mid-American,0,Northern Illinois,Western Michigan,1,"{'minutes': 5, 'seconds': 2}",1.0,3.0,14,86,4,5,0,False,Punt,(05:12) #36 J.Ference punt 61 yards to the WMU25,,2025-11-19T00:31:14.000Z
401762864,4017628649,401762864115,6,1,Western Michigan,Mid-American,0,Northern Illinois,Mid-American,10,Northern Illinois,Western Michigan,1,"{'minutes': 4, 'seconds': 55}",3.0,1.0,75,75,1,10,10,False,Rush,"(05:02) Shotgun #6 J.Buckley rush middle for 10 yards gain to the WMU35 (#22 J.Beeler; #4 M.Jammeh), 1ST DOWN",0.8350381090299867,2025-11-19T00:32:02.000Z
401762864,4017628649,401762864119,6,2,Western Michigan,Mid-American,0,Northern Illinois,Mid-American,10,Northern Illinois,Western Michigan,1,"{'minutes': 4, 'seconds': 25}",3.0,1.0,65,65,1,10,3,False,Rush,(04:30) Shotgun #6 J.Buckley rush middle for 3 yards gain to the WMU38 (#17 F.Maciorowski),-0.4062307312880424,2025-11-19T00:32:32.000Z
401762864,4017628649,401762864123,6,3,Western Michigan,Mid-American,0,Northern Illinois,Mid-American,10,Northern Illinois,Western Michigan,1,"{'minutes': 3, 'seconds': 50}",3.0,1.0,62,62,2,7,6,False,Rush,(03:55) Shotgun #12 B.Lowry rush right for 6 yards gain to the WMU44 (#32 Q.Urwiler),0.3536163797662902,2025-11-19T00:33:07.000Z
401762864,4017628649,401762864127,6,4,Western Michigan,Mid-American,0,Northern Illinois,Mid-American,10,Northern Illinois,Western Michigan,1,"{'minutes': 3, 'seconds': 2}",3.0,1.0,56,56,3,1,22,False,Rush,"(03:11) Shotgun #12 B.Lowry rush middle for 22 yards gain to the NIU34 (#33 T.Powell), 1ST DOWN",2.358605201299417,2025-11-19T00:33:53.000Z
401762864,4017628649,401762864131,6,5,Western Michigan,Mid-American,0,Northern Illinois,Mid-American,10,Northern Illinois,Western Michigan,1,"{'minutes': 2, 'seconds': 22}",3.0,1.0,34,34,1,10,1,False,Rush,(02:33) Shotgun #24 O.Mataele rush middle for 1 yard gain to the NIU33 (#95 L.Ingold),-0.504093995421519,2025-11-19T00:34:29.000Z
401762864,4017628649,401762864135,6,6,Western Michigan,Mid-American,0,Northern Illinois,Mid-American,10,Northern Illinois,Western Michigan,1,"{'minutes': 1, 'seconds': 47}",3.0,1.0,33,33,2,9,4,False,Rush,(01:53) Shotgun #24 O.Mataele rush left for 4 yards gain to the NIU29 (#32 Q.Urwiler; #6 D.Dixon),-0.100742355552171,2025-11-19T00:35:09.000Z
401762864,4017628649,401762864139,6,7,Western Michigan,Mid-American,0,Northern Illinois,Mid-American,10,Northern Illinois,Western Michigan,1,"{'minutes': 1, 'seconds': 10}",3.0,1.0,29,29,3,5,2,False,Rush,(01:16) Shotgun #24 O.Mataele rush middle for 2 yards gain to the NIU27 (#95 L.Ingold),-0.4822121972640864,2025-11-19T00:35:47.000Z
401762864,4017628649,401762864143,6,8,Western Michigan,Mid-American,0,Northern Illinois,Mid-American,10,Northern Illinois,Western Michigan,1,"{'minutes': 0, 'seconds': 28}",3.0,1.0,27,27,4,3,2,False,Pass Reception,"(00:32) Shotgun #12 B.Lowry pass complete short right to #0 T.Williams caught at NIU25, for 2 yards to the NIU25 (#32 Q.Urwiler), TURNOVER ON DOWNS",-2.9762252908485536,2025-11-19T00:36:32.000Z
401762864,40176286410,401762864197,7,12,Northern Illinois,Mid-American,13,Western Michigan,Mid-American,0,Northern Illinois,Western Michigan,2,"{'minutes': 11, 'seconds': 45}",0.0,3.0,77,23,4,8,0,False,Timeout,"Timeout Northern Illinois, clock 11:45",,2025-11-19T00:47:07.000Z
401762864,40176286410,401762864155,7,2,Northern Illinois,Mid-American,10,Western Michigan,Mid-American,0,Northern Illinois,Western Michigan,1,"{'minutes': 0, 'seconds': 0}",1.0,3.0,25,75,1,10,-1,False,End Period,End of 1st quarter.,-0.8014893508157099,2025-11-19T00:37:57.000Z
401762864,40176286410,401762864149,7,1,Northern Illinois,Mid-American,10,Western Michigan,Mid-American,0,Northern Illinois,Western Michigan,1,"{'minutes': 0, 'seconds': 26}",1.0,3.0,25,75,1,10,-1,False,Rush,(00:26) No Huddle-Shotgun #14 J.Macon rush left for 1 yard loss to the NIU24 (#12 D.Moore),-0.8014893508157099,2025-11-19T00:37:30.000Z
401762864,40176286410,401762864159,7,3,Northern Illinois,Mid-American,10,Western Michigan,Mid-American,0,Northern Illinois,Western Michigan,2,"{'minutes': 14, 'seconds': 55}",1.0,3.0,24,76,2,11,18,False,Rush,"(14:59) No Huddle-Shotgun #14 J.Macon rush middle for 18 yards gain to the NIU42 (#8 J.Sims), 1ST DOWN",2.317541258497716,2025-11-19T00:42:15.000Z
401762864,40176286410,401762864165,7,4,Northern Illinois,Mid-American,10,Western Michigan,Mid-American,0,Northern Illinois,Western Michigan,2,"{'minutes': 14, 'seconds': 29}",1.0,3.0,42,58,1,10,1,False,Rush,(14:35) No Huddle-Shotgun #45 T.Johnson Jr. rush left for 1 yard gain to the NIU43 (#0 M.Al-Garawi),-0.9258054961347764,2025-11-19T00:42:41.000Z
401762864,40176286410,401762864169,7,5,Northern Illinois,Mid-American,10,Western Michigan,Mid-American,0,Northern Illinois,Western Michigan,2,"{'minutes': 13, 'seconds': 56}",1.0,3.0,43,57,2,9,5,False,Pass Reception,"(14:01) No Huddle-Shotgun #14 J.Macon pass complete short left to #6 D.Rogers caught at NIU42, for 5 yards to the NIU48 (#6 J.Pope), out of bounds",0.0781725599253599,2025-11-19T00:43:15.000Z
401762864,40176286410,401762864174,7,6,Northern Illinois,Mid-American,10,Western Michigan,Mid-American,0,Northern Illinois,Western Michigan,2,"{'minutes': 13, 'seconds': 18}",1.0,3.0,48,52,3,4,15,False,Rush,"(13:25) No Huddle-Shotgun #10 C.Wright rush right for 15 yards gain to the WMU37 (#10 S.Saipaia; #5 A.Wofford), 1ST DOWN",2.357927516771989,2025-11-19T00:43:55.000Z
401762864,40176286410,401762864178,7,7,Northern Illinois,Mid-American,10,Western Michigan,Mid-American,0,Northern Illinois,Western Michigan,2,"{'minutes': 12, 'seconds': 47}",1.0,3.0,63,37,1,10,12,False,Rush,"(12:54) No Huddle-Shotgun #10 C.Wright rush left for 12 yards gain to the WMU25 (#6 J.Pope), 1ST DOWN",0.3513242692106857,2025-11-19T00:44:27.000Z
401762864,40176286410,401762864182,7,8,Northern Illinois,Mid-American,10,Western Michigan,Mid-American,0,Northern Illinois,Western Michigan,2,"{'minutes': 12, 'seconds': 30}",1.0,3.0,75,25,1,10,0,False,Pass Incompletion,(12:33) No Huddle-Shotgun #14 J.Macon pass incomplete deep left to #0 L.Bryant thrown to WMU02,-0.4522778946200265,2025-11-19T00:44:47.000Z
401762864,40176286410,401762864185,7,9,Northern Illinois,Mid-American,10,Western Michigan,Mid-American,0,Northern Illinois,Western Michigan,2,"{'minutes': 12, 'seconds': 25}",1.0,3.0,75,25,2,10,2,False,Rush,"(12:30) No Huddle-Shotgun #14 J.Macon rush right for 2 yards gain to the WMU23 (#10 S.Saipaia), out of bounds",-0.3177649145916597,2025-11-19T00:45:30.000Z
401762864,40176286410,401762864189,7,10,Northern Illinois,Mid-American,10,Western Michigan,Mid-American,0,Northern Illinois,Western Michigan,2,"{'minutes': 11, 'seconds': 49}",1.0,3.0,77,23,3,8,0,False,Pass Incompletion,(11:53) No Huddle-Shotgun #14 J.Macon pass incomplete deep left to #6 D.Rogers thrown to WMU00,-0.7701289820414613,2025-11-19T00:46:09.000Z
401762864,40176286410,401762864192,7,11,Northern Illinois,Mid-American,13,Western Michigan,Mid-American,0,Northern Illinois,Western Michigan,2,"{'minutes': 11, 'seconds': 45}",1.0,3.0,77,23,4,8,41,True,Field Goal Good,"(11:48) #60 A.Glass field goal attempt from 41 yards GOOD (H: #90 D.Vuckovic, LS: #44 R.Pedro), clock 11:45",,2025-11-19T00:46:44.000Z
401762864,40176286412,401762864195,8,1,Northern Illinois,Mid-American,13,Western Michigan,Mid-American,0,Northern Illinois,Western Michigan,2,"{'minutes': 11, 'seconds': 41}",0.0,3.0,35,65,1,10,10,False,Kickoff,(11:45) #60 A.Glass kickoff 41 yards to the WMU24 #15 C.Conley return 10 yards to the WMU34 (#18 L.Tate; #15 B.Windham),,2025-11-19T00:50:25.000Z
401762864,40176286412,401762864228,8,8,Western Michigan,Mid-American,0,Northern Illinois,Mid-American,13,Northern Illinois,Western Michigan,2,"{'minutes': 8, 'seconds': 52}",2.0,0.0,43,43,4,8,0,False,Timeout,"Timeout Western Michigan, clock 08:52",,2025-11-19T00:54:47.000Z
401762864,40176286412,401762864201,8,2,Western Michigan,Mid-American,0,Northern Illinois,Mid-American,13,Northern Illinois,Western Michigan,2,"{'minutes': 11, 'seconds': 31}",3.0,0.0,66,66,1,10,10,False,Pass Reception,"(11:40) No Huddle-Shotgun #12 B.Lowry pass complete short middle to #1 C.Leary caught at WMU32, for 10 yards to the WMU44 (#32 Q.Urwiler), 1ST DOWN",0.9665866083503082,2025-11-19T00:51:04.000Z
401762864,40176286412,401762864206,8,3,Western Michigan,Mid-American,0,Northern Illinois,Mid-American,13,Northern Illinois,Western Michigan,2,"{'minutes': 10, 'seconds': 55}",3.0,0.0,56,56,1,10,11,False,Pass Reception,"(11:04) No Huddle-Shotgun #12 B.Lowry pass complete short left to #18 A.Chenault caught at WMU50, for 11 yards to the NIU45 (#33 T.Powell), 1ST DOWN",0.893668696312238,2025-11-19T00:51:40.000Z
401762864,40176286412,401762864211,8,4,Western Michigan,Mid-American,0,Northern Illinois,Mid-American,13,Northern Illinois,Western Michigan,2,"{'minutes': 10, 'seconds': 21}",3.0,0.0,45,45,1,10,-4,False,Rush,(10:29) No Huddle-Shotgun #12 B.Lowry rush left for 4 yards loss to the NIU49 (#17 F.Maciorowski; #95 L.Ingold),-1.9047961095083377,2025-11-19T00:52:16.000Z
401762864,40176286412,401762864215,8,5,Western Michigan,Mid-American,0,Northern Illinois,Mid-American,13,Northern Illinois,Western Michigan,2,"{'minutes': 9, 'seconds': 43}",3.0,0.0,49,49,2,14,6,False,Rush,(09:50) No Huddle-Shotgun #0 T.Williams rush right for 6 yards gain to the NIU43 (#26 J.Finley IV),0.2821812719860191,2025-11-19T00:52:55.000Z
401762864,40176286412,401762864219,8,6,Western Michigan,Mid-American,0,Northern Illinois,Mid-American,13,Northern Illinois,Western Michigan,2,"{'minutes': 9, 'seconds': 3}",3.0,0.0,43,43,3,8,0,False,Pass Incompletion,(09:08) No Huddle-Shotgun #12 B.Lowry pass incomplete short left to #82 B.Brooks thrown to NIU40 broken up by #32 Q.Urwiler,-0.9795810277823227,2025-11-19T00:53:38.000Z
401762864,40176286412,401762864222,8,7,Western Michigan,Mid-American,0,Northern Illinois,Mid-American,13,Northern Illinois,Western Michigan,2,"{'minutes': 8, 'seconds': 52}",3.0,0.0,43,43,4,8,0,False,Punt,(09:02) #25 R.Millmore punt 37 yards to the NIU06,,2025-11-19T00:54:19.000Z
401762864,40176286413,401762864246,9,5,Northern Illinois,Mid-American,13,Western Michigan,Mid-American,0,Northern Illinois,Western Michigan,2,"{'minutes': 6, 'seconds': 54}",-1.0,2.0,13,87,4,3,0,False,Timeout,"Timeout Northern Illinois, clock 06:54",,2025-11-19T01:01:00.000Z
401762864,40176286413,401762864226,9,1,Northern Illinois,Mid-American,13,Western Michigan,Mid-American,0,Northern Illinois,Western Michigan,2,"{'minutes': 8, 'seconds': 44}",0.0,2.0,6,94,1,10,2,False,Rush,(08:50) No Huddle-Shotgun #10 C.Wright rush left for 2 yards gain to the NIU08 (#20 K.Fisher),-0.18979758386486356,2025-11-19T00:57:59.000Z
401762864,40176286413,401762864231,9,2,Northern Illinois,Mid-American,13,Western Michigan,Mid-American,0,Northern Illinois,Western Michigan,2,"{'minutes': 8, 'seconds': 14}",0.0,2.0,8,92,2,8,2,False,Rush,(08:20) No Huddle-Shotgun #14 J.Macon rush left for 2 yards gain to the NIU10 (#6 J.Pope),-0.12036572971041971,2025-11-19T00:58:29.000Z
401762864,40176286413,401762864235,9,3,Northern Illinois,Mid-American,13,Western Michigan,Mid-American,0,Northern Illinois,Western Michigan,2,"{'minutes': 7, 'seconds': 34}",0.0,2.0,10,90,3,6,3,False,Rush,(07:41) No Huddle-Shotgun #10 C.Wright rush middle for 3 yards gain to the NIU13 (#9 J.Camden; #11 N.Tucker),-0.04827369698097693,2025-11-19T00:59:08.000Z
401762864,40176286413,401762864239,9,4,Northern Illinois,Mid-American,13,Western Michigan,Mid-American,0,Northern Illinois,Western Michigan,2,"{'minutes': 6, 'seconds': 54}",0.0,2.0,13,87,4,3,0,False,Punt,(07:00) #36 J.Ference punt 42 yards to the WMU45 fair catch by #86 B.Bosma at WMU45 PENALTY NIU Illegal Formation 5 yards from WMU45 to WMU50,,2025-11-19T00:59:50.000Z
401762864,40176286414,401762864244,10,1,Western Michigan,Mid-American,0,Northern Illinois,Mid-American,13,Northern Illinois,Western Michigan,2,"{'minutes': 6, 'seconds': 45}",2.0,-1.0,50,50,1,10,32,False,Rush,"(06:53) No Huddle-Shotgun #5 D.Miles rush right for 32 yards gain to the NIU18 (#4 M.Jammeh), out of bounds, 1ST DOWN",1.249619223050782,2025-11-19T01:03:48.000Z
401762864,40176286414,401762864249,10,2,Western Michigan,Mid-American,7,Northern Illinois,Mid-American,13,Northern Illinois,Western Michigan,2,"{'minutes': 6, 'seconds': 13}",2.0,-1.0,18,18,1,10,18,True,Rushing Touchdown,"(06:18) No Huddle-Shotgun #12 B.Lowry rush right for 18 yards gain to the NIU00 TOUCHDOWN, clock 06:13, 1ST DOWN #20 P.Domschke kick attempt good (H: #25 R.Millmore, LS: #46 R.Todd)",2.591792709070591,2025-11-19T01:04:34.000Z
401762864,40176286416,401762864256,11,1,Western Michigan,Mid-American,7,Northern Illinois,Mid-American,13,Northern Illinois,Western Michigan,2,"{'minutes': 6, 'seconds': 9}",2.0,-1.0,65,65,1,10,50,False,Kickoff,(06:13) #31 H.Smith kickoff 50 yards to the NIU15 muffed by #9 D.Reynolds at NIU15 recovered by NIU #9 D.Reynolds at NIU16 #9 D.Reynolds return 3 yards to the NIU19 (#19 B.Steely),,2025-11-19T01:07:11.000Z
401762864,40176286416,401762864266,11,2,Northern Illinois,Mid-American,13,Western Michigan,Mid-American,7,Northern Illinois,Western Michigan,2,"{'minutes': 6, 'seconds': 9}",-2.0,2.0,65,35,0,0,0,False,Timeout,"Timeout Northern Illinois, clock 06:09",,2025-11-19T01:07:49.000Z
401762864,40176286416,401762864264,11,3,Northern Illinois,Mid-American,13,Western Michigan,Mid-American,7,Northern Illinois,Western Michigan,2,"{'minutes': 6, 'seconds': 3}",-2.0,2.0,19,81,1,10,3,False,Rush,(06:08) No Huddle-Shotgun #10 C.Wright rush left for 3 yards gain to the NIU22 (#9 J.Camden),-0.2256553240907335,2025-11-19T01:08:48.000Z
401762864,40176286416,401762864269,11,4,Northern Illinois,Mid-American,13,Western Michigan,Mid-American,7,Northern Illinois,Western Michigan,2,"{'minutes': 5, 'seconds': 21}",-2.0,2.0,22,78,2,7,8,False,Rush,"(05:30) No Huddle-Shotgun #14 J.Macon rush right for 8 yards gain to the NIU30 (#9 J.Camden; #14 M.Smith), out of bounds, 1ST DOWN",0.9714883261891867,2025-11-19T01:09:30.000Z
401762864,40176286416,401762864273,11,5,Northern Illinois,Mid-American,13,Western Michigan,Mid-American,7,Northern Illinois,Western Michigan,2,"{'minutes': 4, 'seconds': 44}",-2.0,2.0,30,70,1,10,1,False,Rush,(04:50) No Huddle-Shotgun #10 C.Wright rush right for 1 yard gain to the NIU31 (#11 N.Tucker),-0.716015480823808,2025-11-19T01:10:14.000Z
401762864,40176286416,401762864277,11,6,Northern Illinois,Mid-American,13,Western Michigan,Mid-American,7,Northern Illinois,Western Michigan,2,"{'minutes': 4, 'seconds': 16}",-2.0,2.0,31,69,2,9,5,False,Penalty,"(04:16) No Huddle-Shotgun #14 J.Macon pass complete short left to #45 T.Johnson Jr. caught at NIU30, for 1 yard loss to the NIU30 (#3 T.Hallock) PENALTY WMU Offside 5 yards from NIU31 to NIU36. NO PLAY",,2025-11-19T01:11:08.000Z
401762864,40176286416,401762864283,11,7,Northern Illinois,Mid-American,13,Western Michigan,Mid-American,7,Northern Illinois,Western Michigan,2,"{'minutes': 3, 'seconds': 50}",-2.0,2.0,36,64,2,4,2,False,Rush,(03:56) No Huddle-Shotgun #10 C.Wright rush right for 2 yards gain to the NIU38 (#11 N.Tucker),-0.6446035598105535,2025-11-19T01:11:35.000Z
401762864,40176286416,401762864287,11,8,Northern Illinois,Mid-American,13,Western Michigan,Mid-American,7,Northern Illinois,Western Michigan,2,"{'minutes': 3, 'seconds': 5}",-2.0,2.0,38,62,3,2,1,False,Rush,(03:14) No Huddle-Shotgun #45 T.Johnson Jr. rush left for 1 yard gain to the NIU39 (#4 R.McGraw),-0.6275144123314407,2025-11-19T01:12:18.000Z
401762864,40176286416,401762864291,11,9,Northern Illinois,Mid-American,13,Western Michigan,Mid-American,7,Northern Illinois,Western Michigan,2,"{'minutes': 2, 'seconds': 26}",-2.0,2.0,39,61,4,1,0,False,Rush,"(02:30) No Huddle-Shotgun #10 C.Wright rush middle for 0 yards to the NIU39 (#9 J.Camden), TURNOVER ON DOWNS",-0.40824995399338615,2025-11-19T01:13:00.000Z
401762864,40176286417,401762864319,12,6,Western Michigan,Mid-American,7,Northern Illinois,Mid-American,13,Northern Illinois,Western Michigan,2,"{'minutes': 1, 'seconds': 1}",0.0,-2.0,17,17,3,2,0,False,Timeout,"Timeout Western Michigan, clock 01:01",,2025-11-19T01:19:38.000Z
401762864,40176286417,401762864306,12,3,Western Michigan,Mid-American,7,Northern Illinois,Mid-American,13,Northern Illinois,Western Michigan,2,"{'minutes': 1, 'seconds': 57}",1.0,-2.0,32,32,2,3,0,False,Timeout,"Timeout Western Michigan, clock 01:57",,2025-11-19T01:14:37.000Z
401762864,40176286417,401762864296,12,1,Western Michigan,Mid-American,7,Northern Illinois,Mid-American,13,Northern Illinois,Western Michigan,2,"{'minutes': 2, 'seconds': 20}",2.0,-2.0,39,39,1,10,7,False,Rush,"(02:26) No Huddle-Shotgun #5 D.Miles rush left for 7 yards gain to the NIU32 (#0 A.Gulley, Jr)",0.435345095661706,2025-11-19T01:13:57.000Z
401762864,40176286417,401762864300,12,2,Western Michigan,Mid-American,7,Northern Illinois,Mid-American,13,Northern Illinois,Western Michigan,2,"{'minutes': 1, 'seconds': 57}",2.0,-2.0,32,32,2,3,7,False,Rush,"(02:04) No Huddle-Shotgun #5 D.Miles rush left for 7 yards gain to the NIU25 (#7 D.Harrison), 1ST DOWN",0.0050090970037875,2025-11-19T01:14:19.000Z
401762864,40176286417,401762864304,12,4,Western Michigan,Mid-American,7,Northern Illinois,Mid-American,13,Northern Illinois,Western Michigan,2,"{'minutes': 1, 'seconds': 51}",1.0,-2.0,25,25,1,10,4,False,Rush,"(01:57) No Huddle-Shotgun #6 J.Buckley rush middle for 4 yards gain to the NIU21 (#95 L.Ingold; #0 A.Gulley, Jr)",-0.0356690725209355,2025-11-19T01:18:12.000Z
401762864,40176286417,401762864309,12,5,Western Michigan,Mid-American,7,Northern Illinois,Mid-American,13,Northern Illinois,Western Michigan,2,"{'minutes': 1, 'seconds': 29}",1.0,-2.0,21,21,2,6,4,False,Rush,(01:34) No Huddle-Shotgun #6 J.Buckley rush middle for 4 yards gain to the NIU17 (#10 M.Hensley),-0.039760159907708,2025-11-19T01:18:34.000Z
401762864,40176286417,401762864313,12,7,Western Michigan,Mid-American,7,Northern Illinois,Mid-American,13,Northern Illinois,Western Michigan,2,"{'minutes': 1, 'seconds': 0}",0.0,-2.0,17,17,3,2,3,False,Rush,"(01:06) No Huddle-Shotgun #6 J.Buckley rush left for 3 yards gain to the NIU14 (#32 Q.Urwiler; #6 D.Dixon), 1ST DOWN",0.2272304195156195,2025-11-19T01:19:03.000Z
401762864,40176286417,401762864317,12,8,Western Michigan,Mid-American,7,Northern Illinois,Mid-American,13,Northern Illinois,Western Michigan,2,"{'minutes': 0, 'seconds': 55}",0.0,-2.0,14,14,1,10,6,False,Rush,(01:01) No Huddle-Shotgun #6 J.Buckley rush middle for 6 yards gain to the NIU08 (#17 F.Maciorowski),0.1809070651975925,2025-11-19T01:20:22.000Z
401762864,40176286417,401762864322,12,9,Western Michigan,Mid-American,14,Northern Illinois,Mid-American,13,Northern Illinois,Western Michigan,2,"{'minutes': 0, 'seconds': 40}",0.0,-2.0,8,8,2,4,8,True,Rushing Touchdown,"(00:41) No Huddle-Shotgun #6 J.Buckley rush middle for 8 yards gain to the NIU00 TOUCHDOWN, clock 00:40, 1ST DOWN #20 P.Domschke kick attempt good (H: #25 R.Millmore, LS: #46 R.Todd)",2.367376109981489,2025-11-19T01:20:39.000Z
401762864,40176286419,401762864348,13,5,Western Michigan,Mid-American,14,Northern Illinois,Mid-American,13,Northern Illinois,Western Michigan,2,"{'minutes': 0, 'seconds': 11}",-1.0,-2.0,38,38,1,10,0,False,Timeout,"Timeout Western Michigan, clock 00:11",,2025-11-19T01:25:31.000Z
401762864,40176286419,401762864329,13,1,Western Michigan,Mid-American,14,Northern Illinois,Mid-American,13,Northern Illinois,Western Michigan,2,"{'minutes': 0, 'seconds': 33}",0.0,-2.0,65,65,1,10,9,False,Kickoff,(00:40) #31 H.Smith kickoff 56 yards to the NIU09 #9 D.Reynolds return 9 yards to the NIU18 (#16 J.Lyles),,2025-11-19T01:22:44.000Z
401762864,40176286419,401762864354,13,8,Western Michigan,Mid-American,14,Northern Illinois,Mid-American,13,Northern Illinois,Western Michigan,2,"{'minutes': 0, 'seconds': 5}",-2.0,-3.0,38,38,2,10,0,False,Timeout,"Timeout Western Michigan, clock 00:05",,2025-11-19T01:27:45.000Z
401762864,40176286419,401762864353,13,7,Northern Illinois,Mid-American,13,Western Michigan,Mid-American,14,Northern Illinois,Western Michigan,2,"{'minutes': 0, 'seconds': 5}",-3.0,-1.0,38,62,2,10,0,False,Timeout,"Timeout Northern Illinois, clock 00:05",,2025-11-19T01:26:54.000Z
401762864,40176286419,401762864334,13,2,Northern Illinois,Mid-American,13,Western Michigan,Mid-American,14,Northern Illinois,Western Michigan,2,"{'minutes': 0, 'seconds': 33}",-2.0,0.0,18,82,1,10,5,False,Penalty,(00:33) No Huddle-Shotgun #24 E.Porter rush right for 4 yards gain to the NIU22 (#9 J.Camden; #20 K.Fisher) PENALTY WMU Offside 5 yards from NIU18 to NIU23. NO PLAY,,2025-11-19T01:23:49.000Z
401762864,40176286419,401762864339,13,3,Northern Illinois,Mid-American,13,Western Michigan,Mid-American,14,Northern Illinois,Western Michigan,2,"{'minutes': 0, 'seconds': 24}",-2.0,0.0,23,77,1,5,15,False,Rush,"(00:29) No Huddle-Shotgun #24 E.Porter rush middle for 15 yards gain to the NIU38 (#0 M.Al-Garawi), 1ST DOWN",0.3428699043849122,2025-11-19T01:24:37.000Z
401762864,40176286419,401762864343,13,4,Northern Illinois,Mid-American,13,Western Michigan,Mid-American,14,Northern Illinois,Western Michigan,2,"{'minutes': 0, 'seconds': 11}",-2.0,0.0,38,62,1,10,0,False,Pass Incompletion,(00:15) No Huddle-Shotgun #14 J.Macon pass incomplete short right to #7 G.Givens III thrown to NIU47,-1.087995077167328,2025-11-19T01:25:00.000Z
401762864,40176286419,401762864346,13,6,Northern Illinois,Mid-American,13,Western Michigan,Mid-American,14,Northern Illinois,Western Michigan,2,"{'minutes': 0, 'seconds': 5}",-2.0,-1.0,38,62,2,10,5,False,Rush,(00:06) No Huddle-Shotgun #14 J.Macon rush left for 5 yards gain to the NIU43 (#11 N.Tucker),0.0637604424093929,2025-11-19T01:26:35.000Z
401762864,40176286419,401762864351,13,9,Northern Illinois,Mid-American,13,Western Michigan,Mid-American,14,Northern Illinois,Western Michigan,2,"{'minutes': 0, 'seconds': 4}",-3.0,-2.0,43,57,3,5,2,False,Rush,(00:04) No Huddle-Shotgun #24 E.Porter rush right for 2 yards gain to the NIU45 (#9 J.Camden; #18 M.Davis),-0.4651570658446271,2025-11-19T01:28:46.000Z
401762864,40176286419,401762864359,13,10,Northern Illinois,Mid-American,13,Western Michigan,Mid-American,14,Northern Illinois,Western Michigan,2,"{'minutes': 0, 'seconds': 0}",-3.0,-2.0,43,57,3,5,19,False,End Period,End of 2nd quarter.,2.882645626852238,2025-11-19T01:29:03.000Z
401762864,40176286423,401762864425,15,1,Western Michigan,Mid-American,21,Northern Illinois,Mid-American,13,Northern Illinois,Western Michigan,3,"{'minutes': 8, 'seconds': 11}",2.0,3.0,65,65,1,10,0,False,Kickoff,(08:11) #31 H.Smith kickoff 60 yards to the NIU05 fair catch by #9 D.Reynolds at NIU05,,2025-11-19T01:59:18.000Z
401762864,40176286423,401762864446,15,6,Northern Illinois,Mid-American,13,Western Michigan,Mid-American,21,Northern Illinois,Western Michigan,3,"{'minutes': 6, 'seconds': 49}",2.0,2.0,24,76,4,11,0,False,Timeout,"Timeout Northern Illinois, clock 06:49",,2025-11-19T02:05:56.000Z
401762864,40176286423,401762864429,15,2,Northern Illinois,Mid-American,13,Western Michigan,Mid-American,21,Northern Illinois,Western Michigan,3,"{'minutes': 8, 'seconds': 3}",3.0,2.0,25,75,1,10,6,False,Rush,(08:11) No Huddle-Shotgun #10 C.Wright rush left for 6 yards gain to the NIU31 (#9 J.Camden),0.3333748010525683,2025-11-19T02:03:35.000Z
401762864,40176286423,401762864433,15,3,Northern Illinois,Mid-American,13,Western Michigan,Mid-American,21,Northern Illinois,Western Michigan,3,"{'minutes': 7, 'seconds': 36}",3.0,2.0,31,69,2,4,0,False,Pass Incompletion,(07:40) No Huddle-Shotgun #14 J.Macon pass incomplete deep right to #3 R.Taylor Jr. thrown to WMU35,-0.8681070846083454,2025-11-19T02:04:06.000Z
401762864,40176286423,401762864436,15,4,Northern Illinois,Mid-American,13,Western Michigan,Mid-American,21,Northern Illinois,Western Michigan,3,"{'minutes': 7, 'seconds': 26}",3.0,2.0,31,69,3,4,-4,False,Sack,"(07:34) No Huddle-Shotgun #14 J.Macon sacked for loss of 7 yards to the NIU24 (#11 N.Tucker, #9 J.Camden)",-0.6208891983568883,2025-11-19T02:04:44.000Z
401762864,40176286423,401762864440,15,5,Northern Illinois,Mid-American,13,Western Michigan,Mid-American,21,Northern Illinois,Western Michigan,3,"{'minutes': 6, 'seconds': 49}",3.0,2.0,24,76,4,11,0,False,Punt,(06:54) #36 J.Ference punt 51 yards to the WMU25 fair catch by #86 B.Bosma at WMU25,,2025-11-19T02:05:21.000Z
401762864,40176286424,401762864466,16,5,Western Michigan,Mid-American,21,Northern Illinois,Mid-American,13,Northern Illinois,Western Michigan,3,"{'minutes': 4, 'seconds': 42}",1.0,2.0,67,67,4,2,0,False,Timeout,"Timeout Western Michigan, clock 04:42",,2025-11-19T02:11:52.000Z
401762864,40176286424,401762864444,16,1,Western Michigan,Mid-American,21,Northern Illinois,Mid-American,13,Northern Illinois,Western Michigan,3,"{'minutes': 6, 'seconds': 42}",2.0,2.0,75,75,1,10,1,False,Rush,(06:49) Shotgun #6 J.Buckley rush left for 1 yard gain to the WMU26 (#32 Q.Urwiler),-0.5874795431016855,2025-11-19T02:09:05.000Z
401762864,40176286424,401762864449,16,2,Western Michigan,Mid-American,21,Northern Illinois,Mid-American,13,Northern Illinois,Western Michigan,3,"{'minutes': 6, 'seconds': 7}",2.0,2.0,74,74,2,9,0,False,Rush,"(06:12) Shotgun #6 J.Buckley rush left for 0 yards to the WMU26 (#22 J.Beeler), out of bounds",-0.40831395320271024,2025-11-19T02:09:42.000Z
401762864,40176286424,401762864453,16,3,Western Michigan,Mid-American,21,Northern Illinois,Mid-American,13,Northern Illinois,Western Michigan,3,"{'minutes': 5, 'seconds': 24}",2.0,2.0,74,74,3,9,7,False,Pass Reception,"(05:31) Shotgun #12 B.Lowry pass complete short left to #1 C.Leary caught at WMU32, for 7 yards to the WMU33 (#3 J.Finley), out of bounds",0.17489164542280466,2025-11-19T02:10:28.000Z
401762864,40176286424,401762864458,16,4,Western Michigan,Mid-American,21,Northern Illinois,Mid-American,13,Northern Illinois,Western Michigan,3,"{'minutes': 4, 'seconds': 42}",2.0,2.0,67,67,4,2,4,False,Punt Return,(04:51) #25 R.Millmore punt 49 yards to the NIU18 #6 D.Rogers return 4 yards to the NIU22 (#1 J.Franklin),,2025-11-19T02:11:15.000Z
401762864,40176286429,401762864603,20,3,Western Michigan,Mid-American,35,Northern Illinois,Mid-American,13,Northern Illinois,Western Michigan,4,"{'minutes': 7, 'seconds': 19}",-3.0,2.0,3,3,0,0,0,False,Timeout,"Timeout Western Michigan, clock 07:19",,2025-11-19T02:47:45.000Z
401762864,40176286429,401762864590,20,1,Western Michigan,Mid-American,28,Northern Illinois,Mid-American,13,Northern Illinois,Western Michigan,4,"{'minutes': 7, 'seconds': 48}",-2.0,2.0,5,5,1,5,4,False,Rush,(07:56) Shotgun #5 D.Miles rush middle for 4 yards gain to the NIU01 (#16 J.Thomas),-0.016571396914132,2025-11-19T02:45:33.000Z
401762864,40176286429,401762864594,20,2,Western Michigan,Mid-American,35,Northern Illinois,Mid-American,13,Northern Illinois,Western Michigan,4,"{'minutes': 7, 'seconds': 19}",-2.0,2.0,1,1,2,1,1,True,Rushing Touchdown,"(07:23) Shotgun #12 B.Lowry rush middle for 1 yard gain to the NIU00 TOUCHDOWN, clock 07:19 #20 P.Domschke kick attempt good (H: #25 R.Millmore, LS: #46 R.Todd)",1.900352237473006,2025-11-19T02:46:06.000Z
401762864,40176286431,401762864601,21,1,Western Michigan,Mid-American,35,Northern Illinois,Mid-American,13,Northern Illinois,Western Michigan,4,"{'minutes': 7, 'seconds': 19}",-3.0,2.0,65,65,1,10,0,False,Kickoff,"(07:19) #31 H.Smith kickoff 65 yards to the NIU00, Touchback",,2025-11-19T02:46:52.000Z
401762864,40176286431,401762864643,21,11,Western Michigan,Mid-American,35,Northern Illinois,Mid-American,13,Northern Illinois,Western Michigan,4,"{'minutes': 4, 'seconds': 31}",-4.0,2.0,61,61,1,10,0,False,Timeout,"Timeout Western Michigan, clock 04:31",,2025-11-19T02:56:39.000Z
401762864,40176286431,401762864605,21,2,Northern Illinois,Mid-American,13,Western Michigan,Mid-American,35,Northern Illinois,Western Michigan,4,"{'minutes': 7, 'seconds': 4}",2.0,-3.0,25,75,1,10,4,False,Pass Reception,"(07:17) No Huddle-Shotgun #2 B.Davidson pass complete short right to #7 G.Givens III caught at NIU29, for 4 yards to the NIU29, End Of Play",-0.1142886249388964,2025-11-19T02:51:32.000Z
401762864,40176286431,401762864610,21,3,Northern Illinois,Mid-American,13,Western Michigan,Mid-American,35,Northern Illinois,Western Michigan,4,"{'minutes': 6, 'seconds': 50}",2.0,-3.0,29,71,2,6,1,False,Rush,(06:55) No Huddle-Shotgun #24 E.Porter rush right for 1 yard gain to the NIU30 (#4 R.McGraw),-0.5448987305935296,2025-11-19T02:51:52.000Z
401762864,40176286431,401762864614,21,4,Northern Illinois,Mid-American,13,Western Michigan,Mid-American,35,Northern Illinois,Western Michigan,4,"{'minutes': 6, 'seconds': 19}",2.0,-3.0,30,70,3,5,0,False,Pass Incompletion,(06:24) No Huddle-Shotgun #2 B.Davidson pass incomplete short right to #7 G.Givens III thrown to NIU38 broken up by #6 J.Pope,-0.3716239049161505,2025-11-19T02:52:27.000Z
401762864,40176286431,401762864617,21,5,Northern Illinois,Mid-American,13,Western Michigan,Mid-American,35,Northern Illinois,Western Michigan,4,"{'minutes': 6, 'seconds': 11}",2.0,-3.0,30,70,4,5,11,False,Rush,"(06:19) No Huddle-Shotgun #2 B.Davidson rush left for 11 yards gain to the NIU41 (#18 M.Davis), out of bounds, 1ST DOWN",2.4495540303714707,2025-11-19T02:52:59.000Z
401762864,40176286431,401762864621,21,6,Northern Illinois,Mid-American,13,Western Michigan,Mid-American,35,Northern Illinois,Western Michigan,4,"{'minutes': 5, 'seconds': 45}",2.0,-3.0,41,59,1,10,0,False,Pass Incompletion,(05:50) No Huddle-Shotgun #2 B.Davidson pass incomplete short left to #24 E.Porter thrown to WMU40,-1.1387859939569847,2025-11-19T02:53:51.000Z
401762864,40176286431,401762864624,21,7,Northern Illinois,Mid-American,13,Western Michigan,Mid-American,35,Northern Illinois,Western Michigan,4,"{'minutes': 5, 'seconds': 32}",2.0,-3.0,41,59,2,10,6,False,Rush,"(05:45) No Huddle-Shotgun #2 B.Davidson rush left for 6 yards gain to the NIU47, End Of Play",0.2959747330734342,2025-11-19T02:54:29.000Z
401762864,40176286431,401762864628,21,8,Northern Illinois,Mid-American,13,Western Michigan,Mid-American,35,Northern Illinois,Western Michigan,4,"{'minutes': 5, 'seconds': 10}",2.0,-3.0,47,53,3,4,0,False,Pass Incompletion,(05:13) No Huddle-Shotgun #2 B.Davidson pass incomplete deep left to #0 L.Bryant thrown to WMU33,-0.9078276011078685,2025-11-19T02:54:59.000Z
401762864,40176286431,401762864631,21,9,Northern Illinois,Mid-American,13,Western Michigan,Mid-American,35,Northern Illinois,Western Michigan,4,"{'minutes': 4, 'seconds': 51}",2.0,-3.0,47,53,4,4,14,False,Pass Reception,"(05:10) No Huddle-Shotgun #2 B.Davidson pass complete short right to #3 R.Taylor Jr. caught at WMU43, for 14 yards to the WMU39 (#5 A.Wofford), 1ST DOWN",3.2692126568582953,2025-11-19T02:55:44.000Z
401762864,40176286431,401762864636,21,10,Northern Illinois,Mid-American,13,Western Michigan,Mid-American,35,Northern Illinois,Western Michigan,4,"{'minutes': 4, 'seconds': 39}",2.0,-3.0,61,39,1,10,21,False,Pass Reception,"(04:43) No Huddle-Shotgun #2 B.Davidson pass complete short left to #3 R.Taylor Jr. caught at WMU22, for 21 yards to the WMU18 (#1 J.Franklin), out of bounds, 1ST DOWN",0.54864584586096,2025-11-19T02:56:05.000Z
401762864,40176286431,401762864641,21,12,Northern Illinois,Mid-American,19,Western Michigan,Mid-American,35,Northern Illinois,Western Michigan,4,"{'minutes': 4, 'seconds': 25}",2.0,-4.0,82,18,1,10,18,True,Passing Touchdown,"(04:28) No Huddle-Shotgun #2 B.Davidson pass complete short left to #3 R.Taylor Jr. caught at WMU00, for 18 yards to the WMU00 TOUCHDOWN, clock 04:25, 1ST DOWN #10 C.Wright pass attempt failed",2.591792709070591,2025-11-19T02:57:41.000Z
401762864,40176286433,401762864650,22,1,Northern Illinois,Mid-American,19,Western Michigan,Mid-American,35,Northern Illinois,Western Michigan,4,"{'minutes': 4, 'seconds': 25}",2.0,-4.0,35,65,1,10,0,False,Kickoff,"(04:25) #60 A.Glass onside kickoff 10 yards to the NIU45, End Of Play",,2025-11-19T02:59:03.000Z
401762864,40176286433,401762864683,22,11,Western Michigan,Mid-American,35,Northern Illinois,Mid-American,19,Northern Illinois,Western Michigan,4,"{'minutes': 2, 'seconds': 0}",-5.0,-1.0,20,20,2,9,0,False,Timeout,"Timeout Western Michigan, clock 02:00",,2025-11-19T03:06:48.000Z
401762864,40176286433,401762864665,22,5,Northern Illinois,Mid-American,19,Western Michigan,Mid-American,35,Northern Illinois,Western Michigan,4,"{'minutes': 4, 'seconds': 11}",0.0,-4.0,39,61,2,4,0,False,Timeout,"Timeout Northern Illinois, clock 04:11",,2025-11-19T03:02:32.000Z
401762864,40176286433,401762864678,22,9,Northern Illinois,Mid-American,19,Western Michigan,Mid-American,35,Northern Illinois,Western Michigan,4,"{'minutes': 2, 'seconds': 33}",-1.0,-4.0,21,79,1,10,0,False,Timeout,"Timeout Northern Illinois, clock 02:33",,2025-11-19T03:05:20.000Z
401762864,40176286433,401762864660,22,3,Northern Illinois,Mid-American,19,Western Michigan,Mid-American,35,Northern Illinois,Western Michigan,4,"{'minutes': 4, 'seconds': 16}",1.0,-4.0,45,55,1,10,0,False,Timeout,"Timeout Northern Illinois, clock 04:16",,2025-11-19T03:01:17.000Z
401762864,40176286433,401762864654,22,2,Western Michigan,Mid-American,35,Northern Illinois,Mid-American,19,Northern Illinois,Western Michigan,4,"{'minutes': 4, 'seconds': 19}",-4.0,2.0,45,45,1,10,6,False,Rush,(04:25) Shotgun #5 D.Miles rush middle for 6 yards gain to the NIU39 (#32 Q.Urwiler),0.3037840163725374,2025-11-19T03:00:58.000Z
401762864,40176286433,401762864658,22,4,Western Michigan,Mid-American,35,Northern Illinois,Mid-American,19,Northern Illinois,Western Michigan,4,"{'minutes': 4, 'seconds': 11}",-4.0,1.0,39,39,2,4,2,False,Rush,(04:14) Shotgun #12 B.Lowry rush right for 2 yards gain to the NIU37 (#17 F.Maciorowski),-0.545179717316147,2025-11-19T03:02:15.000Z
401762864,40176286433,401762864663,22,6,Western Michigan,Mid-American,35,Northern Illinois,Mid-American,19,Northern Illinois,Western Michigan,4,"{'minutes': 4, 'seconds': 5}",-4.0,0.0,37,37,3,2,5,False,Rush,"(04:10) Shotgun #5 D.Miles rush middle for 5 yards gain to the NIU32 (#3 J.Finley), 1ST DOWN",0.8463903604217152,2025-11-19T03:03:25.000Z
401762864,40176286433,401762864668,22,7,Western Michigan,Mid-American,35,Northern Illinois,Mid-American,19,Northern Illinois,Western Michigan,4,"{'minutes': 3, 'seconds': 19}",-4.0,0.0,32,32,1,10,11,False,Rush,"(03:24) Shotgun #24 O.Mataele rush middle for 11 yards gain to the NIU21 (#4 M.Jammeh), 1ST DOWN",0.2392226117934694,2025-11-19T03:04:10.000Z
401762864,40176286433,401762864672,22,8,Western Michigan,Mid-American,35,Northern Illinois,Mid-American,19,Northern Illinois,Western Michigan,4,"{'minutes': 2, 'seconds': 33}",-4.0,0.0,21,21,1,10,1,False,Rush,(02:38) Shotgun #24 O.Mataele rush left for 1 yard gain to the NIU20 (#16 J.Thomas; #22 J.Beeler),-0.299663506721031,2025-11-19T03:04:57.000Z
401762864,40176286433,401762864676,22,10,Western Michigan,Mid-American,35,Northern Illinois,Mid-American,19,Northern Illinois,Western Michigan,4,"{'minutes': 2, 'seconds': 24}",-4.0,-1.0,20,20,2,9,4,False,Rush,(02:32) Shotgun #5 D.Miles rush left for 4 yards gain to the NIU16 (#7 D.Harrison),-0.045422192976763,2025-11-19T03:06:07.000Z
401762864,40176286433,401762864681,22,12,Western Michigan,Mid-American,35,Northern Illinois,Mid-American,19,Northern Illinois,Western Michigan,4,"{'minutes': 1, 'seconds': 55}",-5.0,-1.0,16,16,3,5,8,False,Rush,"(02:00) Shotgun #12 B.Lowry rush middle for 8 yards gain to the NIU08 (#15 B.Windham), 1ST DOWN",0.657782944793595,2025-11-19T03:10:23.000Z
401762864,40176286433,401762864686,22,13,Western Michigan,Mid-American,35,Northern Illinois,Mid-American,19,Northern Illinois,Western Michigan,4,"{'minutes': 1, 'seconds': 13}",-5.0,-1.0,8,8,1,8,-1,False,Rush,(01:17) Kneel down by #12 B.Lowry at NIU09 for loss of 1 yard,-0.42043663451309,2025-11-19T03:11:07.000Z
401762864,40176286433,401762864689,22,14,Western Michigan,Mid-American,35,Northern Illinois,Mid-American,19,Northern Illinois,Western Michigan,4,"{'minutes': 0, 'seconds': 35}",-5.0,-1.0,9,9,2,9,-1,False,Rush,(00:35) Kneel down by #12 B.Lowry at NIU10 for loss of 1 yard,-0.338429523645313,2025-11-19T03:11:49.000Z
401762864,40176286433,401762864694,22,15,Western Michigan,Mid-American,35,Northern Illinois,Mid-American,19,Northern Illinois,Western Michigan,4,"{'minutes': 0, 'seconds': 0}",-5.0,-1.0,9,9,2,9,-1,False,End Period,End of 4th quarter.,-0.338429523645313,2025-11-19T03:12:25.000Z
401762869,4017628692,4017628693,1,1,Western Michigan,Mid-American,0,Eastern Michigan,Mid-American,0,Eastern Michigan,Western Michigan,1,"{'minutes': 14, 'seconds': 52}",3.0,3.0,65,65,1,10,12,False,Kickoff,(15:00) #31 H.Smith kickoff 55 yards to the EMU10 #24 J.Mattord return 12 yards to the EMU22 (#47 D.Moon),,2025-11-26T00:35:52.000Z
401762869,4017628692,40176286914,1,2,Eastern Michigan,Mid-American,0,Western Michigan,Mid-American,0,Eastern Michigan,Western Michigan,1,"{'minutes': 14, 'seconds': 43}",3.0,3.0,22,78,1,10,2,False,Rush,(14:51) Shotgun #28 D.McMillan rush left for 2 yards gain to the EMU24 (#91 M.Tyler),-0.3971084032395771,2025-11-26T00:36:44.000Z
401762869,4017628692,40176286925,1,5,Eastern Michigan,Mid-American,0,Western Michigan,Mid-American,0,Eastern Michigan,Western Michigan,1,"{'minutes': 13, 'seconds': 27}",3.0,3.0,21,79,4,11,4,False,Punt Return,(13:34) #30 M.Tomasek punt 41 yards to the WMU38 #86 B.Bosma return 4 yards to the WMU42 (#9 P.Rooks),,2025-11-26T00:38:46.000Z
401762869,4017628692,40176286918,1,3,Eastern Michigan,Mid-American,0,Western Michigan,Mid-American,0,Eastern Michigan,Western Michigan,1,"{'minutes': 14, 'seconds': 15}",3.0,3.0,24,76,2,8,-3,False,Rush,(14:22) No Huddle-Shotgun #1 N.Kim rush middle for 3 yards loss to the EMU21 (#91 M.Tyler),-0.546892796619808,2025-11-26T00:37:14.000Z
401762869,4017628692,40176286922,1,4,Eastern Michigan,Mid-American,0,Western Michigan,Mid-American,0,Eastern Michigan,Western Michigan,1,"{'minutes': 13, 'seconds': 36}",3.0,3.0,21,79,3,11,0,False,Pass Incompletion,(13:39) No Huddle-Shotgun #1 N.Kim pass incomplete short left to #87 J.Long thrown to EMU38 QB hurried by #0 M.Al-Garawi,-0.10984453001360352,2025-11-26T00:37:56.000Z
401762869,4017628693,40176286935,2,2,Western Michigan,Mid-American,0,Eastern Michigan,Mid-American,0,Eastern Michigan,Western Michigan,1,"{'minutes': 12, 'seconds': 45}",3.0,3.0,56,56,2,8,3,False,Rush,(12:51) Shotgun #12 B.Lowry rush middle for 3 yards gain to the WMU47 (#9 D.Green),-0.3940896815327282,2025-11-26T00:39:59.000Z
401762869,4017628693,40176286951,2,5,Western Michigan,Mid-American,0,Eastern Michigan,Mid-American,0,Eastern Michigan,Western Michigan,1,"{'minutes': 11, 'seconds': 25}",2.0,3.0,49,49,4,1,0,False,Timeout,"Timeout Western Michigan, clock 11:25",,2025-11-26T00:41:44.000Z
401762869,4017628693,40176286931,2,1,Western Michigan,Mid-American,0,Eastern Michigan,Mid-American,0,Eastern Michigan,Western Michigan,1,"{'minutes': 13, 'seconds': 20}",3.0,3.0,58,58,1,10,2,False,Rush,"(13:25) No Huddle-Shotgun #12 B.Lowry rush left for 2 yards gain to the WMU44 (#0 Q.Byas), out of bounds",-0.686234543960909,2025-11-26T00:39:25.000Z
401762869,4017628693,40176286941,2,3,Western Michigan,Mid-American,0,Eastern Michigan,Mid-American,0,Eastern Michigan,Western Michigan,1,"{'minutes': 12, 'seconds': 5}",3.0,3.0,53,53,3,5,4,False,Rush,(12:13) Shotgun #12 B.Lowry rush middle for 4 yards gain to the EMU49 (#5 T.Martin; #9 D.Green),-0.1479376470724087,2025-11-26T00:40:39.000Z
401762869,4017628693,40176286945,2,4,Western Michigan,Mid-American,0,Eastern Michigan,Mid-American,0,Eastern Michigan,Western Michigan,1,"{'minutes': 11, 'seconds': 25}",3.0,3.0,49,49,4,1,0,False,Punt,(11:32) #25 R.Millmore punt 47 yards to the EMU02,,2025-11-26T00:41:18.000Z
401762869,4017628694,40176286973,3,6,Eastern Michigan,Mid-American,0,Western Michigan,Mid-American,0,Eastern Michigan,Western Michigan,1,"{'minutes': 8, 'seconds': 4}",3.0,2.0,62,38,4,1,10,False,Penalty,"(08:04) Shotgun #1 N.Kim pass incomplete deep middle to #81 N.Devereaux thrown to WMU11 broken up by #8 J.Sims PENALTY WMU Holding (#8 J.Sims) 10 yards from WMU38 to WMU28, 1ST DOWN. NO PLAY",,2025-11-26T00:48:38.000Z
401762869,4017628694,40176286969,3,5,Eastern Michigan,Mid-American,0,Western Michigan,Mid-American,0,Eastern Michigan,Western Michigan,1,"{'minutes': 8, 'seconds': 43}",3.0,2.0,61,39,3,2,1,False,Rush,(08:50) Shotgun #8 T.Dunlap rush middle for 1 yard gain to the WMU38 (#0 M.Al-Garawi),-0.879238469928424,2025-11-26T00:47:37.000Z
401762869,4017628694,40176286949,3,1,Eastern Michigan,Mid-American,0,Western Michigan,Mid-American,0,Eastern Michigan,Western Michigan,1,"{'minutes': 11, 'seconds': 18}",3.0,2.0,2,98,1,10,1,False,Rush,(11:22) No Huddle-Shotgun #28 D.McMillan rush middle for 1 yard gain to the EMU03 (#91 M.Tyler),-0.21015051797051676,2025-11-26T00:45:03.000Z
401762869,4017628694,40176286990,3,10,Eastern Michigan,Mid-American,0,Western Michigan,Mid-American,0,Eastern Michigan,Western Michigan,1,"{'minutes': 6, 'seconds': 41}",3.0,2.0,84,16,2,10,5,False,Penalty,PENALTY EMU False Start (#65 N.Gallegos) 5 yards from WMU16 to WMU21. NO PLAY,,2025-11-26T00:51:16.000Z
401762869,4017628694,40176286981,3,8,Eastern Michigan,Mid-American,0,Western Michigan,Mid-American,0,Eastern Michigan,Western Michigan,1,"{'minutes': 7, 'seconds': 8}",3.0,2.0,76,24,2,6,8,False,Pass Reception,"(07:19) No Huddle-Shotgun #1 N.Kim pass complete short left to #7 J.Wheeler caught at WMU15, for 8 yards to the WMU16, out of bounds at WMU16, 1ST DOWN",0.2385363974158776,2025-11-26T00:50:05.000Z
401762869,4017628694,40176286987,3,9,Eastern Michigan,Mid-American,0,Western Michigan,Mid-American,0,Eastern Michigan,Western Michigan,1,"{'minutes': 6, 'seconds': 41}",3.0,2.0,84,16,1,10,0,False,Pass Incompletion,(06:46) No Huddle-Shotgun #1 N.Kim pass incomplete short right to #81 N.Devereaux thrown to WMU00 broken up by #5 A.Wofford,-0.3301132067544156,2025-11-26T00:50:38.000Z
401762869,4017628694,40176286993,3,11,Eastern Michigan,Mid-American,7,Western Michigan,Mid-American,0,Eastern Michigan,Western Michigan,1,"{'minutes': 6, 'seconds': 35}",3.0,2.0,79,21,2,15,21,True,Passing Touchdown,"(06:42) No Huddle-Shotgun #1 N.Kim pass complete short right to #28 D.McMillan caught at WMU26, for 21 yards to the WMU00 TOUCHDOWN, clock 06:35, 1ST DOWN #46 R.Kessinger kick attempt good (H: #30 M.Tomasek, LS: #51 M.Dietzel)",3.309490928396073,2025-11-26T00:51:58.000Z
401762869,4017628694,401762869103,3,12,Eastern Michigan,Mid-American,7,Western Michigan,Mid-American,0,Eastern Michigan,Western Michigan,1,"{'minutes': 6, 'seconds': 35}",2.0,2.0,97,3,0,0,0,False,Timeout,"Timeout Eastern Michigan, clock 06:35",,2025-11-26T00:53:58.000Z
401762869,4017628694,40176286956,3,2,Eastern Michigan,Mid-American,0,Western Michigan,Mid-American,0,Eastern Michigan,Western Michigan,1,"{'minutes': 10, 'seconds': 28}",3.0,2.0,3,97,2,9,50,False,Pass Reception,"(10:40) No Huddle-Shotgun #1 N.Kim pass complete short left to #28 D.McMillan caught at EMU09, for 50 yards to the WMU47 (#3 T.Hallock), 1ST DOWN",3.5721305776048133,2025-11-26T00:45:45.000Z
401762869,4017628694,40176286961,3,3,Eastern Michigan,Mid-American,0,Western Michigan,Mid-American,0,Eastern Michigan,Western Michigan,1,"{'minutes': 10, 'seconds': 3}",3.0,2.0,53,47,1,10,2,False,Rush,(10:08) No Huddle-Shotgun #28 D.McMillan rush right for 2 yards gain to the WMU45 (#9 J.Camden),-0.583582209593514,2025-11-26T00:46:16.000Z
401762869,4017628694,40176286965,3,4,Eastern Michigan,Mid-American,0,Western Michigan,Mid-American,0,Eastern Michigan,Western Michigan,1,"{'minutes': 9, 'seconds': 29}",3.0,2.0,55,45,2,8,6,False,Rush,"(09:33) No Huddle-Shotgun #8 T.Dunlap rush right for 6 yards gain to the WMU39 (#9 J.Camden), out of bounds",0.321360988422098,2025-11-26T00:46:52.000Z
401762869,4017628694,40176286977,3,7,Eastern Michigan,Mid-American,0,Western Michigan,Mid-American,0,Eastern Michigan,Western Michigan,1,"{'minutes': 7, 'seconds': 53}",3.0,2.0,72,28,1,10,4,False,Rush,(07:58) No Huddle-Shotgun #8 T.Dunlap rush middle for 4 yards gain to the WMU24 (#10 S.Saipaia; #3 T.Hallock),-0.043244644569821,2025-11-26T00:49:26.000Z
401762869,4017628696,401762869101,4,1,Eastern Michigan,Mid-American,7,Western Michigan,Mid-American,0,Eastern Michigan,Western Michigan,1,"{'minutes': 6, 'seconds': 30}",2.0,2.0,35,65,1,10,13,False,Kickoff,(06:35) #37 N.Dibert kickoff 62 yards to the WMU03 #5 D.Miles return 13 yards to the WMU16 (#43 M.Eggleston),,2025-11-26T00:56:31.000Z
401762869,4017628696,401762869107,4,2,Western Michigan,Mid-American,0,Eastern Michigan,Mid-American,7,Eastern Michigan,Western Michigan,1,"{'minutes': 6, 'seconds': 22}",2.0,2.0,84,84,1,10,4,False,Rush,(06:27) No Huddle-Shotgun #6 J.Buckley rush middle for 4 yards gain to the WMU20 (#11 Z.Mowchan),-0.0700258805898928,2025-11-26T00:57:13.000Z
401762869,4017628696,401762869129,4,8,Western Michigan,Mid-American,0,Eastern Michigan,Mid-American,7,Eastern Michigan,Western Michigan,1,"{'minutes': 3, 'seconds': 39}",2.0,2.0,63,63,4,6,0,False,Punt,(03:44) #25 R.Millmore punt 48 yards to the EMU15 fair catch by #9 P.Rooks at EMU15,,2025-11-26T01:01:16.000Z
401762869,4017628696,401762869111,4,3,Western Michigan,Mid-American,0,Eastern Michigan,Mid-American,7,Eastern Michigan,Western Michigan,1,"{'minutes': 5, 'seconds': 51}",2.0,2.0,80,80,2,6,4,False,Rush,(05:55) No Huddle-Shotgun #12 B.Lowry rush left for 4 yards gain to the WMU24 (#5 T.Martin; #3 B.Manning),-0.06306212935772405,2025-11-26T00:57:46.000Z
401762869,4017628696,401762869115,4,4,Western Michigan,Mid-American,0,Eastern Michigan,Mid-American,7,Eastern Michigan,Western Michigan,1,"{'minutes': 5, 'seconds': 7}",2.0,2.0,76,76,3,2,9,False,Rush,"(05:12) No Huddle-Shotgun #0 T.Williams rush right for 9 yards gain to the WMU33 (#9 D.Green), 1ST DOWN",1.2834006680101426,2025-11-26T00:58:28.000Z
401762869,4017628696,401762869135,4,9,Western Michigan,Mid-American,0,Eastern Michigan,Mid-American,7,Eastern Michigan,Western Michigan,1,"{'minutes': 3, 'seconds': 39}",1.0,2.0,63,63,4,6,0,False,Timeout,"Timeout Western Michigan, clock 03:39",,2025-11-26T01:01:28.000Z
401762869,4017628696,401762869122,4,6,Western Michigan,Mid-American,0,Eastern Michigan,Mid-American,7,Eastern Michigan,Western Michigan,1,"{'minutes': 4, 'seconds': 23}",2.0,2.0,67,67,2,10,4,False,Rush,(04:29) Shotgun #6 J.Buckley rush right for 4 yards gain to the WMU37 (#11 Z.Mowchan),-0.0997368501943745,2025-11-26T00:59:56.000Z
401762869,4017628696,401762869119,4,5,Western Michigan,Mid-American,0,Eastern Michigan,Mid-American,7,Eastern Michigan,Western Michigan,1,"{'minutes': 4, 'seconds': 31}",2.0,2.0,67,67,1,10,0,False,Pass Incompletion,(04:37) No Huddle-Shotgun #12 B.Lowry pass incomplete deep middle to #18 A.Chenault thrown to EMU21 broken up by #4 J.Salas,-0.956890163923906,2025-11-26T00:59:06.000Z
401762869,4017628696,401762869126,4,7,Western Michigan,Mid-American,0,Eastern Michigan,Mid-American,7,Eastern Michigan,Western Michigan,1,"{'minutes': 3, 'seconds': 47}",2.0,2.0,63,63,3,6,0,False,Pass Incompletion,(03:51) Shotgun #12 B.Lowry pass incomplete deep right to #82 B.Brooks thrown to EMU31,-0.49432104068719435,2025-11-26T01:00:35.000Z
401762869,4017628697,401762869133,5,1,Eastern Michigan,Mid-American,7,Western Michigan,Mid-American,0,Eastern Michigan,Western Michigan,1,"{'minutes': 3, 'seconds': 38}",2.0,1.0,15,85,1,10,7,False,Penalty,(03:38) Shotgun #8 T.Dunlap rush right for 7 yards gain to the EMU22 (#9 J.Camden) PENALTY EMU Holding (#23 H.Mack) 7 yards from EMU15 to EMU08. NO PLAY,,2025-11-26T01:05:36.000Z
401762869,4017628697,401762869148,5,4,Eastern Michigan,Mid-American,7,Western Michigan,Mid-American,0,Eastern Michigan,Western Michigan,1,"{'minutes': 2, 'seconds': 9}",2.0,1.0,32,68,1,10,5,False,Penalty,PENALTY EMU False Start (#65 N.Gallegos) 5 yards from EMU32 to EMU27. NO PLAY,,2025-11-26T01:07:32.000Z
401762869,4017628697,401762869169,5,9,Eastern Michigan,Mid-American,7,Western Michigan,Mid-American,0,Eastern Michigan,Western Michigan,1,"{'minutes': 0, 'seconds': 0}",2.0,1.0,78,22,1,10,3,False,End Period,End of 1st quarter.,-0.126302256434185,2025-11-26T01:10:56.000Z
401762869,4017628697,401762869139,5,2,Eastern Michigan,Mid-American,7,Western Michigan,Mid-American,0,Eastern Michigan,Western Michigan,1,"{'minutes': 3, 'seconds': 1}",2.0,1.0,8,92,1,17,14,False,Pass Reception,"(03:10) Shotgun #1 N.Kim pass complete short left to #23 H.Mack caught at EMU21, for 14 yards to the EMU22 (#6 J.Pope)",1.014760646276228,2025-11-26T01:06:29.000Z
401762869,4017628697,401762869144,5,3,Eastern Michigan,Mid-American,7,Western Michigan,Mid-American,0,Eastern Michigan,Western Michigan,1,"{'minutes': 2, 'seconds': 32}",2.0,1.0,22,78,2,3,10,False,Rush,"(02:40) Shotgun #1 N.Kim rush left for 10 yards gain to the EMU32, out of bounds at EMU32, 1ST DOWN",0.6534500563595458,2025-11-26T01:06:58.000Z
401762869,4017628697,401762869151,5,5,Eastern Michigan,Mid-American,7,Western Michigan,Mid-American,0,Eastern Michigan,Western Michigan,1,"{'minutes': 1, 'seconds': 39}",2.0,1.0,27,73,1,15,-3,False,Rush,(01:45) Shotgun #8 T.Dunlap rush right for 3 yards loss to the EMU24 (#1 J.Franklin),-0.6589120540619646,2025-11-26T01:08:16.000Z
401762869,4017628697,401762869155,5,6,Eastern Michigan,Mid-American,7,Western Michigan,Mid-American,0,Eastern Michigan,Western Michigan,1,"{'minutes': 0, 'seconds': 59}",2.0,1.0,24,76,2,18,0,False,Pass Incompletion,(01:01) Shotgun #1 N.Kim pass incomplete short middle to #23 H.Mack thrown to EMU28,-0.14382637113351035,2025-11-26T01:09:00.000Z
401762869,4017628697,401762869158,5,7,Eastern Michigan,Mid-American,7,Western Michigan,Mid-American,0,Eastern Michigan,Western Michigan,1,"{'minutes': 0, 'seconds': 48}",2.0,1.0,24,76,3,18,54,False,Rush,"(00:59) No Huddle-Shotgun #28 D.McMillan rush middle for 54 yards gain to the WMU22 (#58 T.Lee), out of bounds, 1ST DOWN",4.649121501670632,2025-11-26T01:09:46.000Z
401762869,4017628697,401762869162,5,8,Eastern Michigan,Mid-American,7,Western Michigan,Mid-American,0,Eastern Michigan,Western Michigan,1,"{'minutes': 0, 'seconds': 9}",2.0,1.0,78,22,1,10,3,False,Pass Reception,"(00:17) No Huddle-Shotgun #1 N.Kim pass complete short right to #8 T.Dunlap caught at WMU21, for 3 yards to the WMU19 (#9 J.Camden)",-0.126302256434185,2025-11-26T01:10:32.000Z
401762869,4017628697,401762869173,5,10,Eastern Michigan,Mid-American,7,Western Michigan,Mid-American,0,Eastern Michigan,Western Michigan,2,"{'minutes': 14, 'seconds': 54}",2.0,1.0,81,19,2,7,0,False,Pass Incompletion,(14:54) No Huddle-Shotgun #1 N.Kim pass incomplete short middle to #9 P.Rooks thrown to WMU00,-0.4365443430125836,2025-11-26T01:15:38.000Z
401762869,4017628697,401762869178,5,11,Eastern Michigan,Mid-American,7,Western Michigan,Mid-American,0,Eastern Michigan,Western Michigan,2,"{'minutes': 14, 'seconds': 48}",2.0,1.0,81,19,3,7,0,False,Interception,"(14:53) No Huddle-Shotgun #1 N.Kim pass intercepted by #6 J.Pope at WMU05, End Of Play",-3.7895306339047714,2025-11-26T01:16:21.000Z
401762869,4017628698,401762869213,6,8,Western Michigan,Mid-American,0,Eastern Michigan,Mid-American,7,Eastern Michigan,Western Michigan,2,"{'minutes': 10, 'seconds': 28}",1.0,2.0,58,58,3,3,4,False,Rush,"(10:32) No Huddle-Shotgun #12 B.Lowry rush middle for 4 yards gain to the WMU46 (#90 H.Gonzalez), 1ST DOWN",1.608609213375544,2025-11-26T01:21:58.000Z
401762869,4017628698,401762869245,6,14,Western Michigan,Mid-American,7,Eastern Michigan,Mid-American,7,Eastern Michigan,Western Michigan,2,"{'minutes': 7, 'seconds': 13}",0.0,2.0,3,3,0,0,0,False,Timeout,"Timeout Western Michigan, clock 07:13",,2025-11-26T01:26:29.000Z
401762869,4017628698,401762869204,6,6,Western Michigan,Mid-American,0,Eastern Michigan,Mid-American,7,Eastern Michigan,Western Michigan,2,"{'minutes': 11, 'seconds': 43}",1.0,2.0,56,56,2,1,10,False,Penalty,(11:43) Shotgun #5 D.Miles rush middle for 2 yards gain to the WMU46 (#90 H.Gonzalez) PENALTY WMU Holding (#86 B.Bosma) 10 yards from WMU44 to WMU34. NO PLAY,,2025-11-26T01:20:31.000Z
401762869,4017628698,401762869196,6,4,Western Michigan,Mid-American,0,Eastern Michigan,Mid-American,7,Eastern Michigan,Western Michigan,2,"{'minutes': 12, 'seconds': 52}",1.0,2.0,72,72,2,6,7,False,Rush,"(12:59) Shotgun #12 B.Lowry rush middle for 7 yards gain to the WMU35 (#3 B.Manning; #13 J.Marshall), 1ST DOWN",1.011889073809554,2025-11-26T01:19:02.000Z
401762869,4017628698,401762869200,6,5,Western Michigan,Mid-American,0,Eastern Michigan,Mid-American,7,Eastern Michigan,Western Michigan,2,"{'minutes': 12, 'seconds': 11}",1.0,2.0,65,65,1,10,9,False,Rush,(12:21) Shotgun #5 D.Miles rush right for 9 yards gain to the WMU44 (#13 J.Marshall),1.3846699650971743,2025-11-26T01:19:40.000Z
401762869,4017628698,401762869183,6,1,Western Michigan,Mid-American,0,Eastern Michigan,Mid-American,7,Eastern Michigan,Western Michigan,2,"{'minutes': 14, 'seconds': 40}",1.0,2.0,95,95,1,10,1,False,Rush,(14:47) No Huddle-Shotgun #6 J.Buckley rush right for 1 yard gain to the WMU06 (#6 B.Llewellyn; #33 C.Evans),-0.2366836557094949,2025-11-26T01:17:09.000Z
401762869,4017628698,401762869187,6,2,Western Michigan,Mid-American,0,Eastern Michigan,Mid-American,7,Eastern Michigan,Western Michigan,2,"{'minutes': 14, 'seconds': 6}",1.0,2.0,94,94,2,9,18,False,Pass Reception,"(14:13) Shotgun #12 B.Lowry pass complete short right to #86 B.Bosma caught at WMU07, for 18 yards to the WMU24 (#11 Z.Mowchan), out of bounds, 1ST DOWN",1.009427360328508,2025-11-26T01:17:46.000Z
401762869,4017628698,401762869192,6,3,Western Michigan,Mid-American,0,Eastern Michigan,Mid-American,7,Eastern Michigan,Western Michigan,2,"{'minutes': 13, 'seconds': 30}",1.0,2.0,76,76,1,10,4,False,Rush,(13:36) Shotgun #5 D.Miles rush left for 4 yards gain to the WMU28 (#99 W.Tayou),-0.1089877410850981,2025-11-26T01:18:25.000Z
401762869,4017628698,401762869209,6,7,Western Michigan,Mid-American,0,Eastern Michigan,Mid-American,7,Eastern Michigan,Western Michigan,2,"{'minutes': 11, 'seconds': 7}",1.0,2.0,66,66,2,11,8,False,Rush,(11:11) No Huddle-Shotgun #6 J.Buckley rush left for 8 yards gain to the WMU42 (#8 J.Norman; #3 B.Manning),0.6246117407679891,2025-11-26T01:21:20.000Z
401762869,4017628698,401762869217,6,9,Western Michigan,Mid-American,0,Eastern Michigan,Mid-American,7,Eastern Michigan,Western Michigan,2,"{'minutes': 9, 'seconds': 49}",1.0,2.0,54,54,1,10,8,False,Pass Reception,"(09:57) Shotgun #12 B.Lowry pass complete short left to #6 J.Buckley caught at WMU50, for 8 yards to the EMU46 (#44 M.Patierno)",0.9228976525664996,2025-11-26T01:22:35.000Z
401762869,4017628698,401762869224,6,10,Western Michigan,Mid-American,0,Eastern Michigan,Mid-American,7,Eastern Michigan,Western Michigan,2,"{'minutes': 9, 'seconds': 14}",1.0,2.0,46,46,2,2,1,False,Rush,(09:23) Shotgun #5 D.Miles rush middle for 1 yard gain to the EMU45 (#9 D.Green),-0.972383110738507,2025-11-26T01:23:09.000Z
401762869,4017628698,401762869228,6,11,Western Michigan,Mid-American,0,Eastern Michigan,Mid-American,7,Eastern Michigan,Western Michigan,2,"{'minutes': 8, 'seconds': 31}",1.0,2.0,45,45,3,1,7,False,Rush,"(08:37) Shotgun #12 B.Lowry rush right for 7 yards gain to the EMU38 (#91 R.Gardner), 1ST DOWN",1.1397903472720274,2025-11-26T01:23:56.000Z
401762869,4017628698,401762869232,6,12,Western Michigan,Mid-American,0,Eastern Michigan,Mid-American,7,Eastern Michigan,Western Michigan,2,"{'minutes': 7, 'seconds': 56}",1.0,2.0,38,38,1,10,2,False,Rush,(08:01) Shotgun #12 B.Lowry rush middle for 2 yards gain to the EMU36 (#5 T.Martin; #40 B.Eliuk),-0.4188055231076804,2025-11-26T01:24:31.000Z
401762869,4017628698,401762869236,6,13,Western Michigan,Mid-American,7,Eastern Michigan,Mid-American,7,Eastern Michigan,Western Michigan,2,"{'minutes': 7, 'seconds': 13}",1.0,2.0,36,36,2,8,36,True,Rushing Touchdown,"(07:20) Shotgun #0 T.Williams rush left for 36 yards gain to the EMU00 TOUCHDOWN, clock 07:13, 1ST DOWN #20 P.Domschke kick attempt good (H: #25 R.Millmore, LS: #46 R.Todd)",3.5133981716928684,2025-11-26T01:25:13.000Z
401762869,40176286910,401762869243,7,1,Western Michigan,Mid-American,7,Eastern Michigan,Mid-American,7,Eastern Michigan,Western Michigan,2,"{'minutes': 7, 'seconds': 13}",0.0,2.0,65,65,1,10,0,False,Kickoff,(07:13) #31 H.Smith kickoff 62 yards to the EMU03 fair catch by #27 J.Norman at EMU03,,2025-11-26T01:26:02.000Z
401762869,40176286910,401762869249,7,2,Western Michigan,Mid-American,7,Eastern Michigan,Mid-American,7,Eastern Michigan,Western Michigan,2,"{'minutes': 7, 'seconds': 13}",-1.0,2.0,65,65,0,0,0,False,Timeout,"Timeout Western Michigan, clock 07:13",,2025-11-26T01:30:12.000Z
401762869,40176286910,401762869264,7,6,Eastern Michigan,Mid-American,7,Western Michigan,Mid-American,7,Eastern Michigan,Western Michigan,2,"{'minutes': 5, 'seconds': 7}",2.0,-1.0,81,19,1,10,-1,False,Rush,(05:11) Shotgun #8 T.Dunlap rush middle for 1 yard loss to the WMU20 (#4 R.McGraw),-0.445785871283439,2025-11-26T01:35:39.000Z
401762869,40176286910,401762869247,7,3,Eastern Michigan,Mid-American,7,Western Michigan,Mid-American,7,Eastern Michigan,Western Michigan,2,"{'minutes': 7, 'seconds': 7}",2.0,-1.0,25,75,1,10,2,False,Rush,(07:12) Shotgun #28 D.McMillan rush middle for 2 yards gain to the EMU27 (#4 R.McGraw),-0.45260367932203766,2025-11-26T01:33:38.000Z
401762869,40176286910,401762869252,7,4,Eastern Michigan,Mid-American,7,Western Michigan,Mid-American,7,Eastern Michigan,Western Michigan,2,"{'minutes': 6, 'seconds': 28}",2.0,-1.0,27,73,2,8,6,False,Pass Reception,"(06:40) No Huddle-Shotgun #1 N.Kim pass complete short right to #17 B.Prosper caught at EMU34, for 6 yards to the EMU33 (#1 J.Franklin)",0.23301622469642863,2025-11-26T01:34:10.000Z
401762869,40176286910,401762869257,7,5,Eastern Michigan,Mid-American,7,Western Michigan,Mid-American,7,Eastern Michigan,Western Michigan,2,"{'minutes': 5, 'seconds': 43}",2.0,-1.0,33,67,3,2,48,False,Pass Reception,"(05:53) Shotgun #1 N.Kim pass complete short left to #28 D.McMillan caught at EMU33, for 48 yards to the WMU19 (#12 D.Moore), out of bounds, 1ST DOWN",3.6928949457094076,2025-11-26T01:34:58.000Z
401762869,40176286910,401762869284,7,9,Eastern Michigan,Mid-American,7,Western Michigan,Mid-American,7,Eastern Michigan,Western Michigan,2,"{'minutes': 3, 'seconds': 37}",1.0,-1.0,89,11,3,2,0,False,Timeout,"Timeout Eastern Michigan, clock 03:37",,2025-11-26T01:39:16.000Z
401762869,40176286910,401762869268,7,7,Eastern Michigan,Mid-American,7,Western Michigan,Mid-American,7,Eastern Michigan,Western Michigan,2,"{'minutes': 4, 'seconds': 15}",2.0,-1.0,80,20,2,11,9,False,Pass Reception,"(04:25) Shotgun #1 N.Kim pass complete short middle to #23 H.Mack caught at WMU15, for 9 yards to the WMU11 (#1 J.Franklin)",0.394118508059897,2025-11-26T01:36:27.000Z
401762869,40176286910,401762869273,7,8,Eastern Michigan,Mid-American,7,Western Michigan,Mid-American,7,Eastern Michigan,Western Michigan,2,"{'minutes': 3, 'seconds': 37}",2.0,-1.0,89,11,3,2,20,False,Fumble Recovery (Opponent),(03:47) No Huddle-Shotgun #1 N.Kim rush right for 1 yard gain (-19) to the WMU10 fumbled by #1 N.Kim at WMU08 forced by #3 T.Hallock recovered by WMU #14 J.Peters at WMU10 #14 J.Peters return 20 yards to the WMU45 (#81 N.Devereaux) PENALTY WMU Sideline Inteference 5 yards from WMU30 to WMU25,-4.343885008138935,2025-11-26T01:37:11.000Z
401762869,40176286911,401762869282,8,1,Western Michigan,Mid-American,7,Eastern Michigan,Mid-American,7,Eastern Michigan,Western Michigan,2,"{'minutes': 3, 'seconds': 31}",-1.0,1.0,75,75,1,10,3,False,Rush,"(03:35) Shotgun #12 B.Lowry rush left for 3 yards gain to the WMU28, out of bounds at WMU28",-0.2957674139440157,2025-11-26T01:41:39.000Z
401762869,40176286911,401762869288,8,2,Western Michigan,Mid-American,7,Eastern Michigan,Mid-American,7,Eastern Michigan,Western Michigan,2,"{'minutes': 2, 'seconds': 57}",-1.0,1.0,72,72,2,7,25,False,Rush,"(03:04) Shotgun #6 J.Buckley rush middle for 25 yards gain to the EMU47 (#6 B.Llewellyn), 1ST DOWN",2.7603202923989074,2025-11-26T01:42:16.000Z
401762869,40176286911,401762869294,8,3,Western Michigan,Mid-American,7,Eastern Michigan,Mid-American,7,Eastern Michigan,Western Michigan,2,"{'minutes': 2, 'seconds': 19}",-1.0,1.0,47,47,1,10,-5,False,Rush,"(02:24) No Huddle-Shotgun #1 C.Leary rush left for 5 yards loss to the WMU48 (#11 Z.Mowchan), out of bounds",-2.1614278606981636,2025-11-26T01:42:55.000Z
401762869,40176286911,401762869300,8,4,Western Michigan,Mid-American,7,Eastern Michigan,Mid-American,7,Eastern Michigan,Western Michigan,2,"{'minutes': 2, 'seconds': 0}",-2.0,1.0,47,47,1,10,0,False,Timeout,"Timeout Western Michigan, clock 02:00",,2025-11-26T01:43:27.000Z
401762869,40176286911,401762869298,8,5,Western Michigan,Mid-American,7,Eastern Michigan,Mid-American,7,Eastern Michigan,Western Michigan,2,"{'minutes': 1, 'seconds': 54}",-2.0,1.0,52,52,2,15,19,False,Pass Reception,"(01:58) No Huddle-Shotgun #12 B.Lowry pass complete short left to #2 M.Brescia caught at EMU39, for 19 yards to the EMU33 (#6 B.Llewellyn), 1ST DOWN",2.8715553284626054,2025-11-26T01:47:36.000Z
401762869,40176286911,401762869304,8,6,Western Michigan,Mid-American,14,Eastern Michigan,Mid-American,7,Eastern Michigan,Western Michigan,2,"{'minutes': 1, 'seconds': 31}",-2.0,1.0,33,33,1,10,33,True,Rushing Touchdown,"(01:36) No Huddle-Shotgun #12 B.Lowry rush left for 33 yards gain to the EMU00 TOUCHDOWN, clock 01:31, 1ST DOWN #20 P.Domschke kick attempt good (H: #25 R.Millmore, LS: #46 R.Todd)",2.903074773501988,2025-11-26T01:48:09.000Z
401762869,40176286913,401762869311,9,1,Western Michigan,Mid-American,14,Eastern Michigan,Mid-American,7,Eastern Michigan,Western Michigan,2,"{'minutes': 1, 'seconds': 31}",-2.0,1.0,65,65,1,10,0,False,Kickoff,(01:31) #31 H.Smith kickoff 64 yards to the EMU01 fair catch by #27 J.Norman at EMU01,,2025-11-26T01:49:01.000Z
401762869,40176286913,401762869314,9,2,Eastern Michigan,Mid-American,7,Western Michigan,Mid-American,14,Eastern Michigan,Western Michigan,2,"{'minutes': 1, 'seconds': 27}",1.0,-2.0,25,75,1,10,0,False,Pass Incompletion,(01:30) Shotgun #1 N.Kim pass incomplete short right to #23 H.Mack thrown to EMU36,-0.7029700220436519,2025-11-26T01:51:01.000Z
401762869,40176286913,401762869322,9,4,Western Michigan,Mid-American,14,Eastern Michigan,Mid-American,7,Eastern Michigan,Western Michigan,2,"{'minutes': 1, 'seconds': 22}",-3.0,1.0,25,25,2,10,0,False,Timeout,"Timeout Western Michigan, clock 01:22",,2025-11-26T01:52:25.000Z
401762869,40176286913,401762869320,9,5,Eastern Michigan,Mid-American,7,Western Michigan,Mid-American,14,Eastern Michigan,Western Michigan,2,"{'minutes': 1, 'seconds': 16}",1.0,-3.0,25,75,3,10,6,False,Pass Reception,"(01:21) Shotgun #1 N.Kim pass complete short right to #81 N.Devereaux caught at EMU30, for 6 yards to the EMU31 (#5 A.Wofford)",0.07764099545890613,2025-11-26T01:53:26.000Z
401762869,40176286913,401762869328,9,6,Western Michigan,Mid-American,14,Eastern Michigan,Mid-American,7,Eastern Michigan,Western Michigan,2,"{'minutes': 1, 'seconds': 16}",-4.0,1.0,25,25,3,10,0,False,Timeout,"Timeout Western Michigan, clock 01:16",,2025-11-26T01:53:39.000Z
401762869,40176286913,401762869326,9,7,Eastern Michigan,Mid-American,7,Western Michigan,Mid-American,14,Eastern Michigan,Western Michigan,2,"{'minutes': 1, 'seconds': 10}",1.0,-4.0,31,69,4,4,0,False,Punt,(01:13) #30 M.Tomasek punt 47 yards to the WMU22 fair catch by #86 B.Bosma at WMU22,,2025-11-26T01:54:28.000Z
401762869,40176286913,401762869317,9,3,Eastern Michigan,Mid-American,7,Western Michigan,Mid-American,14,Eastern Michigan,Western Michigan,2,"{'minutes': 1, 'seconds': 22}",1.0,-2.0,25,75,2,10,0,False,Pass Incompletion,(01:26) Shotgun #1 N.Kim pass incomplete short left thrown to EMU40,-0.34710487712173865,2025-11-26T01:51:48.000Z
401762869,40176286914,401762869331,10,1,Western Michigan,Mid-American,14,Eastern Michigan,Mid-American,7,Eastern Michigan,Western Michigan,2,"{'minutes': 1, 'seconds': 3}",-4.0,1.0,78,78,1,10,9,False,Rush,(01:08) No Huddle-Shotgun #12 B.Lowry rush middle for 9 yards gain to the WMU31 (#11 Z.Mowchan),1.1712262567502512,2025-11-26T01:55:13.000Z
401762869,40176286914,401762869335,10,2,Western Michigan,Mid-American,14,Eastern Michigan,Mid-American,7,Eastern Michigan,Western Michigan,2,"{'minutes': 0, 'seconds': 48}",-4.0,1.0,69,69,2,1,5,False,Rush,"(00:49) No Huddle-Shotgun #6 J.Buckley rush middle for 5 yards gain to the WMU36 (#64 N.Patterson), 1ST DOWN",-0.04643406218446,2025-11-26T01:55:34.000Z
401762869,40176286914,401762869339,10,3,Western Michigan,Mid-American,14,Eastern Michigan,Mid-American,7,Eastern Michigan,Western Michigan,2,"{'minutes': 0, 'seconds': 36}",-4.0,1.0,64,64,1,10,22,False,Pass Reception,"(00:42) No Huddle-Shotgun #12 B.Lowry pass complete short right to #82 B.Brooks caught at WMU50, for 22 yards to the EMU42 (#11 Z.Mowchan), 1ST DOWN",1.852257136203207,2025-11-26T01:55:52.000Z
401762869,40176286914,401762869353,10,6,Western Michigan,Mid-American,14,Eastern Michigan,Mid-American,7,Eastern Michigan,Western Michigan,2,"{'minutes': 0, 'seconds': 20}",-5.0,1.0,42,42,2,10,0,False,Timeout,"Timeout Western Michigan, clock 00:20",,2025-11-26T01:57:14.000Z
401762869,40176286914,401762869344,10,4,Western Michigan,Mid-American,14,Eastern Michigan,Mid-American,7,Eastern Michigan,Western Michigan,2,"{'minutes': 0, 'seconds': 27}",-4.0,1.0,42,42,1,10,0,False,Pass Incompletion,(00:31) No Huddle-Shotgun #12 B.Lowry pass incomplete short right to #82 B.Brooks thrown to EMU34,-0.908489395271188,2025-11-26T01:56:14.000Z
401762869,40176286914,401762869347,10,5,Western Michigan,Mid-American,14,Eastern Michigan,Mid-American,7,Eastern Michigan,Western Michigan,2,"{'minutes': 0, 'seconds': 20}",-4.0,1.0,42,42,2,10,8,False,Rush,(00:26) No Huddle-Shotgun #12 B.Lowry rush middle for 8 yards gain to the EMU34 (#6 B.Llewellyn; #13 J.Marshall),0.698922149234113,2025-11-26T01:56:53.000Z
401762869,40176286914,401762869351,10,7,Western Michigan,Mid-American,14,Eastern Michigan,Mid-American,7,Eastern Michigan,Western Michigan,2,"{'minutes': 0, 'seconds': 14}",-5.0,1.0,34,34,3,2,8,False,Rush,"(00:19) No Huddle-Shotgun #0 T.Williams rush left for 8 yards gain to the EMU26 (#13 J.Marshall), out of bounds, 1ST DOWN",0.7845005952010184,2025-11-26T01:58:03.000Z
401762869,40176286914,401762869356,10,8,Western Michigan,Mid-American,14,Eastern Michigan,Mid-American,7,Eastern Michigan,Western Michigan,2,"{'minutes': 0, 'seconds': 11}",-5.0,1.0,26,26,1,10,0,False,Pass Incompletion,"(00:11) No Huddle-Shotgun #12 B.Lowry pass incomplete, Spike",-0.4710467974920665,2025-11-26T01:58:50.000Z
401762869,40176286914,401762869359,10,9,Western Michigan,Mid-American,14,Eastern Michigan,Mid-American,7,Eastern Michigan,Western Michigan,2,"{'minutes': 0, 'seconds': 6}",-5.0,1.0,26,26,2,10,0,False,Pass Incompletion,(00:10) No Huddle-Shotgun #12 B.Lowry pass incomplete deep left to #18 A.Chenault thrown to EMU00,-0.6385710457423314,2025-11-26T01:59:04.000Z
401762869,40176286914,401762869362,10,10,Western Michigan,Mid-American,17,Eastern Michigan,Mid-American,7,Eastern Michigan,Western Michigan,2,"{'minutes': 0, 'seconds': 2}",-5.0,1.0,26,26,3,10,44,True,Field Goal Good,"(00:04) #20 P.Domschke field goal attempt from 44 yards GOOD (H: #25 R.Millmore, LS: #46 R.Todd), clock 00:02",,2025-11-26T01:59:50.000Z
401762869,40176286916,401762869372,11,2,Western Michigan,Mid-American,17,Eastern Michigan,Mid-American,7,Eastern Michigan,Western Michigan,2,"{'minutes': 0, 'seconds': 0}",-5.0,1.0,65,65,0,0,0,False,End Period,End of 2nd quarter.,,2025-11-26T02:01:29.000Z
401762869,40176286916,401762869365,11,1,Western Michigan,Mid-American,17,Eastern Michigan,Mid-American,7,Eastern Michigan,Western Michigan,2,"{'minutes': 0, 'seconds': 2}",-5.0,1.0,65,65,1,10,1,False,Kickoff,(00:02) #31 H.Smith kickoff 44 yards to the EMU21 #27 J.Norman return 1 yard to the EMU22 (#7 I.Paul),,2025-11-26T02:01:06.000Z
401762869,40176286917,401762869393,12,4,Western Michigan,Mid-American,17,Eastern Michigan,Mid-American,7,Eastern Michigan,Western Michigan,3,"{'minutes': 13, 'seconds': 30}",3.0,3.0,57,57,1,10,-9,False,Sack,(13:37) Shotgun #12 B.Lowry sacked for loss of 9 yards to the WMU34 (#9 D.Green),-2.4636018485244264,2025-11-26T02:24:20.000Z
401762869,40176286917,401762869377,12,1,Eastern Michigan,Mid-American,7,Western Michigan,Mid-American,17,Eastern Michigan,Western Michigan,3,"{'minutes': 14, 'seconds': 54}",3.0,3.0,35,65,1,10,26,False,Kickoff,(15:00) #37 N.Dibert kickoff 60 yards to the WMU05 #5 D.Miles return 26 yards to the WMU31 (#8 J.Norman),,2025-11-26T02:22:14.000Z
401762869,40176286917,401762869384,12,2,Western Michigan,Mid-American,17,Eastern Michigan,Mid-American,7,Eastern Michigan,Western Michigan,3,"{'minutes': 14, 'seconds': 46}",3.0,3.0,69,69,1,10,2,False,Rush,(14:52) No Huddle-Shotgun #6 J.Buckley rush middle for 2 yards gain to the WMU33 (#9 D.Green; #11 Z.Mowchan),-0.5660789348414365,2025-11-26T02:23:03.000Z
401762869,40176286917,401762869404,12,7,Western Michigan,Mid-American,17,Eastern Michigan,Mid-American,7,Eastern Michigan,Western Michigan,3,"{'minutes': 11, 'seconds': 58}",3.0,3.0,54,54,4,7,0,False,Punt,(12:03) #25 R.Millmore punt 39 yards to the EMU15 fair catch by #9 P.Rooks at EMU15,,2025-11-26T02:26:27.000Z
401762869,40176286917,401762869388,12,3,Western Michigan,Mid-American,17,Eastern Michigan,Mid-American,7,Eastern Michigan,Western Michigan,3,"{'minutes': 14, 'seconds': 1}",3.0,3.0,67,67,2,8,10,False,Pass Reception,"(14:18) No Huddle-Shotgun #12 B.Lowry pass complete short right to #86 B.Bosma caught at WMU43, for 10 yards to the WMU43 QB hurried by #6 B.Llewellyn, End Of Play, 1ST DOWN",1.7080532424451595,2025-11-26T02:23:39.000Z
401762869,40176286917,401762869397,12,5,Western Michigan,Mid-American,17,Eastern Michigan,Mid-American,7,Eastern Michigan,Western Michigan,3,"{'minutes': 12, 'seconds': 43}",3.0,3.0,66,66,2,19,12,False,Rush,(12:50) Shotgun #12 B.Lowry rush middle for 12 yards gain to the WMU46 (#11 Z.Mowchan; #3 B.Manning),0.9539816522002731,2025-11-26T02:25:04.000Z
401762869,40176286917,401762869401,12,6,Western Michigan,Mid-American,17,Eastern Michigan,Mid-American,7,Eastern Michigan,Western Michigan,3,"{'minutes': 12, 'seconds': 4}",3.0,3.0,54,54,3,7,0,False,Pass Incompletion,(12:08) Shotgun #12 B.Lowry pass incomplete short right to #0 T.Williams thrown to EMU45,-0.7163343855796525,2025-11-26T02:25:47.000Z
401762869,40176286918,401762869408,13,1,Eastern Michigan,Mid-American,7,Western Michigan,Mid-American,17,Eastern Michigan,Western Michigan,3,"{'minutes': 11, 'seconds': 40}",3.0,3.0,15,85,1,10,11,False,Pass Reception,"(11:56) Shotgun #1 N.Kim pass complete short middle to #23 H.Mack caught at EMU18, for 11 yards to the EMU26 (#18 M.Davis), 1ST DOWN",0.6141852374142438,2025-11-26T02:27:15.000Z
401762869,40176286918,401762869413,13,2,Eastern Michigan,Mid-American,7,Western Michigan,Mid-American,17,Eastern Michigan,Western Michigan,3,"{'minutes': 11, 'seconds': 5}",3.0,3.0,26,74,1,10,11,False,Rush,"(11:12) Shotgun #28 D.McMillan rush left for 11 yards gain to the EMU37 (#18 M.Davis; #5 A.Wofford), 1ST DOWN",0.9562655188832156,2025-11-26T02:28:00.000Z
401762869,40176286918,401762869417,13,3,Eastern Michigan,Mid-American,7,Western Michigan,Mid-American,17,Eastern Michigan,Western Michigan,3,"{'minutes': 10, 'seconds': 23}",3.0,3.0,37,63,1,10,0,False,Sack,"(10:32) Shotgun #1 N.Kim sacked for loss of 14 yards to the EMU23 (#11 N.Tucker), fumble by #1 N.Kim recovered by WMU #91 M.Tyler at EMU23, End Of Play. The previous play is under automatic review - ""Forward pass"". CALL UPHELD",-1.065701080215459,2025-11-26T02:28:42.000Z
401762869,40176286919,401762869443,14,4,Western Michigan,Mid-American,17,Eastern Michigan,Mid-American,7,Eastern Michigan,Western Michigan,3,"{'minutes': 8, 'seconds': 19}",3.0,3.0,9,9,2,9,8,False,Rush,"(08:27) Shotgun #18 A.Chenault rush left for 8 yards gain to the EMU01 (#22 T.Deener; #1 J.Scott), out of bounds",0.286037974033232,2025-11-26T02:32:52.000Z
401762869,40176286919,401762869456,14,6,Western Michigan,Mid-American,24,Eastern Michigan,Mid-American,7,Eastern Michigan,Western Michigan,3,"{'minutes': 7, 'seconds': 31}",2.0,3.0,3,3,0,0,0,False,Timeout,"Timeout Western Michigan, clock 07:31",,2025-11-26T02:34:35.000Z
401762869,40176286919,401762869429,14,1,Western Michigan,Mid-American,17,Eastern Michigan,Mid-American,7,Eastern Michigan,Western Michigan,3,"{'minutes': 10, 'seconds': 17}",3.0,3.0,23,23,1,10,3,False,Rush,(10:22) Shotgun #6 J.Buckley rush middle for 3 yards gain to the EMU20 (#3 B.Manning),-0.1308110107399085,2025-11-26T02:30:55.000Z
401762869,40176286919,401762869433,14,2,Western Michigan,Mid-American,17,Eastern Michigan,Mid-American,7,Eastern Michigan,Western Michigan,3,"{'minutes': 9, 'seconds': 35}",3.0,3.0,20,20,2,7,13,False,Pass Reception,"(09:47) Shotgun #12 B.Lowry pass complete short right to #17 M.Dieudonne caught at EMU08, for 13 yards to the EMU07, End Of Play, 1ST DOWN",0.598034058483926,2025-11-26T02:31:31.000Z
401762869,40176286919,401762869439,14,3,Western Michigan,Mid-American,17,Eastern Michigan,Mid-American,7,Eastern Michigan,Western Michigan,3,"{'minutes': 9, 'seconds': 0}",3.0,3.0,7,7,1,7,-2,False,Rush,(09:05) Shotgun #12 B.Lowry rush left for 2 yards loss to the EMU09 (#6 B.Llewellyn; #33 C.Evans),-0.543281572885571,2025-11-26T02:32:11.000Z
401762869,40176286919,401762869447,14,5,Western Michigan,Mid-American,24,Eastern Michigan,Mid-American,7,Eastern Michigan,Western Michigan,3,"{'minutes': 7, 'seconds': 31}",3.0,3.0,1,1,3,1,1,True,Rushing Touchdown,"(07:38) Shotgun #12 B.Lowry rush right for 1 yard gain to the EMU00 TOUCHDOWN, clock 07:31 #20 P.Domschke kick attempt good (H: #25 R.Millmore, LS: #46 R.Todd)",2.45399822917955,2025-11-26T02:33:45.000Z
401762869,40176286921,401762869454,15,1,Western Michigan,Mid-American,24,Eastern Michigan,Mid-American,7,Eastern Michigan,Western Michigan,3,"{'minutes': 7, 'seconds': 31}",2.0,3.0,65,65,1,10,0,False,Kickoff,"(07:31) #31 H.Smith kickoff 65 yards to the EMU00, Touchback",,2025-11-26T02:34:30.000Z
401762869,40176286921,401762869460,15,2,Western Michigan,Mid-American,24,Eastern Michigan,Mid-American,7,Eastern Michigan,Western Michigan,3,"{'minutes': 7, 'seconds': 31}",1.0,3.0,65,65,0,0,0,False,Timeout,"Timeout Western Michigan, clock 07:31",,2025-11-26T02:38:29.000Z
401762869,40176286921,401762869463,15,4,Eastern Michigan,Mid-American,7,Western Michigan,Mid-American,24,Eastern Michigan,Western Michigan,3,"{'minutes': 6, 'seconds': 57}",3.0,1.0,28,72,2,7,15,False,Penalty,"(06:57) Shotgun #1 N.Kim pass incomplete deep right to #9 P.Rooks thrown to WMU48 broken up by #8 J.Sims PENALTY WMU Pass Interference (#8 J.Sims) 15 yards from EMU28 to EMU43, 1ST DOWN. NO PLAY",,2025-11-26T02:42:57.000Z
401762869,40176286921,401762869458,15,3,Eastern Michigan,Mid-American,7,Western Michigan,Mid-American,24,Eastern Michigan,Western Michigan,3,"{'minutes': 7, 'seconds': 23}",3.0,1.0,25,75,1,10,3,False,Rush,(07:29) Shotgun #28 D.McMillan rush middle for 3 yards gain to the EMU28 (#3 T.Hallock),-0.2957674139440157,2025-11-26T02:41:59.000Z
401762869,40176286921,401762869467,15,5,Eastern Michigan,Mid-American,7,Western Michigan,Mid-American,24,Eastern Michigan,Western Michigan,3,"{'minutes': 6, 'seconds': 39}",3.0,1.0,43,57,1,10,4,False,Pass Reception,"(06:51) Shotgun #1 N.Kim pass complete short left to #7 J.Wheeler caught at EMU47, for 4 yards to the EMU47, End Of Play",-0.1651640993405828,2025-11-26T02:43:40.000Z
401762869,40176286921,401762869472,15,6,Eastern Michigan,Mid-American,7,Western Michigan,Mid-American,24,Eastern Michigan,Western Michigan,3,"{'minutes': 6, 'seconds': 4}",3.0,1.0,47,53,2,6,0,False,Pass Incompletion,(06:10) Shotgun #1 N.Kim pass incomplete short right thrown to WMU35 QB hurried by #58 T.Lee and #4 R.McGraw,-1.1418158508365952,2025-11-26T02:44:26.000Z
401762869,40176286921,401762869475,15,7,Eastern Michigan,Mid-American,7,Western Michigan,Mid-American,24,Eastern Michigan,Western Michigan,3,"{'minutes': 6, 'seconds': 3}",3.0,1.0,47,53,3,6,3,False,Pass Interception Return,"(06:03) Shotgun #1 N.Kim pass intercepted by #5 A.Wofford at WMU48 broken up by #1 J.Franklin #5 A.Wofford return 3 yards to the EMU49, End Of Play",-1.2277033523114955,2025-11-26T02:45:47.000Z
401762869,40176286922,401762869498,16,5,Western Michigan,Mid-American,24,Eastern Michigan,Mid-American,7,Eastern Michigan,Western Michigan,3,"{'minutes': 3, 'seconds': 20}",1.0,3.0,16,16,1,10,0,False,Pass Incompletion,(03:23) No Huddle-Shotgun #12 B.Lowry pass incomplete short left to #7 M.Hrabowski thrown to EMU15,-0.3301132067544156,2025-11-26T02:48:33.000Z
401762869,40176286922,401762869501,16,6,Western Michigan,Mid-American,24,Eastern Michigan,Mid-American,7,Eastern Michigan,Western Michigan,3,"{'minutes': 3, 'seconds': 14}",1.0,3.0,16,16,2,10,0,False,Pass Incompletion,(03:18) No Huddle-Shotgun #12 B.Lowry pass incomplete short left to #18 A.Chenault thrown to EMU00,-0.380857143240037,2025-11-26T02:49:17.000Z
401762869,40176286922,401762869508,16,8,Western Michigan,Mid-American,31,Eastern Michigan,Mid-American,7,Eastern Michigan,Western Michigan,3,"{'minutes': 2, 'seconds': 31}",1.0,3.0,4,4,1,4,4,True,Rushing Touchdown,"(02:31) No Huddle-Shotgun #6 J.Buckley rush middle for 4 yards gain to the EMU00 TOUCHDOWN, clock 02:31 #20 P.Domschke kick attempt good (H: #25 R.Millmore, LS: #46 R.Todd)",1.688190518713975,2025-11-26T02:50:47.000Z
401762869,40176286922,401762869517,16,9,Western Michigan,Mid-American,31,Eastern Michigan,Mid-American,7,Eastern Michigan,Western Michigan,3,"{'minutes': 2, 'seconds': 31}",0.0,3.0,3,3,0,0,0,False,Timeout,"Timeout Western Michigan, clock 02:31",,2025-11-26T02:51:30.000Z
401762869,40176286922,401762869482,16,1,Western Michigan,Mid-American,24,Eastern Michigan,Mid-American,7,Eastern Michigan,Western Michigan,3,"{'minutes': 5, 'seconds': 47}",1.0,3.0,49,49,1,10,5,False,Rush,(05:53) No Huddle-Shotgun #5 D.Miles rush left for 5 yards gain to the EMU44 (#16 C.Coley),0.1003706527461523,2025-11-26T02:46:02.000Z
401762869,40176286922,401762869486,16,2,Western Michigan,Mid-American,24,Eastern Michigan,Mid-American,7,Eastern Michigan,Western Michigan,3,"{'minutes': 5, 'seconds': 16}",1.0,3.0,44,44,2,5,14,False,Rush,"(05:22) No Huddle-Shotgun #1 C.Leary rush right for 14 yards gain to the EMU30 (#8 J.Norman; #6 B.Llewellyn), 1ST DOWN",0.847716765968325,2025-11-26T02:46:32.000Z
401762869,40176286922,401762869490,16,3,Western Michigan,Mid-American,24,Eastern Michigan,Mid-American,7,Eastern Michigan,Western Michigan,3,"{'minutes': 4, 'seconds': 30}",1.0,3.0,30,30,1,10,2,False,Rush,(04:41) No Huddle-Shotgun #5 D.Miles rush middle for 2 yards gain to the EMU28 (#9 D.Green; #5 T.Martin),-0.2971979359772446,2025-11-26T02:47:14.000Z
401762869,40176286922,401762869494,16,4,Western Michigan,Mid-American,24,Eastern Michigan,Mid-American,7,Eastern Michigan,Western Michigan,3,"{'minutes': 3, 'seconds': 55}",1.0,3.0,28,28,2,8,12,False,Rush,"(04:05) No Huddle-Shotgun #0 T.Williams rush left for 12 yards gain to the EMU16 (#11 Z.Mowchan; #33 C.Evans), 1ST DOWN",0.5427183476076411,2025-11-26T02:47:49.000Z
401762869,40176286922,401762869504,16,7,Western Michigan,Mid-American,24,Eastern Michigan,Mid-American,7,Eastern Michigan,Western Michigan,3,"{'minutes': 3, 'seconds': 6}",1.0,3.0,16,16,3,10,12,False,Rush,"(03:13) No Huddle-Shotgun #1 C.Leary rush right for 12 yards gain to the EMU04 (#4 J.Salas), out of bounds, 1ST DOWN",1.591502552572852,2025-11-26T02:50:00.000Z
401762869,40176286924,401762869551,17,8,Eastern Michigan,Mid-American,7,Western Michigan,Mid-American,31,Eastern Michigan,Western Michigan,3,"{'minutes': 0, 'seconds': 0}",3.0,0.0,56,44,1,10,0,False,End Period,End of 3rd quarter.,-0.9690270974076257,2025-11-26T03:01:31.000Z
401762869,40176286924,401762869515,17,1,Western Michigan,Mid-American,31,Eastern Michigan,Mid-American,7,Eastern Michigan,Western Michigan,3,"{'minutes': 2, 'seconds': 24}",0.0,3.0,65,65,1,10,16,False,Kickoff,(02:31) #31 H.Smith kickoff 65 yards to the EMU00 #27 J.Norman return 22 yards to the EMU22 (#37 G.Welch; #9 J.Camden) PENALTY EMU Holding (#7 J.Wheeler) 8 yards from EMU16 to EMU08,,2025-11-26T02:55:33.000Z
401762869,40176286924,401762869555,17,9,Eastern Michigan,Mid-American,7,Western Michigan,Mid-American,31,Eastern Michigan,Western Michigan,4,"{'minutes': 15, 'seconds': 0}",3.0,0.0,56,44,2,10,5,False,Penalty,PENALTY EMU False Start (#50 O.Snively) 5 yards from WMU44 to WMU49. NO PLAY,,2025-11-26T03:05:46.000Z
401762869,40176286924,401762869571,17,12,Eastern Michigan,Mid-American,7,Western Michigan,Mid-American,31,Eastern Michigan,Western Michigan,4,"{'minutes': 13, 'seconds': 41}",3.0,0.0,64,36,4,2,15,False,Penalty,"(13:41) No Huddle-Shotgun #1 N.Kim pass incomplete deep right to #81 N.Devereaux thrown to WMU12 broken up by #5 A.Wofford PENALTY WMU Pass Interference (#5 A.Wofford) 15 yards from WMU36 to WMU21, 1ST DOWN. NO PLAY",,2025-11-26T03:07:59.000Z
401762869,40176286924,401762869575,17,13,Eastern Michigan,Mid-American,7,Western Michigan,Mid-American,31,Eastern Michigan,Western Michigan,4,"{'minutes': 13, 'seconds': 22}",3.0,0.0,79,21,1,10,20,False,Pass Reception,"(13:35) No Huddle-Shotgun #1 N.Kim pass complete deep left to #7 J.Wheeler caught at WMU01, for 20 yards to the WMU01 (#8 J.Sims), 1ST DOWN",1.69427553867505,2025-11-26T03:08:46.000Z
401762869,40176286924,401762869583,17,14,Eastern Michigan,Mid-American,7,Western Michigan,Mid-American,31,Eastern Michigan,Western Michigan,4,"{'minutes': 12, 'seconds': 58}",3.0,0.0,99,1,1,1,0,False,Rush,(13:02) No Huddle-Shotgun #28 D.McMillan rush middle for 0 yards to the WMU01 (#0 M.Al-Garawi),-0.962330962352563,2025-11-26T03:10:03.000Z
401762869,40176286924,401762869597,17,16,Eastern Michigan,Mid-American,13,Western Michigan,Mid-American,31,Eastern Michigan,Western Michigan,4,"{'minutes': 12, 'seconds': 14}",2.0,0.0,97,3,0,0,0,False,Timeout,"Timeout Eastern Michigan, clock 12:14",,2025-11-26T03:11:52.000Z
401762869,40176286924,401762869522,17,2,Eastern Michigan,Mid-American,7,Western Michigan,Mid-American,31,Eastern Michigan,Western Michigan,3,"{'minutes': 2, 'seconds': 17}",3.0,0.0,8,92,1,10,9,False,Rush,(02:24) Shotgun #8 T.Dunlap rush right for 9 yards gain to the EMU17 (#47 D.Moon; #18 M.Davis),0.7799338036495964,2025-11-26T02:56:40.000Z
401762869,40176286924,401762869526,17,3,Eastern Michigan,Mid-American,7,Western Michigan,Mid-American,31,Eastern Michigan,Western Michigan,3,"{'minutes': 1, 'seconds': 48}",3.0,0.0,17,83,2,1,11,False,Rush,"(01:56) No Huddle-Shotgun #8 T.Dunlap rush middle for 11 yards gain to the EMU28 (#12 D.Moore), 1ST DOWN",0.2131387582753579,2025-11-26T02:57:06.000Z
401762869,40176286924,401762869530,17,4,Eastern Michigan,Mid-American,7,Western Michigan,Mid-American,31,Eastern Michigan,Western Michigan,3,"{'minutes': 1, 'seconds': 31}",3.0,0.0,28,72,1,10,9,False,Pass Reception,"(01:38) No Huddle-Shotgun #1 N.Kim pass complete short left to #7 J.Wheeler caught at EMU36, for 9 yards to the EMU37 (#5 A.Wofford), out of bounds",1.3191287933513696,2025-11-26T02:57:25.000Z
401762869,40176286924,401762869535,17,5,Eastern Michigan,Mid-American,7,Western Michigan,Mid-American,31,Eastern Michigan,Western Michigan,3,"{'minutes': 0, 'seconds': 55}",3.0,0.0,37,63,2,1,2,False,Rush,"(01:02) Shotgun #8 T.Dunlap rush middle for 2 yards gain to the EMU39 (#47 D.Moon), 1ST DOWN",-0.3185121175501833,2025-11-26T03:00:09.000Z
401762869,40176286924,401762869541,17,6,Eastern Michigan,Mid-American,7,Western Michigan,Mid-American,31,Eastern Michigan,Western Michigan,3,"{'minutes': 0, 'seconds': 23}",3.0,0.0,39,61,1,10,17,False,Pass Reception,"(00:32) Shotgun #1 N.Kim pass complete short right to #23 H.Mack caught at EMU49, for 17 yards to the WMU44 (#3 T.Hallock; #18 M.Davis), 1ST DOWN",1.4421336789548447,2025-11-26T03:00:38.000Z
401762869,40176286924,401762869546,17,7,Eastern Michigan,Mid-American,7,Western Michigan,Mid-American,31,Eastern Michigan,Western Michigan,3,"{'minutes': 0, 'seconds': 4}",3.0,0.0,56,44,1,10,0,False,Pass Incompletion,(00:04) No Huddle-Shotgun #1 N.Kim pass incomplete short right thrown to WMU36 QB hurried by #11 N.Tucker,-0.9690270974076257,2025-11-26T03:01:09.000Z
401762869,40176286924,401762869560,17,10,Eastern Michigan,Mid-American,7,Western Michigan,Mid-American,31,Eastern Michigan,Western Michigan,4,"{'minutes': 14, 'seconds': 51}",3.0,0.0,51,49,2,15,13,False,Pass Reception,"(14:59) No Huddle-Shotgun #1 N.Kim pass complete short left to #23 H.Mack caught at WMU38, for 13 yards to the WMU36 (#5 A.Wofford; #1 J.Franklin)",1.8577847677224162,2025-11-26T03:06:24.000Z
401762869,40176286924,401762869565,17,11,Eastern Michigan,Mid-American,7,Western Michigan,Mid-American,31,Eastern Michigan,Western Michigan,4,"{'minutes': 14, 'seconds': 21}",3.0,0.0,64,36,3,2,0,False,Rush,(14:27) No Huddle-Shotgun #28 D.McMillan rush middle for 0 yards to the WMU36 (#4 R.McGraw),-1.059090613294249,2025-11-26T03:06:57.000Z
401762869,40176286924,401762869587,17,15,Eastern Michigan,Mid-American,13,Western Michigan,Mid-American,31,Eastern Michigan,Western Michigan,4,"{'minutes': 12, 'seconds': 14}",3.0,0.0,99,1,2,1,1,True,Passing Touchdown,"(12:17) No Huddle-Shotgun #1 N.Kim pass complete short left to #81 N.Devereaux caught at WMU00, for 1 yard to the WMU00 TOUCHDOWN, clock 12:14 #1 N.Kim pass attempt failed",1.900352237473006,2025-11-26T03:10:49.000Z
401762869,40176286926,401762869595,18,1,Eastern Michigan,Mid-American,13,Western Michigan,Mid-American,31,Eastern Michigan,Western Michigan,4,"{'minutes': 12, 'seconds': 14}",2.0,0.0,35,65,1,10,0,False,Kickoff,"(12:14) #37 N.Dibert kickoff 44 yards to the WMU21, out of bounds at WMU21",,2025-11-26T03:11:47.000Z
401762869,40176286926,401762869615,18,5,Western Michigan,Mid-American,31,Eastern Michigan,Mid-American,13,Eastern Michigan,Western Michigan,4,"{'minutes': 10, 'seconds': 4}",0.0,2.0,59,59,4,4,0,False,Punt,(10:09) #25 R.Millmore punt 39 yards to the EMU20 fair catch by #9 P.Rooks at EMU20,,2025-11-26T03:18:15.000Z
401762869,40176286926,401762869601,18,2,Western Michigan,Mid-American,31,Eastern Michigan,Mid-American,13,Eastern Michigan,Western Michigan,4,"{'minutes': 12, 'seconds': 4}",0.0,2.0,65,65,1,10,3,False,Rush,(12:12) No Huddle-Shotgun #6 J.Buckley rush middle for 3 yards gain to the WMU38 (#34 R.Hester; #0 Q.Byas),-0.4062307312880424,2025-11-26T03:16:06.000Z
401762869,40176286926,401762869607,18,3,Western Michigan,Mid-American,31,Eastern Michigan,Mid-American,13,Eastern Michigan,Western Michigan,4,"{'minutes': 11, 'seconds': 24}",0.0,2.0,62,62,2,7,1,False,Rush,(11:29) No Huddle-Shotgun #6 J.Buckley rush right for 1 yard gain to the WMU39 (#5 T.Martin; #9 D.Green),-0.7187453143439937,2025-11-26T03:16:49.000Z
401762869,40176286926,401762869611,18,4,Western Michigan,Mid-American,31,Eastern Michigan,Mid-American,13,Eastern Michigan,Western Michigan,4,"{'minutes': 10, 'seconds': 39}",0.0,2.0,61,61,3,6,2,False,Rush,"(10:42) No Huddle-Shotgun #0 T.Williams rush right for 2 yards gain to the WMU41 (#6 B.Llewellyn), out of bounds",-0.3582779831434886,2025-11-26T03:17:35.000Z
401762869,40176286926,401762869621,18,6,Western Michigan,Mid-American,31,Eastern Michigan,Mid-American,13,Eastern Michigan,Western Michigan,4,"{'minutes': 10, 'seconds': 4}",-1.0,2.0,59,59,4,4,0,False,Timeout,"Timeout Western Michigan, clock 10:04",,2025-11-26T03:18:30.000Z
401762869,40176286927,401762869619,19,1,Eastern Michigan,Mid-American,13,Western Michigan,Mid-American,31,Eastern Michigan,Western Michigan,4,"{'minutes': 10, 'seconds': 0}",2.0,-1.0,20,80,1,10,0,False,Pass Incompletion,(10:04) Shotgun #1 N.Kim pass incomplete short left to #8 T.Dunlap thrown to EMU21,-0.5586693796725282,2025-11-26T03:21:58.000Z
401762869,40176286927,401762869623,19,2,Eastern Michigan,Mid-American,13,Western Michigan,Mid-American,31,Eastern Michigan,Western Michigan,4,"{'minutes': 9, 'seconds': 50}",2.0,-1.0,20,80,2,10,11,False,Pass Reception,"(09:59) Shotgun #1 N.Kim pass complete short middle to #9 P.Rooks caught at EMU31, for 11 yards to the EMU31 (#5 A.Wofford), 1ST DOWN",1.3374361701625812,2025-11-26T03:22:37.000Z
401762869,40176286927,401762869628,19,3,Eastern Michigan,Mid-American,13,Western Michigan,Mid-American,31,Eastern Michigan,Western Michigan,4,"{'minutes': 9, 'seconds': 28}",2.0,-1.0,31,69,1,10,28,False,Pass Reception,"(09:39) No Huddle-Shotgun #1 N.Kim pass complete deep left to #7 J.Wheeler caught at WMU47, for 28 yards to the WMU41 (#5 A.Wofford), 1ST DOWN",2.3667713792185303,2025-11-26T03:22:57.000Z
401762869,40176286927,401762869633,19,4,Eastern Michigan,Mid-American,13,Western Michigan,Mid-American,31,Eastern Michigan,Western Michigan,4,"{'minutes': 9, 'seconds': 13}",2.0,-1.0,59,41,1,10,0,False,Pass Incompletion,(09:15) No Huddle-Shotgun #1 N.Kim pass incomplete short middle to #23 H.Mack thrown to WMU39 QB hurried by #10 S.Saipaia,-0.8772679222659558,2025-11-26T03:23:21.000Z
401762869,40176286927,401762869638,19,5,Eastern Michigan,Mid-American,13,Western Michigan,Mid-American,31,Eastern Michigan,Western Michigan,4,"{'minutes': 8, 'seconds': 59}",2.0,-1.0,59,41,2,10,-8,False,Pass Reception,"(09:13) No Huddle-Shotgun #1 N.Kim pass complete short right to #8 T.Dunlap caught at WMU48, for 8 yards loss to the WMU49 QB hurried by #11 N.Tucker (#5 A.Wofford)",-2.470540175912733,2025-11-26T03:24:04.000Z
401762869,40176286927,401762869643,19,6,Eastern Michigan,Mid-American,13,Western Michigan,Mid-American,31,Eastern Michigan,Western Michigan,4,"{'minutes': 8, 'seconds': 12}",2.0,-1.0,51,49,3,18,22,False,Pass Interception Return,(08:23) No Huddle-Shotgun #1 N.Kim pass intercepted by #10 S.Saipaia at WMU41 #10 S.Saipaia return 22 yards to the EMU37 (#23 H.Mack; #79 E.Small),-0.4116722759247917,2025-11-26T03:25:03.000Z
401762869,40176286927,401762869651,19,7,Eastern Michigan,Mid-American,13,Western Michigan,Mid-American,31,Eastern Michigan,Western Michigan,4,"{'minutes': 8, 'seconds': 12}",1.0,-1.0,51,49,3,18,0,False,Timeout,"Timeout Eastern Michigan, clock 08:12",,2025-11-26T03:25:45.000Z
401762869,40176286928,401762869658,20,3,Western Michigan,Mid-American,31,Eastern Michigan,Mid-American,13,Eastern Michigan,Western Michigan,4,"{'minutes': 6, 'seconds': 41}",-1.0,1.0,34,34,3,7,25,False,Penalty,"(06:41) Shotgun #12 B.Lowry pass complete short right to #86 B.Bosma caught at EMU33, for 10 yards to the EMU24 (#40 B.Eliuk) PENALTY WMU Personal Foul (#18 A.Chenault) 15 yards from EMU24 to EMU39",,2025-11-26T03:30:37.000Z
401762869,40176286928,401762869649,20,1,Western Michigan,Mid-American,31,Eastern Michigan,Mid-American,13,Eastern Michigan,Western Michigan,4,"{'minutes': 8, 'seconds': 3}",-1.0,1.0,37,37,1,10,4,False,Rush,(08:09) Shotgun #6 J.Buckley rush middle for 4 yards gain to the EMU33 (#0 Q.Byas),-0.0758857249965158,2025-11-26T03:28:45.000Z
401762869,40176286928,401762869654,20,2,Western Michigan,Mid-American,31,Eastern Michigan,Mid-American,13,Eastern Michigan,Western Michigan,4,"{'minutes': 7, 'seconds': 12}",-1.0,1.0,33,33,2,6,-1,False,Rush,(07:25) Shotgun #6 J.Buckley rush middle for 1 yard loss to the EMU34 (#40 B.Eliuk; #99 W.Tayou),-1.0031450227389962,2025-11-26T03:29:29.000Z
401762869,40176286928,401762869666,20,4,Western Michigan,Mid-American,31,Eastern Michigan,Mid-American,13,Eastern Michigan,Western Michigan,4,"{'minutes': 6, 'seconds': 9}",-1.0,1.0,39,39,3,12,5,False,Penalty,PENALTY WMU False Start (#62 R.Anderson) 5 yards from EMU39 to EMU44. NO PLAY,,2025-11-26T03:31:29.000Z
401762869,40176286928,401762869673,20,7,Western Michigan,Mid-American,31,Eastern Michigan,Mid-American,13,Eastern Michigan,Western Michigan,4,"{'minutes': 5, 'seconds': 36}",-1.0,0.0,44,44,4,17,0,False,Punt,(05:41) #25 R.Millmore punt 36 yards to the EMU08 fair catch by #9 P.Rooks at EMU08,,2025-11-26T03:33:28.000Z
401762869,40176286928,401762869675,20,5,Eastern Michigan,Mid-American,13,Western Michigan,Mid-American,31,Eastern Michigan,Western Michigan,4,"{'minutes': 5, 'seconds': 42}",0.0,-1.0,44,56,3,17,0,False,Timeout,"Timeout Eastern Michigan, clock 05:42",,2025-11-26T03:32:43.000Z
401762869,40176286928,401762869669,20,6,Western Michigan,Mid-American,31,Eastern Michigan,Mid-American,13,Eastern Michigan,Western Michigan,4,"{'minutes': 5, 'seconds': 41}",-1.0,0.0,44,44,3,17,0,False,Rush,(05:45) Shotgun #6 J.Buckley rush middle for 0 yards to the EMU44 (#88 R.Hardin; #11 Z.Mowchan),-0.6142782952649659,2025-11-26T03:32:10.000Z
401762869,40176286929,401762869703,21,7,Western Michigan,Mid-American,31,Eastern Michigan,Mid-American,13,Eastern Michigan,Western Michigan,4,"{'minutes': 4, 'seconds': 10}",-2.0,0.0,56,56,1,10,0,False,Timeout,"Timeout Western Michigan, clock 04:10",,2025-11-26T03:37:23.000Z
401762869,40176286929,401762869714,21,10,Western Michigan,Mid-American,31,Eastern Michigan,Mid-American,13,Eastern Michigan,Western Michigan,4,"{'minutes': 3, 'seconds': 24}",-3.0,0.0,59,59,3,7,0,False,Timeout,"Timeout Western Michigan, clock 03:24",,2025-11-26T03:39:19.000Z
401762869,40176286929,401762869715,21,11,Eastern Michigan,Mid-American,13,Western Michigan,Mid-American,31,Eastern Michigan,Western Michigan,4,"{'minutes': 3, 'seconds': 24}",-1.0,-3.0,59,41,3,7,0,False,Timeout,"Timeout Eastern Michigan, clock 03:24",,2025-11-26T03:40:17.000Z
401762869,40176286929,401762869722,21,14,Eastern Michigan,Mid-American,21,Western Michigan,Mid-American,31,Eastern Michigan,Western Michigan,4,"{'minutes': 2, 'seconds': 28}",-1.0,-3.0,80,20,2,10,20,True,Rushing Touchdown,"(02:31) Shotgun #28 D.McMillan rush middle for 20 yards gain to the WMU00 TOUCHDOWN, clock 02:28, 1ST DOWN #87 J.Long pass attempt Successful",2.992733515264014,2025-11-26T03:42:51.000Z
401762869,40176286929,401762869678,21,1,Eastern Michigan,Mid-American,13,Western Michigan,Mid-American,31,Eastern Michigan,Western Michigan,4,"{'minutes': 5, 'seconds': 32}",0.0,-1.0,8,92,1,10,0,False,Pass Incompletion,(05:35) No Huddle-Shotgun #1 N.Kim pass incomplete short right to #6 Z.Griffin thrown to EMU24 QB hurried by #1 J.Franklin,-0.31971922650399254,2025-11-26T03:34:27.000Z
401762869,40176286929,401762869681,21,2,Eastern Michigan,Mid-American,13,Western Michigan,Mid-American,31,Eastern Michigan,Western Michigan,4,"{'minutes': 5, 'seconds': 21}",0.0,-1.0,8,92,2,10,7,False,Pass Reception,"(05:31) No Huddle-Shotgun #1 N.Kim pass complete short right to #28 D.McMillan caught at EMU04, for 7 yards to the EMU15 (#3 T.Hallock)",0.15553741808693378,2025-11-26T03:35:02.000Z
401762869,40176286929,401762869686,21,3,Eastern Michigan,Mid-American,13,Western Michigan,Mid-American,31,Eastern Michigan,Western Michigan,4,"{'minutes': 5, 'seconds': 4}",0.0,-1.0,15,85,3,3,16,False,Rush,"(05:10) No Huddle-Shotgun #28 D.McMillan rush middle for 16 yards gain to the EMU31 (#18 M.Davis), 1ST DOWN",1.4055960774930156,2025-11-26T03:35:23.000Z
401762869,40176286929,401762869690,21,4,Eastern Michigan,Mid-American,13,Western Michigan,Mid-American,31,Eastern Michigan,Western Michigan,4,"{'minutes': 4, 'seconds': 41}",0.0,-1.0,31,69,1,10,0,False,Pass Incompletion,(04:43) No Huddle-Shotgun #1 N.Kim pass incomplete short right thrown to EMU33 QB hurried by #4 R.McGraw,-0.8947814664467213,2025-11-26T03:35:53.000Z
401762869,40176286929,401762869693,21,5,Eastern Michigan,Mid-American,13,Western Michigan,Mid-American,31,Eastern Michigan,Western Michigan,4,"{'minutes': 4, 'seconds': 31}",0.0,-1.0,31,69,2,10,25,False,Pass Reception,"(04:41) No Huddle-Shotgun #1 N.Kim pass complete short left to #9 P.Rooks caught at EMU43, for 25 yards to the WMU44 (#6 J.Pope; #18 M.Davis), 1ST DOWN",3.0891901140517497,2025-11-26T03:36:34.000Z
401762869,40176286929,401762869698,21,6,Eastern Michigan,Mid-American,13,Western Michigan,Mid-American,31,Eastern Michigan,Western Michigan,4,"{'minutes': 4, 'seconds': 10}",0.0,-1.0,56,44,1,10,0,False,Pass Incompletion,(04:13) No Huddle-Shotgun #1 N.Kim pass incomplete short right to #6 Z.Griffin thrown to WMU33,-0.9690270974076257,2025-11-26T03:37:00.000Z
401762869,40176286929,401762869701,21,8,Eastern Michigan,Mid-American,13,Western Michigan,Mid-American,31,Eastern Michigan,Western Michigan,4,"{'minutes': 3, 'seconds': 57}",0.0,-2.0,56,44,2,10,3,False,Pass Reception,"(04:09) Shotgun #1 N.Kim pass complete short middle to #7 J.Wheeler caught at WMU39, for 3 yards to the WMU41 (#3 T.Hallock)",-0.3893073610567245,2025-11-26T03:38:18.000Z
401762869,40176286929,401762869707,21,9,Eastern Michigan,Mid-American,13,Western Michigan,Mid-American,31,Eastern Michigan,Western Michigan,4,"{'minutes': 3, 'seconds': 24}",0.0,-2.0,59,41,3,7,5,False,Pass Reception,"(03:35) Shotgun #1 N.Kim pass complete short middle to #87 J.Long caught at WMU36, for 5 yards to the WMU36 (#6 J.Pope)",0.0684637602899245,2025-11-26T03:38:51.000Z
401762869,40176286929,401762869712,21,12,Eastern Michigan,Mid-American,13,Western Michigan,Mid-American,31,Eastern Michigan,Western Michigan,4,"{'minutes': 3, 'seconds': 0}",-1.0,-3.0,64,36,4,2,16,False,Pass Reception,"(03:10) Shotgun #1 N.Kim pass complete short left to #87 J.Long caught at WMU26, for 16 yards to the WMU20 QB hurried by #11 N.Tucker (#9 J.Camden), 1ST DOWN",2.084825326652748,2025-11-26T03:41:29.000Z
401762869,40176286929,401762869719,21,13,Eastern Michigan,Mid-American,13,Western Michigan,Mid-American,31,Eastern Michigan,Western Michigan,4,"{'minutes': 2, 'seconds': 33}",-1.0,-3.0,80,20,1,10,0,False,Pass Incompletion,(02:38) Shotgun #1 N.Kim pass incomplete short to #28 D.McMillan thrown to WMU30 QB hurried by #11 N.Tucker and #20 K.Fisher,-0.374805786232315,2025-11-26T03:42:03.000Z
401762869,40176286931,401762869731,22,1,Eastern Michigan,Mid-American,21,Western Michigan,Mid-American,31,Eastern Michigan,Western Michigan,4,"{'minutes': 2, 'seconds': 26}",-1.0,-3.0,35,65,1,10,0,False,Kickoff,(02:28) #37 N.Dibert onside kickoff 11 yards to the EMU46 #86 B.Bosma return 0 yards to the EMU42 (#26 S.Bell),,2025-11-26T03:46:04.000Z
401762869,40176286931,401762869742,22,3,Eastern Michigan,Mid-American,21,Western Michigan,Mid-American,31,Eastern Michigan,Western Michigan,4,"{'minutes': 2, 'seconds': 21}",-2.0,-3.0,42,58,1,10,0,False,Timeout,"Timeout Eastern Michigan, clock 02:21",,2025-11-26T03:46:59.000Z
401762869,40176286931,401762869747,22,5,Western Michigan,Mid-American,31,Eastern Michigan,Mid-American,21,Eastern Michigan,Western Michigan,4,"{'minutes': 2, 'seconds': 0}",-4.0,-2.0,37,37,2,5,0,False,Timeout,"Timeout Western Michigan, clock 02:00",,2025-11-26T03:47:49.000Z
401762869,40176286931,401762869752,22,7,Western Michigan,Mid-American,31,Eastern Michigan,Mid-American,21,Eastern Michigan,Western Michigan,4,"{'minutes': 1, 'seconds': 13}",-5.0,-2.0,35,35,3,3,0,False,Timeout,"Timeout Western Michigan, clock 01:13",,2025-11-26T03:52:17.000Z
401762869,40176286931,401762869760,22,10,Western Michigan,Mid-American,31,Eastern Michigan,Mid-American,21,Eastern Michigan,Western Michigan,4,"{'minutes': 0, 'seconds': 0}",-5.0,-2.0,31,31,1,10,-1,False,End of Game,End of 4th quarter.,,2025-11-26T03:54:24.000Z
401762869,40176286931,401762869736,22,2,Western Michigan,Mid-American,31,Eastern Michigan,Mid-American,21,Eastern Michigan,Western Michigan,4,"{'minutes': 2, 'seconds': 21}",-3.0,-1.0,42,42,1,10,5,False,Rush,(02:24) No Huddle-Shotgun #6 J.Buckley rush middle for 5 yards gain to the EMU37 (#91 R.Gardner; #44 M.Patierno),0.0899665338824123,2025-11-26T03:46:26.000Z
401762869,40176286931,401762869740,22,4,Western Michigan,Mid-American,31,Eastern Michigan,Mid-American,21,Eastern Michigan,Western Michigan,4,"{'minutes': 2, 'seconds': 11}",-3.0,-2.0,37,37,2,5,2,False,Rush,(02:21) No Huddle-Shotgun #6 J.Buckley rush middle for 2 yards gain to the EMU35 (#90 H.Gonzalez; #6 B.Llewellyn),-0.5043021433521488,2025-11-26T03:47:24.000Z
401762869,40176286931,401762869745,22,6,Western Michigan,Mid-American,31,Eastern Michigan,Mid-American,21,Eastern Michigan,Western Michigan,4,"{'minutes': 1, 'seconds': 53}",-4.0,-2.0,35,35,3,3,2,False,Rush,(01:59) Shotgun #12 B.Lowry rush middle for 2 yards gain to the EMU33 (#40 B.Eliuk),-0.57452138045816,2025-11-26T03:51:22.000Z
401762869,40176286931,401762869750,22,8,Western Michigan,Mid-American,31,Eastern Michigan,Mid-American,21,Eastern Michigan,Western Michigan,4,"{'minutes': 1, 'seconds': 8}",-5.0,-2.0,33,33,4,1,2,False,Rush,"(01:09) Shotgun #12 B.Lowry rush right for 2 yards gain to the EMU31 (#91 R.Gardner; #6 B.Llewellyn), 1ST DOWN",1.4418462914270724,2025-11-26T03:53:06.000Z
401762869,40176286931,401762869755,22,9,Western Michigan,Mid-American,31,Eastern Michigan,Mid-American,21,Eastern Michigan,Western Michigan,4,"{'minutes': 0, 'seconds': 36}",-5.0,-2.0,31,31,1,10,-1,False,Rush,(00:36) Kneel down by #12 B.Lowry at EMU32 for loss of 1 yard,-0.7303141396785955,2025-11-26T03:53:47.000Z
401777329,4017773292,4017773293,1,1,Miami (OH),Mid-American,0,Western Michigan,Mid-American,0,Western Michigan,Miami (OH),1,"{'minutes': 15, 'seconds': 0}",3.0,3.0,65,65,1,10,0,False,Kickoff,"(15:00) #38 K.McLaughlin kickoff 65 yards to the WMU00, Touchback",,2025-12-06T17:06:55.000Z
401777329,4017773292,40177732912,1,2,Western Michigan,Mid-American,0,Miami (OH),Mid-American,0,Western Michigan,Miami (OH),1,"{'minutes': 14, 'seconds': 53}",3.0,3.0,25,75,1,10,0,False,Rush,(14:59) Shotgun #12 B.Lowry rush middle for 0 yards to the WMU25 (#20 A.Trick; #94 J.Lukusa),-0.7029700220436519,2025-12-06T17:11:30.000Z
401777329,4017773292,40177732916,1,3,Western Michigan,Mid-American,0,Miami (OH),Mid-American,0,Western Michigan,Miami (OH),1,"{'minutes': 14, 'seconds': 15}",3.0,3.0,25,75,2,10,8,False,Rush,(14:20) Shotgun #12 B.Lowry rush right for 8 yards gain to the WMU33 (#17 K.Martin; #29 S.Walters),0.4833825674180429,2025-12-06T17:12:09.000Z
401777329,4017773292,40177732920,1,4,Western Michigan,Mid-American,7,Miami (OH),Mid-American,0,Western Michigan,Miami (OH),1,"{'minutes': 13, 'seconds': 33}",3.0,3.0,33,67,3,2,67,True,Rushing Touchdown,"(13:42) Shotgun #6 J.Buckley rush middle for 67 yards gain to the MIA00 TOUCHDOWN, clock 13:33, 1ST DOWN #20 P.Domschke kick attempt good (H: #25 R.Millmore, LS: #46 R.Todd)",6.2973425743469305,2025-12-06T17:12:47.000Z
401777329,4017773294,40177732927,2,1,Western Michigan,Mid-American,7,Miami (OH),Mid-American,0,Western Michigan,Miami (OH),1,"{'minutes': 13, 'seconds': 33}",3.0,3.0,35,65,1,10,0,False,Kickoff,"(13:33) #31 H.Smith kickoff 65 yards to the MIA00, Touchback",,2025-12-06T17:13:38.000Z
401777329,4017773294,40177732957,2,6,Miami (OH),Mid-American,0,Western Michigan,Mid-American,7,Western Michigan,Miami (OH),1,"{'minutes': 11, 'seconds': 45}",3.0,3.0,3,3,3,3,2,False,Penalty,"(11:45) Shotgun #13 T.Gotkowski pass incomplete short left to #8 K.Perry thrown to WMU00 PENALTY WMU Roughing The Passer (#0 M.Al-Garawi) 2 yards from WMU03 to WMU01, 1ST DOWN. NO PLAY",,2025-12-06T17:21:10.000Z
401777329,4017773294,40177732972,2,8,Miami (OH),Mid-American,6,Western Michigan,Mid-American,7,Western Michigan,Miami (OH),1,"{'minutes': 11, 'seconds': 40}",2.0,3.0,3,3,0,0,0,False,Timeout,"Timeout Miami (OH), clock 11:40",,2025-12-06T17:23:33.000Z
401777329,4017773294,40177732930,2,2,Miami (OH),Mid-American,0,Western Michigan,Mid-American,7,Western Michigan,Miami (OH),1,"{'minutes': 13, 'seconds': 27}",3.0,3.0,75,75,1,10,21,False,Pass Reception,"(13:32) Shotgun #13 T.Gotkowski pass complete deep right to #8 K.Perry caught at MIA46, for 21 yards to the MIA46 (#5 A.Wofford), 1ST DOWN, PENALTY WMU Roughing The Passer (#9 J.Camden) 15 yards from MIA46 to WMU39, 1ST DOWN",1.8928575820361135,
401777329,4017773294,40177732942,2,3,Miami (OH),Mid-American,0,Western Michigan,Mid-American,7,Western Michigan,Miami (OH),1,"{'minutes': 13, 'seconds': 9}",3.0,3.0,39,39,1,10,29,False,Pass Reception,"(13:09) Shotgun #13 T.Gotkowski pass complete deep right to #8 K.Perry caught at WMU12, for 29 yards to the WMU10 (#8 J.Sims), out of bounds, 1ST DOWN. The previous play is under automatic review - ""Incomplete pass"". CALL OVERTURNED. (Original Play: (13:09) Shotgun #13 T.Gotkowski pass incomplete deep right to #8 K.Perry thrown to WMU12)",0.626611712682109,2025-12-06T17:19:19.000Z
401777329,4017773294,40177732948,2,4,Miami (OH),Mid-American,0,Western Michigan,Mid-American,7,Western Michigan,Miami (OH),1,"{'minutes': 12, 'seconds': 45}",3.0,3.0,10,10,1,10,0,False,Pass Reception,"(12:55) Shotgun #13 T.Gotkowski pass complete short right to #86 B.Shane caught at WMU10, for 0 yards to the WMU10 QB hurried by #11 N.Tucker (#1 J.Franklin), out of bounds",-0.2853930592519426,2025-12-06T17:19:48.000Z
401777329,4017773294,40177732953,2,5,Miami (OH),Mid-American,0,Western Michigan,Mid-American,7,Western Michigan,Miami (OH),1,"{'minutes': 12, 'seconds': 18}",3.0,3.0,10,10,2,10,7,False,Rush,(12:23) Shotgun #6 J.Brunson rush middle for 7 yards gain to the WMU03 (#10 S.Saipaia; #3 T.Hallock),0.1746575017223936,2025-12-06T17:20:20.000Z
401777329,4017773294,40177732961,2,7,Miami (OH),Mid-American,6,Western Michigan,Mid-American,7,Western Michigan,Miami (OH),1,"{'minutes': 11, 'seconds': 40}",3.0,3.0,1,1,1,1,1,True,Rushing Touchdown,"(11:42) Shotgun #6 J.Brunson rush left for 1 yard gain to the WMU00 TOUCHDOWN, clock 11:40, 1ST DOWN #31 D.Dzioban kick attempt failed (H: #34 P.Stainton, LS: #59 H.Powell), End Of Play",0.938021275120443,2025-12-06T17:21:57.000Z
401777329,4017773296,401777329127,3,12,Western Michigan,Mid-American,10,Miami (OH),Mid-American,6,Western Michigan,Miami (OH),1,"{'minutes': 6, 'seconds': 51}",3.0,2.0,91,9,4,9,27,True,Field Goal Good,"(06:53) #20 P.Domschke field goal attempt from 27 yards GOOD (H: #25 R.Millmore, LS: #46 R.Todd), clock 06:51",,2025-12-06T17:35:36.000Z
401777329,4017773296,40177732970,3,1,Miami (OH),Mid-American,6,Western Michigan,Mid-American,7,Western Michigan,Miami (OH),1,"{'minutes': 11, 'seconds': 40}",2.0,3.0,65,65,1,10,0,False,Kickoff,"(11:40) #38 K.McLaughlin kickoff 65 yards to the WMU00, Touchback",,2025-12-06T17:23:29.000Z
401777329,4017773296,40177732978,3,3,Western Michigan,Mid-American,7,Miami (OH),Mid-American,6,Western Michigan,Miami (OH),1,"{'minutes': 11, 'seconds': 6}",3.0,2.0,39,61,1,10,5,False,Penalty,PENALTY MIA Offside (#22 B.Jobe) 5 yards from WMU39 to WMU44. NO PLAY,,2025-12-06T17:27:54.000Z
401777329,4017773296,40177732982,3,4,Western Michigan,Mid-American,7,Miami (OH),Mid-American,6,Western Michigan,Miami (OH),1,"{'minutes': 10, 'seconds': 58}",3.0,2.0,44,56,1,5,6,False,Pass Reception,"(11:00) No Huddle-Shotgun #12 B.Lowry pass complete short left to #18 A.Chenault caught at WMU49, for 6 yards to the WMU50 (#24 M.Yharbrough), out of bounds, 1ST DOWN",-0.483005916794351,2025-12-06T17:28:15.000Z
401777329,4017773296,401777329132,3,13,Western Michigan,Mid-American,10,Miami (OH),Mid-American,6,Western Michigan,Miami (OH),1,"{'minutes': 6, 'seconds': 51}",2.0,2.0,91,9,4,9,0,False,Timeout,"Timeout Western Michigan, clock 06:51",,2025-12-06T17:35:51.000Z
401777329,4017773296,40177732974,3,2,Western Michigan,Mid-American,7,Miami (OH),Mid-American,6,Western Michigan,Miami (OH),1,"{'minutes': 11, 'seconds': 33}",3.0,2.0,25,75,1,10,14,False,Rush,"(11:39) Shotgun #6 J.Buckley rush middle for 14 yards gain to the WMU39 (#1 E.Blakey), 1ST DOWN",1.2227390832564555,2025-12-06T17:27:11.000Z
401777329,4017773296,40177732987,3,5,Western Michigan,Mid-American,7,Miami (OH),Mid-American,6,Western Michigan,Miami (OH),1,"{'minutes': 10, 'seconds': 28}",3.0,2.0,50,50,1,10,3,False,Rush,(10:35) Shotgun #24 O.Mataele rush left for 3 yards gain to the MIA47 (#33 J.Kuwatch),-0.385960016074776,2025-12-06T17:28:47.000Z
401777329,4017773296,40177732991,3,6,Western Michigan,Mid-American,7,Miami (OH),Mid-American,6,Western Michigan,Miami (OH),1,"{'minutes': 9, 'seconds': 50}",3.0,2.0,53,47,2,7,3,False,Rush,(09:55) Shotgun #24 O.Mataele rush middle for 3 yards gain to the MIA44 (#20 A.Trick; #33 J.Kuwatch),-0.407363989967388,2025-12-06T17:29:27.000Z
401777329,4017773296,40177732995,3,7,Western Michigan,Mid-American,7,Miami (OH),Mid-American,6,Western Michigan,Miami (OH),1,"{'minutes': 9, 'seconds': 14}",3.0,2.0,56,44,3,4,2,False,Rush,(09:19) Shotgun #6 J.Buckley rush right for 2 yards gain to the MIA42 (#23 O.McWood; #52 N.Washington),-0.6520697483463725,2025-12-06T17:30:03.000Z
401777329,4017773296,40177732999,3,8,Western Michigan,Mid-American,7,Miami (OH),Mid-American,6,Western Michigan,Miami (OH),1,"{'minutes': 8, 'seconds': 31}",3.0,2.0,58,42,4,2,36,False,Pass Reception,"(08:45) Shotgun #12 B.Lowry pass complete short middle to #2 M.Brescia caught at MIA25, for 36 yards to the MIA06 (#29 S.Walters), 1ST DOWN",3.2343159154446326,2025-12-06T17:30:36.000Z
401777329,4017773296,401777329104,3,9,Western Michigan,Mid-American,7,Miami (OH),Mid-American,6,Western Michigan,Miami (OH),1,"{'minutes': 7, 'seconds': 56}",3.0,2.0,94,6,1,6,4,False,Rush,(08:00) Shotgun #12 B.Lowry rush left for 4 yards gain to the MIA02 (#1 E.Blakey),-0.015446754256946,2025-12-06T17:31:21.000Z
401777329,4017773296,401777329119,3,10,Western Michigan,Mid-American,7,Miami (OH),Mid-American,6,Western Michigan,Miami (OH),1,"{'minutes': 7, 'seconds': 20}",3.0,2.0,98,2,2,2,-7,False,Sack,"(07:20) Shotgun #12 B.Lowry sacked for loss of 7 yards to the MIA09 (#1 E.Blakey). The previous play is under automatic review - ""Runner was down prior to losing the ball"". CALL OVERTURNED. (Original Play: (07:20) Shotgun #12 B.Lowry sacked for loss of 9 yards to the MIA11 (#1 E.Blakey), fumble by #12 B.Lowry recovered by MIA #20 A.Trick at MIA11 #20 A.Trick return 83 yards to the WMU06 (#6 J.Buckley), out of bounds)",-0.942176129410013,2025-12-06T17:34:26.000Z
401777329,4017773296,401777329124,3,11,Western Michigan,Mid-American,7,Miami (OH),Mid-American,6,Western Michigan,Miami (OH),1,"{'minutes': 6, 'seconds': 54}",3.0,2.0,91,9,3,9,0,False,Pass Incompletion,(06:56) No Huddle-Shotgun #12 B.Lowry pass incomplete short left to #18 A.Chenault thrown to MIA00,-0.39104614280078,2025-12-06T17:34:55.000Z
401777329,4017773298,401777329130,4,1,Western Michigan,Mid-American,10,Miami (OH),Mid-American,6,Western Michigan,Miami (OH),1,"{'minutes': 6, 'seconds': 51}",2.0,2.0,35,65,1,10,0,False,Kickoff,"(06:51) #31 H.Smith kickoff 65 yards to the MIA00, Touchback",,2025-12-06T17:35:39.000Z
401777329,4017773298,401777329144,4,5,Miami (OH),Mid-American,6,Western Michigan,Mid-American,10,Western Michigan,Miami (OH),1,"{'minutes': 5, 'seconds': 45}",2.0,2.0,67,67,4,2,0,False,Punt,(05:53) #34 P.Stainton punt 58 yards to the WMU09,,2025-12-06T17:42:12.000Z
401777329,4017773298,401777329150,4,6,Miami (OH),Mid-American,6,Western Michigan,Mid-American,10,Western Michigan,Miami (OH),1,"{'minutes': 5, 'seconds': 45}",1.0,2.0,67,67,4,2,0,False,Timeout,"Timeout Miami (OH), clock 05:45",,2025-12-06T17:42:32.000Z
401777329,4017773298,401777329134,4,2,Miami (OH),Mid-American,6,Western Michigan,Mid-American,10,Western Michigan,Miami (OH),1,"{'minutes': 6, 'seconds': 46}",2.0,2.0,75,75,1,10,0,False,Pass Incompletion,(06:50) Shotgun #13 T.Gotkowski pass incomplete deep left to #18 B.Isom thrown to WMU39 QB hurried by #4 R.McGraw,-0.7029700220436519,2025-12-06T17:40:06.000Z
401777329,4017773298,401777329137,4,3,Miami (OH),Mid-American,6,Western Michigan,Mid-American,10,Western Michigan,Miami (OH),1,"{'minutes': 6, 'seconds': 41}",2.0,2.0,75,75,2,10,0,False,Pass Incompletion,(06:44) Shotgun #13 T.Gotkowski pass incomplete short right thrown to MIA40 QB hurried by #4 R.McGraw and #64 R.Stewart,-0.34710487712173865,2025-12-06T17:40:47.000Z
401777329,4017773298,401777329140,4,4,Miami (OH),Mid-American,6,Western Michigan,Mid-American,10,Western Michigan,Miami (OH),1,"{'minutes': 6, 'seconds': 30}",2.0,2.0,75,75,3,10,8,False,Rush,"(06:39) Shotgun #13 T.Gotkowski rush left for 8 yards gain to the MIA33 (#6 J.Pope), out of bounds",0.22917304828379947,2025-12-06T17:41:29.000Z
401777329,4017773299,401777329161,5,4,Western Michigan,Mid-American,10,Miami (OH),Mid-American,6,Western Michigan,Miami (OH),1,"{'minutes': 3, 'seconds': 51}",2.0,1.0,28,72,3,3,15,False,Penalty,"(03:51) No Huddle-Shotgun #12 B.Lowry pass incomplete deep left to #17 M.Dieudonne thrown to MIA45 PENALTY MIA Pass Interference (#24 M.Yharbrough) 15 yards from WMU28 to WMU43, 1ST DOWN. NO PLAY",,2025-12-06T17:48:12.000Z
401777329,4017773299,401777329174,5,7,Western Michigan,Mid-American,10,Miami (OH),Mid-American,6,Western Michigan,Miami (OH),1,"{'minutes': 2, 'seconds': 32}",2.0,1.0,63,37,2,2,15,False,Penalty,"(02:32) Shotgun #12 B.Lowry pass incomplete deep left to #18 A.Chenault thrown to MIA10 PENALTY MIA Pass Interference (#6 A.Walker Jr.) 15 yards from MIA37 to MIA22, 1ST DOWN. NO PLAY",,2025-12-06T17:50:15.000Z
401777329,4017773299,401777329210,5,15,Western Michigan,Mid-American,13,Miami (OH),Mid-American,6,Western Michigan,Miami (OH),2,"{'minutes': 13, 'seconds': 43}",2.0,1.0,87,13,4,11,31,True,Field Goal Good,"(13:43) #20 P.Domschke field goal attempt from 31 yards GOOD (H: #25 R.Millmore, LS: #46 R.Todd), clock 13:43",,2025-12-06T17:59:14.000Z
401777329,4017773299,401777329148,5,1,Western Michigan,Mid-American,10,Miami (OH),Mid-American,6,Western Michigan,Miami (OH),1,"{'minutes': 5, 'seconds': 38}",2.0,1.0,9,91,1,10,12,False,Rush,"(05:43) No Huddle-Shotgun #24 O.Mataele rush middle for 12 yards gain to the WMU21 (#1 E.Blakey; #29 S.Walters), 1ST DOWN",0.4916511662077223,2025-12-06T17:46:07.000Z
401777329,4017773299,401777329153,5,2,Western Michigan,Mid-American,10,Miami (OH),Mid-American,6,Western Michigan,Miami (OH),1,"{'minutes': 5, 'seconds': 4}",2.0,1.0,21,79,1,10,4,False,Rush,(05:08) No Huddle-Shotgun #12 B.Lowry rush right for 4 yards gain to the WMU25 (#33 J.Kuwatch),-0.09341756947157,2025-12-06T17:46:42.000Z
401777329,4017773299,401777329157,5,3,Western Michigan,Mid-American,10,Miami (OH),Mid-American,6,Western Michigan,Miami (OH),1,"{'minutes': 4, 'seconds': 27}",2.0,1.0,25,75,2,6,3,False,Rush,"(04:34) No Huddle-Shotgun #6 J.Buckley rush left for 3 yards gain to the WMU28 (#1 E.Blakey), out of bounds",-0.22873859012757067,2025-12-06T17:47:19.000Z
401777329,4017773299,401777329165,5,5,Western Michigan,Mid-American,10,Miami (OH),Mid-American,6,Western Michigan,Miami (OH),1,"{'minutes': 3, 'seconds': 38}",2.0,1.0,43,57,1,10,12,False,Rush,"(03:46) No Huddle-Shotgun #12 B.Lowry rush left for 12 yards gain to the MIA45 (#1 E.Blakey), 1ST DOWN",0.9888026124442585,2025-12-06T17:48:51.000Z
401777329,4017773299,401777329169,5,6,Western Michigan,Mid-American,10,Miami (OH),Mid-American,6,Western Michigan,Miami (OH),1,"{'minutes': 3, 'seconds': 1}",2.0,1.0,55,45,1,10,8,False,Pass Reception,"(03:07) Shotgun #12 B.Lowry pass complete short right to #82 B.Brooks caught at MIA41, for 8 yards to the MIA37 (#17 K.Martin)",0.73144036017254,2025-12-06T17:49:27.000Z
401777329,4017773299,401777329178,5,8,Western Michigan,Mid-American,10,Miami (OH),Mid-American,6,Western Michigan,Miami (OH),1,"{'minutes': 2, 'seconds': 23}",2.0,1.0,78,22,1,10,6,False,Rush,"(02:27) Shotgun #12 B.Lowry rush right for 6 yards gain to the MIA16 (#24 M.Yharbrough), out of bounds",0.189365030906696,2025-12-06T17:51:04.000Z
401777329,4017773299,401777329182,5,9,Western Michigan,Mid-American,10,Miami (OH),Mid-American,6,Western Michigan,Miami (OH),1,"{'minutes': 1, 'seconds': 50}",2.0,1.0,84,16,2,4,2,False,Rush,(01:54) Shotgun #6 J.Buckley rush middle for 2 yards gain to the MIA14 (#1 E.Blakey; #29 S.Walters),-0.251664053387966,2025-12-06T17:51:49.000Z
401777329,4017773299,401777329186,5,10,Western Michigan,Mid-American,10,Miami (OH),Mid-American,6,Western Michigan,Miami (OH),1,"{'minutes': 1, 'seconds': 10}",2.0,1.0,86,14,3,2,2,False,Rush,"(01:17) Shotgun #12 B.Lowry rush middle for 2 yards gain to the MIA12 (#11 B.Uihlein), 1ST DOWN",0.1798272470938045,2025-12-06T17:52:28.000Z
401777329,4017773299,401777329190,5,11,Western Michigan,Mid-American,10,Miami (OH),Mid-American,6,Western Michigan,Miami (OH),1,"{'minutes': 0, 'seconds': 38}",2.0,1.0,88,12,1,10,-5,False,Rush,(00:38) Shotgun #0 T.Williams rush right for 5 yards loss to the MIA17 (#11 B.Uihlein; #43 G.Lyons),-0.6322458770134995,2025-12-06T17:53:07.000Z
401777329,4017773299,401777329196,5,12,Western Michigan,Mid-American,10,Miami (OH),Mid-American,6,Western Michigan,Miami (OH),1,"{'minutes': 0, 'seconds': 0}",2.0,1.0,88,12,1,10,-5,False,End Period,End of 1st quarter.,-0.6322458770134995,2025-12-06T17:53:44.000Z
401777329,4017773299,401777329200,5,13,Western Michigan,Mid-American,10,Miami (OH),Mid-American,6,Western Michigan,Miami (OH),2,"{'minutes': 14, 'seconds': 53}",2.0,1.0,83,17,2,15,2,False,Rush,(14:59) Shotgun #12 B.Lowry rush middle for 2 yards gain to the MIA15 (#33 J.Kuwatch; #11 B.Uihlein),-0.252888388853787,2025-12-06T17:57:57.000Z
401777329,4017773299,401777329206,5,14,Western Michigan,Mid-American,10,Miami (OH),Mid-American,6,Western Michigan,Miami (OH),2,"{'minutes': 14, 'seconds': 18}",2.0,1.0,85,15,3,13,2,False,Rush,(14:23) Shotgun #12 B.Lowry rush left for 2 yards gain to the MIA13 (#23 O.McWood; #33 J.Kuwatch),-0.3483290086860256,2025-12-06T17:58:32.000Z
401777329,40177732911,401777329213,6,1,Western Michigan,Mid-American,13,Miami (OH),Mid-American,6,Western Michigan,Miami (OH),2,"{'minutes': 13, 'seconds': 43}",2.0,1.0,35,65,1,10,0,False,Kickoff,"(13:43) #31 H.Smith kickoff 65 yards to the MIA00, Touchback",,2025-12-06T17:59:16.000Z
401777329,40177732911,401777329226,6,5,Miami (OH),Mid-American,6,Western Michigan,Mid-American,13,Western Michigan,Miami (OH),2,"{'minutes': 12, 'seconds': 37}",1.0,2.0,69,69,4,4,0,False,Punt,(12:43) #34 P.Stainton punt 46 yards to the WMU23 fair catch by #86 B.Bosma at WMU23,,2025-12-06T18:03:25.000Z
401777329,40177732911,401777329232,6,6,Miami (OH),Mid-American,6,Western Michigan,Mid-American,13,Western Michigan,Miami (OH),2,"{'minutes': 12, 'seconds': 37}",0.0,2.0,69,69,4,4,0,False,Timeout,"Timeout Miami (OH), clock 12:37",,2025-12-06T18:03:49.000Z
401777329,40177732911,401777329216,6,2,Miami (OH),Mid-American,6,Western Michigan,Mid-American,13,Western Michigan,Miami (OH),2,"{'minutes': 13, 'seconds': 35}",1.0,2.0,75,75,1,10,0,False,Pass Incompletion,(13:42) #13 T.Gotkowski pass incomplete deep right to #8 K.Perry thrown to WMU30 QB hurried by #0 M.Al-Garawi,-0.7029700220436519,2025-12-06T18:01:08.000Z
401777329,40177732911,401777329219,6,3,Miami (OH),Mid-American,6,Western Michigan,Mid-American,13,Western Michigan,Miami (OH),2,"{'minutes': 13, 'seconds': 27}",1.0,2.0,75,75,2,10,6,False,Rush,(13:34) Shotgun #13 T.Gotkowski rush middle for 6 yards gain to the MIA31 (#10 S.Saipaia),0.16823773848787482,2025-12-06T18:01:52.000Z
401777329,40177732911,401777329223,6,4,Miami (OH),Mid-American,6,Western Michigan,Mid-American,13,Western Michigan,Miami (OH),2,"{'minutes': 12, 'seconds': 44}",1.0,2.0,69,69,3,4,0,False,Pass Incompletion,(12:47) Shotgun #13 T.Gotkowski pass incomplete short right to #6 J.Brunson thrown to MIA27,-0.43770162015070735,2025-12-06T18:02:38.000Z
401777329,40177732912,401777329243,7,4,Western Michigan,Mid-American,13,Miami (OH),Mid-American,6,Western Michigan,Miami (OH),2,"{'minutes': 11, 'seconds': 8}",2.0,0.0,28,72,4,5,14,False,Punt Return,(11:20) #25 R.Millmore punt 54 yards to the MIA18 #10 L.Billups-Williams return 14 yards to the MIA32 (#46 R.Todd; #83 R.Brotherton),,2025-12-06T18:09:09.000Z
401777329,40177732912,401777329251,7,5,Western Michigan,Mid-American,13,Miami (OH),Mid-American,6,Western Michigan,Miami (OH),2,"{'minutes': 11, 'seconds': 8}",1.0,0.0,28,72,4,5,0,False,Timeout,"Timeout Western Michigan, clock 11:08",,2025-12-06T18:09:35.000Z
401777329,40177732912,401777329230,7,1,Western Michigan,Mid-American,13,Miami (OH),Mid-American,6,Western Michigan,Miami (OH),2,"{'minutes': 12, 'seconds': 30}",2.0,0.0,23,77,1,10,3,False,Rush,(12:35) Shotgun #6 J.Buckley rush left for 3 yards gain to the WMU26 (#24 M.Yharbrough),-0.2714196551267518,2025-12-06T18:07:02.000Z
401777329,40177732912,401777329235,7,2,Western Michigan,Mid-American,13,Miami (OH),Mid-American,6,Western Michigan,Miami (OH),2,"{'minutes': 11, 'seconds': 54}",2.0,0.0,26,74,2,7,2,False,Pass Reception,"(12:05) Shotgun #12 B.Lowry pass complete short left to #6 J.Buckley caught at WMU21, for 2 yards to the WMU28 (#33 J.Kuwatch; #1 E.Blakey)",-0.32987881121882706,2025-12-06T18:07:33.000Z
401777329,40177732912,401777329240,7,3,Western Michigan,Mid-American,13,Miami (OH),Mid-American,6,Western Michigan,Miami (OH),2,"{'minutes': 11, 'seconds': 22}",2.0,0.0,28,72,3,5,0,False,Pass Incompletion,(11:25) Shotgun #12 B.Lowry pass incomplete deep left to #18 A.Chenault thrown to MIA46 QB hurried by #1 E.Blakey and #23 O.McWood,-0.3328077480603904,2025-12-06T18:08:12.000Z
401777329,40177732913,401777329274,8,7,Miami (OH),Mid-American,6,Western Michigan,Mid-American,13,Western Michigan,Miami (OH),2,"{'minutes': 7, 'seconds': 51}",0.0,1.0,44,44,4,4,0,False,Punt,(07:54) #34 P.Stainton punt 34 yards to the WMU10 fair catch by #86 B.Bosma at WMU10,,2025-12-06T18:16:40.000Z
401777329,40177732913,401777329249,8,1,Miami (OH),Mid-American,6,Western Michigan,Mid-American,13,Western Michigan,Miami (OH),2,"{'minutes': 10, 'seconds': 59}",0.0,1.0,68,68,1,10,8,False,Rush,(11:05) Shotgun #6 J.Brunson rush left for 8 yards gain to the MIA40 (#1 J.Franklin; #9 J.Camden),1.0205002560261356,2025-12-06T18:12:52.000Z
401777329,40177732913,401777329254,8,2,Miami (OH),Mid-American,6,Western Michigan,Mid-American,13,Western Michigan,Miami (OH),2,"{'minutes': 10, 'seconds': 25}",0.0,1.0,60,60,2,2,1,False,Rush,(10:31) Shotgun #6 J.Brunson rush middle for 1 yard gain to the MIA41 (#96 D.Gustwiller; #3 T.Hallock),-1.066208939115709,2025-12-06T18:13:27.000Z
401777329,40177732913,401777329258,8,3,Miami (OH),Mid-American,6,Western Michigan,Mid-American,13,Western Michigan,Miami (OH),2,"{'minutes': 9, 'seconds': 40}",0.0,1.0,59,59,3,1,9,False,Pass Reception,"(09:51) Shotgun #13 T.Gotkowski pass complete short right to #0 K.Reynolds caught at MIA48, for 9 yards to the MIA50 (#1 J.Franklin), 1ST DOWN",1.72360746661006,2025-12-06T18:14:06.000Z
401777329,40177732913,401777329263,8,4,Miami (OH),Mid-American,6,Western Michigan,Mid-American,13,Western Michigan,Miami (OH),2,"{'minutes': 9, 'seconds': 9}",0.0,1.0,50,50,1,10,2,False,Rush,(09:15) Shotgun #6 J.Brunson rush middle for 2 yards gain to the WMU48 (#4 R.McGraw),-0.63044122362105,2025-12-06T18:14:43.000Z
401777329,40177732913,401777329267,8,5,Miami (OH),Mid-American,6,Western Michigan,Mid-American,13,Western Michigan,Miami (OH),2,"{'minutes': 8, 'seconds': 34}",0.0,1.0,48,48,2,8,4,False,Rush,(08:39) Shotgun #6 J.Brunson rush middle for 4 yards gain to the WMU44 (#47 D.Moon; #91 M.Tyler),-0.162882782421114,2025-12-06T18:15:19.000Z
401777329,40177732913,401777329271,8,6,Miami (OH),Mid-American,6,Western Michigan,Mid-American,13,Western Michigan,Miami (OH),2,"{'minutes': 7, 'seconds': 57}",0.0,1.0,44,44,3,4,0,False,Pass Incompletion,(08:02) Shotgun #13 T.Gotkowski pass incomplete deep left to #84 C.Weaver thrown to WMU13 QB hurried by #11 N.Tucker,-1.0946795124060265,2025-12-06T18:15:57.000Z
401777329,40177732914,401777329315,9,10,Western Michigan,Mid-American,13,Miami (OH),Mid-American,6,Western Michigan,Miami (OH),2,"{'minutes': 2, 'seconds': 44}",1.0,0.0,58,42,4,8,0,False,Punt,"(02:51) #25 R.Millmore punt 42 yards to the MIA00, Touchback",,2025-12-06T18:23:29.000Z
401777329,40177732914,401777329286,9,3,Western Michigan,Mid-American,13,Miami (OH),Mid-American,6,Western Michigan,Miami (OH),2,"{'minutes': 6, 'seconds': 36}",1.0,0.0,13,87,3,7,15,False,Penalty,"(06:36) Shotgun #12 B.Lowry pass incomplete deep right to #18 A.Chenault thrown to WMU44 QB hurried by #2 D.Bell PENALTY MIA Pass Interference (#17 K.Martin) 15 yards from WMU13 to WMU28, 1ST DOWN. NO PLAY",,2025-12-06T18:19:08.000Z
401777329,40177732914,401777329321,9,11,Western Michigan,Mid-American,13,Miami (OH),Mid-American,6,Western Michigan,Miami (OH),2,"{'minutes': 2, 'seconds': 44}",0.0,0.0,58,42,4,8,0,False,Timeout,"Timeout Western Michigan, clock 02:44",,2025-12-06T18:23:48.000Z
401777329,40177732914,401777329278,9,1,Western Michigan,Mid-American,13,Miami (OH),Mid-American,6,Western Michigan,Miami (OH),2,"{'minutes': 7, 'seconds': 46}",1.0,0.0,10,90,1,10,2,False,Rush,"(07:49) Shotgun #12 B.Lowry rush right for 2 yards gain to the WMU12 (#11 B.Uihlein; #94 J.Lukusa), out of bounds",-0.22662764690566295,2025-12-06T18:17:27.000Z
401777329,40177732914,401777329282,9,2,Western Michigan,Mid-American,13,Miami (OH),Mid-American,6,Western Michigan,Miami (OH),2,"{'minutes': 7, 'seconds': 16}",1.0,0.0,12,88,2,8,1,False,Rush,(07:22) Shotgun #12 B.Lowry rush left for 1 yard gain to the WMU13 (#20 A.Trick; #33 J.Kuwatch),-0.1872448338188848,2025-12-06T18:18:04.000Z
401777329,40177732914,401777329290,9,4,Western Michigan,Mid-American,13,Miami (OH),Mid-American,6,Western Michigan,Miami (OH),2,"{'minutes': 6, 'seconds': 25}",1.0,0.0,28,72,1,10,4,False,Rush,(06:31) Shotgun #12 B.Lowry rush right for 4 yards gain to the WMU32 (#33 J.Kuwatch),-0.1300144731220457,2025-12-06T18:19:40.000Z
401777329,40177732914,401777329294,9,5,Western Michigan,Mid-American,13,Miami (OH),Mid-American,6,Western Michigan,Miami (OH),2,"{'minutes': 5, 'seconds': 48}",1.0,0.0,32,68,2,6,0,False,Rush,(05:55) Shotgun #1 C.Leary rush right for 0 yards to the WMU32 (#24 M.Yharbrough; #33 J.Kuwatch),-0.7432529556768595,2025-12-06T18:20:15.000Z
401777329,40177732914,401777329298,9,6,Western Michigan,Mid-American,13,Miami (OH),Mid-American,6,Western Michigan,Miami (OH),2,"{'minutes': 5, 'seconds': 10}",1.0,0.0,32,68,3,6,24,False,Pass Reception,"(05:15) Shotgun #12 B.Lowry pass complete deep left to #82 B.Brooks caught at MIA45, for 24 yards to the MIA44 QB hurried by #23 O.McWood (#8 K.Beasley), out of bounds, 1ST DOWN",3.316017783554936,2025-12-06T18:20:57.000Z
401777329,40177732914,401777329303,9,7,Western Michigan,Mid-American,13,Miami (OH),Mid-American,6,Western Michigan,Miami (OH),2,"{'minutes': 4, 'seconds': 39}",1.0,0.0,56,44,1,10,2,False,Rush,(04:43) Shotgun #24 O.Mataele rush middle for 2 yards gain to the MIA42 (#33 J.Kuwatch; #11 B.Uihlein),-0.52968574160999,2025-12-06T18:21:36.000Z
401777329,40177732914,401777329307,9,8,Western Michigan,Mid-American,13,Miami (OH),Mid-American,6,Western Michigan,Miami (OH),2,"{'minutes': 4, 'seconds': 4}",1.0,0.0,58,42,2,8,3,False,Rush,(04:09) Shotgun #24 O.Mataele rush middle for 3 yards gain to the MIA39 (#11 B.Uihlein; #99 O.Alexander),-0.3679853171266726,2025-12-06T18:22:10.000Z
401777329,40177732914,401777329311,9,9,Western Michigan,Mid-American,13,Miami (OH),Mid-American,6,Western Michigan,Miami (OH),2,"{'minutes': 3, 'seconds': 26}",1.0,0.0,61,39,3,5,-3,False,Rush,(03:31) Shotgun #24 O.Mataele rush left for 3 yards loss to the MIA42 (#11 B.Uihlein; #29 S.Walters),-1.6884542081773155,2025-12-06T18:22:48.000Z
401777329,40177732915,401777329326,10,2,Miami (OH),Mid-American,6,Western Michigan,Mid-American,13,Western Michigan,Miami (OH),2,"{'minutes': 2, 'seconds': 37}",-1.0,0.0,80,80,1,10,0,False,Timeout,"Timeout Miami (OH), clock 02:37",,2025-12-06T18:27:43.000Z
401777329,40177732915,401777329346,10,5,Western Michigan,Mid-American,13,Miami (OH),Mid-American,6,Western Michigan,Miami (OH),2,"{'minutes': 1, 'seconds': 53}",-1.0,-1.0,87,13,3,17,0,False,Timeout,"Timeout Western Michigan, clock 01:53",,2025-12-06T18:34:39.000Z
401777329,40177732915,401777329344,10,6,Miami (OH),Mid-American,6,Western Michigan,Mid-American,13,Western Michigan,Miami (OH),2,"{'minutes': 1, 'seconds': 47}",-1.0,-1.0,88,88,4,18,0,False,Punt,(01:51) #34 P.Stainton punt 45 yards to the WMU43 fair catch by #86 B.Bosma at WMU43,,2025-12-06T18:35:23.000Z
401777329,40177732915,401777329319,10,1,Miami (OH),Mid-American,6,Western Michigan,Mid-American,13,Western Michigan,Miami (OH),2,"{'minutes': 2, 'seconds': 37}",0.0,0.0,80,80,1,10,-4,False,Sack,"(02:43) Shotgun #13 T.Gotkowski sacked for loss of 7 yards to the MIA13 (#58 T.Lee, #1 J.Franklin)",-0.7960984337974057,2025-12-06T18:26:59.000Z
401777329,40177732915,401777329336,10,3,Miami (OH),Mid-American,6,Western Michigan,Mid-American,13,Western Michigan,Miami (OH),2,"{'minutes': 1, 'seconds': 57}",-1.0,0.0,87,87,2,17,0,False,Pass Incompletion,"(01:59) Shotgun #13 T.Gotkowski pass incomplete short middle to #0 K.Reynolds thrown to MIA13 broken up by #91 M.Tyler. The previous play is under automatic review - ""Incomplete pass"". CALL OVERTURNED. (Original Play: (01:59) Shotgun #13 T.Gotkowski sacked for loss of 7 yards to the MIA06 (#91 M.Tyler), fumble by #13 T.Gotkowski recovered by WMU #11 N.Tucker at MIA06 TOUCHDOWN, clock 01:53)",-0.0753539894211919,2025-12-06T18:33:51.000Z
401777329,40177732915,401777329340,10,4,Miami (OH),Mid-American,6,Western Michigan,Mid-American,13,Western Michigan,Miami (OH),2,"{'minutes': 1, 'seconds': 53}",-1.0,0.0,87,87,3,17,-1,False,Rush,(01:56) Shotgun #6 J.Brunson rush middle for 1 yard loss to the MIA12 (#20 K.Fisher; #11 N.Tucker),-0.036769322253706,2025-12-06T18:34:25.000Z
401777329,40177732916,401777329372,11,6,Miami (OH),Mid-American,6,Western Michigan,Mid-American,13,Western Michigan,Miami (OH),2,"{'minutes': 0, 'seconds': 59}",-2.0,-1.0,71,71,2,10,0,False,Timeout,"Timeout Miami (OH), clock 00:59",,2025-12-06T18:38:15.000Z
401777329,40177732916,401777329380,11,8,Miami (OH),Mid-American,6,Western Michigan,Mid-American,13,Western Michigan,Miami (OH),2,"{'minutes': 0, 'seconds': 54}",-3.0,-1.0,76,76,3,5,0,False,Timeout,"Timeout Miami (OH), clock 00:54",,2025-12-06T18:39:56.000Z
401777329,40177732916,401777329378,11,9,Western Michigan,Mid-American,16,Miami (OH),Mid-American,6,Western Michigan,Miami (OH),2,"{'minutes': 0, 'seconds': 50}",-1.0,-3.0,68,32,4,13,50,True,Field Goal Good,"(00:53) #20 P.Domschke field goal attempt from 50 yards GOOD (H: #25 R.Millmore, LS: #46 R.Todd), clock 00:50",,2025-12-06T18:40:18.000Z
401777329,40177732916,401777329349,11,1,Western Michigan,Mid-American,13,Miami (OH),Mid-American,6,Western Michigan,Miami (OH),2,"{'minutes': 1, 'seconds': 40}",-1.0,-1.0,43,57,1,10,4,False,Rush,(01:45) Shotgun #6 J.Buckley rush middle for 4 yards gain to the WMU47 (#33 J.Kuwatch; #92 R.Andrews),-0.1651640993405828,2025-12-06T18:36:11.000Z
401777329,40177732916,401777329353,11,2,Western Michigan,Mid-American,13,Miami (OH),Mid-American,6,Western Michigan,Miami (OH),2,"{'minutes': 1, 'seconds': 18}",-1.0,-1.0,47,53,2,6,10,False,Pass Reception,"(01:21) Shotgun #12 B.Lowry pass complete short right to #86 B.Bosma caught at MIA48, for 10 yards to the MIA43 (#24 M.Yharbrough), out of bounds, 1ST DOWN",1.278110708921055,2025-12-06T18:36:36.000Z
401777329,40177732916,401777329358,11,3,Western Michigan,Mid-American,13,Miami (OH),Mid-American,6,Western Michigan,Miami (OH),2,"{'minutes': 1, 'seconds': 13}",-1.0,-1.0,57,43,1,10,14,False,Pass Reception,"(01:16) No Huddle-Shotgun #12 B.Lowry pass complete short left to #18 A.Chenault caught at MIA29, for 14 yards to the MIA29, End Of Play, 1ST DOWN",0.5640689033327422,2025-12-06T18:37:04.000Z
401777329,40177732916,401777329363,11,4,Western Michigan,Mid-American,13,Miami (OH),Mid-American,6,Western Michigan,Miami (OH),2,"{'minutes': 1, 'seconds': 4}",-1.0,-1.0,71,29,1,10,0,False,Pass Incompletion,(01:07) No Huddle-Shotgun #12 B.Lowry pass incomplete deep right to #82 B.Brooks thrown to MIA04 broken up by #17 K.Martin,-0.534372502378378,2025-12-06T18:37:22.000Z
401777329,40177732916,401777329366,11,5,Western Michigan,Mid-American,13,Miami (OH),Mid-American,6,Western Michigan,Miami (OH),2,"{'minutes': 0, 'seconds': 59}",-1.0,-1.0,71,29,2,10,5,False,Rush,(01:03) No Huddle-Shotgun #12 B.Lowry rush middle for 5 yards gain to the MIA24 (#11 B.Uihlein; #24 M.Yharbrough),0.0513637794967626,2025-12-06T18:37:56.000Z
401777329,40177732916,401777329370,11,7,Western Michigan,Mid-American,13,Miami (OH),Mid-American,6,Western Michigan,Miami (OH),2,"{'minutes': 0, 'seconds': 54}",-1.0,-2.0,76,24,3,5,-4,False,Sack,"(00:58) No Huddle-Shotgun #12 B.Lowry sacked for loss of 8 yards to the MIA32 (#22 B.Jobe, #11 B.Uihlein)",-1.540506866329931,2025-12-06T18:39:05.000Z
401777329,40177732918,401777329382,12,1,Western Michigan,Mid-American,16,Miami (OH),Mid-American,6,Western Michigan,Miami (OH),2,"{'minutes': 0, 'seconds': 50}",-1.0,-3.0,35,65,1,10,0,False,Kickoff,"(00:50) #31 H.Smith kickoff 65 yards to the MIA00, Touchback",,2025-12-06T18:40:22.000Z
401777329,40177732918,401777329416,12,10,Miami (OH),Mid-American,6,Western Michigan,Mid-American,16,Western Michigan,Miami (OH),2,"{'minutes': 0, 'seconds': 1}",-3.0,-2.0,40,40,1,10,59,False,Field Goal Missed,"(00:00) #31 D.Dzioban field goal attempt from 59 yards NO GOOD (H: #34 P.Stainton, LS: #59 H.Powell), clock 00:00",,2025-12-06T18:48:13.000Z
401777329,40177732918,401777329412,12,8,Western Michigan,Mid-American,16,Miami (OH),Mid-American,6,Western Michigan,Miami (OH),2,"{'minutes': 0, 'seconds': 5}",-2.0,-3.0,51,49,2,10,0,False,Timeout,"Timeout Western Michigan, clock 00:05",,2025-12-06T18:46:08.000Z
401777329,40177732918,401777329418,12,11,Miami (OH),Mid-American,6,Western Michigan,Mid-American,16,Western Michigan,Miami (OH),2,"{'minutes': 0, 'seconds': 1}",-4.0,-2.0,51,51,3,10,0,False,Timeout,"Timeout Miami (OH), clock 00:01",,2025-12-06T18:47:15.000Z
401777329,40177732918,401777329385,12,2,Miami (OH),Mid-American,6,Western Michigan,Mid-American,16,Western Michigan,Miami (OH),2,"{'minutes': 0, 'seconds': 41}",-3.0,-1.0,75,75,1,10,2,False,Rush,(00:48) Shotgun #13 T.Gotkowski rush middle for 2 yards gain to the MIA27 (#9 J.Camden),-0.45260367932203766,2025-12-06T18:42:20.000Z
401777329,40177732918,401777329389,12,3,Miami (OH),Mid-American,6,Western Michigan,Mid-American,16,Western Michigan,Miami (OH),2,"{'minutes': 0, 'seconds': 21}",-3.0,-1.0,73,73,2,8,10,False,Pass Reception,"(00:24) Shotgun #13 T.Gotkowski pass complete short left to #30 J.Ringer caught at MIA30, for 10 yards to the MIA37 (#8 J.Sims), out of bounds, 1ST DOWN",1.479848005465609,2025-12-06T18:42:42.000Z
401777329,40177732918,401777329394,12,4,Miami (OH),Mid-American,6,Western Michigan,Mid-American,16,Western Michigan,Miami (OH),2,"{'minutes': 0, 'seconds': 17}",-3.0,-1.0,63,63,1,10,0,False,Pass Incompletion,(00:20) Shotgun #13 T.Gotkowski pass incomplete short left to #30 J.Ringer thrown to MIA38 QB hurried by #58 T.Lee,-1.065701080215459,2025-12-06T18:43:15.000Z
401777329,40177732918,401777329397,12,5,Miami (OH),Mid-American,6,Western Michigan,Mid-American,16,Western Michigan,Miami (OH),2,"{'minutes': 0, 'seconds': 11}",-3.0,-1.0,63,63,2,10,12,False,Pass Reception,"(00:16) Shotgun #13 T.Gotkowski pass complete short left to #8 K.Perry caught at MIA48, for 12 yards to the MIA49 (#8 J.Sims), 1ST DOWN",2.1928446699002704,2025-12-06T18:44:41.000Z
401777329,40177732918,401777329402,12,6,Miami (OH),Mid-American,6,Western Michigan,Mid-American,16,Western Michigan,Miami (OH),2,"{'minutes': 0, 'seconds': 10}",-3.0,-1.0,51,51,1,10,0,False,Pass Incompletion,"(00:10) #13 T.Gotkowski pass incomplete, Spike",-1.1301991718133413,2025-12-06T18:44:56.000Z
401777329,40177732918,401777329405,12,7,Miami (OH),Mid-American,6,Western Michigan,Mid-American,16,Western Michigan,Miami (OH),2,"{'minutes': 0, 'seconds': 5}",-3.0,-1.0,51,51,2,10,0,False,Pass Incompletion,(00:09) Shotgun #13 T.Gotkowski pass incomplete short left to #30 J.Ringer thrown to WMU40 QB hurried by #11 N.Tucker,-1.005741646158441,2025-12-06T18:45:25.000Z
401777329,40177732918,401777329410,12,9,Miami (OH),Mid-American,6,Western Michigan,Mid-American,16,Western Michigan,Miami (OH),2,"{'minutes': 0, 'seconds': 4}",-3.0,-2.0,51,51,3,10,11,False,Pass Reception,"(00:04) Shotgun #13 T.Gotkowski pass complete short middle to #8 K.Perry caught at WMU42, for 11 yards to the WMU40 (#18 M.Davis), 1ST DOWN",2.8702588779273803,2025-12-06T18:46:52.000Z
401777329,40177732918,401777329423,12,12,Miami (OH),Mid-American,6,Western Michigan,Mid-American,16,Western Michigan,Miami (OH),2,"{'minutes': 0, 'seconds': 0}",-4.0,-2.0,40,40,1,10,0,False,End Period,End of 2nd quarter.,-0.8457687366186873,2025-12-06T18:48:25.000Z
401777329,40177732920,401777329428,13,1,Western Michigan,Mid-American,16,Miami (OH),Mid-American,6,Western Michigan,Miami (OH),3,"{'minutes': 14, 'seconds': 56}",3.0,3.0,35,65,1,10,17,False,Kickoff,(15:00) #31 H.Smith kickoff 65 yards to the MIA00 #0 K.Reynolds return 17 yards to the MIA17 (#36 F.Brown; #16 J.Lyles),,2025-12-06T19:10:49.000Z
401777329,40177732920,401777329445,13,5,Miami (OH),Mid-American,6,Western Michigan,Mid-American,16,Western Michigan,Miami (OH),3,"{'minutes': 13, 'seconds': 59}",3.0,3.0,82,82,4,9,46,False,Punt Return,(14:07) #34 P.Stainton punt 46 yards to the WMU36 #86 B.Bosma return for loss of 1 yard to the WMU35 (#13 J.Agee; #59 H.Powell). #21 C.Toney injured on the play,,2025-12-06T19:13:37.000Z
401777329,40177732920,401777329435,13,2,Miami (OH),Mid-American,6,Western Michigan,Mid-American,16,Western Michigan,Miami (OH),3,"{'minutes': 14, 'seconds': 52}",3.0,3.0,83,83,1,10,0,False,Pass Incompletion,(14:52) Shotgun #13 T.Gotkowski pass incomplete deep right thrown to MIA40,-0.48436415563340685,2025-12-06T19:11:39.000Z
401777329,40177732920,401777329438,13,3,Miami (OH),Mid-American,6,Western Michigan,Mid-American,16,Western Michigan,Miami (OH),3,"{'minutes': 14, 'seconds': 46}",3.0,3.0,83,83,2,10,1,False,Rush,(14:51) Shotgun #6 J.Brunson rush middle for 1 yard gain to the MIA18 (#91 M.Tyler; #20 K.Fisher),-0.18618457573263392,2025-12-06T19:12:20.000Z
401777329,40177732920,401777329442,13,4,Miami (OH),Mid-American,6,Western Michigan,Mid-American,16,Western Michigan,Miami (OH),3,"{'minutes': 14, 'seconds': 9}",3.0,3.0,82,82,3,9,0,False,Pass Incompletion,(14:12) Shotgun #13 T.Gotkowski pass incomplete deep left to #8 K.Perry thrown to MIA42 QB hurried by #6 J.Pope,-0.11619662673695783,2025-12-06T19:12:58.000Z
401777329,40177732921,401777329464,14,3,Western Michigan,Mid-American,23,Miami (OH),Mid-American,6,Western Michigan,Miami (OH),3,"{'minutes': 13, 'seconds': 16}",2.0,3.0,97,3,0,0,0,False,Timeout,"Timeout Western Michigan, clock 13:16",,2025-12-06T19:16:47.000Z
401777329,40177732921,401777329451,14,1,Western Michigan,Mid-American,16,Miami (OH),Mid-American,6,Western Michigan,Miami (OH),3,"{'minutes': 13, 'seconds': 53}",3.0,3.0,35,65,1,10,1,False,Rush,(13:57) Shotgun #6 J.Buckley rush middle for 1 yard gain to the WMU36 (#1 E.Blakey),-0.8334176637748527,2025-12-06T19:15:18.000Z
401777329,40177732921,401777329455,14,2,Western Michigan,Mid-American,23,Miami (OH),Mid-American,6,Western Michigan,Miami (OH),3,"{'minutes': 13, 'seconds': 16}",3.0,3.0,36,64,2,9,64,True,Rushing Touchdown,"(13:25) Shotgun #6 J.Buckley rush left for 64 yards gain to the MIA00 TOUCHDOWN, clock 13:16, 1ST DOWN #20 P.Domschke kick attempt good (H: #25 R.Millmore, LS: #46 R.Todd)",6.0761346744661875,2025-12-06T19:15:50.000Z
401777329,40177732923,401777329462,15,1,Western Michigan,Mid-American,23,Miami (OH),Mid-American,6,Western Michigan,Miami (OH),3,"{'minutes': 13, 'seconds': 16}",2.0,3.0,35,65,1,10,0,False,Kickoff,"(13:16) #31 H.Smith kickoff 65 yards to the MIA00, Touchback",,2025-12-06T19:16:43.000Z
401777329,40177732923,401777329466,15,2,Miami (OH),Mid-American,6,Western Michigan,Mid-American,23,Western Michigan,Miami (OH),3,"{'minutes': 13, 'seconds': 6}",3.0,2.0,75,75,1,10,3,False,Rush,(13:15) Shotgun #6 J.Brunson rush left for 3 yards gain to the MIA28 (#6 J.Pope; #0 M.Al-Garawi),-0.2957674139440157,2025-12-06T19:21:07.000Z
401777329,40177732923,401777329470,15,3,Miami (OH),Mid-American,6,Western Michigan,Mid-American,23,Western Michigan,Miami (OH),3,"{'minutes': 12, 'seconds': 34}",3.0,2.0,72,72,2,7,2,False,Rush,(12:40) Shotgun #6 J.Brunson rush middle for 2 yards gain to the MIA30 (#11 N.Tucker; #6 J.Pope),-0.36341994158841023,2025-12-06T19:21:41.000Z
401777329,40177732923,401777329474,15,4,Miami (OH),Mid-American,6,Western Michigan,Mid-American,23,Western Michigan,Miami (OH),3,"{'minutes': 11, 'seconds': 53}",3.0,2.0,70,70,3,5,7,False,Rush,"(11:59) Shotgun #6 J.Brunson rush middle for 7 yards gain to the MIA37 (#9 J.Camden; #0 M.Al-Garawi), 1ST DOWN",1.6864316816759972,2025-12-06T19:22:22.000Z
401777329,40177732923,401777329478,15,5,Miami (OH),Mid-American,6,Western Michigan,Mid-American,23,Western Michigan,Miami (OH),3,"{'minutes': 11, 'seconds': 13}",3.0,2.0,63,63,1,10,6,False,Rush,(11:17) Shotgun #6 J.Brunson rush left for 6 yards gain to the MIA43 (#8 J.Sims; #9 J.Camden),0.4024109850387187,2025-12-06T19:23:04.000Z
401777329,40177732923,401777329482,15,6,Miami (OH),Mid-American,6,Western Michigan,Mid-American,23,Western Michigan,Miami (OH),3,"{'minutes': 10, 'seconds': 41}",3.0,2.0,57,57,2,4,-6,False,Fumble Recovery (Opponent),"(10:43) Shotgun #12 H.Hesson rush middle for 6 yards loss to the MIA37 fumbled by #12 H.Hesson at MIA37 recovered by WMU #9 J.Camden at MIA37, End Of Play",-2.3519001914609685,2025-12-06T19:23:45.000Z
401777329,40177732924,401777329503,16,4,Western Michigan,Mid-American,23,Miami (OH),Mid-American,6,Western Michigan,Miami (OH),3,"{'minutes': 9, 'seconds': 16}",1.0,3.0,70,30,3,3,0,False,Timeout,"Timeout Western Michigan, clock 09:16",,2025-12-06T19:26:31.000Z
401777329,40177732924,401777329511,16,6,Western Michigan,Mid-American,23,Miami (OH),Mid-American,6,Western Michigan,Miami (OH),3,"{'minutes': 8, 'seconds': 39}",0.0,3.0,71,29,4,2,0,False,Timeout,"Timeout Western Michigan, clock 08:39",,2025-12-06T19:27:50.000Z
401777329,40177732924,401777329489,16,1,Western Michigan,Mid-American,23,Miami (OH),Mid-American,6,Western Michigan,Miami (OH),3,"{'minutes': 10, 'seconds': 29}",2.0,3.0,63,37,1,10,1,False,Rush,(10:35) Shotgun #6 J.Buckley rush middle for 1 yard gain to the MIA36 (#23 O.McWood),-0.5726354907928038,2025-12-06T19:24:33.000Z
401777329,40177732924,401777329493,16,2,Western Michigan,Mid-American,23,Miami (OH),Mid-American,6,Western Michigan,Miami (OH),3,"{'minutes': 9, 'seconds': 53}",2.0,3.0,64,36,2,9,6,False,Rush,(09:58) Shotgun #5 D.Miles rush middle for 6 yards gain to the MIA30 (#52 N.Washington; #33 J.Kuwatch),0.241799597333376,2025-12-06T19:25:10.000Z
401777329,40177732924,401777329497,16,3,Western Michigan,Mid-American,23,Miami (OH),Mid-American,6,Western Michigan,Miami (OH),3,"{'minutes': 9, 'seconds': 16}",2.0,3.0,70,30,3,3,1,False,Rush,(09:22) Shotgun #12 B.Lowry rush right for 1 yard gain to the MIA29 (#29 S.Walters),-0.685831845820603,2025-12-06T19:25:46.000Z
401777329,40177732924,401777329504,16,5,Western Michigan,Mid-American,23,Miami (OH),Mid-American,6,Western Michigan,Miami (OH),3,"{'minutes': 8, 'seconds': 39}",1.0,3.0,71,29,4,2,1,False,Rush,"(08:43) Shotgun #12 B.Lowry rush right for 1 yard gain to the MIA28 (#1 E.Blakey; #11 B.Uihlein), TURNOVER ON DOWNS",-2.931923629243226,2025-12-06T19:27:31.000Z
401777329,40177732925,401777329553,17,11,Miami (OH),Mid-American,6,Western Michigan,Mid-American,23,Western Michigan,Miami (OH),3,"{'minutes': 3, 'seconds': 45}",2.0,0.0,23,23,4,2,0,False,Timeout,"Timeout Miami (OH), clock 03:45",,2025-12-06T19:38:10.000Z
401777329,40177732925,401777329509,17,1,Miami (OH),Mid-American,6,Western Michigan,Mid-American,23,Western Michigan,Miami (OH),3,"{'minutes': 8, 'seconds': 31}",3.0,0.0,72,72,1,10,2,False,Rush,(08:38) Shotgun #14 D.Jones rush middle for 2 yards gain to the MIA30 (#18 M.Davis; #10 S.Saipaia),-0.5100717857614772,2025-12-06T19:31:30.000Z
401777329,40177732925,401777329514,17,2,Miami (OH),Mid-American,6,Western Michigan,Mid-American,23,Western Michigan,Miami (OH),3,"{'minutes': 7, 'seconds': 52}",3.0,0.0,70,70,2,8,13,False,Rush,"(07:56) Shotgun #6 J.Brunson rush right for 13 yards gain to the MIA43 (#3 T.Hallock), 1ST DOWN",1.900387800516203,2025-12-06T19:32:10.000Z
401777329,40177732925,401777329518,17,3,Miami (OH),Mid-American,6,Western Michigan,Mid-American,23,Western Michigan,Miami (OH),3,"{'minutes': 7, 'seconds': 13}",3.0,0.0,57,57,1,10,14,False,Pass Reception,"(07:21) Shotgun #12 H.Hesson pass complete short left to #4 D.Colzie caught at WMU43, for 14 yards to the WMU43, End Of Play, 1ST DOWN",1.1129466095804723,2025-12-06T19:32:46.000Z
401777329,40177732925,401777329523,17,4,Miami (OH),Mid-American,6,Western Michigan,Mid-American,23,Western Michigan,Miami (OH),3,"{'minutes': 6, 'seconds': 45}",3.0,0.0,43,43,1,10,0,False,Pass Incompletion,(06:49) Shotgun #12 H.Hesson pass incomplete deep right to #8 K.Perry thrown to WMU10,-0.9391692565688832,2025-12-06T19:33:24.000Z
401777329,40177732925,401777329526,17,5,Miami (OH),Mid-American,6,Western Michigan,Mid-American,23,Western Michigan,Miami (OH),3,"{'minutes': 6, 'seconds': 36}",3.0,0.0,43,43,2,10,4,False,Rush,(06:44) Shotgun #14 D.Jones rush middle for 4 yards gain to the WMU39 (#0 M.Al-Garawi; #11 N.Tucker),-0.155005977700494,2025-12-06T19:34:04.000Z
401777329,40177732925,401777329530,17,6,Miami (OH),Mid-American,6,Western Michigan,Mid-American,23,Western Michigan,Miami (OH),3,"{'minutes': 5, 'seconds': 54}",3.0,0.0,39,39,3,6,8,False,Pass Reception,"(06:00) Shotgun #12 H.Hesson pass complete short right to #8 K.Perry caught at WMU32, for 8 yards to the WMU31 (#1 J.Franklin), 1ST DOWN",1.6045991521272833,2025-12-06T19:34:48.000Z
401777329,40177732925,401777329535,17,7,Miami (OH),Mid-American,6,Western Michigan,Mid-American,23,Western Michigan,Miami (OH),3,"{'minutes': 5, 'seconds': 11}",3.0,0.0,31,31,1,10,3,False,Rush,(05:16) Shotgun #14 D.Jones rush left for 3 yards gain to the WMU28 (#10 S.Saipaia; #1 J.Franklin),-0.1807619553029143,2025-12-06T19:35:32.000Z
401777329,40177732925,401777329539,17,8,Miami (OH),Mid-American,6,Western Michigan,Mid-American,23,Western Michigan,Miami (OH),3,"{'minutes': 4, 'seconds': 32}",3.0,0.0,28,28,2,7,0,False,Pass Incompletion,(04:33) Shotgun #12 H.Hesson pass incomplete short left to #84 C.Weaver thrown to WMU15,-0.6570525227785584,2025-12-06T19:36:15.000Z
401777329,40177732925,401777329542,17,9,Miami (OH),Mid-American,6,Western Michigan,Mid-American,23,Western Michigan,Miami (OH),3,"{'minutes': 4, 'seconds': 25}",3.0,0.0,28,28,3,7,5,False,Rush,(04:31) Shotgun #6 J.Brunson rush middle for 5 yards gain to the WMU23 (#12 D.Moore; #0 M.Al-Garawi),0.0539876760052973,2025-12-06T19:36:57.000Z
401777329,40177732925,401777329546,17,10,Miami (OH),Mid-American,6,Western Michigan,Mid-American,23,Western Michigan,Miami (OH),3,"{'minutes': 3, 'seconds': 45}",3.0,0.0,23,23,4,2,-12,False,Sack,"(03:49) Shotgun #12 H.Hesson sacked for loss of 12 yards to the WMU35 (#11 N.Tucker), TURNOVER ON DOWNS",-3.3742270278508766,2025-12-06T19:37:42.000Z
401777329,40177732926,401777329584,18,8,Western Michigan,Mid-American,23,Miami (OH),Mid-American,6,Western Michigan,Miami (OH),4,"{'minutes': 14, 'seconds': 54}",0.0,2.0,56,44,4,3,0,False,Punt,(14:56) #25 R.Millmore punt 37 yards to the MIA07 fair catch by #10 L.Billups-Williams at MIA07,,2025-12-06T19:49:49.000Z
401777329,40177732926,401777329551,18,1,Western Michigan,Mid-American,23,Miami (OH),Mid-American,6,Western Michigan,Miami (OH),3,"{'minutes': 3, 'seconds': 36}",0.0,2.0,35,65,1,10,4,False,Rush,(03:40) Shotgun #6 J.Buckley rush middle for 4 yards gain to the WMU39 (#24 M.Yharbrough),-0.1595952673507188,2025-12-06T19:41:49.000Z
401777329,40177732926,401777329556,18,2,Western Michigan,Mid-American,23,Miami (OH),Mid-American,6,Western Michigan,Miami (OH),3,"{'minutes': 3, 'seconds': 4}",0.0,2.0,39,61,2,6,5,False,Rush,(03:10) Shotgun #6 J.Buckley rush middle for 5 yards gain to the WMU44 (#23 O.McWood; #33 J.Kuwatch),0.1069809158289666,2025-12-06T19:42:21.000Z
401777329,40177732926,401777329560,18,3,Western Michigan,Mid-American,23,Miami (OH),Mid-American,6,Western Michigan,Miami (OH),3,"{'minutes': 2, 'seconds': 27}",0.0,2.0,44,56,3,1,5,False,Rush,"(02:33) Shotgun #6 J.Buckley rush left for 5 yards gain to the WMU49 (#1 E.Blakey), 1ST DOWN",1.371964158320148,2025-12-06T19:42:58.000Z
401777329,40177732926,401777329564,18,4,Western Michigan,Mid-American,23,Miami (OH),Mid-American,6,Western Michigan,Miami (OH),3,"{'minutes': 1, 'seconds': 43}",0.0,2.0,49,51,1,10,3,False,Rush,(01:47) Shotgun #5 D.Miles rush middle for 3 yards gain to the MIA48 (#43 G.Lyons),-0.395458128988178,2025-12-06T19:43:43.000Z
401777329,40177732926,401777329568,18,5,Western Michigan,Mid-American,23,Miami (OH),Mid-American,6,Western Michigan,Miami (OH),3,"{'minutes': 1, 'seconds': 3}",0.0,2.0,52,48,2,7,2,False,Rush,(01:08) Shotgun #5 D.Miles rush middle for 2 yards gain to the MIA46 (#1 E.Blakey; #23 O.McWood),-0.66040399501302,2025-12-06T19:44:22.000Z
401777329,40177732926,401777329572,18,6,Western Michigan,Mid-American,23,Miami (OH),Mid-American,6,Western Michigan,Miami (OH),3,"{'minutes': 0, 'seconds': 29}",0.0,2.0,54,46,3,5,2,False,Rush,(00:29) Shotgun #12 B.Lowry rush right for 2 yards gain to the MIA44 (#33 J.Kuwatch),-0.6272588273519,2025-12-06T19:45:04.000Z
401777329,40177732926,401777329580,18,7,Western Michigan,Mid-American,23,Miami (OH),Mid-American,6,Western Michigan,Miami (OH),3,"{'minutes': 0, 'seconds': 0}",0.0,2.0,54,46,3,5,2,False,End Period,End of 3rd quarter.,-0.6272588273519,2025-12-06T19:45:32.000Z
401777329,40177732927,401777329619,19,8,Miami (OH),Mid-American,6,Western Michigan,Mid-American,23,Western Michigan,Miami (OH),4,"{'minutes': 11, 'seconds': 57}",1.0,0.0,71,71,4,9,0,False,Timeout,"Timeout Miami (OH), clock 11:57",,2025-12-06T19:55:29.000Z
401777329,40177732927,401777329598,19,3,Miami (OH),Mid-American,6,Western Michigan,Mid-American,23,Western Michigan,Miami (OH),4,"{'minutes': 13, 'seconds': 36}",2.0,0.0,87,87,3,4,15,False,Penalty,"(13:36) Shotgun #12 H.Hesson pass incomplete deep left to #84 C.Weaver thrown to MIA35 PENALTY WMU Pass Interference (#8 J.Sims) 15 yards from MIA13 to MIA28, 1ST DOWN. NO PLAY",,2025-12-06T19:52:11.000Z
401777329,40177732927,401777329613,19,7,Miami (OH),Mid-American,6,Western Michigan,Mid-American,23,Western Michigan,Miami (OH),4,"{'minutes': 11, 'seconds': 57}",2.0,0.0,71,71,4,9,0,False,Punt,(12:02) #34 P.Stainton punt 49 yards to the WMU22 fair catch by #86 B.Bosma at WMU22,,2025-12-06T19:55:14.000Z
401777329,40177732927,401777329590,19,1,Miami (OH),Mid-American,6,Western Michigan,Mid-American,23,Western Michigan,Miami (OH),4,"{'minutes': 14, 'seconds': 46}",2.0,0.0,93,93,1,10,2,False,Rush,(14:51) Shotgun #0 K.Reynolds rush left for 2 yards gain to the MIA09 (#1 J.Franklin; #3 T.Hallock),-0.19818242222171722,2025-12-06T19:50:42.000Z
401777329,40177732927,401777329594,19,2,Miami (OH),Mid-American,6,Western Michigan,Mid-American,23,Western Michigan,Miami (OH),4,"{'minutes': 14, 'seconds': 7}",2.0,0.0,91,91,2,8,4,False,Rush,(14:16) Shotgun #12 H.Hesson rush left for 4 yards gain to the MIA13 (#8 J.Sims),-0.02506761514887224,2025-12-06T19:51:19.000Z
401777329,40177732927,401777329602,19,4,Miami (OH),Mid-American,6,Western Michigan,Mid-American,23,Western Michigan,Miami (OH),4,"{'minutes': 13, 'seconds': 27}",2.0,0.0,72,72,1,10,-3,False,Rush,(13:31) Shotgun #14 D.Jones rush right for 3 yards loss to the MIA25 (#1 J.Franklin; #0 M.Al-Garawi),-1.0963995718890294,2025-12-06T19:53:10.000Z
401777329,40177732927,401777329606,19,5,Miami (OH),Mid-American,6,Western Michigan,Mid-American,23,Western Michigan,Miami (OH),4,"{'minutes': 12, 'seconds': 50}",2.0,0.0,75,75,2,13,4,False,Rush,(12:55) Shotgun #14 D.Jones rush middle for 4 yards gain to the MIA29 (#47 D.Moon; #91 M.Tyler),-0.048679571138451116,2025-12-06T19:53:47.000Z
401777329,40177732927,401777329610,19,6,Miami (OH),Mid-American,6,Western Michigan,Mid-American,23,Western Michigan,Miami (OH),4,"{'minutes': 12, 'seconds': 4}",2.0,0.0,71,71,3,9,0,False,Pass Incompletion,(12:10) Shotgun #12 H.Hesson pass incomplete deep right to #0 K.Reynolds thrown to WMU47 broken up by #1 J.Franklin QB hurried by #3 T.Hallock and #10 S.Saipaia,-0.2279899530624956,2025-12-06T19:54:34.000Z
401777329,40177732928,401777329622,20,2,Western Michigan,Mid-American,23,Miami (OH),Mid-American,6,Western Michigan,Miami (OH),4,"{'minutes': 11, 'seconds': 20}",0.0,1.0,33,67,1,10,5,False,Penalty,PENALTY WMU False Start (#76 C.Schuster) 5 yards from WMU33 to WMU28. NO PLAY,,2025-12-06T19:59:22.000Z
401777329,40177732928,401777329638,20,6,Western Michigan,Mid-American,23,Miami (OH),Mid-American,6,Western Michigan,Miami (OH),4,"{'minutes': 9, 'seconds': 25}",0.0,1.0,35,65,4,8,0,False,Punt,(09:30) #25 R.Millmore punt 45 yards to the MIA20 fair catch by #10 L.Billups-Williams at MIA20,,2025-12-06T20:02:10.000Z
401777329,40177732928,401777329644,20,7,Western Michigan,Mid-American,23,Miami (OH),Mid-American,6,Western Michigan,Miami (OH),4,"{'minutes': 9, 'seconds': 25}",-1.0,1.0,35,65,4,8,0,False,Timeout,"Timeout Western Michigan, clock 09:25",,2025-12-06T20:02:38.000Z
401777329,40177732928,401777329617,20,1,Western Michigan,Mid-American,23,Miami (OH),Mid-American,6,Western Michigan,Miami (OH),4,"{'minutes': 11, 'seconds': 46}",0.0,1.0,22,78,1,10,11,False,Rush,"(11:55) Shotgun #12 B.Lowry rush middle for 11 yards gain to the WMU33 (#2 D.Bell), 1ST DOWN",0.8429281331999734,2025-12-06T19:58:49.000Z
401777329,40177732928,401777329625,20,3,Western Michigan,Mid-American,23,Miami (OH),Mid-American,6,Western Michigan,Miami (OH),4,"{'minutes': 10, 'seconds': 30}",0.0,1.0,28,72,1,15,5,False,Fumble Recovery (Own),"(10:58) Shotgun #12 B.Lowry rush middle for 5 yards gain to the WMU33 fumbled by #12 B.Lowry at WMU29 forced by #1 E.Blakey recovered by WMU #0 T.Williams at WMU33, End Of Play",0.0500269875081463,2025-12-06T20:00:09.000Z
401777329,40177732928,401777329631,20,4,Western Michigan,Mid-American,23,Miami (OH),Mid-American,6,Western Michigan,Miami (OH),4,"{'minutes': 10, 'seconds': 10}",0.0,1.0,33,67,2,10,2,False,Rush,(10:16) Shotgun #6 J.Buckley rush right for 2 yards gain to the WMU35 (#23 O.McWood; #6 A.Walker Jr.),-0.3529921764419726,2025-12-06T20:00:48.000Z
401777329,40177732928,401777329635,20,5,Western Michigan,Mid-American,23,Miami (OH),Mid-American,6,Western Michigan,Miami (OH),4,"{'minutes': 9, 'seconds': 32}",0.0,1.0,35,65,3,8,0,False,Pass Incompletion,(09:36) Shotgun #12 B.Lowry pass incomplete deep left to #18 A.Chenault thrown to MIA35 broken up by #17 K.Martin QB hurried by #20 A.Trick,-0.3653640252162109,2025-12-06T20:01:28.000Z
401777329,40177732931,401777329685,22,1,Miami (OH),Mid-American,13,Western Michigan,Mid-American,23,Western Michigan,Miami (OH),4,"{'minutes': 6, 'seconds': 42}",0.0,-1.0,65,65,1,10,0,False,Kickoff,"(06:43) #38 K.McLaughlin onside kickoff 8 yards to the MIA43, End Of Play",,2025-12-06T20:12:57.000Z
401777329,40177732931,401777329696,22,3,Miami (OH),Mid-American,13,Western Michigan,Mid-American,23,Western Michigan,Miami (OH),4,"{'minutes': 6, 'seconds': 38}",-1.0,-1.0,57,57,1,10,0,False,Timeout,"Timeout Miami (OH), clock 06:38",,2025-12-06T20:17:22.000Z
401777329,40177732931,401777329701,22,5,Miami (OH),Mid-American,13,Western Michigan,Mid-American,23,Western Michigan,Miami (OH),4,"{'minutes': 6, 'seconds': 33}",-2.0,-1.0,60,60,2,7,0,False,Timeout,"Timeout Miami (OH), clock 06:33",,2025-12-06T20:18:28.000Z
401777329,40177732931,401777329706,22,7,Miami (OH),Mid-American,13,Western Michigan,Mid-American,23,Western Michigan,Miami (OH),4,"{'minutes': 6, 'seconds': 26}",-3.0,-1.0,63,63,3,4,0,False,Timeout,"Timeout Miami (OH), clock 06:26",,2025-12-06T20:19:39.000Z
401777329,40177732931,401777329690,22,2,Western Michigan,Mid-American,23,Miami (OH),Mid-American,13,Western Michigan,Miami (OH),4,"{'minutes': 6, 'seconds': 38}",-1.0,0.0,57,43,1,10,3,False,Rush,(06:40) Shotgun #12 B.Lowry rush left for 3 yards gain to the MIA40 (#1 E.Blakey),-0.3057652594509188,2025-12-06T20:17:11.000Z
401777329,40177732931,401777329694,22,4,Western Michigan,Mid-American,23,Miami (OH),Mid-American,13,Western Michigan,Miami (OH),4,"{'minutes': 6, 'seconds': 33}",-1.0,-1.0,60,40,2,7,3,False,Rush,(06:36) Shotgun #6 J.Buckley rush right for 3 yards gain to the MIA37 (#23 O.McWood; #8 K.Beasley),-0.342027404731185,2025-12-06T20:18:11.000Z
401777329,40177732931,401777329699,22,6,Western Michigan,Mid-American,23,Miami (OH),Mid-American,13,Western Michigan,Miami (OH),4,"{'minutes': 6, 'seconds': 26}",-1.0,-2.0,63,37,3,4,3,False,Rush,(06:30) Shotgun #6 J.Buckley rush middle for 3 yards gain to the MIA34 (#52 N.Washington; #22 B.Jobe),-0.3745007895977893,2025-12-06T20:19:22.000Z
401777329,40177732931,401777329704,22,8,Western Michigan,Mid-American,23,Miami (OH),Mid-American,13,Western Michigan,Miami (OH),4,"{'minutes': 6, 'seconds': 23}",-1.0,-3.0,66,34,4,1,0,False,Pass Incompletion,"(06:26) Shotgun #12 B.Lowry pass incomplete short right to #86 B.Bosma thrown to MIA32, TURNOVER ON DOWNS",-2.6253364582892527,2025-12-06T20:20:34.000Z
401777329,40177732932,401777329721,23,4,Western Michigan,Mid-American,23,Miami (OH),Mid-American,13,Western Michigan,Miami (OH),4,"{'minutes': 6, 'seconds': 8}",-2.0,-3.0,66,34,3,10,0,False,Timeout,"Timeout Western Michigan, clock 06:08",,2025-12-06T20:23:34.000Z
401777329,40177732932,401777329710,23,1,Miami (OH),Mid-American,13,Western Michigan,Mid-American,23,Western Michigan,Miami (OH),4,"{'minutes': 6, 'seconds': 17}",-3.0,-1.0,66,66,1,10,0,False,Pass Incompletion,(06:21) Shotgun #12 H.Hesson pass incomplete short left to #18 B.Isom thrown to MIA48 broken up by #1 J.Franklin,-0.9864556271674072,2025-12-06T20:21:25.000Z
401777329,40177732932,401777329713,23,2,Miami (OH),Mid-American,13,Western Michigan,Mid-American,23,Western Michigan,Miami (OH),4,"{'minutes': 6, 'seconds': 13}",-3.0,-1.0,66,66,2,10,0,False,Pass Incompletion,(06:16) Shotgun #12 H.Hesson pass incomplete short left to #0 K.Reynolds thrown to MIA41 broken up by #5 A.Wofford QB hurried by #11 N.Tucker,-0.5706151419644927,2025-12-06T20:22:11.000Z
401777329,40177732932,401777329716,23,3,Miami (OH),Mid-American,13,Western Michigan,Mid-American,23,Western Michigan,Miami (OH),4,"{'minutes': 6, 'seconds': 8}",-3.0,-1.0,66,66,3,10,0,False,Pass Incompletion,(06:11) Shotgun #12 H.Hesson pass incomplete deep left to #84 C.Weaver thrown to WMU45 QB hurried by #20 K.Fisher,-0.28370867933155,2025-12-06T20:22:56.000Z
401777329,40177732932,401777329719,23,5,Miami (OH),Mid-American,13,Western Michigan,Mid-American,23,Western Michigan,Miami (OH),4,"{'minutes': 6, 'seconds': 4}",-3.0,-2.0,66,66,4,10,-3,False,Sack,"(06:06) Shotgun #12 H.Hesson sacked for loss of 3 yards to the MIA31 (#11 N.Tucker), TURNOVER ON DOWNS",0.1775488381930641,2025-12-06T20:24:49.000Z
401777329,40177732933,401777329754,24,7,Western Michigan,Mid-American,23,Miami (OH),Mid-American,13,Western Michigan,Miami (OH),4,"{'minutes': 2, 'seconds': 0}",-3.0,-3.0,92,8,3,8,0,False,Timeout,"Timeout Western Michigan, clock 02:00",,2025-12-06T20:30:27.000Z
401777329,40177732933,401777329725,24,1,Western Michigan,Mid-American,23,Miami (OH),Mid-American,13,Western Michigan,Miami (OH),4,"{'minutes': 5, 'seconds': 57}",-2.0,-3.0,69,31,1,10,11,False,Pass Reception,"(06:02) Shotgun #12 B.Lowry pass complete short right to #2 M.Brescia caught at MIA32, for 11 yards to the MIA20 (#17 K.Martin), out of bounds, 1ST DOWN",0.224018441041249,2025-12-06T20:25:38.000Z
401777329,40177732933,401777329730,24,2,Western Michigan,Mid-American,23,Miami (OH),Mid-American,13,Western Michigan,Miami (OH),4,"{'minutes': 5, 'seconds': 15}",-2.0,-3.0,80,20,1,10,5,False,Rush,(05:20) Shotgun #6 J.Buckley rush middle for 5 yards gain to the MIA15 (#11 B.Uihlein),0.07438453789675,2025-12-06T20:26:23.000Z
401777329,40177732933,401777329734,24,3,Western Michigan,Mid-American,23,Miami (OH),Mid-American,13,Western Michigan,Miami (OH),4,"{'minutes': 4, 'seconds': 27}",-2.0,-3.0,85,15,2,5,5,False,Rush,"(04:33) Shotgun #6 J.Buckley rush right for 5 yards gain to the MIA10 (#1 E.Blakey; #92 R.Andrews), 1ST DOWN",0.029716348885507,2025-12-06T20:27:11.000Z
401777329,40177732933,401777329738,24,4,Western Michigan,Mid-American,23,Miami (OH),Mid-American,13,Western Michigan,Miami (OH),4,"{'minutes': 3, 'seconds': 27}",-2.0,-3.0,90,10,1,10,0,False,Fumble Recovery (Own),"(03:46) Shotgun #6 J.Buckley rush right for 0 yards to the MIA10 fumbled by #6 J.Buckley at MIA10 forced by #20 A.Trick recovered by WMU #12 B.Lowry at MIA10, End Of Play",-0.2853930592519426,2025-12-06T20:28:01.000Z
401777329,40177732933,401777329744,24,5,Western Michigan,Mid-American,23,Miami (OH),Mid-American,13,Western Michigan,Miami (OH),4,"{'minutes': 3, 'seconds': 11}",-2.0,-3.0,90,10,2,10,2,False,Rush,(03:15) Shotgun #12 B.Lowry rush middle for 2 yards gain to the MIA08 (#8 K.Beasley; #52 N.Washington),-0.1468662826898704,2025-12-06T20:29:09.000Z
401777329,40177732933,401777329748,24,6,Western Michigan,Mid-American,23,Miami (OH),Mid-American,13,Western Michigan,Miami (OH),4,"{'minutes': 2, 'seconds': 28}",-2.0,-3.0,92,8,3,8,3,False,Rush,(02:33) Shotgun #12 B.Lowry rush left for 3 yards gain to the MIA05 (#43 G.Lyons; #29 S.Walters),-0.106505973619337,2025-12-06T20:29:51.000Z
401777329,40177732933,401777329755,24,8,Western Michigan,Mid-American,23,Miami (OH),Mid-American,13,Western Michigan,Miami (OH),4,"{'minutes': 1, 'seconds': 55}",-3.0,-3.0,95,5,4,5,4,False,Rush,"(01:55) Shotgun #25 R.Millmore rush left for 4 yards gain to the MIA01 (#29 S.Walters), TURNOVER ON DOWNS",-3.947407842189408,2025-12-06T20:34:10.000Z
401777329,40177732934,401777329783,25,7,Western Michigan,Mid-American,23,Miami (OH),Mid-American,13,Western Michigan,Miami (OH),4,"{'minutes': 0, 'seconds': 55}",-4.0,-3.0,84,16,3,18,0,False,Timeout,"Timeout Western Michigan, clock 00:55",,2025-12-06T20:38:32.000Z
401777329,40177732934,401777329760,25,1,Miami (OH),Mid-American,13,Western Michigan,Mid-American,23,Western Michigan,Miami (OH),4,"{'minutes': 1, 'seconds': 50}",-3.0,-3.0,99,99,1,10,0,False,Pass Incompletion,(01:50) Shotgun #12 H.Hesson pass incomplete deep left to #18 B.Isom thrown to MIA27 QB hurried by #20 K.Fisher,-0.24120998460901966,2025-12-06T20:35:03.000Z
401777329,40177732934,401777329763,25,2,Miami (OH),Mid-American,13,Western Michigan,Mid-American,23,Western Michigan,Miami (OH),4,"{'minutes': 1, 'seconds': 46}",-3.0,-3.0,99,99,2,10,0,False,Pass Incompletion,(01:46) Shotgun #12 H.Hesson pass incomplete short right to #8 K.Perry thrown to MIA13,-0.10236731084207573,2025-12-06T20:35:44.000Z
401777329,40177732934,401777329766,25,3,Miami (OH),Mid-American,13,Western Michigan,Mid-American,23,Western Michigan,Miami (OH),4,"{'minutes': 1, 'seconds': 40}",-3.0,-3.0,99,99,3,10,23,False,Pass Reception,"(01:44) Shotgun #12 H.Hesson pass complete short middle to #84 C.Weaver caught at MIA17, for 23 yards to the MIA24 (#18 M.Davis), 1ST DOWN",1.1896388039047139,2025-12-06T20:36:27.000Z
401777329,40177732934,401777329771,25,4,Miami (OH),Mid-American,13,Western Michigan,Mid-American,23,Western Michigan,Miami (OH),4,"{'minutes': 1, 'seconds': 30}",-3.0,-3.0,76,76,1,10,-4,False,Sack,"(01:35) No Huddle-Shotgun #12 H.Hesson sacked for loss of 8 yards to the MIA16 (#20 K.Fisher, #11 N.Tucker)",-0.968764859270836,2025-12-06T20:36:47.000Z
401777329,40177732934,401777329775,25,5,Miami (OH),Mid-American,13,Western Michigan,Mid-American,23,Western Michigan,Miami (OH),4,"{'minutes': 1, 'seconds': 1}",-3.0,-3.0,84,84,2,18,0,False,Pass Incompletion,(01:02) No Huddle-Shotgun #12 H.Hesson pass incomplete deep left to #18 B.Isom thrown to MIA40,-0.08243614303196355,2025-12-06T20:37:19.000Z
401777329,40177732934,401777329778,25,6,Miami (OH),Mid-American,13,Western Michigan,Mid-American,23,Western Michigan,Miami (OH),4,"{'minutes': 0, 'seconds': 55}",-3.0,-3.0,84,84,3,18,0,False,Pass Incompletion,(00:59) No Huddle-Shotgun #12 H.Hesson pass incomplete deep right to #4 D.Colzie thrown to MIA47,-0.0359358558385523,2025-12-06T20:37:57.000Z
401777329,40177732934,401777329781,25,8,Miami (OH),Mid-American,13,Western Michigan,Mid-American,23,Western Michigan,Miami (OH),4,"{'minutes': 0, 'seconds': 49}",-3.0,-4.0,84,84,4,18,0,False,Pass Incompletion,"(00:53) No Huddle-Shotgun #12 H.Hesson pass incomplete deep right to #4 D.Colzie thrown to MIA50 QB hurried by #20 K.Fisher, TURNOVER ON DOWNS",0.3826365218864449,2025-12-06T20:39:34.000Z
401777329,40177732935,401777329794,26,3,Western Michigan,Mid-American,23,Miami (OH),Mid-American,13,Western Michigan,Miami (OH),4,"{'minutes': 0, 'seconds': 0}",-4.0,-3.0,83,17,2,11,-1,False,End of Game,End of 4th quarter.,,2025-12-06T20:41:03.000Z
401777329,40177732935,401777329786,26,1,Western Michigan,Mid-American,23,Miami (OH),Mid-American,13,Western Michigan,Miami (OH),4,"{'minutes': 0, 'seconds': 43}",-4.0,-3.0,84,16,1,10,-1,False,Rush,(00:48) Kneel down by #12 B.Lowry at MIA17 for loss of 1 yard,-0.4029360320644906,2025-12-06T20:40:14.000Z
401777329,40177732935,401777329789,26,2,Western Michigan,Mid-American,23,Miami (OH),Mid-American,13,Western Michigan,Miami (OH),4,"{'minutes': 0, 'seconds': 30}",-4.0,-3.0,83,17,2,11,-1,False,Rush,(00:30) Kneel down by #12 B.Lowry at MIA18 for loss of 1 yard,-0.5282577273189637,2025-12-06T20:40:31.000Z
401777329,40177732929,401777329687,21,9,Miami (OH),Mid-American,13,Western Michigan,Mid-American,23,Western Michigan,Miami (OH),4,"{'minutes': 6, 'seconds': 43}",0.0,-1.0,3,3,0,0,0,False,Timeout,"Timeout Miami (OH), clock 06:43",,2025-12-06T20:13:00.000Z
401777329,40177732929,401777329642,21,1,Miami (OH),Mid-American,6,Western Michigan,Mid-American,23,Western Michigan,Miami (OH),4,"{'minutes': 9, 'seconds': 15}",1.0,-1.0,80,80,1,10,2,False,Rush,(09:24) Shotgun #0 K.Reynolds rush middle for 2 yards gain to the MIA22 (#10 S.Saipaia),-0.3623882030735057,2025-12-06T20:05:47.000Z
401777329,40177732929,401777329674,21,8,Miami (OH),Mid-American,13,Western Michigan,Mid-American,23,Western Michigan,Miami (OH),4,"{'minutes': 6, 'seconds': 43}",1.0,-1.0,6,6,2,6,6,True,Passing Touchdown,"(06:48) Shotgun #12 H.Hesson pass complete short right to #84 C.Weaver caught at WMU01, for 6 yards to the WMU00 TOUCHDOWN, clock 06:43 #31 D.Dzioban kick attempt good (H: #34 P.Stainton, LS: #59 H.Powell)",2.528666992781938,2025-12-06T20:11:45.000Z
401777329,40177732929,401777329647,21,2,Miami (OH),Mid-American,6,Western Michigan,Mid-American,23,Western Michigan,Miami (OH),4,"{'minutes': 8, 'seconds': 28}",1.0,-1.0,78,78,2,8,6,False,Pass Reception,"(08:37) Shotgun #12 H.Hesson pass complete short left to #8 K.Perry caught at MIA28, for 6 yards to the MIA28 (#18 M.Davis)",0.19367068890373407,2025-12-06T20:06:33.000Z
401777329,40177732929,401777329652,21,3,Miami (OH),Mid-American,6,Western Michigan,Mid-American,23,Western Michigan,Miami (OH),4,"{'minutes': 8, 'seconds': 6}",1.0,-1.0,72,72,3,2,14,False,Pass Reception,"(08:15) Shotgun #12 H.Hesson pass complete short left to #8 K.Perry caught at MIA33, for 14 yards to the MIA42 (#18 M.Davis; #8 J.Sims), 1ST DOWN. #8 K.Perry injured on the play",1.993072097735559,2025-12-06T20:06:56.000Z
401777329,40177732929,401777329659,21,4,Miami (OH),Mid-American,6,Western Michigan,Mid-American,23,Western Michigan,Miami (OH),4,"{'minutes': 7, 'seconds': 49}",1.0,-1.0,58,58,1,10,36,False,Pass Reception,"(07:56) Shotgun #12 H.Hesson pass complete short left to #84 C.Weaver caught at MIA45, for 36 yards to the WMU22 (#10 S.Saipaia), out of bounds, 1ST DOWN",1.9140804453908555,2025-12-06T20:08:55.000Z
401777329,40177732929,401777329664,21,5,Miami (OH),Mid-American,6,Western Michigan,Mid-American,23,Western Michigan,Miami (OH),4,"{'minutes': 7, 'seconds': 26}",1.0,-1.0,22,22,1,10,0,False,Pass Incompletion,(07:28) Shotgun #12 H.Hesson pass incomplete short left to #84 C.Weaver thrown to WMU07,-0.402662020534962,2025-12-06T20:09:34.000Z
401777329,40177732929,401777329667,21,6,Miami (OH),Mid-American,6,Western Michigan,Mid-American,23,Western Michigan,Miami (OH),4,"{'minutes': 7, 'seconds': 20}",1.0,-1.0,22,22,2,10,16,False,Rush,"(07:24) Shotgun #14 D.Jones rush left for 16 yards gain to the WMU06 (#3 T.Hallock; #1 J.Franklin), out of bounds, 1ST DOWN",0.997795016118145,2025-12-06T20:10:20.000Z
401777329,40177732929,401777329671,21,7,Miami (OH),Mid-American,6,Western Michigan,Mid-American,23,Western Michigan,Miami (OH),4,"{'minutes': 6, 'seconds': 50}",1.0,-1.0,6,6,1,6,0,False,Pass Incompletion,(06:52) Shotgun #12 H.Hesson pass incomplete short left to #84 C.Weaver thrown to WMU00,-0.476177221716661,2025-12-06T20:11:01.000Z
