gameId,driveId,id,driveNumber,playNumber,offense,offenseConference,offenseScore,defense,defenseConference,defenseScore,home,away,period,clock,offenseTimeouts,defenseTimeouts,yardline,yardsToGoal,down,distance,yardsGained,scoring,playType,playText,ppa,wallclock
401762789,4017627892,401762789101849904,1,1,Akron,Mid-American,0,Wyoming,Mountain West,0,Akron,Wyoming,1,"{'minutes': 15, 'seconds': 0}",,,35,65,1,10,0,False,Kickoff,Owen Wiley kickoff for 65 yds for a touchback,,2025-08-28T23:04:33.000Z
401762789,4017627892,401762789101904201,1,12,Wyoming,Mountain West,0,Akron,Mid-American,0,Akron,Wyoming,1,"{'minutes': 9, 'seconds': 57}",,,37,37,4,11,0,False,Punt,Jr. Bart Edmiston punt for 37 yds,,2025-08-28T23:04:33.000Z
401762789,4017627892,401762789101854101,1,2,Wyoming,Mountain West,0,Akron,Mid-American,0,Akron,Wyoming,1,"{'minutes': 14, 'seconds': 58}",,,75,75,1,10,1,False,Rush,Chris Durr Jr. run for 1 yd to the WYO 26,-0.5874795431016855,2025-08-28T23:04:54.000Z
401762789,4017627892,401762789101857601,1,3,Wyoming,Mountain West,0,Akron,Mid-American,0,Akron,Wyoming,1,"{'minutes': 14, 'seconds': 23}",,,74,74,2,9,4,False,Rush,Sam Scott run for 4 yds to the WYO 30,-0.07170781243074043,2025-08-28T23:04:33.000Z
401762789,4017627892,401762789101864901,1,4,Wyoming,Mountain West,0,Akron,Mid-American,0,Akron,Wyoming,1,"{'minutes': 13, 'seconds': 50}",,,70,70,3,5,4,False,Pass Reception,Kaden Anderson pass complete to Bricen Brantley for 4 yds to the WYO 34,-0.06449296258092385,2025-08-28T23:04:33.000Z
401762789,4017627892,401762789101869401,1,5,Wyoming,Mountain West,0,Akron,Mid-American,0,Akron,Wyoming,1,"{'minutes': 13, 'seconds': 5}",,,66,66,4,1,6,False,Rush,Sam Scott run for 6 yds to the WYO 40 for a 1ST down,2.044534833690996,2025-08-28T23:06:33.000Z
401762789,4017627892,401762789101875301,1,6,Wyoming,Mountain West,0,Akron,Mid-American,0,Akron,Wyoming,1,"{'minutes': 12, 'seconds': 46}",,,60,60,1,10,8,False,Pass Reception,Kaden Anderson pass complete to Jackson Holman for 8 yds to the WYO 48,1.0159674518504005,2025-08-28T23:06:44.000Z
401762789,4017627892,401762789101877101,1,7,Wyoming,Mountain West,0,Akron,Mid-American,0,Akron,Wyoming,1,"{'minutes': 12, 'seconds': 28}",,,52,52,2,2,-1,False,Rush,Kaden Anderson run for a loss of 1 yard to the WYO 47,-1.6096618511979859,2025-08-28T23:04:33.000Z
401762789,4017627892,401762789101886601,1,8,Wyoming,Mountain West,0,Akron,Mid-American,0,Akron,Wyoming,1,"{'minutes': 11, 'seconds': 33}",,,53,53,3,3,17,False,Pass Reception,Kaden Anderson pass complete to Chris Durr Jr. for 17 yds to the AKR 36 for a 1ST down,2.3398169084774647,2025-08-28T23:08:05.000Z
401762789,4017627892,401762789101889801,1,9,Wyoming,Mountain West,0,Akron,Mid-American,0,Akron,Wyoming,1,"{'minutes': 11, 'seconds': 1}",,,36,36,1,10,0,False,Pass Reception,Kaden Anderson pass complete to Chris Durr Jr. for no gain to the AKR 36,-0.7215426143188567,2025-08-28T23:04:33.000Z
401762789,4017627892,401762789101898401,1,10,Wyoming,Mountain West,0,Akron,Mid-American,0,Akron,Wyoming,1,"{'minutes': 10, 'seconds': 15}",,,36,36,2,10,-1,False,Pass Reception,Kaden Anderson pass complete to Bricen Brantley for a loss of 1 yard to the AKR 37,-1.1596986590885534,2025-08-28T23:10:44.000Z
401762789,4017627892,401762789101899301,1,11,Wyoming,Mountain West,0,Akron,Mid-American,0,Akron,Wyoming,1,"{'minutes': 10, 'seconds': 6}",,,37,37,3,11,0,False,Pass Incompletion,Kaden Anderson pass incomplete to John Michael Gyllenborg,-0.9961219069175388,2025-08-28T23:12:30.000Z
401762789,4017627893,401762789101924701,2,6,Akron,Mid-American,0,Wyoming,Mountain West,0,Akron,Wyoming,1,"{'minutes': 7, 'seconds': 52}",,,41,59,4,8,0,False,Punt,Joseph Castle punt for 42 yds,,2025-08-28T23:20:17.000Z
401762789,4017627893,401762789101905201,2,1,Akron,Mid-American,0,Wyoming,Mountain West,0,Akron,Wyoming,1,"{'minutes': 9, 'seconds': 47}",,,20,80,1,10,1,False,Rush,Sean Patrick run for 1 yd to the AKR 21,-0.46882789768185695,2025-08-28T23:14:06.000Z
401762789,4017627893,401762789101908001,2,2,Akron,Mid-American,0,Wyoming,Mountain West,0,Akron,Wyoming,1,"{'minutes': 9, 'seconds': 19}",,,21,79,2,9,18,False,Pass Reception,Ben Finley pass complete to Sean Patrick for 18 yds to the AKR 39 for a 1ST down,1.9998696568220937,2025-08-28T23:14:41.000Z
401762789,4017627893,401762789101915301,2,3,Akron,Mid-American,0,Wyoming,Mountain West,0,Akron,Wyoming,1,"{'minutes': 8, 'seconds': 46}",,,39,61,1,10,2,False,Rush,Jordan Gant run for 2 yds to the AKR 41,-0.673782181215797,2025-08-28T23:14:56.000Z
401762789,4017627893,401762789101919101,2,4,Akron,Mid-American,0,Wyoming,Mountain West,0,Akron,Wyoming,1,"{'minutes': 8, 'seconds': 8}",,,41,59,2,8,0,False,Pass Incompletion,Ben Finley pass incomplete to Shammond Cooper,-0.8991648660998165,2025-08-28T23:16:05.000Z
401762789,4017627893,401762789101919801,2,5,Akron,Mid-American,0,Wyoming,Mountain West,0,Akron,Wyoming,1,"{'minutes': 8, 'seconds': 1}",,,41,59,3,8,0,False,Pass Incompletion,Ben Finley pass incomplete to Sean Patrick,-0.5168458897793737,2025-08-28T23:17:00.000Z
401762789,4017627894,401762789101965101,3,9,Wyoming,Mountain West,0,Akron,Mid-American,0,Akron,Wyoming,1,"{'minutes': 3, 'seconds': 48}",,,42,42,4,2,0,False,Punt,Jr. Bart Edmiston punt for 25 yds,,2025-08-28T23:26:06.000Z
401762789,4017627894,401762789101925201,3,1,Wyoming,Mountain West,0,Akron,Mid-American,0,Akron,Wyoming,1,"{'minutes': 7, 'seconds': 47}",,,83,83,1,10,9,False,Rush,Sam Scott run for 9 yds to the WYO 26,1.023085236154417,2025-08-28T23:20:55.000Z
401762789,4017627894,401762789101934001,3,2,Wyoming,Mountain West,0,Akron,Mid-American,0,Akron,Wyoming,1,"{'minutes': 6, 'seconds': 59}",,,74,74,2,1,12,False,Rush,Sam Scott run for 12 yds to the WYO 38 for a 1ST down,0.5590937057177499,2025-08-28T23:22:06.000Z
401762789,4017627894,401762789101937701,3,3,Wyoming,Mountain West,0,Akron,Mid-American,0,Akron,Wyoming,1,"{'minutes': 6, 'seconds': 22}",,,62,62,1,10,0,False,Pass Incompletion,Kaden Anderson pass incomplete to Jackson Holman,-1.087995077167328,2025-08-28T23:22:18.000Z
401762789,4017627894,401762789101938801,3,4,Wyoming,Mountain West,0,Akron,Mid-American,0,Akron,Wyoming,1,"{'minutes': 6, 'seconds': 11}",,,62,62,2,10,6,False,Pass Reception,Kaden Anderson pass complete to Charlie Coenen for 6 yds to the WYO 44,0.2746278483667375,2025-08-28T23:22:55.000Z
401762789,4017627894,401762789101946001,3,5,Wyoming,Mountain West,0,Akron,Mid-American,0,Akron,Wyoming,1,"{'minutes': 5, 'seconds': 39}",,,56,56,3,4,6,False,Rush,Sam Scott run for 6 yds to the 50 yard line for a 1ST down,1.924958937358708,2025-08-28T23:04:33.000Z
401762789,4017627894,401762789101948101,3,6,Wyoming,Mountain West,0,Akron,Mid-American,0,Akron,Wyoming,1,"{'minutes': 5, 'seconds': 18}",,,50,50,1,10,8,False,Pass Reception,Kaden Anderson pass complete to John Michael Gyllenborg for 8 yds to the AKR 42,0.838762649996877,2025-08-28T23:24:06.000Z
401762789,4017627894,401762789101955801,3,7,Wyoming,Mountain West,0,Akron,Mid-American,0,Akron,Wyoming,1,"{'minutes': 4, 'seconds': 41}",,,42,42,2,2,0,False,Pass Incompletion,Kaden Anderson pass incomplete to John Michael Gyllenborg,-1.129742029955457,2025-08-28T23:24:31.000Z
401762789,4017627894,401762789101956101,3,8,Wyoming,Mountain West,0,Akron,Mid-American,0,Akron,Wyoming,1,"{'minutes': 4, 'seconds': 38}",,,42,42,3,2,0,False,Rush,Samuel Harris run for no gain to the AKR 42,-1.1544143744299566,2025-08-28T23:24:55.000Z
401762789,4017627895,401762789101997102,4,9,Akron,Mid-American,0,Wyoming,Mountain West,0,Akron,Wyoming,1,"{'minutes': 0, 'seconds': 0}",,,47,53,0,6,-8,False,End Period,End of 1st Quarter,,2025-08-28T23:42:17.000Z
401762789,4017627895,401762789102854301,4,10,Akron,Mid-American,0,Wyoming,Mountain West,0,Akron,Wyoming,2,"{'minutes': 14, 'seconds': 56}",,,39,61,4,14,0,False,Punt,Brayden Johnson punt for 49 yds,,2025-08-28T23:42:17.000Z
401762789,4017627895,401762789101965601,4,1,Akron,Mid-American,0,Wyoming,Mountain West,0,Akron,Wyoming,1,"{'minutes': 3, 'seconds': 43}",,,17,83,1,10,6,False,Rush,Sean Patrick run for 6 yds to the AKR 23,0.2630652541633021,2025-08-28T23:04:33.000Z
401762789,4017627895,401762789101968701,4,2,Akron,Mid-American,0,Wyoming,Mountain West,0,Akron,Wyoming,1,"{'minutes': 3, 'seconds': 12}",,,23,77,2,4,0,False,Pass Incompletion,"Ben Finley pass incomplete to Myles Walker, broken up by Brayden Johnson",-0.6275313998083698,2025-08-28T23:30:05.000Z
401762789,4017627895,401762789101969101,4,3,Akron,Mid-American,0,Wyoming,Mountain West,0,Akron,Wyoming,1,"{'minutes': 3, 'seconds': 8}",,,23,77,3,4,10,False,Pass Reception,Ben Finley pass complete to Sean Patrick for 10 yds to the AKR 33 for a 1ST down,1.4705920590555763,2025-08-28T23:30:32.000Z
401762789,4017627895,401762789101976201,4,4,Akron,Mid-American,0,Wyoming,Mountain West,0,Akron,Wyoming,1,"{'minutes': 2, 'seconds': 37}",,,33,67,1,10,5,False,Rush,Michael Johnson Jr. run for 5 yds to the AKR 38,0.1068735075937823,2025-08-28T23:30:56.000Z
401762789,4017627895,401762789101984201,4,5,Akron,Mid-American,0,Wyoming,Mountain West,0,Akron,Wyoming,1,"{'minutes': 1, 'seconds': 57}",,,38,62,2,5,5,False,Rush,Michael Johnson Jr. run for 5 yds to the AKR 43 for a 1ST down,0.85686646403604,2025-08-28T23:04:33.000Z
401762789,4017627895,401762789101988501,4,6,Akron,Mid-American,0,Wyoming,Mountain West,0,Akron,Wyoming,1,"{'minutes': 1, 'seconds': 14}",,,43,57,1,10,0,False,Pass Incompletion,Ben Finley pass incomplete to Kyan Mason,-1.15714755134967,2025-08-28T23:32:06.000Z
401762789,4017627895,401762789101989001,4,7,Akron,Mid-American,0,Wyoming,Mountain West,0,Akron,Wyoming,1,"{'minutes': 1, 'seconds': 9}",,,43,57,2,10,4,False,Rush,Jordan Gant run for 4 yds to the AKR 47,-0.1498323988275079,2025-08-28T23:32:44.000Z
401762789,4017627895,401762789101997101,4,8,Akron,Mid-American,0,Wyoming,Mountain West,0,Akron,Wyoming,1,"{'minutes': 0, 'seconds': 28}",,,47,53,3,6,-8,False,Sack,Ben Finley sacked by Chisom Ifeanyi and Lucas Samsula for a loss of 8 yards to the AKR 39,-1.410402667946661,2025-08-28T23:42:17.000Z
401762789,4017627896,401762789102877101,5,5,Wyoming,Mountain West,0,Akron,Mid-American,0,Akron,Wyoming,2,"{'minutes': 12, 'seconds': 28}",,,74,74,4,6,-5,False,Penalty,"Wyoming Penalty, delay of game (Caleb Merritt) to the WYO 21",,2025-08-28T23:44:34.000Z
401762789,4017627896,401762789102877501,5,6,Wyoming,Mountain West,0,Akron,Mid-American,0,Akron,Wyoming,2,"{'minutes': 12, 'seconds': 24}",,,79,79,4,11,0,False,Punt,Jr. Bart Edmiston punt for 33 yds,,2025-08-28T23:45:01.000Z
401762789,4017627896,401762789102855501,5,1,Wyoming,Mountain West,0,Akron,Mid-American,0,Akron,Wyoming,2,"{'minutes': 14, 'seconds': 44}",,,88,88,1,10,10,False,Rush,Sam Scott run for 10 yds to the WYO 22 for a 1ST down,0.4592751892431943,2025-08-28T23:42:17.000Z
401762789,4017627896,401762789102859301,5,2,Wyoming,Mountain West,0,Akron,Mid-American,0,Akron,Wyoming,2,"{'minutes': 14, 'seconds': 6}",,,78,78,1,10,0,False,Pass Incompletion,Kaden Anderson pass incomplete to John Michael Gyllenborg,-0.6135902757979226,2025-08-28T23:42:17.000Z
401762789,4017627896,401762789102859901,5,3,Wyoming,Mountain West,0,Akron,Mid-American,0,Akron,Wyoming,2,"{'minutes': 14, 'seconds': 0}",,,78,78,2,10,-2,False,Rush,Sam Scott run for a loss of 2 yards to the WYO 20,-0.36232920406669056,2025-08-28T23:42:33.000Z
401762789,4017627896,401762789102868201,5,4,Wyoming,Mountain West,0,Akron,Mid-American,0,Akron,Wyoming,2,"{'minutes': 13, 'seconds': 17}",,,80,80,3,12,6,False,Rush,Kaden Anderson run for 6 yds to the WYO 26,0.04613711685099187,2025-08-28T23:42:33.000Z
401762789,4017627897,401762789102884301,6,4,Akron,Mid-American,0,Wyoming,Mountain West,0,Akron,Wyoming,2,"{'minutes': 11, 'seconds': 56}",,,46,54,4,10,0,False,Punt,Brayden Johnson punt for 40 yds,,2025-08-28T23:50:07.000Z
401762789,4017627897,401762789102878401,6,1,Akron,Mid-American,0,Wyoming,Mountain West,0,Akron,Wyoming,2,"{'minutes': 12, 'seconds': 15}",,,46,54,1,10,0,False,Pass Incompletion,"Ben Finley pass incomplete to Sean Patrick, broken up by Aneesh Vyas",-1.1590089706435955,2025-08-28T23:48:05.000Z
401762789,4017627897,401762789102878601,6,2,Akron,Mid-American,0,Wyoming,Mountain West,0,Akron,Wyoming,2,"{'minutes': 12, 'seconds': 13}",,,46,54,2,10,0,False,Pass Incompletion,Ben Finley pass incomplete to Alex Adams,-0.9368191801087571,2025-08-28T23:48:58.000Z
401762789,4017627897,401762789102879401,6,3,Akron,Mid-American,0,Wyoming,Mountain West,0,Akron,Wyoming,2,"{'minutes': 12, 'seconds': 5}",,,46,54,3,10,0,False,Pass Incompletion,Ben Finley pass incomplete to Alex Adams,-0.5798306702788407,2025-08-28T23:42:33.000Z
401762789,4017627898,401762789102904601,7,7,Wyoming,Mountain West,0,Akron,Mid-American,0,Akron,Wyoming,2,"{'minutes': 9, 'seconds': 53}",,,71,71,4,7,33,False,Punt,"Jr. Bart Edmiston punt for 33 yds Akron Penalty, roughing kicker (Melvin Spriggs) to the AKR 38",,2025-08-28T23:58:04.000Z
401762789,4017627898,401762789102885401,7,1,Wyoming,Mountain West,0,Akron,Mid-American,0,Akron,Wyoming,2,"{'minutes': 11, 'seconds': 45}",,,86,86,1,10,0,False,Pass Incompletion,"Kaden Anderson pass incomplete to Jackson Holman, broken up by Malcom DeWalt IV",-0.42008778911877176,2025-08-28T23:52:57.000Z
401762789,4017627898,401762789102886101,7,2,Wyoming,Mountain West,0,Akron,Mid-American,0,Akron,Wyoming,2,"{'minutes': 11, 'seconds': 38}",,,86,86,2,10,3,False,Rush,Sam Scott run for 3 yds to the WYO 17,-0.08048485688585671,2025-08-28T23:54:05.000Z
401762789,4017627898,401762789102889901,7,3,Wyoming,Mountain West,0,Akron,Mid-American,0,Akron,Wyoming,2,"{'minutes': 11, 'seconds': 0}",,,83,83,3,7,9,False,Rush,Kaden Anderson run for 9 yds to the WYO 26 for a 1ST down,1.1538631498725618,2025-08-28T23:54:18.000Z
401762789,4017627898,401762789102898201,7,4,Wyoming,Mountain West,0,Akron,Mid-American,0,Akron,Wyoming,2,"{'minutes': 10, 'seconds': 17}",,,74,74,1,10,3,False,Rush,Sam Scott run for 3 yds to the WYO 29,-0.30809127134716,2025-08-28T23:54:46.000Z
401762789,4017627898,401762789102904101,7,5,Wyoming,Mountain West,0,Akron,Mid-American,0,Akron,Wyoming,2,"{'minutes': 9, 'seconds': 58}",,,71,71,2,7,0,False,Pass Incompletion,"Kaden Anderson pass incomplete to Evan Svoboda, broken up by Kam Cheatom",-0.5873645894350776,2025-08-28T23:42:33.000Z
401762789,4017627898,401762789102904301,7,6,Wyoming,Mountain West,0,Akron,Mid-American,0,Akron,Wyoming,2,"{'minutes': 9, 'seconds': 56}",,,71,71,3,7,0,False,Pass Incompletion,Kaden Anderson pass incomplete to Bricen Brantley,-0.2821474529492116,2025-08-28T23:56:07.000Z
401762789,4017627899,401762789102906001,8,1,Akron,Mid-American,0,Wyoming,Mountain West,0,Akron,Wyoming,2,"{'minutes': 9, 'seconds': 39}",,,38,62,1,10,15,False,Pass Reception,Ben Finley pass complete to Sean Patrick for 15 yds to the WYO 47 for a 1ST down,1.3398013994130606,2025-08-28T23:58:18.000Z
401762789,4017627899,401762789102909101,8,2,Akron,Mid-American,0,Wyoming,Mountain West,0,Akron,Wyoming,2,"{'minutes': 9, 'seconds': 8}",,,53,47,1,10,0,False,Pass Incompletion,Ben Finley pass incomplete to Conner Cravaack,-1.0507069190375147,2025-08-28T23:58:46.000Z
401762789,4017627899,401762789102909801,8,3,Akron,Mid-American,0,Wyoming,Mountain West,0,Akron,Wyoming,2,"{'minutes': 9, 'seconds': 1}",,,53,47,2,10,3,False,Rush,Marquese Williams run for 3 yds to the WYO 44,-0.4001041789749902,2025-08-28T23:42:33.000Z
401762789,4017627899,401762789102917801,8,4,Akron,Mid-American,0,Wyoming,Mountain West,0,Akron,Wyoming,2,"{'minutes': 8, 'seconds': 21}",,,56,44,3,7,4,False,Rush,Jordan Gant run for 4 yds to the WYO 40,-0.1655667663160152,2025-08-29T00:00:20.000Z
401762789,4017627899,401762789102925601,8,5,Akron,Mid-American,0,Wyoming,Mountain West,0,Akron,Wyoming,2,"{'minutes': 7, 'seconds': 43}",,,60,40,4,3,2,False,Pass Reception,Ben Finley pass complete to Israel Polk for 2 yds to the WYO 38,-1.77041989440505,2025-08-29T00:02:06.000Z
401762789,40176278910,401762789102947901,9,8,Wyoming,Mountain West,3,Akron,Mid-American,0,Akron,Wyoming,2,"{'minutes': 5, 'seconds': 20}",,,8,8,4,8,25,True,Field Goal Good,Erik Sandvik 25 yd FG GOOD,,2025-08-29T00:08:05.000Z
401762789,40176278910,401762789102925901,9,1,Wyoming,Mountain West,0,Akron,Mid-American,0,Akron,Wyoming,2,"{'minutes': 7, 'seconds': 40}",,,62,62,1,10,-5,False,Pass Reception,"Kaden Anderson pass complete to Michael Fitzgerald for no gain to the WYO 38 Wyoming Penalty, inelgible downfield on pass (-5 Yards) to the WYO 33",-1.81161484241753,2025-08-29T00:02:19.000Z
401762789,40176278910,401762789102927801,9,2,Wyoming,Mountain West,0,Akron,Mid-American,0,Akron,Wyoming,2,"{'minutes': 7, 'seconds': 21}",,,67,67,1,15,0,False,Pass Incompletion,Kaden Anderson pass incomplete to Jackson Holman,-0.6657213097474228,2025-08-29T00:02:45.000Z
401762789,40176278910,401762789102928301,9,3,Wyoming,Mountain West,0,Akron,Mid-American,0,Akron,Wyoming,2,"{'minutes': 7, 'seconds': 16}",,,67,67,2,15,49,False,Pass Reception,Kaden Anderson pass complete to Chris Durr Jr. for 49 yds to the AKR 18 for a 1ST down,4.17282577402643,2025-08-29T00:04:07.000Z
401762789,40176278910,401762789102936801,9,4,Wyoming,Mountain West,0,Akron,Mid-American,0,Akron,Wyoming,2,"{'minutes': 6, 'seconds': 31}",,,18,18,1,10,9,False,Rush,"Sam Scott run for no gain to the AKR 18 for a 1ST down Akron Penalty, face mask (9 yards) (Bruno Dall) to the AKR 9 for a 1ST down",0.619457208414883,2025-08-29T00:04:46.000Z
401762789,40176278910,401762789102939201,9,5,Wyoming,Mountain West,0,Akron,Mid-American,0,Akron,Wyoming,2,"{'minutes': 6, 'seconds': 7}",,,9,9,1,9,0,False,Pass Incompletion,"Kaden Anderson pass incomplete to Chris Durr Jr., broken up by DiMarco Johnson",-0.315798379566314,2025-08-29T00:06:06.000Z
401762789,40176278910,401762789102939401,9,6,Wyoming,Mountain West,0,Akron,Mid-American,0,Akron,Wyoming,2,"{'minutes': 6, 'seconds': 5}",,,9,9,2,9,1,False,Rush,Samuel Harris run for 1 yd to the AKR 8,-0.206049980978473,2025-08-29T00:06:36.000Z
401762789,40176278910,401762789102947101,9,7,Wyoming,Mountain West,0,Akron,Mid-American,0,Akron,Wyoming,2,"{'minutes': 5, 'seconds': 28}",,,8,8,3,8,0,False,Pass Incompletion,Kaden Anderson pass incomplete to Chris Durr Jr.,-0.354205173792517,2025-08-28T23:42:33.000Z
401762789,40176278912,401762789102947902,10,1,Wyoming,Mountain West,3,Akron,Mid-American,0,Akron,Wyoming,2,"{'minutes': 5, 'seconds': 20}",,,65,65,1,10,25,False,Kickoff Return (Offense),"Jr. Bart Edmiston kickoff for 65 yds , Terence Thomas return for 25 yds to the AKR 25",,2025-08-29T00:08:05.000Z
401762789,40176278912,401762789102996901,10,15,Akron,Mid-American,0,Wyoming,Mountain West,3,Akron,Wyoming,2,"{'minutes': 0, 'seconds': 30}",,,68,32,4,16,49,False,Field Goal Missed,Owen Wiley 49 yd FG MISSED,,2025-08-29T00:28:05.000Z
401762789,40176278912,401762789102948601,10,2,Akron,Mid-American,0,Wyoming,Mountain West,3,Akron,Wyoming,2,"{'minutes': 5, 'seconds': 13}",,,25,75,1,10,7,False,Rush,Sean Patrick run for 7 yds to the AKR 32,0.604642460086338,2025-08-29T00:10:04.000Z
401762789,40176278912,401762789102956801,10,3,Akron,Mid-American,0,Wyoming,Mountain West,3,Akron,Wyoming,2,"{'minutes': 4, 'seconds': 31}",,,32,68,2,3,1,False,Pass Reception,Ben Finley pass complete to Conner Cravaack for 1 yd to the AKR 33,-0.824229914711947,2025-08-29T00:11:01.000Z
401762789,40176278912,401762789102964801,10,4,Akron,Mid-American,0,Wyoming,Mountain West,3,Akron,Wyoming,2,"{'minutes': 3, 'seconds': 51}",,,33,67,3,2,12,False,Rush,Sean Patrick run for 12 yds to the AKR 45 for a 1ST down,2.0207293370305655,2025-08-28T23:42:33.000Z
401762789,40176278912,401762789102968901,10,5,Akron,Mid-American,0,Wyoming,Mountain West,3,Akron,Wyoming,2,"{'minutes': 3, 'seconds': 10}",,,45,55,1,10,6,False,Rush,Jordan Gant run for 6 yds to the WYO 49,0.38118862332173,2025-08-29T00:12:47.000Z
401762789,40176278912,401762789102977001,10,6,Akron,Mid-American,0,Wyoming,Mountain West,3,Akron,Wyoming,2,"{'minutes': 2, 'seconds': 29}",,,51,49,2,4,12,False,Pass Reception,Ben Finley pass complete to Myles Walker for 12 yds to the WYO 37 for a 1ST down,0.8440159825178918,2025-08-29T00:13:01.000Z
401762789,40176278912,401762789102979901,10,7,Akron,Mid-American,0,Wyoming,Mountain West,3,Akron,Wyoming,2,"{'minutes': 2, 'seconds': 0}",,,63,37,1,10,5,False,Rush,Michael Johnson Jr. run for 5 yds to the WYO 32,0.0836657996975912,2025-08-29T00:17:05.000Z
401762789,40176278912,401762789102984401,10,8,Akron,Mid-American,0,Wyoming,Mountain West,3,Akron,Wyoming,2,"{'minutes': 1, 'seconds': 55}",,,68,32,2,5,0,False,Rush,Sean Patrick run for no gain to the WYO 32,-0.773059138019652,2025-08-29T00:18:06.000Z
401762789,40176278912,401762789102988101,10,9,Akron,Mid-American,0,Wyoming,Mountain West,3,Akron,Wyoming,2,"{'minutes': 1, 'seconds': 18}",,,68,32,3,5,4,False,Pass Reception,Ben Finley pass complete to Sean Patrick for 4 yds to the WYO 28,-0.1257672034039656,2025-08-29T00:18:18.000Z
401762789,40176278912,401762789102988401,10,10,Akron,Mid-American,0,Wyoming,Mountain West,3,Akron,Wyoming,2,"{'minutes': 1, 'seconds': 15}",,,72,28,4,1,2,False,Rush,Jordan Gant run for 2 yds to the WYO 26 for a 1ST down,1.146567050794589,2025-08-29T00:22:06.000Z
401762789,40176278912,401762789102994301,10,11,Akron,Mid-American,0,Wyoming,Mountain West,3,Akron,Wyoming,2,"{'minutes': 0, 'seconds': 56}",,,74,26,1,10,-5,False,Pass Reception,"Ben Finley pass complete to Sean Patrick for no gain to the WYO 26 Akron Penalty, inelgible downfield on pass (-5 Yards) to the WYO 31",-1.153006018103147,2025-08-28T23:42:33.000Z
401762789,40176278912,401762789102995201,10,12,Akron,Mid-American,0,Wyoming,Mountain West,3,Akron,Wyoming,2,"{'minutes': 0, 'seconds': 47}",,,69,31,1,15,-9,False,Sack,Ben Finley sacked by Ben Florentine for a loss of 9 yards to the WYO 40,-2.434768854201435,2025-08-29T00:26:06.000Z
401762789,40176278912,401762789102995401,10,13,Akron,Mid-American,0,Wyoming,Mountain West,3,Akron,Wyoming,2,"{'minutes': 0, 'seconds': 45}",,,60,40,2,24,0,False,Pass Incompletion,Ben Finley pass incomplete to Myles Walker,-0.8041825325325238,2025-08-29T00:26:20.000Z
401762789,40176278912,401762789102995801,10,14,Akron,Mid-American,0,Wyoming,Mountain West,3,Akron,Wyoming,2,"{'minutes': 0, 'seconds': 41}",,,60,40,3,24,8,False,Pass Reception,Ben Finley pass complete to Myles Walker for 8 yds to the WYO 32,0.5075624201115883,2025-08-29T00:27:03.000Z
401762789,40176278913,401762789102997001,11,1,Wyoming,Mountain West,3,Akron,Mid-American,0,Akron,Wyoming,2,"{'minutes': 0, 'seconds': 29}",,,68,68,1,10,28,False,Rush,Sam Scott run for 28 yds to the AKR 40 for a 1ST down,2.3302615717045185,2025-08-29T00:28:58.000Z
401762789,40176278913,401762789102997501,11,2,Wyoming,Mountain West,3,Akron,Mid-American,0,Akron,Wyoming,2,"{'minutes': 0, 'seconds': 24}",,,40,40,1,10,0,False,Pass Incompletion,"Kaden Anderson pass incomplete to Sam Scott, broken up by Bruno Dall",-0.8457687366186873,2025-08-29T00:30:05.000Z
401762789,40176278913,401762789102998101,11,3,Wyoming,Mountain West,3,Akron,Mid-American,0,Akron,Wyoming,2,"{'minutes': 0, 'seconds': 18}",,,40,40,2,10,6,False,Pass Reception,Kaden Anderson pass complete to John Michael Gyllenborg for 6 yds to the AKR 34,0.2694749369408686,2025-08-29T00:30:17.000Z
401762789,40176278913,401762789102998401,11,4,Wyoming,Mountain West,3,Akron,Mid-American,0,Akron,Wyoming,2,"{'minutes': 0, 'seconds': 15}",,,34,34,3,4,3,False,Rush,Sam Scott run for 3 yds to the AKR 31,-0.3435440730397409,2025-08-29T00:30:44.000Z
401762789,40176278913,401762789102998801,11,5,Wyoming,Mountain West,3,Akron,Mid-American,0,Akron,Wyoming,2,"{'minutes': 0, 'seconds': 11}",,,31,31,4,1,0,False,Rush,Sam Scott run for no gain to the AKR 31,-2.8911129833450993,2025-08-29T00:32:20.000Z
401762789,40176278916,401762789103849901,13,1,Wyoming,Mountain West,3,Akron,Mid-American,0,Akron,Wyoming,3,"{'minutes': 15, 'seconds': 0}",,,65,65,1,10,23,False,Kickoff Return (Offense),"Jr. Bart Edmiston kickoff for 60 yds , Terence Thomas return for 23 yds to the AKR 28",,2025-08-28T00:00:00.000Z
401762789,40176278916,401762789103864001,13,5,Akron,Mid-American,0,Wyoming,Mountain West,3,Akron,Wyoming,3,"{'minutes': 13, 'seconds': 59}",,,30,70,4,8,0,False,Punt,Joseph Castle punt for 68 yds,,2025-08-29T00:58:19.000Z
401762789,40176278916,401762789103854801,13,2,Akron,Mid-American,0,Wyoming,Mountain West,3,Akron,Wyoming,3,"{'minutes': 14, 'seconds': 51}",,,28,72,1,10,0,False,Pass Incompletion,Ben Finley pass incomplete to Kyan Mason,-0.7982008475508557,2025-08-28T00:00:00.000Z
401762789,40176278916,401762789103854901,13,3,Akron,Mid-American,0,Wyoming,Mountain West,3,Akron,Wyoming,3,"{'minutes': 14, 'seconds': 50}",,,28,72,2,10,2,False,Rush,Marquese Williams run for 2 yds to the AKR 30,-0.27038846711114406,2025-08-29T00:57:01.000Z
401762789,40176278916,401762789103859601,13,4,Akron,Mid-American,0,Wyoming,Mountain West,3,Akron,Wyoming,3,"{'minutes': 14, 'seconds': 3}",,,30,70,3,8,0,False,Pass Incompletion,Ben Finley pass incomplete to Myles Walker,-0.2694610798635253,2025-08-29T00:58:06.000Z
401762789,40176278917,401762789103908701,14,10,Wyoming,Mountain West,3,Akron,Mid-American,0,Akron,Wyoming,3,"{'minutes': 9, 'seconds': 12}",,,75,75,4,8,0,False,Punt,Jr. Bart Edmiston punt for 47 yds,,2025-08-29T00:57:01.000Z
401762789,40176278917,401762789103865501,14,1,Wyoming,Mountain West,3,Akron,Mid-American,0,Akron,Wyoming,3,"{'minutes': 13, 'seconds': 44}",,,98,98,1,10,4,False,Rush,Sam Scott run for 4 yds to the WYO 6,-0.028184277766515997,2025-08-29T00:57:01.000Z
401762789,40176278917,401762789103868801,14,2,Wyoming,Mountain West,3,Akron,Mid-American,0,Akron,Wyoming,3,"{'minutes': 13, 'seconds': 11}",,,94,94,2,6,5,False,Rush,Sam Scott run for 5 yds to the WYO 11,0.05915381374467188,2025-08-29T01:00:07.000Z
401762789,40176278917,401762789103876801,14,3,Wyoming,Mountain West,3,Akron,Mid-American,0,Akron,Wyoming,3,"{'minutes': 12, 'seconds': 31}",,,89,89,3,1,2,False,Rush,Sam Scott run for 2 yds to the WYO 13 for a 1ST down,0.24741714605493925,2025-08-29T01:00:33.000Z
401762789,40176278917,401762789103884301,14,4,Wyoming,Mountain West,3,Akron,Mid-American,0,Akron,Wyoming,3,"{'minutes': 11, 'seconds': 56}",,,87,87,1,10,2,False,Pass Reception,Kaden Anderson pass complete to Bricen Brantley for 2 yds to the WYO 15,-0.260480813147824,2025-08-29T01:00:59.000Z
401762789,40176278917,401762789103888201,14,5,Wyoming,Mountain West,3,Akron,Mid-American,0,Akron,Wyoming,3,"{'minutes': 11, 'seconds': 17}",,,85,85,2,8,3,False,Rush,Terron Kellman run for 3 yds to the WYO 18,-0.10884898880571914,2025-08-29T01:02:06.000Z
401762789,40176278917,401762789103895801,14,6,Wyoming,Mountain West,3,Akron,Mid-American,0,Akron,Wyoming,3,"{'minutes': 10, 'seconds': 41}",,,82,82,3,5,5,False,Pass Reception,Kaden Anderson pass complete to Terron Kellman for 5 yds to the WYO 23 for a 1ST down,0.8557683266317779,2025-08-29T01:02:32.000Z
401762789,40176278917,401762789103904001,14,7,Wyoming,Mountain West,3,Akron,Mid-American,0,Akron,Wyoming,3,"{'minutes': 9, 'seconds': 59}",,,77,77,1,10,2,False,Rush,Terron Kellman run for 2 yds to the WYO 25,-0.41522254917671025,2025-08-29T00:57:01.000Z
401762789,40176278917,401762789103907401,14,8,Wyoming,Mountain West,3,Akron,Mid-American,0,Akron,Wyoming,3,"{'minutes': 9, 'seconds': 25}",,,75,75,2,8,0,False,Pass Incompletion,Kaden Anderson pass incomplete to John Michael Gyllenborg,-0.4311353787193166,2025-08-29T00:57:01.000Z
401762789,40176278917,401762789103908101,14,9,Wyoming,Mountain West,3,Akron,Mid-American,0,Akron,Wyoming,3,"{'minutes': 9, 'seconds': 18}",,,75,75,3,8,0,False,Pass Incompletion,Kaden Anderson pass incomplete to Bricen Brantley,-0.19854558992922833,2025-08-29T01:04:04.000Z
401762789,40176278918,401762789103937801,15,6,Akron,Mid-American,0,Wyoming,Mountain West,3,Akron,Wyoming,3,"{'minutes': 6, 'seconds': 21}",,,43,57,4,12,0,False,Punt,Joseph Castle punt for 57 yds,,2025-08-29T01:18:18.000Z
401762789,40176278918,401762789103909301,15,1,Akron,Mid-American,0,Wyoming,Mountain West,3,Akron,Wyoming,3,"{'minutes': 9, 'seconds': 6}",,,28,72,1,10,17,False,Pass Reception,Ben Finley pass complete to Kyan Mason for 17 yds to the AKR 45 for a 1ST down,1.5790194749496873,2025-08-29T01:08:04.000Z
401762789,40176278918,401762789103917301,15,2,Akron,Mid-American,0,Wyoming,Mountain West,3,Akron,Wyoming,3,"{'minutes': 8, 'seconds': 26}",,,45,55,1,10,2,False,Rush,Marquese Williams run for 2 yds to the AKR 47,-0.6797853383066688,2025-08-29T01:08:45.000Z
401762789,40176278918,401762789103925201,15,3,Akron,Mid-American,0,Wyoming,Mountain West,3,Akron,Wyoming,3,"{'minutes': 7, 'seconds': 47}",,,47,53,2,8,6,False,Rush,Michael Johnson Jr. run for 6 yds to the WYO 47,0.3543897049582192,2025-08-29T00:57:01.000Z
401762789,40176278918,401762789103934401,15,4,Akron,Mid-American,0,Wyoming,Mountain West,3,Akron,Wyoming,3,"{'minutes': 6, 'seconds': 55}",,,53,47,3,2,-10,False,Rush,"Michael Johnson Jr. run for no gain to the AKR 47 Akron Penalty, Offensive holding (Kenneth Mcmanus Iv) to the AKR 43",-2.4389476858043038,2025-08-29T01:14:18.000Z
401762789,40176278918,401762789103937101,15,5,Akron,Mid-American,0,Wyoming,Mountain West,3,Akron,Wyoming,3,"{'minutes': 6, 'seconds': 28}",,,43,57,3,12,0,False,Pass Incompletion,"Ben Finley pass incomplete to Marcel Williams, broken up by Jones Thomas",-0.41941505197513074,2025-08-29T01:14:30.000Z
401762789,40176278919,401762789103948401,16,3,Wyoming,Mountain West,3,Akron,Mid-American,0,Akron,Wyoming,3,"{'minutes': 5, 'seconds': 15}",,,53,53,1,10,-5,False,Penalty,"Wyoming Penalty, false start (Jack Walsh) to the WYO 42",,2025-08-29T01:20:07.000Z
401762789,40176278919,401762789103938401,16,1,Wyoming,Mountain West,3,Akron,Mid-American,0,Akron,Wyoming,3,"{'minutes': 6, 'seconds': 15}",,,80,80,1,10,5,False,Pass Reception,Kaden Anderson pass complete to Chris Durr Jr. for 5 yds to the WYO 25,0.0855067756440384,2025-08-29T01:18:32.000Z
401762789,40176278919,401762789103945901,16,2,Wyoming,Mountain West,3,Akron,Mid-American,0,Akron,Wyoming,3,"{'minutes': 5, 'seconds': 40}",,,75,75,2,5,22,False,Pass Reception,Kaden Anderson pass complete to Chris Durr Jr. for 22 yds to the WYO 47 for a 1ST down,2.2052515863877566,2025-08-29T01:19:00.000Z
401762789,40176278919,401762789103954201,16,4,Wyoming,Mountain West,3,Akron,Mid-American,0,Akron,Wyoming,3,"{'minutes': 4, 'seconds': 57}",,,58,58,1,15,0,False,Pass Incompletion,"Kaden Anderson pass incomplete to Jaylen Sargent, broken up by Bruno Dall",-0.9367308560406382,2025-08-29T00:57:01.000Z
401762789,40176278920,401762789103954901,17,1,Akron,Mid-American,0,Wyoming,Mountain West,3,Akron,Wyoming,3,"{'minutes': 4, 'seconds': 50}",,,61,39,1,10,0,False,Pass Incompletion,Ben Finley pass incomplete to Cameron Montiero,-0.814236079442537,2025-08-29T01:22:19.000Z
401762789,40176278920,401762789103955201,17,2,Akron,Mid-American,0,Wyoming,Mountain West,3,Akron,Wyoming,3,"{'minutes': 4, 'seconds': 47}",,,61,39,2,10,11,False,Rush,Ben Finley run for 11 yds to the WYO 28 for a 1ST down,1.190660160235657,2025-08-29T01:22:34.000Z
401762789,40176278920,401762789103959901,17,3,Akron,Mid-American,0,Wyoming,Mountain West,3,Akron,Wyoming,3,"{'minutes': 4, 'seconds': 0}",,,72,28,1,10,7,False,Rush,Marquese Williams run for 7 yds to the WYO 21,0.342802009978914,2025-08-29T00:57:01.000Z
401762789,40176278920,401762789103967401,17,4,Akron,Mid-American,0,Wyoming,Mountain West,3,Akron,Wyoming,3,"{'minutes': 3, 'seconds': 25}",,,79,21,2,3,14,False,Rush,Marquese Williams run for 14 yds to the WYO 7 for a 1ST down,0.224457833832306,2025-08-29T01:24:05.000Z
401762789,40176278920,401762789103974601,17,5,Akron,Mid-American,0,Wyoming,Mountain West,3,Akron,Wyoming,3,"{'minutes': 2, 'seconds': 53}",,,93,7,1,7,2,False,Rush,Marquese Williams run for 2 yds to the WYO 5,-0.241823061202709,2025-08-29T01:24:35.000Z
401762789,40176278920,401762789103978601,17,6,Akron,Mid-American,0,Wyoming,Mountain West,3,Akron,Wyoming,3,"{'minutes': 2, 'seconds': 13}",,,95,5,2,5,0,False,Interception,Ben Finley pass intercepted,-4.56142230847008,2025-08-29T00:57:01.000Z
401762789,40176278921,401762789103979401,18,1,Wyoming,Mountain West,3,Akron,Mid-American,0,Akron,Wyoming,3,"{'minutes': 2, 'seconds': 5}",,,82,82,1,10,-5,False,Penalty,"Wyoming Penalty, false start (Nathan Geiger) to the WYO 13",,2025-08-29T01:26:32.000Z
401762789,40176278921,401762789103988801,18,5,Wyoming,Mountain West,3,Akron,Mid-American,0,Akron,Wyoming,3,"{'minutes': 1, 'seconds': 11}",,,71,71,1,10,-5,False,Penalty,"Wyoming Penalty, false start (Nathan Geiger) to the WYO 24",,2025-08-29T01:28:33.000Z
401762789,40176278921,401762789103999602,18,10,Wyoming,Mountain West,3,Akron,Mid-American,0,Akron,Wyoming,3,"{'minutes': 0, 'seconds': 0}",,,48,48,0,2,2,False,End Period,End of 3rd Quarter,,2025-08-29T01:31:00.000Z
401762789,40176278921,401762789103979402,18,2,Wyoming,Mountain West,3,Akron,Mid-American,0,Akron,Wyoming,3,"{'minutes': 2, 'seconds': 5}",,,87,87,1,15,0,False,Pass Incompletion,Kaden Anderson pass incomplete to Eric Richardson,-0.21539022549560993,2025-08-29T01:26:32.000Z
401762789,40176278921,401762789103984201,18,3,Wyoming,Mountain West,3,Akron,Mid-American,0,Akron,Wyoming,3,"{'minutes': 1, 'seconds': 57}",,,87,87,2,15,10,False,Rush,Sam Scott run for 10 yds to the WYO 23,0.28200587598719373,2025-08-29T00:57:01.000Z
401762789,40176278921,401762789103985601,18,4,Wyoming,Mountain West,3,Akron,Mid-American,0,Akron,Wyoming,3,"{'minutes': 1, 'seconds': 43}",,,77,77,3,5,6,False,Rush,Kaden Anderson run for 6 yds to the WYO 29 for a 1ST down,1.1849322696367688,2025-08-29T01:28:06.000Z
401762789,40176278921,401762789103989901,18,6,Wyoming,Mountain West,3,Akron,Mid-American,0,Akron,Wyoming,3,"{'minutes': 1, 'seconds': 0}",,,76,76,1,15,20,False,Pass Reception,Kaden Anderson pass complete to Jackson Holman for 20 yds to the WYO 44 for a 1ST down,2.2798701416136575,2025-08-29T00:57:01.000Z
401762789,40176278921,401762789103995501,18,7,Wyoming,Mountain West,3,Akron,Mid-American,0,Akron,Wyoming,3,"{'minutes': 0, 'seconds': 44}",,,56,56,1,10,1,False,Rush,Sam Scott run for 1 yd to the WYO 45,-0.9290991816818684,2025-08-29T00:57:01.000Z
401762789,40176278921,401762789103997201,18,8,Wyoming,Mountain West,3,Akron,Mid-American,0,Akron,Wyoming,3,"{'minutes': 0, 'seconds': 27}",,,55,55,2,9,7,False,Pass Reception,Kaden Anderson pass complete to Jackson Holman for 7 yds to the AKR 48,0.5996956785181204,2025-08-29T01:30:04.000Z
401762789,40176278921,401762789103999601,18,9,Wyoming,Mountain West,3,Akron,Mid-American,0,Akron,Wyoming,3,"{'minutes': 0, 'seconds': 3}",,,48,48,3,2,2,False,Rush,Sam Scott run for 2 yds to the AKR 46 for a 1ST down,1.1562988764085897,2025-08-29T01:31:00.000Z
401762789,40176278921,401762789104854101,18,11,Wyoming,Mountain West,3,Akron,Mid-American,0,Akron,Wyoming,4,"{'minutes': 14, 'seconds': 58}",,,46,46,1,10,18,False,Pass Reception,Kaden Anderson pass complete to Chris Durr Jr. for 18 yds to the AKR 28 for a 1ST down,0.7792729339960333,2025-08-29T01:36:35.000Z
401762789,40176278921,401762789104858001,18,12,Wyoming,Mountain West,3,Akron,Mid-American,0,Akron,Wyoming,4,"{'minutes': 14, 'seconds': 19}",,,28,28,1,10,6,False,Rush,Sam Scott run for 6 yds to the AKR 22,0.204023160418757,2025-08-29T01:36:35.000Z
401762789,40176278921,401762789104865301,18,13,Wyoming,Mountain West,3,Akron,Mid-American,0,Akron,Wyoming,4,"{'minutes': 13, 'seconds': 46}",,,22,22,2,4,1,False,Rush,Sam Scott run for 1 yd to the AKR 21,-0.417849802001449,2025-08-29T01:36:48.000Z
401762789,40176278921,401762789104869001,18,14,Wyoming,Mountain West,3,Akron,Mid-American,0,Akron,Wyoming,4,"{'minutes': 13, 'seconds': 9}",,,21,21,3,3,5,False,Pass Reception,Kaden Anderson pass complete to John Michael Gyllenborg for 5 yds to the AKR 16 for a 1ST down,0.4091183944287486,2025-08-29T01:36:35.000Z
401762789,40176278921,401762789104876801,18,15,Wyoming,Mountain West,3,Akron,Mid-American,0,Akron,Wyoming,4,"{'minutes': 12, 'seconds': 31}",,,16,16,1,10,7,False,Rush,Sam Scott run for 7 yds to the AKR 9,0.3060293004171264,2025-08-29T01:38:08.000Z
401762789,40176278921,401762789104884901,18,16,Wyoming,Mountain West,3,Akron,Mid-American,0,Akron,Wyoming,4,"{'minutes': 11, 'seconds': 50}",,,9,9,2,3,2,False,Rush,Sam Scott run for 2 yds to the AKR 7,-0.252462595492638,2025-08-29T01:45:24.000Z
401762789,40176278921,401762789104888401,18,17,Wyoming,Mountain West,3,Akron,Mid-American,0,Akron,Wyoming,4,"{'minutes': 11, 'seconds': 15}",,,7,7,3,1,-1,False,Rush,Sam Scott run for a loss of 1 yard to the AKR 8,-0.46259180708231,2025-08-29T01:36:35.000Z
401762789,40176278921,401762789104897701,18,18,Wyoming,Mountain West,3,Akron,Mid-American,0,Akron,Wyoming,4,"{'minutes': 10, 'seconds': 22}",,,8,8,4,2,-2,False,Rush,Sam Scott run for a loss of 2 yards to the AKR 10,-4.022252176549804,2025-08-29T01:36:35.000Z
401762789,40176278922,401762789104914501,19,4,Akron,Mid-American,0,Wyoming,Mountain West,3,Akron,Wyoming,4,"{'minutes': 8, 'seconds': 54}",,,10,90,4,10,10,False,Punt,"Joseph Castle punt for 46 yds , Charlie Coenen returns for 10 yds to the WYO 20 Wyoming Penalty, illegal block (Nico Hamilton) to the WYO 34",,2025-08-29T01:50:45.000Z
401762789,40176278922,401762789104914502,19,5,Akron,Mid-American,0,Wyoming,Mountain West,3,Akron,Wyoming,4,"{'minutes': 8, 'seconds': 54}",,,15,85,4,5,-5,False,Penalty,"Akron Penalty, delay of game (Jacob Dennis) to the AKR 10",,2025-08-29T01:50:45.000Z
401762789,40176278922,401762789104898101,19,1,Akron,Mid-American,0,Wyoming,Mountain West,3,Akron,Wyoming,4,"{'minutes': 10, 'seconds': 18}",,,10,90,1,10,2,False,Pass Reception,Ben Finley pass complete to Marquese Williams for 2 yds to the AKR 12,-0.22662764690566295,2025-08-29T01:46:36.000Z
401762789,40176278922,401762789104905501,19,2,Akron,Mid-American,0,Wyoming,Mountain West,3,Akron,Wyoming,4,"{'minutes': 9, 'seconds': 44}",,,12,88,2,8,3,False,Pass Reception,Ben Finley pass complete to Tim Grear Jr. for 3 yds to the AKR 15,-0.09321474903075,2025-08-29T01:36:35.000Z
401762789,40176278922,401762789104909701,19,3,Akron,Mid-American,0,Wyoming,Mountain West,3,Akron,Wyoming,4,"{'minutes': 9, 'seconds': 2}",,,15,85,3,5,0,False,Pass Incompletion,Ben Finley pass incomplete to Tim Grear Jr.,-0.16975472811067238,2025-08-29T01:48:06.000Z
401762789,40176278923,401762789104916501,20,2,Wyoming,Mountain West,3,Akron,Mid-American,0,Akron,Wyoming,4,"{'minutes': 8, 'seconds': 34}",,,66,66,2,10,-5,False,Penalty,"Wyoming Penalty, false start (Nathan Geiger) to the WYO 29",,2025-08-29T02:20:40.000Z
401762789,40176278923,401762789104924601,20,5,Wyoming,Mountain West,3,Akron,Mid-American,0,Akron,Wyoming,4,"{'minutes': 7, 'seconds': 53}",,,66,66,4,10,0,False,Punt,Jr. Bart Edmiston punt for 43 yds,,2025-08-29T01:36:35.000Z
401762789,40176278923,401762789104915701,20,1,Wyoming,Mountain West,3,Akron,Mid-American,0,Akron,Wyoming,4,"{'minutes': 8, 'seconds': 42}",,,66,66,1,10,0,False,Pass Incompletion,"Kaden Anderson pass incomplete to Bricen Brantley, broken up by Malcom DeWalt IV",-0.9864556271674072,2025-08-29T01:52:56.000Z
401762789,40176278923,401762789104916601,20,3,Wyoming,Mountain West,3,Akron,Mid-American,0,Akron,Wyoming,4,"{'minutes': 8, 'seconds': 33}",,,71,71,2,15,5,False,Rush,Sam Scott run for 5 yds to the WYO 34,0.02494207508712432,2025-08-29T01:36:35.000Z
401762789,40176278923,401762789104919901,20,4,Wyoming,Mountain West,3,Akron,Mid-American,0,Akron,Wyoming,4,"{'minutes': 8, 'seconds': 0}",,,66,66,3,10,0,False,Pass Incompletion,Kaden Anderson pass incomplete to Michael Fitzgerald,-0.28370867933155,2025-08-29T01:54:19.000Z
401762789,40176278924,401762789104938301,21,5,Akron,Mid-American,0,Wyoming,Mountain West,3,Akron,Wyoming,4,"{'minutes': 6, 'seconds': 16}",,,38,62,4,11,1,False,Punt,"Joseph Castle punt for 48 yds , Charlie Coenen returns for 1 yd to the WYO 15",,2025-08-29T01:36:35.000Z
401762789,40176278924,401762789104925301,21,1,Akron,Mid-American,0,Wyoming,Mountain West,3,Akron,Wyoming,4,"{'minutes': 7, 'seconds': 46}",,,23,77,1,10,16,False,Pass Reception,Ben Finley pass complete to Marcel Williams for 16 yds to the AKR 39 for a 1ST down,1.3553410577245308,2025-08-29T01:56:08.000Z
401762789,40176278924,401762789104928801,21,2,Akron,Mid-American,0,Wyoming,Mountain West,3,Akron,Wyoming,4,"{'minutes': 7, 'seconds': 11}",,,39,61,1,10,0,False,Pass Incompletion,"Ben Finley pass incomplete to Myles Walker Akron Penalty, illegal forward pass (Ben Finley) to the AKR 39",-1.1077677360468863,2025-08-29T01:56:35.000Z
401762789,40176278924,401762789104934301,21,3,Akron,Mid-American,0,Wyoming,Mountain West,3,Akron,Wyoming,4,"{'minutes': 6, 'seconds': 56}",,,39,61,2,10,-1,False,Rush,Ben Finley run for a loss of 1 yard to the AKR 38,-0.8317382488496756,2025-08-29T01:58:08.000Z
401762789,40176278924,401762789104937101,21,4,Akron,Mid-American,0,Wyoming,Mountain West,3,Akron,Wyoming,4,"{'minutes': 6, 'seconds': 28}",,,38,62,3,11,0,False,Pass Incompletion,Ben Finley pass incomplete to Kyan Mason,-0.33413244609037296,2025-08-29T01:58:31.000Z
401762789,40176278925,401762789104939101,22,1,Wyoming,Mountain West,3,Akron,Mid-American,0,Akron,Wyoming,4,"{'minutes': 6, 'seconds': 8}",,,85,85,1,10,44,False,Pass Reception,Kaden Anderson pass complete to Chris Durr Jr. for 44 yds to the AKR 41 for a 1ST down,3.3804419239786903,2025-08-29T02:00:07.000Z
401762789,40176278925,401762789104946001,22,2,Wyoming,Mountain West,3,Akron,Mid-American,0,Akron,Wyoming,4,"{'minutes': 5, 'seconds': 39}",,,41,41,1,10,5,False,Rush,Sam Scott run for 5 yds to the AKR 36,0.0885892770886229,2025-08-29T02:00:48.000Z
401762789,40176278925,401762789104949501,22,3,Wyoming,Mountain West,3,Akron,Mid-American,0,Akron,Wyoming,4,"{'minutes': 5, 'seconds': 4}",,,36,36,2,5,1,False,Rush,Sam Scott run for 1 yd to the AKR 35,-0.6887066053955521,2025-08-29T01:36:35.000Z
401762789,40176278925,401762789104957301,22,4,Wyoming,Mountain West,10,Akron,Mid-American,0,Akron,Wyoming,4,"{'minutes': 4, 'seconds': 26}",,,35,35,3,4,35,True,Passing Touchdown,Kaden Anderson pass complete to Chris Durr Jr. for 35 yds for a TD (Erik Sandvik KICK) (Erik Sandvik KICK),3.8406369542034486,2025-08-29T02:02:06.000Z
401762789,40176278927,401762789104957801,23,1,Wyoming,Mountain West,10,Akron,Mid-American,0,Akron,Wyoming,4,"{'minutes': 4, 'seconds': 21}",,,65,65,1,10,0,False,Kickoff,Jr. Bart Edmiston kickoff for 65 yds for a touchback,,2025-08-29T02:04:34.000Z
401762789,40176278927,401762789104968201,23,5,Akron,Mid-American,0,Wyoming,Mountain West,10,Akron,Wyoming,4,"{'minutes': 3, 'seconds': 17}",,,23,77,4,12,-5,False,Penalty,"Akron Penalty, delay of game (-5 Yards) to the AKR 18",,2025-08-29T01:36:35.000Z
401762789,40176278927,401762789104968601,23,6,Akron,Mid-American,0,Wyoming,Mountain West,10,Akron,Wyoming,4,"{'minutes': 3, 'seconds': 13}",,,18,82,4,17,0,False,Punt,Joseph Castle punt for 36 yds,,2025-08-29T02:08:06.000Z
401762789,40176278927,401762789104957901,23,2,Akron,Mid-American,0,Wyoming,Mountain West,10,Akron,Wyoming,4,"{'minutes': 4, 'seconds': 20}",,,25,75,1,10,1,False,Rush,Jordan Gant run for 1 yd to the AKR 26,-0.5874795431016855,2025-08-29T01:36:35.000Z
401762789,40176278927,401762789104964501,23,3,Akron,Mid-American,0,Wyoming,Mountain West,10,Akron,Wyoming,4,"{'minutes': 3, 'seconds': 54}",,,26,74,2,9,-3,False,Sack,Ben Finley sacked by Lucas Samsula for a loss of 3 yards to the AKR 23,-0.5466871815672292,2025-08-29T01:36:35.000Z
401762789,40176278927,401762789104967701,23,4,Akron,Mid-American,0,Wyoming,Mountain West,10,Akron,Wyoming,4,"{'minutes': 3, 'seconds': 22}",,,23,77,3,12,0,False,Pass Incompletion,"Ben Finley pass incomplete to Kyan Mason, broken up by Jones Thomas",-0.11184027731402413,2025-08-29T02:06:36.000Z
401762789,40176278928,401762789104984201,24,4,Wyoming,Mountain West,10,Akron,Mid-American,0,Akron,Wyoming,4,"{'minutes': 1, 'seconds': 57}",,,45,45,4,1,0,False,Punt,Jr. Bart Edmiston punt for 45 yds,,2025-08-29T02:16:21.000Z
401762789,40176278928,401762789104974601,24,3,Wyoming,Mountain West,10,Akron,Mid-American,0,Akron,Wyoming,4,"{'minutes': 2, 'seconds': 53}",,,48,48,3,4,3,False,Rush,Sam Scott run for 3 yds to the AKR 45,-0.4069471007378063,2025-08-29T02:14:19.000Z
401762789,40176278928,401762789104969601,24,1,Wyoming,Mountain West,10,Akron,Mid-American,0,Akron,Wyoming,4,"{'minutes': 3, 'seconds': 3}",,,54,54,1,10,7,False,Rush,Bricen Brantley run for 7 yds to the AKR 47,0.6465727155045757,2025-08-29T02:10:07.000Z
401762789,40176278928,401762789104974401,24,2,Wyoming,Mountain West,10,Akron,Mid-American,0,Akron,Wyoming,4,"{'minutes': 2, 'seconds': 55}",,,47,47,2,3,-1,False,Rush,Sam Scott run for a loss of 1 yard to the AKR 48,-1.4869670942656033,2025-08-29T02:10:19.000Z
401762789,40176278929,401762789104987901,25,4,Akron,Mid-American,0,Wyoming,Mountain West,10,Akron,Wyoming,4,"{'minutes': 1, 'seconds': 20}",,,37,63,1,10,0,False,Pass Incompletion,Ben Finley pass incomplete,-1.065701080215459,2025-08-29T02:18:19.000Z
401762789,40176278929,401762789104984101,25,1,Akron,Mid-American,0,Wyoming,Mountain West,10,Akron,Wyoming,4,"{'minutes': 1, 'seconds': 58}",,,20,80,1,10,6,False,Pass Reception,Ben Finley pass complete to Kyan Mason for 6 yds to the AKR 26,0.2888240217992033,2025-08-29T01:36:35.000Z
401762789,40176278929,401762789104986601,25,2,Akron,Mid-American,0,Wyoming,Mountain West,10,Akron,Wyoming,4,"{'minutes': 1, 'seconds': 33}",,,26,74,2,4,0,False,Pass Incompletion,Ben Finley pass incomplete to Israel Polk,-0.711661989572181,2025-08-29T02:16:47.000Z
401762789,40176278929,401762789104986602,25,3,Akron,Mid-American,0,Wyoming,Mountain West,10,Akron,Wyoming,4,"{'minutes': 1, 'seconds': 33}",,,26,74,3,4,11,False,Pass Reception,Ben Finley pass complete to Israel Polk for 11 yds to the AKR 37 for a 1ST down,1.7583849698003302,2025-08-29T02:16:47.000Z
401762789,40176278929,401762789104988401,25,5,Akron,Mid-American,0,Wyoming,Mountain West,10,Akron,Wyoming,4,"{'minutes': 1, 'seconds': 15}",,,37,63,2,10,0,False,Pass Incompletion,Ben Finley pass incomplete to Jean Louis III,-0.6622137678957802,2025-08-29T02:18:33.000Z
401762789,40176278929,401762789104989001,25,6,Akron,Mid-American,0,Wyoming,Mountain West,10,Akron,Wyoming,4,"{'minutes': 1, 'seconds': 9}",,,37,63,3,10,6,False,Pass Reception,Ben Finley pass complete to Kyan Mason for 6 yds to the AKR 43,0.14614681829434328,2025-08-29T01:36:35.000Z
401762789,40176278929,401762789104995901,25,7,Akron,Mid-American,0,Wyoming,Mountain West,10,Akron,Wyoming,4,"{'minutes': 0, 'seconds': 40}",,,43,57,4,4,8,False,Pass Reception,Ben Finley pass complete to Tim Grear Jr. for 8 yds to the WYO 49 for a 1ST down,2.869948271757398,2025-08-29T01:36:35.000Z
401762789,40176278929,401762789104997201,25,8,Akron,Mid-American,0,Wyoming,Mountain West,10,Akron,Wyoming,4,"{'minutes': 0, 'seconds': 27}",,,51,49,1,10,0,False,Pass Incompletion,Ben Finley pass incomplete to Tim Grear Jr.,-1.0955888671820908,2025-08-29T02:20:05.000Z
401762789,40176278929,401762789104997801,25,9,Akron,Mid-American,0,Wyoming,Mountain West,10,Akron,Wyoming,4,"{'minutes': 0, 'seconds': 21}",,,51,49,2,10,6,False,Rush,Ben Finley run for 6 yds to the WYO 49,0.319213067778426,2025-08-29T02:20:40.000Z
401762789,40176278914,401762789102999501,12,1,Akron,Mid-American,0,Wyoming,Mountain West,3,Akron,Wyoming,2,"{'minutes': 0, 'seconds': 4}",,,31,69,1,10,-3,False,Rush,run for a loss of 3 yards to the WYO 35,-1.2442095755088687,2025-08-29T00:33:00.000Z
401760367,4017603671,401760367101849903,1,1,Northern Iowa,MVFC,0,Wyoming,Mountain West,0,Wyoming,Northern Iowa,1,"{'minutes': 15, 'seconds': 0}",3.0,3.0,65,65,1,10,0,False,Kickoff,Blake Pankratz kickoff for 65 yds for a touchback,,2025-09-07T00:07:36.000Z
401760367,4017603671,401760367101877602,1,9,Wyoming,Mountain West,0,Northern Iowa,MVFC,0,Wyoming,Northern Iowa,1,"{'minutes': 12, 'seconds': 23}",3.0,3.0,75,25,3,5,-5,False,Penalty,PENALTY WYO False Start 5 yards from UNI25 to UNI30. NO PLAY.,,2025-09-06T20:12:12.000Z
401760367,4017603671,401760367101879401,1,11,Wyoming,Mountain West,0,Northern Iowa,MVFC,0,Wyoming,Northern Iowa,1,"{'minutes': 12, 'seconds': 5}",3.0,3.0,70,30,4,10,48,False,Field Goal Missed,Erik Sandvik 48 yd FG MISSED,,2025-09-06T20:13:03.000Z
401760367,4017603671,401760367101857101,1,3,Wyoming,Mountain West,0,Northern Iowa,MVFC,0,Wyoming,Northern Iowa,1,"{'minutes': 14, 'seconds': 28}",3.0,3.0,32,68,2,3,3,False,Pass Reception,Kaden Anderson pass complete to Jackson Holman for 3 yds to the WYO 35 for a 1ST down,0.2303956489436487,2025-09-06T20:40:02.000Z
401760367,4017603671,401760367101858601,1,4,Wyoming,Mountain West,0,Northern Iowa,MVFC,0,Wyoming,Northern Iowa,1,"{'minutes': 14, 'seconds': 13}",3.0,3.0,35,65,1,10,23,False,Pass Reception,Kaden Anderson pass complete to John Michael Gyllenborg for 23 yds to the UNI 42 for a 1ST down,1.9477815391192108,2025-09-06T20:09:22.000Z
401760367,4017603671,401760367101854601,1,2,Wyoming,Mountain West,0,Northern Iowa,MVFC,0,Wyoming,Northern Iowa,1,"{'minutes': 14, 'seconds': 53}",3.0,3.0,25,75,1,10,7,False,Rush,Sam Scott run for 7 yds to the WYO 32,0.604642460086338,2025-09-06T20:40:02.000Z
401760367,4017603671,401760367101864001,1,5,Wyoming,Mountain West,0,Northern Iowa,MVFC,0,Wyoming,Northern Iowa,1,"{'minutes': 13, 'seconds': 59}",3.0,3.0,58,42,1,10,0,False,Rush,Sam Scott run for no gain to the UNI 42,-0.908489395271188,2025-09-06T20:09:32.000Z
401760367,4017603671,401760367101867401,1,6,Wyoming,Mountain West,0,Northern Iowa,MVFC,0,Wyoming,Northern Iowa,1,"{'minutes': 13, 'seconds': 25}",3.0,3.0,58,42,2,10,12,False,Pass Reception,Kaden Anderson pass complete to Jaylen Sargent for 12 yds to the UNI 30 for a 1ST down,1.389181733920541,2025-09-06T20:10:02.000Z
401760367,4017603671,401760367101874101,1,7,Wyoming,Mountain West,0,Northern Iowa,MVFC,0,Wyoming,Northern Iowa,1,"{'minutes': 12, 'seconds': 58}",3.0,3.0,70,30,1,10,5,False,Rush,Samuel Harris run for 5 yds to the UNI 25,0.077675021178715,2025-09-06T20:10:32.000Z
401760367,4017603671,401760367101877601,1,8,Wyoming,Mountain West,0,Northern Iowa,MVFC,0,Wyoming,Northern Iowa,1,"{'minutes': 12, 'seconds': 23}",3.0,3.0,75,25,2,5,0,False,Pass Incompletion,Kaden Anderson pass incomplete to Jackson Holman,-0.5828736135343763,2025-09-06T20:12:12.000Z
401760367,4017603671,401760367101879101,1,10,Wyoming,Mountain West,0,Northern Iowa,MVFC,0,Wyoming,Northern Iowa,1,"{'minutes': 12, 'seconds': 8}",3.0,3.0,70,30,3,10,0,False,Pass Incompletion,Kaden Anderson pass incomplete to Eric Richardson,-0.9887363611325739,2025-09-06T20:12:32.000Z
401760367,4017603672,40176036743,2,7,Wyoming,Mountain West,0,Northern Iowa,MVFC,0,Wyoming,Northern Iowa,1,"{'minutes': 12, 'seconds': 23}",3.0,3.0,75,25,3,5,5,False,Penalty,"Wyoming Penalty, falsestart (5 Yards)",,2025-09-06T20:11:37.000Z
401760367,4017603672,40176036749,2,9,Wyoming,Mountain West,0,Northern Iowa,MVFC,0,Wyoming,Northern Iowa,1,"{'minutes': 12, 'seconds': 5}",3.0,3.0,70,30,4,10,48,False,Field Goal Missed,Erik Sandvik 48 yd FG MISSED,,2025-09-06T20:13:00.000Z
401760367,4017603672,401760367101927601,2,20,Northern Iowa,MVFC,0,Wyoming,Mountain West,0,Wyoming,Northern Iowa,1,"{'minutes': 7, 'seconds': 23}",2.0,3.0,41,41,4,6,15,False,Penalty,"(07:29) Shotgun Schecklman,Matthew pass incomplete deep right to Roque Jr.,JC thrown to WYO05 PENALTY WYO Pass Interference (Grant,Markie) 15 yards from WYO41 to WYO26, 1ST DOWN. NO PLAY.",,2025-09-06T20:22:52.000Z
401760367,4017603672,401760367101935801,2,22,Northern Iowa,MVFC,0,Wyoming,Mountain West,0,Wyoming,Northern Iowa,1,"{'minutes': 6, 'seconds': 41}",2.0,3.0,21,21,2,5,-5,False,Penalty,"(06:44) Shotgun Schecklman,Matthew pass complete short middle to Roque Jr.,JC caught at WYO15, for 6 yards to the WYO15 (Thomas,Jones) PENALTY UNI Illegal Motion 5 yards from WYO21 to WYO26. NO PLAY.",,2025-09-06T20:24:02.000Z
401760367,4017603672,401760367101946801,2,25,Northern Iowa,MVFC,0,Wyoming,Mountain West,0,Wyoming,Northern Iowa,1,"{'minutes': 5, 'seconds': 31}",2.0,3.0,22,22,4,6,40,False,Field Goal Missed,Max Bartachek 40 yd FG MISSED,,2025-09-06T20:28:22.000Z
401760367,4017603672,401760367101926801,2,18,Northern Iowa,MVFC,0,Wyoming,Mountain West,0,Wyoming,Northern Iowa,1,"{'minutes': 7, 'seconds': 31}",2.0,3.0,36,36,4,1,0,False,Timeout,"Timeout Northern Iowa, clock 07:31",,2025-09-06T20:20:52.000Z
401760367,4017603672,401760367101926802,2,19,Northern Iowa,MVFC,0,Wyoming,Mountain West,0,Wyoming,Northern Iowa,1,"{'minutes': 7, 'seconds': 31}",2.0,3.0,36,36,4,1,-5,False,Penalty,"PENALTY UNI False Start (McDonald,Brady) 5 yards from WYO36 to WYO41. NO PLAY.",,2025-09-06T20:20:52.000Z
401760367,4017603672,401760367101928201,2,21,Northern Iowa,MVFC,0,Wyoming,Mountain West,0,Wyoming,Northern Iowa,1,"{'minutes': 7, 'seconds': 17}",2.0,3.0,26,26,1,10,5,False,Rush,Bill Jackson run for 5 yds to the WYO 21,0.0757087852917575,2025-09-06T20:23:12.000Z
401760367,4017603672,401760367101905101,2,14,Northern Iowa,MVFC,0,Wyoming,Mountain West,0,Wyoming,Northern Iowa,1,"{'minutes': 9, 'seconds': 48}",3.0,3.0,48,48,3,1,3,False,Rush,Matthew Schecklman run for 3 yds to the WYO 45 for a 1ST down,1.0438703095130286,2025-09-06T20:16:12.000Z
401760367,4017603672,401760367101908701,2,15,Northern Iowa,MVFC,0,Wyoming,Mountain West,0,Wyoming,Northern Iowa,1,"{'minutes': 9, 'seconds': 12}",3.0,3.0,45,45,1,10,9,False,Pass Reception,Matthew Schecklman pass complete to JC Roque Jr. for 9 yds to the WYO 36,0.957003546754157,2025-09-06T20:16:52.000Z
401760367,4017603672,401760367101915901,2,16,Northern Iowa,MVFC,0,Wyoming,Mountain West,0,Wyoming,Northern Iowa,1,"{'minutes': 8, 'seconds': 40}",3.0,3.0,36,36,2,1,0,False,Rush,Harrison Bey-Buie run for no gain to the WYO 36,-0.976509881009701,2025-09-06T20:17:22.000Z
401760367,4017603672,401760367101919901,2,17,Northern Iowa,MVFC,0,Wyoming,Mountain West,0,Wyoming,Northern Iowa,1,"{'minutes': 8, 'seconds': 0}",3.0,3.0,36,36,3,1,0,False,Rush,Harrison Bey-Buie run for no gain to the WYO 36,-1.0659405639959496,2025-09-06T20:18:22.000Z
401760367,4017603672,40176036716,2,1,Wyoming,Mountain West,0,Northern Iowa,MVFC,0,Wyoming,Northern Iowa,1,"{'minutes': 14, 'seconds': 28}",3.0,3.0,32,68,2,3,3,False,Pass Completion,Kaden Anderson pass,0.2303956489436487,2025-09-06T20:08:44.000Z
401760367,4017603672,40176036722,2,2,Wyoming,Mountain West,0,Northern Iowa,MVFC,0,Wyoming,Northern Iowa,1,"{'minutes': 14, 'seconds': 13}",3.0,3.0,35,65,1,10,23,False,Pass Completion,Kaden Anderson pass to John Michael Gyllenborg for 23 yds to the UNI 42 for a 1ST down,1.9477815391192108,2025-09-06T20:09:02.000Z
401760367,4017603672,40176036727,2,3,Wyoming,Mountain West,0,Northern Iowa,MVFC,0,Wyoming,Northern Iowa,1,"{'minutes': 13, 'seconds': 59}",3.0,3.0,58,42,1,10,0,False,Rush,Sam Scott run,-0.908489395271188,2025-09-06T20:09:20.000Z
401760367,4017603672,40176036731,2,4,Wyoming,Mountain West,0,Northern Iowa,MVFC,0,Wyoming,Northern Iowa,1,"{'minutes': 13, 'seconds': 25}",3.0,3.0,58,42,2,10,12,False,Pass Completion,Kaden Anderson pass to Jaylen Sargent for 12 yds to the UNI 30 for a 1ST down,1.389181733920541,2025-09-06T20:09:51.000Z
401760367,4017603672,40176036736,2,5,Wyoming,Mountain West,0,Northern Iowa,MVFC,0,Wyoming,Northern Iowa,1,"{'minutes': 12, 'seconds': 58}",3.0,3.0,70,30,1,10,5,False,Rush,Samuel Harris run for 5 yds to the UNI 25,0.077675021178715,2025-09-06T20:10:19.000Z
401760367,4017603672,40176036740,2,6,Wyoming,Mountain West,0,Northern Iowa,MVFC,0,Wyoming,Northern Iowa,1,"{'minutes': 12, 'seconds': 23}",3.0,3.0,75,25,2,5,0,False,Pass Incompletion,Kaden Anderson pass incomplete,-0.5828736135343763,2025-09-06T20:10:57.000Z
401760367,4017603672,40176036746,2,8,Wyoming,Mountain West,0,Northern Iowa,MVFC,0,Wyoming,Northern Iowa,1,"{'minutes': 12, 'seconds': 8}",3.0,3.0,70,30,3,10,0,False,Pass Incompletion,Kaden Anderson pass incomplete,-0.9887363611325739,2025-09-06T20:12:18.000Z
401760367,4017603672,401760367101885601,2,10,Northern Iowa,MVFC,0,Wyoming,Mountain West,0,Wyoming,Northern Iowa,1,"{'minutes': 11, 'seconds': 43}",3.0,3.0,70,70,1,10,5,False,Pass Reception,Matthew Schecklman pass complete to Bill Jackson for 5 yds to the UNI 35,0.1029188553265588,2025-09-06T20:14:13.000Z
401760367,4017603672,401760367101887601,2,11,Northern Iowa,MVFC,0,Wyoming,Mountain West,0,Wyoming,Northern Iowa,1,"{'minutes': 11, 'seconds': 23}",3.0,3.0,65,65,2,5,8,False,Pass Reception,Matthew Schecklman pass complete to Tysen Kershaw for 8 yds to the UNI 43 for a 1ST down,1.124550966066458,2025-09-06T20:14:32.000Z
401760367,4017603672,401760367101889801,2,12,Northern Iowa,MVFC,0,Wyoming,Mountain West,0,Wyoming,Northern Iowa,1,"{'minutes': 11, 'seconds': 1}",3.0,3.0,57,57,1,10,2,False,Rush,Harrison Bey-Buie run for 2 yds to the UNI 45,-0.6861929923492786,2025-09-06T20:15:02.000Z
401760367,4017603672,401760367101897501,2,13,Northern Iowa,MVFC,0,Wyoming,Mountain West,0,Wyoming,Northern Iowa,1,"{'minutes': 10, 'seconds': 24}",3.0,3.0,55,55,2,8,7,False,Rush,Bill Jackson run for 7 yds to the WYO 48,0.6311252952805084,2025-09-06T20:15:32.000Z
401760367,4017603672,401760367101938801,2,23,Northern Iowa,MVFC,0,Wyoming,Mountain West,0,Wyoming,Northern Iowa,1,"{'minutes': 6, 'seconds': 11}",2.0,3.0,26,26,2,10,4,False,Pass Reception,Matthew Schecklman pass complete to Derek Anderson for 4 yds to the WYO 22,-0.0719446242097756,2025-09-06T20:24:52.000Z
401760367,4017603672,401760367101946501,2,24,Northern Iowa,MVFC,0,Wyoming,Mountain West,0,Wyoming,Northern Iowa,1,"{'minutes': 5, 'seconds': 34}",2.0,3.0,22,22,3,6,0,False,Pass Incompletion,Matthew Schecklman pass incomplete to Ayden Price,-0.6908504998167614,2025-09-06T20:25:32.000Z
401760367,4017603673,40176036797,3,10,Northern Iowa,MVFC,7,Wyoming,Mountain West,17,Wyoming,Northern Iowa,1,"{'minutes': 7, 'seconds': 23}",2.0,3.0,41,41,4,6,-18,False,Pass Incompletion,"Wyoming Penalty, passinterference (Markie Grant), Matthew Schecklman pass incomplete",-1.303154990262474,2025-09-06T20:22:01.000Z
401760367,4017603673,401760367101,3,11,Northern Iowa,MVFC,0,Wyoming,Mountain West,0,Wyoming,Northern Iowa,1,"{'minutes': 7, 'seconds': 17}",2.0,3.0,26,26,1,10,5,False,Rush,Bill Jackson run for 5 yds to the ,0.0757087852917575,2025-09-06T20:23:02.000Z
401760367,4017603673,40176036794,3,9,Northern Iowa,MVFC,0,Wyoming,Mountain West,0,Wyoming,Northern Iowa,1,"{'minutes': 7, 'seconds': 31}",2.0,3.0,36,36,4,1,5,False,Penalty,"Northern Iowa Penalty, falsestart (Brady McDonald)",,2025-09-06T20:21:22.000Z
401760367,4017603673,401760367105,3,12,Northern Iowa,MVFC,0,Wyoming,Mountain West,0,Wyoming,Northern Iowa,1,"{'minutes': 6, 'seconds': 44}",2.0,3.0,21,21,2,5,5,False,Penalty,"Matthew Schecklman pass to JC Roque Jr., Northern Iowa Penalty, illegalmotion (5 Yards)",,2025-09-06T20:24:09.000Z
401760367,4017603673,401760367121,3,15,Northern Iowa,MVFC,0,Wyoming,Mountain West,0,Wyoming,Northern Iowa,1,"{'minutes': 5, 'seconds': 31}",2.0,3.0,22,22,4,6,40,False,Field Goal Missed,Max Bartachek 40 yd FG MISSED,,2025-09-06T20:26:05.000Z
401760367,4017603673,401760367118,3,14,Northern Iowa,MVFC,0,Wyoming,Mountain West,0,Wyoming,Northern Iowa,1,"{'minutes': 5, 'seconds': 34}",2.0,3.0,22,22,3,6,0,False,Pass Incompletion,Matthew Schecklman pass incomplete,-0.6908504998167614,2025-09-06T20:25:25.000Z
401760367,4017603673,401760367101947501,3,16,Wyoming,Mountain West,0,Northern Iowa,MVFC,0,Wyoming,Northern Iowa,1,"{'minutes': 5, 'seconds': 24}",3.0,2.0,22,78,1,10,17,False,Rush,Sam Scott run for 17 yds to the WYO 39 for a 1ST down,1.4169687658762562,2025-09-06T20:28:53.000Z
401760367,4017603673,40176036754,3,1,Northern Iowa,MVFC,0,Wyoming,Mountain West,0,Wyoming,Northern Iowa,1,"{'minutes': 11, 'seconds': 43}",2.0,3.0,70,70,1,10,5,False,Pass Completion,"to , Matthew Schecklman pass to Bill Jackson for 5 yds to the UNI 35",0.1029188553265588,2025-09-06T20:13:57.000Z
401760367,4017603673,40176036761,3,2,Northern Iowa,MVFC,0,Wyoming,Mountain West,0,Wyoming,Northern Iowa,1,"{'minutes': 11, 'seconds': 23}",2.0,3.0,65,65,2,5,8,False,Pass Completion,Matthew Schecklman pass to Tysen Kershaw for 8 yds to the UNI 43 for a 1ST down,1.124550966066458,2025-09-06T20:14:16.000Z
401760367,4017603673,40176036766,3,3,Northern Iowa,MVFC,0,Wyoming,Mountain West,0,Wyoming,Northern Iowa,1,"{'minutes': 11, 'seconds': 1}",2.0,3.0,57,57,1,10,2,False,Rush,Harrison Bey-Buie run for 2 yds to the UNI 45,-0.6861929923492786,2025-09-06T20:14:46.000Z
401760367,4017603673,40176036770,3,4,Northern Iowa,MVFC,0,Wyoming,Mountain West,0,Wyoming,Northern Iowa,1,"{'minutes': 10, 'seconds': 24}",2.0,3.0,55,55,2,8,7,False,Rush,Bill Jackson run for 7 yds to the WYO 48,0.6311252952805084,2025-09-06T20:15:23.000Z
401760367,4017603673,40176036774,3,5,Northern Iowa,MVFC,0,Wyoming,Mountain West,0,Wyoming,Northern Iowa,1,"{'minutes': 9, 'seconds': 48}",2.0,3.0,48,48,3,1,3,False,Rush,Matthew Schecklman run for 3 yds to the WYO 45,1.0438703095130286,2025-09-06T20:16:02.000Z
401760367,4017603673,40176036778,3,6,Northern Iowa,MVFC,0,Wyoming,Mountain West,0,Wyoming,Northern Iowa,1,"{'minutes': 9, 'seconds': 12}",2.0,3.0,45,45,1,10,9,False,Pass Completion,Matthew Schecklman pass to JC Roque Jr. for 9 yds to the WYO 36,0.957003546754157,2025-09-06T20:16:38.000Z
401760367,4017603673,40176036783,3,7,Northern Iowa,MVFC,0,Wyoming,Mountain West,0,Wyoming,Northern Iowa,1,"{'minutes': 8, 'seconds': 40}",2.0,3.0,36,36,2,1,0,False,Rush,Harrison Bey-Buie run,-0.976509881009701,2025-09-06T20:17:15.000Z
401760367,4017603673,40176036787,3,8,Northern Iowa,MVFC,0,Wyoming,Mountain West,0,Wyoming,Northern Iowa,1,"{'minutes': 8, 'seconds': 0}",2.0,3.0,36,36,3,1,0,False,Rush,Harrison Bey-Buie run,-1.0659405639959496,2025-09-06T20:17:54.000Z
401760367,4017603673,401760367101955301,3,17,Wyoming,Mountain West,0,Northern Iowa,MVFC,0,Wyoming,Northern Iowa,1,"{'minutes': 4, 'seconds': 46}",3.0,2.0,39,61,1,10,6,False,Pass Reception,Kaden Anderson pass complete to Sam Scott for 6 yds to the WYO 45,0.4026034463137036,2025-09-06T20:29:32.000Z
401760367,4017603673,401760367113,3,13,Northern Iowa,MVFC,0,Wyoming,Mountain West,0,Wyoming,Northern Iowa,1,"{'minutes': 6, 'seconds': 11}",2.0,3.0,26,26,2,10,4,False,Pass Completion,Matthew Schecklman pass to Derek Anderson for 4 yds to the WYO 22,-0.0719446242097756,2025-09-06T20:24:44.000Z
401760367,4017603673,401760367101958201,3,18,Wyoming,Mountain West,0,Northern Iowa,MVFC,0,Wyoming,Northern Iowa,1,"{'minutes': 4, 'seconds': 17}",3.0,2.0,45,55,2,4,25,False,Rush,"Max White run for 10 yds to the UNI 45 for a 1ST down Northern Iowa Penalty, Face Mask (15 yards) (Fletcher Marshall Jr.) to the UNI 30 for a 1ST down",1.6381694572283914,2025-09-06T20:30:22.000Z
401760367,4017603673,401760367101964601,3,19,Wyoming,Mountain West,0,Northern Iowa,MVFC,0,Wyoming,Northern Iowa,1,"{'minutes': 3, 'seconds': 53}",3.0,2.0,70,30,1,10,12,False,Pass Reception,Kaden Anderson pass complete to John Michael Gyllenborg for 12 yds to the UNI 18 for a 1ST down,0.22245042385218,2025-09-06T20:31:02.000Z
401760367,4017603673,401760367101967301,3,20,Wyoming,Mountain West,7,Northern Iowa,MVFC,0,Wyoming,Northern Iowa,1,"{'minutes': 3, 'seconds': 26}",3.0,2.0,82,18,1,10,18,True,Rushing Touchdown,Sam Scott run for 18 yds for a TD (Erik Sandvik KICK),2.591792709070591,2025-09-06T20:31:32.000Z
401760367,4017603674,401760367134,4,3,Wyoming,Mountain West,0,Northern Iowa,MVFC,0,Wyoming,Northern Iowa,1,"{'minutes': 4, 'seconds': 23}",3.0,2.0,45,55,2,4,25,False,Penalty,"Max White run for 10 yds to the UNI 45, Northern Iowa Penalty, facemask (Fletcher Marshall Jr.)",,2025-09-06T20:29:57.000Z
401760367,4017603674,401760367101967401,4,6,Wyoming,Mountain West,7,Northern Iowa,MVFC,0,Wyoming,Northern Iowa,1,"{'minutes': 3, 'seconds': 25}",3.0,2.0,35,65,1,10,0,False,Kickoff,Bart Edmiston kickoff for 65 yds for a touchback,,2025-09-06T20:34:52.000Z
401760367,4017603674,401760367101995101,4,11,Northern Iowa,MVFC,0,Wyoming,Mountain West,7,Wyoming,Northern Iowa,1,"{'minutes': 0, 'seconds': 48}",2.0,3.0,66,66,4,16,0,False,Punt,"Noah Pettinger punt for 31 yds, punt out-of-bounds at the WYO 35",,2025-09-06T20:38:52.000Z
401760367,4017603674,401760367125,4,1,Wyoming,Mountain West,0,Northern Iowa,MVFC,0,Wyoming,Northern Iowa,1,"{'minutes': 5, 'seconds': 24}",3.0,2.0,22,78,1,10,17,False,Rush,Sam Scott run for 17 yds to the WYO 39,1.4169687658762562,2025-09-06T20:28:36.000Z
401760367,4017603674,401760367129,4,2,Wyoming,Mountain West,0,Northern Iowa,MVFC,0,Wyoming,Northern Iowa,1,"{'minutes': 4, 'seconds': 46}",3.0,2.0,39,61,1,10,6,False,Pass Completion,Kaden Anderson pass to Sam Scott for 6 yds to the WYO 45,0.4026034463137036,2025-09-06T20:29:10.000Z
401760367,4017603674,401760367139,4,4,Wyoming,Mountain West,0,Northern Iowa,MVFC,0,Wyoming,Northern Iowa,1,"{'minutes': 3, 'seconds': 53}",3.0,2.0,70,30,1,10,12,False,Pass Completion,Kaden Anderson pass to John Michael Gyllenborg for 12 yds to the UNI 18 for a 1ST down,0.22245042385218,2025-09-06T20:30:43.000Z
401760367,4017603674,401760367144,4,5,Wyoming,Mountain West,7,Northern Iowa,MVFC,0,Wyoming,Northern Iowa,1,"{'minutes': 3, 'seconds': 26}",3.0,2.0,82,18,1,10,18,False,Rush,"Sam Scott run for 18 yds to the UNI 0, for a TD (Erik Sandvik PAT MISSED) (Erik Sandvik KICK)",,2025-09-06T20:31:13.000Z
401760367,4017603674,401760367101968901,4,7,Northern Iowa,MVFC,0,Wyoming,Mountain West,7,Wyoming,Northern Iowa,1,"{'minutes': 3, 'seconds': 10}",2.0,3.0,75,75,1,10,15,False,Pass Reception,Matthew Schecklman pass complete to Tysen Kershaw for 15 yds to the UNI 40 for a 1ST down,1.320854515577646,2025-09-06T20:36:02.000Z
401760367,4017603674,401760367101975901,4,8,Northern Iowa,MVFC,0,Wyoming,Mountain West,7,Wyoming,Northern Iowa,1,"{'minutes': 2, 'seconds': 40}",2.0,3.0,60,60,1,10,2,False,Rush,Jaxon Dailey run for 2 yds to the UNI 42,-0.6799841752385892,2025-09-06T20:36:42.000Z
401760367,4017603674,401760367101979501,4,9,Northern Iowa,MVFC,0,Wyoming,Mountain West,7,Wyoming,Northern Iowa,1,"{'minutes': 2, 'seconds': 4}",2.0,3.0,58,58,2,8,1,False,Rush,Matthew Schecklman run for 1 yd to the UNI 43,-0.7645473919150803,2025-09-06T20:37:02.000Z
401760367,4017603674,401760367101987001,4,10,Northern Iowa,MVFC,0,Wyoming,Mountain West,7,Wyoming,Northern Iowa,1,"{'minutes': 1, 'seconds': 29}",2.0,3.0,57,57,3,7,-9,False,Sack,Matthew Schecklman sacked by Andrew Johnson for a loss of 9 yards to the UNI 34,-1.0801503734588085,2025-09-06T20:37:42.000Z
401760367,4017603676,401760367172,5,5,Northern Iowa,MVFC,0,Wyoming,Mountain West,7,Wyoming,Northern Iowa,1,"{'minutes': 0, 'seconds': 48}",2.0,3.0,66,66,4,16,0,False,Punt,"Noah Pettinger punt for 31 yds to the UNI , punt out-of-bounds at the UNI ",,2025-09-06T20:38:14.000Z
401760367,4017603676,401760367102868101,5,7,Northern Iowa,MVFC,0,Wyoming,Mountain West,7,Wyoming,Northern Iowa,2,"{'minutes': 13, 'seconds': 18}",2.0,3.0,87,87,2,7,10,False,Penalty,"(13:23) Shotgun Jackson,Bill rush right for 3 yards loss to the UNI10 (Eller,Evan) PENALTY WYO Holding (Williams,Jayden) 10 yards from UNI13 to UNI23, 1ST DOWN. NO PLAY.",,2025-09-06T20:46:23.000Z
401760367,4017603676,401760367102896401,5,12,Northern Iowa,MVFC,0,Wyoming,Mountain West,7,Wyoming,Northern Iowa,2,"{'minutes': 10, 'seconds': 35}",2.0,3.0,44,44,3,10,15,False,Penalty,"Wyoming Penalty, Personal Foul (Dainsus Miller) to the WYO 26 for a 1ST down",,2025-09-06T20:50:13.000Z
401760367,4017603676,401760367102927401,5,18,Northern Iowa,MVFC,7,Wyoming,Mountain West,7,Wyoming,Northern Iowa,2,"{'minutes': 7, 'seconds': 25}",2.0,3.0,2,2,1,2,2,True,Rushing Touchdown,Harrison Bey-Buie run for 2 yds for a TD (Max Bartachek KICK),1.213235297672098,2025-09-06T20:58:03.000Z
401760367,4017603676,401760367102927001,5,17,Northern Iowa,MVFC,0,Wyoming,Mountain West,7,Wyoming,Northern Iowa,2,"{'minutes': 7, 'seconds': 29}",2.0,3.0,12,12,2,9,10,False,Penalty,"(07:35) Shotgun Schecklman,Matthew pass incomplete short left to Friedrichsen,Graham thrown to WYO00 PENALTY WYO Pass Interference (Miller,Dainsus) 10 yards from WYO12 to WYO02, 1ST DOWN. NO PLAY.",,2025-09-06T20:54:13.000Z
401760367,4017603676,401760367154,5,1,Northern Iowa,MVFC,0,Wyoming,Mountain West,7,Wyoming,Northern Iowa,1,"{'minutes': 3, 'seconds': 10}",2.0,3.0,75,75,1,10,15,False,Pass Completion,Matthew Schecklman pass to Tysen Kershaw for 15 yds to the UNI 40 for a 1ST down,1.320854515577646,2025-09-06T20:35:33.000Z
401760367,4017603676,401760367160,5,2,Northern Iowa,MVFC,0,Wyoming,Mountain West,7,Wyoming,Northern Iowa,1,"{'minutes': 2, 'seconds': 40}",2.0,3.0,60,60,1,10,2,False,Rush,Jaxon Dailey run for 2 yds to the UNI 42,-0.6799841752385892,2025-09-06T20:36:12.000Z
401760367,4017603676,401760367164,5,3,Northern Iowa,MVFC,0,Wyoming,Mountain West,7,Wyoming,Northern Iowa,1,"{'minutes': 2, 'seconds': 4}",2.0,3.0,58,58,2,8,1,False,Rush,Matthew Schecklman run for 1 yd to the ,-0.7645473919150803,2025-09-06T20:36:50.000Z
401760367,4017603676,401760367168,5,4,Northern Iowa,MVFC,0,Wyoming,Mountain West,7,Wyoming,Northern Iowa,1,"{'minutes': 1, 'seconds': 29}",2.0,3.0,57,57,3,7,-9,False,Sack,Matthew Schecklman sacked  by Andrew Johnson for a loss of 9 yards to the UNI 34,-1.0801503734588085,2025-09-06T20:37:35.000Z
401760367,4017603676,401760367102864601,5,6,Northern Iowa,MVFC,0,Wyoming,Mountain West,7,Wyoming,Northern Iowa,2,"{'minutes': 13, 'seconds': 53}",2.0,3.0,90,90,1,10,3,False,Rush,Bill Jackson run for 3 yds to the UNI 13,-0.14561440438218298,2025-09-06T20:45:53.000Z
401760367,4017603676,401760367102874801,5,8,Northern Iowa,MVFC,0,Wyoming,Mountain West,7,Wyoming,Northern Iowa,2,"{'minutes': 12, 'seconds': 51}",2.0,3.0,77,77,1,10,10,False,Pass Reception,Matthew Schecklman pass complete to Harrison Bey-Buie for 10 yds to the UNI 33 for a 1ST down,0.7813004250482481,2025-09-06T20:47:43.000Z
401760367,4017603676,401760367102877601,5,9,Northern Iowa,MVFC,0,Wyoming,Mountain West,7,Wyoming,Northern Iowa,2,"{'minutes': 12, 'seconds': 23}",2.0,3.0,67,67,1,10,23,False,Pass Reception,Matthew Schecklman pass complete to Graham Friedrichsen for 23 yds to the WYO 44 for a 1ST down,2.0161743116311275,2025-09-06T20:48:03.000Z
401760367,4017603676,401760367102884501,5,10,Northern Iowa,MVFC,0,Wyoming,Mountain West,7,Wyoming,Northern Iowa,2,"{'minutes': 11, 'seconds': 54}",2.0,3.0,44,44,1,10,0,False,Rush,Harrison Bey-Buie run for no gain to the WYO 44,-0.9690270974076257,2025-09-06T20:48:53.000Z
401760367,4017603676,401760367102888301,5,11,Northern Iowa,MVFC,0,Wyoming,Mountain West,7,Wyoming,Northern Iowa,2,"{'minutes': 11, 'seconds': 16}",2.0,3.0,44,44,2,10,0,False,Pass Reception,Matthew Schecklman pass complete to Tysen Kershaw for no gain to the WYO 44,-1.0658475431296655,2025-09-06T20:49:43.000Z
401760367,4017603676,401760367102898801,5,13,Northern Iowa,MVFC,0,Wyoming,Mountain West,7,Wyoming,Northern Iowa,2,"{'minutes': 10, 'seconds': 11}",2.0,3.0,26,26,1,10,3,False,Rush,Harrison Bey-Buie run for 3 yds to the WYO 23,-0.1464938748677045,2025-09-06T20:51:23.000Z
401760367,4017603676,401760367102907301,5,14,Northern Iowa,MVFC,0,Wyoming,Mountain West,7,Wyoming,Northern Iowa,2,"{'minutes': 9, 'seconds': 26}",2.0,3.0,23,23,2,7,6,False,Pass Reception,Matthew Schecklman pass complete to Graham Friedrichsen for 6 yds to the WYO 17,0.18467089391315,2025-09-06T20:52:13.000Z
401760367,4017603676,401760367102915401,5,15,Northern Iowa,MVFC,0,Wyoming,Mountain West,7,Wyoming,Northern Iowa,2,"{'minutes': 8, 'seconds': 45}",2.0,3.0,17,17,3,1,4,False,Rush,Jaxon Dailey run for 4 yds to the WYO 13 for a 1ST down,0.142895888316888,2025-09-06T20:52:23.000Z
401760367,4017603676,401760367102919001,5,16,Northern Iowa,MVFC,0,Wyoming,Mountain West,7,Wyoming,Northern Iowa,2,"{'minutes': 8, 'seconds': 9}",2.0,3.0,13,13,1,10,1,False,Rush,Harrison Bey-Buie run for 1 yd to the WYO 12,-0.239885200119727,2025-09-06T20:53:03.000Z
401760367,4017603675,401760367102864001,6,6,Wyoming,Mountain West,7,Northern Iowa,MVFC,0,Wyoming,Northern Iowa,2,"{'minutes': 13, 'seconds': 59}",3.0,2.0,38,62,4,7,0,False,Punt,Bart Edmiston punt for 62 yds for a touchback,,2025-09-06T20:45:03.000Z
401760367,4017603675,401760367101995901,6,1,Wyoming,Mountain West,7,Northern Iowa,MVFC,0,Wyoming,Northern Iowa,1,"{'minutes': 0, 'seconds': 40}",3.0,2.0,35,65,1,10,-15,False,Sack,Kaden Anderson sacked by Owen Ostroski for a loss of 15 yards to the WYO 20,-2.0717843963625304,2025-09-06T20:39:22.000Z
401760367,4017603675,401760367101999902,6,3,Wyoming,Mountain West,7,Northern Iowa,MVFC,0,Wyoming,Northern Iowa,1,"{'minutes': 0, 'seconds': 0}",3.0,2.0,20,80,0,25,3,False,End Period,End of 1st Quarter,,2025-09-06T20:40:02.000Z
401760367,4017603675,401760367102859401,6,5,Wyoming,Mountain West,7,Northern Iowa,MVFC,0,Wyoming,Northern Iowa,2,"{'minutes': 14, 'seconds': 5}",3.0,2.0,43,57,4,2,-5,False,Penalty,PENALTY WYO Delay Of Game 5 yards from WYO43 to WYO38. NO PLAY.,,2025-09-06T20:43:53.000Z
401760367,4017603675,401760367101999901,6,2,Wyoming,Mountain West,7,Northern Iowa,MVFC,0,Wyoming,Northern Iowa,1,"{'minutes': 0, 'seconds': 0}",3.0,2.0,20,80,2,25,3,False,Rush,Kaden Anderson run for 3 yds to the WYO 23,-0.02508489230987987,2025-09-06T20:40:02.000Z
401760367,4017603675,401760367102855701,6,4,Wyoming,Mountain West,7,Northern Iowa,MVFC,0,Wyoming,Northern Iowa,2,"{'minutes': 14, 'seconds': 42}",3.0,2.0,23,77,3,22,20,False,Pass Reception,Kaden Anderson pass complete to Chris Durr Jr. for 20 yds to the WYO 43,0.8705708287712364,2025-09-06T20:43:13.000Z
401760367,4017603677,401760367102927301,7,7,Northern Iowa,MVFC,7,Wyoming,Mountain West,7,Wyoming,Northern Iowa,2,"{'minutes': 7, 'seconds': 26}",2.0,3.0,65,65,1,10,0,False,Kickoff,Blake Pankratz kickoff for 65 yds for a touchback,,2025-09-06T21:23:55.000Z
401760367,4017603677,401760367200,7,5,Wyoming,Mountain West,7,Northern Iowa,MVFC,0,Wyoming,Northern Iowa,2,"{'minutes': 14, 'seconds': 5}",3.0,2.0,43,57,4,2,5,False,Penalty,"Wyoming Penalty, delayofgame (5 Yards)",,2025-09-06T20:43:54.000Z
401760367,4017603677,401760367203,7,6,Wyoming,Mountain West,7,Northern Iowa,MVFC,0,Wyoming,Northern Iowa,2,"{'minutes': 14, 'seconds': 3}",3.0,2.0,38,62,4,7,72,False,Penalty,"Bart Edmiston punt for 62 yds for a touchback, Northern Iowa Penalty, holding (Kayo Wallace)",,2025-09-06T20:44:37.000Z
401760367,4017603677,401760367102946201,7,13,Wyoming,Mountain West,7,Northern Iowa,MVFC,7,Wyoming,Northern Iowa,2,"{'minutes': 5, 'seconds': 37}",3.0,2.0,32,68,4,14,0,False,Punt,"Bart Edmiston punt for 53 yds, fair catch by JC Roque Jr. at the UNI 15",,2025-09-06T21:02:04.000Z
401760367,4017603677,401760367177,7,1,Wyoming,Mountain West,7,Northern Iowa,MVFC,0,Wyoming,Northern Iowa,1,"{'minutes': 0, 'seconds': 40}",3.0,2.0,35,65,1,10,-15,False,Sack,Kaden Anderson sacked  by Owen Ostroski for a loss of 15 yards to the WYO 20,-2.0717843963625304,2025-09-06T20:39:10.000Z
401760367,4017603677,401760367181,7,2,Wyoming,Mountain West,7,Northern Iowa,MVFC,0,Wyoming,Northern Iowa,1,"{'minutes': 0, 'seconds': 4}",3.0,2.0,20,80,2,25,3,False,Rush,Kaden Anderson run for 3 yds to the WYO 23,-0.02508489230987987,2025-09-06T20:39:49.000Z
401760367,4017603677,401760367187,7,3,Wyoming,Mountain West,7,Northern Iowa,MVFC,0,Wyoming,Northern Iowa,1,"{'minutes': 0, 'seconds': 0}",3.0,2.0,23,77,3,22,0,False,End Period,"End of 1st quarter, clock 00:00.",-0.03981364690432798,2025-09-06T20:40:03.000Z
401760367,4017603677,401760367191,7,4,Wyoming,Mountain West,7,Northern Iowa,MVFC,0,Wyoming,Northern Iowa,2,"{'minutes': 14, 'seconds': 42}",3.0,2.0,23,77,3,22,20,False,Pass Completion,Kaden Anderson pass to Chris Durr Jr. for 20 yds to the WYO 43,0.8705708287712364,2025-09-06T20:42:54.000Z
401760367,4017603677,401760367102928001,7,8,Wyoming,Mountain West,7,Northern Iowa,MVFC,7,Wyoming,Northern Iowa,2,"{'minutes': 7, 'seconds': 19}",3.0,2.0,25,75,1,10,11,False,Rush,Sam Scott run for 11 yds to the WYO 36 for a 1ST down,0.9305625119459905,2025-09-06T20:58:44.000Z
401760367,4017603677,401760367102935001,7,9,Wyoming,Mountain West,7,Northern Iowa,MVFC,7,Wyoming,Northern Iowa,2,"{'minutes': 6, 'seconds': 49}",3.0,2.0,36,64,1,10,-5,False,Penalty,(06:51) PENALTY WYO False Start 5 yards from WYO36 to WYO31. NO PLAY.,,2025-09-06T20:59:33.000Z
401760367,4017603677,401760367102937001,7,10,Wyoming,Mountain West,7,Northern Iowa,MVFC,7,Wyoming,Northern Iowa,2,"{'minutes': 6, 'seconds': 29}",3.0,2.0,31,69,1,15,1,False,Rush,Sam Scott run for 1 yd to the WYO 32,-0.5050164308162737,2025-09-06T21:00:04.000Z
401760367,4017603677,401760367102945001,7,11,Wyoming,Mountain West,7,Northern Iowa,MVFC,7,Wyoming,Northern Iowa,2,"{'minutes': 5, 'seconds': 49}",3.0,2.0,32,68,2,14,0,False,Pass Incompletion,Kaden Anderson pass incomplete to Chris Durr Jr.,-0.35845677461968073,2025-09-06T21:01:24.000Z
401760367,4017603677,401760367102945501,7,12,Wyoming,Mountain West,7,Northern Iowa,MVFC,7,Wyoming,Northern Iowa,2,"{'minutes': 5, 'seconds': 44}",3.0,2.0,32,68,3,14,0,False,Pass Incompletion,Kaden Anderson pass incomplete to Chris Durr Jr.,-0.16898471391328496,2025-09-06T21:01:34.000Z
401760367,40176036712,401760367103849903,8,9,Wyoming,Mountain West,17,Northern Iowa,MVFC,7,Wyoming,Northern Iowa,3,"{'minutes': 15, 'seconds': 0}",3.0,3.0,35,65,1,10,0,False,Kickoff,Bart Edmiston kickoff for 65 yds for a touchback,,2025-09-07T00:07:36.000Z
401760367,40176036712,401760367103878601,8,16,Northern Iowa,MVFC,7,Wyoming,Mountain West,17,Wyoming,Northern Iowa,3,"{'minutes': 12, 'seconds': 13}",3.0,3.0,53,53,1,10,-10,False,Penalty,"(12:17) Schecklman,Matthew pass complete short middle to Bey-Buie,Harrison caught at UNI47, for 1 yard to the UNI48 (Sibomana,Enock) PENALTY UNI Holding (Volk,Josh) 10 yards from UNI47 to UNI37. NO PLAY.",,2025-09-06T21:50:37.000Z
401760367,40176036712,401760367315,8,1,Wyoming,Mountain West,7,Northern Iowa,MVFC,7,Wyoming,Northern Iowa,2,"{'minutes': 4, 'seconds': 39}",3.0,2.0,55,45,1,10,6,False,Pass Completion,Kaden Anderson pass to Chris Durr Jr. for 6 yds to the UNI 39,0.3037840163725374,2025-09-06T21:07:23.000Z
401760367,40176036712,401760367321,8,2,Wyoming,Mountain West,7,Northern Iowa,MVFC,7,Wyoming,Northern Iowa,2,"{'minutes': 4, 'seconds': 34}",3.0,2.0,61,39,2,4,4,False,Rush,Terron Kellman run for 4 yds to the UNI 35,0.2001412849175746,2025-09-06T21:08:01.000Z
401760367,40176036712,401760367325,8,3,Wyoming,Mountain West,7,Northern Iowa,MVFC,7,Wyoming,Northern Iowa,2,"{'minutes': 3, 'seconds': 55}",3.0,2.0,65,35,1,10,17,False,Rush,Terron Kellman run for 17 yds to the UNI 18,0.380796074706365,2025-09-06T21:08:38.000Z
401760367,40176036712,401760367329,8,4,Wyoming,Mountain West,7,Northern Iowa,MVFC,7,Wyoming,Northern Iowa,2,"{'minutes': 3, 'seconds': 30}",3.0,2.0,82,18,1,10,9,False,Pass Completion,Kaden Anderson pass to Justin Erb for 9 yds to the UNI 9,0.619457208414883,2025-09-06T21:08:57.000Z
401760367,40176036712,401760367334,8,5,Wyoming,Mountain West,7,Northern Iowa,MVFC,7,Wyoming,Northern Iowa,2,"{'minutes': 3, 'seconds': 4}",3.0,2.0,91,9,2,1,-1,False,Rush,Terron Kellman run for a loss of 1 yards to the UNI 10,-0.66806733152985,2025-09-06T21:09:30.000Z
401760367,40176036712,401760367338,8,6,Wyoming,Mountain West,7,Northern Iowa,MVFC,7,Wyoming,Northern Iowa,2,"{'minutes': 2, 'seconds': 14}",3.0,2.0,90,10,3,2,2,False,Rush,Evan Svoboda run for 2 yds to the UNI 8,0.320803263485866,2025-09-06T21:10:16.000Z
401760367,40176036712,401760367342,8,7,Wyoming,Mountain West,7,Northern Iowa,MVFC,7,Wyoming,Northern Iowa,2,"{'minutes': 1, 'seconds': 53}",3.0,2.0,92,8,1,8,2,False,Rush,Samuel Harris run for 2 yds to the UNI 6,-0.209067424082246,2025-09-06T21:13:00.000Z
401760367,40176036712,401760367347,8,8,Wyoming,Mountain West,14,Northern Iowa,MVFC,7,Wyoming,Northern Iowa,2,"{'minutes': 1, 'seconds': 13}",3.0,2.0,94,6,2,6,6,False,Pass Completion,"Kaden Anderson pass to John Michael Gyllenborg for 6 yds to the UNI 0, for a TD (Erik Sandvik PAT MISSED) (Erik Sandvik KICK)",,2025-09-06T21:13:43.000Z
401760367,40176036712,401760367103849905,8,10,Northern Iowa,MVFC,7,Wyoming,Mountain West,17,Wyoming,Northern Iowa,3,"{'minutes': 15, 'seconds': 0}",3.0,3.0,75,75,1,10,5,False,Rush,Harrison Bey-Buie run for 5 yds to the UNI 30,0.0945451165334843,2025-09-07T00:07:36.000Z
401760367,40176036712,401760367103849906,8,11,Northern Iowa,MVFC,7,Wyoming,Mountain West,17,Wyoming,Northern Iowa,3,"{'minutes': 15, 'seconds': 0}",3.0,3.0,70,70,2,5,0,False,Pass Incompletion,Matthew Schecklman pass incomplete to Ayden Price,-0.7537324720659102,2025-09-07T00:07:36.000Z
401760367,40176036712,401760367103849907,8,12,Northern Iowa,MVFC,7,Wyoming,Mountain West,17,Wyoming,Northern Iowa,3,"{'minutes': 15, 'seconds': 0}",3.0,3.0,70,70,3,5,7,False,Pass Reception,Matthew Schecklman pass complete to Tysen Kershaw for 7 yds to the UNI 37 for a 1ST down,1.6864316816759972,2025-09-07T00:07:36.000Z
401760367,40176036712,401760367103849908,8,13,Northern Iowa,MVFC,7,Wyoming,Mountain West,17,Wyoming,Northern Iowa,3,"{'minutes': 15, 'seconds': 0}",3.0,3.0,63,63,1,10,2,False,Rush,Jaxon Dailey run for 2 yds to the UNI 39,-0.6556647600661254,2025-09-07T00:07:36.000Z
401760367,40176036712,401760367103868801,8,14,Northern Iowa,MVFC,7,Wyoming,Mountain West,17,Wyoming,Northern Iowa,3,"{'minutes': 13, 'seconds': 11}",3.0,3.0,61,61,2,8,3,False,Rush,Titus Cram run for 3 yds to the UNI 42,-0.3478252356513476,2025-09-06T21:48:27.000Z
401760367,40176036712,401760367103875801,8,15,Northern Iowa,MVFC,7,Wyoming,Mountain West,17,Wyoming,Northern Iowa,3,"{'minutes': 12, 'seconds': 41}",3.0,3.0,58,58,3,5,5,False,Pass Reception,Matthew Schecklman pass complete to Tysen Kershaw for 5 yds to the UNI 47 for a 1ST down,1.9587013557219155,2025-09-06T21:50:17.000Z
401760367,40176036712,401760367103885301,8,17,Northern Iowa,MVFC,7,Wyoming,Mountain West,17,Wyoming,Northern Iowa,3,"{'minutes': 11, 'seconds': 46}",3.0,3.0,63,63,1,20,7,False,Rush,Harrison Bey-Buie run for 7 yds to the UNI 44,0.3969529307201718,2025-09-06T21:51:37.000Z
401760367,40176036712,401760367103887901,8,18,Northern Iowa,MVFC,7,Wyoming,Mountain West,17,Wyoming,Northern Iowa,3,"{'minutes': 11, 'seconds': 20}",3.0,3.0,56,56,2,13,7,False,Rush,Christian Collins run for 7 yds to the WYO 49,0.4857654497070314,2025-09-06T21:53:07.000Z
401760367,40176036712,401760367103896001,8,19,Northern Iowa,MVFC,7,Wyoming,Mountain West,17,Wyoming,Northern Iowa,3,"{'minutes': 10, 'seconds': 39}",3.0,3.0,49,49,3,6,-2,False,Pass Interception Return,Matthew Schecklman pass intercepted Desman Hearns return for a loss of 2 yards to the WYO 24,-1.5895782071907743,2025-09-06T21:54:17.000Z
401760367,40176036712,401760367371,8,20,Northern Iowa,MVFC,7,Wyoming,Mountain West,17,Wyoming,Northern Iowa,3,"{'minutes': 0, 'seconds': 20}",3.0,3.0,65,65,2,16,3,False,placeholder,,-0.1635254161163271,2025-09-06T21:44:30.000Z
401760367,40176036714,401760367103939701,9,4,Wyoming,Mountain West,24,Northern Iowa,MVFC,7,Wyoming,Northern Iowa,3,"{'minutes': 6, 'seconds': 2}",3.0,3.0,35,65,1,10,20,False,Kickoff Return (Offense),"Bart Edmiston kickoff for 64 yds , Quincy Morris return for 20 yds to the UNI 21",,2025-09-06T22:07:49.000Z
401760367,40176036714,401760367103956402,9,8,Northern Iowa,MVFC,7,Wyoming,Mountain West,24,Wyoming,Northern Iowa,3,"{'minutes': 4, 'seconds': 35}",3.0,3.0,72,72,4,3,-5,False,Penalty,(04:35) PENALTY UNI False Start 5 yards from UNI28 to UNI23. NO PLAY.,,2025-09-06T22:28:31.000Z
401760367,40176036714,401760367103957501,9,9,Northern Iowa,MVFC,7,Wyoming,Mountain West,24,Wyoming,Northern Iowa,3,"{'minutes': 4, 'seconds': 24}",3.0,3.0,77,77,4,8,2,False,Punt,"Noah Pettinger punt for 50 yds , Deion DeBlanc returns for 2 yds to the WYO 29",,2025-09-06T22:11:39.000Z
401760367,40176036714,401760367375,9,3,Northern Iowa,MVFC,7,Wyoming,Mountain West,14,Wyoming,Northern Iowa,2,"{'minutes': 0, 'seconds': 31}",2.0,3.0,62,62,4,3,0,False,Penalty,,,2025-09-06T21:20:19.000Z
401760367,40176036714,401760367363,9,1,Northern Iowa,MVFC,7,Wyoming,Mountain West,14,Wyoming,Northern Iowa,2,"{'minutes': 0, 'seconds': 54}",2.0,3.0,69,69,1,10,4,False,Pass Completion,Matthew Schecklman pass to Harrison Bey-Buie for 4 yds to the UNI 35,-0.1445206744011678,2025-09-06T21:17:06.000Z
401760367,40176036714,401760367368,9,2,Northern Iowa,MVFC,7,Wyoming,Mountain West,14,Wyoming,Northern Iowa,2,"{'minutes': 0, 'seconds': 36}",2.0,3.0,65,65,2,6,0,False,Pass Incompletion,Matthew Schecklman pass incomplete,-0.8397239190367127,2025-09-06T21:17:32.000Z
401760367,40176036714,401760367103944801,9,5,Northern Iowa,MVFC,7,Wyoming,Mountain West,24,Wyoming,Northern Iowa,3,"{'minutes': 5, 'seconds': 51}",3.0,3.0,79,79,1,10,6,False,Pass Reception,Matthew Schecklman pass complete to Tysen Kershaw for 6 yds to the UNI 27,0.2977036772411737,2025-09-06T22:08:59.000Z
401760367,40176036714,401760367103948101,9,6,Northern Iowa,MVFC,7,Wyoming,Mountain West,24,Wyoming,Northern Iowa,3,"{'minutes': 5, 'seconds': 18}",3.0,3.0,73,73,2,4,1,False,Rush,Jaxon Dailey run for 1 yd to the UNI 28,-0.6198598368403143,2025-09-06T22:09:09.000Z
401760367,40176036714,401760367103956401,9,7,Northern Iowa,MVFC,7,Wyoming,Mountain West,24,Wyoming,Northern Iowa,3,"{'minutes': 4, 'seconds': 35}",3.0,3.0,72,72,3,3,0,False,Pass Incompletion,Matthew Schecklman pass incomplete to Tysen Kershaw,-0.4203780943642217,2025-09-06T22:28:31.000Z
401760367,40176036715,401760367395,10,4,Wyoming,Mountain West,17,Northern Iowa,MVFC,7,Wyoming,Northern Iowa,2,"{'minutes': 0, 'seconds': 1}",3.0,2.0,78,22,1,10,40,False,Field Goal Good,Erik Sandvik 40 yd FG GOOD,,2025-09-06T21:23:51.000Z
401760367,40176036715,401760367103958101,10,5,Wyoming,Mountain West,24,Northern Iowa,MVFC,7,Wyoming,Northern Iowa,3,"{'minutes': 4, 'seconds': 18}",3.0,3.0,29,71,1,10,-10,False,Penalty,"Wyoming Penalty, Offensive Holding (-10 Yards) to the WYO 26",,2025-09-06T22:13:39.000Z
401760367,40176036715,401760367103969101,10,9,Wyoming,Mountain West,24,Northern Iowa,MVFC,7,Wyoming,Northern Iowa,3,"{'minutes': 3, 'seconds': 8}",3.0,3.0,25,75,4,14,9,False,Punt,"Bart Edmiston punt for 40 yds , JC Roque Jr. returns for 9 yds to the UNI 44",,2025-09-06T22:17:40.000Z
401760367,40176036715,401760367382,10,1,Wyoming,Mountain West,14,Northern Iowa,MVFC,7,Wyoming,Northern Iowa,2,"{'minutes': 0, 'seconds': 22}",3.0,2.0,66,34,1,10,10,False,Penalty,"Kaden Anderson pass incomplete, Wyoming Penalty, holding (Evan Svoboda)",,2025-09-06T21:20:59.000Z
401760367,40176036715,401760367386,10,2,Wyoming,Mountain West,14,Northern Iowa,MVFC,7,Wyoming,Northern Iowa,2,"{'minutes': 0, 'seconds': 12}",3.0,2.0,56,44,1,20,14,False,Pass Completion,Kaden Anderson pass to John Michael Gyllenborg for 14 yds to the UNI 30,1.590591595796148,2025-09-06T21:21:53.000Z
401760367,40176036715,401760367391,10,3,Wyoming,Mountain West,14,Northern Iowa,MVFC,7,Wyoming,Northern Iowa,2,"{'minutes': 0, 'seconds': 5}",3.0,2.0,70,30,2,6,8,False,Rush,Samuel Harris run for 8 yds to the UNI 22,0.352371346835954,2025-09-06T21:22:32.000Z
401760367,40176036715,401760367103964101,10,6,Wyoming,Mountain West,24,Northern Iowa,MVFC,7,Wyoming,Northern Iowa,3,"{'minutes': 3, 'seconds': 58}",3.0,3.0,26,74,1,13,0,False,Pass Incompletion,Kaden Anderson pass incomplete to Michael Fitzgerald,-0.5541292548314125,2025-09-06T22:15:19.000Z
401760367,40176036715,401760367103965901,10,7,Wyoming,Mountain West,24,Northern Iowa,MVFC,7,Wyoming,Northern Iowa,3,"{'minutes': 3, 'seconds': 40}",3.0,3.0,26,74,2,13,-1,False,Pass Reception,Kaden Anderson pass complete to Terron Kellman for a loss of 1 yard to the WYO 25,-0.3055677248132298,2025-09-06T22:15:59.000Z
401760367,40176036715,401760367103968401,10,8,Wyoming,Mountain West,24,Northern Iowa,MVFC,7,Wyoming,Northern Iowa,3,"{'minutes': 3, 'seconds': 15}",3.0,3.0,25,75,3,14,0,False,Pass Incompletion,Kaden Anderson pass incomplete to John Michael Gyllenborg,-0.10350477012014458,2025-09-06T22:16:49.000Z
401760367,40176036717,401760367436,11,7,Northern Iowa,MVFC,7,Wyoming,Mountain West,17,Wyoming,Northern Iowa,3,"{'minutes': 12, 'seconds': 17}",3.0,3.0,53,53,1,10,10,False,Penalty,"Matthew Schecklman pass to Harrison Bey-Buie, Northern Iowa Penalty, holding (Josh Volk)",,2025-09-06T21:50:47.000Z
401760367,40176036717,401760367427,11,5,Northern Iowa,MVFC,7,Wyoming,Mountain West,17,Wyoming,Northern Iowa,3,"{'minutes': 13, 'seconds': 11}",3.0,3.0,61,61,2,8,3,False,Rush,Titus Cram run for 3 yds to the UNI 42,-0.3478252356513476,2025-09-06T21:48:16.000Z
401760367,40176036717,401760367431,11,6,Northern Iowa,MVFC,7,Wyoming,Mountain West,17,Wyoming,Northern Iowa,3,"{'minutes': 12, 'seconds': 41}",3.0,3.0,58,58,3,5,5,False,Pass Completion,Matthew Schecklman pass to Tysen Kershaw for 5 yds to the UNI 45 for a 1ST down,1.9587013557219155,2025-09-06T21:49:56.000Z
401760367,40176036717,401760367442,11,8,Northern Iowa,MVFC,7,Wyoming,Mountain West,17,Wyoming,Northern Iowa,3,"{'minutes': 11, 'seconds': 46}",3.0,3.0,63,63,1,20,7,False,Rush,Harrison Bey-Buie run for 7 yds to the UNI 44,0.3969529307201718,2025-09-06T21:51:30.000Z
401760367,40176036717,401760367411,11,1,Northern Iowa,MVFC,7,Wyoming,Mountain West,17,Wyoming,Northern Iowa,3,"{'minutes': 15, 'seconds': 0}",3.0,3.0,75,75,1,10,5,False,Rush,Harrison Bey-Buie run for 5 yds to the UNI 30,0.0945451165334843,2025-09-06T21:45:38.000Z
401760367,40176036717,401760367415,11,2,Northern Iowa,MVFC,7,Wyoming,Mountain West,17,Wyoming,Northern Iowa,3,"{'minutes': 15, 'seconds': 0}",3.0,3.0,70,70,2,5,0,False,Pass Incompletion,Matthew Schecklman pass incomplete,-0.7537324720659102,2025-09-06T21:46:15.000Z
401760367,40176036717,401760367418,11,3,Northern Iowa,MVFC,7,Wyoming,Mountain West,17,Wyoming,Northern Iowa,3,"{'minutes': 15, 'seconds': 0}",3.0,3.0,70,70,3,5,7,False,Pass Completion,Matthew Schecklman pass to Tysen Kershaw for 7 yds to the UNI 37 for a 1ST down,1.6864316816759972,2025-09-06T21:46:55.000Z
401760367,40176036717,401760367423,11,4,Northern Iowa,MVFC,7,Wyoming,Mountain West,17,Wyoming,Northern Iowa,3,"{'minutes': 15, 'seconds': 0}",3.0,3.0,63,63,1,10,2,False,Rush,Jaxon Dailey run for 2 yds to the UNI 39,-0.6556647600661254,2025-09-06T21:47:34.000Z
401760367,40176036717,401760367446,11,9,Northern Iowa,MVFC,7,Wyoming,Mountain West,17,Wyoming,Northern Iowa,3,"{'minutes': 11, 'seconds': 20}",3.0,3.0,56,56,2,13,7,False,Rush,Christian Collins run for 7 yds to the WYO 49,0.4857654497070314,2025-09-06T21:52:53.000Z
401760367,40176036717,401760367450,11,10,Northern Iowa,MVFC,7,Wyoming,Mountain West,17,Wyoming,Northern Iowa,3,"{'minutes': 10, 'seconds': 39}",3.0,3.0,49,49,3,6,-2,False,Pass Interception Return,"Matthew Schecklman pass intercepted, Desman Hearns return  for a loss of 2 yards to the WYO 26",-1.5895782071907743,2025-09-06T21:53:50.000Z
401760367,40176036717,401760367103988701,11,11,Wyoming,Mountain West,24,Northern Iowa,MVFC,7,Wyoming,Northern Iowa,3,"{'minutes': 1, 'seconds': 12}",3.0,3.0,28,72,1,10,-13,False,Fumble Recovery (Own),"Kaden Anderson sacked by Jonathan Cabral-Martin for a loss of 13 yards to the WYO 15 Kaden Anderson fumbled, recovered by UNI Jack Kriebs , return for 0 yards",-1.474262713924749,2025-09-06T22:24:50.000Z
401760367,40176036713,401760367103904001,12,2,Wyoming,Mountain West,17,Northern Iowa,MVFC,7,Wyoming,Northern Iowa,3,"{'minutes': 9, 'seconds': 59}",3.0,3.0,28,72,2,6,-15,False,Penalty,"Wyoming Penalty, Intentional Grounding (Kaden Anderson) to the WYO 13",,2025-09-06T21:57:17.000Z
401760367,40176036713,401760367103904601,12,3,Wyoming,Mountain West,17,Northern Iowa,MVFC,7,Wyoming,Northern Iowa,3,"{'minutes': 9, 'seconds': 53}",3.0,3.0,13,87,3,21,15,False,Penalty,"(09:55) No Huddle-Shotgun Anderson,Kaden pass incomplete deep middle to Gyllenborg,John Michael thrown to WYO39 PENALTY UNI Face Mask (Pettus,Jaylen) 15 yards from WYO13 to WYO28, 1ST DOWN. NO PLAY.",,2025-09-06T21:59:38.000Z
401760367,40176036713,401760367103939101,12,11,Wyoming,Mountain West,24,Northern Iowa,MVFC,7,Wyoming,Northern Iowa,3,"{'minutes': 6, 'seconds': 8}",3.0,3.0,79,21,3,11,21,True,Passing Touchdown,Kaden Anderson pass complete to Chris Durr Jr. for 21 yds for a TD (Erik Sandvik KICK),3.593194526665755,2025-09-06T22:04:58.000Z
401760367,40176036713,401760367103896601,12,1,Wyoming,Mountain West,17,Northern Iowa,MVFC,7,Wyoming,Northern Iowa,3,"{'minutes': 10, 'seconds': 33}",3.0,3.0,24,76,1,10,4,False,Rush,Sam Scott run for 4 yds to the WYO 28,-0.1089877410850981,2025-09-06T21:56:57.000Z
401760367,40176036713,401760367103905601,12,4,Wyoming,Mountain West,17,Northern Iowa,MVFC,7,Wyoming,Northern Iowa,3,"{'minutes': 9, 'seconds': 43}",3.0,3.0,28,72,1,10,14,False,Pass Reception,Kaden Anderson pass complete to Jaylen Sargent for 14 yds to the WYO 42 for a 1ST down,1.2939295002267368,2025-09-06T22:00:48.000Z
401760367,40176036713,401760367103907501,12,5,Wyoming,Mountain West,17,Northern Iowa,MVFC,7,Wyoming,Northern Iowa,3,"{'minutes': 9, 'seconds': 24}",3.0,3.0,42,58,1,10,6,False,Pass Reception,Kaden Anderson pass complete to Sam Scott for 6 yds to the WYO 48,0.3957205453341055,2025-09-06T22:00:58.000Z
401760367,40176036713,401760367103914201,12,6,Wyoming,Mountain West,17,Northern Iowa,MVFC,7,Wyoming,Northern Iowa,3,"{'minutes': 8, 'seconds': 57}",3.0,3.0,48,52,2,4,5,False,Rush,Samuel Harris run for 5 yds to the UNI 47 for a 1ST down,0.55278042543878,2025-09-06T22:01:28.000Z
401760367,40176036713,401760367103917101,12,7,Wyoming,Mountain West,17,Northern Iowa,MVFC,7,Wyoming,Northern Iowa,3,"{'minutes': 8, 'seconds': 28}",3.0,3.0,53,47,1,10,17,False,Rush,Samuel Harris run for 17 yds to the UNI 30 for a 1ST down,0.798959108343659,2025-09-06T22:01:58.000Z
401760367,40176036713,401760367103919901,12,8,Wyoming,Mountain West,17,Northern Iowa,MVFC,7,Wyoming,Northern Iowa,3,"{'minutes': 8, 'seconds': 0}",3.0,3.0,70,30,1,10,10,False,Pass Reception,Kaden Anderson pass complete to John Michael Gyllenborg for 10 yds to the UNI 20 for a 1ST down,0.196315403891072,2025-09-06T22:02:28.000Z
401760367,40176036713,401760367103927401,12,9,Wyoming,Mountain West,17,Northern Iowa,MVFC,7,Wyoming,Northern Iowa,3,"{'minutes': 7, 'seconds': 25}",3.0,3.0,80,20,1,10,0,False,Rush,Samuel Harris run for no gain to the UNI 20,-0.374805786232315,2025-09-06T22:03:08.000Z
401760367,40176036713,401760367103935401,12,10,Wyoming,Mountain West,17,Northern Iowa,MVFC,7,Wyoming,Northern Iowa,3,"{'minutes': 6, 'seconds': 45}",3.0,3.0,80,20,2,10,-1,False,Pass Reception,Kaden Anderson pass complete to Samuel Harris for a loss of 1 yard to the UNI 21,-0.600461011401741,2025-09-06T22:03:38.000Z
401760367,40176036716,401760367103977001,17,2,Northern Iowa,MVFC,7,Wyoming,Mountain West,24,Wyoming,Northern Iowa,3,"{'minutes': 2, 'seconds': 29}",3.0,3.0,66,66,1,20,4,False,Pass Reception,Jaxon Dailey pass complete to JC Roque Jr. for 4 yds to the UNI 38,-0.0972258554095244,2025-09-06T22:19:00.000Z
401760367,40176036716,401760367103985201,17,3,Northern Iowa,MVFC,7,Wyoming,Mountain West,24,Wyoming,Northern Iowa,3,"{'minutes': 1, 'seconds': 47}",3.0,3.0,62,62,2,16,0,False,Pass Incompletion,Matthew Schecklman pass incomplete to Ayden Price,-0.43753382623157666,2025-09-06T22:19:40.000Z
401760367,40176036716,401760367103969901,17,1,Northern Iowa,MVFC,7,Wyoming,Mountain West,24,Wyoming,Northern Iowa,3,"{'minutes': 3, 'seconds': 0}",3.0,3.0,56,56,1,10,-10,False,Penalty,"(03:06) Bey-Buie,Harrison rush right for 7 yards gain to the WYO49 (Stuhlsatz,Ethan) PENALTY UNI Holding (Thomas,Parker) 10 yards from UNI44 to UNI34. NO PLAY.",,2025-09-06T22:18:01.000Z
401760367,40176036716,401760367103986501,17,5,Northern Iowa,MVFC,7,Wyoming,Mountain West,24,Wyoming,Northern Iowa,3,"{'minutes': 1, 'seconds': 34}",3.0,3.0,62,62,4,16,-5,False,Penalty,"(01:40) Pettinger,Noah punt 54 yards to the WYO08, out of bounds at WYO08 PENALTY UNI Illegal Formation 5 yards from UNI38 to UNI33. NO PLAY.",,2025-09-06T22:21:30.000Z
401760367,40176036716,401760367103988001,17,6,Northern Iowa,MVFC,7,Wyoming,Mountain West,24,Wyoming,Northern Iowa,3,"{'minutes': 1, 'seconds': 19}",3.0,3.0,67,67,4,21,16,False,Punt,"Noah Pettinger punt for 55 yds , Deion DeBlanc returns for 16 yds to the WYO 28",,2025-09-06T22:22:20.000Z
401760367,40176036716,401760367103985901,17,4,Northern Iowa,MVFC,7,Wyoming,Mountain West,24,Wyoming,Northern Iowa,3,"{'minutes': 1, 'seconds': 40}",3.0,3.0,62,62,3,16,0,False,Pass Incompletion,Matthew Schecklman pass incomplete to Derek Anderson,-0.2141300809082658,2025-09-06T22:20:52.000Z
401760367,40176036718,401760367460,13,2,Wyoming,Mountain West,17,Northern Iowa,MVFC,7,Wyoming,Northern Iowa,3,"{'minutes': 10, 'seconds': 5}",3.0,3.0,28,72,2,6,-15,False,Penalty,"Kaden Anderson sacked , Wyoming Penalty, intentionalgrounding (Kaden Anderson) to the WYO 13",,2025-09-06T21:58:45.000Z
401760367,40176036718,401760367468,13,3,Wyoming,Mountain West,17,Northern Iowa,MVFC,7,Wyoming,Northern Iowa,3,"{'minutes': 9, 'seconds': 55}",3.0,3.0,13,87,3,21,15,False,Penalty,"Kaden Anderson pass incomplete, Northern Iowa Penalty, facemask (Jaylen Pettus)",,2025-09-06T21:59:46.000Z
401760367,40176036718,401760367456,13,1,Wyoming,Mountain West,17,Northern Iowa,MVFC,7,Wyoming,Northern Iowa,3,"{'minutes': 10, 'seconds': 33}",3.0,3.0,24,76,1,10,4,False,Rush,Sam Scott run for 4 yds to the WYO 28,-0.1089877410850981,2025-09-06T21:56:37.000Z
401760367,40176036718,401760367473,13,4,Wyoming,Mountain West,17,Northern Iowa,MVFC,7,Wyoming,Northern Iowa,3,"{'minutes': 9, 'seconds': 43}",3.0,3.0,28,72,1,10,14,False,Pass Completion,Kaden Anderson pass to Jaylen Sargent for 14 yds to the WYO 42 for a 1ST down,1.2939295002267368,2025-09-06T22:00:29.000Z
401760367,40176036718,401760367478,13,5,Wyoming,Mountain West,17,Northern Iowa,MVFC,7,Wyoming,Northern Iowa,3,"{'minutes': 9, 'seconds': 24}",3.0,3.0,42,58,1,10,6,False,Pass Completion,Kaden Anderson pass to Sam Scott for 6 yds to the WYO 48,0.3957205453341055,2025-09-06T22:00:48.000Z
401760367,40176036718,401760367483,13,6,Wyoming,Mountain West,17,Northern Iowa,MVFC,7,Wyoming,Northern Iowa,3,"{'minutes': 8, 'seconds': 57}",3.0,3.0,48,52,2,4,5,False,Rush,Samuel Harris run for 5 yds to the UNI 47,0.55278042543878,2025-09-06T22:01:18.000Z
401760367,40176036718,401760367487,13,7,Wyoming,Mountain West,17,Northern Iowa,MVFC,7,Wyoming,Northern Iowa,3,"{'minutes': 8, 'seconds': 28}",3.0,3.0,53,47,1,10,17,False,Rush,Samuel Harris run for 17 yds to the UNI 30,0.798959108343659,2025-09-06T22:01:46.000Z
401760367,40176036718,401760367491,13,8,Wyoming,Mountain West,17,Northern Iowa,MVFC,7,Wyoming,Northern Iowa,3,"{'minutes': 8, 'seconds': 0}",3.0,3.0,70,30,1,10,10,False,Pass Completion,Kaden Anderson pass to John Michael Gyllenborg for 10 yds to the UNI 20 for a 1ST down,0.196315403891072,2025-09-06T22:02:10.000Z
401760367,40176036718,401760367497,13,9,Wyoming,Mountain West,17,Northern Iowa,MVFC,7,Wyoming,Northern Iowa,3,"{'minutes': 7, 'seconds': 25}",3.0,3.0,80,20,1,10,0,False,Rush,Samuel Harris run,-0.374805786232315,2025-09-06T22:02:50.000Z
401760367,40176036718,401760367501,13,10,Wyoming,Mountain West,17,Northern Iowa,MVFC,7,Wyoming,Northern Iowa,3,"{'minutes': 6, 'seconds': 45}",3.0,3.0,80,20,2,10,-1,False,Pass Completion,Kaden Anderson pass to Samuel Harris for a loss of 1 yards to the UNI 21,-0.600461011401741,2025-09-06T22:03:27.000Z
401760367,40176036718,401760367506,13,11,Wyoming,Mountain West,24,Northern Iowa,MVFC,7,Wyoming,Northern Iowa,3,"{'minutes': 6, 'seconds': 8}",3.0,3.0,79,21,3,11,21,False,Pass Completion,"Kaden Anderson pass to Chris Durr Jr. for 21 yds to the UNI 0, for a TD for a 1ST down (Erik Sandvik KICK)",,2025-09-06T22:04:08.000Z
401760367,40176036718,401760367103989301,13,12,Northern Iowa,MVFC,7,Wyoming,Mountain West,24,Wyoming,Northern Iowa,3,"{'minutes': 1, 'seconds': 6}",3.0,3.0,15,15,1,10,2,False,Rush,Jaxon Dailey run for 2 yds to the WYO 13,-0.179494976485374,2025-09-06T22:25:52.000Z
401760367,40176036718,401760367103996701,13,13,Northern Iowa,MVFC,7,Wyoming,Mountain West,24,Wyoming,Northern Iowa,3,"{'minutes': 0, 'seconds': 32}",3.0,3.0,13,13,2,8,0,False,Interception,Matthew Schecklman pass intercepted,-4.262305933949543,2025-09-06T22:26:31.000Z
401760367,40176036719,401760367103999901,20,1,Wyoming,Mountain West,24,Northern Iowa,MVFC,7,Wyoming,Northern Iowa,3,"{'minutes': 0, 'seconds': 0}",2.0,3.0,2,98,1,10,33,False,Rush,Terron Kellman run for 33 yds to the WYO 35 for a 1ST down,1.732465290209392,2025-09-06T22:28:31.000Z
401760367,40176036719,401760367104854901,20,3,Wyoming,Mountain West,24,Northern Iowa,MVFC,7,Wyoming,Northern Iowa,4,"{'minutes': 14, 'seconds': 50}",2.0,3.0,35,65,1,10,6,False,Rush,Landon Sims run for 6 yds to the WYO 41,0.3983464844048346,2025-09-07T00:07:36.000Z
401760367,40176036719,401760367104857601,20,4,Wyoming,Mountain West,24,Northern Iowa,MVFC,7,Wyoming,Northern Iowa,4,"{'minutes': 14, 'seconds': 23}",2.0,3.0,41,59,2,4,-8,False,Sack,Landon Sims sacked by Jamarion Augustus for a loss of 8 yards to the WYO 33,-2.169545117038264,2025-09-07T00:07:36.000Z
401760367,40176036719,401760367104866501,20,5,Wyoming,Mountain West,24,Northern Iowa,MVFC,7,Wyoming,Northern Iowa,4,"{'minutes': 13, 'seconds': 34}",2.0,3.0,33,67,3,12,12,False,Rush,Landon Sims run for 12 yds to the WYO 45 for a 1ST down,2.737302406008399,2025-09-07T00:07:36.000Z
401760367,40176036719,401760367104874001,20,6,Wyoming,Mountain West,24,Northern Iowa,MVFC,7,Wyoming,Northern Iowa,4,"{'minutes': 12, 'seconds': 59}",2.0,3.0,45,55,1,10,6,False,Rush,Samuel Harris run for 6 yds to the UNI 49,0.38118862332173,2025-09-07T00:07:36.000Z
401760367,40176036719,401760367104876201,20,7,Wyoming,Mountain West,24,Northern Iowa,MVFC,7,Wyoming,Northern Iowa,4,"{'minutes': 12, 'seconds': 37}",2.0,3.0,51,49,2,4,0,False,Rush,Sam Scott run for no gain to the UNI 49,-1.22735570735437,2025-09-07T00:07:36.000Z
401760367,40176036719,401760367104878901,20,8,Wyoming,Mountain West,24,Northern Iowa,MVFC,7,Wyoming,Northern Iowa,4,"{'minutes': 12, 'seconds': 10}",2.0,3.0,51,49,3,4,-2,False,Rush,Landon Sims run for a loss of 2 yards to the WYO 49,-1.333149389207959,2025-09-07T00:07:36.000Z
401760367,40176036719,401760367103999902,20,2,Wyoming,Mountain West,24,Northern Iowa,MVFC,7,Wyoming,Northern Iowa,3,"{'minutes': 0, 'seconds': 0}",2.0,3.0,2,98,0,10,33,False,End Period,End of 3rd Quarter,,2025-09-06T22:28:31.000Z
401760367,40176036719,401760367104887101,20,9,Wyoming,Mountain West,24,Northern Iowa,MVFC,7,Wyoming,Northern Iowa,4,"{'minutes': 11, 'seconds': 28}",2.0,3.0,49,51,4,6,0,False,Punt,Bart Edmiston punt for 51 yds for a touchback,,2025-09-07T00:07:36.000Z
401760367,40176036720,401760367534,14,5,Northern Iowa,MVFC,7,Wyoming,Mountain West,24,Wyoming,Northern Iowa,3,"{'minutes': 4, 'seconds': 24}",3.0,3.0,77,77,4,8,2,False,Punt,"Noah Pettinger punt for 50 yds to the WYO 29, Deion DeBlanc returns for 2 yds to the WYO 29",,2025-09-06T22:10:59.000Z
401760367,40176036720,401760367531,14,4,Northern Iowa,MVFC,7,Wyoming,Mountain West,24,Wyoming,Northern Iowa,3,"{'minutes': 4, 'seconds': 35}",3.0,3.0,72,72,4,3,5,False,Penalty,"Northern Iowa Penalty, falsestart (5 Yards)",,2025-09-06T22:10:24.000Z
401760367,40176036720,401760367519,14,1,Northern Iowa,MVFC,7,Wyoming,Mountain West,24,Wyoming,Northern Iowa,3,"{'minutes': 5, 'seconds': 51}",3.0,3.0,79,79,1,10,6,False,Pass Completion,Matthew Schecklman pass to Tysen Kershaw for 6 yds to the UNI 27,0.2977036772411737,2025-09-06T22:08:24.000Z
401760367,40176036720,401760367524,14,2,Northern Iowa,MVFC,7,Wyoming,Mountain West,24,Wyoming,Northern Iowa,3,"{'minutes': 5, 'seconds': 18}",3.0,3.0,73,73,2,4,1,False,Rush,Jaxon Dailey run for 1 yd to the UNI 28,-0.6198598368403143,2025-09-06T22:09:02.000Z
401760367,40176036720,401760367528,14,3,Northern Iowa,MVFC,7,Wyoming,Mountain West,24,Wyoming,Northern Iowa,3,"{'minutes': 4, 'seconds': 35}",3.0,3.0,72,72,3,3,0,False,Pass Incompletion,Matthew Schecklman pass incomplete,-0.4203780943642217,2025-09-06T22:09:45.000Z
401760367,40176036720,401760367104904301,14,9,Northern Iowa,MVFC,7,Wyoming,Mountain West,24,Wyoming,Northern Iowa,4,"{'minutes': 9, 'seconds': 56}",3.0,3.0,74,74,4,4,11,False,Punt,"Noah Pettinger punt for 45 yds , Deion DeBlanc returns for 11 yds to the WYO 40",,2025-09-07T00:07:36.000Z
401760367,40176036720,401760367104899101,14,8,Northern Iowa,MVFC,7,Wyoming,Mountain West,24,Wyoming,Northern Iowa,4,"{'minutes': 10, 'seconds': 8}",3.0,3.0,74,74,3,4,0,False,Pass Incompletion,Matthew Schecklman pass incomplete to JC Roque Jr.,-0.3362980935228226,2025-09-07T00:07:36.000Z
401760367,40176036720,401760367104887901,14,6,Northern Iowa,MVFC,7,Wyoming,Mountain West,24,Wyoming,Northern Iowa,4,"{'minutes': 11, 'seconds': 20}",3.0,3.0,80,80,1,10,2,False,Pass Reception,Matthew Schecklman pass complete to JC Roque Jr. for 2 yds to the UNI 22,-0.3623882030735057,2025-09-07T00:07:36.000Z
401760367,40176036720,401760367104895401,14,7,Northern Iowa,MVFC,7,Wyoming,Mountain West,24,Wyoming,Northern Iowa,4,"{'minutes': 10, 'seconds': 45}",3.0,3.0,78,78,2,8,4,False,Rush,Christian Collins run for 4 yds to the UNI 26,-0.06044976469947195,2025-09-07T00:07:36.000Z
401760367,40176036721,401760367558,15,5,Wyoming,Mountain West,24,Northern Iowa,MVFC,7,Wyoming,Northern Iowa,3,"{'minutes': 3, 'seconds': 8}",3.0,3.0,25,75,4,14,9,False,Punt,"Bart Edmiston punt for 40 yds to the UNI 44, JC Roque Jr. returns for 9 yds to the UNI 44",,2025-09-06T22:16:59.000Z
401760367,40176036721,401760367541,15,1,Wyoming,Mountain West,24,Northern Iowa,MVFC,7,Wyoming,Northern Iowa,3,"{'minutes': 4, 'seconds': 24}",3.0,3.0,29,71,1,10,17,False,Penalty,"Kaden Anderson pass to Chris Durr Jr. for 7 yds to the WYO 26, Wyoming Penalty, holding (Michael Fitzgerald)",,2025-09-06T22:13:49.000Z
401760367,40176036721,401760367547,15,2,Wyoming,Mountain West,24,Northern Iowa,MVFC,7,Wyoming,Northern Iowa,3,"{'minutes': 3, 'seconds': 58}",3.0,3.0,26,74,1,13,0,False,Pass Incompletion,Kaden Anderson pass incomplete,-0.5541292548314125,2025-09-06T22:15:05.000Z
401760367,40176036721,401760367550,15,3,Wyoming,Mountain West,24,Northern Iowa,MVFC,7,Wyoming,Northern Iowa,3,"{'minutes': 3, 'seconds': 40}",3.0,3.0,26,74,2,13,-1,False,Pass Completion,Kaden Anderson pass to Terron Kellman for a loss of 1 yards to the WYO 25,-0.3055677248132298,2025-09-06T22:15:42.000Z
401760367,40176036721,401760367555,15,4,Wyoming,Mountain West,24,Northern Iowa,MVFC,7,Wyoming,Northern Iowa,3,"{'minutes': 3, 'seconds': 15}",3.0,3.0,25,75,3,14,0,False,Pass Incompletion,Kaden Anderson pass incomplete,-0.10350477012014458,2025-09-06T22:16:18.000Z
401760367,40176036721,401760367104905101,15,6,Wyoming,Mountain West,24,Northern Iowa,MVFC,7,Wyoming,Northern Iowa,4,"{'minutes': 9, 'seconds': 48}",3.0,3.0,40,60,1,10,21,False,Rush,Terron Kellman run for 21 yds to the UNI 39 for a 1ST down,1.6164620492121244,2025-09-07T00:07:36.000Z
401760367,40176036721,401760367104908101,15,7,Wyoming,Mountain West,24,Northern Iowa,MVFC,7,Wyoming,Northern Iowa,4,"{'minutes': 9, 'seconds': 18}",3.0,3.0,61,39,1,10,8,False,Pass Reception,Landon Sims pass complete to Bricen Brantley for 8 yds to the UNI 31,0.6211478423237775,2025-09-07T00:07:36.000Z
401760367,40176036721,401760367104918201,15,8,Wyoming,Mountain West,24,Northern Iowa,MVFC,7,Wyoming,Northern Iowa,4,"{'minutes': 8, 'seconds': 17}",3.0,3.0,69,31,2,2,7,False,Rush,Terron Kellman run for 7 yds to the UNI 24 for a 1ST down,-0.1621472359992015,2025-09-07T00:07:36.000Z
401760367,40176036721,401760367104925001,15,9,Wyoming,Mountain West,24,Northern Iowa,MVFC,7,Wyoming,Northern Iowa,4,"{'minutes': 7, 'seconds': 49}",3.0,3.0,76,24,1,10,6,False,Rush,Terron Kellman run for 6 yds to the UNI 18,0.193301563662509,2025-09-07T00:07:36.000Z
401760367,40176036721,401760367104928701,15,10,Wyoming,Mountain West,31,Northern Iowa,MVFC,7,Wyoming,Northern Iowa,4,"{'minutes': 7, 'seconds': 12}",3.0,3.0,82,18,2,4,18,True,Rushing Touchdown,Samuel Harris run for 18 yds for a TD (Erik Sandvik KICK),2.488136384944466,2025-09-07T00:07:36.000Z
401760367,40176036722,401760367774,16,6,Northern Iowa,MVFC,7,Wyoming,Mountain West,24,Wyoming,Northern Iowa,3,"{'minutes': 1, 'seconds': 34}",3.0,3.0,67,67,4,21,16,False,Punt,"Noah Pettinger punt for 55 yds to the WYO 28, Deion DeBlanc returns for 16 yds to the WYO 28",,2025-09-06T23:28:31.000Z
401760367,40176036722,401760367564,16,1,Northern Iowa,MVFC,7,Wyoming,Mountain West,24,Wyoming,Northern Iowa,3,"{'minutes': 3, 'seconds': 6}",3.0,3.0,56,56,1,10,10,False,Penalty,"Harrison Bey-Buie run, Northern Iowa Penalty, holding (Parker Thomas)",,2025-09-06T22:17:56.000Z
401760367,40176036722,401760367580,16,5,Northern Iowa,MVFC,7,Wyoming,Mountain West,24,Wyoming,Northern Iowa,3,"{'minutes': 1, 'seconds': 40}",3.0,3.0,62,62,4,16,5,False,Penalty,"Noah Pettinger punt, punt out-of-bounds, Northern Iowa Penalty, illegalformation (5 Yards)",,2025-09-06T22:21:00.000Z
401760367,40176036722,401760367104928601,16,7,Wyoming,Mountain West,31,Northern Iowa,MVFC,7,Wyoming,Northern Iowa,4,"{'minutes': 7, 'seconds': 13}",3.0,3.0,35,65,1,10,0,False,Kickoff,Bart Edmiston kickoff for 65 yds for a touchback,,2025-09-07T00:07:36.000Z
401760367,40176036722,401760367104939701,16,11,Northern Iowa,MVFC,7,Wyoming,Mountain West,31,Wyoming,Northern Iowa,4,"{'minutes': 6, 'seconds': 2}",3.0,3.0,75,75,4,10,43,False,Punt,"Noah Pettinger punt for 49 yds, punt out-of-bounds at the WYO 40 , Deion DeBlanc returns for 43 yds to the WYO 32 Wyoming Penalty, Offensive Holding (Enock Sibomana) to the WYO 40",,2025-09-06T22:53:24.000Z
401760367,40176036722,401760367569,16,2,Northern Iowa,MVFC,7,Wyoming,Mountain West,24,Wyoming,Northern Iowa,3,"{'minutes': 2, 'seconds': 29}",3.0,3.0,66,66,1,20,4,False,Pass Completion,Jaxon Dailey pass to JC Roque Jr. for 4 yds to the UNI 38,-0.0972258554095244,2025-09-06T22:18:40.000Z
401760367,40176036722,401760367574,16,3,Northern Iowa,MVFC,7,Wyoming,Mountain West,24,Wyoming,Northern Iowa,3,"{'minutes': 1, 'seconds': 47}",3.0,3.0,62,62,2,16,0,False,Pass Incompletion,Matthew Schecklman pass incomplete,-0.43753382623157666,2025-09-06T22:19:26.000Z
401760367,40176036722,401760367577,16,4,Northern Iowa,MVFC,7,Wyoming,Mountain West,24,Wyoming,Northern Iowa,3,"{'minutes': 1, 'seconds': 40}",3.0,3.0,62,62,3,16,0,False,Pass Incompletion,Matthew Schecklman pass incomplete,-0.2141300809082658,2025-09-06T22:20:12.000Z
401760367,40176036722,401760367104929101,16,8,Northern Iowa,MVFC,7,Wyoming,Mountain West,31,Wyoming,Northern Iowa,4,"{'minutes': 7, 'seconds': 8}",3.0,3.0,75,75,1,10,0,False,Pass Incompletion,Aidan Dunne pass incomplete to Graham Friedrichsen,-0.7029700220436519,2025-09-07T00:07:36.000Z
401760367,40176036722,401760367104929601,16,9,Northern Iowa,MVFC,7,Wyoming,Mountain West,31,Wyoming,Northern Iowa,4,"{'minutes': 7, 'seconds': 3}",3.0,3.0,75,75,2,10,0,False,Rush,Jaxon Dailey run for no gain to the UNI 25,-0.34710487712173865,2025-09-07T00:07:36.000Z
401760367,40176036722,401760367104938001,16,10,Northern Iowa,MVFC,7,Wyoming,Mountain West,31,Wyoming,Northern Iowa,4,"{'minutes': 6, 'seconds': 19}",3.0,3.0,75,75,3,10,0,False,Pass Incompletion,Aidan Dunne pass incomplete to JC Roque Jr.,-0.15871308844886392,2025-09-07T00:07:36.000Z
401760367,40176036723,401760367104975501,18,8,Wyoming,Mountain West,31,Northern Iowa,MVFC,7,Wyoming,Northern Iowa,4,"{'minutes': 2, 'seconds': 44}",2.0,3.0,53,47,3,9,5,False,Pass Reception,Landon Sims pass complete to Max White for 5 yds to the UNI 42,0.0578625273597472,2025-09-06T22:58:45.000Z
401760367,40176036723,401760367104984101,18,9,Wyoming,Mountain West,31,Northern Iowa,MVFC,7,Wyoming,Northern Iowa,4,"{'minutes': 1, 'seconds': 58}",2.0,3.0,58,42,4,4,0,False,Punt,Bart Edmiston punt for 37 yds,,2025-09-06T22:59:25.000Z
401760367,40176036723,401760367104955501,18,4,Wyoming,Mountain West,31,Northern Iowa,MVFC,7,Wyoming,Northern Iowa,4,"{'minutes': 4, 'seconds': 44}",2.0,3.0,42,58,3,8,0,False,Timeout,"Timeout Wyoming, clock 04:44",,2025-09-06T22:55:25.000Z
401760367,40176036723,401760367783,18,1,Wyoming,Mountain West,24,Northern Iowa,MVFC,7,Wyoming,Northern Iowa,3,"{'minutes': 1, 'seconds': 12}",3.0,3.0,28,72,1,10,-13,False,Fumble Recovery (Own),,-1.474262713924749,2025-09-06T23:35:56.000Z
401760367,40176036723,401760367104944401,18,2,Wyoming,Mountain West,31,Northern Iowa,MVFC,7,Wyoming,Northern Iowa,4,"{'minutes': 5, 'seconds': 55}",3.0,3.0,40,60,1,10,2,False,Rush,Max White run for 2 yds to the WYO 42,-0.6799841752385892,2025-09-06T22:54:16.000Z
401760367,40176036723,401760367104947501,18,3,Wyoming,Mountain West,31,Northern Iowa,MVFC,7,Wyoming,Northern Iowa,4,"{'minutes': 5, 'seconds': 24}",3.0,3.0,42,58,2,8,0,False,Rush,Max White run for no gain to the WYO 42,-0.9286544985354048,2025-09-06T22:54:54.000Z
401760367,40176036723,401760367104956601,18,5,Wyoming,Mountain West,31,Northern Iowa,MVFC,7,Wyoming,Northern Iowa,4,"{'minutes': 4, 'seconds': 33}",2.0,3.0,42,58,3,8,10,False,Pass Reception,Landon Sims pass complete to Charlie Coenen for 10 yds to the UNI 48 for a 1ST down,2.6793054416377124,2025-09-06T22:56:55.000Z
401760367,40176036723,401760367104959301,18,6,Wyoming,Mountain West,31,Northern Iowa,MVFC,7,Wyoming,Northern Iowa,4,"{'minutes': 4, 'seconds': 6}",2.0,3.0,52,48,1,10,-1,False,Rush,Max White run for a loss of 1 yard to the UNI 49,-1.3092528969479904,2025-09-06T22:57:25.000Z
401760367,40176036723,401760367104967201,18,7,Wyoming,Mountain West,31,Northern Iowa,MVFC,7,Wyoming,Northern Iowa,4,"{'minutes': 3, 'seconds': 27}",2.0,3.0,51,49,2,11,2,False,Rush,Max White run for 2 yds to the UNI 47,-0.6110005804077067,2025-09-06T22:57:55.000Z
401760367,40176036724,401760367104984103,19,3,Northern Iowa,MVFC,7,Wyoming,Mountain West,31,Wyoming,Northern Iowa,4,"{'minutes': 1, 'seconds': 58}",3.0,2.0,95,95,1,10,5,False,Penalty,"PENALTY WYO Offside (Seeds,Tegen) 5 yards from UNI05 to UNI10. NO PLAY.",,2025-09-06T22:59:25.000Z
401760367,40176036724,401760367104999903,19,7,Northern Iowa,MVFC,7,Wyoming,Mountain West,31,Wyoming,Northern Iowa,4,"{'minutes': 0, 'seconds': 0}",3.0,2.0,79,79,0,10,0,False,End of Game,End of 4th Quarter,,2025-09-07T00:07:36.000Z
401760367,40176036724,401760367789,19,1,Northern Iowa,MVFC,7,Wyoming,Mountain West,24,Wyoming,Northern Iowa,3,"{'minutes': 1, 'seconds': 6}",3.0,2.0,15,15,1,10,2,False,Rush,Jaxon Dailey run for 2 yds to the WYO 13,-0.179494976485374,2025-09-06T23:36:53.000Z
401760367,40176036724,401760367602,19,2,Northern Iowa,MVFC,7,Wyoming,Mountain West,24,Wyoming,Northern Iowa,3,"{'minutes': 0, 'seconds': 32}",3.0,2.0,13,13,2,7,0,False,Interception,Matthew Schecklman pass intercepted,-4.32567827706132,2025-09-06T22:26:20.000Z
401760367,40176036724,401760367104984701,19,4,Northern Iowa,MVFC,7,Wyoming,Mountain West,31,Wyoming,Northern Iowa,4,"{'minutes': 1, 'seconds': 52}",3.0,2.0,90,90,1,5,1,False,Rush,Christian Collins run for 1 yd to the UNI 11,-0.6074410245697264,2025-09-06T23:02:25.000Z
401760367,40176036724,401760367104989201,19,5,Northern Iowa,MVFC,7,Wyoming,Mountain West,31,Wyoming,Northern Iowa,4,"{'minutes': 1, 'seconds': 7}",3.0,2.0,89,89,2,4,0,False,Rush,Jaxon Dailey run for no gain to the UNI 11,-0.386977766821313,2025-09-06T23:03:36.000Z
401760367,40176036724,401760367104999901,19,6,Northern Iowa,MVFC,7,Wyoming,Mountain West,31,Wyoming,Northern Iowa,4,"{'minutes': 0, 'seconds': 0}",3.0,2.0,89,89,3,4,10,False,Rush,Christian Collins run for 10 yds to the UNI 21 for a 1ST down,0.7915751231382497,2025-09-07T00:07:36.000Z
401756895,40175689515,401756895103895303,15,1,Utah,Big 12,10,Wyoming,Mountain West,0,Wyoming,Utah,3,"{'minutes': 10, 'seconds': 46}",3.0,3.0,65,65,1,10,0,False,Kickoff,Dillon Curtis kickoff for 65 yds for a touchback,,2025-09-14T02:00:44.000Z
401756895,40175689515,401756895103925301,15,8,Wyoming,Mountain West,0,Utah,Big 12,10,Wyoming,Utah,3,"{'minutes': 7, 'seconds': 46}",3.0,3.0,45,55,4,8,0,False,Punt,Bart Edmiston punt for 55 yds for a touchback,,2025-09-14T02:08:33.000Z
401756895,40175689515,401756895103895901,15,2,Wyoming,Mountain West,0,Utah,Big 12,10,Wyoming,Utah,3,"{'minutes': 10, 'seconds': 40}",3.0,3.0,25,75,1,10,3,False,Rush,Terron Kellman run for 3 yds to the WYO 28,-0.2957674139440157,2025-09-14T01:55:51.000Z
401756895,40175689515,401756895103898901,15,3,Wyoming,Mountain West,0,Utah,Big 12,10,Wyoming,Utah,3,"{'minutes': 10, 'seconds': 10}",3.0,3.0,28,72,2,7,2,False,Rush,Terron Kellman run for 2 yds to the WYO 30,-0.36341994158841023,2025-09-14T02:05:38.000Z
401756895,40175689515,401756895103906701,15,4,Wyoming,Mountain West,0,Utah,Big 12,10,Wyoming,Utah,3,"{'minutes': 9, 'seconds': 32}",3.0,3.0,30,70,3,5,13,False,Pass Reception,Kaden Anderson pass complete to Chris Durr Jr. for 13 yds to the WYO 43 for a 1ST down,2.271625777742421,2025-09-14T02:06:09.000Z
401756895,40175689515,401756895103909201,15,5,Wyoming,Mountain West,0,Utah,Big 12,10,Wyoming,Utah,3,"{'minutes': 9, 'seconds': 7}",3.0,3.0,43,57,1,10,0,False,Pass Incompletion,Kaden Anderson pass incomplete to Chris Durr Jr.,-1.15714755134967,2025-09-14T02:07:15.000Z
401756895,40175689515,401756895103909801,15,6,Wyoming,Mountain West,0,Utah,Big 12,10,Wyoming,Utah,3,"{'minutes': 9, 'seconds': 1}",3.0,3.0,43,57,2,10,0,False,Rush,Terron Kellman run for no gain to the WYO 43,-0.851527740432628,2025-09-14T02:08:26.000Z
401756895,40175689515,401756895103918401,15,7,Wyoming,Mountain West,0,Utah,Big 12,10,Wyoming,Utah,3,"{'minutes': 8, 'seconds': 15}",3.0,3.0,43,57,3,10,2,False,Pass Reception,Kaden Anderson pass complete to Samuel Harris for 2 yds to the WYO 45,-0.3222319215760168,2025-09-14T02:08:29.000Z
401756895,40175689516,401756895103959201,16,9,Utah,Big 12,10,Wyoming,Mountain West,0,Wyoming,Utah,3,"{'minutes': 4, 'seconds': 7}",3.0,3.0,45,45,2,10,-10,False,Penalty,"Utah Penalty, Offensive Holding (-10 Yards) to the 50 yard line",,2025-09-14T02:16:19.000Z
401756895,40175689516,401756895103966901,16,11,Utah,Big 12,10,Wyoming,Mountain West,0,Wyoming,Utah,3,"{'minutes': 3, 'seconds': 30}",3.0,3.0,35,35,1,10,-10,False,Penalty,"Utah Penalty, Offensive Holding (-10 Yards) to the WYO 45",,2025-09-14T02:18:05.000Z
401756895,40175689516,401756895103975902,16,13,Utah,Big 12,10,Wyoming,Mountain West,0,Wyoming,Utah,3,"{'minutes': 2, 'seconds': 40}",3.0,3.0,43,43,2,18,-10,False,Penalty,"Utah Penalty, Offensive Holding (-10 Yards) to the UTAH 47",,2025-09-14T02:20:31.000Z
401756895,40175689516,401756895103925901,16,1,Utah,Big 12,10,Wyoming,Mountain West,0,Wyoming,Utah,3,"{'minutes': 7, 'seconds': 40}",3.0,3.0,80,80,1,10,7,False,Rush,Devon Dampier run for 7 yds to the UTAH 27,0.5253025865520424,2025-09-14T02:12:23.000Z
401756895,40175689516,401756895103928001,16,2,Utah,Big 12,10,Wyoming,Mountain West,0,Wyoming,Utah,3,"{'minutes': 7, 'seconds': 19}",3.0,3.0,73,73,2,3,4,False,Rush,Wayshawn Parker run for 4 yds to the UTAH 31 for a 1ST down,0.2534642039380107,2025-09-14T02:12:29.000Z
401756895,40175689516,401756895103934501,16,3,Utah,Big 12,10,Wyoming,Mountain West,0,Wyoming,Utah,3,"{'minutes': 6, 'seconds': 54}",3.0,3.0,69,69,1,10,7,False,Rush,Wayshawn Parker run for 7 yds to the UTAH 38,0.6816920045798367,2025-09-14T02:13:28.000Z
401756895,40175689516,401756895103938301,16,4,Utah,Big 12,10,Wyoming,Mountain West,0,Wyoming,Utah,3,"{'minutes': 6, 'seconds': 16}",3.0,3.0,62,62,2,3,4,False,Rush,Wayshawn Parker run for 4 yds to the UTAH 42 for a 1ST down,0.3638957884958975,2025-09-14T02:13:34.000Z
401756895,40175689516,401756895103945801,16,5,Utah,Big 12,10,Wyoming,Mountain West,0,Wyoming,Utah,3,"{'minutes': 5, 'seconds': 41}",3.0,3.0,58,58,1,10,2,False,Pass Reception,Devon Dampier pass complete to Hunter Andrews for 2 yds to the UTAH 44,-0.686234543960909,2025-09-14T02:14:40.000Z
401756895,40175689516,401756895103948001,16,6,Utah,Big 12,10,Wyoming,Mountain West,0,Wyoming,Utah,3,"{'minutes': 5, 'seconds': 19}",3.0,3.0,56,56,2,8,7,False,Rush,Wayshawn Parker run for 7 yds to the WYO 49,0.6300564755985045,2025-09-14T02:14:44.000Z
401756895,40175689516,401756895103955701,16,7,Utah,Big 12,10,Wyoming,Mountain West,0,Wyoming,Utah,3,"{'minutes': 4, 'seconds': 42}",3.0,3.0,49,49,3,1,4,False,Rush,Devon Dampier run for 4 yds to the WYO 45 for a 1ST down,1.141367195334652,2025-09-14T02:14:54.000Z
401756895,40175689516,401756895103958601,16,8,Utah,Big 12,10,Wyoming,Mountain West,0,Wyoming,Utah,3,"{'minutes': 4, 'seconds': 13}",3.0,3.0,45,45,1,10,0,False,Pass Incompletion,Devon Dampier pass incomplete to Dallen Bentley,-0.997770018980635,2025-09-14T01:55:51.000Z
401756895,40175689516,401756895103964201,16,10,Utah,Big 12,10,Wyoming,Mountain West,0,Wyoming,Utah,3,"{'minutes': 3, 'seconds': 57}",3.0,3.0,50,50,2,15,15,False,Pass Reception,Devon Dampier pass complete to Ryan Davis for 15 yds to the WYO 35 for a 1ST down,2.6218837261849224,2025-09-14T02:17:56.000Z
401756895,40175689516,401756895103969201,16,12,Utah,Big 12,10,Wyoming,Mountain West,0,Wyoming,Utah,3,"{'minutes': 3, 'seconds': 7}",3.0,3.0,45,45,1,20,2,False,Pass Reception,Devon Dampier pass complete to Lander Barton for 2 yds to the WYO 43,-0.5958391463000634,2025-09-14T02:19:11.000Z
401756895,40175689516,401756895103977401,16,14,Utah,Big 12,10,Wyoming,Mountain West,0,Wyoming,Utah,3,"{'minutes': 2, 'seconds': 25}",3.0,3.0,53,53,2,28,7,False,Pass Reception,Devon Dampier pass complete to Ryan Davis for 7 yds to the WYO 46,0.22773748925814807,2025-09-14T02:20:39.000Z
401756895,40175689516,401756895103984601,16,15,Utah,Big 12,10,Wyoming,Mountain West,0,Wyoming,Utah,3,"{'minutes': 1, 'seconds': 53}",3.0,3.0,46,46,3,21,23,False,Pass Reception,Devon Dampier pass complete to Dallen Bentley for 23 yds to the WYO 23 for a 1ST down,3.954286362925483,2025-09-14T02:21:50.000Z
401756895,40175689516,401756895103987301,16,16,Utah,Big 12,10,Wyoming,Mountain West,0,Wyoming,Utah,3,"{'minutes': 1, 'seconds': 26}",3.0,3.0,23,23,1,10,4,False,Pass Reception,Devon Dampier pass complete to Ryan Davis for 4 yds to the WYO 19,-0.0314047953383095,2025-09-14T01:55:51.000Z
401756895,40175689516,401756895103994301,16,17,Utah,Big 12,10,Wyoming,Mountain West,0,Wyoming,Utah,3,"{'minutes': 0, 'seconds': 56}",3.0,3.0,19,19,2,6,11,False,Pass Reception,Devon Dampier pass complete to Hunter Andrews for 11 yds to the WYO 8 for a 1ST down,0.375782904709846,2025-09-14T02:21:54.000Z
401756895,40175689516,401756895103996801,16,18,Utah,Big 12,10,Wyoming,Mountain West,0,Wyoming,Utah,3,"{'minutes': 0, 'seconds': 31}",3.0,3.0,8,8,1,8,0,False,Pass Incompletion,Devon Dampier pass incomplete to Ryan Davis,-0.357171386033373,2025-09-14T01:55:51.000Z
401756895,40175689516,401756895103997601,16,19,Utah,Big 12,17,Wyoming,Mountain West,0,Wyoming,Utah,3,"{'minutes': 0, 'seconds': 23}",3.0,3.0,8,8,2,8,8,True,Passing Touchdown,Devon Dampier pass complete to Larry Simmons for 8 yds for a TD (Dillon Curtis KICK),2.676770954733065,2025-09-14T02:23:05.000Z
401756895,40175689517,401756895103997603,17,1,Utah,Big 12,17,Wyoming,Mountain West,0,Wyoming,Utah,3,"{'minutes': 0, 'seconds': 23}",3.0,3.0,65,65,1,10,0,False,Kickoff,Dillon Curtis kickoff for 65 yds for a touchback,,2025-09-14T02:23:05.000Z
401756895,40175689517,401756895103999902,17,3,Wyoming,Mountain West,0,Utah,Big 12,17,Wyoming,Utah,3,"{'minutes': 0, 'seconds': 0}",3.0,3.0,25,75,0,10,4,False,End Period,End of 3rd Quarter,,2025-09-14T02:28:01.000Z
401756895,40175689517,401756895104889701,17,12,Wyoming,Mountain West,0,Utah,Big 12,17,Wyoming,Utah,4,"{'minutes': 11, 'seconds': 2}",3.0,3.0,63,37,1,10,0,False,Penalty,"Wyoming Penalty, Offensive Holding (Yards) to the UTAH 37",,2025-09-14T02:37:41.000Z
401756895,40175689517,401756895103999901,17,2,Wyoming,Mountain West,0,Utah,Big 12,17,Wyoming,Utah,3,"{'minutes': 0, 'seconds': 0}",3.0,3.0,25,75,1,10,4,False,Rush,Samuel Harris run for 4 yds to the WYO 29,-0.1142886249388964,2025-09-14T02:28:01.000Z
401756895,40175689517,401756895104855101,17,4,Wyoming,Mountain West,0,Utah,Big 12,17,Wyoming,Utah,4,"{'minutes': 14, 'seconds': 48}",3.0,3.0,29,71,2,6,4,False,Pass Reception,Kaden Anderson pass complete to Eric Richardson for 4 yds to the WYO 33,-0.1052988296867126,2025-09-14T02:32:36.000Z
401756895,40175689517,401756895104857901,17,5,Wyoming,Mountain West,0,Utah,Big 12,17,Wyoming,Utah,4,"{'minutes': 14, 'seconds': 20}",3.0,3.0,33,67,3,2,4,False,Rush,Sam Scott run for 4 yds to the WYO 37 for a 1ST down,1.2468317807691802,2025-09-14T02:32:41.000Z
401756895,40175689517,401756895104866201,17,6,Wyoming,Mountain West,0,Utah,Big 12,17,Wyoming,Utah,4,"{'minutes': 13, 'seconds': 37}",3.0,3.0,37,63,1,10,8,False,Pass Reception,Kaden Anderson pass complete to Evan Svoboda for 8 yds to the WYO 45,1.0359877217814513,2025-09-14T02:33:46.000Z
401756895,40175689517,401756895104869001,17,7,Wyoming,Mountain West,0,Utah,Big 12,17,Wyoming,Utah,4,"{'minutes': 13, 'seconds': 9}",3.0,3.0,45,55,2,2,7,False,Rush,Samuel Harris run for 7 yds to the UTAH 48 for a 1ST down,0.328289235516342,2025-09-14T02:33:52.000Z
401756895,40175689517,401756895104874801,17,8,Wyoming,Mountain West,0,Utah,Big 12,17,Wyoming,Utah,4,"{'minutes': 12, 'seconds': 51}",3.0,3.0,52,48,1,10,0,False,Pass Incompletion,Kaden Anderson pass incomplete,-1.0742999147475647,2025-09-14T02:34:54.000Z
401756895,40175689517,401756895104876401,17,9,Wyoming,Mountain West,0,Utah,Big 12,17,Wyoming,Utah,4,"{'minutes': 12, 'seconds': 35}",3.0,3.0,52,48,2,10,7,False,Pass Reception,Kaden Anderson pass complete to Chris Durr Jr. for 7 yds to the UTAH 41,0.5596210200155162,2025-09-14T02:34:59.000Z
401756895,40175689517,401756895104878501,17,10,Wyoming,Mountain West,0,Utah,Big 12,17,Wyoming,Utah,4,"{'minutes': 12, 'seconds': 14}",3.0,3.0,59,41,3,3,1,False,Rush,Samuel Harris run for 1 yd to the UTAH 40,-0.8920232965709366,2025-09-14T02:36:11.000Z
401756895,40175689517,401756895104886701,17,11,Wyoming,Mountain West,0,Utah,Big 12,17,Wyoming,Utah,4,"{'minutes': 11, 'seconds': 32}",3.0,3.0,60,40,4,2,3,False,Pass Reception,Kaden Anderson pass complete to Samuel Harris for 3 yds to the UTAH 37 for a 1ST down,2.041527396106199,2025-09-14T02:36:16.000Z
401756895,40175689517,401756895104894301,17,13,Wyoming,Mountain West,0,Utah,Big 12,17,Wyoming,Utah,4,"{'minutes': 10, 'seconds': 56}",3.0,3.0,63,37,1,10,4,False,Rush,Sam Scott run for 4 yds to the UTAH 33,-0.0758857249965158,2025-09-14T02:37:51.000Z
401756895,40175689517,401756895104897902,17,14,Wyoming,Mountain West,0,Utah,Big 12,17,Wyoming,Utah,4,"{'minutes': 10, 'seconds': 20}",3.0,3.0,67,33,2,6,-10,False,Rush,"Sam Scott run for no gain to the UTAH 33 Wyoming Penalty, Offensive Holding (Caden Barnett) to the UTAH 43",-2.885849954023038,2025-09-14T02:38:59.000Z
401756895,40175689517,401756895104899101,17,15,Wyoming,Mountain West,0,Utah,Big 12,17,Wyoming,Utah,4,"{'minutes': 10, 'seconds': 8}",3.0,3.0,57,43,2,16,0,False,Pass Incompletion,Kaden Anderson pass incomplete to Sam Scott,-0.9702360968039061,2025-09-14T02:39:05.000Z
401756895,40175689517,401756895104904101,17,16,Wyoming,Mountain West,0,Utah,Big 12,17,Wyoming,Utah,4,"{'minutes': 9, 'seconds': 58}",3.0,3.0,57,43,3,16,57,False,Pass Interception Return,Kaden Anderson pass intercepted Jackson Bennee return for 57 yds to the WYO 18,-0.9868556895037033,2025-09-14T02:40:24.000Z
401756895,40175689518,401756895104904701,18,1,Utah,Big 12,17,Wyoming,Mountain West,0,Wyoming,Utah,4,"{'minutes': 9, 'seconds': 52}",3.0,3.0,18,18,1,10,2,False,Rush,Wayshawn Parker run for 2 yds to the WYO 16,-0.193673324211422,2025-09-14T02:32:36.000Z
401756895,40175689518,401756895104908501,18,2,Utah,Big 12,17,Wyoming,Mountain West,0,Wyoming,Utah,4,"{'minutes': 9, 'seconds': 14}",3.0,3.0,16,16,2,8,2,False,Rush,NaQuari Rogers run for 2 yds to the WYO 14,-0.199691984405901,2025-09-14T02:41:38.000Z
401756895,40175689518,401756895104916401,18,3,Utah,Big 12,24,Wyoming,Mountain West,0,Wyoming,Utah,4,"{'minutes': 8, 'seconds': 35}",3.0,3.0,14,14,3,6,14,True,Passing Touchdown,Devon Dampier pass complete to JJ Buchanan for 14 yds for a TD (Dillon Curtis KICK),2.985158017687914,2025-09-14T02:42:47.000Z
401756895,40175689519,401756895104916403,19,1,Utah,Big 12,24,Wyoming,Mountain West,0,Wyoming,Utah,4,"{'minutes': 8, 'seconds': 35}",3.0,3.0,65,65,1,10,0,False,Kickoff,Dillon Curtis kickoff for 65 yds for a touchback,,2025-09-14T02:46:19.000Z
401756895,40175689519,401756895104924701,19,3,Wyoming,Mountain West,0,Utah,Big 12,24,Wyoming,Utah,4,"{'minutes': 7, 'seconds': 52}",3.0,3.0,36,64,1,10,-5,False,Penalty,"(07:56) No Huddle-Shotgun Anderson,Kaden pass incomplete short left to Durr,Chris thrown to WYO44 PENALTY WYO Ineligible Downfield on Pass 5 yards from WYO36 to WYO31. NO PLAY.",,2025-09-14T02:47:37.000Z
401756895,40175689519,401756895104917101,19,2,Wyoming,Mountain West,0,Utah,Big 12,24,Wyoming,Utah,4,"{'minutes': 8, 'seconds': 28}",3.0,3.0,25,75,1,10,11,False,Rush,Samuel Harris run for 11 yds to the WYO 36 for a 1ST down,0.9305625119459905,2025-09-14T02:47:32.000Z
401756895,40175689519,401756895104925501,19,4,Wyoming,Mountain West,0,Utah,Big 12,24,Wyoming,Utah,4,"{'minutes': 7, 'seconds': 44}",3.0,3.0,31,69,1,15,28,False,Rush,Samuel Harris run for 28 yds to the UTAH 41 for a 1ST down,3.0026168590995574,2025-09-14T02:48:50.000Z
401756895,40175689519,401756895104928801,19,5,Wyoming,Mountain West,0,Utah,Big 12,24,Wyoming,Utah,4,"{'minutes': 7, 'seconds': 11}",3.0,3.0,59,41,1,10,7,False,Pass Reception,Kaden Anderson pass complete to Jaylen Sargent for 7 yds to the UTAH 34,0.4598399849082394,2025-09-14T02:49:58.000Z
401756895,40175689519,401756895104935501,19,6,Wyoming,Mountain West,0,Utah,Big 12,24,Wyoming,Utah,4,"{'minutes': 6, 'seconds': 44}",3.0,3.0,66,34,2,3,10,False,Rush,Terron Kellman run for 10 yds to the UTAH 24 for a 1ST down,0.099241692381305,2025-09-14T02:50:03.000Z
401756895,40175689519,401756895104939301,19,7,Wyoming,Mountain West,0,Utah,Big 12,24,Wyoming,Utah,4,"{'minutes': 6, 'seconds': 6}",3.0,3.0,76,24,1,10,0,False,Rush,Terron Kellman run for no gain to the UTAH 24,-0.4346450377339437,2025-09-14T02:51:07.000Z
401756895,40175689519,401756895104948001,19,8,Wyoming,Mountain West,0,Utah,Big 12,24,Wyoming,Utah,4,"{'minutes': 5, 'seconds': 19}",3.0,3.0,76,24,2,10,6,False,Pass Reception,Kaden Anderson pass complete to Chris Durr Jr. for 6 yds to the UTAH 18,0.1515767532271057,2025-09-14T02:51:13.000Z
401756895,40175689519,401756895104954901,19,9,Wyoming,Mountain West,0,Utah,Big 12,24,Wyoming,Utah,4,"{'minutes': 4, 'seconds': 50}",3.0,3.0,82,18,3,4,3,False,Rush,Kaden Anderson run for 3 yds to the UTAH 15,-0.1676191805059213,2025-09-14T02:52:29.000Z
401756895,40175689519,401756895104957601,19,10,Wyoming,Mountain West,6,Utah,Big 12,24,Wyoming,Utah,4,"{'minutes': 4, 'seconds': 23}",3.0,3.0,85,15,4,1,15,True,Rushing Touchdown,Terron Kellman run for 15 yds for a TD (Two-Point Conversion failed),3.1321254136197343,2025-09-14T02:54:52.000Z
401756895,40175689520,401756895104957603,20,1,Wyoming,Mountain West,6,Utah,Big 12,24,Wyoming,Utah,4,"{'minutes': 4, 'seconds': 23}",3.0,3.0,35,65,1,10,0,False,Kickoff,Bart Edmiston kickoff for 65 yds for a touchback,,2025-09-14T02:58:34.000Z
401756895,40175689520,401756895104979901,20,6,Utah,Big 12,24,Wyoming,Mountain West,6,Wyoming,Utah,4,"{'minutes': 2, 'seconds': 0}",3.0,2.0,16,16,1,10,0,False,Timeout,"Timeout Wyoming, clock 02:00",,2025-09-14T02:32:36.000Z
401756895,40175689520,401756895104958301,20,2,Utah,Big 12,24,Wyoming,Mountain West,6,Wyoming,Utah,4,"{'minutes': 4, 'seconds': 16}",3.0,3.0,75,75,1,10,20,False,Rush,Wayshawn Parker run for 20 yds to the UTAH 45 for a 1ST down,1.8011418824049565,2025-09-14T02:59:49.000Z
401756895,40175689520,401756895104965801,20,3,Utah,Big 12,24,Wyoming,Mountain West,6,Wyoming,Utah,4,"{'minutes': 3, 'seconds': 41}",3.0,3.0,55,55,1,10,10,False,Rush,Hunter Andrews run for 10 yds to the WYO 45 for a 1ST down,0.800099152249297,2025-09-14T03:00:55.000Z
401756895,40175689520,401756895104974901,20,4,Utah,Big 12,24,Wyoming,Mountain West,6,Wyoming,Utah,4,"{'minutes': 2, 'seconds': 50}",3.0,3.0,45,45,1,10,9,False,Rush,Wayshawn Parker run for 9 yds to the WYO 36,0.957003546754157,2025-09-14T03:04:24.000Z
401756895,40175689520,401756895104979101,20,5,Utah,Big 12,24,Wyoming,Mountain West,6,Wyoming,Utah,4,"{'minutes': 2, 'seconds': 8}",3.0,3.0,36,36,2,1,20,False,Rush,Hunter Andrews run for 20 yds to the WYO 16 for a 1ST down,-0.0492121829794634,2025-09-14T03:05:34.000Z
401756895,40175689520,401756895104984601,20,7,Utah,Big 12,24,Wyoming,Mountain West,6,Wyoming,Utah,4,"{'minutes': 1, 'seconds': 53}",3.0,2.0,16,16,1,10,5,False,Rush,Hunter Andrews run for 5 yds to the WYO 11,0.0743553747013194,2025-09-14T03:09:03.000Z
401756895,40175689520,401756895104988801,20,8,Utah,Big 12,31,Wyoming,Mountain West,6,Wyoming,Utah,4,"{'minutes': 1, 'seconds': 11}",3.0,2.0,11,11,2,5,11,True,Rushing Touchdown,Hunter Andrews run for 11 yds for a TD (Dillon Curtis KICK),2.494367346591055,2025-09-14T03:09:08.000Z
401756895,40175689521,401756895104988701,21,1,Utah,Big 12,31,Wyoming,Mountain West,6,Wyoming,Utah,4,"{'minutes': 1, 'seconds': 12}",3.0,2.0,65,65,1,10,0,False,Kickoff,Dillon Curtis kickoff for 65 yds for a touchback,,2025-09-14T02:32:36.000Z
401756895,40175689521,401756895104999903,21,6,Wyoming,Mountain West,6,Utah,Big 12,31,Wyoming,Utah,4,"{'minutes': 0, 'seconds': 0}",2.0,3.0,39,61,0,10,0,False,End of Game,End of 4th Quarter,,2025-09-14T03:16:01.000Z
401756895,40175689521,401756895104989401,21,2,Wyoming,Mountain West,6,Utah,Big 12,31,Wyoming,Utah,4,"{'minutes': 1, 'seconds': 5}",2.0,3.0,25,75,1,10,4,False,Rush,Max White run for 4 yds to the WYO 29,-0.1142886249388964,2025-09-14T03:13:45.000Z
401756895,40175689521,401756895104996601,21,3,Wyoming,Mountain West,6,Utah,Big 12,31,Wyoming,Utah,4,"{'minutes': 0, 'seconds': 33}",2.0,3.0,29,71,2,6,5,False,Rush,Max White run for 5 yds to the WYO 34,0.0912547629899487,2025-09-14T03:14:51.000Z
401756895,40175689521,401756895104999301,21,4,Wyoming,Mountain West,6,Utah,Big 12,31,Wyoming,Utah,4,"{'minutes': 0, 'seconds': 6}",2.0,3.0,34,66,3,1,5,False,Penalty,"PENALTY Utah Delay Of Game 5 yards from WYO34 to WYO39, 1ST DOWN. NO PLAY.",,2025-09-14T03:14:58.000Z
401756895,40175689521,401756895104999901,21,5,Wyoming,Mountain West,6,Utah,Big 12,31,Wyoming,Utah,4,"{'minutes': 0, 'seconds': 0}",2.0,3.0,39,61,1,10,0,False,Rush,Max White run for no gain to the WYO 39,-1.1077677360468863,2025-09-14T03:16:01.000Z
401756895,4017568951,401756895101849903,1,1,Utah,Big 12,0,Wyoming,Mountain West,0,Wyoming,Utah,1,"{'minutes': 15, 'seconds': 0}",3.0,3.0,65,65,1,10,0,False,Kickoff,Dillon Curtis kickoff for 65 yds for a touchback,,2025-09-14T00:03:40.000Z
401756895,4017568951,401756895101859101,1,5,Wyoming,Mountain West,0,Utah,Big 12,0,Wyoming,Utah,1,"{'minutes': 14, 'seconds': 8}",3.0,3.0,26,74,4,9,0,False,Punt,"Bart Edmiston punt for 47 yds, fair catch by Rayshawn Glover at the UTAH 27",,2025-09-14T00:06:36.000Z
401756895,4017568951,401756895101854601,1,2,Wyoming,Mountain West,0,Utah,Big 12,0,Wyoming,Utah,1,"{'minutes': 14, 'seconds': 53}",3.0,3.0,25,75,1,10,0,False,Pass Incompletion,Kaden Anderson pass incomplete to Jaylen Sargent,-0.7029700220436519,2025-09-14T00:03:55.000Z
401756895,4017568951,401756895101855201,1,3,Wyoming,Mountain West,0,Utah,Big 12,0,Wyoming,Utah,1,"{'minutes': 14, 'seconds': 47}",3.0,3.0,25,75,2,10,1,False,Rush,Sam Scott run for 1 yd to the WYO 26,-0.29282347426074384,2025-09-14T00:03:40.000Z
401756895,4017568951,401756895101858301,1,4,Wyoming,Mountain West,0,Utah,Big 12,0,Wyoming,Utah,1,"{'minutes': 14, 'seconds': 16}",3.0,3.0,26,74,3,9,0,False,Pass Incompletion,Kaden Anderson pass incomplete to Chris Durr Jr.,-0.18876768235831598,2025-09-14T00:05:07.000Z
401756895,4017568952,401756895101886803,2,7,Utah,Big 12,0,Wyoming,Mountain West,0,Wyoming,Utah,1,"{'minutes': 11, 'seconds': 31}",3.0,3.0,28,28,2,10,-5,False,Penalty,"(11:45) No Huddle-Shotgun Dampier,Devon pass complete short left to Merriweather,Tobias caught at WYO22, for 7 yards to the WYO21 (Grant,Markie), out of bounds PENALTY Utah Ineligible Downfield on Pass 5 yards from WYO28 to WYO33. NO PLAY.",,2025-09-14T00:10:36.000Z
401756895,4017568952,401756895101897701,2,10,Utah,Big 12,3,Wyoming,Mountain West,0,Wyoming,Utah,1,"{'minutes': 10, 'seconds': 22}",3.0,3.0,25,25,4,7,43,True,Field Goal Good,Dillon Curtis 43 yd FG GOOD,,2025-09-14T00:11:37.000Z
401756895,4017568952,401756895101897703,2,11,Utah,Big 12,0,Wyoming,Mountain West,0,Wyoming,Utah,1,"{'minutes': 10, 'seconds': 22}",3.0,3.0,65,65,1,10,50,False,Kickoff,"Dillon Curtis kickoff for 65 yds for a touchback Utah Penalty, Personal Foul (Logan Fano)",,2025-09-14T00:11:37.000Z
401756895,4017568952,401756895101859501,2,1,Utah,Big 12,0,Wyoming,Mountain West,0,Wyoming,Utah,1,"{'minutes': 14, 'seconds': 4}",3.0,3.0,73,73,1,10,0,False,Rush,NaQuari Rogers run for no gain to the UTAH 27,-0.766047035673644,2025-09-14T00:06:40.000Z
401756895,4017568952,401756895101866001,2,2,Utah,Big 12,0,Wyoming,Mountain West,0,Wyoming,Utah,1,"{'minutes': 13, 'seconds': 39}",3.0,3.0,73,73,2,10,9,False,Rush,Devon Dampier run for 9 yds to the UTAH 36,0.7360700755462677,2025-09-14T00:07:57.000Z
401756895,4017568952,401756895101868801,2,3,Utah,Big 12,0,Wyoming,Mountain West,0,Wyoming,Utah,1,"{'minutes': 13, 'seconds': 11}",3.0,3.0,64,64,3,1,3,False,Rush,NaQuari Rogers run for 3 yds to the UTAH 39 for a 1ST down,1.1076763578844468,2025-09-14T00:07:57.000Z
401756895,4017568952,401756895101875501,2,4,Utah,Big 12,0,Wyoming,Mountain West,0,Wyoming,Utah,1,"{'minutes': 12, 'seconds': 44}",3.0,3.0,61,61,1,10,9,False,Rush,Smith Snowden run for 9 yds to the UTAH 48,1.3542745326053647,2025-09-14T00:08:03.000Z
401756895,4017568952,401756895101879301,2,5,Utah,Big 12,0,Wyoming,Mountain West,0,Wyoming,Utah,1,"{'minutes': 12, 'seconds': 6}",3.0,3.0,52,52,2,1,24,False,Pass Reception,Devon Dampier pass complete to Ryan Davis for 24 yds to the WYO 28 for a 1ST down,0.7367270297210703,2025-09-14T00:08:27.000Z
401756895,4017568952,401756895101885601,2,6,Utah,Big 12,0,Wyoming,Mountain West,0,Wyoming,Utah,1,"{'minutes': 11, 'seconds': 43}",3.0,3.0,28,28,1,10,0,False,Pass Incompletion,Devon Dampier pass incomplete to Ryan Davis,-0.512081873784803,2025-09-14T00:09:25.000Z
401756895,4017568952,401756895101889503,2,8,Utah,Big 12,0,Wyoming,Mountain West,0,Wyoming,Utah,1,"{'minutes': 11, 'seconds': 4}",3.0,3.0,33,33,2,15,8,False,Rush,Devon Dampier run for 8 yds to the WYO 25,0.5264385965949216,2025-09-14T00:10:40.000Z
401756895,4017568952,401756895101897403,2,9,Utah,Big 12,0,Wyoming,Mountain West,0,Wyoming,Utah,1,"{'minutes': 10, 'seconds': 25}",3.0,3.0,25,25,3,7,0,False,Pass Incompletion,Devon Dampier pass incomplete to JJ Buchanan,-0.8077920001452465,2025-09-14T00:11:32.000Z
401756895,4017568953,401756895101905802,3,2,Wyoming,Mountain West,0,Utah,Big 12,3,Wyoming,Utah,1,"{'minutes': 9, 'seconds': 41}",3.0,3.0,40,60,2,10,15,False,Penalty,"(09:47) No Huddle-Shotgun Anderson,Kaden pass incomplete short right to Durr,Chris thrown to Utah42 broken up by Snowden,Smith PENALTY Utah Pass Interference (Snowden,Smith) 15 yards from WYO40 to Utah45, 1ST DOWN. NO PLAY.",,2025-09-14T00:16:56.000Z
401756895,4017568953,401756895101938201,3,9,Wyoming,Mountain West,0,Utah,Big 12,3,Wyoming,Utah,1,"{'minutes': 6, 'seconds': 17}",3.0,3.0,64,36,4,25,-5,False,Penalty,PENALTY WYO Delay Of Game 5 yards from Utah36 to Utah41. NO PLAY.,,2025-09-14T00:21:53.000Z
401756895,4017568953,401756895101938701,3,10,Wyoming,Mountain West,0,Utah,Big 12,3,Wyoming,Utah,1,"{'minutes': 6, 'seconds': 12}",3.0,3.0,59,41,4,30,0,False,Punt,"Bart Edmiston punt for 28 yds, fair catch by Rayshawn Glover at the UTAH 13",,2025-09-14T00:23:00.000Z
401756895,4017568953,401756895101899301,3,1,Wyoming,Mountain West,0,Utah,Big 12,3,Wyoming,Utah,1,"{'minutes': 10, 'seconds': 6}",3.0,3.0,40,60,1,10,0,False,Rush,Sam Scott run for no gain to the WYO 40,-1.1247712359915258,2025-09-14T00:16:54.000Z
401756895,4017568953,401756895101907201,3,3,Wyoming,Mountain West,0,Utah,Big 12,3,Wyoming,Utah,1,"{'minutes': 9, 'seconds': 27}",3.0,3.0,55,45,1,10,9,False,Pass Reception,Kaden Anderson pass complete to Chris Durr Jr. for 9 yds to the UTAH 36,0.957003546754157,2025-09-14T00:18:32.000Z
401756895,4017568953,401756895101915001,3,4,Wyoming,Mountain West,0,Utah,Big 12,3,Wyoming,Utah,1,"{'minutes': 8, 'seconds': 49}",3.0,3.0,64,36,2,1,5,False,Rush,Samuel Harris run for 5 yds to the UTAH 31 for a 1ST down,-0.322435631760037,2025-09-14T00:18:37.000Z
401756895,4017568953,401756895101917401,3,5,Wyoming,Mountain West,0,Utah,Big 12,3,Wyoming,Utah,1,"{'minutes': 8, 'seconds': 25}",3.0,3.0,69,31,1,10,10,False,Rush,Samuel Harris run for 10 yds to the UTAH 21 for a 1ST down,0.209649356277455,2025-09-14T00:18:44.000Z
401756895,4017568953,401756895101925001,3,6,Wyoming,Mountain West,0,Utah,Big 12,3,Wyoming,Utah,1,"{'minutes': 7, 'seconds': 49}",3.0,3.0,79,21,1,10,0,False,Pass Incompletion,Kaden Anderson pass incomplete to Charlie Coenen,-0.3882383440694163,2025-09-14T00:19:17.000Z
401756895,4017568953,401756895101925601,3,7,Wyoming,Mountain West,0,Utah,Big 12,3,Wyoming,Utah,1,"{'minutes': 7, 'seconds': 43}",3.0,3.0,79,21,2,10,0,False,Rush,Kaden Anderson run for no gain to the UTAH 21,-0.4964187188337484,2025-09-14T00:20:32.000Z
401756895,4017568953,401756895101929801,3,8,Wyoming,Mountain West,0,Utah,Big 12,3,Wyoming,Utah,1,"{'minutes': 7, 'seconds': 1}",3.0,3.0,79,21,3,10,-15,False,Sack,Kaden Anderson sacked by John Henry Daley for a loss of 15 yards to the UTAH 36,-3.3371670614707085,2025-09-14T00:20:39.000Z
401756895,4017568954,401756895101985801,4,10,Utah,Big 12,3,Wyoming,Mountain West,0,Wyoming,Utah,1,"{'minutes': 1, 'seconds': 41}",3.0,3.0,27,27,4,4,45,False,Field Goal Missed,Dillon Curtis 45 yd FG MISSED,,2025-09-14T00:30:11.000Z
401756895,4017568954,401756895101939301,4,1,Utah,Big 12,3,Wyoming,Mountain West,0,Wyoming,Utah,1,"{'minutes': 6, 'seconds': 6}",3.0,3.0,87,87,1,10,17,False,Rush,Devon Dampier run for 17 yds to the UTAH 30 for a 1ST down,1.0040090999632882,2025-09-14T00:26:02.000Z
401756895,4017568954,401756895101946701,4,2,Utah,Big 12,3,Wyoming,Mountain West,0,Wyoming,Utah,1,"{'minutes': 5, 'seconds': 32}",3.0,3.0,70,70,1,10,-3,False,Sack,Devon Dampier sacked by Ben Florentine for a loss of 3 yards to the UTAH 27,-1.1944708867896363,2025-09-14T00:26:06.000Z
401756895,4017568954,401756895101954001,4,3,Utah,Big 12,3,Wyoming,Mountain West,0,Wyoming,Utah,1,"{'minutes': 4, 'seconds': 59}",3.0,3.0,73,73,2,13,11,False,Pass Reception,Devon Dampier pass complete to Hunter Andrews for 11 yds to the UTAH 38,0.9230217720188065,2025-09-14T00:27:01.000Z
401756895,4017568954,401756895101956901,4,4,Utah,Big 12,3,Wyoming,Mountain West,0,Wyoming,Utah,1,"{'minutes': 4, 'seconds': 30}",3.0,3.0,62,62,3,2,8,False,Rush,NaQuari Rogers run for 8 yds to the UTAH 46 for a 1ST down,1.7793380959899652,2025-09-14T00:27:07.000Z
401756895,4017568954,401756895101959601,4,5,Utah,Big 12,3,Wyoming,Mountain West,0,Wyoming,Utah,1,"{'minutes': 4, 'seconds': 3}",3.0,3.0,54,54,1,10,-2,False,Rush,Smith Snowden run for a loss of 2 yards to the UTAH 44,-1.5969758000886054,2025-09-14T00:28:06.000Z
401756895,4017568954,401756895101966501,4,6,Utah,Big 12,3,Wyoming,Mountain West,0,Wyoming,Utah,1,"{'minutes': 3, 'seconds': 34}",3.0,3.0,56,56,2,12,23,False,Rush,NaQuari Rogers run for 23 yds to the WYO 33 for a 1ST down,2.8787985642718255,2025-09-14T00:28:10.000Z
401756895,4017568954,401756895101968701,4,7,Utah,Big 12,3,Wyoming,Mountain West,0,Wyoming,Utah,1,"{'minutes': 3, 'seconds': 12}",3.0,3.0,33,33,1,10,2,False,Pass Reception,Devon Dampier pass complete to Ryan Davis for 2 yds to the WYO 31,-0.3377843039747627,2025-09-14T00:28:30.000Z
401756895,4017568954,401756895101975101,4,8,Utah,Big 12,3,Wyoming,Mountain West,0,Wyoming,Utah,1,"{'minutes': 2, 'seconds': 48}",3.0,3.0,31,31,2,8,3,False,Pass Reception,Devon Dampier pass complete to Smith Snowden for 3 yds to the WYO 28,-0.2405893514206153,2025-09-14T00:29:37.000Z
401756895,4017568954,401756895101978301,4,9,Utah,Big 12,3,Wyoming,Mountain West,0,Wyoming,Utah,1,"{'minutes': 2, 'seconds': 16}",3.0,3.0,28,28,3,5,1,False,Rush,Devon Dampier run for 1 yd to the WYO 27,-0.657035727364482,2025-09-14T00:29:41.000Z
401756895,4017568955,401756895101999902,5,5,Wyoming,Mountain West,0,Utah,Big 12,3,Wyoming,Utah,1,"{'minutes': 0, 'seconds': 0}",3.0,3.0,40,60,0,10,11,False,End Period,End of 1st Quarter,,2025-09-14T00:39:54.000Z
401756895,4017568955,401756895102858301,5,9,Wyoming,Mountain West,0,Utah,Big 12,3,Wyoming,Utah,2,"{'minutes': 14, 'seconds': 16}",3.0,3.0,54,46,4,7,0,False,Punt,Bart Edmiston punt for 45 yds,,2025-09-14T00:45:03.000Z
401756895,4017568955,401756895101986501,5,1,Wyoming,Mountain West,0,Utah,Big 12,3,Wyoming,Utah,1,"{'minutes': 1, 'seconds': 34}",3.0,3.0,27,73,1,10,0,False,Pass Incompletion,Kaden Anderson pass incomplete,-0.766047035673644,2025-09-14T00:33:17.000Z
401756895,4017568955,401756895101987101,5,2,Wyoming,Mountain West,0,Utah,Big 12,3,Wyoming,Utah,1,"{'minutes': 1, 'seconds': 28}",3.0,3.0,27,73,2,10,1,False,Rush,Terron Kellman run for 1 yd to the WYO 28,-0.32795590997922197,2025-09-14T00:34:44.000Z
401756895,4017568955,401756895101995901,5,3,Wyoming,Mountain West,0,Utah,Big 12,3,Wyoming,Utah,1,"{'minutes': 0, 'seconds': 40}",3.0,3.0,28,72,3,9,12,False,Pass Reception,Kaden Anderson pass complete to Jaylan Bean for 12 yds to the WYO 40 for a 1ST down,2.269817775731127,2025-09-14T00:34:50.000Z
401756895,4017568955,401756895101999901,5,4,Wyoming,Mountain West,0,Utah,Big 12,3,Wyoming,Utah,1,"{'minutes': 0, 'seconds': 0}",3.0,3.0,40,60,1,10,11,False,Rush,Terron Kellman run for 11 yds to the UTAH 49 for a 1ST down,0.994570052506427,2025-09-14T00:39:54.000Z
401756895,4017568955,401756895102854601,5,6,Wyoming,Mountain West,0,Utah,Big 12,3,Wyoming,Utah,2,"{'minutes': 14, 'seconds': 53}",3.0,3.0,51,49,1,10,3,False,Rush,Terron Kellman run for 3 yds to the UTAH 46,-0.375732386813203,2025-09-14T00:39:54.000Z
401756895,4017568955,401756895102856901,5,7,Wyoming,Mountain West,0,Utah,Big 12,3,Wyoming,Utah,2,"{'minutes': 14, 'seconds': 30}",3.0,3.0,54,46,2,7,0,False,Pass Incompletion,Kaden Anderson pass incomplete to Jaylen Sargent,-1.1204555516909167,2025-09-14T00:39:57.000Z
401756895,4017568955,401756895102857401,5,8,Wyoming,Mountain West,0,Utah,Big 12,3,Wyoming,Utah,2,"{'minutes': 14, 'seconds': 25}",3.0,3.0,54,46,3,7,0,False,Pass Incompletion,Kaden Anderson pass incomplete to John Michael Gyllenborg,-0.9511301292415375,2025-09-14T00:44:13.000Z
401756895,4017568956,401756895102899701,6,12,Utah,Big 12,3,Wyoming,Mountain West,0,Wyoming,Utah,2,"{'minutes': 10, 'seconds': 2}",3.0,2.0,32,32,4,1,0,False,Timeout,"Timeout Wyoming, clock 10:02",,2025-09-14T00:39:54.000Z
401756895,4017568956,401756895102908402,6,14,Utah,Big 12,3,Wyoming,Mountain West,0,Wyoming,Utah,2,"{'minutes': 9, 'seconds': 15}",3.0,2.0,30,30,1,10,-10,False,Penalty,"(09:19) No Huddle-Shotgun Snowden,Smith rush left for 16 yards gain to the WYO14 (Johnson,Andrew), out of bounds PENALTY Utah Holding (Moea'i,Solatoa) 10 yards from WYO30 to WYO40. NO PLAY.",,2025-09-14T00:56:36.000Z
401756895,4017568956,401756895102924701,6,18,Utah,Big 12,3,Wyoming,Mountain West,0,Wyoming,Utah,2,"{'minutes': 7, 'seconds': 52}",3.0,2.0,27,27,4,7,45,False,Field Goal Missed,Dillon Curtis 45 yd FG MISSED,,2025-09-14T00:59:48.000Z
401756895,4017568956,401756895102858801,6,1,Utah,Big 12,3,Wyoming,Mountain West,0,Wyoming,Utah,2,"{'minutes': 14, 'seconds': 11}",3.0,3.0,99,99,1,10,2,False,Rush,NaQuari Rogers run for 2 yds to the UTAH 3,-0.1549833182162752,2025-09-14T00:46:06.000Z
401756895,4017568956,401756895102865601,6,2,Utah,Big 12,3,Wyoming,Mountain West,0,Wyoming,Utah,2,"{'minutes': 13, 'seconds': 43}",3.0,3.0,97,97,2,8,4,False,Pass Reception,Devon Dampier pass complete to Wayshawn Parker for 4 yds to the UTAH 7,-0.01659138445522325,2025-09-14T00:47:02.000Z
401756895,4017568956,401756895102869301,6,3,Utah,Big 12,3,Wyoming,Mountain West,0,Wyoming,Utah,2,"{'minutes': 13, 'seconds': 6}",3.0,3.0,93,93,3,4,12,False,Pass Reception,Devon Dampier pass complete to Dallen Bentley for 12 yds to the UTAH 19 for a 1ST down,0.7246350335381111,2025-09-14T00:47:07.000Z
401756895,4017568956,401756895102875901,6,4,Utah,Big 12,3,Wyoming,Mountain West,0,Wyoming,Utah,2,"{'minutes': 12, 'seconds': 40}",3.0,3.0,81,81,1,10,11,False,Rush,NaQuari Rogers run for 11 yds to the UTAH 30 for a 1ST down,0.7458330020984532,2025-09-14T00:39:54.000Z
401756895,4017568956,401756895102879401,6,5,Utah,Big 12,3,Wyoming,Mountain West,0,Wyoming,Utah,2,"{'minutes': 12, 'seconds': 5}",3.0,3.0,70,70,1,10,16,False,Rush,Wayshawn Parker run for 16 yds to the UTAH 46 for a 1ST down,1.5078889812191354,2025-09-14T00:48:13.000Z
401756895,4017568956,401756895102885901,6,6,Utah,Big 12,3,Wyoming,Mountain West,0,Wyoming,Utah,2,"{'minutes': 11, 'seconds': 40}",3.0,3.0,54,54,1,10,6,False,Pass Reception,Devon Dampier pass complete to Hunter Andrews for 6 yds to the WYO 48,0.374950753061633,2025-09-14T00:49:24.000Z
401756895,4017568956,401756895102887601,6,7,Utah,Big 12,3,Wyoming,Mountain West,0,Wyoming,Utah,2,"{'minutes': 11, 'seconds': 23}",3.0,3.0,48,48,2,4,0,False,Pass Incompletion,Devon Dampier pass incomplete to Lander Barton,-1.2153451318226605,2025-09-14T00:49:27.000Z
401756895,4017568956,401756895102888301,6,8,Utah,Big 12,3,Wyoming,Mountain West,0,Wyoming,Utah,2,"{'minutes': 11, 'seconds': 16}",3.0,3.0,48,48,3,4,7,False,Rush,Devon Dampier run for 7 yds to the WYO 41 for a 1ST down,1.784772290549716,2025-09-14T00:50:32.000Z
401756895,4017568956,401756895102895301,6,9,Utah,Big 12,3,Wyoming,Mountain West,0,Wyoming,Utah,2,"{'minutes': 10, 'seconds': 46}",3.0,3.0,41,41,1,10,0,False,Pass Incompletion,Devon Dampier pass incomplete to Tobias Merriweather,-0.8772679222659558,2025-09-14T00:50:35.000Z
401756895,4017568956,401756895102895801,6,10,Utah,Big 12,3,Wyoming,Mountain West,0,Wyoming,Utah,2,"{'minutes': 10, 'seconds': 41}",3.0,3.0,41,41,2,10,0,False,Pass Incompletion,Devon Dampier pass incomplete to Lander Barton,-1.0411051963664768,2025-09-14T00:39:54.000Z
401756895,4017568956,401756895102896501,6,11,Utah,Big 12,3,Wyoming,Mountain West,0,Wyoming,Utah,2,"{'minutes': 10, 'seconds': 34}",3.0,3.0,41,41,3,10,9,False,Rush,Devon Dampier run for 9 yds to the WYO 32,0.9637683355548194,2025-09-14T00:51:43.000Z
401756895,4017568956,401756895102904401,6,13,Utah,Big 12,3,Wyoming,Mountain West,0,Wyoming,Utah,2,"{'minutes': 9, 'seconds': 55}",3.0,2.0,32,32,4,1,2,False,Rush,NaQuari Rogers run for 2 yds to the WYO 30 for a 1ST down,1.3808812760513616,2025-09-14T00:56:27.000Z
401756895,4017568956,401756895102909301,6,15,Utah,Big 12,3,Wyoming,Mountain West,0,Wyoming,Utah,2,"{'minutes': 9, 'seconds': 6}",3.0,2.0,40,40,1,20,0,False,Rush,Devon Dampier run for no gain to the WYO 40,-0.9900073175123049,2025-09-14T00:57:40.000Z
401756895,4017568956,401756895102916401,6,16,Utah,Big 12,3,Wyoming,Mountain West,0,Wyoming,Utah,2,"{'minutes': 8, 'seconds': 35}",3.0,2.0,40,40,2,20,0,False,Pass Incompletion,Devon Dampier pass incomplete to Dallen Bentley,-0.9272852655992772,2025-09-14T00:57:43.000Z
401756895,4017568956,401756895102917901,6,17,Utah,Big 12,3,Wyoming,Mountain West,0,Wyoming,Utah,2,"{'minutes': 8, 'seconds': 20}",3.0,2.0,40,40,3,20,13,False,Pass Reception,Devon Dampier pass complete to Ryan Davis for 13 yds to the WYO 27,1.6660042578282166,2025-09-14T00:58:52.000Z
401756895,4017568957,401756895102935501,7,4,Wyoming,Mountain West,0,Utah,Big 12,3,Wyoming,Utah,2,"{'minutes': 6, 'seconds': 44}",2.0,3.0,35,65,4,2,4,False,Punt,"Bart Edmiston punt for 42 yds , Rayshawn Glover returns for 4 yds to the UTAH 27",,2025-09-14T01:02:05.000Z
401756895,4017568957,401756895102925301,7,1,Wyoming,Mountain West,0,Utah,Big 12,3,Wyoming,Utah,2,"{'minutes': 7, 'seconds': 46}",2.0,3.0,27,73,1,10,6,False,Rush,Bricen Brantley run for 6 yds to the WYO 33,0.3503911107524118,2025-09-14T00:59:56.000Z
401756895,4017568957,401756895102927301,7,2,Wyoming,Mountain West,0,Utah,Big 12,3,Wyoming,Utah,2,"{'minutes': 7, 'seconds': 26}",2.0,3.0,33,67,2,4,2,False,Rush,Samuel Harris run for 2 yds to the WYO 35,-0.5911194224774521,2025-09-14T01:00:56.000Z
401756895,4017568957,401756895102934701,7,3,Wyoming,Mountain West,0,Utah,Big 12,3,Wyoming,Utah,2,"{'minutes': 6, 'seconds': 52}",2.0,3.0,35,65,3,2,0,False,Pass Incompletion,Kaden Anderson pass incomplete to Bricen Brantley,-0.6593583300883079,2025-09-14T01:01:02.000Z
401756895,4017568958,401756895102955001,8,4,Utah,Big 12,3,Wyoming,Mountain West,0,Wyoming,Utah,2,"{'minutes': 4, 'seconds': 49}",3.0,2.0,65,65,4,2,0,False,Punt,"Orion Phillips punt for 44 yds, fair catch by Malique Singleton at the WYO 21",,2025-09-14T01:07:51.000Z
401756895,4017568958,401756895102936201,8,1,Utah,Big 12,3,Wyoming,Mountain West,0,Wyoming,Utah,2,"{'minutes': 6, 'seconds': 37}",3.0,2.0,73,73,1,10,9,False,Rush,NaQuari Rogers run for 9 yds to the UTAH 36,1.2988785897355477,2025-09-14T01:05:26.000Z
401756895,4017568958,401756895102939301,8,2,Utah,Big 12,3,Wyoming,Mountain West,0,Wyoming,Utah,2,"{'minutes': 6, 'seconds': 6}",3.0,2.0,64,64,2,1,-2,False,Rush,NaQuari Rogers run for a loss of 2 yards to the UTAH 34,-1.7230182210037297,2025-09-14T01:05:34.000Z
401756895,4017568958,401756895102947201,8,3,Utah,Big 12,3,Wyoming,Mountain West,0,Wyoming,Utah,2,"{'minutes': 5, 'seconds': 27}",3.0,2.0,66,66,3,3,1,False,Rush,Devon Dampier run for 1 yd to the UTAH 35,-0.4759470105451662,2025-09-14T01:06:44.000Z
401756895,4017568959,401756895102959101,9,2,Wyoming,Mountain West,0,Utah,Big 12,3,Wyoming,Utah,2,"{'minutes': 4, 'seconds': 8}",2.0,2.0,53,47,1,10,0,False,Timeout,"Timeout Utah, clock 04:08",,2025-09-14T00:39:54.000Z
401756895,4017568959,401756895102956901,9,1,Wyoming,Mountain West,0,Utah,Big 12,3,Wyoming,Utah,2,"{'minutes': 4, 'seconds': 30}",2.0,3.0,21,79,1,10,32,False,Pass Reception,Kaden Anderson pass complete to Samuel Harris for 32 yds to the UTAH 47 for a 1ST down,2.7173325485507256,2025-09-14T01:11:21.000Z
401756895,4017568959,401756895102959701,9,3,Wyoming,Mountain West,0,Utah,Big 12,3,Wyoming,Utah,2,"{'minutes': 4, 'seconds': 2}",2.0,2.0,53,47,1,10,0,False,Rush,Kaden Anderson run for no gain to the UTAH 47,-1.0507069190375147,2025-09-14T01:12:26.000Z
401756895,4017568959,401756895102968001,9,4,Wyoming,Mountain West,0,Utah,Big 12,3,Wyoming,Utah,2,"{'minutes': 3, 'seconds': 19}",2.0,2.0,53,47,2,10,-7,False,Fumble Recovery (Own),"Kaden Anderson sacked by John Henry Daley for a loss of 7 yards to the WYO 46 Kaden Anderson fumbled, recovered by UTAH Lander Barton , return for 0 yards",-2.1142057263066683,2025-09-14T01:14:02.000Z
401756895,40175689510,401756895102969301,10,1,Utah,Big 12,3,Wyoming,Mountain West,0,Wyoming,Utah,2,"{'minutes': 3, 'seconds': 6}",2.0,2.0,46,46,1,10,6,False,Pass Reception,Devon Dampier pass complete to Ryan Davis for 6 yds to the WYO 40,0.3120620714803497,2025-09-14T01:14:08.000Z
401756895,40175689510,401756895102975001,10,2,Utah,Big 12,3,Wyoming,Mountain West,0,Wyoming,Utah,2,"{'minutes': 2, 'seconds': 49}",2.0,2.0,40,40,2,4,11,False,Rush,Wayshawn Parker run for 11 yds to the WYO 29 for a 1ST down,0.4429241520560026,2025-09-14T01:14:12.000Z
401756895,40175689510,401756895102977901,10,3,Utah,Big 12,3,Wyoming,Mountain West,0,Wyoming,Utah,2,"{'minutes': 2, 'seconds': 20}",2.0,2.0,29,29,1,10,10,False,Pass Reception,Devon Dampier pass complete to Ryan Davis for 10 yds to the WYO 19 for a 1ST down,0.183853555960589,2025-09-14T01:15:12.000Z
401756895,40175689510,401756895102979701,10,4,Utah,Big 12,3,Wyoming,Mountain West,0,Wyoming,Utah,2,"{'minutes': 2, 'seconds': 2}",2.0,2.0,19,19,1,10,16,False,Fumble Recovery (Opponent),"Nate Johnson run for 16 yds to the WYO 3 Nate Johnson fumbled, recovered by WYO Andrew Johnson",-4.395552371362477,2025-09-14T01:15:16.000Z
401756895,40175689511,401756895102984101,11,1,Wyoming,Mountain West,0,Utah,Big 12,3,Wyoming,Utah,2,"{'minutes': 1, 'seconds': 58}",1.0,2.0,3,97,2,10,0,False,Timeout,"Timeout Wyoming, clock 01:58",,2025-09-14T00:39:54.000Z
401756895,40175689511,401756895102984501,11,3,Wyoming,Mountain West,0,Utah,Big 12,3,Wyoming,Utah,2,"{'minutes': 1, 'seconds': 54}",1.0,1.0,7,93,3,6,0,False,Timeout,"Timeout Utah, clock 01:54",,2025-09-14T00:39:54.000Z
401756895,40175689511,401756895102985203,11,6,Wyoming,Mountain West,0,Utah,Big 12,3,Wyoming,Utah,2,"{'minutes': 1, 'seconds': 47}",0.0,1.0,12,88,4,1,0,False,Timeout,"Timeout Wyoming, clock 01:47",,2025-09-14T01:22:44.000Z
401756895,40175689511,401756895102987101,11,7,Wyoming,Mountain West,0,Utah,Big 12,3,Wyoming,Utah,2,"{'minutes': 1, 'seconds': 28}",0.0,1.0,12,88,4,1,59,False,Punt,"Bart Edmiston punt for 57 yds, punt out-of-bounds at the WYO 10 , Rayshawn Glover returns for 59 yds to the UTAH 29 Utah Penalty, Offensive Holding (Logan Fano) to the WYO 10",,2025-09-14T01:24:00.000Z
401756895,40175689511,401756895102987103,11,8,Wyoming,Mountain West,0,Utah,Big 12,3,Wyoming,Utah,2,"{'minutes': 1, 'seconds': 28}",0.0,1.0,12,88,4,1,59,False,Punt,"Bart Edmiston punt for 57 yds, punt out-of-bounds at the UTAH 45 , Rayshawn Glover returns for 59 yds to the UTAH 29 Utah Penalty, Offensive Holding (Logan Fano) to the UTAH 45",,2025-09-14T01:25:06.000Z
401756895,40175689511,401756895102984301,11,2,Wyoming,Mountain West,0,Utah,Big 12,3,Wyoming,Utah,2,"{'minutes': 1, 'seconds': 56}",1.0,2.0,3,97,1,10,0,False,Rush,Sam Scott run for no gain to the WYO 3,-0.2601506296767244,2025-09-14T00:39:54.000Z
401756895,40175689511,401756895102984601,11,4,Wyoming,Mountain West,0,Utah,Big 12,3,Wyoming,Utah,2,"{'minutes': 1, 'seconds': 53}",1.0,1.0,3,97,2,10,4,False,Rush,Sam Scott run for 4 yds to the WYO 7,-0.01339924916138813,2025-09-14T01:20:12.000Z
401756895,40175689511,401756895102985201,11,5,Wyoming,Mountain West,0,Utah,Big 12,3,Wyoming,Utah,2,"{'minutes': 1, 'seconds': 47}",1.0,1.0,7,93,3,6,5,False,Pass Reception,Kaden Anderson pass complete to Chris Durr Jr. for 5 yds to the WYO 12,0.0249564255897603,2025-09-14T01:21:35.000Z
401756895,40175689512,401756895102989302,12,4,Utah,Big 12,3,Wyoming,Mountain West,0,Wyoming,Utah,2,"{'minutes': 1, 'seconds': 6}",1.0,0.0,45,45,2,10,-10,False,Penalty,"Utah Penalty, Offensive Holding (Spencer Fano) to the UTAH 45",,2025-09-14T01:26:24.000Z
401756895,40175689512,401756895102994202,12,5,Utah,Big 12,3,Wyoming,Mountain West,0,Wyoming,Utah,2,"{'minutes': 0, 'seconds': 57}",1.0,0.0,55,55,2,20,15,False,Penalty,"(01:08) No Huddle-Shotgun Dampier,Devon pass incomplete deep right to Bentley,Dallen thrown to WYO13 PENALTY WYO Pass Interference (Thomas,Jones) 15 yards from Utah45 to WYO40, 1ST DOWN. NO PLAY.",,2025-09-14T01:26:28.000Z
401756895,40175689512,401756895102999102,12,11,Utah,Big 12,3,Wyoming,Mountain West,0,Wyoming,Utah,2,"{'minutes': 0, 'seconds': 8}",1.0,-1.0,29,29,4,10,0,False,Timeout,"Timeout Wyoming, clock 00:08",,2025-09-14T01:30:49.000Z
401756895,40175689512,401756895102999601,12,12,Utah,Big 12,3,Wyoming,Mountain West,0,Wyoming,Utah,2,"{'minutes': 0, 'seconds': 3}",1.0,-1.0,29,29,4,10,46,False,Blocked Field Goal,Dillon Curtis 46 yd FG BLOCKED blocked by Aneesh Vyas,,2025-09-14T01:32:24.000Z
401756895,40175689512,401756895102987401,12,1,Utah,Big 12,3,Wyoming,Mountain West,0,Wyoming,Utah,2,"{'minutes': 1, 'seconds': 25}",1.0,0.0,55,55,1,10,6,False,Pass Reception,Devon Dampier pass complete to Ryan Davis for 6 yds to the WYO 49,0.38118862332173,2025-09-14T00:39:54.000Z
401756895,40175689512,401756895102987801,12,2,Utah,Big 12,3,Wyoming,Mountain West,0,Wyoming,Utah,2,"{'minutes': 1, 'seconds': 21}",1.0,0.0,49,49,2,4,4,False,Pass Reception,Devon Dampier pass complete to Ryan Davis for 4 yds to the WYO 45 for a 1ST down,0.418910528927567,2025-09-14T01:25:13.000Z
401756895,40175689512,401756895102988501,12,3,Utah,Big 12,3,Wyoming,Mountain West,0,Wyoming,Utah,2,"{'minutes': 1, 'seconds': 14}",1.0,0.0,45,45,1,10,0,False,Pass Incompletion,Devon Dampier pass incomplete to Tobias Merriweather,-0.997770018980635,2025-09-14T00:39:54.000Z
401756895,40175689512,401756895102995301,12,6,Utah,Big 12,3,Wyoming,Mountain West,0,Wyoming,Utah,2,"{'minutes': 0, 'seconds': 46}",1.0,0.0,40,40,1,10,6,False,Pass Reception,Devon Dampier pass complete to Dallen Bentley for 6 yds to the WYO 34,0.265204892676964,2025-09-14T01:26:28.000Z
401756895,40175689512,401756895102996701,12,7,Utah,Big 12,3,Wyoming,Mountain West,0,Wyoming,Utah,2,"{'minutes': 0, 'seconds': 32}",1.0,0.0,34,34,2,4,5,False,Pass Reception,Devon Dampier pass complete to Dallen Bentley for 5 yds to the WYO 29 for a 1ST down,0.135543066662265,2025-09-14T01:26:28.000Z
401756895,40175689512,401756895102997601,12,8,Utah,Big 12,3,Wyoming,Mountain West,0,Wyoming,Utah,2,"{'minutes': 0, 'seconds': 23}",1.0,0.0,29,29,1,10,0,False,Pass Incompletion,Devon Dampier pass incomplete to JJ Buchanan,-0.534372502378378,2025-09-14T01:26:28.000Z
401756895,40175689512,401756895102998501,12,9,Utah,Big 12,3,Wyoming,Mountain West,0,Wyoming,Utah,2,"{'minutes': 0, 'seconds': 14}",1.0,0.0,29,29,2,10,0,False,Pass Incompletion,Devon Dampier pass incomplete to Tobias Merriweather,-0.732204526648056,2025-09-14T01:26:28.000Z
401756895,40175689512,401756895102999101,12,10,Utah,Big 12,3,Wyoming,Mountain West,0,Wyoming,Utah,2,"{'minutes': 0, 'seconds': 8}",1.0,0.0,29,29,3,10,0,False,Pass Incompletion,Devon Dampier pass incomplete to Dallen Bentley,-0.972139326915853,2025-09-14T01:30:49.000Z
401756895,40175689513,401756895102999902,13,2,Wyoming,Mountain West,0,Utah,Big 12,3,Wyoming,Utah,2,"{'minutes': 0, 'seconds': 0}",-1.0,1.0,29,71,0,10,-1,False,End of Half,End of 2nd Quarter,,2025-09-14T01:26:28.000Z
401756895,40175689513,401756895102999901,13,1,Wyoming,Mountain West,0,Utah,Big 12,3,Wyoming,Utah,2,"{'minutes': 0, 'seconds': 0}",-1.0,1.0,29,71,1,10,-1,False,Rush,K. Anderson takes a knee,-0.9516524041477066,2025-09-14T01:26:28.000Z
401756895,40175689514,401756895103854501,14,1,Wyoming,Mountain West,0,Utah,Big 12,3,Wyoming,Utah,3,"{'minutes': 14, 'seconds': 54}",3.0,3.0,35,65,1,10,13,False,Kickoff,"Bart Edmiston kickoff for 61 yds , Rayshawn Glover return for 13 yds to the UTAH 17",,2025-09-13T00:00:00.000Z
401756895,40175689514,401756895103868701,14,6,Utah,Big 12,3,Wyoming,Mountain West,0,Wyoming,Utah,3,"{'minutes': 13, 'seconds': 12}",3.0,3.0,28,28,1,10,0,False,Pass Incompletion,Devon Dampier pass incomplete to JJ Buchanan,-0.512081873784803,2025-09-14T01:58:09.000Z
401756895,40175689514,401756895103869201,14,7,Utah,Big 12,3,Wyoming,Mountain West,0,Wyoming,Utah,3,"{'minutes': 13, 'seconds': 7}",3.0,3.0,28,28,2,10,3,False,Rush,Devon Dampier run for 3 yds to the WYO 25,-0.2204092701735424,2025-09-14T01:58:14.000Z
401756895,40175689514,401756895103877001,14,8,Utah,Big 12,3,Wyoming,Mountain West,0,Wyoming,Utah,3,"{'minutes': 12, 'seconds': 29}",3.0,3.0,25,25,3,7,23,False,Rush,Devon Dampier run for 23 yds to the WYO 2 for a 1ST down,2.2832703204246783,2025-09-14T01:59:29.000Z
401756895,40175689514,401756895103884801,14,9,Utah,Big 12,3,Wyoming,Mountain West,0,Wyoming,Utah,3,"{'minutes': 11, 'seconds': 51}",3.0,3.0,2,2,1,2,1,False,Rush,NaQuari Rogers run for 1 yd to the WYO 1,-0.687116939800908,2025-09-14T01:59:32.000Z
401756895,40175689514,401756895103888001,14,10,Utah,Big 12,3,Wyoming,Mountain West,0,Wyoming,Utah,3,"{'minutes': 11, 'seconds': 19}",3.0,3.0,1,1,2,1,0,False,Rush,NaQuari Rogers run for no gain to the WYO 1,-0.553645991706544,2025-09-14T02:00:39.000Z
401756895,40175689514,401756895103895301,14,11,Utah,Big 12,10,Wyoming,Mountain West,0,Wyoming,Utah,3,"{'minutes': 10, 'seconds': 46}",3.0,3.0,1,1,3,1,1,True,Rushing Touchdown,NaQuari Rogers run for 1 yd for a TD (Dillon Curtis KICK),2.45399822917955,2025-09-14T02:00:44.000Z
401756895,40175689514,401756895103855701,14,2,Utah,Big 12,3,Wyoming,Mountain West,0,Wyoming,Utah,3,"{'minutes': 14, 'seconds': 42}",3.0,3.0,83,83,1,10,14,False,Pass Reception,Devon Dampier pass complete to Hunter Andrews for 14 yds to the UTAH 31 for a 1ST down,0.9278915774366077,2025-09-13T00:00:00.000Z
401756895,40175689514,401756895103857902,14,3,Utah,Big 12,3,Wyoming,Mountain West,0,Wyoming,Utah,3,"{'minutes': 14, 'seconds': 20}",3.0,3.0,69,69,1,10,25,False,Rush,"Hunter Andrews run for 15 yds to the WYO 46 for a 1ST down Wyoming Penalty, Defensive Holding (10 Yards) to the WYO 44 for a 1ST down",2.1944086476050284,2025-09-14T01:55:51.000Z
401756895,40175689514,401756895103859902,14,4,Utah,Big 12,3,Wyoming,Mountain West,0,Wyoming,Utah,3,"{'minutes': 14, 'seconds': 0}",3.0,3.0,44,44,1,10,1,False,Rush,Hunter Andrews run for 1 yd to the WYO 43,-0.7468552089852203,2025-09-14T01:56:55.000Z
401756895,40175689514,401756895103867001,14,5,Utah,Big 12,3,Wyoming,Mountain West,0,Wyoming,Utah,3,"{'minutes': 13, 'seconds': 29}",3.0,3.0,43,43,2,9,15,False,Pass Reception,Devon Dampier pass complete to Tobias Merriweather for 15 yds to the WYO 28 for a 1ST down,1.3957230923568107,2025-09-14T01:58:05.000Z
401756897,4017568971,401756897101849903,1,1,Colorado,Big 12,0,Wyoming,Mountain West,0,Colorado,Wyoming,1,"{'minutes': 15, 'seconds': 0}",3.0,3.0,35,65,1,10,0,False,Kickoff,Buck Buchanan kickoff for 65 yds for a touchback,,2025-09-21T02:25:40.000Z
401756897,4017568971,401756897101865302,1,4,Wyoming,Mountain West,0,Colorado,Big 12,0,Colorado,Wyoming,1,"{'minutes': 13, 'seconds': 46}",3.0,3.0,72,72,3,7,15,False,Penalty,"(13:54) No Huddle-Shotgun Anderson,Kaden pass incomplete deep left to Sargent,Jaylen thrown to COLO35 broken up by McKinney,D.J. PENALTY COLO Pass Interference (McKinney,D.J.) 15 yards from WYO28 to WYO43, 1ST DOWN. NO PLAY.",,2025-09-21T02:27:27.000Z
401756897,4017568971,401756897101875502,1,8,Wyoming,Mountain West,0,Colorado,Big 12,0,Colorado,Wyoming,1,"{'minutes': 12, 'seconds': 44}",3.0,3.0,56,56,4,9,0,False,Punt,"Bart Edmiston punt for 36 yds, fair catch by Dekalon Taylor at the COLO 35",,2025-09-21T02:25:40.000Z
401756897,4017568971,401756897101855301,1,2,Wyoming,Mountain West,0,Colorado,Big 12,0,Colorado,Wyoming,1,"{'minutes': 14, 'seconds': 46}",3.0,3.0,75,75,1,10,2,False,Rush,Samuel Harris run for 2 yds to the WYO 27,-0.45260367932203766,2025-09-21T02:26:29.000Z
401756897,4017568971,401756897101857501,1,3,Wyoming,Mountain West,0,Colorado,Big 12,0,Colorado,Wyoming,1,"{'minutes': 14, 'seconds': 24}",3.0,3.0,73,73,2,8,1,False,Rush,Kaden Anderson run for 1 yd to the WYO 28,-0.40259546283400116,2025-09-21T02:27:07.000Z
401756897,4017568971,401756897101866101,1,5,Wyoming,Mountain West,0,Colorado,Big 12,0,Colorado,Wyoming,1,"{'minutes': 13, 'seconds': 38}",3.0,3.0,57,57,1,10,1,False,Rush,Samuel Harris run for 1 yd to the WYO 44,-0.9288647615840891,2025-09-21T02:28:44.000Z
401756897,4017568971,401756897101868901,1,6,Wyoming,Mountain West,0,Colorado,Big 12,0,Colorado,Wyoming,1,"{'minutes': 13, 'seconds': 10}",3.0,3.0,56,56,2,9,0,False,Pass Incompletion,Kaden Anderson pass incomplete to Charlie Coenen,-0.9314188410763231,2025-09-21T02:29:09.000Z
401756897,4017568971,401756897101874701,1,7,Wyoming,Mountain West,0,Colorado,Big 12,0,Colorado,Wyoming,1,"{'minutes': 12, 'seconds': 52}",3.0,3.0,56,56,3,9,0,False,Pass Incompletion,Kaden Anderson pass incomplete to Charlie Coenen,-0.5616972188067564,2025-09-21T02:25:40.000Z
401756897,4017568972,401756897101906501,2,6,Colorado,Big 12,0,Wyoming,Mountain West,0,Colorado,Wyoming,1,"{'minutes': 9, 'seconds': 34}",2.0,3.0,44,56,3,20,0,False,Timeout,"Timeout Colorado, clock 09:34",,2025-09-21T02:25:40.000Z
401756897,4017568972,401756897101915301,2,8,Colorado,Big 12,0,Wyoming,Mountain West,0,Colorado,Wyoming,1,"{'minutes': 8, 'seconds': 46}",2.0,3.0,54,46,4,10,0,False,Punt,Damon Greaves punt for 46 yds for a touchback,,2025-09-21T02:39:37.000Z
401756897,4017568972,401756897101875505,2,1,Colorado,Big 12,0,Wyoming,Mountain West,0,Colorado,Wyoming,1,"{'minutes': 12, 'seconds': 44}",3.0,3.0,35,65,1,10,3,False,Rush,Dekalon Taylor run for 3 yds to the COLO 38,-0.4062307312880424,2025-09-21T02:25:40.000Z
401756897,4017568972,401756897101879101,2,2,Colorado,Big 12,0,Wyoming,Mountain West,0,Colorado,Wyoming,1,"{'minutes': 12, 'seconds': 8}",3.0,3.0,38,62,2,7,-1,False,Rush,Dekalon Taylor run for a loss of 1 yard to the COLO 37,-0.9979831204150909,2025-09-21T02:32:52.000Z
401756897,4017568972,401756897101886901,2,3,Colorado,Big 12,0,Wyoming,Mountain West,0,Colorado,Wyoming,1,"{'minutes': 11, 'seconds': 30}",3.0,3.0,37,63,3,8,17,False,Rush,Kaidon Salter run for 17 yds to the WYO 46 for a 1ST down,3.1036434542600038,2025-09-21T02:33:29.000Z
401756897,4017568972,401756897101894601,2,4,Colorado,Big 12,0,Wyoming,Mountain West,0,Colorado,Wyoming,1,"{'minutes': 10, 'seconds': 53}",3.0,3.0,54,46,1,10,4,False,Rush,Dekalon Taylor run for 4 yds to the WYO 42,-0.1215209117621187,2025-09-21T02:34:07.000Z
401756897,4017568972,401756897101898801,2,5,Colorado,Big 12,0,Wyoming,Mountain West,0,Colorado,Wyoming,1,"{'minutes': 10, 'seconds': 11}",3.0,3.0,58,42,2,6,-14,False,Sack,Kaidon Salter sacked by Brayden Wilson for a loss of 14 yards to the COLO 44,-3.3237817623726444,2025-09-21T02:34:42.000Z
401756897,4017568972,401756897101907701,2,7,Colorado,Big 12,0,Wyoming,Mountain West,0,Colorado,Wyoming,1,"{'minutes': 9, 'seconds': 22}",2.0,3.0,44,56,3,20,10,False,Pass Reception,Kaidon Salter pass complete to Omarion Miller for 10 yds to the WYO 46,0.5258680729911038,2025-09-21T02:39:10.000Z
401756897,4017568973,401756897101928002,3,3,Wyoming,Mountain West,0,Colorado,Big 12,0,Colorado,Wyoming,1,"{'minutes': 7, 'seconds': 19}",3.0,2.0,86,86,3,16,10,False,Penalty,"(07:25) No Huddle-Shotgun Anderson,Kaden pass incomplete short right to Durr,Chris thrown to WYO24 broken up by Hodge,Preston PENALTY COLO Pass Interference (Hodge,Preston) 10 yards from WYO14 to WYO24, 1ST DOWN. NO PLAY.",,2025-09-21T02:41:48.000Z
401756897,4017568973,401756897101928004,3,4,Wyoming,Mountain West,0,Colorado,Big 12,0,Colorado,Wyoming,1,"{'minutes': 7, 'seconds': 19}",2.0,2.0,76,76,1,10,0,False,Timeout,"Timeout Wyoming, clock 07:19",,2025-09-21T02:41:48.000Z
401756897,4017568973,401756897101936502,3,7,Wyoming,Mountain West,0,Colorado,Big 12,0,Colorado,Wyoming,1,"{'minutes': 6, 'seconds': 34}",2.0,2.0,73,73,3,7,8,False,Penalty,"(06:38) No Huddle-Shotgun Anderson,Kaden pass incomplete short left to Durr,Chris thrown to WYO34 broken up by Hodge,Preston PENALTY COLO Pass Interference (Hodge,Preston) 8 yards from WYO27 to WYO35, 1ST DOWN. NO PLAY.",,2025-09-21T02:47:51.000Z
401756897,4017568973,401756897101949501,3,11,Wyoming,Mountain West,0,Colorado,Big 12,0,Colorado,Wyoming,1,"{'minutes': 5, 'seconds': 4}",2.0,2.0,57,57,4,2,0,False,Punt,"Bart Edmiston punt for 42 yds, fair catch by Dekalon Taylor at the COLO 15",,2025-09-21T02:51:15.000Z
401756897,4017568973,401756897101916001,3,1,Wyoming,Mountain West,0,Colorado,Big 12,0,Colorado,Wyoming,1,"{'minutes': 8, 'seconds': 39}",3.0,2.0,80,80,1,10,-3,False,Rush,Terron Kellman run for a loss of 3 yards to the WYO 17,-0.7513387299797563,2025-09-21T02:40:37.000Z
401756897,4017568973,401756897101919901,3,2,Wyoming,Mountain West,0,Colorado,Big 12,0,Colorado,Wyoming,1,"{'minutes': 8, 'seconds': 0}",3.0,2.0,83,83,2,13,-3,False,Rush,Terron Kellman run for a loss of 3 yards to the WYO 14,-0.20376215076616955,2025-09-21T02:41:17.000Z
401756897,4017568973,401756897101928601,3,5,Wyoming,Mountain West,0,Colorado,Big 12,0,Colorado,Wyoming,1,"{'minutes': 7, 'seconds': 13}",2.0,2.0,76,76,1,10,0,False,Pass Incompletion,Kaden Anderson pass incomplete to Chris Durr Jr.,-0.6723571521309859,2025-09-21T02:46:47.000Z
401756897,4017568973,401756897101929401,3,6,Wyoming,Mountain West,0,Colorado,Big 12,0,Colorado,Wyoming,1,"{'minutes': 7, 'seconds': 5}",2.0,2.0,76,76,2,10,3,False,Rush,Terron Kellman run for 3 yds to the WYO 27,-0.14368568445687924,2025-09-21T02:47:29.000Z
401756897,4017568973,401756897101937401,3,8,Wyoming,Mountain West,0,Colorado,Big 12,0,Colorado,Wyoming,1,"{'minutes': 6, 'seconds': 25}",2.0,2.0,65,65,1,10,5,False,Rush,Samuel Harris run for 5 yds to the WYO 40,0.1088137823196469,2025-09-21T02:49:08.000Z
401756897,4017568973,401756897101944401,3,9,Wyoming,Mountain West,0,Colorado,Big 12,0,Colorado,Wyoming,1,"{'minutes': 5, 'seconds': 55}",2.0,2.0,60,60,2,5,0,False,Pass Incompletion,Kaden Anderson pass incomplete to Evan Svoboda,-1.0644407341429556,2025-09-21T02:49:31.000Z
401756897,4017568973,401756897101945001,3,10,Wyoming,Mountain West,0,Colorado,Big 12,0,Colorado,Wyoming,1,"{'minutes': 5, 'seconds': 49}",2.0,2.0,60,60,3,5,3,False,Rush,Samuel Harris run for 3 yds to the WYO 43,-0.2706715080778652,2025-09-21T02:50:15.000Z
401756897,4017568974,401756897101999902,4,11,Colorado,Big 12,0,Wyoming,Mountain West,0,Colorado,Wyoming,1,"{'minutes': 0, 'seconds': 0}",2.0,2.0,62,38,0,6,9,False,End Period,End of 1st Quarter,,2025-09-21T03:00:37.000Z
401756897,4017568974,401756897102857902,4,14,Colorado,Big 12,0,Wyoming,Mountain West,0,Colorado,Wyoming,2,"{'minutes': 14, 'seconds': 20}",2.0,1.0,71,29,3,10,0,False,Timeout,"Timeout Wyoming, clock 14:20",,2025-09-21T03:05:48.000Z
401756897,4017568974,401756897101954301,4,1,Colorado,Big 12,0,Wyoming,Mountain West,0,Colorado,Wyoming,1,"{'minutes': 4, 'seconds': 56}",2.0,2.0,15,85,1,10,4,False,Rush,Dekalon Taylor run for 4 yds to the COLO 19,-0.0658646968869041,2025-09-21T02:55:03.000Z
401756897,4017568974,401756897101957801,4,2,Colorado,Big 12,0,Wyoming,Mountain West,0,Colorado,Wyoming,1,"{'minutes': 4, 'seconds': 21}",2.0,2.0,19,81,2,6,18,False,Pass Reception,Kaidon Salter pass complete to Omarion Miller for 18 yds to the COLO 37 for a 1ST down,1.6363154531843636,2025-09-21T02:55:45.000Z
401756897,4017568974,401756897101964301,4,3,Colorado,Big 12,0,Wyoming,Mountain West,0,Colorado,Wyoming,1,"{'minutes': 3, 'seconds': 56}",2.0,2.0,37,63,1,10,2,False,Rush,Dekalon Taylor run for 2 yds to the COLO 39,-0.6556647600661254,2025-09-21T02:56:03.000Z
401756897,4017568974,401756897101968201,4,4,Colorado,Big 12,0,Wyoming,Mountain West,0,Colorado,Wyoming,1,"{'minutes': 3, 'seconds': 17}",2.0,2.0,39,61,2,8,7,False,Rush,Simeon Price run for 7 yds to the COLO 46,0.600064546658416,2025-09-21T02:56:41.000Z
401756897,4017568974,401756897101974401,4,5,Colorado,Big 12,0,Wyoming,Mountain West,0,Colorado,Wyoming,1,"{'minutes': 2, 'seconds': 55}",2.0,2.0,46,54,3,1,2,False,Rush,Kaidon Salter run for 2 yds to the COLO 48 for a 1ST down,1.0980567182750287,2025-09-21T02:57:05.000Z
401756897,4017568974,401756897101977901,4,6,Colorado,Big 12,0,Wyoming,Mountain West,0,Colorado,Wyoming,1,"{'minutes': 2, 'seconds': 20}",2.0,2.0,48,52,1,10,-1,False,Rush,Kaidon Salter run for a loss of 1 yard to the COLO 47,-1.374951836637621,2025-09-21T02:57:38.000Z
401756897,4017568974,401756897101985401,4,7,Colorado,Big 12,0,Wyoming,Mountain West,0,Colorado,Wyoming,1,"{'minutes': 1, 'seconds': 45}",2.0,2.0,47,53,2,11,11,False,Rush,Kaidon Salter run for 11 yds to the WYO 42 for a 1ST down,2.088070653775928,2025-09-21T02:58:20.000Z
401756897,4017568974,401756897101989401,4,8,Colorado,Big 12,0,Wyoming,Mountain West,0,Colorado,Wyoming,1,"{'minutes': 1, 'seconds': 5}",2.0,2.0,58,42,1,10,0,False,Pass Incompletion,Kaidon Salter pass incomplete to Sincere Brown,-0.908489395271188,2025-09-21T02:58:52.000Z
401756897,4017568974,401756897101994501,4,9,Colorado,Big 12,0,Wyoming,Mountain West,0,Colorado,Wyoming,1,"{'minutes': 0, 'seconds': 54}",2.0,2.0,58,42,2,10,4,False,Rush,Kaidon Salter run for 4 yds to the WYO 38,-0.1513257604604677,2025-09-21T02:59:41.000Z
401756897,4017568974,401756897101999901,4,10,Colorado,Big 12,0,Wyoming,Mountain West,0,Colorado,Wyoming,1,"{'minutes': 0, 'seconds': 0}",2.0,2.0,62,38,3,6,9,False,Pass Reception,Kaidon Salter pass complete to Dre'lon Miller for 9 yds to the WYO 29 for a 1ST down,1.5664494427056677,2025-09-21T03:00:37.000Z
401756897,4017568974,401756897102854801,4,12,Colorado,Big 12,0,Wyoming,Mountain West,0,Colorado,Wyoming,2,"{'minutes': 14, 'seconds': 51}",2.0,2.0,71,29,1,10,0,False,Rush,Isaiah Hardge run for no gain to the WYO 29,-0.534372502378378,2025-09-21T03:05:18.000Z
401756897,4017568974,401756897102857901,4,13,Colorado,Big 12,0,Wyoming,Mountain West,0,Colorado,Wyoming,2,"{'minutes': 14, 'seconds': 20}",2.0,2.0,71,29,2,10,0,False,Pass Incompletion,Kaidon Salter pass incomplete to Omarion Miller,-0.732204526648056,2025-09-21T03:05:48.000Z
401756897,4017568974,401756897102858701,4,15,Colorado,Big 12,7,Wyoming,Mountain West,0,Colorado,Wyoming,2,"{'minutes': 14, 'seconds': 12}",2.0,1.0,71,29,3,10,29,True,Passing Touchdown,Kaidon Salter pass complete to Omarion Miller for 29 yds for a TD (Alejandro Mata KICK),4.054878213624546,2025-09-21T03:07:47.000Z
401756897,4017568975,401756897102858703,5,1,Colorado,Big 12,7,Wyoming,Mountain West,0,Colorado,Wyoming,2,"{'minutes': 14, 'seconds': 12}",2.0,1.0,35,65,1,10,0,False,Kickoff,Buck Buchanan kickoff for 65 yds for a touchback,,2025-09-21T03:08:27.000Z
401756897,4017568975,401756897102895401,5,8,Wyoming,Mountain West,0,Colorado,Big 12,7,Colorado,Wyoming,2,"{'minutes': 10, 'seconds': 45}",1.0,2.0,8,8,1,8,-5,False,Penalty,"(10:46) PENALTY WYO False Start (Schoenfeld,Isaac) 5 yards from COLO08 to COLO13. NO PLAY.",,2025-09-21T03:19:29.000Z
401756897,4017568975,401756897102906001,5,13,Wyoming,Mountain West,3,Colorado,Big 12,7,Colorado,Wyoming,2,"{'minutes': 9, 'seconds': 39}",1.0,1.0,10,10,4,10,28,True,Field Goal Good,Erik Sandvik 28 yd FG GOOD,,2025-09-21T03:25:33.000Z
401756897,4017568975,401756897102905202,5,11,Wyoming,Mountain West,0,Colorado,Big 12,7,Colorado,Wyoming,2,"{'minutes': 9, 'seconds': 47}",1.0,1.0,10,10,3,10,0,False,Timeout,"Timeout Colorado, clock 09:47",,2025-09-21T03:20:30.000Z
401756897,4017568975,401756897102859401,5,2,Wyoming,Mountain West,0,Colorado,Big 12,7,Colorado,Wyoming,2,"{'minutes': 14, 'seconds': 5}",1.0,2.0,75,75,1,10,-9,False,Sack,Kaden Anderson sacked for a loss of 9 yards to the WYO 16,-1.2013587679710929,2025-09-21T03:13:28.000Z
401756897,4017568975,401756897102866801,5,3,Wyoming,Mountain West,0,Colorado,Big 12,7,Colorado,Wyoming,2,"{'minutes': 13, 'seconds': 31}",1.0,2.0,84,84,2,19,50,False,Rush,Samuel Harris run for 50 yds to the COLO 34 for a 1ST down,4.342387726778744,2025-09-21T03:16:33.000Z
401756897,4017568975,401756897102869701,5,4,Wyoming,Mountain West,0,Colorado,Big 12,7,Colorado,Wyoming,2,"{'minutes': 13, 'seconds': 2}",1.0,2.0,34,34,1,10,2,False,Rush,Samuel Harris run for 2 yds to the COLO 32,-0.3527156300054807,2025-09-21T03:17:01.000Z
401756897,4017568975,401756897102877601,5,5,Wyoming,Mountain West,0,Colorado,Big 12,7,Colorado,Wyoming,2,"{'minutes': 12, 'seconds': 23}",1.0,2.0,32,32,2,8,9,False,Pass Reception,Kaden Anderson pass complete to Jaylan Bean for 9 yds to the COLO 23 for a 1ST down,0.6254641128479222,2025-09-21T03:17:30.000Z
401756897,4017568975,401756897102884201,5,6,Wyoming,Mountain West,0,Colorado,Big 12,7,Colorado,Wyoming,2,"{'minutes': 11, 'seconds': 57}",1.0,2.0,23,23,1,10,2,False,Rush,Sam Scott run for 2 yds to the COLO 21,-0.2265058372460335,2025-09-21T03:18:11.000Z
401756897,4017568975,401756897102888701,5,7,Wyoming,Mountain West,0,Colorado,Big 12,7,Colorado,Wyoming,2,"{'minutes': 11, 'seconds': 12}",1.0,2.0,21,21,2,8,13,False,Pass Reception,Kaden Anderson pass complete to Sam Scott for 13 yds to the COLO 8 for a 1ST down,0.57088394661757,2025-09-21T03:18:50.000Z
401756897,4017568975,401756897102897901,5,9,Wyoming,Mountain West,0,Colorado,Big 12,7,Colorado,Wyoming,2,"{'minutes': 10, 'seconds': 20}",1.0,2.0,13,13,1,13,3,False,Rush,Sam Scott run for 3 yds to the COLO 10,-0.0784639824664716,2025-09-21T03:20:09.000Z
401756897,4017568975,401756897102905201,5,10,Wyoming,Mountain West,0,Colorado,Big 12,7,Colorado,Wyoming,2,"{'minutes': 9, 'seconds': 47}",1.0,2.0,10,10,2,10,0,False,Pass Incompletion,Kaden Anderson pass incomplete to Chris Durr Jr.,-0.2792458253567104,2025-09-21T03:20:30.000Z
401756897,4017568975,401756897102905701,5,12,Wyoming,Mountain West,0,Colorado,Big 12,7,Colorado,Wyoming,2,"{'minutes': 9, 'seconds': 42}",1.0,1.0,10,10,3,10,0,False,Pass Incompletion,Kaden Anderson pass incomplete to Jaylan Bean,-0.435155339591331,2025-09-21T03:24:53.000Z
401756897,4017568976,401756897102906501,6,1,Wyoming,Mountain West,3,Colorado,Big 12,7,Colorado,Wyoming,2,"{'minutes': 9, 'seconds': 34}",1.0,1.0,65,65,1,10,19,False,Kickoff Return (Offense),"Bart Edmiston kickoff for 65 yds , Quentin Gibson return for 19 yds to the COLO 19",,2025-09-21T03:27:02.000Z
401756897,4017568976,401756897102907401,6,2,Colorado,Big 12,7,Wyoming,Mountain West,3,Colorado,Wyoming,2,"{'minutes': 9, 'seconds': 25}",1.0,1.0,19,81,1,10,3,False,Rush,Micah Welch run for 3 yds to the COLO 22,-0.2256553240907335,2025-09-21T03:27:46.000Z
401756897,4017568976,401756897102914801,6,3,Colorado,Big 12,7,Wyoming,Mountain West,3,Colorado,Wyoming,2,"{'minutes': 8, 'seconds': 51}",1.0,1.0,22,78,2,7,9,False,Pass Reception,Kaidon Salter pass complete to Micah Welch for 9 yds to the COLO 31 for a 1ST down,1.0569838399784803,2025-09-21T03:28:21.000Z
401756897,4017568976,401756897102917301,6,4,Colorado,Big 12,7,Wyoming,Mountain West,3,Colorado,Wyoming,2,"{'minutes': 8, 'seconds': 26}",1.0,1.0,31,69,1,10,0,False,Pass Incompletion,Kaidon Salter pass incomplete to Omarion Miller,-0.8947814664467213,2025-09-21T03:28:46.000Z
401756897,4017568976,401756897102918201,6,5,Colorado,Big 12,7,Wyoming,Mountain West,3,Colorado,Wyoming,2,"{'minutes': 8, 'seconds': 17}",1.0,1.0,31,69,2,10,1,False,Rush,Kaidon Salter run for 1 yd to the COLO 32,-0.40896083370612857,2025-09-21T03:29:33.000Z
401756897,4017568976,401756897102926201,6,6,Colorado,Big 12,14,Wyoming,Mountain West,3,Colorado,Wyoming,2,"{'minutes': 7, 'seconds': 37}",1.0,1.0,32,68,3,9,68,True,Passing Touchdown,Kaidon Salter pass complete to Sincere Brown for 68 yds for a TD (Alejandro Mata KICK),6.9110333052679,2025-09-21T03:30:20.000Z
401756897,4017568977,401756897102926203,7,1,Colorado,Big 12,14,Wyoming,Mountain West,3,Colorado,Wyoming,2,"{'minutes': 7, 'seconds': 37}",1.0,1.0,35,65,1,10,0,False,Kickoff,Buck Buchanan kickoff for 65 yds for a touchback,,2025-09-21T03:30:20.000Z
401756897,4017568977,401756897102934802,7,4,Wyoming,Mountain West,3,Colorado,Big 12,14,Colorado,Wyoming,2,"{'minutes': 6, 'seconds': 51}",1.0,1.0,75,75,3,10,-10,False,Penalty,"(06:58) No Huddle-Shotgun Anderson,Kaden rush right for 10 yards gain to the WYO35 (Hodge,Preston), out of bounds PENALTY WYO Holding (Barnett,Caden) 10 yards from WYO25 to WYO15. NO PLAY.",,2025-09-21T03:36:33.000Z
401756897,4017568977,401756897102944901,7,6,Wyoming,Mountain West,3,Colorado,Big 12,14,Colorado,Wyoming,2,"{'minutes': 5, 'seconds': 50}",1.0,1.0,74,74,4,9,12,False,Punt,"Bart Edmiston punt for 53 yds , Quentin Gibson returns for 12 yds to the COLO 33",,2025-09-21T03:38:42.000Z
401756897,4017568977,401756897102927301,7,2,Wyoming,Mountain West,3,Colorado,Big 12,14,Colorado,Wyoming,2,"{'minutes': 7, 'seconds': 26}",1.0,1.0,75,75,1,10,0,False,Pass Reception,Kaden Anderson pass complete to Chris Durr Jr. for no gain to the WYO 25,-0.7029700220436519,2025-09-21T03:35:25.000Z
401756897,4017568977,401756897102934101,7,3,Wyoming,Mountain West,3,Colorado,Big 12,14,Colorado,Wyoming,2,"{'minutes': 6, 'seconds': 58}",1.0,1.0,75,75,2,10,0,False,Pass Incompletion,Kaden Anderson pass incomplete to Justin Erb,-0.34710487712173865,2025-09-21T03:35:44.000Z
401756897,4017568977,401756897102936401,7,5,Wyoming,Mountain West,3,Colorado,Big 12,14,Colorado,Wyoming,2,"{'minutes': 6, 'seconds': 35}",1.0,1.0,85,85,3,20,11,False,Rush,Samuel Harris run for 11 yds to the WYO 26,0.10013672920589654,2025-09-21T03:37:58.000Z
401756897,4017568978,401756897102965901,8,6,Colorado,Big 12,14,Wyoming,Mountain West,3,Colorado,Wyoming,2,"{'minutes': 3, 'seconds': 40}",0.0,1.0,65,35,4,7,0,False,Timeout,"Timeout Colorado, clock 03:40",,2025-09-21T03:05:18.000Z
401756897,4017568978,401756897102966604,8,9,Colorado,Big 12,14,Wyoming,Mountain West,3,Colorado,Wyoming,2,"{'minutes': 3, 'seconds': 33}",0.0,1.0,65,35,4,7,15,False,Penalty,"(03:37) No Huddle-Shotgun Salter,Kaidon pass incomplete deep left to Miller,Omarion thrown to WYO00 broken up by Grant,Markie PENALTY WYO Pass Interference (Grant,Markie) 15 yards from WYO35 to WYO20, 1ST DOWN. NO PLAY.",,2025-09-21T03:44:35.000Z
401756897,4017568978,401756897102945801,8,1,Colorado,Big 12,14,Wyoming,Mountain West,3,Colorado,Wyoming,2,"{'minutes': 5, 'seconds': 41}",1.0,1.0,33,67,1,10,16,False,Pass Reception,Kaidon Salter pass complete to Dre'lon Miller for 16 yds to the COLO 49 for a 1ST down,1.5056894652482098,2025-09-21T03:39:41.000Z
401756897,4017568978,401756897102948501,8,2,Colorado,Big 12,14,Wyoming,Mountain West,3,Colorado,Wyoming,2,"{'minutes': 5, 'seconds': 14}",1.0,1.0,49,51,1,10,4,False,Rush,Dekalon Taylor run for 4 yds to the WYO 47,-0.1462695033279216,2025-09-21T03:40:12.000Z
401756897,4017568978,401756897102955001,8,3,Colorado,Big 12,14,Wyoming,Mountain West,3,Colorado,Wyoming,2,"{'minutes': 4, 'seconds': 49}",1.0,1.0,53,47,2,6,9,False,Pass Reception,Kaidon Salter pass complete to Hykeem Williams for 9 yds to the WYO 38 for a 1ST down,0.9750440586356726,2025-09-21T03:40:37.000Z
401756897,4017568978,401756897102957301,8,4,Colorado,Big 12,14,Wyoming,Mountain West,3,Colorado,Wyoming,2,"{'minutes': 4, 'seconds': 26}",1.0,1.0,62,38,1,10,3,False,Rush,Dekalon Taylor run for 3 yds to the WYO 35,-0.247403115532039,2025-09-21T03:41:17.000Z
401756897,4017568978,401756897102965001,8,5,Colorado,Big 12,14,Wyoming,Mountain West,3,Colorado,Wyoming,2,"{'minutes': 3, 'seconds': 49}",1.0,1.0,65,35,2,7,0,False,Pass Incompletion,Kaidon Salter pass incomplete to Dre'lon Miller,-0.873700167098937,2025-09-21T03:41:41.000Z
401756897,4017568978,401756897102966001,8,7,Colorado,Big 12,14,Wyoming,Mountain West,3,Colorado,Wyoming,2,"{'minutes': 3, 'seconds': 39}",0.0,1.0,65,35,3,7,0,False,Pass Incompletion,Kaidon Salter pass incomplete,-1.036920883871769,2025-09-21T03:42:27.000Z
401756897,4017568978,401756897102966601,8,8,Colorado,Big 12,14,Wyoming,Mountain West,3,Colorado,Wyoming,2,"{'minutes': 3, 'seconds': 33}",0.0,1.0,65,35,4,7,0,False,Pass Incompletion,Kaidon Salter pass incomplete to Omarion Miller,-1.7473831849120671,2025-09-21T03:44:35.000Z
401756897,4017568978,401756897102967901,8,10,Colorado,Big 12,14,Wyoming,Mountain West,3,Colorado,Wyoming,2,"{'minutes': 3, 'seconds': 20}",0.0,1.0,80,20,1,10,19,False,Pass Reception,Kaidon Salter pass complete to Omarion Miller for 19 yds to the WYO 1 for a 1ST down,1.679906453911256,2025-09-21T03:45:43.000Z
401756897,4017568978,401756897102969101,8,11,Colorado,Big 12,21,Wyoming,Mountain West,3,Colorado,Wyoming,2,"{'minutes': 3, 'seconds': 8}",0.0,1.0,99,1,1,1,1,True,Rushing Touchdown,Simeon Price run for 1 yd for a TD (Alejandro Mata KICK),0.938021275120443,2025-09-21T03:46:00.000Z
401756897,4017568979,401756897102969103,9,1,Colorado,Big 12,21,Wyoming,Mountain West,3,Colorado,Wyoming,2,"{'minutes': 3, 'seconds': 8}",0.0,1.0,35,65,1,10,0,False,Kickoff,Buck Buchanan kickoff for 65 yds for a touchback,,2025-09-21T03:46:00.000Z
401756897,4017568979,401756897102979901,9,4,Wyoming,Mountain West,3,Colorado,Big 12,21,Colorado,Wyoming,2,"{'minutes': 2, 'seconds': 0}",1.0,-1.0,48,48,1,10,0,False,Timeout,"Timeout Colorado, clock 02:00",,2025-09-21T03:05:18.000Z
401756897,4017568979,401756897102988201,9,8,Wyoming,Mountain West,3,Colorado,Big 12,21,Colorado,Wyoming,2,"{'minutes': 1, 'seconds': 17}",1.0,-1.0,50,50,4,12,0,False,Punt,"Bart Edmiston punt for 35 yds, punt out-of-bounds at the COLO 15",,2025-09-21T03:55:42.000Z
401756897,4017568979,401756897102969801,9,2,Wyoming,Mountain West,3,Colorado,Big 12,21,Colorado,Wyoming,2,"{'minutes': 3, 'seconds': 1}",1.0,0.0,75,75,1,10,0,False,Rush,Samuel Harris run for no gain to the WYO 25,-0.7029700220436519,2025-09-21T03:48:55.000Z
401756897,4017568979,401756897102978201,9,3,Wyoming,Mountain West,3,Colorado,Big 12,21,Colorado,Wyoming,2,"{'minutes': 2, 'seconds': 17}",1.0,0.0,75,75,2,10,27,False,Pass Reception,Kaden Anderson pass complete to Evan Svoboda for 27 yds to the COLO 48 for a 1ST down,3.0944913054850165,2025-09-21T03:49:41.000Z
401756897,4017568979,401756897102984601,9,5,Wyoming,Mountain West,3,Colorado,Big 12,21,Colorado,Wyoming,2,"{'minutes': 1, 'seconds': 53}",1.0,-1.0,48,48,1,10,-2,False,Rush,Samuel Harris run for a loss of 2 yards to the 50 yard line,-1.53945848137292,2025-09-21T03:53:47.000Z
401756897,4017568979,401756897102986701,9,6,Wyoming,Mountain West,3,Colorado,Big 12,21,Colorado,Wyoming,2,"{'minutes': 1, 'seconds': 32}",1.0,-1.0,50,50,2,12,0,False,Pass Incompletion,Kaden Anderson pass incomplete to Michael Fitzgerald,-0.9523184172996871,2025-09-21T03:54:05.000Z
401756897,4017568979,401756897102987301,9,7,Wyoming,Mountain West,3,Colorado,Big 12,21,Colorado,Wyoming,2,"{'minutes': 1, 'seconds': 26}",1.0,-1.0,50,50,3,12,0,False,Pass Incompletion,Kaden Anderson pass incomplete to Bricen Brantley,-0.6210901835874116,2025-09-21T03:55:17.000Z
401756897,40175689710,401756897102999001,10,6,Colorado,Big 12,21,Wyoming,Mountain West,3,Colorado,Wyoming,2,"{'minutes': 0, 'seconds': 9}",-1.0,1.0,35,65,4,5,16,False,Punt,"Damon Greaves punt for 59 yds, punt out-of-bounds at the WYO 22 , Andrew Johnson returns for 16 yds to the WYO 22",,2025-09-20T04:00:41.000Z
401756897,40175689710,401756897102994002,10,2,Colorado,Big 12,21,Wyoming,Mountain West,3,Colorado,Wyoming,2,"{'minutes': 0, 'seconds': 59}",-1.0,1.0,15,85,2,10,15,False,Penalty,"(01:07) No Huddle-Shotgun Salter,Kaidon pass incomplete short right thrown to COLO19 PENALTY WYO Roughing The Passer (Westland,Tyce) 15 yards from COLO15 to COLO30, 1ST DOWN. NO PLAY.",,2025-09-21T03:57:16.000Z
401756897,40175689710,401756897102989201,10,1,Colorado,Big 12,21,Wyoming,Mountain West,3,Colorado,Wyoming,2,"{'minutes': 1, 'seconds': 7}",-1.0,1.0,15,85,1,10,0,False,Pass Incompletion,Kaidon Salter pass incomplete,-0.4404078956667625,2025-09-21T03:56:29.000Z
401756897,40175689710,401756897102995101,10,3,Colorado,Big 12,21,Wyoming,Mountain West,3,Colorado,Wyoming,2,"{'minutes': 0, 'seconds': 48}",-1.0,1.0,30,70,1,10,5,False,Pass Reception,Kaidon Salter pass complete to Isaiah Hardge for 5 yds to the COLO 35,0.1029188553265588,2025-09-21T03:58:21.000Z
401756897,40175689710,401756897102997501,10,4,Colorado,Big 12,21,Wyoming,Mountain West,3,Colorado,Wyoming,2,"{'minutes': 0, 'seconds': 24}",-1.0,1.0,35,65,2,5,0,False,Pass Incompletion,Kaidon Salter pass incomplete to Omarion Miller,-0.9147012934951732,2025-09-21T03:58:49.000Z
401756897,40175689710,401756897102997901,10,5,Colorado,Big 12,21,Wyoming,Mountain West,3,Colorado,Wyoming,2,"{'minutes': 0, 'seconds': 20}",-1.0,1.0,35,65,3,5,0,False,Pass Incompletion,Kaidon Salter pass incomplete,-0.4881067539127617,2025-09-21T03:59:29.000Z
401756897,40175689711,401756897102999602,11,1,Wyoming,Mountain West,3,Colorado,Big 12,21,Colorado,Wyoming,2,"{'minutes': 0, 'seconds': 0}",1.0,-1.0,78,78,0,10,0,False,End of Half,End of 2nd Quarter,,2025-09-20T04:01:18.000Z
401756897,40175689711,401756897102999901,11,2,Wyoming,Mountain West,3,Colorado,Big 12,21,Colorado,Wyoming,2,"{'minutes': 0, 'seconds': 0}",1.0,-1.0,78,78,1,10,-1,False,Rush,K. Anderson takes a knee,-0.6976759159638721,2025-09-20T04:01:18.000Z
401756897,40175689712,401756897103849903,12,1,Wyoming,Mountain West,3,Colorado,Big 12,21,Colorado,Wyoming,3,"{'minutes': 15, 'seconds': 0}",3.0,3.0,65,65,1,10,0,False,Kickoff,Bart Edmiston kickoff for 65 yds for a touchback,,2025-09-20T04:22:41.000Z
401756897,40175689712,401756897103854401,12,2,Colorado,Big 12,21,Wyoming,Mountain West,3,Colorado,Wyoming,3,"{'minutes': 14, 'seconds': 55}",3.0,3.0,25,75,1,10,8,False,Rush,Micah Welch run for 8 yds to the COLO 33,0.9104368550610653,2025-09-20T04:24:03.000Z
401756897,40175689712,401756897103857101,12,3,Colorado,Big 12,21,Wyoming,Mountain West,3,Colorado,Wyoming,3,"{'minutes': 14, 'seconds': 28}",3.0,3.0,33,67,2,2,20,False,Rush,Kaidon Salter run for 20 yds to the WYO 47 for a 1ST down,1.5541160233938263,2025-09-20T04:24:52.000Z
401756897,40175689712,401756897103864401,12,4,Colorado,Big 12,28,Wyoming,Mountain West,3,Colorado,Wyoming,3,"{'minutes': 13, 'seconds': 55}",3.0,3.0,53,47,1,10,47,True,Passing Touchdown,Kaidon Salter pass complete to Joseph Williams for 47 yds for a TD (Alejandro Mata KICK),3.61320224126643,2025-09-20T04:25:26.000Z
401756897,40175689713,401756897103864403,13,1,Colorado,Big 12,28,Wyoming,Mountain West,3,Colorado,Wyoming,3,"{'minutes': 13, 'seconds': 55}",3.0,3.0,35,65,1,10,0,False,Kickoff,Buck Buchanan kickoff for 65 yds for a touchback,,2025-09-20T04:29:33.000Z
401756897,40175689713,401756897103865701,13,2,Wyoming,Mountain West,3,Colorado,Big 12,28,Colorado,Wyoming,3,"{'minutes': 13, 'seconds': 42}",3.0,3.0,75,75,1,10,13,False,Pass Reception,Kaden Anderson pass complete to Terron Kellman for 13 yds to the WYO 38 for a 1ST down,1.124751479041831,2025-09-20T04:30:25.000Z
401756897,40175689713,401756897103868501,13,3,Wyoming,Mountain West,3,Colorado,Big 12,28,Colorado,Wyoming,3,"{'minutes': 13, 'seconds': 14}",3.0,3.0,62,62,1,10,6,False,Rush,Kaden Anderson run for 6 yds to the WYO 44,0.4029960638370333,2025-09-20T04:31:10.000Z
401756897,40175689713,401756897103875901,13,4,Wyoming,Mountain West,3,Colorado,Big 12,28,Colorado,Wyoming,3,"{'minutes': 12, 'seconds': 40}",3.0,3.0,56,56,2,4,0,False,Pass Incompletion,Kaden Anderson pass incomplete to Eric Richardson,-1.2163632926376238,2025-09-20T04:31:41.000Z
401756897,40175689713,401756897103877401,13,5,Wyoming,Mountain West,10,Colorado,Big 12,28,Colorado,Wyoming,3,"{'minutes': 12, 'seconds': 25}",3.0,3.0,41,41,1,10,41,True,Passing Touchdown,Kaden Anderson pass complete to Eric Richardson for 41 yds for a TD (Erik Sandvik KICK),3.2405196258965194,2025-09-20T04:37:31.000Z
401756897,40175689714,401756897103878401,14,1,Wyoming,Mountain West,10,Colorado,Big 12,28,Colorado,Wyoming,3,"{'minutes': 12, 'seconds': 15}",3.0,3.0,65,65,1,10,46,False,Kickoff Return (Offense),"Bart Edmiston kickoff for 65 yds , Quentin Gibson return for 46 yds to the COLO 46",,2025-09-20T04:40:05.000Z
401756897,40175689714,401756897103889501,14,4,Colorado,Big 12,28,Wyoming,Mountain West,10,Colorado,Wyoming,3,"{'minutes': 11, 'seconds': 4}",3.0,3.0,53,47,3,3,-5,False,Penalty,"(11:04) PENALTY COLO False Start (Harden,Kareem) 5 yards from WYO47 to COLO48. NO PLAY.",,2025-09-20T04:41:54.000Z
401756897,40175689714,401756897103904401,14,6,Colorado,Big 12,28,Wyoming,Mountain West,10,Colorado,Wyoming,3,"{'minutes': 9, 'seconds': 55}",3.0,3.0,52,48,4,4,0,False,Punt,Damon Greaves punt for 40 yds,,2025-09-20T04:43:22.000Z
401756897,40175689714,401756897103879001,14,2,Colorado,Big 12,28,Wyoming,Mountain West,10,Colorado,Wyoming,3,"{'minutes': 12, 'seconds': 9}",3.0,3.0,46,54,1,10,-1,False,Rush,Dekalon Taylor run for a loss of 1 yard to the COLO 45,-1.3849425437606688,2025-09-20T04:40:40.000Z
401756897,40175689714,401756897103886501,14,3,Colorado,Big 12,28,Wyoming,Mountain West,10,Colorado,Wyoming,3,"{'minutes': 11, 'seconds': 34}",3.0,3.0,45,55,2,11,8,False,Pass Reception,Kaidon Salter pass complete to Omarion Miller for 8 yds to the WYO 47,0.8004191134821959,2025-09-20T04:41:18.000Z
401756897,40175689714,401756897103896701,14,5,Colorado,Big 12,28,Wyoming,Mountain West,10,Colorado,Wyoming,3,"{'minutes': 10, 'seconds': 32}",3.0,3.0,48,52,3,8,4,False,Pass Reception,Kaidon Salter pass complete to Omarion Miller for 4 yds to the WYO 48,-0.1357821209208724,2025-09-20T04:42:35.000Z
401756897,40175689715,401756897103966901,15,13,Wyoming,Mountain West,13,Colorado,Big 12,28,Colorado,Wyoming,3,"{'minutes': 3, 'seconds': 30}",3.0,3.0,19,19,4,9,38,True,Field Goal Good,Erik Sandvik 38 yd FG GOOD,,2025-09-20T04:54:18.000Z
401756897,40175689715,401756897103905101,15,1,Wyoming,Mountain West,10,Colorado,Big 12,28,Colorado,Wyoming,3,"{'minutes': 9, 'seconds': 48}",3.0,3.0,92,92,1,10,3,False,Rush,Samuel Harris run for 3 yds to the WYO 11,-0.13240028095198575,2025-09-20T04:46:54.000Z
401756897,40175689715,401756897103908701,15,2,Wyoming,Mountain West,10,Colorado,Big 12,28,Colorado,Wyoming,3,"{'minutes': 9, 'seconds': 12}",3.0,3.0,89,89,2,7,10,False,Rush,Samuel Harris run for 10 yds to the WYO 21 for a 1ST down,0.6505707653258366,2025-09-20T04:47:34.000Z
401756897,40175689715,401756897103916901,15,3,Wyoming,Mountain West,10,Colorado,Big 12,28,Colorado,Wyoming,3,"{'minutes': 8, 'seconds': 30}",3.0,3.0,79,79,1,10,32,False,Pass Reception,Kaden Anderson pass complete to Chris Durr Jr. for 32 yds to the COLO 47 for a 1ST down,2.7173325485507256,2025-09-20T04:48:12.000Z
401756897,40175689715,401756897103924401,15,4,Wyoming,Mountain West,10,Colorado,Big 12,28,Colorado,Wyoming,3,"{'minutes': 7, 'seconds': 55}",3.0,3.0,47,47,1,10,4,False,Rush,Samuel Harris run for 4 yds to the COLO 43,-0.126781416396501,2025-09-20T04:48:57.000Z
401756897,40175689715,401756897103927801,15,5,Wyoming,Mountain West,10,Colorado,Big 12,28,Colorado,Wyoming,3,"{'minutes': 7, 'seconds': 21}",3.0,3.0,43,43,2,6,5,False,Pass Reception,Kaden Anderson pass complete to Chris Durr Jr. for 5 yds to the COLO 38,0.0997040716710453,2025-09-20T04:49:25.000Z
401756897,40175689715,401756897103937001,15,6,Wyoming,Mountain West,10,Colorado,Big 12,28,Colorado,Wyoming,3,"{'minutes': 6, 'seconds': 29}",3.0,3.0,38,38,3,1,6,False,Rush,Evan Svoboda run for 6 yds to the COLO 32 for a 1ST down,0.7687601604029233,2025-09-20T04:50:11.000Z
401756897,40175689715,401756897103939201,15,7,Wyoming,Mountain West,10,Colorado,Big 12,28,Colorado,Wyoming,3,"{'minutes': 6, 'seconds': 7}",3.0,3.0,32,32,1,10,6,False,Rush,Sam Scott run for 6 yds to the COLO 26,0.2192055064438754,2025-09-20T04:50:41.000Z
401756897,40175689715,401756897103947001,15,8,Wyoming,Mountain West,10,Colorado,Big 12,28,Colorado,Wyoming,3,"{'minutes': 5, 'seconds': 29}",3.0,3.0,26,26,2,4,3,False,Rush,Sam Scott run for 3 yds to the COLO 23,-0.1948348121065365,2025-09-20T04:51:14.000Z
401756897,40175689715,401756897103954901,15,9,Wyoming,Mountain West,10,Colorado,Big 12,28,Colorado,Wyoming,3,"{'minutes': 4, 'seconds': 50}",3.0,3.0,23,23,3,1,3,False,Rush,Evan Svoboda run for 3 yds to the COLO 20 for a 1ST down,0.2292210022199245,2025-09-20T04:51:55.000Z
401756897,40175689715,401756897103957901,15,10,Wyoming,Mountain West,10,Colorado,Big 12,28,Colorado,Wyoming,3,"{'minutes': 4, 'seconds': 20}",3.0,3.0,20,20,1,10,0,False,Pass Incompletion,Kaden Anderson pass incomplete to Chris Durr Jr.,-0.374805786232315,2025-09-20T04:52:20.000Z
401756897,40175689715,401756897103958601,15,11,Wyoming,Mountain West,10,Colorado,Big 12,28,Colorado,Wyoming,3,"{'minutes': 4, 'seconds': 13}",3.0,3.0,20,20,2,10,1,False,Rush,Samuel Harris run for 1 yd to the COLO 19,-0.352770739310687,2025-09-20T04:53:11.000Z
401756897,40175689715,401756897103966501,15,12,Wyoming,Mountain West,10,Colorado,Big 12,28,Colorado,Wyoming,3,"{'minutes': 3, 'seconds': 34}",3.0,3.0,19,19,3,9,0,False,Pass Incompletion,Kaden Anderson pass incomplete to Eric Richardson,-0.670831592610355,2025-09-20T04:53:40.000Z
401756897,40175689716,401756897103967501,16,1,Wyoming,Mountain West,13,Colorado,Big 12,28,Colorado,Wyoming,3,"{'minutes': 3, 'seconds': 24}",3.0,3.0,65,65,1,10,27,False,Kickoff Return (Offense),"Bart Edmiston kickoff for 60 yds , Quentin Gibson return for 27 yds to the COLO 32",,2025-09-20T04:58:31.000Z
401756897,40175689716,401756897103968201,16,2,Colorado,Big 12,28,Wyoming,Mountain West,13,Colorado,Wyoming,3,"{'minutes': 3, 'seconds': 17}",3.0,3.0,32,68,1,10,0,False,Pass Incompletion,Kaidon Salter pass incomplete to Sincere Brown,-0.9262377870973815,2025-09-20T04:59:16.000Z
401756897,40175689716,401756897103969101,16,3,Colorado,Big 12,28,Wyoming,Mountain West,13,Colorado,Wyoming,3,"{'minutes': 3, 'seconds': 8}",3.0,3.0,32,68,2,10,12,False,Pass Reception,Kaidon Salter pass complete to Hykeem Williams for 12 yds to the COLO 44 for a 1ST down,2.075365721359935,2025-09-20T05:00:04.000Z
401756897,40175689716,401756897103977201,16,4,Colorado,Big 12,28,Wyoming,Mountain West,13,Colorado,Wyoming,3,"{'minutes': 2, 'seconds': 27}",3.0,3.0,44,56,1,10,5,False,Pass Reception,Kaidon Salter pass complete to Hykeem Williams for 5 yds to the COLO 49,0.1087719603915716,2025-09-20T05:00:39.000Z
401756897,40175689716,401756897103984201,16,5,Colorado,Big 12,28,Wyoming,Mountain West,13,Colorado,Wyoming,3,"{'minutes': 1, 'seconds': 57}",3.0,3.0,49,51,2,5,6,False,Rush,Micah Welch run for 6 yds to the WYO 45 for a 1ST down,0.7848967359206664,2025-09-20T05:01:13.000Z
401756897,40175689716,401756897103988801,16,6,Colorado,Big 12,28,Wyoming,Mountain West,13,Colorado,Wyoming,3,"{'minutes': 1, 'seconds': 11}",3.0,3.0,55,45,1,10,44,False,Fumble Recovery (Opponent),"Micah Welch run for 44 yds to the WYO 1 Micah Welch fumbled, recovered by WYO Justin Taylor",-3.523485914932932,2025-09-20T05:02:38.000Z
401756897,40175689717,401756897103999902,17,3,Wyoming,Mountain West,13,Colorado,Big 12,28,Colorado,Wyoming,3,"{'minutes': 0, 'seconds': 0}",3.0,3.0,98,98,0,9,1,False,End Period,End of 3rd Quarter,,2025-09-20T05:04:19.000Z
401756897,40175689717,401756897103989601,17,1,Wyoming,Mountain West,13,Colorado,Big 12,28,Colorado,Wyoming,3,"{'minutes': 1, 'seconds': 3}",3.0,3.0,99,99,1,10,1,False,Rush,Terron Kellman run for 1 yd to the WYO 2,-0.20239104774718264,2025-09-20T05:03:30.000Z
401756897,40175689717,401756897103999901,17,2,Wyoming,Mountain West,13,Colorado,Big 12,28,Colorado,Wyoming,3,"{'minutes': 0, 'seconds': 0}",3.0,3.0,98,98,2,9,1,False,Rush,Terron Kellman run for 1 yd to the WYO 3,-0.10481452747240284,2025-09-20T05:04:19.000Z
401756897,40175689717,401756897104854401,17,4,Wyoming,Mountain West,13,Colorado,Big 12,30,Colorado,Wyoming,4,"{'minutes': 14, 'seconds': 55}",3.0,3.0,97,97,3,8,-3,True,Safety,Kaden Anderson sacked by Arden Walker for a loss of 3 yards for a SAFETY,-1.7011145729110053,2025-09-20T05:08:49.000Z
401756897,40175689718,401756897104854801,18,1,Wyoming,Mountain West,13,Colorado,Big 12,30,Colorado,Wyoming,4,"{'minutes': 14, 'seconds': 51}",3.0,3.0,80,80,1,10,20,False,Kickoff Return (Offense),"Bart Edmiston kickoff for 58 yds , Quentin Gibson return for 20 yds to the COLO 42",,2025-09-20T05:11:04.000Z
401756897,40175689718,401756897104887801,18,7,Colorado,Big 12,30,Wyoming,Mountain West,13,Colorado,Wyoming,4,"{'minutes': 11, 'seconds': 21}",3.0,3.0,84,16,4,5,34,False,Blocked Field Goal,Alejandro Mata 34 yd FG BLOCKED blocked by Aneesh Vyas,,2025-09-20T05:19:02.000Z
401756897,40175689718,401756897104855501,18,2,Colorado,Big 12,30,Wyoming,Mountain West,13,Colorado,Wyoming,4,"{'minutes': 14, 'seconds': 44}",3.0,3.0,42,58,1,10,4,False,Rush,Dekalon Taylor run for 4 yds to the COLO 46,-0.1665264279012551,2025-09-20T05:11:35.000Z
401756897,40175689718,401756897104859702,18,3,Colorado,Big 12,30,Wyoming,Mountain West,13,Colorado,Wyoming,4,"{'minutes': 14, 'seconds': 2}",3.0,3.0,46,54,2,6,33,False,Pass Reception,"Kaidon Salter pass complete to Terrell Timmons Jr. for 18 yds to the WYO 36 for a 1ST down Wyoming Penalty, Face Mask (15 yards) (Dainsus Miller) to the WYO 21 for a 1ST down",2.0959328261450776,2025-09-20T05:12:26.000Z
401756897,40175689718,401756897104866501,18,4,Colorado,Big 12,30,Wyoming,Mountain West,13,Colorado,Wyoming,4,"{'minutes': 13, 'seconds': 34}",3.0,3.0,79,21,1,10,4,False,Rush,Micah Welch run for 4 yds to the WYO 17,-0.0277001413248325,2025-09-20T05:13:19.000Z
401756897,40175689718,401756897104875001,18,5,Colorado,Big 12,30,Wyoming,Mountain West,13,Colorado,Wyoming,4,"{'minutes': 12, 'seconds': 49}",3.0,3.0,83,17,2,6,1,False,Rush,Kaidon Salter run for 1 yd to the WYO 16,-0.3173855583729615,2025-09-20T05:14:08.000Z
401756897,40175689718,401756897104884301,18,6,Colorado,Big 12,30,Wyoming,Mountain West,13,Colorado,Wyoming,4,"{'minutes': 11, 'seconds': 56}",3.0,3.0,84,16,3,5,3,False,Pass Reception,Kaidon Salter pass complete to Charlie Williams for 3 yds to the WYO 13,-0.1536544659775747,2025-09-20T05:14:57.000Z
401756897,40175689719,401756897104919701,19,6,Wyoming,Mountain West,13,Colorado,Big 12,30,Colorado,Wyoming,4,"{'minutes': 8, 'seconds': 2}",3.0,3.0,56,56,1,10,-5,False,Penalty,"PENALTY WYO Delay Of Game (Anderson,Kaden) 5 yards from WYO44 to WYO39. NO PLAY.",,2025-09-20T05:24:43.000Z
401756897,40175689719,401756897104915201,19,5,Wyoming,Mountain West,13,Colorado,Big 12,30,Colorado,Wyoming,4,"{'minutes': 8, 'seconds': 47}",3.0,3.0,60,60,3,4,4,False,Rush,Samuel Harris run for 4 yds to the WYO 44 for a 1ST down,1.71152261161612,2025-09-20T05:23:58.000Z
401756897,40175689719,401756897104926601,19,7,Wyoming,Mountain West,13,Colorado,Big 12,30,Colorado,Wyoming,4,"{'minutes': 7, 'seconds': 33}",3.0,3.0,61,61,1,15,16,False,Rush,Samuel Harris run for 16 yds to the COLO 45 for a 1ST down,2.1206504110530915,2025-09-20T05:25:17.000Z
401756897,40175689719,401756897104935101,19,8,Wyoming,Mountain West,13,Colorado,Big 12,30,Colorado,Wyoming,4,"{'minutes': 6, 'seconds': 48}",3.0,3.0,45,45,1,10,23,False,Pass Reception,Kaden Anderson pass complete to Sam Scott for 23 yds to the COLO 22 for a 1ST down,0.828891318418608,2025-09-20T05:26:03.000Z
401756897,40175689719,401756897104938101,19,9,Wyoming,Mountain West,13,Colorado,Big 12,30,Colorado,Wyoming,4,"{'minutes': 6, 'seconds': 18}",3.0,3.0,22,22,1,10,2,False,Rush,Sam Scott run for 2 yds to the COLO 20,-0.218895918192836,2025-09-20T05:26:37.000Z
401756897,40175689719,401756897104888501,19,1,Wyoming,Mountain West,13,Colorado,Big 12,30,Colorado,Wyoming,4,"{'minutes': 11, 'seconds': 14}",3.0,3.0,80,80,1,10,3,False,Rush,Samuel Harris run for 3 yds to the WYO 23,-0.2366097161141063,2025-09-20T05:21:24.000Z
401756897,40175689719,401756897104896001,19,2,Wyoming,Mountain West,13,Colorado,Big 12,30,Colorado,Wyoming,4,"{'minutes': 10, 'seconds': 39}",3.0,3.0,77,77,2,7,11,False,Rush,Chris Durr Jr. run for 11 yds to the WYO 34 for a 1ST down,1.2858981219895949,2025-09-20T05:21:58.000Z
401756897,40175689719,401756897104899701,19,3,Wyoming,Mountain West,13,Colorado,Big 12,30,Colorado,Wyoming,4,"{'minutes': 10, 'seconds': 2}",3.0,3.0,66,66,1,10,6,False,Pass Reception,Kaden Anderson pass complete to Chris Durr Jr. for 6 yds to the WYO 40,0.3949221212311402,2025-09-20T05:22:29.000Z
401756897,40175689719,401756897104909301,19,4,Wyoming,Mountain West,13,Colorado,Big 12,30,Colorado,Wyoming,4,"{'minutes': 9, 'seconds': 6}",3.0,3.0,60,60,2,4,0,False,Fumble Recovery (Own),"Samuel Harris run for no gain to the WYO 40 Samuel Harris fumbled, recovered by WYO Samuel Harris",-1.139858124496952,2025-09-20T05:23:27.000Z
401756897,40175689719,401756897104945101,19,10,Wyoming,Mountain West,13,Colorado,Big 12,30,Colorado,Wyoming,4,"{'minutes': 5, 'seconds': 48}",3.0,3.0,20,20,2,8,0,False,Pass Incompletion,Kaden Anderson pass incomplete to Samuel Harris,-0.4553733610177895,2025-09-20T05:27:10.000Z
401756897,40175689719,401756897104945601,19,11,Wyoming,Mountain West,13,Colorado,Big 12,30,Colorado,Wyoming,4,"{'minutes': 5, 'seconds': 43}",3.0,3.0,20,20,3,8,13,False,Rush,Samuel Harris run for 13 yds to the COLO 7 for a 1ST down,1.1251374155318745,2025-09-20T05:27:50.000Z
401756897,40175689719,401756897104949101,19,12,Wyoming,Mountain West,13,Colorado,Big 12,30,Colorado,Wyoming,4,"{'minutes': 5, 'seconds': 8}",3.0,3.0,7,7,1,7,0,False,Rush,Samuel Harris run for no gain to the COLO 7,-0.410393837690526,2025-09-20T05:28:28.000Z
401756897,40175689719,401756897104956001,19,13,Wyoming,Mountain West,13,Colorado,Big 12,30,Colorado,Wyoming,4,"{'minutes': 4, 'seconds': 39}",3.0,3.0,7,7,2,7,0,False,Pass Incompletion,Kaden Anderson pass incomplete to Michael Fitzgerald,-0.277446160702615,2025-09-20T05:28:48.000Z
401756897,40175689719,401756897104956701,19,14,Wyoming,Mountain West,20,Colorado,Big 12,30,Colorado,Wyoming,4,"{'minutes': 4, 'seconds': 32}",3.0,3.0,7,7,3,7,7,True,Passing Touchdown,Kaden Anderson pass complete to Chris Durr Jr. for 7 yds for a TD (Erik Sandvik KICK),2.884594628720352,2025-09-20T05:29:39.000Z
401756897,40175689720,401756897104956703,20,1,Wyoming,Mountain West,20,Colorado,Big 12,30,Colorado,Wyoming,4,"{'minutes': 4, 'seconds': 32}",3.0,3.0,65,65,1,10,0,False,Kickoff,Bart Edmiston kickoff for 47 yds fair catch by Tawfiq Byard at the COLO 25,,2025-09-20T05:29:39.000Z
401756897,40175689720,401756897104978802,20,6,Colorado,Big 12,30,Wyoming,Mountain West,20,Colorado,Wyoming,4,"{'minutes': 2, 'seconds': 11}",3.0,2.0,55,45,2,4,0,False,Timeout,"Timeout Wyoming, clock 02:11",,2025-09-20T05:40:02.000Z
401756897,40175689720,401756897104979901,20,8,Colorado,Big 12,30,Wyoming,Mountain West,20,Colorado,Wyoming,4,"{'minutes': 2, 'seconds': 0}",2.0,2.0,61,39,1,10,0,False,Timeout,"Timeout Colorado, clock 02:00",,2025-09-20T05:08:49.000Z
401756897,40175689720,401756897104984502,20,10,Colorado,Big 12,30,Wyoming,Mountain West,20,Colorado,Wyoming,4,"{'minutes': 1, 'seconds': 54}",2.0,1.0,65,35,2,6,0,False,Timeout,"Timeout Wyoming, clock 01:54",,2025-09-20T05:45:03.000Z
401756897,40175689720,401756897104957601,20,2,Colorado,Big 12,30,Wyoming,Mountain West,20,Colorado,Wyoming,4,"{'minutes': 4, 'seconds': 23}",3.0,3.0,25,75,1,10,10,False,Rush,Kaidon Salter run for 10 yds to the COLO 35 for a 1ST down,0.8350381090299867,2025-09-20T05:37:35.000Z
401756897,40175689720,401756897104965901,20,3,Colorado,Big 12,30,Wyoming,Mountain West,20,Colorado,Wyoming,4,"{'minutes': 3, 'seconds': 40}",3.0,3.0,35,65,1,10,2,False,Rush,Micah Welch run for 2 yds to the COLO 37,-0.63079683335922,2025-09-20T05:38:22.000Z
401756897,40175689720,401756897104974901,20,4,Colorado,Big 12,30,Wyoming,Mountain West,20,Colorado,Wyoming,4,"{'minutes': 2, 'seconds': 50}",3.0,3.0,37,63,2,8,12,False,Pass Reception,Kaidon Salter pass complete to Terrell Timmons Jr. for 12 yds to the COLO 49 for a 1ST down,1.9501466401576157,2025-09-20T05:39:13.000Z
401756897,40175689720,401756897104978801,20,5,Colorado,Big 12,30,Wyoming,Mountain West,20,Colorado,Wyoming,4,"{'minutes': 2, 'seconds': 11}",3.0,3.0,49,51,1,10,6,False,Pass Reception,Kaidon Salter pass complete to Quentin Gibson for 6 yds to the WYO 45,0.353216982318957,2025-09-20T05:39:57.000Z
401756897,40175689720,401756897104979401,20,7,Colorado,Big 12,30,Wyoming,Mountain West,20,Colorado,Wyoming,4,"{'minutes': 2, 'seconds': 5}",3.0,2.0,55,45,2,4,6,False,Rush,Dallan Hayden run for 6 yds to the WYO 39 for a 1ST down,0.429711666642431,2025-09-20T05:41:03.000Z
401756897,40175689720,401756897104984501,20,9,Colorado,Big 12,30,Wyoming,Mountain West,20,Colorado,Wyoming,4,"{'minutes': 1, 'seconds': 54}",2.0,2.0,61,39,1,10,4,False,Rush,Dallan Hayden run for 4 yds to the WYO 35,-0.0852102081894834,2025-09-20T05:45:03.000Z
401756897,40175689720,401756897104985301,20,11,Colorado,Big 12,37,Wyoming,Mountain West,20,Colorado,Wyoming,4,"{'minutes': 1, 'seconds': 46}",2.0,1.0,65,35,2,6,35,True,Rushing Touchdown,Kaidon Salter run for 35 yds for a TD (Alejandro Mata KICK),3.2256487631210344,2025-09-20T05:46:11.000Z
401756897,40175689721,401756897104999902,21,7,Wyoming,Mountain West,20,Colorado,Big 12,37,Colorado,Wyoming,4,"{'minutes': 0, 'seconds': 0}",1.0,2.0,61,61,0,10,2,False,End of Game,End of 4th Quarter,,2025-09-20T05:51:47.000Z
401756897,40175689721,401756897104985303,21,1,Colorado,Big 12,37,Wyoming,Mountain West,20,Colorado,Wyoming,4,"{'minutes': 1, 'seconds': 46}",2.0,1.0,35,65,1,10,0,False,Kickoff,Buck Buchanan kickoff for 65 yds for a touchback,,2025-09-20T05:46:11.000Z
401756897,40175689721,401756897104985701,21,2,Wyoming,Mountain West,20,Colorado,Big 12,37,Colorado,Wyoming,4,"{'minutes': 1, 'seconds': 42}",1.0,2.0,75,75,1,10,7,False,Rush,Landon Sims run for 7 yds to the WYO 32,0.604642460086338,2025-09-20T05:49:14.000Z
401756897,40175689721,401756897104986701,21,3,Wyoming,Mountain West,20,Colorado,Big 12,37,Colorado,Wyoming,4,"{'minutes': 1, 'seconds': 32}",1.0,2.0,68,68,2,3,2,False,Rush,Max White run for 2 yds to the WYO 34,-0.6276763220352857,2025-09-20T05:49:55.000Z
401756897,40175689721,401756897104994301,21,4,Wyoming,Mountain West,20,Colorado,Big 12,37,Colorado,Wyoming,4,"{'minutes': 0, 'seconds': 56}",1.0,2.0,66,66,3,1,-1,False,Rush,Landon Sims run for a loss of 1 yard to the WYO 33,-0.7978679889326434,2025-09-20T05:50:28.000Z
401756897,40175689721,401756897104998201,21,5,Wyoming,Mountain West,20,Colorado,Big 12,37,Colorado,Wyoming,4,"{'minutes': 0, 'seconds': 17}",1.0,2.0,67,67,4,2,6,False,Pass Reception,Landon Sims pass complete to Clay Nanke for 6 yds to the WYO 39 for a 1ST down,2.043640934138047,2025-09-20T05:51:13.000Z
401756897,40175689721,401756897104999901,21,6,Wyoming,Mountain West,20,Colorado,Big 12,37,Colorado,Wyoming,4,"{'minutes': 0, 'seconds': 0}",1.0,2.0,61,61,1,10,2,False,Rush,Max White run for 2 yds to the WYO 41,-0.673782181215797,2025-09-20T05:51:47.000Z
401760385,40176038515,401760385103849903,15,1,UNLV,Mountain West,24,Wyoming,Mountain West,3,Wyoming,UNLV,3,"{'minutes': 15, 'seconds': 0}",3.0,3.0,65,65,1,10,0,False,Kickoff,Caden Costa kickoff for 65 yds for a touchback,,2025-10-04T00:00:00.000Z
401760385,40176038515,401760385103849905,15,2,Wyoming,Mountain West,3,UNLV,Mountain West,24,Wyoming,UNLV,3,"{'minutes': 15, 'seconds': 0}",3.0,3.0,25,75,1,10,9,False,Pass Reception,Kaden Anderson pass complete to Jaylen Sargent for 9 yds to the WYO 34,1.252308359788624,2025-10-04T00:00:00.000Z
401760385,40176038515,401760385103849906,15,3,Wyoming,Mountain West,3,UNLV,Mountain West,24,Wyoming,UNLV,3,"{'minutes': 15, 'seconds': 0}",3.0,3.0,34,66,2,1,36,False,Pass Reception,Kaden Anderson pass complete to Sam Scott for 36 yds to the UNLV 30 for a 1ST down,2.0112036270099267,2025-10-04T00:00:00.000Z
401760385,40176038515,401760385103849907,15,4,Wyoming,Mountain West,3,UNLV,Mountain West,24,Wyoming,UNLV,3,"{'minutes': 15, 'seconds': 0}",3.0,3.0,70,30,1,10,9,False,Rush,Sam Scott run for 9 yds to the UNLV 21,0.687915414120443,2025-10-05T01:21:33.000Z
401760385,40176038515,401760385103849908,15,5,Wyoming,Mountain West,3,UNLV,Mountain West,24,Wyoming,UNLV,3,"{'minutes': 15, 'seconds': 0}",3.0,3.0,79,21,2,1,9,False,Pass Reception,Kaden Anderson pass complete to Eric Richardson for 9 yds to the UNLV 12 for a 1ST down,-0.4037668232335975,2025-10-05T01:21:33.000Z
401760385,40176038515,401760385103875301,15,6,Wyoming,Mountain West,10,UNLV,Mountain West,24,Wyoming,UNLV,3,"{'minutes': 12, 'seconds': 46}",3.0,3.0,88,12,1,10,12,True,Rushing Touchdown,Deion DeBlanc run for 12 yds for a TD (Erik Sandvik KICK),2.5300945420359255,2025-10-05T01:22:31.000Z
401760385,40176038516,401760385103875303,16,1,Wyoming,Mountain West,10,UNLV,Mountain West,24,Wyoming,UNLV,3,"{'minutes': 12, 'seconds': 46}",3.0,3.0,35,65,1,10,0,False,Kickoff,Bart Edmiston kickoff for 65 yds for a touchback,,2025-10-05T01:22:31.000Z
401760385,40176038516,401760385103907601,16,8,UNLV,Mountain West,24,Wyoming,Mountain West,10,Wyoming,UNLV,3,"{'minutes': 9, 'seconds': 23}",3.0,3.0,64,64,4,13,0,False,Punt,"Cameron Brown punt for 43 yds, fair catch by Charlie Coenen at the WYO 21",,2025-10-05T01:31:17.000Z
401760385,40176038516,401760385103875305,16,2,UNLV,Mountain West,24,Wyoming,Mountain West,10,Wyoming,UNLV,3,"{'minutes': 12, 'seconds': 46}",3.0,3.0,75,75,1,10,0,False,Pass Incompletion,Anthony Colandrea pass incomplete to DeAngelo Irvin Jr.,-0.7029700220436519,2025-10-05T01:22:31.000Z
401760385,40176038516,401760385103875306,16,3,UNLV,Mountain West,24,Wyoming,Mountain West,10,Wyoming,UNLV,3,"{'minutes': 12, 'seconds': 46}",3.0,3.0,75,75,2,10,4,False,Rush,Jai'Den Thomas run for 4 yds to the UNLV 29,-0.06222348980634162,2025-10-05T01:27:28.000Z
401760385,40176038516,401760385103875307,16,4,UNLV,Mountain West,24,Wyoming,Mountain West,10,Wyoming,UNLV,3,"{'minutes': 12, 'seconds': 46}",3.0,3.0,71,71,3,6,10,False,Pass Reception,Anthony Colandrea pass complete to Koy Moore for 10 yds to the UNLV 39 for a 1ST down,1.987932595106449,2025-10-05T01:27:28.000Z
401760385,40176038516,401760385103875308,16,5,UNLV,Mountain West,24,Wyoming,Mountain West,10,Wyoming,UNLV,3,"{'minutes': 12, 'seconds': 46}",3.0,3.0,61,61,1,10,5,False,Rush,Jai'Den Thomas run for 5 yds to the UNLV 44,0.1106253034395996,2025-10-05T01:27:28.000Z
401760385,40176038516,401760385103875309,16,6,UNLV,Mountain West,24,Wyoming,Mountain West,10,Wyoming,UNLV,3,"{'minutes': 12, 'seconds': 46}",3.0,3.0,56,56,2,5,-8,False,Sack,Anthony Colandrea sacked by Tyce Westland for a loss of 8 yards to the UNLV 36,-2.2211175092603614,2025-10-05T01:27:28.000Z
401760385,40176038516,401760385103875310,16,7,UNLV,Mountain West,24,Wyoming,Mountain West,10,Wyoming,UNLV,3,"{'minutes': 12, 'seconds': 46}",3.0,3.0,64,64,3,13,0,False,Pass Reception,Anthony Colandrea pass complete to DeAngelo Irvin Jr. for no gain to the UNLV 36,-0.24458611024503174,2025-10-05T01:27:28.000Z
401760385,40176038517,401760385103907609,17,7,Wyoming,Mountain West,10,UNLV,Mountain West,24,Wyoming,UNLV,3,"{'minutes': 9, 'seconds': 23}",3.0,3.0,68,32,1,10,-5,False,Penalty,"PENALTY WYO False Start (Schoenfeld,Isaac) 5 yards from UNLV32 to UNLV37. NO PLAY.",,2025-10-05T01:37:41.000Z
401760385,40176038517,401760385103959802,17,11,Wyoming,Mountain West,10,UNLV,Mountain West,24,Wyoming,UNLV,3,"{'minutes': 4, 'seconds': 1}",3.0,3.0,94,6,2,6,-15,False,Penalty,"No Huddle-Shotgun Anderson,Kaden pass complete short left to Scott,Sam caught at UNLV05, for 6 yards to the UNLV00 TOUCHDOWN nullified by penalty, clock 04:01 PENALTY WYO Pass Interference (Svoboda,Evan) 15 yards from UNLV06 to UNLV21. NO PLAY.",,2025-10-05T01:41:40.000Z
401760385,40176038517,401760385103965112,17,12,Wyoming,Mountain West,10,UNLV,Mountain West,24,Wyoming,UNLV,3,"{'minutes': 3, 'seconds': 48}",3.0,3.0,79,21,2,21,14,False,Penalty,"UNLV Penalty, Personal Foul (14 Yards) to the UNLV 14",,2025-10-05T01:48:17.000Z
401760385,40176038517,401760385103907603,17,1,Wyoming,Mountain West,10,UNLV,Mountain West,24,Wyoming,UNLV,3,"{'minutes': 9, 'seconds': 23}",3.0,3.0,21,79,1,10,8,False,Rush,Sam Scott run for 8 yds to the WYO 29,0.8218247388783606,2025-10-05T01:31:17.000Z
401760385,40176038517,401760385103907604,17,2,Wyoming,Mountain West,10,UNLV,Mountain West,24,Wyoming,UNLV,3,"{'minutes': 9, 'seconds': 23}",3.0,3.0,29,71,2,2,29,False,Pass Reception,Kaden Anderson pass complete to Jaylen Sargent for 29 yds to the UNLV 42 for a 1ST down,2.213774579366671,2025-10-05T01:31:17.000Z
401760385,40176038517,401760385103907605,17,3,Wyoming,Mountain West,10,UNLV,Mountain West,24,Wyoming,UNLV,3,"{'minutes': 9, 'seconds': 23}",3.0,3.0,58,42,1,10,0,False,Pass Incompletion,Kaden Anderson pass incomplete to Evan Svoboda,-0.908489395271188,2025-10-05T01:31:17.000Z
401760385,40176038517,401760385103907606,17,4,Wyoming,Mountain West,10,UNLV,Mountain West,24,Wyoming,UNLV,3,"{'minutes': 9, 'seconds': 23}",3.0,3.0,58,42,2,10,8,False,Pass Reception,Kaden Anderson pass complete to Isaac Schoenfeld for 8 yds to the UNLV 34,0.698922149234113,2025-10-05T01:31:17.000Z
401760385,40176038517,401760385103907607,17,5,Wyoming,Mountain West,10,UNLV,Mountain West,24,Wyoming,UNLV,3,"{'minutes': 9, 'seconds': 23}",3.0,3.0,66,34,3,2,0,False,Rush,Sam Scott run for no gain to the UNLV 34,-1.0075570992632186,2025-10-05T01:31:17.000Z
401760385,40176038517,401760385103907608,17,6,Wyoming,Mountain West,10,UNLV,Mountain West,24,Wyoming,UNLV,3,"{'minutes': 9, 'seconds': 23}",3.0,3.0,66,34,4,2,2,False,Rush,Deion DeBlanc run for 2 yds to the UNLV 32 for a 1ST down,1.640540391283455,2025-10-05T01:31:17.000Z
401760385,40176038517,401760385103907611,17,8,Wyoming,Mountain West,10,UNLV,Mountain West,24,Wyoming,UNLV,3,"{'minutes': 9, 'seconds': 23}",3.0,3.0,63,37,1,15,5,False,Rush,Sam Scott run for 5 yds to the UNLV 32,0.0507308895815246,2025-10-05T01:37:41.000Z
401760385,40176038517,401760385103907612,17,9,Wyoming,Mountain West,10,UNLV,Mountain West,24,Wyoming,UNLV,3,"{'minutes': 9, 'seconds': 23}",3.0,3.0,68,32,2,10,28,False,Pass Reception,Kaden Anderson pass complete to Terron Kellman for 28 yds to the UNLV 4 for a 1ST down,1.7915885740828537,2025-10-05T01:37:41.000Z
401760385,40176038517,401760385103907613,17,10,Wyoming,Mountain West,10,UNLV,Mountain West,24,Wyoming,UNLV,3,"{'minutes': 9, 'seconds': 23}",3.0,3.0,96,4,1,4,-2,False,Rush,Sam Scott run for a loss of 2 yards to the UNLV 6,-0.840476474067963,2025-10-05T01:37:41.000Z
401760385,40176038518,401760385103999501,18,9,UNLV,Mountain West,24,Wyoming,Mountain West,10,Wyoming,UNLV,3,"{'minutes': 0, 'seconds': 4}",2.0,3.0,53,53,4,2,0,False,Timeout,"Timeout UNLV, clock 00:04",,2025-10-05T01:21:33.000Z
401760385,40176038518,401760385103999503,18,10,UNLV,Mountain West,24,Wyoming,Mountain West,10,Wyoming,UNLV,3,"{'minutes': 0, 'seconds': 0}",2.0,3.0,53,53,0,2,0,False,End Period,End of 3rd Quarter,,2025-10-05T01:53:55.000Z
401760385,40176038518,401760385104875801,18,15,UNLV,Mountain West,24,Wyoming,Mountain West,10,Wyoming,UNLV,4,"{'minutes': 12, 'seconds': 41}",2.0,3.0,44,44,4,5,0,False,Punt,Cameron Brown punt for 44 yds for a touchback,,2025-10-05T02:00:01.000Z
401760385,40176038518,401760385103965106,18,1,UNLV,Mountain West,24,Wyoming,Mountain West,10,Wyoming,UNLV,3,"{'minutes': 3, 'seconds': 48}",3.0,3.0,76,76,3,10,15,False,Rush,Anthony Colandrea run for 15 yds to the UNLV 39 for a 1ST down,2.290727988249711,2025-10-05T01:48:17.000Z
401760385,40176038518,401760385103965109,18,2,UNLV,Mountain West,24,Wyoming,Mountain West,10,Wyoming,UNLV,3,"{'minutes': 3, 'seconds': 48}",3.0,3.0,61,61,1,10,0,False,Pass Incompletion,Anthony Colandrea pass incomplete to Taeshaun Lyons,-1.1077677360468863,2025-10-05T01:48:17.000Z
401760385,40176038518,401760385103965110,18,3,UNLV,Mountain West,24,Wyoming,Mountain West,10,Wyoming,UNLV,3,"{'minutes': 3, 'seconds': 48}",3.0,3.0,61,61,2,10,-1,False,Rush,Jai'Den Thomas run for a loss of 1 yard to the UNLV 38,-0.8317382488496756,2025-10-05T01:48:17.000Z
401760385,40176038518,401760385103965111,18,4,UNLV,Mountain West,24,Wyoming,Mountain West,10,Wyoming,UNLV,3,"{'minutes': 3, 'seconds': 48}",3.0,3.0,62,62,3,11,9,False,Rush,Anthony Colandrea run for 9 yds to the UNLV 47,0.5777622611269546,2025-10-05T01:48:17.000Z
401760385,40176038518,401760385103965115,18,5,UNLV,Mountain West,24,Wyoming,Mountain West,10,Wyoming,UNLV,3,"{'minutes': 3, 'seconds': 48}",3.0,3.0,86,86,1,10,3,False,Rush,Jai'Den Thomas run for 3 yds to the UNLV 17,-0.17692987996152973,2025-10-05T01:48:17.000Z
401760385,40176038518,401760385103965116,18,6,UNLV,Mountain West,24,Wyoming,Mountain West,10,Wyoming,UNLV,3,"{'minutes': 3, 'seconds': 48}",3.0,3.0,83,83,2,7,7,False,Rush,Jai'Den Thomas run for 7 yds to the UNLV 24 for a 1ST down,0.6913783528746382,2025-10-05T01:48:17.000Z
401760385,40176038518,401760385103965119,18,7,UNLV,Mountain West,24,Wyoming,Mountain West,10,Wyoming,UNLV,3,"{'minutes': 3, 'seconds': 48}",3.0,3.0,76,76,1,10,0,False,Pass Incompletion,Anthony Colandrea pass incomplete to Jaden Bradley,-0.6723571521309859,2025-10-05T01:48:17.000Z
401760385,40176038518,401760385103965120,18,8,UNLV,Mountain West,24,Wyoming,Mountain West,10,Wyoming,UNLV,3,"{'minutes': 3, 'seconds': 48}",3.0,3.0,76,76,2,10,0,False,Pass Incompletion,Anthony Colandrea pass incomplete to Nick Elksnis,-0.3277685291678001,2025-10-05T01:48:17.000Z
401760385,40176038518,401760385103999901,18,11,UNLV,Mountain West,24,Wyoming,Mountain West,10,Wyoming,UNLV,3,"{'minutes': 0, 'seconds': 0}",2.0,3.0,53,53,4,2,4,False,Rush,Anthony Colandrea run for 4 yds to the WYO 49 for a 1ST down,2.454429208597225,2025-10-05T01:53:55.000Z
401760385,40176038518,401760385104849902,18,12,UNLV,Mountain West,24,Wyoming,Mountain West,10,Wyoming,UNLV,4,"{'minutes': 15, 'seconds': 0}",2.0,3.0,49,49,1,10,3,False,Pass Reception,Anthony Colandrea pass complete to Jaden Bradley for 3 yds to the UNLV 48,-0.375732386813203,2025-10-05T01:57:56.000Z
401760385,40176038518,401760385104849903,18,13,UNLV,Mountain West,24,Wyoming,Mountain West,10,Wyoming,UNLV,4,"{'minutes': 15, 'seconds': 0}",2.0,3.0,52,52,2,13,7,False,Rush,Anthony Colandrea run for 7 yds to the WYO 45,0.5176646056087879,2025-10-05T01:58:31.000Z
401760385,40176038518,401760385104849904,18,14,UNLV,Mountain West,24,Wyoming,Mountain West,10,Wyoming,UNLV,4,"{'minutes': 15, 'seconds': 0}",2.0,3.0,45,45,3,6,1,False,Rush,Jaylon Glover run for 1 yd to the WYO 44,-0.8210573410656874,2025-10-05T01:58:31.000Z
401760385,40176038519,401760385104884801,19,4,Wyoming,Mountain West,10,UNLV,Mountain West,24,Wyoming,UNLV,4,"{'minutes': 11, 'seconds': 51}",3.0,2.0,20,80,4,10,3,False,Punt,"Bart Edmiston punt for 52 yds , DeAngelo Irvin Jr. returns for 3 yds to the UNLV 31",,2025-10-05T02:05:23.000Z
401760385,40176038519,401760385104875804,19,1,Wyoming,Mountain West,10,UNLV,Mountain West,24,Wyoming,UNLV,4,"{'minutes': 12, 'seconds': 41}",3.0,2.0,20,80,1,10,0,False,Rush,Sam Scott run for no gain to the WYO 20,-0.5586693796725282,2025-10-05T02:00:01.000Z
401760385,40176038519,401760385104875805,19,2,Wyoming,Mountain West,10,UNLV,Mountain West,24,Wyoming,UNLV,4,"{'minutes': 12, 'seconds': 41}",3.0,2.0,20,80,2,10,0,False,Pass Incompletion,Kaden Anderson pass incomplete to Evan Svoboda,-0.2608138520764314,2025-10-05T02:00:01.000Z
401760385,40176038519,401760385104875806,19,3,Wyoming,Mountain West,10,UNLV,Mountain West,24,Wyoming,UNLV,4,"{'minutes': 12, 'seconds': 41}",3.0,2.0,20,80,3,10,0,False,Pass Incompletion,Kaden Anderson pass incomplete to Jaylen Sargent,-0.11593841189942822,2025-10-05T02:03:52.000Z
401760385,40176038520,401760385104884804,20,1,UNLV,Mountain West,24,Wyoming,Mountain West,10,Wyoming,UNLV,4,"{'minutes': 11, 'seconds': 51}",2.0,3.0,69,69,1,10,9,False,Pass Reception,Anthony Colandrea pass complete to Jai'Den Thomas for 9 yds to the UNLV 40,1.3649000856171405,2025-10-05T02:05:23.000Z
401760385,40176038520,401760385104884805,20,2,UNLV,Mountain West,24,Wyoming,Mountain West,10,Wyoming,UNLV,4,"{'minutes': 11, 'seconds': 51}",2.0,3.0,60,60,2,1,3,False,Rush,Jai'Den Thomas run for 3 yds to the UNLV 43 for a 1ST down,-0.2229257780134172,2025-10-05T02:05:23.000Z
401760385,40176038520,401760385104884806,20,3,UNLV,Mountain West,24,Wyoming,Mountain West,10,Wyoming,UNLV,4,"{'minutes': 11, 'seconds': 51}",2.0,3.0,57,57,1,10,3,False,Pass Reception,Anthony Colandrea pass complete to DeAngelo Irvin Jr. for 3 yds to the UNLV 46,-0.4309799951978805,2025-10-05T02:05:23.000Z
401760385,40176038520,401760385104884807,20,4,UNLV,Mountain West,24,Wyoming,Mountain West,10,Wyoming,UNLV,4,"{'minutes': 11, 'seconds': 51}",2.0,3.0,54,54,2,7,9,False,Rush,Jai'Den Thomas run for 9 yds to the WYO 45 for a 1ST down,1.419782607642139,2025-10-05T02:05:23.000Z
401760385,40176038520,401760385104884808,20,5,UNLV,Mountain West,24,Wyoming,Mountain West,10,Wyoming,UNLV,4,"{'minutes': 11, 'seconds': 51}",2.0,3.0,45,45,1,10,27,False,Pass Reception,Anthony Colandrea pass complete to Jaden Bradley for 27 yds to the WYO 18 for a 1ST down,0.884721375996477,2025-10-05T02:11:02.000Z
401760385,40176038520,401760385104884809,20,6,UNLV,Mountain West,24,Wyoming,Mountain West,10,Wyoming,UNLV,4,"{'minutes': 11, 'seconds': 51}",2.0,3.0,18,18,1,10,1,False,Rush,Jai'Den Thomas run for 1 yd to the WYO 17,-0.27260880361605,2025-10-05T02:11:02.000Z
401760385,40176038520,401760385104884810,20,7,UNLV,Mountain West,24,Wyoming,Mountain West,10,Wyoming,UNLV,4,"{'minutes': 11, 'seconds': 51}",2.0,3.0,17,17,2,9,13,False,Rush,Anthony Colandrea run for 13 yds to the WYO 4 for a 1ST down,1.176210993972666,2025-10-05T02:11:02.000Z
401760385,40176038520,401760385104884811,20,8,UNLV,Mountain West,24,Wyoming,Mountain West,10,Wyoming,UNLV,4,"{'minutes': 11, 'seconds': 51}",2.0,3.0,4,4,1,4,-2,False,Rush,Jaylon Glover run for a loss of 2 yards to the WYO 6,-0.840476474067963,2025-10-05T02:11:02.000Z
401760385,40176038520,401760385104884812,20,9,UNLV,Mountain West,24,Wyoming,Mountain West,10,Wyoming,UNLV,4,"{'minutes': 11, 'seconds': 51}",2.0,3.0,6,6,2,6,-2,False,Fumble Recovery (Own),"Anthony Colandrea run for a loss of 2 yards to the WYO 8 Anthony Colandrea fumbled, recovered by UNLV",-0.417419191409317,2025-10-05T02:14:04.000Z
401760385,40176038520,401760385104937901,20,10,UNLV,Mountain West,31,Wyoming,Mountain West,10,Wyoming,UNLV,4,"{'minutes': 6, 'seconds': 20}",2.0,3.0,8,8,3,8,8,True,Passing Touchdown,Anthony Colandrea pass complete to Jai'Den Thomas for 8 yds for a TD (Ramon Villela KICK),2.946086184191255,2025-10-05T02:14:31.000Z
401760385,40176038521,401760385104937903,21,1,UNLV,Mountain West,31,Wyoming,Mountain West,10,Wyoming,UNLV,4,"{'minutes': 6, 'seconds': 20}",2.0,3.0,65,65,1,10,0,False,Kickoff,Caden Costa kickoff for 65 yds for a touchback,,2025-10-05T02:14:31.000Z
401760385,40176038521,401760385104937912,21,9,Wyoming,Mountain West,10,UNLV,Mountain West,31,Wyoming,UNLV,4,"{'minutes': 6, 'seconds': 20}",3.0,2.0,58,42,3,6,10,False,Penalty,"No Huddle-Shotgun Anderson,Kaden pass complete short left to Bean,Jaylan caught at UNLV32, for 0 yards to the UNLV42 PENALTY UNLV Holding (Fulton,Tre) 10 yards from UNLV42 to UNLV32, 1ST DOWN. NO PLAY.",,2025-10-05T02:20:00.000Z
401760385,40176038521,401760385104979901,21,14,Wyoming,Mountain West,10,UNLV,Mountain West,31,Wyoming,UNLV,4,"{'minutes': 2, 'seconds': 0}",2.0,2.0,94,6,1,6,0,False,Timeout,"Timeout Wyoming, clock 02:00",,2025-10-05T01:58:31.000Z
401760385,40176038521,401760385104937905,21,2,Wyoming,Mountain West,10,UNLV,Mountain West,31,Wyoming,UNLV,4,"{'minutes': 6, 'seconds': 20}",3.0,2.0,25,75,1,10,3,False,Pass Reception,Kaden Anderson pass complete to Justin Erb for 3 yds to the WYO 28,-0.2957674139440157,2025-10-05T02:14:31.000Z
401760385,40176038521,401760385104937906,21,3,Wyoming,Mountain West,10,UNLV,Mountain West,31,Wyoming,UNLV,4,"{'minutes': 6, 'seconds': 20}",3.0,2.0,28,72,2,7,15,False,Pass Reception,Kaden Anderson pass complete to Jaylan Bean for 15 yds to the WYO 43 for a 1ST down,1.9082058361540106,2025-10-05T02:20:00.000Z
401760385,40176038521,401760385104937907,21,4,Wyoming,Mountain West,10,UNLV,Mountain West,31,Wyoming,UNLV,4,"{'minutes': 6, 'seconds': 20}",3.0,2.0,43,57,1,10,-2,False,Rush,Samuel Harris run for a loss of 2 yards to the WYO 41,-1.5648316162877771,2025-10-05T02:20:00.000Z
401760385,40176038521,401760385104937908,21,5,Wyoming,Mountain West,10,UNLV,Mountain West,31,Wyoming,UNLV,4,"{'minutes': 6, 'seconds': 20}",3.0,2.0,41,59,2,12,6,False,Rush,Kaden Anderson run for 6 yds to the WYO 47,0.2578516661105992,2025-10-05T02:20:00.000Z
401760385,40176038521,401760385104937909,21,6,Wyoming,Mountain West,10,UNLV,Mountain West,31,Wyoming,UNLV,4,"{'minutes': 6, 'seconds': 20}",3.0,2.0,47,53,3,6,7,False,Pass Reception,Kaden Anderson pass complete to Evan Svoboda for 7 yds to the UNLV 46 for a 1ST down,2.22900923955404,2025-10-05T02:20:00.000Z
401760385,40176038521,401760385104937910,21,7,Wyoming,Mountain West,10,UNLV,Mountain West,31,Wyoming,UNLV,4,"{'minutes': 6, 'seconds': 20}",3.0,2.0,54,46,1,10,0,False,Pass Incompletion,Kaden Anderson pass incomplete to Bricen Brantley,-1.0250974847844603,2025-10-05T02:20:00.000Z
401760385,40176038521,401760385104937911,21,8,Wyoming,Mountain West,10,UNLV,Mountain West,31,Wyoming,UNLV,4,"{'minutes': 6, 'seconds': 20}",3.0,2.0,54,46,2,10,4,False,Pass Reception,Kaden Anderson pass complete to Samuel Harris for 4 yds to the UNLV 42,-0.1632193515356094,2025-10-05T02:20:00.000Z
401760385,40176038521,401760385104937914,21,10,Wyoming,Mountain West,10,UNLV,Mountain West,31,Wyoming,UNLV,4,"{'minutes': 6, 'seconds': 20}",3.0,2.0,68,32,1,10,0,False,Pass Incompletion,Kaden Anderson pass incomplete to Evan Svoboda,-0.6082596672078662,2025-10-05T02:20:00.000Z
401760385,40176038521,401760385104937915,21,11,Wyoming,Mountain West,10,UNLV,Mountain West,31,Wyoming,UNLV,4,"{'minutes': 6, 'seconds': 20}",3.0,2.0,68,32,2,10,15,False,Pass Reception,Kaden Anderson pass complete to Michael Fitzgerald for 15 yds to the UNLV 17 for a 1ST down,0.8998759900124146,2025-10-05T02:20:00.000Z
401760385,40176038521,401760385104937916,21,12,Wyoming,Mountain West,10,UNLV,Mountain West,31,Wyoming,UNLV,4,"{'minutes': 6, 'seconds': 20}",3.0,2.0,83,17,1,10,6,False,Pass Reception,Kaden Anderson pass complete to Jaylan Bean for 6 yds to the UNLV 11,0.18290098819408,2025-10-05T02:20:00.000Z
401760385,40176038521,401760385104937917,21,13,Wyoming,Mountain West,10,UNLV,Mountain West,31,Wyoming,UNLV,4,"{'minutes': 6, 'seconds': 20}",3.0,2.0,89,11,2,4,5,False,Pass Reception,Kaden Anderson pass complete to Evan Svoboda for 5 yds to the UNLV 6 for a 1ST down,0.344512343525057,2025-10-05T02:20:00.000Z
401760385,40176038521,401760385104984401,21,15,Wyoming,Mountain West,17,UNLV,Mountain West,31,Wyoming,UNLV,4,"{'minutes': 1, 'seconds': 55}",2.0,2.0,94,6,1,6,6,True,Passing Touchdown,Kaden Anderson pass complete to Justin Erb for 6 yds for a TD (Erik Sandvik KICK),2.052489771065277,2025-10-05T01:58:31.000Z
401760385,40176038522,401760385104984601,22,1,Wyoming,Mountain West,17,UNLV,Mountain West,31,Wyoming,UNLV,4,"{'minutes': 1, 'seconds': 53}",2.0,2.0,35,65,1,10,11,False,Kickoff,Keelan Anderson kickoff for 11 yds,,2025-10-05T01:58:31.000Z
401760385,40176038522,401760385104984603,22,2,Wyoming,Mountain West,17,UNLV,Mountain West,31,Wyoming,UNLV,4,"{'minutes': 1, 'seconds': 53}",2.0,2.0,46,54,1,10,0,False,Pass Incompletion,Kaden Anderson pass incomplete to Evan Svoboda,-1.1590089706435955,2025-10-05T01:58:31.000Z
401760385,40176038522,401760385104984604,22,3,Wyoming,Mountain West,17,UNLV,Mountain West,31,Wyoming,UNLV,4,"{'minutes': 1, 'seconds': 53}",2.0,2.0,46,54,2,10,0,False,Pass Incompletion,Kaden Anderson pass incomplete to Evan Svoboda,-0.9368191801087571,2025-10-05T01:58:31.000Z
401760385,40176038522,401760385104984605,22,4,Wyoming,Mountain West,17,UNLV,Mountain West,31,Wyoming,UNLV,4,"{'minutes': 1, 'seconds': 53}",2.0,2.0,46,54,3,10,0,False,Pass Incompletion,Kaden Anderson pass incomplete to Clay Nanke,-0.5798306702788407,2025-10-05T01:58:31.000Z
401760385,40176038522,401760385104986501,22,5,Wyoming,Mountain West,17,UNLV,Mountain West,31,Wyoming,UNLV,4,"{'minutes': 1, 'seconds': 34}",2.0,2.0,46,54,4,10,0,False,Pass Incompletion,Kaden Anderson pass incomplete to Michael Fitzgerald,-0.13944364128359865,2025-10-05T02:36:04.000Z
401760385,4017603851,401760385101849903,1,1,Wyoming,Mountain West,0,UNLV,Mountain West,0,Wyoming,UNLV,1,"{'minutes': 15, 'seconds': 0}",3.0,3.0,35,65,1,10,0,False,Kickoff,Bart Edmiston kickoff for 65 yds for a touchback,,2025-10-04T23:16:23.000Z
401760385,4017603851,401760385101854501,1,2,UNLV,Mountain West,0,Wyoming,Mountain West,0,Wyoming,UNLV,1,"{'minutes': 14, 'seconds': 54}",3.0,3.0,75,75,1,10,-6,False,Fumble Recovery (Opponent),"Anthony Colandrea run for a loss of 6 yards to the UNLV 19 Anthony Colandrea fumbled, recovered by WYO Evan Eller",-0.9222448802786785,2025-10-04T23:19:40.000Z
401760385,4017603852,401760385101874001,2,4,Wyoming,Mountain West,3,UNLV,Mountain West,0,Wyoming,UNLV,1,"{'minutes': 12, 'seconds': 59}",3.0,3.0,82,18,4,9,36,True,Field Goal Good,Erik Sandvik 36 yd FG GOOD,,2025-10-04T23:19:44.000Z
401760385,4017603852,401760385101854503,2,1,Wyoming,Mountain West,0,UNLV,Mountain West,0,Wyoming,UNLV,1,"{'minutes': 14, 'seconds': 54}",3.0,3.0,81,19,1,10,3,False,Rush,Samuel Harris run for 3 yds to the UNLV 16,-0.114691276393927,2025-10-04T23:18:36.000Z
401760385,4017603852,401760385101854504,2,2,Wyoming,Mountain West,0,UNLV,Mountain West,0,Wyoming,UNLV,1,"{'minutes': 14, 'seconds': 54}",3.0,3.0,84,16,2,7,0,False,Rush,Samuel Harris run for no gain to the UNLV 16,-0.3835955463237236,2025-10-04T23:18:36.000Z
401760385,4017603852,401760385101854505,2,3,Wyoming,Mountain West,0,UNLV,Mountain West,0,Wyoming,UNLV,1,"{'minutes': 14, 'seconds': 54}",3.0,3.0,84,16,3,7,2,False,Pass Reception,Kaden Anderson pass complete to Chris Durr Jr. for 2 yds to the UNLV 18,-0.2754355062878934,2025-10-04T23:18:36.000Z
401760385,4017603853,401760385101874701,3,1,Wyoming,Mountain West,3,UNLV,Mountain West,0,Wyoming,UNLV,1,"{'minutes': 12, 'seconds': 52}",3.0,3.0,35,65,1,10,24,False,Kickoff Return (Offense),"Bart Edmiston kickoff for 56 yds , Jaylon Glover return for 24 yds to the UNLV 33",,2025-10-04T23:23:33.000Z
401760385,4017603853,401760385101874707,3,6,UNLV,Mountain West,0,Wyoming,Mountain West,3,Wyoming,UNLV,1,"{'minutes': 12, 'seconds': 52}",3.0,3.0,8,8,2,5,-5,False,Penalty,PENALTY UNLV False Start 5 yards from WYO08 to WYO13. NO PLAY.,,2025-10-04T23:25:22.000Z
401760385,4017603853,401760385101874703,3,2,UNLV,Mountain West,0,Wyoming,Mountain West,3,Wyoming,UNLV,1,"{'minutes': 12, 'seconds': 52}",3.0,3.0,67,67,1,10,4,False,Rush,Jai'Den Thomas run for 4 yds to the UNLV 37,-0.1528387450999809,2025-10-04T23:24:10.000Z
401760385,4017603853,401760385101874704,3,3,UNLV,Mountain West,0,Wyoming,Mountain West,3,Wyoming,UNLV,1,"{'minutes': 12, 'seconds': 52}",3.0,3.0,63,63,2,6,24,False,Pass Reception,Anthony Colandrea pass complete to Jaden Bradley for 24 yds to the WYO 39 for a 1ST down,2.4414568593095787,2025-10-04T23:24:10.000Z
401760385,4017603853,401760385101874705,3,4,UNLV,Mountain West,0,Wyoming,Mountain West,3,Wyoming,UNLV,1,"{'minutes': 12, 'seconds': 52}",3.0,3.0,39,39,1,10,26,False,Rush,Jai'Den Thomas run for 26 yds to the WYO 13 for a 1ST down,0.601509339885704,2025-10-04T23:25:22.000Z
401760385,4017603853,401760385101874706,3,5,UNLV,Mountain West,0,Wyoming,Mountain West,3,Wyoming,UNLV,1,"{'minutes': 12, 'seconds': 52}",3.0,3.0,13,13,1,10,5,False,Rush,Jai'Den Thomas run for 5 yds to the WYO 8,0.074681000091786,2025-10-04T23:25:22.000Z
401760385,4017603853,401760385101874709,3,7,UNLV,Mountain West,0,Wyoming,Mountain West,3,Wyoming,UNLV,1,"{'minutes': 12, 'seconds': 52}",3.0,3.0,13,13,2,10,7,False,Rush,Anthony Colandrea run for 7 yds to the WYO 6,0.1854023023629455,2025-10-04T23:25:22.000Z
401760385,4017603853,401760385101908101,3,8,UNLV,Mountain West,7,Wyoming,Mountain West,3,Wyoming,UNLV,1,"{'minutes': 9, 'seconds': 18}",3.0,3.0,6,6,3,3,6,True,Rushing Touchdown,Keyvone Lee run for 6 yds for a TD (Ramon Villela KICK),2.658374212181785,2025-10-04T23:27:52.000Z
401760385,4017603854,401760385101908103,4,1,UNLV,Mountain West,7,Wyoming,Mountain West,3,Wyoming,UNLV,1,"{'minutes': 9, 'seconds': 18}",3.0,3.0,65,65,1,10,0,False,Kickoff,Caden Costa kickoff for 65 yds for a touchback,,2025-10-04T23:28:24.000Z
401760385,4017603854,401760385101908108,4,5,Wyoming,Mountain West,3,UNLV,Mountain West,7,Wyoming,UNLV,1,"{'minutes': 9, 'seconds': 18}",3.0,3.0,37,63,3,9,-5,False,Penalty,"PENALTY WYO False Start (Davies,Jake) 5 yards from WYO37 to WYO32. NO PLAY.",,2025-10-04T23:28:24.000Z
401760385,4017603854,401760385101937001,4,7,Wyoming,Mountain West,3,UNLV,Mountain West,14,Wyoming,UNLV,1,"{'minutes': 6, 'seconds': 29}",3.0,3.0,39,61,4,7,16,True,Blocked Punt,"Bart Edmiston punt blocked by Jaden Bradley blocked by Jaden Bradley for a TD , Kayden McGee returns for 16 yds for a TD (Ramon Villela KICK)",,2025-10-04T23:42:22.000Z
401760385,4017603854,401760385101908105,4,2,Wyoming,Mountain West,3,UNLV,Mountain West,7,Wyoming,UNLV,1,"{'minutes': 9, 'seconds': 18}",3.0,3.0,25,75,1,10,11,False,Pass Reception,Kaden Anderson pass complete to Samuel Harris for 11 yds to the WYO 36 for a 1ST down,0.9305625119459905,2025-10-04T23:28:24.000Z
401760385,4017603854,401760385101908106,4,3,Wyoming,Mountain West,3,UNLV,Mountain West,7,Wyoming,UNLV,1,"{'minutes': 9, 'seconds': 18}",3.0,3.0,36,64,1,10,-2,False,Rush,Samuel Harris run for a loss of 2 yards to the WYO 34,-1.3571567025283562,2025-10-04T23:28:24.000Z
401760385,4017603854,401760385101908107,4,4,Wyoming,Mountain West,3,UNLV,Mountain West,7,Wyoming,UNLV,1,"{'minutes': 9, 'seconds': 18}",3.0,3.0,34,66,2,12,3,False,Pass Reception,Kaden Anderson pass complete to Chris Durr Jr. for 3 yds to the WYO 37,-0.2116182548580721,2025-10-04T23:28:24.000Z
401760385,4017603854,401760385101908110,4,6,Wyoming,Mountain West,3,UNLV,Mountain West,7,Wyoming,UNLV,1,"{'minutes': 9, 'seconds': 18}",3.0,3.0,32,68,3,14,7,False,Pass Reception,Kaden Anderson pass complete to Samuel Harris for 7 yds to the WYO 39,0.14265262009488833,2025-10-04T23:28:24.000Z
401760385,4017603855,401760385101937003,5,1,UNLV,Mountain West,14,Wyoming,Mountain West,3,Wyoming,UNLV,1,"{'minutes': 6, 'seconds': 29}",3.0,3.0,65,65,1,10,0,False,Kickoff,Caden Costa kickoff for 65 yds for a touchback,,2025-10-04T23:40:08.000Z
401760385,4017603855,401760385101937005,5,2,Wyoming,Mountain West,3,UNLV,Mountain West,14,Wyoming,UNLV,1,"{'minutes': 6, 'seconds': 29}",3.0,3.0,25,75,1,10,12,False,Pass Reception,Kaden Anderson pass complete to Jaylen Sargent for 12 yds to the WYO 37 for a 1ST down,1.0272443261435713,2025-10-04T23:41:03.000Z
401760385,4017603855,401760385101937006,5,3,Wyoming,Mountain West,3,UNLV,Mountain West,14,Wyoming,UNLV,1,"{'minutes': 6, 'seconds': 29}",3.0,3.0,37,63,1,10,0,False,Pass Incompletion,Kaden Anderson pass incomplete to Jaylen Sargent,-1.065701080215459,2025-10-04T23:41:03.000Z
401760385,4017603855,401760385101937007,5,4,Wyoming,Mountain West,3,UNLV,Mountain West,14,Wyoming,UNLV,1,"{'minutes': 6, 'seconds': 29}",3.0,3.0,37,63,2,10,6,False,Rush,Terron Kellman run for 6 yds to the WYO 43,0.2666884344978842,2025-10-04T23:41:03.000Z
401760385,4017603855,401760385101955001,5,5,Wyoming,Mountain West,3,UNLV,Mountain West,14,Wyoming,UNLV,1,"{'minutes': 4, 'seconds': 49}",3.0,3.0,43,57,3,4,-8,False,Rush,Kaden Anderson run for a loss of 8 yards to the WYO 35,-1.3557331695158368,2025-10-04T23:46:56.000Z
401760385,4017603856,401760385101986301,6,9,UNLV,Mountain West,17,Wyoming,Mountain West,3,Wyoming,UNLV,1,"{'minutes': 1, 'seconds': 36}",3.0,3.0,18,18,4,13,36,True,Field Goal Good,Ramon Villela 36 yd FG GOOD,,2025-10-04T23:54:15.000Z
401760385,4017603856,401760385101986801,6,10,UNLV,Mountain West,14,Wyoming,Mountain West,3,Wyoming,UNLV,1,"{'minutes': 1, 'seconds': 31}",3.0,3.0,65,65,1,10,22,False,Kickoff Return (Offense),"Caden Costa kickoff for 65 yds , Deion DeBlanc return for 22 yds to the WYO 43 Wyoming Penalty, Offensive Holding (Gary Rutherford) to the WYO 10",,2025-10-04T23:57:56.000Z
401760385,4017603856,401760385101955003,6,1,UNLV,Mountain West,14,Wyoming,Mountain West,3,Wyoming,UNLV,1,"{'minutes': 4, 'seconds': 49}",3.0,3.0,35,35,1,10,10,False,Pass Reception,Anthony Colandrea pass complete to Jaden Bradley for 10 yds to the WYO 25 for a 1ST down,0.2725044215108985,2025-10-04T23:46:56.000Z
401760385,4017603856,401760385101955004,6,2,UNLV,Mountain West,14,Wyoming,Mountain West,3,Wyoming,UNLV,1,"{'minutes': 4, 'seconds': 49}",3.0,3.0,25,25,1,10,2,False,Rush,Jaylon Glover run for 2 yds to the WYO 23,-0.2434763543774955,2025-10-04T23:46:56.000Z
401760385,4017603856,401760385101955005,6,3,UNLV,Mountain West,14,Wyoming,Mountain West,3,Wyoming,UNLV,1,"{'minutes': 4, 'seconds': 49}",3.0,3.0,23,23,2,8,7,False,Pass Reception,Anthony Colandrea pass complete to JoJo Earle for 7 yds to the WYO 16,0.283571455958315,2025-10-04T23:46:56.000Z
401760385,4017603856,401760385101955006,6,4,UNLV,Mountain West,14,Wyoming,Mountain West,3,Wyoming,UNLV,1,"{'minutes': 4, 'seconds': 49}",3.0,3.0,16,16,3,1,0,False,Pass Incompletion,Anthony Colandrea pass incomplete to Taeshaun Lyons,-0.5114664295485183,2025-10-04T23:46:56.000Z
401760385,4017603856,401760385101955007,6,5,UNLV,Mountain West,14,Wyoming,Mountain West,3,Wyoming,UNLV,1,"{'minutes': 4, 'seconds': 49}",3.0,3.0,16,16,4,1,1,False,Rush,Keyvone Lee run for 1 yd to the WYO 15 for a 1ST down,0.6132566006686733,2025-10-04T23:46:56.000Z
401760385,4017603856,401760385101955008,6,6,UNLV,Mountain West,14,Wyoming,Mountain West,3,Wyoming,UNLV,1,"{'minutes': 4, 'seconds': 49}",3.0,3.0,15,15,1,10,-3,False,Rush,Anthony Colandrea run for a loss of 3 yards to the WYO 18,-0.538694771346236,2025-10-04T23:46:56.000Z
401760385,4017603856,401760385101955009,6,7,UNLV,Mountain West,14,Wyoming,Mountain West,3,Wyoming,UNLV,1,"{'minutes': 4, 'seconds': 49}",3.0,3.0,18,18,2,13,0,False,Pass Incompletion,Anthony Colandrea pass incomplete to Var'Keyes Gumms,-0.473095219818374,2025-10-04T23:46:56.000Z
401760385,4017603856,401760385101955010,6,8,UNLV,Mountain West,14,Wyoming,Mountain West,3,Wyoming,UNLV,1,"{'minutes': 4, 'seconds': 49}",3.0,3.0,18,18,3,13,0,False,Pass Incompletion,Anthony Colandrea pass incomplete to Troy Omeire,-0.7615169698290687,2025-10-04T23:46:56.000Z
401760385,4017603857,401760385101986805,7,1,Wyoming,Mountain West,3,UNLV,Mountain West,17,Wyoming,UNLV,1,"{'minutes': 1, 'seconds': 31}",2.0,3.0,22,78,1,10,0,False,Timeout,"Timeout Wyoming, clock 01:31",,2025-10-05T00:00:03.000Z
401760385,4017603857,401760385101986810,7,5,Wyoming,Mountain West,3,UNLV,Mountain West,17,Wyoming,UNLV,1,"{'minutes': 0, 'seconds': 0}",2.0,3.0,27,73,0,5,0,False,End Period,End of 1st Quarter,,2025-10-04T23:17:17.000Z
401760385,4017603857,401760385102875501,7,12,Wyoming,Mountain West,3,UNLV,Mountain West,17,Wyoming,UNLV,2,"{'minutes': 12, 'seconds': 44}",2.0,2.0,60,40,4,4,0,False,Timeout,"Timeout UNLV, clock 12:44",,2025-10-05T00:08:53.000Z
401760385,4017603857,401760385101986806,7,2,Wyoming,Mountain West,3,UNLV,Mountain West,17,Wyoming,UNLV,1,"{'minutes': 1, 'seconds': 31}",2.0,3.0,10,90,1,10,12,False,Rush,Deion DeBlanc run for 12 yds to the WYO 22 for a 1ST down,0.5218594507960823,2025-10-05T00:00:03.000Z
401760385,4017603857,401760385101986807,7,3,Wyoming,Mountain West,3,UNLV,Mountain West,17,Wyoming,UNLV,1,"{'minutes': 1, 'seconds': 31}",2.0,3.0,22,78,1,10,0,False,Pass Incompletion,Kaden Anderson pass incomplete to Jaylen Sargent,-0.6135902757979226,2025-10-05T00:00:31.000Z
401760385,4017603857,401760385101986808,7,4,Wyoming,Mountain West,3,UNLV,Mountain West,17,Wyoming,UNLV,1,"{'minutes': 1, 'seconds': 31}",2.0,3.0,22,78,2,10,5,False,Pass Reception,Kaden Anderson pass complete to Jaylen Sargent for 5 yds to the WYO 27,0.04003568259681422,2025-10-05T00:00:31.000Z
401760385,4017603857,401760385101999901,7,6,Wyoming,Mountain West,3,UNLV,Mountain West,17,Wyoming,UNLV,1,"{'minutes': 0, 'seconds': 0}",2.0,3.0,27,73,3,5,8,False,Rush,Kaden Anderson run for 8 yds to the WYO 35 for a 1ST down,1.6028223848508958,2025-10-05T00:02:01.000Z
401760385,4017603857,401760385102849902,7,7,Wyoming,Mountain West,3,UNLV,Mountain West,17,Wyoming,UNLV,2,"{'minutes': 15, 'seconds': 0}",2.0,3.0,35,65,1,10,7,False,Rush,Samuel Harris run for 7 yds to the WYO 42,0.7081222799232592,2025-10-05T00:06:04.000Z
401760385,4017603857,401760385102849903,7,8,Wyoming,Mountain West,3,UNLV,Mountain West,17,Wyoming,UNLV,2,"{'minutes': 15, 'seconds': 0}",2.0,3.0,42,58,2,3,12,False,Pass Reception,Kaden Anderson pass complete to Jackson Holman for 12 yds to the UNLV 46 for a 1ST down,0.9913073226336113,2025-10-05T00:06:04.000Z
401760385,4017603857,401760385102849904,7,9,Wyoming,Mountain West,3,UNLV,Mountain West,17,Wyoming,UNLV,2,"{'minutes': 15, 'seconds': 0}",2.0,3.0,54,46,1,10,0,False,Pass Incompletion,Kaden Anderson pass incomplete to Eric Richardson,-1.0250974847844603,2025-10-05T00:06:54.000Z
401760385,4017603857,401760385102849905,7,10,Wyoming,Mountain West,3,UNLV,Mountain West,17,Wyoming,UNLV,2,"{'minutes': 15, 'seconds': 0}",2.0,3.0,54,46,2,10,3,False,Pass Reception,Kaden Anderson pass complete to Chris Durr Jr. for 3 yds to the UNLV 43,-0.397811859438427,2025-10-05T00:06:54.000Z
401760385,4017603857,401760385102849906,7,11,Wyoming,Mountain West,3,UNLV,Mountain West,17,Wyoming,UNLV,2,"{'minutes': 15, 'seconds': 0}",2.0,3.0,57,43,3,7,3,False,Pass Reception,Kaden Anderson pass complete to Chris Durr Jr. for 3 yds to the UNLV 40,-0.3942810936632028,2025-10-05T00:06:54.000Z
401760385,4017603857,401760385102876001,7,13,Wyoming,Mountain West,3,UNLV,Mountain West,17,Wyoming,UNLV,2,"{'minutes': 12, 'seconds': 39}",2.0,2.0,60,40,4,4,0,False,Pass Incompletion,Kaden Anderson pass incomplete to Kyle Frendt,-1.6395221539794456,2025-10-05T00:10:15.000Z
401760385,4017603858,401760385102876007,8,3,UNLV,Mountain West,17,Wyoming,Mountain West,3,Wyoming,UNLV,2,"{'minutes': 12, 'seconds': 39}",2.0,2.0,46,46,1,10,-10,False,Penalty,"Shotgun Colandrea,Anthony pass incomplete short left to Lyons,Taeshaun thrown to WYO30 PENALTY UNLV Holding 10 yards from WYO46 to UNLV44. NO PLAY.",,2025-10-05T00:10:15.000Z
401760385,4017603858,401760385102905001,8,7,UNLV,Mountain West,17,Wyoming,Mountain West,3,Wyoming,UNLV,2,"{'minutes': 9, 'seconds': 49}",2.0,2.0,49,49,4,13,0,False,Punt,Cameron Brown punt for 42 yds,,2025-10-05T00:10:15.000Z
401760385,4017603858,401760385102876004,8,1,UNLV,Mountain West,17,Wyoming,Mountain West,3,Wyoming,UNLV,2,"{'minutes': 12, 'seconds': 39}",2.0,2.0,60,60,1,10,7,False,Rush,Jai'Den Thomas run for 7 yds to the UNLV 47,0.7032387839448688,2025-10-05T00:10:15.000Z
401760385,4017603858,401760385102876005,8,2,UNLV,Mountain West,17,Wyoming,Mountain West,3,Wyoming,UNLV,2,"{'minutes': 12, 'seconds': 39}",2.0,2.0,53,53,2,3,7,False,Pass Reception,Anthony Colandrea pass complete to Jaden Bradley for 7 yds to the WYO 46 for a 1ST down,0.5103744120643423,2025-10-05T00:10:15.000Z
401760385,4017603858,401760385102876009,8,4,UNLV,Mountain West,17,Wyoming,Mountain West,3,Wyoming,UNLV,2,"{'minutes': 12, 'seconds': 39}",2.0,2.0,56,56,1,20,3,False,Rush,Jai'Den Thomas run for 3 yds to the UNLV 47,-0.331405298127006,2025-10-05T00:10:15.000Z
401760385,4017603858,401760385102876010,8,5,UNLV,Mountain West,17,Wyoming,Mountain West,3,Wyoming,UNLV,2,"{'minutes': 12, 'seconds': 39}",2.0,2.0,53,53,2,17,0,False,Pass Incompletion,Anthony Colandrea pass incomplete to Jai'Den Thomas,-0.6657009819356752,2025-10-05T00:10:15.000Z
401760385,4017603858,401760385102876011,8,6,UNLV,Mountain West,17,Wyoming,Mountain West,3,Wyoming,UNLV,2,"{'minutes': 12, 'seconds': 39}",2.0,2.0,53,53,3,17,4,False,Rush,Keyvone Lee run for 4 yds to the WYO 49,-0.07620762018415839,2025-10-05T00:10:15.000Z
401760385,4017603859,401760385102905006,9,2,Wyoming,Mountain West,3,UNLV,Mountain West,17,Wyoming,UNLV,2,"{'minutes': 9, 'seconds': 49}",2.0,2.0,11,89,2,6,9,False,Penalty,"No Huddle-Shotgun Anderson,Kaden pass incomplete short left to Richardson,Eric thrown to WYO20, 1ST DOWN, PENALTY UNLV Pass Interference (Powdrell,Andrew) 9 yards from WYO11 to WYO20, 1ST DOWN. NO PLAY.",,2025-10-05T00:10:15.000Z
401760385,4017603859,401760385102905010,9,5,Wyoming,Mountain West,3,UNLV,Mountain West,17,Wyoming,UNLV,2,"{'minutes': 9, 'seconds': 49}",2.0,2.0,23,77,3,7,0,False,Penalty,"No Huddle-Shotgun Anderson,Kaden pass incomplete short left to Sargent,Jaylen thrown to WYO42 broken up by Stewart,Darrien PENALTY UNLV Offside offsetting WYO Holding offsetting. NO PLAY.",,2025-10-05T00:10:15.000Z
401760385,4017603859,401760385102905012,9,7,Wyoming,Mountain West,3,UNLV,Mountain West,17,Wyoming,UNLV,2,"{'minutes': 9, 'seconds': 49}",2.0,2.0,34,66,1,10,15,False,Penalty,"PENALTY UNLV UNS: Unsportsmanlike Conduct (Adeleye,Tunmise) 15 yards from WYO34 to WYO49, 1ST DOWN. NO PLAY.",,2025-10-05T00:10:15.000Z
401760385,4017603859,401760385102926501,9,11,Wyoming,Mountain West,3,UNLV,Mountain West,17,Wyoming,UNLV,2,"{'minutes': 7, 'seconds': 34}",2.0,2.0,49,51,4,10,0,False,Punt,Bart Edmiston punt for 39 yds,,2025-10-05T00:10:15.000Z
401760385,4017603859,401760385102905004,9,1,Wyoming,Mountain West,3,UNLV,Mountain West,17,Wyoming,UNLV,2,"{'minutes': 9, 'seconds': 49}",2.0,2.0,7,93,1,10,4,False,Rush,Sam Scott run for 4 yds to the WYO 11,-0.03931026581467823,2025-10-05T00:10:15.000Z
401760385,4017603859,401760385102905008,9,3,Wyoming,Mountain West,3,UNLV,Mountain West,17,Wyoming,UNLV,2,"{'minutes': 9, 'seconds': 49}",2.0,2.0,20,80,1,10,3,False,Rush,Kaden Anderson run for 3 yds to the WYO 23,-0.2366097161141063,2025-10-05T00:10:15.000Z
401760385,4017603859,401760385102905009,9,4,Wyoming,Mountain West,3,UNLV,Mountain West,17,Wyoming,UNLV,2,"{'minutes': 9, 'seconds': 49}",2.0,2.0,23,77,2,7,0,False,Pass Incompletion,Kaden Anderson pass incomplete,-0.43583975606982506,2025-10-05T00:10:15.000Z
401760385,4017603859,401760385102905011,9,6,Wyoming,Mountain West,3,UNLV,Mountain West,17,Wyoming,UNLV,2,"{'minutes': 9, 'seconds': 49}",2.0,2.0,23,77,3,7,11,False,Pass Reception,Kaden Anderson pass complete to Deion DeBlanc for 11 yds to the WYO 34 for a 1ST down,1.72173787805942,2025-10-05T00:10:15.000Z
401760385,4017603859,401760385102905014,9,8,Wyoming,Mountain West,3,UNLV,Mountain West,17,Wyoming,UNLV,2,"{'minutes': 9, 'seconds': 49}",2.0,2.0,49,51,1,10,0,False,Pass Incompletion,Kaden Anderson pass incomplete to Bricen Brantley,-1.1301991718133413,2025-10-05T00:10:15.000Z
401760385,4017603859,401760385102905015,9,9,Wyoming,Mountain West,3,UNLV,Mountain West,17,Wyoming,UNLV,2,"{'minutes': 9, 'seconds': 49}",2.0,2.0,49,51,2,10,0,False,Pass Incompletion,Kaden Anderson pass incomplete to Jaylen Sargent,-1.005741646158441,2025-10-05T00:10:15.000Z
401760385,4017603859,401760385102905016,9,10,Wyoming,Mountain West,3,UNLV,Mountain West,17,Wyoming,UNLV,2,"{'minutes': 9, 'seconds': 49}",2.0,2.0,49,51,3,10,0,False,Pass Incompletion,Kaden Anderson pass incomplete to Jaylen Sargent,-0.673481036981288,2025-10-05T00:10:15.000Z
401760385,40176038510,401760385102926506,10,3,UNLV,Mountain West,17,Wyoming,Mountain West,3,Wyoming,UNLV,2,"{'minutes': 7, 'seconds': 34}",2.0,2.0,92,92,3,14,-4,False,Penalty,PENALTY UNLV False Start 4 yards from UNLV08 to UNLV04. NO PLAY.,,2025-10-05T00:10:15.000Z
401760385,40176038510,401760385102947801,10,5,UNLV,Mountain West,17,Wyoming,Mountain West,3,Wyoming,UNLV,2,"{'minutes': 5, 'seconds': 21}",2.0,2.0,84,84,4,6,0,False,Punt,"Cameron Brown punt for 14 yds, punt out-of-bounds at the UNLV 30",,2025-10-05T00:10:15.000Z
401760385,40176038510,401760385102926504,10,1,UNLV,Mountain West,17,Wyoming,Mountain West,3,Wyoming,UNLV,2,"{'minutes': 7, 'seconds': 34}",2.0,2.0,88,88,1,10,0,False,Rush,Keyvone Lee run for no gain to the UNLV 12,-0.3826565410356668,2025-10-05T00:10:15.000Z
401760385,40176038510,401760385102926505,10,2,UNLV,Mountain West,17,Wyoming,Mountain West,3,Wyoming,UNLV,2,"{'minutes': 7, 'seconds': 34}",2.0,2.0,88,88,2,10,-4,False,Sack,Anthony Colandrea sacked by Evan Eller for a loss of 4 yards to the UNLV 8,-0.23601980949700163,2025-10-05T00:10:15.000Z
401760385,40176038510,401760385102926508,10,4,UNLV,Mountain West,17,Wyoming,Mountain West,3,Wyoming,UNLV,2,"{'minutes': 7, 'seconds': 34}",2.0,2.0,96,96,3,18,12,False,Rush,Jai'Den Thomas run for 12 yds to the UNLV 16,0.08746297277465587,2025-10-05T00:10:15.000Z
401760385,40176038511,401760385102947804,11,1,Wyoming,Mountain West,3,UNLV,Mountain West,17,Wyoming,UNLV,2,"{'minutes': 5, 'seconds': 21}",2.0,2.0,70,30,1,10,0,False,Pass Incompletion,Kaden Anderson pass incomplete to Samuel Harris,-0.557844891990525,2025-10-05T00:10:15.000Z
401760385,40176038511,401760385102949501,11,2,Wyoming,Mountain West,3,UNLV,Mountain West,17,Wyoming,UNLV,2,"{'minutes': 5, 'seconds': 4}",2.0,2.0,70,30,2,10,6,False,Fumble Recovery (Opponent),"Samuel Harris run for 6 yds to the UNLV 24 Samuel Harris fumbled, recovered by UNLV Mumu Bin-Wahad",-3.627911975086704,2025-10-05T00:10:15.000Z
401760385,40176038512,401760385102967701,12,4,UNLV,Mountain West,17,Wyoming,Mountain West,3,Wyoming,UNLV,2,"{'minutes': 3, 'seconds': 22}",2.0,2.0,73,73,4,7,0,False,Punt,Cameron Brown punt for 71 yds,,2025-10-05T00:10:15.000Z
401760385,40176038512,401760385102967703,12,5,UNLV,Mountain West,17,Wyoming,Mountain West,3,Wyoming,UNLV,2,"{'minutes': 3, 'seconds': 22}",2.0,2.0,73,73,4,7,0,False,Punt,Cameron Brown punt for 71 yds,,2025-10-05T00:10:15.000Z
401760385,40176038512,401760385102949503,12,1,UNLV,Mountain West,17,Wyoming,Mountain West,3,Wyoming,UNLV,2,"{'minutes': 5, 'seconds': 4}",2.0,2.0,76,76,1,10,3,False,Rush,Jaylon Glover run for 3 yds to the UNLV 27,-0.2835190304977822,2025-10-05T00:10:15.000Z
401760385,40176038512,401760385102949504,12,2,UNLV,Mountain West,17,Wyoming,Mountain West,3,Wyoming,UNLV,2,"{'minutes': 5, 'seconds': 4}",2.0,2.0,73,73,2,7,0,False,Rush,Jaylon Glover run for no gain to the UNLV 27,-0.532523806090083,2025-10-05T00:10:15.000Z
401760385,40176038512,401760385102949505,12,3,UNLV,Mountain West,17,Wyoming,Mountain West,3,Wyoming,UNLV,2,"{'minutes': 5, 'seconds': 4}",2.0,2.0,73,73,3,7,0,False,Pass Incompletion,Anthony Colandrea pass incomplete to Jaden Bradley,-0.2505847629772697,2025-10-05T00:10:15.000Z
401760385,40176038513,401760385102984001,13,5,Wyoming,Mountain West,3,UNLV,Mountain West,17,Wyoming,UNLV,2,"{'minutes': 1, 'seconds': 59}",1.0,2.0,22,78,2,10,0,False,Timeout,"Timeout Wyoming, clock 01:59",,2025-10-05T00:10:15.000Z
401760385,40176038513,401760385102989301,13,8,Wyoming,Mountain West,3,UNLV,Mountain West,17,Wyoming,UNLV,2,"{'minutes': 1, 'seconds': 6}",1.0,1.0,26,74,4,6,0,False,Timeout,"Timeout UNLV, clock 01:06",,2025-10-05T00:10:15.000Z
401760385,40176038513,401760385102994001,13,9,Wyoming,Mountain West,3,UNLV,Mountain West,24,Wyoming,UNLV,2,"{'minutes': 0, 'seconds': 59}",1.0,1.0,26,74,4,6,13,True,Blocked Punt,"Bart Edmiston punt blocked by Kayden McGee blocked by Kayden McGee for a TD , Jaden Bradley returns for 13 yds for a TD (Ramon Villela KICK)",,2025-10-05T00:52:10.000Z
401760385,40176038513,401760385102967705,13,1,Wyoming,Mountain West,3,UNLV,Mountain West,17,Wyoming,UNLV,2,"{'minutes': 3, 'seconds': 22}",2.0,2.0,1,99,1,10,10,False,Rush,Sam Scott run for 10 yds to the WYO 11 for a 1ST down,0.22810754374173747,2025-10-05T00:10:15.000Z
401760385,40176038513,401760385102967706,13,2,Wyoming,Mountain West,3,UNLV,Mountain West,17,Wyoming,UNLV,2,"{'minutes': 3, 'seconds': 22}",2.0,2.0,11,89,1,10,7,False,Rush,Sam Scott run for 7 yds to the WYO 18,0.39388160618102847,2025-10-05T00:10:15.000Z
401760385,40176038513,401760385102967707,13,3,Wyoming,Mountain West,3,UNLV,Mountain West,17,Wyoming,UNLV,2,"{'minutes': 3, 'seconds': 22}",2.0,2.0,18,82,2,3,4,False,Rush,Sam Scott run for 4 yds to the WYO 22 for a 1ST down,0.0977058996055211,2025-10-05T00:10:15.000Z
401760385,40176038513,401760385102967708,13,4,Wyoming,Mountain West,3,UNLV,Mountain West,17,Wyoming,UNLV,2,"{'minutes': 3, 'seconds': 22}",2.0,2.0,22,78,1,10,0,False,Pass Incompletion,Kaden Anderson pass incomplete to Chris Durr Jr.,-0.6135902757979226,2025-10-05T00:10:15.000Z
401760385,40176038513,401760385102984002,13,6,Wyoming,Mountain West,3,UNLV,Mountain West,17,Wyoming,UNLV,2,"{'minutes': 1, 'seconds': 59}",1.0,2.0,22,78,2,10,0,False,Rush,Terron Kellman run for no gain to the WYO 22,-0.29227926870296894,2025-10-05T00:10:15.000Z
401760385,40176038513,401760385102984003,13,7,Wyoming,Mountain West,3,UNLV,Mountain West,17,Wyoming,UNLV,2,"{'minutes': 1, 'seconds': 59}",1.0,2.0,22,78,3,10,4,False,Rush,Sam Scott run for 4 yds to the WYO 26,-0.02391281851272975,2025-10-05T00:10:15.000Z
401760385,40176038514,401760385102994003,14,1,UNLV,Mountain West,24,Wyoming,Mountain West,3,Wyoming,UNLV,2,"{'minutes': 0, 'seconds': 59}",1.0,1.0,65,65,1,10,0,False,Kickoff,Caden Costa kickoff for 65 yds for a touchback,,2025-10-05T00:52:10.000Z
401760385,40176038514,401760385102994009,14,4,Wyoming,Mountain West,3,UNLV,Mountain West,24,Wyoming,UNLV,2,"{'minutes': 0, 'seconds': 0}",1.0,1.0,34,66,0,1,0,False,End of Half,End of 2nd Quarter,,2025-10-05T00:57:27.000Z
401760385,40176038514,401760385102999901,14,5,Wyoming,Mountain West,3,UNLV,Mountain West,24,Wyoming,UNLV,2,"{'minutes': 0, 'seconds': 0}",1.0,1.0,34,66,3,1,-10,False,Penalty,"No Huddle-Shotgun Scott,Sam rush left for 2 yards gain to the WYO36 (Edmondson,Bryce) PENALTY WYO Holding (Walsh,Jack) 10 yards from WYO34 to WYO24. NO PLAY.",,2025-10-05T00:57:27.000Z
401760385,40176038514,401760385102994005,14,2,Wyoming,Mountain West,3,UNLV,Mountain West,24,Wyoming,UNLV,2,"{'minutes': 0, 'seconds': 59}",1.0,1.0,25,75,1,10,9,False,Pass Reception,Kaden Anderson pass complete to Sam Scott for 9 yds to the WYO 34,1.252308359788624,2025-10-05T00:52:10.000Z
401760385,40176038514,401760385102994006,14,3,Wyoming,Mountain West,3,UNLV,Mountain West,24,Wyoming,UNLV,2,"{'minutes': 0, 'seconds': 59}",1.0,1.0,34,66,2,1,0,False,Pass Incompletion,Kaden Anderson pass incomplete,-1.2753422217375716,2025-10-05T00:52:10.000Z
401760385,40176038523,401760385104987805,23,6,UNLV,Mountain West,31,Wyoming,Mountain West,17,Wyoming,UNLV,4,"{'minutes': 0, 'seconds': 0}",2.0,1.0,27,27,0,4,0,False,End of Game,End of 4th Quarter,,2025-10-05T02:40:34.000Z
401760385,40176038523,401760385104987801,23,3,UNLV,Mountain West,31,Wyoming,Mountain West,17,Wyoming,UNLV,4,"{'minutes': 1, 'seconds': 21}",2.0,1.0,37,37,3,1,0,False,Timeout,"Timeout Wyoming, clock 01:21",,2025-10-05T01:58:31.000Z
401760385,40176038523,401760385104986504,23,1,UNLV,Mountain West,31,Wyoming,Mountain West,17,Wyoming,UNLV,4,"{'minutes': 1, 'seconds': 34}",2.0,2.0,46,46,1,10,5,False,Rush,Jaylon Glover run for 5 yds to the WYO 41,0.095856923095079,2025-10-05T02:37:09.000Z
401760385,40176038523,401760385104986505,23,2,UNLV,Mountain West,31,Wyoming,Mountain West,17,Wyoming,UNLV,4,"{'minutes': 1, 'seconds': 34}",2.0,2.0,41,41,2,5,4,False,Rush,Jai'Den Thomas run for 4 yds to the WYO 37,-0.1191687682313472,2025-10-05T02:37:09.000Z
401760385,40176038523,401760385104987802,23,4,UNLV,Mountain West,31,Wyoming,Mountain West,17,Wyoming,UNLV,4,"{'minutes': 1, 'seconds': 21}",2.0,1.0,37,37,3,1,4,False,Rush,Jai'Den Thomas run for 4 yds to the WYO 33 for a 1ST down,0.6635244797687445,2025-10-05T02:38:46.000Z
401760385,40176038523,401760385104987803,23,5,UNLV,Mountain West,31,Wyoming,Mountain West,17,Wyoming,UNLV,4,"{'minutes': 1, 'seconds': 21}",2.0,1.0,33,33,1,10,6,False,Rush,Keyvone Lee run for 6 yds to the WYO 27,0.22378284011976,2025-10-05T02:39:43.000Z
401760385,40176038523,401760385104999901,23,7,UNLV,Mountain West,31,Wyoming,Mountain West,17,Wyoming,UNLV,4,"{'minutes': 0, 'seconds': 0}",2.0,1.0,27,27,2,4,-1,False,Rush,A. Colandrea takes a knee,-0.802156495515138,2025-10-05T02:40:34.000Z
401760391,4017603912,401760391101849902,2,1,Wyoming,Mountain West,0,San José State,Mountain West,0,Wyoming,San José State,1,"{'minutes': 15, 'seconds': 0}",3.0,3.0,35,65,1,10,0,False,Kickoff,Bart Edmiston kickoff for 65 yds for a touchback,,2025-10-11T23:09:08.000Z
401760391,4017603912,401760391101876501,2,2,San José State,Mountain West,7,Wyoming,Mountain West,0,Wyoming,San José State,1,"{'minutes': 12, 'seconds': 34}",3.0,3.0,65,65,1,10,23,False,Kickoff Return (Offense),"Mathias Brown kickoff for 63 yds , Deion DeBlanc return for 23 yds to the WYO 25",,2025-10-11T23:13:51.000Z
401760391,4017603912,401760391101899801,2,9,Wyoming,Mountain West,0,San José State,Mountain West,7,Wyoming,San José State,1,"{'minutes': 10, 'seconds': 1}",3.0,3.0,48,52,4,8,0,False,Punt,Bart Edmiston punt for 52 yds for a touchback,,2025-10-11T23:17:56.000Z
401760391,4017603912,401760391101876508,2,8,Wyoming,Mountain West,0,San José State,Mountain West,7,Wyoming,San José State,1,"{'minutes': 12, 'seconds': 34}",3.0,3.0,48,52,3,8,0,False,Pass Incompletion,Kaden Anderson pass incomplete to Jackson Holman,-0.731914303208444,2025-10-11T23:16:34.000Z
401760391,4017603912,401760391101876503,2,3,Wyoming,Mountain West,0,San José State,Mountain West,7,Wyoming,San José State,1,"{'minutes': 12, 'seconds': 34}",3.0,3.0,25,75,1,10,11,False,Pass Reception,Kaden Anderson pass complete to Eric Richardson for 11 yds to the WYO 36 for a 1ST down,0.9305625119459905,2025-10-11T23:14:25.000Z
401760391,4017603912,401760391101876504,2,4,Wyoming,Mountain West,0,San José State,Mountain West,7,Wyoming,San José State,1,"{'minutes': 12, 'seconds': 34}",3.0,3.0,36,64,1,10,4,False,Rush,Samuel Harris run for 4 yds to the WYO 40,-0.1622709044233037,2025-10-11T23:14:25.000Z
401760391,4017603912,401760391101876505,2,5,Wyoming,Mountain West,0,San José State,Mountain West,7,Wyoming,San José State,1,"{'minutes': 12, 'seconds': 34}",3.0,3.0,40,60,2,6,6,False,Pass Reception,Kaden Anderson pass complete to Jaylen Sargent for 6 yds to the WYO 46 for a 1ST down,1.1245659745134267,2025-10-11T23:14:25.000Z
401760391,4017603912,401760391101876506,2,6,Wyoming,Mountain West,0,San José State,Mountain West,7,Wyoming,San José State,1,"{'minutes': 12, 'seconds': 34}",3.0,3.0,46,54,1,10,2,False,Rush,Samuel Harris run for 2 yds to the WYO 48,-0.6735165476975664,2025-10-11T23:14:25.000Z
401760391,4017603912,401760391101876507,2,7,Wyoming,Mountain West,0,San José State,Mountain West,7,Wyoming,San José State,1,"{'minutes': 12, 'seconds': 34}",3.0,3.0,48,52,2,8,0,False,Pass Incompletion,Kaden Anderson pass incomplete to Jackson Holman,-1.0672177675460617,2025-10-11T23:16:34.000Z
401760391,4017603913,401760391101914701,3,4,San José State,Mountain West,7,Wyoming,Mountain West,7,Wyoming,San José State,1,"{'minutes': 8, 'seconds': 52}",3.0,3.0,76,76,4,6,73,True,Punt,"Trent Carrizosa punt for 49 yds , Deion DeBlanc returns for 73 yds for a TD (Erik Sandvik KICK)",,2025-10-11T23:21:21.000Z
401760391,4017603913,401760391101899803,3,1,San José State,Mountain West,7,Wyoming,Mountain West,0,Wyoming,San José State,1,"{'minutes': 10, 'seconds': 1}",3.0,3.0,80,80,1,10,4,False,Rush,Steve Chavez-Soto run for 4 yds to the SJSU 24,-0.0884321258012219,2025-10-11T23:17:56.000Z
401760391,4017603913,401760391101899804,3,2,San José State,Mountain West,7,Wyoming,Mountain West,0,Wyoming,San José State,1,"{'minutes': 10, 'seconds': 1}",3.0,3.0,76,76,2,6,0,False,Pass Incompletion,Walker Eget pass incomplete to Danny Scudero,-0.5148523715626974,2025-10-11T23:17:56.000Z
401760391,4017603913,401760391101899805,3,3,San José State,Mountain West,7,Wyoming,Mountain West,0,Wyoming,San José State,1,"{'minutes': 10, 'seconds': 1}",3.0,3.0,76,76,3,6,0,False,Pass Incompletion,Walker Eget pass incomplete to Kyri Shoels,-0.2368142460140934,2025-10-11T23:17:56.000Z
401760391,4017603914,401760391101914703,4,1,Wyoming,Mountain West,7,San José State,Mountain West,7,Wyoming,San José State,1,"{'minutes': 8, 'seconds': 52}",3.0,3.0,35,65,1,10,0,False,Kickoff,Bart Edmiston kickoff for 65 yds for a touchback,,2025-10-11T23:21:52.000Z
401760391,4017603914,401760391101914705,4,2,San José State,Mountain West,7,Wyoming,Mountain West,7,Wyoming,San José State,1,"{'minutes': 8, 'seconds': 52}",3.0,3.0,75,75,1,10,3,False,Rush,Lamar Radcliffe run for 3 yds to the SJSU 28,-0.2957674139440157,2025-10-11T23:26:01.000Z
401760391,4017603914,401760391101919401,4,3,San José State,Mountain West,14,Wyoming,Mountain West,7,Wyoming,San José State,1,"{'minutes': 8, 'seconds': 5}",3.0,3.0,72,72,2,7,72,True,Passing Touchdown,Walker Eget pass complete to Danny Scudero for 72 yds for a TD (Mathias Brown KICK),6.373522533665337,2025-10-11T23:26:45.000Z
401760391,4017603915,401760391101924001,5,1,San José State,Mountain West,14,Wyoming,Mountain West,7,Wyoming,San José State,1,"{'minutes': 7, 'seconds': 59}",3.0,3.0,65,65,1,10,18,False,Kickoff Return (Offense),"Mathias Brown kickoff for 60 yds , Deion DeBlanc return for 18 yds to the WYO 23",,2025-10-11T23:30:49.000Z
401760391,4017603915,401760391101937801,5,5,Wyoming,Mountain West,7,San José State,Mountain West,14,Wyoming,San José State,1,"{'minutes': 6, 'seconds': 21}",3.0,3.0,32,68,4,1,0,False,Punt,Bart Edmiston punt for 68 yds for a touchback,,2025-10-11T23:33:10.000Z
401760391,4017603915,401760391101924003,5,2,Wyoming,Mountain West,7,San José State,Mountain West,14,Wyoming,San José State,1,"{'minutes': 7, 'seconds': 59}",3.0,3.0,23,77,1,10,0,False,Pass Incompletion,Kaden Anderson pass incomplete to Eric Richardson,-0.6425305871127751,2025-10-11T23:30:52.000Z
401760391,4017603915,401760391101924004,5,3,Wyoming,Mountain West,7,San José State,Mountain West,14,Wyoming,San José State,1,"{'minutes': 7, 'seconds': 59}",3.0,3.0,23,77,2,10,4,False,Rush,Samuel Harris run for 4 yds to the WYO 27,-0.054609598729499,2025-10-11T23:30:52.000Z
401760391,4017603915,401760391101924005,5,4,Wyoming,Mountain West,7,San José State,Mountain West,14,Wyoming,San José State,1,"{'minutes': 7, 'seconds': 59}",3.0,3.0,27,73,3,6,5,False,Pass Reception,Kaden Anderson pass complete to Eric Richardson for 5 yds to the WYO 32,0.03914241547993046,2025-10-11T23:30:52.000Z
401760391,4017603916,401760391101937806,6,3,San José State,Mountain West,14,Wyoming,Mountain West,7,Wyoming,San José State,1,"{'minutes': 6, 'seconds': 21}",3.0,3.0,74,74,3,4,15,False,Penalty,"No Huddle-Shotgun Eget,Walker pass incomplete deep right to Scudero,Danny thrown to WYO48 PENALTY WYO Pass Interference 15 yards from SJS26 to SJS41, 1ST DOWN. NO PLAY.",,2025-10-11T23:37:35.000Z
401760391,4017603916,401760391101937816,6,11,San José State,Mountain West,14,Wyoming,Mountain West,7,Wyoming,San José State,1,"{'minutes': 0, 'seconds': 0}",3.0,3.0,15,15,0,9,0,False,End Period,End of 1st Quarter,,2025-10-11T23:43:49.000Z
401760391,4017603916,401760391102858401,6,14,San José State,Mountain West,14,Wyoming,Mountain West,7,Wyoming,San José State,2,"{'minutes': 14, 'seconds': 15}",3.0,2.0,7,7,4,1,0,False,Timeout,"Timeout Wyoming, clock 14:15",,2025-10-11T00:00:00.000Z
401760391,4017603916,401760391101937803,6,1,San José State,Mountain West,14,Wyoming,Mountain West,7,Wyoming,San José State,1,"{'minutes': 6, 'seconds': 21}",3.0,3.0,80,80,1,10,7,False,Pass Reception,Walker Eget pass complete to Matthew Coleman for 7 yds to the SJSU 27,0.5253025865520424,2025-10-11T23:33:10.000Z
401760391,4017603916,401760391101937804,6,2,San José State,Mountain West,14,Wyoming,Mountain West,7,Wyoming,San José State,1,"{'minutes': 6, 'seconds': 21}",3.0,3.0,73,73,2,3,-1,False,Rush,Lamar Radcliffe run for a loss of 1 yard to the SJSU 26,-0.9481405543250201,2025-10-11T23:33:10.000Z
401760391,4017603916,401760391101937808,6,4,San José State,Mountain West,14,Wyoming,Mountain West,7,Wyoming,San José State,1,"{'minutes': 6, 'seconds': 21}",3.0,3.0,59,59,1,10,13,False,Pass Reception,Walker Eget pass complete to Jackson Canaan for 13 yds to the WYO 46 for a 1ST down,1.115724941663963,2025-10-11T23:37:35.000Z
401760391,4017603916,401760391101937809,6,5,San José State,Mountain West,14,Wyoming,Mountain West,7,Wyoming,San José State,1,"{'minutes': 6, 'seconds': 21}",3.0,3.0,46,46,1,10,-1,False,Rush,Steve Chavez-Soto run for a loss of 1 yard to the WYO 47,-1.2569748578032964,2025-10-11T23:37:35.000Z
401760391,4017603916,401760391101937810,6,6,San José State,Mountain West,14,Wyoming,Mountain West,7,Wyoming,San José State,1,"{'minutes': 6, 'seconds': 21}",3.0,3.0,47,47,2,11,19,False,Pass Reception,Walker Eget pass complete to Leland Smith for 19 yds to the WYO 28 for a 1ST down,2.0362477917993296,2025-10-11T23:37:35.000Z
401760391,4017603916,401760391101937811,6,7,San José State,Mountain West,14,Wyoming,Mountain West,7,Wyoming,San José State,1,"{'minutes': 6, 'seconds': 21}",3.0,3.0,28,28,1,10,-1,False,Pass Reception,Walker Eget pass complete to Kyri Shoels for a loss of 1 yard to the WYO 29,-0.6407618928355917,2025-10-11T23:37:35.000Z
401760391,4017603916,401760391101937812,6,8,San José State,Mountain West,14,Wyoming,Mountain West,7,Wyoming,San José State,1,"{'minutes': 6, 'seconds': 21}",3.0,3.0,29,29,2,11,6,False,Pass Reception,Walker Eget pass complete to Matthew Coleman for 6 yds to the WYO 23,0.1788130349530572,2025-10-11T23:37:35.000Z
401760391,4017603916,401760391101937813,6,9,San José State,Mountain West,14,Wyoming,Mountain West,7,Wyoming,San José State,1,"{'minutes': 6, 'seconds': 21}",3.0,3.0,23,23,3,5,7,False,Pass Reception,Walker Eget pass complete to Jackson Canaan for 7 yds to the WYO 16 for a 1ST down,0.6572406107285911,2025-10-11T23:37:35.000Z
401760391,4017603916,401760391101937814,6,10,San José State,Mountain West,14,Wyoming,Mountain West,7,Wyoming,San José State,1,"{'minutes': 6, 'seconds': 21}",3.0,3.0,16,16,1,10,1,False,Rush,Steve Chavez-Soto run for 1 yd to the WYO 15,-0.2578378787201336,2025-10-11T23:37:35.000Z
401760391,4017603916,401760391101999901,6,12,San José State,Mountain West,14,Wyoming,Mountain West,7,Wyoming,San José State,1,"{'minutes': 0, 'seconds': 0}",3.0,3.0,15,15,2,9,8,False,Pass Reception,Walker Eget pass complete to Kyri Shoels for 8 yds to the WYO 7,0.311404583644622,2025-10-11T23:43:49.000Z
401760391,4017603916,401760391102849902,6,13,San José State,Mountain West,14,Wyoming,Mountain West,7,Wyoming,San José State,2,"{'minutes': 15, 'seconds': 0}",3.0,3.0,7,7,3,1,0,False,Rush,Steve Chavez-Soto run for no gain to the WYO 7,-0.380089871793949,2025-10-11T00:00:00.000Z
401760391,4017603916,401760391102858901,6,15,San José State,Mountain West,21,Wyoming,Mountain West,7,Wyoming,San José State,2,"{'minutes': 14, 'seconds': 10}",3.0,2.0,7,7,4,1,7,True,Passing Touchdown,Walker Eget pass complete to Danny Scudero for 7 yds for a TD (Mathias Brown KICK),2.895245888161835,2025-10-11T23:50:20.000Z
401760391,4017603917,401760391102858903,7,1,San José State,Mountain West,21,Wyoming,Mountain West,7,Wyoming,San José State,2,"{'minutes': 14, 'seconds': 10}",3.0,2.0,65,65,1,10,0,False,Kickoff,Mathias Brown kickoff for 65 yds for a touchback,,2025-10-11T23:50:26.000Z
401760391,4017603917,401760391102858909,7,6,Wyoming,Mountain West,7,San José State,Mountain West,21,Wyoming,San José State,2,"{'minutes': 14, 'seconds': 10}",2.0,3.0,41,59,3,5,10,False,Pass Reception,Kaden Anderson pass complete to Chris Durr Jr. for 10 yds to the SJSU 49 for a 1ST down,2.3653923621676496,2025-10-11T23:50:26.000Z
401760391,4017603917,401760391102858905,7,2,Wyoming,Mountain West,7,San José State,Mountain West,21,Wyoming,San José State,2,"{'minutes': 14, 'seconds': 10}",2.0,3.0,25,75,1,10,4,False,Rush,Samuel Harris run for 4 yds to the WYO 29,-0.1142886249388964,2025-10-11T23:50:26.000Z
401760391,4017603917,401760391102858906,7,3,Wyoming,Mountain West,7,San José State,Mountain West,21,Wyoming,San José State,2,"{'minutes': 14, 'seconds': 10}",2.0,3.0,29,71,2,6,7,False,Pass Reception,Kaden Anderson pass complete to Jaylen Sargent for 7 yds to the WYO 36 for a 1ST down,1.044851136884887,2025-10-11T23:50:26.000Z
401760391,4017603917,401760391102858907,7,4,Wyoming,Mountain West,7,San José State,Mountain West,21,Wyoming,San José State,2,"{'minutes': 14, 'seconds': 10}",2.0,3.0,36,64,1,10,0,False,Pass Incompletion,Kaden Anderson pass incomplete to Michael Fitzgerald,-1.041155320344064,2025-10-11T23:50:26.000Z
401760391,4017603917,401760391102858908,7,5,Wyoming,Mountain West,7,San José State,Mountain West,21,Wyoming,San José State,2,"{'minutes': 14, 'seconds': 10}",2.0,3.0,36,64,2,10,5,False,Pass Reception,Kaden Anderson pass complete to Chris Durr Jr. for 5 yds to the WYO 41,0.060625014314497,2025-10-11T23:50:26.000Z
401760391,4017603917,401760391102858910,7,7,Wyoming,Mountain West,7,San José State,Mountain West,21,Wyoming,San José State,2,"{'minutes': 14, 'seconds': 10}",2.0,3.0,51,49,1,10,14,False,Rush,Terron Kellman run for 14 yds to the SJSU 35 for a 1ST down,0.7897417678602923,2025-10-11T23:50:26.000Z
401760391,4017603917,401760391102896001,7,8,Wyoming,Mountain West,14,San José State,Mountain West,21,Wyoming,San José State,2,"{'minutes': 10, 'seconds': 39}",2.0,3.0,65,35,1,10,35,True,Passing Touchdown,Kaden Anderson pass complete to Michael Fitzgerald for 35 yds for a TD (Erik Sandvik KICK),2.972588783776956,2025-10-11T23:58:55.000Z
401760391,4017603918,401760391102897601,8,1,Wyoming,Mountain West,14,San José State,Mountain West,21,Wyoming,San José State,2,"{'minutes': 10, 'seconds': 23}",2.0,3.0,35,65,1,10,98,False,Kickoff Return (Offense),"Bart Edmiston kickoff for 65 yds , Jahari Johnson return for 98 yds to the WYO 2",,2025-10-12T00:03:39.000Z
401760391,4017603918,401760391102897604,8,2,San José State,Mountain West,21,Wyoming,Mountain West,14,Wyoming,San José State,2,"{'minutes': 10, 'seconds': 23}",3.0,1.0,3,3,1,10,0,False,Timeout,"Timeout Wyoming, clock 10:23",,2025-10-12T00:05:35.000Z
401760391,4017603918,401760391102898001,8,3,San José State,Mountain West,28,Wyoming,Mountain West,14,Wyoming,San José State,2,"{'minutes': 10, 'seconds': 19}",3.0,1.0,2,2,1,2,2,True,Passing Touchdown,Walker Eget pass complete to Danny Scudero for 2 yds for a TD (Mathias Brown KICK),1.213235297672098,2025-10-12T00:05:41.000Z
401760391,4017603919,401760391102898003,9,1,San José State,Mountain West,28,Wyoming,Mountain West,14,Wyoming,San José State,2,"{'minutes': 10, 'seconds': 19}",3.0,1.0,65,65,1,10,0,False,Kickoff,Mathias Brown kickoff for 65 yds for a touchback,,2025-10-12T00:05:41.000Z
401760391,4017603919,401760391102917901,9,7,Wyoming,Mountain West,14,San José State,Mountain West,28,Wyoming,San José State,2,"{'minutes': 8, 'seconds': 20}",1.0,3.0,42,58,4,7,0,False,Punt,"Bart Edmiston punt for 43 yds, fair catch by Jaylen Thomas at the SJSU 15",,2025-10-12T00:11:33.000Z
401760391,4017603919,401760391102898005,9,2,Wyoming,Mountain West,14,San José State,Mountain West,28,Wyoming,San José State,2,"{'minutes': 10, 'seconds': 19}",1.0,3.0,25,75,1,10,3,False,Rush,Sam Scott run for 3 yds to the WYO 28,-0.2957674139440157,2025-10-12T00:05:41.000Z
401760391,4017603919,401760391102898006,9,3,Wyoming,Mountain West,14,San José State,Mountain West,28,Wyoming,San José State,2,"{'minutes': 10, 'seconds': 19}",1.0,3.0,28,72,2,7,11,False,Pass Reception,Kaden Anderson pass complete to Eric Richardson for 11 yds to the WYO 39 for a 1ST down,1.5185064972004712,2025-10-12T00:05:41.000Z
401760391,4017603919,401760391102898007,9,4,Wyoming,Mountain West,14,San José State,Mountain West,28,Wyoming,San José State,2,"{'minutes': 10, 'seconds': 19}",1.0,3.0,39,61,1,10,0,False,Pass Incompletion,Kaden Anderson pass incomplete to Eric Richardson,-1.1077677360468863,2025-10-12T00:05:41.000Z
401760391,4017603919,401760391102898008,9,5,Wyoming,Mountain West,14,San José State,Mountain West,28,Wyoming,San José State,2,"{'minutes': 10, 'seconds': 19}",1.0,3.0,39,61,2,10,3,False,Rush,Sam Scott run for 3 yds to the WYO 42,-0.3079777569559656,2025-10-12T00:05:41.000Z
401760391,4017603919,401760391102898009,9,6,Wyoming,Mountain West,14,San José State,Mountain West,28,Wyoming,San José State,2,"{'minutes': 10, 'seconds': 19}",1.0,3.0,42,58,3,7,0,False,Pass Incompletion,Kaden Anderson pass incomplete to Jaylen Sargent,-0.5911254181598018,2025-10-12T00:05:41.000Z
401760391,40176039110,401760391102927501,10,4,San José State,Mountain West,28,Wyoming,Mountain West,14,Wyoming,San José State,2,"{'minutes': 7, 'seconds': 24}",3.0,1.0,83,83,4,8,0,False,Punt,"Trent Carrizosa punt for 48 yds, fair catch by Deion DeBlanc at the WYO 35",,2025-10-12T00:16:40.000Z
401760391,40176039110,401760391102917904,10,1,San José State,Mountain West,28,Wyoming,Mountain West,14,Wyoming,San José State,2,"{'minutes': 8, 'seconds': 20}",3.0,1.0,85,85,1,10,2,False,Rush,Steve Chavez-Soto run for 2 yds to the SJSU 17,-0.28628930380234063,2025-10-12T00:11:36.000Z
401760391,40176039110,401760391102917905,10,2,San José State,Mountain West,28,Wyoming,Mountain West,14,Wyoming,San José State,2,"{'minutes': 8, 'seconds': 20}",3.0,1.0,83,83,2,8,0,False,Pass Incompletion,Walker Eget pass incomplete to Matthew Coleman,-0.28393189748991254,2025-10-12T00:11:36.000Z
401760391,40176039110,401760391102917906,10,3,San José State,Mountain West,28,Wyoming,Mountain West,14,Wyoming,San José State,2,"{'minutes': 8, 'seconds': 20}",3.0,1.0,83,83,3,8,0,False,Pass Incompletion,Walker Eget pass incomplete to Danny Scudero,-0.12471499618895887,2025-10-12T00:11:36.000Z
401760391,40176039111,401760391102927510,11,6,Wyoming,Mountain West,14,San José State,Mountain West,28,Wyoming,San José State,2,"{'minutes': 7, 'seconds': 24}",1.0,3.0,46,54,3,10,15,False,Penalty,"No Huddle-Shotgun Anderson,Kaden pass incomplete deep middle to Fitzgerald,Michael thrown to SJS20 PENALTY SJS Pass Interference (Thomas,Jaylen) 15 yards from WYO46 to SJS39, 1ST DOWN. NO PLAY.",,2025-10-12T00:21:03.000Z
401760391,40176039111,401760391102927516,11,11,Wyoming,Mountain West,14,San José State,Mountain West,28,Wyoming,San José State,2,"{'minutes': 7, 'seconds': 24}",1.0,3.0,76,24,3,8,5,False,Penalty,PENALTY SJS Delay Of Game 5 yards from SJS24 to SJS19. NO PLAY.,,2025-10-12T00:21:03.000Z
401760391,40176039111,401760391102927518,11,12,Wyoming,Mountain West,14,San José State,Mountain West,28,Wyoming,San José State,2,"{'minutes': 7, 'seconds': 24}",1.0,3.0,81,19,3,3,-5,False,Penalty,PENALTY WYO False Start 5 yards from SJS19 to SJS24. NO PLAY.,,2025-10-12T00:21:03.000Z
401760391,40176039111,401760391102927504,11,1,Wyoming,Mountain West,14,San José State,Mountain West,28,Wyoming,San José State,2,"{'minutes': 7, 'seconds': 24}",1.0,3.0,35,65,1,10,-1,False,Sack,Kaden Anderson sacked by Vili Taufatofua for a loss of 1 yard to the WYO 34,-1.1754014811374063,2025-10-12T00:19:21.000Z
401760391,40176039111,401760391102927505,11,2,Wyoming,Mountain West,14,San José State,Mountain West,28,Wyoming,San José State,2,"{'minutes': 7, 'seconds': 24}",1.0,3.0,34,66,2,11,10,False,Pass Reception,Kaden Anderson pass complete to Evan Svoboda for 10 yds to the WYO 44,1.1227871296156542,2025-10-12T00:20:31.000Z
401760391,40176039111,401760391102927506,11,3,Wyoming,Mountain West,14,San José State,Mountain West,28,Wyoming,San José State,2,"{'minutes': 7, 'seconds': 24}",1.0,3.0,44,56,3,1,2,False,Rush,Evan Svoboda run for 2 yds to the WYO 46 for a 1ST down,1.110433824527879,2025-10-12T00:21:03.000Z
401760391,40176039111,401760391102927507,11,4,Wyoming,Mountain West,14,San José State,Mountain West,28,Wyoming,San José State,2,"{'minutes': 7, 'seconds': 24}",1.0,3.0,46,54,1,10,0,False,Pass Incompletion,Kaden Anderson pass incomplete to Justin Erb,-1.1590089706435955,2025-10-12T00:21:03.000Z
401760391,40176039111,401760391102927508,11,5,Wyoming,Mountain West,14,San José State,Mountain West,28,Wyoming,San José State,2,"{'minutes': 7, 'seconds': 24}",1.0,3.0,46,54,2,10,0,False,Rush,Sam Scott run for no gain to the WYO 46,-0.9368191801087571,2025-10-12T00:21:03.000Z
401760391,40176039111,401760391102927512,11,7,Wyoming,Mountain West,14,San José State,Mountain West,28,Wyoming,San José State,2,"{'minutes': 7, 'seconds': 24}",1.0,3.0,61,39,1,10,7,False,Rush,Samuel Harris run for 7 yds to the SJSU 32,0.435345095661706,2025-10-12T00:21:03.000Z
401760391,40176039111,401760391102927513,11,8,Wyoming,Mountain West,14,San José State,Mountain West,28,Wyoming,San José State,2,"{'minutes': 7, 'seconds': 24}",1.0,3.0,68,32,2,3,6,False,Rush,Samuel Harris run for 6 yds to the SJSU 26 for a 1ST down,-0.0149086631383355,2025-10-12T00:21:03.000Z
401760391,40176039111,401760391102927514,11,9,Wyoming,Mountain West,14,San José State,Mountain West,28,Wyoming,San José State,2,"{'minutes': 7, 'seconds': 24}",1.0,3.0,74,26,1,10,0,False,Pass Incompletion,Kaden Anderson pass incomplete,-0.4710467974920665,2025-10-12T00:21:03.000Z
401760391,40176039111,401760391102927515,11,10,Wyoming,Mountain West,14,San José State,Mountain West,28,Wyoming,San José State,2,"{'minutes': 7, 'seconds': 24}",1.0,3.0,74,26,2,10,2,False,Rush,Max White run for 2 yds to the SJSU 24,-0.3344154137436685,2025-10-12T00:21:03.000Z
401760391,40176039111,401760391102927520,11,13,Wyoming,Mountain West,14,San José State,Mountain West,28,Wyoming,San José State,2,"{'minutes': 7, 'seconds': 24}",1.0,3.0,76,24,3,8,6,False,Pass Reception,Kaden Anderson pass complete to Chris Durr Jr. for 6 yds to the SJSU 18,0.1827424773165125,2025-10-12T00:21:03.000Z
401760391,40176039111,401760391102978701,11,14,Wyoming,Mountain West,14,San José State,Mountain West,28,Wyoming,San José State,2,"{'minutes': 2, 'seconds': 12}",1.0,3.0,82,18,4,2,1,False,Rush,Samuel Harris run for 1 yd to the SJSU 17,-3.657278143672597,2025-10-12T00:30:08.000Z
401760391,40176039112,401760391102978704,12,1,San José State,Mountain West,28,Wyoming,Mountain West,14,Wyoming,San José State,2,"{'minutes': 2, 'seconds': 12}",3.0,1.0,83,83,1,10,-5,False,Penalty,PENALTY SJS False Start 5 yards from SJS17 to SJS12. NO PLAY.,,2025-10-12T00:30:08.000Z
401760391,40176039112,401760391102984001,12,5,San José State,Mountain West,28,Wyoming,Mountain West,14,Wyoming,San José State,2,"{'minutes': 1, 'seconds': 59}",3.0,0.0,75,75,4,2,0,False,Timeout,"Timeout Wyoming, clock 01:59",,2025-10-11T23:50:01.000Z
401760391,40176039112,401760391102984901,12,6,San José State,Mountain West,28,Wyoming,Mountain West,14,Wyoming,San José State,2,"{'minutes': 1, 'seconds': 50}",3.0,0.0,75,75,4,2,6,False,Punt,"Trent Carrizosa punt for 49 yds , Deion DeBlanc returns for 6 yds to the WYO 32",,2025-10-12T00:36:34.000Z
401760391,40176039112,401760391102978706,12,2,San José State,Mountain West,28,Wyoming,Mountain West,14,Wyoming,San José State,2,"{'minutes': 2, 'seconds': 12}",3.0,1.0,88,88,1,15,0,False,Pass Incompletion,Walker Eget pass incomplete to Danny Scudero,-0.2032707836734975,2025-10-12T00:30:08.000Z
401760391,40176039112,401760391102978707,12,3,San José State,Mountain West,28,Wyoming,Mountain West,14,Wyoming,San José State,2,"{'minutes': 2, 'seconds': 12}",3.0,1.0,88,88,2,15,0,False,Pass Incompletion,Walker Eget pass incomplete to Matthew Coleman,-0.08938940584492806,2025-10-12T00:32:17.000Z
401760391,40176039112,401760391102978708,12,4,San José State,Mountain West,28,Wyoming,Mountain West,14,Wyoming,San José State,2,"{'minutes': 2, 'seconds': 12}",3.0,1.0,88,88,3,15,13,False,Pass Reception,Walker Eget pass complete to Leland Smith for 13 yds to the SJSU 25,0.25422139908104313,2025-10-12T00:32:17.000Z
401760391,40176039124,401760391104898501,24,6,San José State,Mountain West,28,Wyoming,Mountain West,14,Wyoming,San José State,4,"{'minutes': 10, 'seconds': 14}",3.0,2.0,36,36,4,2,0,False,Timeout,"Timeout Wyoming, clock 10:14",,2025-10-12T01:55:22.000Z
401760391,40176039124,401760391104868403,24,1,San José State,Mountain West,28,Wyoming,Mountain West,14,Wyoming,San José State,4,"{'minutes': 13, 'seconds': 15}",3.0,3.0,56,56,1,10,5,False,Rush,Lamar Radcliffe run for 5 yds to the SJSU 49,0.1087719603915716,2025-10-12T01:59:35.000Z
401760391,40176039124,401760391104868404,24,2,San José State,Mountain West,28,Wyoming,Mountain West,14,Wyoming,San José State,4,"{'minutes': 13, 'seconds': 15}",3.0,3.0,51,51,2,5,7,False,Pass Reception,Tama Amisone pass complete to Leland Smith for 7 yds to the WYO 44 for a 1ST down,0.848528463477713,2025-10-12T02:05:04.000Z
401760391,40176039124,401760391104868405,24,3,San José State,Mountain West,28,Wyoming,Mountain West,14,Wyoming,San José State,4,"{'minutes': 13, 'seconds': 15}",3.0,3.0,44,44,1,10,3,False,Rush,Tama Amisone run for 3 yds to the WYO 41,-0.3178831342797892,2025-10-12T02:05:04.000Z
401760391,40176039124,401760391104868406,24,4,San José State,Mountain West,28,Wyoming,Mountain West,14,Wyoming,San José State,4,"{'minutes': 13, 'seconds': 15}",3.0,3.0,41,41,2,7,0,False,Pass Incompletion,Tama Amisone pass incomplete,-1.040451324184561,2025-10-12T02:05:04.000Z
401760391,40176039124,401760391104868407,24,5,San José State,Mountain West,28,Wyoming,Mountain West,14,Wyoming,San José State,4,"{'minutes': 13, 'seconds': 15}",3.0,3.0,41,41,3,7,5,False,Pass Reception,Xavier Ward pass complete to Danny Scudero for 5 yds to the WYO 36,0.0684637602899245,2025-10-12T02:05:04.000Z
401760391,40176039124,401760391104904001,24,7,San José State,Mountain West,28,Wyoming,Mountain West,21,Wyoming,San José State,4,"{'minutes': 9, 'seconds': 59}",3.0,2.0,36,36,4,2,65,True,Interception Return Touchdown,Xavier Ward pass intercepted Brayden Johnson return for 65 yds for a TD (Erik Sandvik KICK),-9.297246944315553,2025-10-12T02:10:50.000Z
401760391,40176039125,401760391104904501,25,1,Wyoming,Mountain West,21,San José State,Mountain West,28,Wyoming,San José State,4,"{'minutes': 9, 'seconds': 54}",2.0,3.0,35,65,1,10,20,False,Kickoff Return (Offense),"Bart Edmiston kickoff for 65 yds , Jahari Johnson return for 20 yds to the SJSU 20",,2025-10-12T02:14:58.000Z
401760391,40176039125,401760391104904503,25,2,San José State,Mountain West,28,Wyoming,Mountain West,21,Wyoming,San José State,4,"{'minutes': 9, 'seconds': 54}",3.0,2.0,80,80,1,10,0,False,Pass Incompletion,Xavier Ward pass incomplete to Danny Scudero,-0.5586693796725282,2025-10-12T02:14:58.000Z
401760391,40176039125,401760391104904511,25,9,San José State,Mountain West,28,Wyoming,Mountain West,21,Wyoming,San José State,4,"{'minutes': 9, 'seconds': 54}",3.0,2.0,55,55,2,11,0,False,Penalty,"No Huddle-Shotgun Amisone,Tama pass incomplete short right to Coleman,Matthew thrown to SJS45 QB hurried by Johnson,Brayden PENALTY SJS Intentional Grounding. NO PLAY.",,2025-10-12T02:14:58.000Z
401760391,40176039125,401760391104904512,25,10,San José State,Mountain West,28,Wyoming,Mountain West,21,Wyoming,San José State,4,"{'minutes': 9, 'seconds': 54}",3.0,2.0,55,55,3,11,15,False,Penalty,"Wyoming Penalty, Personal Foul (Ben Florentine) to the SJSU 46 for a 1ST down",,2025-10-12T02:14:58.000Z
401760391,40176039125,401760391104904515,25,12,San José State,Mountain West,28,Wyoming,Mountain West,21,Wyoming,San José State,4,"{'minutes': 9, 'seconds': 54}",3.0,2.0,53,53,2,9,0,False,Penalty,"San José State Penalty, Offensive Holding (Jahari Johnson) declined",,2025-10-12T02:14:58.000Z
401760391,40176039125,401760391104955701,25,14,San José State,Mountain West,28,Wyoming,Mountain West,21,Wyoming,San José State,4,"{'minutes': 4, 'seconds': 42}",3.0,2.0,53,53,4,9,0,False,Punt,"Trent Carrizosa punt for 38 yds, fair catch by Charlie Coenen at the WYO 15",,2025-10-12T02:25:18.000Z
401760391,40176039125,401760391104904504,25,3,San José State,Mountain West,28,Wyoming,Mountain West,21,Wyoming,San José State,4,"{'minutes': 9, 'seconds': 54}",3.0,2.0,80,80,2,10,5,False,Pass Reception,Tama Amisone pass complete to Jackson Canaan for 5 yds to the SJSU 25,0.03780033731591903,2025-10-12T02:14:58.000Z
401760391,40176039125,401760391104904505,25,4,San José State,Mountain West,28,Wyoming,Mountain West,21,Wyoming,San José State,4,"{'minutes': 9, 'seconds': 54}",3.0,2.0,75,75,3,5,9,False,Pass Reception,Tama Amisone pass complete to Matthew Coleman for 9 yds to the SJSU 34 for a 1ST down,1.5701574482320977,2025-10-12T02:14:58.000Z
401760391,40176039125,401760391104904506,25,5,San José State,Mountain West,28,Wyoming,Mountain West,21,Wyoming,San José State,4,"{'minutes': 9, 'seconds': 54}",3.0,2.0,66,66,1,10,5,False,Pass Reception,Tama Amisone pass complete to Danny Scudero for 5 yds to the SJSU 39,0.1079221455143812,2025-10-12T02:14:58.000Z
401760391,40176039125,401760391104904507,25,6,San José State,Mountain West,28,Wyoming,Mountain West,21,Wyoming,San José State,4,"{'minutes': 9, 'seconds': 54}",3.0,2.0,61,61,2,5,3,False,Rush,Steve Chavez-Soto run for 3 yds to the SJSU 42,-0.4144458747178116,2025-10-12T02:14:58.000Z
401760391,40176039125,401760391104904508,25,7,San José State,Mountain West,28,Wyoming,Mountain West,21,Wyoming,San José State,4,"{'minutes': 9, 'seconds': 54}",3.0,2.0,58,58,3,2,4,False,Pass Reception,Tama Amisone pass complete to Matthew Coleman for 4 yds to the SJSU 46 for a 1ST down,1.4583955812478366,2025-10-12T02:14:58.000Z
401760391,40176039125,401760391104904509,25,8,San José State,Mountain West,28,Wyoming,Mountain West,21,Wyoming,San José State,4,"{'minutes': 9, 'seconds': 54}",3.0,2.0,54,54,1,10,-1,False,Rush,Tama Amisone run for a loss of 1 yard to the SJSU 45,-1.3849425437606688,2025-10-12T02:14:58.000Z
401760391,40176039125,401760391104904514,25,11,San José State,Mountain West,28,Wyoming,Mountain West,21,Wyoming,San José State,4,"{'minutes': 9, 'seconds': 54}",3.0,2.0,54,54,1,10,1,False,Rush,Steve Chavez-Soto run for 1 yd to the SJSU 47,-0.921128701529616,2025-10-12T02:14:58.000Z
401760391,40176039125,401760391104904516,25,13,San José State,Mountain West,28,Wyoming,Mountain West,21,Wyoming,San José State,4,"{'minutes': 9, 'seconds': 54}",3.0,2.0,53,53,3,9,0,False,Pass Incompletion,Tama Amisone pass incomplete to Kyri Shoels,-0.6542406523621773,2025-10-12T02:23:52.000Z
401760391,40176039126,401760391104955703,26,1,Wyoming,Mountain West,21,San José State,Mountain West,28,Wyoming,San José State,4,"{'minutes': 4, 'seconds': 42}",2.0,3.0,15,85,1,10,15,False,Penalty,"Shotgun Anderson,Kaden pass incomplete deep middle to Durr,Chris thrown to WYO35 PENALTY SJS Pass Interference 15 yards from WYO15 to WYO30, 1ST DOWN. NO PLAY.",,2025-10-12T02:25:18.000Z
401760391,40176039126,401760391104955706,26,2,Wyoming,Mountain West,21,San José State,Mountain West,28,Wyoming,San José State,4,"{'minutes': 4, 'seconds': 42}",2.0,3.0,30,70,1,10,15,False,Penalty,"No Huddle Anderson,Kaden pass complete short right to Harris,Samuel caught at WYO29, for 1 yard loss to the WYO29 (Revis,Isiah) PENALTY SJS Roughing The Passer 15 yards from WYO30 to WYO45, 1ST DOWN. NO PLAY.",,2025-10-12T02:25:18.000Z
401760391,40176039126,401760391104958701,26,3,Wyoming,Mountain West,21,San José State,Mountain West,28,Wyoming,San José State,4,"{'minutes': 4, 'seconds': 12}",1.0,3.0,45,55,1,10,0,False,Timeout,"Timeout Wyoming, clock 04:12",,2025-10-12T02:10:50.000Z
401760391,40176039126,401760391104958703,26,4,Wyoming,Mountain West,21,San José State,Mountain West,28,Wyoming,San José State,4,"{'minutes': 4, 'seconds': 12}",1.0,3.0,45,55,1,10,5,False,Pass Reception,Kaden Anderson pass complete to Deion DeBlanc for 5 yds to the 50 yard line,0.1079044232439195,2025-10-12T02:31:22.000Z
401760391,40176039126,401760391104958704,26,5,Wyoming,Mountain West,21,San José State,Mountain West,28,Wyoming,San José State,4,"{'minutes': 4, 'seconds': 12}",1.0,3.0,50,50,2,5,0,False,Pass Incompletion,Kaden Anderson pass incomplete to Evan Svoboda,-1.197413517847938,2025-10-12T02:31:22.000Z
401760391,40176039126,401760391104958705,26,6,Wyoming,Mountain West,21,San José State,Mountain West,28,Wyoming,San José State,4,"{'minutes': 4, 'seconds': 12}",1.0,3.0,50,50,3,5,0,False,Pass Incompletion,Kaden Anderson pass incomplete to Evan Svoboda,-0.939381819887151,2025-10-12T02:31:22.000Z
401760391,40176039126,401760391104958706,26,7,Wyoming,Mountain West,21,San José State,Mountain West,28,Wyoming,San José State,4,"{'minutes': 4, 'seconds': 12}",1.0,3.0,50,50,4,5,5,False,Pass Reception,Kaden Anderson pass complete to Deion DeBlanc for 5 yds to the SJSU 45 for a 1ST down,2.8289900667404666,2025-10-12T02:31:22.000Z
401760391,40176039126,401760391104958707,26,8,Wyoming,Mountain West,21,San José State,Mountain West,28,Wyoming,San José State,4,"{'minutes': 4, 'seconds': 12}",1.0,3.0,55,45,1,10,0,False,Pass Incompletion,Kaden Anderson pass incomplete to Michael Fitzgerald,-0.997770018980635,2025-10-12T02:31:22.000Z
401760391,40176039126,401760391104975501,26,9,Wyoming,Mountain West,28,San José State,Mountain West,28,Wyoming,San José State,4,"{'minutes': 2, 'seconds': 44}",1.0,3.0,55,45,2,10,45,True,Passing Touchdown,Kaden Anderson pass complete to Charlie Coenen for 45 yds for a TD (Erik Sandvik KICK),4.474284104047703,2025-10-12T02:34:58.000Z
401760391,40176039127,401760391104975503,27,1,Wyoming,Mountain West,28,San José State,Mountain West,28,Wyoming,San José State,4,"{'minutes': 2, 'seconds': 44}",1.0,3.0,35,65,1,10,0,False,Kickoff,Bart Edmiston kickoff for 65 yds for a touchback,,2025-10-12T02:37:10.000Z
401760391,40176039127,401760391104979901,27,3,San José State,Mountain West,28,Wyoming,Mountain West,28,Wyoming,San José State,4,"{'minutes': 2, 'seconds': 0}",3.0,0.0,65,65,1,10,0,False,Timeout,"Timeout Wyoming, clock 02:00",,2025-10-12T02:10:50.000Z
401760391,40176039127,401760391104988601,27,7,San José State,Mountain West,28,Wyoming,Mountain West,28,Wyoming,San José State,4,"{'minutes': 1, 'seconds': 13}",3.0,0.0,60,60,4,5,0,False,Punt,Trent Carrizosa punt for 60 yds for a touchback,,2025-10-12T02:43:29.000Z
401760391,40176039127,401760391104975505,27,2,San José State,Mountain West,28,Wyoming,Mountain West,28,Wyoming,San José State,4,"{'minutes': 2, 'seconds': 44}",3.0,1.0,75,75,1,10,10,False,Pass Reception,Walker Eget pass complete to Danny Scudero for 10 yds to the SJSU 35 for a 1ST down,0.8350381090299867,2025-10-12T02:37:10.000Z
401760391,40176039127,401760391104979902,27,4,San José State,Mountain West,28,Wyoming,Mountain West,28,Wyoming,San José State,4,"{'minutes': 2, 'seconds': 0}",3.0,0.0,65,65,1,10,0,False,Pass Incompletion,Walker Eget pass incomplete to Danny Scudero,-1.0146424556055624,2025-10-12T02:41:32.000Z
401760391,40176039127,401760391104979903,27,5,San José State,Mountain West,28,Wyoming,Mountain West,28,Wyoming,San José State,4,"{'minutes': 2, 'seconds': 0}",3.0,0.0,65,65,2,10,5,False,Pass Reception,Walker Eget pass complete to Matthew Coleman for 5 yds to the SJSU 40,0.0590155037822537,2025-10-12T02:41:32.000Z
401760391,40176039127,401760391104979904,27,6,San José State,Mountain West,28,Wyoming,Mountain West,28,Wyoming,San José State,4,"{'minutes': 2, 'seconds': 0}",3.0,0.0,60,60,3,5,0,False,Pass Incompletion,Walker Eget pass incomplete to Danny Scudero,-0.6307534784851327,2025-10-12T02:42:46.000Z
401760391,40176039128,401760391104994301,28,3,Wyoming,Mountain West,28,San José State,Mountain West,28,Wyoming,San José State,4,"{'minutes': 0, 'seconds': 56}",-1.0,3.0,73,27,2,9,0,False,Timeout,"Timeout Wyoming, clock 00:56",,2025-10-12T02:43:29.000Z
401760391,40176039128,401760391104994801,28,5,Wyoming,Mountain West,28,San José State,Mountain West,28,Wyoming,San José State,4,"{'minutes': 0, 'seconds': 51}",-2.0,3.0,72,28,3,10,0,False,Timeout,"Timeout Wyoming, clock 00:51",,2025-10-12T02:43:29.000Z
401760391,40176039128,401760391104988604,28,1,Wyoming,Mountain West,28,San José State,Mountain West,28,Wyoming,San José State,4,"{'minutes': 1, 'seconds': 13}",0.0,3.0,20,80,1,10,52,False,Pass Reception,Kaden Anderson pass complete to Samuel Harris for 52 yds to the SJSU 28 for a 1ST down,3.6220433214666716,2025-10-12T02:43:29.000Z
401760391,40176039128,401760391104988605,28,2,Wyoming,Mountain West,28,San José State,Mountain West,28,Wyoming,San José State,4,"{'minutes': 1, 'seconds': 13}",0.0,3.0,72,28,1,10,1,False,Rush,Terron Kellman run for 1 yd to the SJSU 27,-0.3905035886634815,2025-10-12T02:43:29.000Z
401760391,40176039128,401760391104994302,28,4,Wyoming,Mountain West,28,San José State,Mountain West,28,Wyoming,San José State,4,"{'minutes': 0, 'seconds': 56}",-1.0,3.0,73,27,2,9,-1,False,Rush,Terron Kellman run for a loss of 1 yard to the SJSU 28,-0.8222233193568158,2025-10-12T02:43:29.000Z
401760391,40176039128,401760391104995901,28,6,Wyoming,Mountain West,35,San José State,Mountain West,28,Wyoming,San José State,4,"{'minutes': 0, 'seconds': 40}",-2.0,3.0,72,28,3,10,28,True,Rushing Touchdown,Terron Kellman run for 28 yds for a TD (Erik Sandvik KICK),3.9767413821587283,2025-10-12T02:43:29.000Z
401760391,40176039129,401760391104998505,29,10,San José State,Mountain West,28,Wyoming,Mountain West,35,Wyoming,San José State,4,"{'minutes': 0, 'seconds': 0}",3.0,-3.0,45,45,0,10,0,False,End of Game,End of 4th Quarter,,2025-10-12T02:43:29.000Z
401760391,40176039129,401760391104995903,29,1,Wyoming,Mountain West,35,San José State,Mountain West,28,Wyoming,San José State,4,"{'minutes': 0, 'seconds': 40}",-2.0,3.0,35,65,1,10,0,False,Kickoff,Bart Edmiston kickoff for 65 yds for a touchback,,2025-10-12T02:43:29.000Z
401760391,40176039129,401760391104995906,29,3,San José State,Mountain West,28,Wyoming,Mountain West,35,Wyoming,San José State,4,"{'minutes': 0, 'seconds': 40}",3.0,-2.0,67,67,2,2,-5,False,Penalty,PENALTY SJS False Start 5 yards from SJS33 to SJS28. NO PLAY.,,2025-10-12T02:43:29.000Z
401760391,40176039129,401760391104998501,29,7,San José State,Mountain West,28,Wyoming,Mountain West,35,Wyoming,San José State,4,"{'minutes': 0, 'seconds': 14}",3.0,-3.0,54,54,3,1,0,False,Timeout,"Timeout Wyoming, clock 00:14",,2025-10-12T02:43:29.000Z
401760391,40176039129,401760391104995908,29,4,San José State,Mountain West,28,Wyoming,Mountain West,35,Wyoming,San José State,4,"{'minutes': 0, 'seconds': 40}",3.0,-2.0,72,72,2,7,9,False,Pass Reception,Walker Eget pass complete to Leland Smith for 9 yds to the SJSU 37 for a 1ST down,1.323011740087587,2025-10-12T02:43:29.000Z
401760391,40176039129,401760391104995909,29,5,San José State,Mountain West,28,Wyoming,Mountain West,35,Wyoming,San José State,4,"{'minutes': 0, 'seconds': 40}",3.0,-2.0,63,63,1,10,9,False,Pass Reception,Walker Eget pass complete to Danny Scudero for 9 yds to the SJSU 46,1.3755540761931897,2025-10-12T02:43:29.000Z
401760391,40176039129,401760391104995910,29,6,San José State,Mountain West,28,Wyoming,Mountain West,35,Wyoming,San José State,4,"{'minutes': 0, 'seconds': 40}",3.0,-2.0,54,54,2,1,0,False,Pass Incompletion,Walker Eget pass incomplete,-1.431154289600899,2025-10-12T02:43:29.000Z
401760391,40176039129,401760391104998503,29,9,San José State,Mountain West,28,Wyoming,Mountain West,35,Wyoming,San José State,4,"{'minutes': 0, 'seconds': 14}",3.0,-3.0,45,45,1,10,0,False,Pass Incompletion,Walker Eget pass incomplete to Danny Scudero,-0.997770018980635,2025-10-12T02:43:29.000Z
401760391,40176039129,401760391104999901,29,11,San José State,Mountain West,28,Wyoming,Mountain West,35,Wyoming,San José State,4,"{'minutes': 0, 'seconds': 0}",3.0,-3.0,45,45,2,10,0,False,Pass Incompletion,Walker Eget pass incomplete,-1.067301371027259,2025-10-12T02:43:29.000Z
401760391,40176039129,401760391104995905,29,2,San José State,Mountain West,28,Wyoming,Mountain West,35,Wyoming,San José State,4,"{'minutes': 0, 'seconds': 40}",3.0,-2.0,75,75,1,10,8,False,Pass Reception,Walker Eget pass complete to Kyri Shoels for 8 yds to the SJSU 33,0.9104368550610653,2025-10-12T02:43:29.000Z
401760391,40176039129,401760391104998502,29,8,San José State,Mountain West,28,Wyoming,Mountain West,35,Wyoming,San José State,4,"{'minutes': 0, 'seconds': 14}",3.0,-3.0,54,54,3,1,9,False,Pass Reception,Walker Eget pass complete to Kyri Shoels for 9 yds to the WYO 45 for a 1ST down,1.6295969219183917,2025-10-12T02:43:29.000Z
401760391,4017603911,401760391101849905,1,1,San José State,Mountain West,0,Wyoming,Mountain West,0,Wyoming,San José State,1,"{'minutes': 15, 'seconds': 0}",3.0,3.0,75,75,1,10,0,False,Pass Incompletion,Walker Eget pass incomplete to Danny Scudero,-0.7029700220436519,2025-10-11T23:10:03.000Z
401760391,4017603911,401760391101849906,1,2,San José State,Mountain West,0,Wyoming,Mountain West,0,Wyoming,San José State,1,"{'minutes': 15, 'seconds': 0}",3.0,3.0,75,75,2,10,2,False,Rush,Lamar Radcliffe run for 2 yds to the SJSU 27,-0.2284411734150149,2025-10-11T23:10:03.000Z
401760391,4017603911,401760391101849907,1,3,San José State,Mountain West,0,Wyoming,Mountain West,0,Wyoming,San José State,1,"{'minutes': 15, 'seconds': 0}",3.0,3.0,73,73,3,8,17,False,Pass Reception,Walker Eget pass complete to Danny Scudero for 17 yds to the SJSU 44 for a 1ST down,2.6389835338006824,2025-10-11T23:10:03.000Z
401760391,4017603911,401760391101849909,1,4,San José State,Mountain West,0,Wyoming,Mountain West,0,Wyoming,San José State,1,"{'minutes': 15, 'seconds': 0}",3.0,3.0,56,56,1,10,9,False,Pass Reception,Walker Eget pass complete to Matthew Coleman for 9 yds to the WYO 47,1.257116610962765,2025-10-11T23:10:03.000Z
401760391,4017603911,401760391101849910,1,5,San José State,Mountain West,0,Wyoming,Mountain West,0,Wyoming,San José State,1,"{'minutes': 15, 'seconds': 0}",3.0,3.0,47,47,2,1,4,False,Rush,Steve Chavez-Soto run for 4 yds to the WYO 43 for a 1ST down,-0.2393039175143132,2025-10-11T23:11:02.000Z
401760391,4017603911,401760391101876001,1,6,San José State,Mountain West,7,Wyoming,Mountain West,0,Wyoming,San José State,1,"{'minutes': 12, 'seconds': 39}",3.0,3.0,43,43,1,10,43,True,Passing Touchdown,Walker Eget pass complete to Danny Scudero for 43 yds for a TD (Mathias Brown KICK),3.3523700879308542,2025-10-11T23:11:42.000Z
401760391,40176039113,401760391102994801,13,6,Wyoming,Mountain West,14,San José State,Mountain West,28,Wyoming,San José State,2,"{'minutes': 0, 'seconds': 51}",0.0,3.0,47,53,4,5,0,False,Punt,"Bart Edmiston punt for 37 yds, fair catch by Jaylen Thomas at the SJSU 16",,2025-10-12T00:36:34.000Z
401760391,40176039113,401760391102984904,13,1,Wyoming,Mountain West,14,San José State,Mountain West,28,Wyoming,San José State,2,"{'minutes': 1, 'seconds': 50}",0.0,3.0,32,68,1,10,9,False,Pass Reception,Kaden Anderson pass complete to Evan Svoboda for 9 yds to the WYO 41,1.3745145306761655,2025-10-12T00:36:34.000Z
401760391,40176039113,401760391102984905,13,2,Wyoming,Mountain West,14,San José State,Mountain West,28,Wyoming,San José State,2,"{'minutes': 1, 'seconds': 50}",0.0,3.0,41,59,2,1,-1,False,Fumble Recovery (Own),"Kaden Anderson sacked by Vili Taufatofua for a loss of 1 yard to the WYO 42 Kaden Anderson fumbled, recovered by WYO Rex Johnsen , return for 0 yards for a 1ST down",-1.6646836572478507,2025-10-12T00:36:34.000Z
401760391,40176039113,401760391102984906,13,3,Wyoming,Mountain West,14,San José State,Mountain West,28,Wyoming,San José State,2,"{'minutes': 1, 'seconds': 50}",0.0,3.0,42,58,1,10,2,False,Pass Reception,Kaden Anderson pass complete to Evan Svoboda for 2 yds to the WYO 44,-0.686234543960909,2025-10-12T00:36:34.000Z
401760391,40176039113,401760391102984907,13,4,Wyoming,Mountain West,14,San José State,Mountain West,28,Wyoming,San José State,2,"{'minutes': 1, 'seconds': 50}",0.0,3.0,44,56,2,8,3,False,Pass Reception,Kaden Anderson pass complete to Sam Scott for 3 yds to the WYO 47,-0.3940896815327282,2025-10-12T00:36:34.000Z
401760391,40176039113,401760391102984908,13,5,Wyoming,Mountain West,14,San José State,Mountain West,28,Wyoming,San José State,2,"{'minutes': 1, 'seconds': 50}",0.0,3.0,47,53,3,5,0,False,Pass Incompletion,Kaden Anderson pass incomplete,-0.8518669996526445,2025-10-12T00:36:34.000Z
401760391,40176039114,401760391102995101,14,3,San José State,Mountain West,28,Wyoming,Mountain West,14,Wyoming,San José State,2,"{'minutes': 0, 'seconds': 48}",3.0,-1.0,85,85,3,11,0,False,Timeout,"Timeout Wyoming, clock 00:48",,2025-10-12T00:36:34.000Z
401760391,40176039114,401760391102995701,14,5,San José State,Mountain West,28,Wyoming,Mountain West,14,Wyoming,San José State,2,"{'minutes': 0, 'seconds': 42}",3.0,-2.0,75,75,4,1,0,False,Timeout,"Timeout Wyoming, clock 00:42",,2025-10-12T00:36:34.000Z
401760391,40176039114,401760391102997001,14,6,San José State,Mountain West,28,Wyoming,Mountain West,14,Wyoming,San José State,2,"{'minutes': 0, 'seconds': 29}",3.0,-2.0,75,75,4,1,8,False,Punt,"Trent Carrizosa punt for 63 yds , Deion DeBlanc returns for 8 yds to the WYO 20",,2025-10-12T00:45:52.000Z
401760391,40176039114,401760391102994804,14,1,San José State,Mountain West,28,Wyoming,Mountain West,14,Wyoming,San José State,2,"{'minutes': 0, 'seconds': 51}",3.0,0.0,84,84,1,10,0,False,Pass Incompletion,Walker Eget pass incomplete to Danny Scudero,-0.46182849902011913,2025-10-12T00:36:34.000Z
401760391,40176039114,401760391102994805,14,2,San José State,Mountain West,28,Wyoming,Mountain West,14,Wyoming,San José State,2,"{'minutes': 0, 'seconds': 51}",3.0,0.0,84,84,2,10,-1,False,Rush,Lamar Radcliffe run for a loss of 1 yard to the SJSU 15,-0.23570441345484475,2025-10-12T00:36:34.000Z
401760391,40176039114,401760391102995102,14,4,San José State,Mountain West,28,Wyoming,Mountain West,14,Wyoming,San José State,2,"{'minutes': 0, 'seconds': 48}",3.0,-1.0,85,85,3,11,10,False,Pass Reception,Walker Eget pass complete to Danny Scudero for 10 yds to the SJSU 25,0.23435452413576655,2025-10-12T00:36:34.000Z
401760391,40176039115,401760391102998102,15,6,Wyoming,Mountain West,14,San José State,Mountain West,28,Wyoming,San José State,2,"{'minutes': 0, 'seconds': 0}",-3.0,3.0,51,49,0,10,0,False,End of Half,End of 2nd Quarter,,2025-10-12T00:45:52.000Z
401760391,40176039115,401760391102997901,15,2,Wyoming,Mountain West,14,San José State,Mountain West,28,Wyoming,San José State,2,"{'minutes': 0, 'seconds': 20}",-3.0,3.0,25,75,2,5,0,False,Timeout,"Timeout Wyoming, clock 00:20",,2025-10-12T00:45:52.000Z
401760391,40176039115,401760391102997902,15,3,Wyoming,Mountain West,14,San José State,Mountain West,28,Wyoming,San José State,2,"{'minutes': 0, 'seconds': 20}",-3.0,3.0,25,75,2,5,26,False,Pass Reception,Kaden Anderson pass complete to Jaylen Sargent for 26 yds to the SJSU 49 for a 1ST down,2.538220468323816,2025-10-12T00:45:52.000Z
401760391,40176039115,401760391102997904,15,5,Wyoming,Mountain West,14,San José State,Mountain West,28,Wyoming,San José State,2,"{'minutes': 0, 'seconds': 20}",-3.0,3.0,51,49,2,10,0,False,Pass Incompletion,Kaden Anderson pass incomplete to Jaylen Sargent,-1.038925163719686,2025-10-12T00:45:52.000Z
401760391,40176039115,401760391102999901,15,7,Wyoming,Mountain West,14,San José State,Mountain West,28,Wyoming,San José State,2,"{'minutes': 0, 'seconds': 0}",-3.0,3.0,51,49,3,10,22,False,Pass Reception,Kaden Anderson pass complete to Jaylan Bean for 22 yds to the SJSU 27 for a 1ST down,3.155563741147539,2025-10-12T00:45:52.000Z
401760391,40176039115,401760391102997903,15,4,Wyoming,Mountain West,14,San José State,Mountain West,28,Wyoming,San José State,2,"{'minutes': 0, 'seconds': 20}",-3.0,3.0,51,49,1,10,0,False,Pass Incompletion,Kaden Anderson pass incomplete,-1.0955888671820908,2025-10-12T00:45:52.000Z
401760391,40176039115,401760391102997004,15,1,Wyoming,Mountain West,14,San José State,Mountain West,28,Wyoming,San José State,2,"{'minutes': 0, 'seconds': 29}",-2.0,3.0,20,80,1,10,5,False,Rush,Kaden Anderson run for 5 yds to the WYO 25,0.0855067756440384,2025-10-12T00:45:52.000Z
401760391,40176039116,401760391103849903,16,1,San José State,Mountain West,28,Wyoming,Mountain West,14,Wyoming,San José State,3,"{'minutes': 15, 'seconds': 0}",3.0,3.0,65,65,1,10,0,False,Kickoff,Mathias Brown kickoff for 65 yds for a touchback,,2025-10-12T01:11:27.000Z
401760391,40176039116,401760391103874201,16,5,Wyoming,Mountain West,14,San José State,Mountain West,28,Wyoming,San José State,3,"{'minutes': 12, 'seconds': 57}",3.0,3.0,28,72,4,7,10,False,Punt,"Bart Edmiston punt for 62 yds , Jaylen Thomas returns for 10 yds to the SJSU 20",,2025-10-12T01:15:25.000Z
401760391,40176039116,401760391103849905,16,2,Wyoming,Mountain West,14,San José State,Mountain West,28,Wyoming,San José State,3,"{'minutes': 15, 'seconds': 0}",3.0,3.0,25,75,1,10,4,False,Rush,Kaden Anderson run for 4 yds to the WYO 29,-0.1142886249388964,2025-10-12T01:11:27.000Z
401760391,40176039116,401760391103849906,16,3,Wyoming,Mountain West,14,San José State,Mountain West,28,Wyoming,San José State,3,"{'minutes': 15, 'seconds': 0}",3.0,3.0,29,71,2,6,-4,False,Rush,Terron Kellman run for a loss of 4 yards to the WYO 25,-0.9357862742264942,2025-10-12T01:11:27.000Z
401760391,40176039116,401760391103849907,16,4,Wyoming,Mountain West,14,San José State,Mountain West,28,Wyoming,San José State,3,"{'minutes': 15, 'seconds': 0}",3.0,3.0,25,75,3,10,3,False,Pass Reception,Kaden Anderson pass complete to Evan Svoboda for 3 yds to the WYO 28,-0.07100305459102607,2025-10-12T01:14:06.000Z
401760391,40176039117,401760391103894501,17,6,San José State,Mountain West,28,Wyoming,Mountain West,14,Wyoming,San José State,3,"{'minutes': 10, 'seconds': 54}",3.0,3.0,62,62,4,4,52,False,Punt,Trent Carrizosa punt for 51 yds,,2025-10-12T01:22:45.000Z
401760391,40176039117,401760391103874203,17,1,San José State,Mountain West,28,Wyoming,Mountain West,14,Wyoming,San José State,3,"{'minutes': 12, 'seconds': 57}",3.0,3.0,80,80,1,10,5,False,Rush,Steve Chavez-Soto run for 5 yds to the SJSU 25,0.0855067756440384,2025-10-12T01:15:25.000Z
401760391,40176039117,401760391103874204,17,2,San José State,Mountain West,28,Wyoming,Mountain West,14,Wyoming,San José State,3,"{'minutes': 12, 'seconds': 57}",3.0,3.0,75,75,2,5,7,False,Pass Reception,Walker Eget pass complete to Jackson Canaan for 7 yds to the SJSU 32 for a 1ST down,0.7812403043192049,2025-10-12T01:16:28.000Z
401760391,40176039117,401760391103874205,17,3,San José State,Mountain West,28,Wyoming,Mountain West,14,Wyoming,San José State,3,"{'minutes': 12, 'seconds': 57}",3.0,3.0,68,68,1,10,0,False,Pass Incompletion,Walker Eget pass incomplete to Danny Scudero,-0.9262377870973815,2025-10-12T01:16:28.000Z
401760391,40176039117,401760391103874206,17,4,San José State,Mountain West,28,Wyoming,Mountain West,14,Wyoming,San José State,3,"{'minutes': 12, 'seconds': 57}",3.0,3.0,68,68,2,10,0,False,Pass Incompletion,Walker Eget pass incomplete to Leland Smith,-0.5135431143257803,2025-10-12T01:16:28.000Z
401760391,40176039117,401760391103874207,17,5,San José State,Mountain West,28,Wyoming,Mountain West,14,Wyoming,San José State,3,"{'minutes': 12, 'seconds': 57}",3.0,3.0,68,68,3,10,6,False,Pass Reception,Walker Eget pass complete to Cooper Hoch for 6 yds to the SJSU 38,0.11254184275585022,2025-10-12T01:16:28.000Z
401760391,40176039118,401760391103894505,18,3,San José State,Mountain West,28,Wyoming,Mountain West,14,Wyoming,San José State,3,"{'minutes': 10, 'seconds': 54}",3.0,3.0,9,9,3,9,-5,False,Penalty,PENALTY SJS False Start 5 yards from WYO09 to WYO14. NO PLAY.,,2025-10-12T01:19:36.000Z
401760391,40176039118,401760391103894503,18,1,San José State,Mountain West,28,Wyoming,Mountain West,14,Wyoming,San José State,3,"{'minutes': 10, 'seconds': 54}",3.0,3.0,10,10,1,10,5,False,Rush,Lamar Radcliffe run for 5 yds to the WYO 5,0.075249150719522,2025-10-12T01:19:36.000Z
401760391,40176039118,401760391103894504,18,2,San José State,Mountain West,28,Wyoming,Mountain West,14,Wyoming,San José State,3,"{'minutes': 10, 'seconds': 54}",3.0,3.0,5,5,2,5,-4,False,Rush,Walker Eget run for a loss of 4 yards to the WYO 9,-0.571534963202316,2025-10-12T01:19:36.000Z
401760391,40176039118,401760391103909201,18,4,San José State,Mountain West,28,Wyoming,Mountain West,14,Wyoming,San José State,3,"{'minutes': 9, 'seconds': 7}",3.0,3.0,14,14,3,14,-14,False,Fumble Recovery (Own),"Walker Eget sacked by Tyce Westland for a loss of 14 yards to the WYO 43 Walker Eget fumbled, recovered by WYO Chisom Ifeanyi , return for 0 yards",-3.2145133865517677,2025-10-12T01:23:11.000Z
401760391,40176039119,401760391103909203,19,1,Wyoming,Mountain West,14,San José State,Mountain West,28,Wyoming,San José State,3,"{'minutes': 9, 'seconds': 7}",3.0,3.0,43,57,1,10,4,False,Rush,Terron Kellman run for 4 yds to the WYO 47,-0.1651640993405828,2025-10-12T01:23:11.000Z
401760391,40176039119,401760391103917301,19,2,Wyoming,Mountain West,14,San José State,Mountain West,28,Wyoming,San José State,3,"{'minutes': 8, 'seconds': 26}",3.0,3.0,47,53,2,6,0,False,Pass Interception Return,Kaden Anderson pass intercepted Jalen Bainer return for no gain to the SJSU 34,-2.3695192031480907,2025-10-12T01:26:46.000Z
401760391,40176039120,401760391103917305,20,3,San José State,Mountain West,28,Wyoming,Mountain West,14,Wyoming,San José State,3,"{'minutes': 8, 'seconds': 26}",3.0,3.0,63,63,3,7,10,False,Penalty,"No Huddle-Shotgun Ward,Xavier pass incomplete deep right to Scudero,Danny thrown to WYO28 PENALTY WYO Holding 10 yards from SJS37 to SJS47, 1ST DOWN. NO PLAY.",,2025-10-12T01:29:33.000Z
401760391,40176039120,401760391103917306,20,4,San José State,Mountain West,28,Wyoming,Mountain West,14,Wyoming,San José State,3,"{'minutes': 8, 'seconds': 26}",3.0,3.0,53,53,1,10,-5,False,Penalty,"No Huddle-Shotgun Ward,Xavier pass incomplete short left to Smith,Leland thrown to WYO50 PENALTY SJS Ineligible Downfield on Pass 5 yards from SJS47 to SJS42. NO PLAY.",,2025-10-12T01:29:33.000Z
401760391,40176039120,401760391103917314,20,10,San José State,Mountain West,28,Wyoming,Mountain West,14,Wyoming,San José State,3,"{'minutes': 8, 'seconds': 26}",3.0,3.0,32,32,1,10,-10,False,Penalty,"No Huddle-Shotgun Ward,Xavier rush left for 8 yards gain to the WYO24 (Johnson,Brayden) PENALTY SJS Holding 10 yards from WYO32 to WYO42. NO PLAY.",,2025-10-12T01:29:33.000Z
401760391,40176039120,401760391103974901,20,14,San José State,Mountain West,28,Wyoming,Mountain West,14,Wyoming,San José State,3,"{'minutes': 2, 'seconds': 50}",3.0,3.0,35,35,4,13,53,False,Field Goal Missed,Mathias Brown 53 yd FG MISSED,,2025-10-12T01:40:05.000Z
401760391,40176039120,401760391103917303,20,1,San José State,Mountain West,28,Wyoming,Mountain West,14,Wyoming,San José State,3,"{'minutes': 8, 'seconds': 26}",3.0,3.0,66,66,1,10,3,False,Rush,Steve Chavez-Soto run for 3 yds to the SJSU 37,-0.3978048422172354,2025-10-12T01:29:33.000Z
401760391,40176039120,401760391103917304,20,2,San José State,Mountain West,28,Wyoming,Mountain West,14,Wyoming,San José State,3,"{'minutes': 8, 'seconds': 26}",3.0,3.0,63,63,2,7,0,False,Rush,Steve Chavez-Soto run for no gain to the SJSU 37,-0.8359160533289813,2025-10-12T01:29:33.000Z
401760391,40176039120,401760391103917308,20,5,San José State,Mountain West,28,Wyoming,Mountain West,14,Wyoming,San José State,3,"{'minutes': 8, 'seconds': 26}",3.0,3.0,58,58,1,15,0,False,Pass Incompletion,Xavier Ward pass incomplete to Lamar Radcliffe,-0.9367308560406382,2025-10-12T01:29:33.000Z
401760391,40176039120,401760391103917309,20,6,San José State,Mountain West,28,Wyoming,Mountain West,14,Wyoming,San José State,3,"{'minutes': 8, 'seconds': 26}",3.0,3.0,58,58,2,15,0,False,Pass Incompletion,Xavier Ward pass incomplete to Kyri Shoels,-0.5904715251227506,2025-10-12T01:29:33.000Z
401760391,40176039120,401760391103917310,20,7,San José State,Mountain West,28,Wyoming,Mountain West,14,Wyoming,San José State,3,"{'minutes': 8, 'seconds': 26}",3.0,3.0,58,58,3,15,16,False,Rush,Lamar Radcliffe run for 16 yds to the WYO 42 for a 1ST down,3.5483868313817206,2025-10-12T01:29:33.000Z
401760391,40176039120,401760391103917311,20,8,San José State,Mountain West,28,Wyoming,Mountain West,14,Wyoming,San José State,3,"{'minutes': 8, 'seconds': 26}",3.0,3.0,42,42,1,10,4,False,Pass Reception,Xavier Ward pass complete to Grant Norberg for 4 yds to the WYO 38,-0.1003137729896652,2025-10-12T01:29:33.000Z
401760391,40176039120,401760391103917312,20,9,San José State,Mountain West,28,Wyoming,Mountain West,14,Wyoming,San José State,3,"{'minutes': 8, 'seconds': 26}",3.0,3.0,38,38,2,6,6,False,Pass Reception,Xavier Ward pass complete to Sir Autry for 6 yds to the WYO 32 for a 1ST down,0.5237298189728268,2025-10-12T01:29:33.000Z
401760391,40176039120,401760391103917315,20,11,San José State,Mountain West,28,Wyoming,Mountain West,14,Wyoming,San José State,3,"{'minutes': 8, 'seconds': 26}",3.0,3.0,42,42,1,20,4,False,Rush,Xavier Ward run for 4 yds to the WYO 38,-0.1553782809839817,2025-10-12T01:29:33.000Z
401760391,40176039120,401760391103917316,20,12,San José State,Mountain West,28,Wyoming,Mountain West,14,Wyoming,San José State,3,"{'minutes': 8, 'seconds': 26}",3.0,3.0,38,38,2,16,0,False,Pass Incompletion,Xavier Ward pass incomplete to Danny Scudero,-1.0128345071437437,2025-10-12T01:29:33.000Z
401760391,40176039120,401760391103917317,20,13,San José State,Mountain West,28,Wyoming,Mountain West,14,Wyoming,San José State,3,"{'minutes': 8, 'seconds': 26}",3.0,3.0,38,38,3,16,3,False,Rush,Steve Chavez-Soto run for 3 yds to the WYO 35,-0.345709384304019,2025-10-12T01:29:33.000Z
401760391,40176039121,401760391103974903,21,1,Wyoming,Mountain West,14,San José State,Mountain West,28,Wyoming,San José State,3,"{'minutes': 2, 'seconds': 50}",3.0,3.0,35,65,1,10,-5,False,Penalty,PENALTY WYO False Start 5 yards from WYO35 to WYO30. NO PLAY.,,2025-10-12T01:42:54.000Z
401760391,40176039121,401760391103974907,21,3,Wyoming,Mountain West,14,San José State,Mountain West,28,Wyoming,San José State,3,"{'minutes': 2, 'seconds': 50}",3.0,3.0,40,60,2,5,-10,False,Penalty,"No Huddle Harris,Samuel rush middle for 1 yard gain to the WYO41 (Pollard,Jordan; Latu,Taniela) PENALTY WYO Holding 10 yards from WYO40 to WYO30. NO PLAY.",,2025-10-12T01:42:54.000Z
401760391,40176039121,401760391103974905,21,2,Wyoming,Mountain West,14,San José State,Mountain West,28,Wyoming,San José State,3,"{'minutes': 2, 'seconds': 50}",3.0,3.0,30,70,1,15,10,False,Rush,Samuel Harris run for 10 yds to the WYO 40,1.1766588323678784,2025-10-12T01:42:54.000Z
401760391,40176039121,401760391103974908,21,4,Wyoming,Mountain West,14,San José State,Mountain West,28,Wyoming,San José State,3,"{'minutes': 2, 'seconds': 50}",3.0,3.0,30,70,2,15,0,False,Pass Incompletion,Kaden Anderson pass incomplete to Jackson Holman,-0.28821870650710757,2025-10-12T01:42:54.000Z
401760391,40176039121,401760391103974909,21,5,Wyoming,Mountain West,14,San José State,Mountain West,28,Wyoming,San José State,3,"{'minutes': 2, 'seconds': 50}",3.0,3.0,30,70,3,15,13,False,Pass Reception,Kaden Anderson pass complete to Jackson Holman for 13 yds to the WYO 43,0.7031000536787699,2025-10-12T01:42:54.000Z
401760391,40176039121,401760391103994001,21,6,Wyoming,Mountain West,14,San José State,Mountain West,28,Wyoming,San José State,3,"{'minutes': 0, 'seconds': 59}",3.0,3.0,43,57,4,2,1,False,Rush,Kaden Anderson run for 1 yd to the WYO 44,-0.5309845294074913,2025-10-12T01:47:23.000Z
401760391,40176039122,401760391103994005,22,2,San José State,Mountain West,28,Wyoming,Mountain West,14,Wyoming,San José State,3,"{'minutes': 0, 'seconds': 0}",3.0,3.0,31,31,0,10,0,False,End Period,End of 3rd Quarter,,2025-10-12T01:14:06.000Z
401760391,40176039122,401760391104855601,22,6,San José State,Mountain West,28,Wyoming,Mountain West,14,Wyoming,San José State,4,"{'minutes': 14, 'seconds': 43}",3.0,3.0,29,29,4,8,47,False,Field Goal Missed,Mathias Brown 47 yd FG MISSED,,2025-10-12T01:56:47.000Z
401760391,40176039122,401760391103994003,22,1,San José State,Mountain West,28,Wyoming,Mountain West,14,Wyoming,San José State,3,"{'minutes': 0, 'seconds': 59}",3.0,3.0,44,44,1,10,13,False,Rush,Tama Amisone run for 13 yds to the WYO 31 for a 1ST down,0.5709361874370733,2025-10-12T01:50:43.000Z
401760391,40176039122,401760391103999901,22,3,San José State,Mountain West,28,Wyoming,Mountain West,14,Wyoming,San José State,3,"{'minutes': 0, 'seconds': 0}",3.0,3.0,31,31,1,10,2,False,Rush,Tama Amisone run for 2 yds to the WYO 29,-0.3100175172690756,2025-10-12T01:51:33.000Z
401760391,40176039122,401760391104849902,22,4,San José State,Mountain West,28,Wyoming,Mountain West,14,Wyoming,San José State,4,"{'minutes': 15, 'seconds': 0}",3.0,3.0,29,29,2,8,0,False,Pass Incompletion,Xavier Ward pass incomplete to Danny Scudero,-0.6971224254482103,2025-10-12T01:55:22.000Z
401760391,40176039122,401760391104849903,22,5,San José State,Mountain West,28,Wyoming,Mountain West,14,Wyoming,San José State,4,"{'minutes': 15, 'seconds': 0}",3.0,3.0,29,29,3,8,0,False,Pass Incompletion,Xavier Ward pass incomplete to Danny Scudero,-0.940668691137505,2025-10-12T01:55:22.000Z
401760391,40176039123,401760391104855604,23,1,Wyoming,Mountain West,14,San José State,Mountain West,28,Wyoming,San José State,4,"{'minutes': 14, 'seconds': 43}",3.0,3.0,29,71,1,10,6,False,Pass Reception,Kaden Anderson pass complete to Samuel Harris for 6 yds to the WYO 35,0.366045681425021,2025-10-12T01:56:47.000Z
401760391,40176039123,401760391104855605,23,2,Wyoming,Mountain West,14,San José State,Mountain West,28,Wyoming,San José State,4,"{'minutes': 14, 'seconds': 43}",3.0,3.0,35,65,2,4,7,False,Pass Reception,Kaden Anderson pass complete to Deion DeBlanc for 7 yds to the WYO 42 for a 1ST down,0.8478679792906281,2025-10-12T01:56:47.000Z
401760391,40176039123,401760391104855606,23,3,Wyoming,Mountain West,14,San José State,Mountain West,28,Wyoming,San José State,4,"{'minutes': 14, 'seconds': 43}",3.0,3.0,42,58,1,10,9,False,Rush,Samuel Harris run for 9 yds to the SJSU 49,1.3023640826924845,2025-10-12T01:56:47.000Z
401760391,40176039123,401760391104868401,23,4,Wyoming,Mountain West,14,San José State,Mountain West,28,Wyoming,San José State,4,"{'minutes': 13, 'seconds': 15}",3.0,3.0,51,49,2,1,0,False,Pass Interception Return,Kaden Anderson pass intercepted Taniela Latu return for no gain to the SJSU 44,-3.740660870653169,2025-10-12T01:59:35.000Z
401760392,40176039224,401760392104958901,16,2,Air Force,Mountain West,21,Wyoming,Mountain West,14,Air Force,Wyoming,4,"{'minutes': 4, 'seconds': 10}",,,80,20,2,1,5,False,Penalty,"Wyoming Penalty, false start (5 Yards) to the WYO 25",,2025-10-18T22:19:26.000Z
401760392,40176039224,401760392104969501,16,5,Air Force,Mountain West,24,Wyoming,Mountain West,14,Air Force,Wyoming,4,"{'minutes': 3, 'seconds': 4}",,,77,23,4,4,40,True,Field Goal Good,Reagan Tubbs 40 Yd Field Goal ,,2025-10-18T22:21:39.000Z
401760392,40176039224,401760392104956201,16,1,Air Force,Mountain West,21,Wyoming,Mountain West,14,Air Force,Wyoming,4,"{'minutes': 4, 'seconds': 37}",,,71,29,1,10,9,False,Rush,Liam Szarka run for 9 yds to the WYO 20,0.678252223692433,2025-10-18T22:17:38.000Z
401760392,40176039224,401760392104959801,16,3,Air Force,Mountain West,21,Wyoming,Mountain West,14,Air Force,Wyoming,4,"{'minutes': 4, 'seconds': 1}",,,75,25,2,6,3,False,Rush,Kade Frew run for 3 yds to the WYO 22,-0.1781748439053173,2025-10-18T22:19:56.000Z
401760392,40176039224,401760392104968301,16,4,Air Force,Mountain West,21,Wyoming,Mountain West,14,Air Force,Wyoming,4,"{'minutes': 3, 'seconds': 16}",,,78,22,3,3,-1,False,Rush,Liam Szarka run for a loss of 1 yard to the WYO 23,-0.8149322008538054,2025-10-18T21:54:50.000Z
401760392,40176039226,401760392104969502,17,1,Air Force,Mountain West,27,Wyoming,Mountain West,14,Air Force,Wyoming,4,"{'minutes': 3, 'seconds': 4}",,,35,65,1,10,20,False,Kickoff Return (Offense),"Reagan Tubbs kickoff for 53 yds , Caleb Merritt return for 20 yds to the WYO 32",,2025-10-18T22:21:39.000Z
401760392,40176039226,401760392104974701,17,2,Wyoming,Mountain West,14,Air Force,Mountain West,27,Air Force,Wyoming,4,"{'minutes': 2, 'seconds': 52}",,,68,68,1,10,7,False,Pass Reception,Kaden Anderson pass complete to Terron Kellman for 7 yds to the WYO 39,0.6906032640622382,2025-10-18T22:24:01.000Z
401760392,40176039226,401760392104977201,17,3,Wyoming,Mountain West,14,Air Force,Mountain West,27,Air Force,Wyoming,4,"{'minutes': 2, 'seconds': 27}",,,61,61,2,3,2,False,Rush,Kaden Anderson run for 2 yds to the WYO 41,-0.7363119471518118,2025-10-18T21:54:50.000Z
401760392,40176039226,401760392104979001,17,4,Wyoming,Mountain West,14,Air Force,Mountain West,27,Air Force,Wyoming,4,"{'minutes': 2, 'seconds': 9}",,,59,59,3,1,5,False,Rush,Terron Kellman run for 5 yds to the WYO 46 for a 1ST down,1.3801218610462251,2025-10-18T22:27:08.000Z
401760392,40176039226,401760392104984101,17,5,Wyoming,Mountain West,14,Air Force,Mountain West,27,Air Force,Wyoming,4,"{'minutes': 1, 'seconds': 58}",,,54,54,1,10,10,False,Pass Reception,Kaden Anderson pass complete to Jaylen Sargent for 10 yds to the AF 44 for a 1ST down,0.7720151801751867,2025-10-18T22:27:55.000Z
401760392,40176039226,401760392104984701,17,6,Wyoming,Mountain West,14,Air Force,Mountain West,27,Air Force,Wyoming,4,"{'minutes': 1, 'seconds': 52}",,,44,44,1,10,5,False,Pass Reception,Kaden Anderson pass complete to Samuel Harris for 5 yds to the AF 39,0.0928537506515159,2025-10-18T21:54:50.000Z
401760392,40176039226,401760392104986601,17,7,Wyoming,Mountain West,14,Air Force,Mountain West,27,Air Force,Wyoming,4,"{'minutes': 1, 'seconds': 33}",,,39,39,2,5,8,False,Rush,Kaden Anderson run for 8 yds to the AF 31 for a 1ST down,0.4780824367855574,2025-10-18T22:29:05.000Z
401760392,40176039226,401760392104987101,17,8,Wyoming,Mountain West,14,Air Force,Mountain West,27,Air Force,Wyoming,4,"{'minutes': 1, 'seconds': 28}",,,31,31,1,10,7,False,Pass Reception,Kaden Anderson pass complete to Jackson Holman for 7 yds to the AF 24,0.361255653346657,2025-10-18T21:54:50.000Z
401760392,40176039226,401760392104989301,17,9,Wyoming,Mountain West,14,Air Force,Mountain West,27,Air Force,Wyoming,4,"{'minutes': 1, 'seconds': 6}",,,24,24,2,3,11,False,Pass Reception,Kaden Anderson pass complete to Deion DeBlanc for 11 yds to the AF 13 for a 1ST down,-0.058238698319556,2025-10-18T22:29:39.000Z
401760392,40176039226,401760392104989701,17,10,Wyoming,Mountain West,21,Air Force,Mountain West,24,Air Force,Wyoming,4,"{'minutes': 1, 'seconds': 2}",,,13,13,1,10,13,True,Passing Touchdown,Michael Fitzgerald 13 Yd pass from Kaden Anderson (Erik Sandvik Kick),2.538929215045847,2025-10-18T21:54:50.000Z
401760392,40176039228,401760392104989901,18,1,Wyoming,Mountain West,21,Air Force,Mountain West,24,Air Force,Wyoming,4,"{'minutes': 1, 'seconds': 0}",,,65,65,1,10,0,False,Kickoff,Keelan Anderson kickoff for 9 yds,,2025-10-18T21:54:50.000Z
401760392,40176039228,401760392104994201,18,2,Air Force,Mountain West,24,Wyoming,Mountain West,21,Air Force,Wyoming,4,"{'minutes': 0, 'seconds': 57}",,,56,44,1,10,2,False,Rush,Owen Allen run for 2 yds to the WYO 42,-0.52968574160999,2025-10-18T22:35:09.000Z
401760392,40176039228,401760392104994401,18,3,Air Force,Mountain West,24,Wyoming,Mountain West,21,Air Force,Wyoming,4,"{'minutes': 0, 'seconds': 55}",,,58,42,2,8,4,False,Rush,Cade Harris run for 4 yds to the WYO 38,-0.1415841581077863,2025-10-18T22:35:59.000Z
401760392,40176039228,401760392104994901,18,4,Air Force,Mountain West,24,Wyoming,Mountain West,21,Air Force,Wyoming,4,"{'minutes': 0, 'seconds': 50}",,,62,38,3,4,5,False,Rush,Liam Szarka run for 5 yds to the WYO 33 for a 1ST down,1.1810774837258098,2025-10-18T22:37:08.000Z
401760392,40176039228,401760392104998201,18,5,Air Force,Mountain West,24,Wyoming,Mountain West,21,Air Force,Wyoming,4,"{'minutes': 0, 'seconds': 17}",,,67,33,1,10,-1,False,Rush,run for a loss of 1 yard to the WYO 33,-0.7964053957016795,2025-10-18T22:37:38.000Z
401760392,4017603922,401760392101849904,1,1,Wyoming,Mountain West,0,Air Force,Mountain West,0,Air Force,Wyoming,1,"{'minutes': 15, 'seconds': 0}",,,65,65,1,10,0,False,Kickoff,Bart Edmiston kickoff for 65 yds for a touchback,,2025-10-18T19:34:13.000Z
401760392,4017603922,401760392101944701,1,17,Air Force,Mountain West,3,Wyoming,Mountain West,0,Air Force,Wyoming,1,"{'minutes': 5, 'seconds': 52}",,,85,15,4,5,32,True,Field Goal Good,Reagan Tubbs 32 yd FG GOOD,,2025-10-18T19:47:07.000Z
401760392,4017603922,401760392101854101,1,2,Air Force,Mountain West,0,Wyoming,Mountain West,0,Air Force,Wyoming,1,"{'minutes': 14, 'seconds': 58}",,,25,75,1,10,0,False,Pass Incompletion,Liam Szarka pass incomplete to Jonah Dawson,-0.7029700220436519,2025-10-18T19:34:43.000Z
401760392,4017603922,401760392101854801,1,3,Air Force,Mountain West,0,Wyoming,Mountain West,0,Air Force,Wyoming,1,"{'minutes': 14, 'seconds': 51}",,,25,75,2,10,4,False,Rush,Kade Frew run for 4 yds to the AF 29,-0.06222348980634162,2025-10-18T19:35:02.000Z
401760392,4017603922,401760392101858601,1,4,Air Force,Mountain West,0,Wyoming,Mountain West,0,Air Force,Wyoming,1,"{'minutes': 14, 'seconds': 13}",,,29,71,3,6,7,False,Rush,Kade Frew run for 7 yds to the AF 36 for a 1ST down,1.6957560237959841,2025-10-18T19:34:13.000Z
401760392,4017603922,401760392101865801,1,5,Air Force,Mountain West,0,Wyoming,Mountain West,0,Air Force,Wyoming,1,"{'minutes': 13, 'seconds': 41}",,,36,64,1,10,1,False,Rush,Kade Frew run for 1 yd to the AF 37,-0.8530905486726476,2025-10-18T19:36:08.000Z
401760392,4017603922,401760392101869701,1,6,Air Force,Mountain West,0,Wyoming,Mountain West,0,Air Force,Wyoming,1,"{'minutes': 13, 'seconds': 2}",,,37,63,2,9,6,False,Rush,Liam Szarka run for 6 yds to the AF 43,0.2905653823863519,2025-10-18T19:36:40.000Z
401760392,4017603922,401760392101877901,1,7,Air Force,Mountain West,0,Wyoming,Mountain West,0,Air Force,Wyoming,1,"{'minutes': 12, 'seconds': 20}",,,43,57,3,3,9,False,Rush,Liam Szarka run for 9 yds to the WYO 48 for a 1ST down,2.02348393778167,2025-10-18T19:34:13.000Z
401760392,4017603922,401760392101885901,1,8,Air Force,Mountain West,0,Wyoming,Mountain West,0,Air Force,Wyoming,1,"{'minutes': 11, 'seconds': 40}",,,52,48,1,10,5,False,Rush,Liam Szarka run for 5 yds to the WYO 43,0.0988833853941654,2025-10-18T19:38:08.000Z
401760392,4017603922,401760392101889901,1,9,Air Force,Mountain West,0,Wyoming,Mountain West,0,Air Force,Wyoming,1,"{'minutes': 11, 'seconds': 0}",,,57,43,2,5,6,False,Rush,Liam Szarka run for 6 yds to the WYO 37 for a 1ST down,0.5359418194090484,2025-10-18T19:38:43.000Z
401760392,4017603922,401760392101897701,1,10,Air Force,Mountain West,0,Wyoming,Mountain West,0,Air Force,Wyoming,1,"{'minutes': 10, 'seconds': 22}",,,63,37,1,10,1,False,Rush,Cade Harris run for 1 yd to the WYO 36,-0.5726354907928038,2025-10-18T19:34:13.000Z
401760392,4017603922,401760392101905701,1,11,Air Force,Mountain West,0,Wyoming,Mountain West,0,Air Force,Wyoming,1,"{'minutes': 9, 'seconds': 42}",,,64,36,2,9,1,False,Rush,Liam Szarka run for 1 yd to the WYO 35,-0.713371983578128,2025-10-18T19:40:04.000Z
401760392,4017603922,401760392101909101,1,12,Air Force,Mountain West,0,Wyoming,Mountain West,0,Air Force,Wyoming,1,"{'minutes': 9, 'seconds': 8}",,,65,35,3,8,5,False,Pass Reception,Liam Szarka pass complete to Bruin Fleischmann for 5 yds to the WYO 30,0.0604435297756487,2025-10-18T19:40:44.000Z
401760392,4017603922,401760392101917301,1,13,Air Force,Mountain West,0,Wyoming,Mountain West,0,Air Force,Wyoming,1,"{'minutes': 8, 'seconds': 26}",,,70,30,4,3,10,False,Rush,Kade Frew run for 10 yds to the WYO 20 for a 1ST down,1.6590448470403274,2025-10-18T19:34:13.000Z
401760392,4017603922,401760392101925601,1,14,Air Force,Mountain West,0,Wyoming,Mountain West,0,Air Force,Wyoming,1,"{'minutes': 7, 'seconds': 43}",,,80,20,1,10,3,False,Rush,Liam Szarka run for 3 yds to the WYO 17,-0.118259586028175,2025-10-18T19:42:07.000Z
401760392,4017603922,401760392101929401,1,15,Air Force,Mountain West,0,Wyoming,Mountain West,0,Air Force,Wyoming,1,"{'minutes': 7, 'seconds': 5}",,,83,17,2,7,1,False,Rush,Owen Allen run for 1 yd to the WYO 16,-0.305347219380412,2025-10-18T19:46:11.000Z
401760392,4017603922,401760392101937301,1,16,Air Force,Mountain West,0,Wyoming,Mountain West,0,Air Force,Wyoming,1,"{'minutes': 6, 'seconds': 26}",,,84,16,3,6,1,False,Rush,Liam Szarka run for 1 yd to the WYO 15,-0.3855642696485992,2025-10-18T19:46:54.000Z
401760392,4017603924,401760392101944901,2,1,Air Force,Mountain West,3,Wyoming,Mountain West,0,Air Force,Wyoming,1,"{'minutes': 5, 'seconds': 50}",,,35,65,1,10,23,False,Kickoff Return (Offense),"Reagan Tubbs kickoff for 62 yds , Deion DeBlanc return for 23 yds to the WYO 26",,2025-10-18T19:34:13.000Z
401760392,4017603924,401760392101945401,2,2,Wyoming,Mountain West,0,Air Force,Mountain West,3,Air Force,Wyoming,1,"{'minutes': 5, 'seconds': 45}",,,74,74,1,10,9,False,Pass Reception,Kaden Anderson pass complete to Eric Richardson for 9 yds to the WYO 35,1.276519304717759,2025-10-18T19:51:45.000Z
401760392,4017603924,401760392101949401,2,3,Wyoming,Mountain West,0,Air Force,Mountain West,3,Air Force,Wyoming,1,"{'minutes': 5, 'seconds': 5}",,,65,65,2,1,2,False,Pass Reception,Kaden Anderson pass complete to Chris Durr Jr. for 2 yds to the WYO 37 for a 1ST down,-0.3202537858345432,2025-10-18T19:52:02.000Z
401760392,4017603924,401760392101956601,2,4,Wyoming,Mountain West,0,Air Force,Mountain West,3,Air Force,Wyoming,1,"{'minutes': 4, 'seconds': 33}",,,63,63,1,10,11,False,Pass Reception,Kaden Anderson pass complete to Chris Durr Jr. for 11 yds to the WYO 48 for a 1ST down,1.0424565048673191,2025-10-18T19:34:13.000Z
401760392,4017603924,401760392101959401,2,5,Wyoming,Mountain West,0,Air Force,Mountain West,3,Air Force,Wyoming,1,"{'minutes': 4, 'seconds': 5}",,,52,52,1,10,2,False,Rush,Samuel Harris run for 2 yds to the 50 yard line,-0.6553095017301357,2025-10-18T19:53:09.000Z
401760392,4017603924,401760392101966901,2,6,Wyoming,Mountain West,0,Air Force,Mountain West,3,Air Force,Wyoming,1,"{'minutes': 3, 'seconds': 30}",,,50,50,2,8,9,False,Rush,Deion DeBlanc run for 9 yds to the AF 41 for a 1ST down,1.4228441645440473,2025-10-18T19:54:04.000Z
401760392,4017603924,401760392101974501,2,7,Wyoming,Mountain West,0,Air Force,Mountain West,3,Air Force,Wyoming,1,"{'minutes': 2, 'seconds': 54}",,,41,41,1,10,-1,False,Rush,Samuel Harris run for a loss of 1 yard to the AF 42,-1.0896317394768893,2025-10-18T19:34:13.000Z
401760392,4017603924,401760392101977901,2,8,Wyoming,Mountain West,0,Air Force,Mountain West,3,Air Force,Wyoming,1,"{'minutes': 2, 'seconds': 20}",,,42,42,2,11,5,False,Pass Reception,Kaden Anderson pass complete to Jackson Holman for 5 yds to the AF 37,0.0651118010031304,2025-10-18T19:55:33.000Z
401760392,4017603924,401760392101984701,2,9,Wyoming,Mountain West,0,Air Force,Mountain West,3,Air Force,Wyoming,1,"{'minutes': 1, 'seconds': 52}",,,37,37,3,6,14,False,Pass Reception,Kaden Anderson pass complete to Jaylen Sargent for 14 yds to the AF 23 for a 1ST down,1.6010618862990498,2025-10-18T19:34:13.000Z
401760392,4017603924,401760392101986701,2,10,Wyoming,Mountain West,7,Air Force,Mountain West,3,Air Force,Wyoming,1,"{'minutes': 1, 'seconds': 32}",,,23,23,1,10,23,True,Rushing Touchdown,Terron Kellman run for 23 yds for a TD (Erik Sandvik KICK),2.6639776780712285,2025-10-18T19:58:07.000Z
401760392,4017603926,401760392101987001,3,1,Wyoming,Mountain West,7,Air Force,Mountain West,3,Air Force,Wyoming,1,"{'minutes': 1, 'seconds': 29}",,,65,65,1,10,0,False,Kickoff,Bart Edmiston kickoff for 65 yds for a touchback,,2025-10-18T19:34:13.000Z
401760392,4017603926,401760392101997201,3,5,Air Force,Mountain West,3,Wyoming,Mountain West,7,Air Force,Wyoming,1,"{'minutes': 0, 'seconds': 27}",,,25,75,4,10,0,False,Punt,Luke Freer punt for 43 yds,,2025-10-18T19:34:13.000Z
401760392,4017603926,401760392101987301,3,2,Air Force,Mountain West,3,Wyoming,Mountain West,7,Air Force,Wyoming,1,"{'minutes': 1, 'seconds': 26}",,,25,75,1,10,2,False,Rush,Liam Szarka run for 2 yds to the AF 27,-0.45260367932203766,2025-10-18T20:03:51.000Z
401760392,4017603926,401760392101994801,3,3,Air Force,Mountain West,3,Wyoming,Mountain West,7,Air Force,Wyoming,1,"{'minutes': 0, 'seconds': 51}",,,27,73,2,8,-7,False,Fumble Recovery (Own),"Liam Szarka sacked by Chisom Ifeanyi for a loss of 7 yards to the AF 20 Liam Szarka fumbled, recovered by AF Owen Allen , return for 0 yards",-0.7635087951746735,2025-10-18T20:04:03.000Z
401760392,4017603926,401760392101996701,3,4,Air Force,Mountain West,3,Wyoming,Mountain West,7,Air Force,Wyoming,1,"{'minutes': 0, 'seconds': 32}",,,20,80,3,15,5,False,Rush,Liam Szarka run for 5 yds to the AF 25,0.00732448688245666,2025-10-18T20:07:24.000Z
401760392,4017603927,401760392101998602,4,2,Wyoming,Mountain West,7,Air Force,Mountain West,3,Air Force,Wyoming,1,"{'minutes': 0, 'seconds': 0}",,,68,68,0,10,9,False,End Period,End of 1st Quarter,,2025-10-18T20:09:42.000Z
401760392,4017603927,401760392102877001,4,7,Wyoming,Mountain West,7,Air Force,Mountain West,3,Air Force,Wyoming,2,"{'minutes': 12, 'seconds': 29}",,,57,57,4,10,0,False,Punt,Bart Edmiston punt for 43 yds,,2025-10-18T20:13:59.000Z
401760392,4017603927,401760392101998601,4,1,Wyoming,Mountain West,7,Air Force,Mountain West,3,Air Force,Wyoming,1,"{'minutes': 0, 'seconds': 13}",,,68,68,1,10,9,False,Rush,Samuel Harris run for 9 yds to the WYO 41,1.3745145306761655,2025-10-18T20:09:25.000Z
401760392,4017603927,401760392102854101,4,3,Wyoming,Mountain West,7,Air Force,Mountain West,3,Air Force,Wyoming,2,"{'minutes': 14, 'seconds': 58}",,,59,59,2,1,2,False,Rush,Samuel Harris run for 2 yds to the WYO 43 for a 1ST down,-0.3205205125456325,2025-10-18T20:13:59.000Z
401760392,4017603927,401760392102857001,4,4,Wyoming,Mountain West,7,Air Force,Mountain West,3,Air Force,Wyoming,2,"{'minutes': 14, 'seconds': 29}",,,57,57,1,10,-4,False,Pass Reception,Kaden Anderson pass complete to Samuel Harris for a loss of 4 yards to the WYO 39,-1.90266307689501,2025-10-18T20:13:59.000Z
401760392,4017603927,401760392102865101,4,5,Wyoming,Mountain West,7,Air Force,Mountain West,3,Air Force,Wyoming,2,"{'minutes': 13, 'seconds': 48}",,,61,61,2,14,-5,False,Sack,Kaden Anderson sacked by Payton Zdroik for a loss of 5 yards to the WYO 34,-0.8240632701114796,2025-10-18T20:15:10.000Z
401760392,4017603927,401760392102869201,4,6,Wyoming,Mountain West,7,Air Force,Mountain West,3,Air Force,Wyoming,2,"{'minutes': 13, 'seconds': 7}",,,66,66,3,19,9,False,Rush,Samuel Harris run for 9 yds to the WYO 43,0.2261235781737625,2025-10-18T20:15:23.000Z
401760392,4017603928,401760392102935801,5,11,Air Force,Mountain West,6,Wyoming,Mountain West,7,Air Force,Wyoming,2,"{'minutes': 6, 'seconds': 41}",,,88,12,4,11,29,True,Field Goal Good,Reagan Tubbs 29 Yd Field Goal ,,2025-10-18T20:25:44.000Z
401760392,4017603928,401760392102877801,5,1,Air Force,Mountain West,3,Wyoming,Mountain West,7,Air Force,Wyoming,2,"{'minutes': 12, 'seconds': 21}",,,14,86,1,10,23,False,Rush,Dylan Carson run for 23 yds to the AF 37 for a 1ST down,1.609556022751149,2025-10-18T20:19:51.000Z
401760392,4017603928,401760392102886301,5,2,Air Force,Mountain West,3,Wyoming,Mountain West,7,Air Force,Wyoming,2,"{'minutes': 11, 'seconds': 36}",,,37,63,1,10,11,False,Rush,Liam Szarka run for 11 yds to the AF 48 for a 1ST down,1.0424565048673191,2025-10-18T20:20:02.000Z
401760392,4017603928,401760392102888901,5,3,Air Force,Mountain West,3,Wyoming,Mountain West,7,Air Force,Wyoming,2,"{'minutes': 11, 'seconds': 10}",,,48,52,1,10,2,False,Rush,Kade Frew run for 2 yds to the 50 yard line,-0.6553095017301357,2025-10-18T20:21:24.000Z
401760392,4017603928,401760392102896601,5,4,Air Force,Mountain West,3,Wyoming,Mountain West,7,Air Force,Wyoming,2,"{'minutes': 10, 'seconds': 33}",,,50,50,2,8,6,False,Rush,Kade Frew run for 6 yds to the WYO 44,0.3480308742943627,2025-10-18T20:21:29.000Z
401760392,4017603928,401760392102899701,5,5,Air Force,Mountain West,3,Wyoming,Mountain West,7,Air Force,Wyoming,2,"{'minutes': 10, 'seconds': 2}",,,56,44,3,2,3,False,Rush,Dylan Carson run for 3 yds to the WYO 41 for a 1ST down,1.0748132902496845,2025-10-18T20:21:50.000Z
401760392,4017603928,401760392102907201,5,6,Air Force,Mountain West,3,Wyoming,Mountain West,7,Air Force,Wyoming,2,"{'minutes': 9, 'seconds': 27}",,,59,41,1,10,1,False,Rush,Liam Szarka run for 1 yd to the WYO 40,-0.6717839246394793,2025-10-18T20:13:59.000Z
401760392,4017603928,401760392102914701,5,7,Air Force,Mountain West,3,Wyoming,Mountain West,7,Air Force,Wyoming,2,"{'minutes': 8, 'seconds': 52}",,,60,40,2,9,29,False,Rush,Liam Szarka run for 29 yds to the WYO 11 for a 1ST down,1.3905641371680737,2025-10-18T20:23:06.000Z
401760392,4017603928,401760392102919201,5,8,Air Force,Mountain West,3,Wyoming,Mountain West,7,Air Force,Wyoming,2,"{'minutes': 8, 'seconds': 7}",,,89,11,1,10,2,False,Rush,Liam Szarka run for 2 yds to the WYO 9,-0.165648229401373,2025-10-18T20:23:42.000Z
401760392,4017603928,401760392102927101,5,9,Air Force,Mountain West,6,Wyoming,Mountain West,7,Air Force,Wyoming,2,"{'minutes': 7, 'seconds': 28}",,,91,9,2,8,-3,False,Rush,Liam Szarka run for a loss of 3 yards to the WYO 12,-0.498052004104411,2025-10-18T20:13:59.000Z
401760392,4017603928,401760392102935401,5,10,Air Force,Mountain West,3,Wyoming,Mountain West,7,Air Force,Wyoming,2,"{'minutes': 6, 'seconds': 45}",,,88,12,3,11,0,False,Pass Incompletion,"Liam Szarka pass incomplete to Kade Frew, broken up by Ben Florentine",-0.5141693955663484,2025-10-18T20:25:11.000Z
401760392,40176039210,401760392102935802,6,1,Air Force,Mountain West,9,Wyoming,Mountain West,7,Air Force,Wyoming,2,"{'minutes': 6, 'seconds': 41}",,,35,65,1,10,0,False,Kickoff,Reagan Tubbs kickoff for 65 yds for a touchback,,2025-10-18T20:25:44.000Z
401760392,40176039210,401760392102956501,6,8,Wyoming,Mountain West,7,Air Force,Mountain West,9,Air Force,Wyoming,2,"{'minutes': 4, 'seconds': 34}",,,58,58,4,4,0,False,Punt,Bart Edmiston punt for 35 yds,,2025-10-18T20:34:04.000Z
401760392,40176039210,401760392102936001,6,2,Wyoming,Mountain West,7,Air Force,Mountain West,9,Air Force,Wyoming,2,"{'minutes': 6, 'seconds': 39}",,,75,75,1,10,2,False,Rush,Sam Scott run for 2 yds to the WYO 27,-0.45260367932203766,2025-10-18T20:29:46.000Z
401760392,40176039210,401760392102939401,6,3,Wyoming,Mountain West,7,Air Force,Mountain West,9,Air Force,Wyoming,2,"{'minutes': 6, 'seconds': 5}",,,73,73,2,8,0,False,Pass Incompletion,"Kaden Anderson pass incomplete to Michael Fitzgerald, broken up by RJ Reedus",-0.4788075161366292,2025-10-18T20:13:59.000Z
401760392,40176039210,401760392102944101,6,4,Wyoming,Mountain West,7,Air Force,Mountain West,9,Air Force,Wyoming,2,"{'minutes': 5, 'seconds': 58}",,,73,73,3,8,9,False,Pass Reception,Kaden Anderson pass complete to Michael Fitzgerald for 9 yds to the WYO 36 for a 1ST down,1.8619737074046574,2025-10-18T20:13:59.000Z
401760392,40176039210,401760392102946301,6,5,Wyoming,Mountain West,7,Air Force,Mountain West,9,Air Force,Wyoming,2,"{'minutes': 5, 'seconds': 36}",,,64,64,1,10,5,False,Pass Reception,Kaden Anderson pass complete to Evan Svoboda for 5 yds to the WYO 41,0.1095374979928448,2025-10-18T20:31:27.000Z
401760392,40176039210,401760392102948501,6,6,Wyoming,Mountain West,7,Air Force,Mountain West,9,Air Force,Wyoming,2,"{'minutes': 5, 'seconds': 14}",,,59,59,2,5,1,False,Rush,Bricen Brantley run for 1 yd to the WYO 42,-0.8922199663035482,2025-10-18T20:31:46.000Z
401760392,40176039210,401760392102956101,6,7,Wyoming,Mountain West,7,Air Force,Mountain West,9,Air Force,Wyoming,2,"{'minutes': 4, 'seconds': 38}",,,58,58,3,4,0,False,Pass Incompletion,"Kaden Anderson pass incomplete to Isaac Schoenfeld, broken up by Max Mustell",-0.7506486965406971,2025-10-18T20:13:59.000Z
401760392,40176039211,401760392102976902,7,5,Air Force,Mountain West,9,Wyoming,Mountain West,7,Air Force,Wyoming,2,"{'minutes': 2, 'seconds': 30}",,,37,63,3,14,-5,False,Penalty,"Air Force Penalty, false start (Jonah Dawson) to the AF 32",,2025-10-18T20:39:08.000Z
401760392,40176039211,401760392102985301,7,7,Air Force,Mountain West,9,Wyoming,Mountain West,7,Air Force,Wyoming,2,"{'minutes': 1, 'seconds': 46}",,,40,60,4,11,7,False,Punt,"Luke Freer punt for 59 yds , Charlie Coenen returns for 7 yds to the WYO 8",,2025-10-18T20:13:59.000Z
401760392,40176039211,401760392102957101,7,1,Air Force,Mountain West,9,Wyoming,Mountain West,7,Air Force,Wyoming,2,"{'minutes': 4, 'seconds': 28}",,,23,77,1,10,3,False,Rush,Liam Szarka run for 3 yds to the AF 26,-0.2714196551267518,2025-10-18T20:13:59.000Z
401760392,40176039211,401760392102964901,7,2,Air Force,Mountain West,9,Wyoming,Mountain West,7,Air Force,Wyoming,2,"{'minutes': 3, 'seconds': 50}",,,26,74,2,7,15,False,Rush,Owen Allen run for 15 yds to the AF 41 for a 1ST down,1.8227643995177214,2025-10-18T20:37:05.000Z
401760392,40176039211,401760392102968401,7,3,Air Force,Mountain West,9,Wyoming,Mountain West,7,Air Force,Wyoming,2,"{'minutes': 3, 'seconds': 15}",,,41,59,1,10,-4,False,Rush,Kade Frew run for a loss of 4 yards to the AF 37,-1.8327551994755824,2025-10-18T20:37:41.000Z
401760392,40176039211,401760392102976901,7,4,Air Force,Mountain West,9,Wyoming,Mountain West,7,Air Force,Wyoming,2,"{'minutes': 2, 'seconds': 30}",,,37,63,2,14,0,False,Pass Incompletion,"Liam Szarka pass incomplete to Bruin Fleischmann, broken up by Tyce Westland",-0.4835980441297698,2025-10-18T20:39:08.000Z
401760392,40176039211,401760392102977101,7,6,Air Force,Mountain West,9,Wyoming,Mountain West,7,Air Force,Wyoming,2,"{'minutes': 2, 'seconds': 28}",,,32,68,3,19,8,False,Rush,Kade Frew run for 8 yds to the AF 40,0.138218874015263,2025-10-18T20:39:58.000Z
401760392,40176039212,401760392102996801,8,8,Wyoming,Mountain West,7,Air Force,Mountain West,9,Air Force,Wyoming,2,"{'minutes': 0, 'seconds': 31}",,,39,39,2,14,5,False,Penalty,"Air Force Penalty, false start (5 Yards) to the AF 44",,2025-10-18T20:50:06.000Z
401760392,40176039212,401760392102985601,8,1,Wyoming,Mountain West,7,Air Force,Mountain West,9,Air Force,Wyoming,2,"{'minutes': 1, 'seconds': 43}",,,92,92,1,10,2,False,Rush,Sam Scott run for 2 yds to the WYO 10,-0.20709960786905768,2025-10-18T20:44:08.000Z
401760392,40176039212,401760392102985901,8,2,Wyoming,Mountain West,7,Air Force,Mountain West,9,Air Force,Wyoming,2,"{'minutes': 1, 'seconds': 40}",,,90,90,2,8,14,False,Rush,Samuel Harris run for 14 yds to the WYO 24 for a 1ST down,0.9101865386442736,2025-10-18T20:13:59.000Z
401760392,40176039212,401760392102986601,8,3,Wyoming,Mountain West,7,Air Force,Mountain West,9,Air Force,Wyoming,2,"{'minutes': 1, 'seconds': 33}",,,76,76,1,10,4,False,Rush,Samuel Harris run for 4 yds to the WYO 28,-0.1089877410850981,2025-10-18T20:46:10.000Z
401760392,40176039212,401760392102988601,8,4,Wyoming,Mountain West,7,Air Force,Mountain West,9,Air Force,Wyoming,2,"{'minutes': 1, 'seconds': 13}",,,72,72,2,6,0,False,Pass Incompletion,Kaden Anderson pass incomplete to Jaylen Sargent,-0.6216897885891246,2025-10-18T20:46:28.000Z
401760392,40176039212,401760392102989501,8,5,Wyoming,Mountain West,7,Air Force,Mountain West,9,Air Force,Wyoming,2,"{'minutes': 1, 'seconds': 4}",,,72,72,3,6,25,False,Pass Reception,Kaden Anderson pass complete to Samuel Harris for 25 yds to the AF 47 for a 1ST down,3.2630936318235833,2025-10-18T20:13:59.000Z
401760392,40176039212,401760392102994501,8,6,Wyoming,Mountain West,7,Air Force,Mountain West,9,Air Force,Wyoming,2,"{'minutes': 0, 'seconds': 54}",,,47,47,1,10,12,False,Pass Reception,Kaden Anderson pass complete to Kyle Frendt for 12 yds to the AF 35 for a 1ST down,0.640613457489474,2025-10-18T20:48:09.000Z
401760392,40176039212,401760392102995001,8,7,Wyoming,Mountain West,7,Air Force,Mountain West,9,Air Force,Wyoming,2,"{'minutes': 0, 'seconds': 49}",,,35,35,1,10,-4,False,Pass Reception,Kaden Anderson pass complete to Deion DeBlanc for a loss of 4 yards to the AF 39,-1.4496214602694606,2025-10-18T20:13:59.000Z
401760392,40176039212,401760392102998301,8,9,Wyoming,Mountain West,7,Air Force,Mountain West,9,Air Force,Wyoming,2,"{'minutes': 0, 'seconds': 16}",,,44,44,2,19,10,False,Pass Reception,"Kaden Anderson pass complete to Sam Scott for no gain to the WYO 44 Air Force Penalty, Defensive holding (10 Yards) to the WYO 46",1.1239772136989945,2025-10-18T20:52:46.000Z
401760392,40176039214,401760392103849901,9,1,Air Force,Mountain West,9,Wyoming,Mountain West,7,Air Force,Wyoming,3,"{'minutes': 15, 'seconds': 0}",,,35,65,1,10,0,False,Kickoff,Reagan Tubbs kickoff for 65 yds for a touchback,,2025-10-18T00:00:00.000Z
401760392,40176039214,401760392103854101,9,2,Wyoming,Mountain West,7,Air Force,Mountain West,9,Air Force,Wyoming,3,"{'minutes': 14, 'seconds': 58}",,,75,75,1,10,5,False,Rush,Samuel Harris run for 5 yds to the WYO 30,0.0945451165334843,2025-10-18T21:14:30.000Z
401760392,40176039214,401760392103857001,9,3,Wyoming,Mountain West,7,Air Force,Mountain West,9,Air Force,Wyoming,3,"{'minutes': 14, 'seconds': 29}",,,70,70,2,5,6,False,Pass Reception,Kaden Anderson pass complete to Jaylen Sargent for 6 yds to the WYO 36 for a 1ST down,0.8360173954125062,2025-10-18T21:14:37.000Z
401760392,40176039214,401760392103859901,9,4,Wyoming,Mountain West,7,Air Force,Mountain West,9,Air Force,Wyoming,3,"{'minutes': 14, 'seconds': 0}",,,64,64,1,10,11,False,Pass Reception,Kaden Anderson pass complete to Evan Svoboda for 11 yds to the WYO 47 for a 1ST down,1.0518931742020232,2025-10-18T21:14:26.000Z
401760392,40176039214,401760392103868101,9,5,Wyoming,Mountain West,7,Air Force,Mountain West,9,Air Force,Wyoming,3,"{'minutes': 13, 'seconds': 18}",,,53,53,1,10,7,False,Rush,Terron Kellman run for 7 yds to the AF 46,0.6333251560123241,2025-10-18T21:14:26.000Z
401760392,40176039214,401760392103869401,9,6,Wyoming,Mountain West,7,Air Force,Mountain West,9,Air Force,Wyoming,3,"{'minutes': 13, 'seconds': 5}",,,46,46,2,3,4,False,Rush,Terron Kellman run for 4 yds to the AF 42 for a 1ST down,0.1670388059888596,2025-10-18T21:16:08.000Z
401760392,40176039214,401760392103877101,9,7,Wyoming,Mountain West,7,Air Force,Mountain West,9,Air Force,Wyoming,3,"{'minutes': 12, 'seconds': 28}",,,42,42,1,10,5,False,Rush,Samuel Harris run for 5 yds to the AF 37,0.0899665338824123,2025-10-18T21:16:52.000Z
401760392,40176039214,401760392103884701,9,8,Wyoming,Mountain West,7,Air Force,Mountain West,9,Air Force,Wyoming,3,"{'minutes': 11, 'seconds': 52}",,,37,37,2,5,3,False,Rush,Samuel Harris run for 3 yds to the AF 34,-0.2995337799194873,2025-10-18T21:17:04.000Z
401760392,40176039214,401760392103889401,9,9,Wyoming,Mountain West,7,Air Force,Mountain West,9,Air Force,Wyoming,3,"{'minutes': 11, 'seconds': 5}",,,34,34,3,2,-1,False,Rush,Evan Svoboda run for a loss of 1 yard to the AF 35,-1.23774168914993,2025-10-18T21:18:37.000Z
401760392,40176039214,401760392103894601,9,10,Wyoming,Mountain West,7,Air Force,Mountain West,9,Air Force,Wyoming,3,"{'minutes': 10, 'seconds': 53}",,,35,35,4,3,12,False,Rush,Terron Kellman run for 12 yds to the AF 23 for a 1ST down,2.0782667286879004,2025-10-18T21:14:26.000Z
401760392,40176039214,401760392103896901,9,11,Wyoming,Mountain West,14,Air Force,Mountain West,6,Air Force,Wyoming,3,"{'minutes': 10, 'seconds': 30}",,,23,23,1,10,23,True,Rushing Touchdown,Terron Kellman 23 Yd Run (Erik Sandvik Kick),2.6639776780712285,2025-10-18T21:22:56.000Z
401760392,40176039216,401760392103897201,10,1,Wyoming,Mountain West,14,Air Force,Mountain West,6,Air Force,Wyoming,3,"{'minutes': 10, 'seconds': 27}",,,65,65,1,10,24,False,Kickoff Return (Offense),"Bart Edmiston kickoff for 49 yds , Cade Harris return for 24 yds to the AF 40",,2025-10-18T21:14:26.000Z
401760392,40176039216,401760392103928402,10,9,Air Force,Mountain West,14,Wyoming,Mountain West,14,Air Force,Wyoming,3,"{'minutes': 7, 'seconds': 15}",,,97,3,1,10,-62,False,Pass Reception,Liam Szarka pass complete to Kade Frew for no gain to the AF 35,,2025-10-18T21:35:42.000Z
401760392,40176039216,401760392103898201,10,2,Air Force,Mountain West,6,Wyoming,Mountain West,14,Air Force,Wyoming,3,"{'minutes': 10, 'seconds': 17}",,,40,60,1,10,0,False,Rush,Dylan Carson run for no gain to the AF 40,-1.1247712359915258,2025-10-18T21:14:26.000Z
401760392,40176039216,401760392103905801,10,3,Air Force,Mountain West,6,Wyoming,Mountain West,14,Air Force,Wyoming,3,"{'minutes': 9, 'seconds': 41}",,,40,60,2,10,18,False,Pass Reception,Liam Szarka pass complete to Jonah Dawson for 18 yds to the WYO 42 for a 1ST down,2.586736368563077,2025-10-18T21:29:05.000Z
401760392,40176039216,401760392103908401,10,4,Air Force,Mountain West,6,Wyoming,Mountain West,14,Air Force,Wyoming,3,"{'minutes': 9, 'seconds': 15}",,,58,42,1,10,2,False,Rush,Kade Frew run for 2 yds to the WYO 40,-0.4922124363662006,2025-10-18T21:29:52.000Z
401760392,40176039216,401760392103916101,10,5,Air Force,Mountain West,6,Wyoming,Mountain West,14,Air Force,Wyoming,3,"{'minutes': 8, 'seconds': 38}",,,60,40,2,8,7,False,Rush,Liam Szarka run for 7 yds to the WYO 33,0.4840890536978666,2025-10-18T21:14:26.000Z
401760392,40176039216,401760392103919001,10,6,Air Force,Mountain West,6,Wyoming,Mountain West,14,Air Force,Wyoming,3,"{'minutes': 8, 'seconds': 9}",,,67,33,3,1,5,False,Rush,Dylan Carson run for 5 yds to the WYO 28 for a 1ST down,0.539044380102027,2025-10-18T21:31:06.000Z
401760392,40176039216,401760392103926901,10,7,Air Force,Mountain West,6,Wyoming,Mountain West,14,Air Force,Wyoming,3,"{'minutes': 7, 'seconds': 30}",,,72,28,1,10,0,False,Rush,Kade Frew run for no gain to the WYO 28,-0.512081873784803,2025-10-18T21:31:57.000Z
401760392,40176039216,401760392103928401,10,8,Air Force,Mountain West,6,Wyoming,Mountain West,14,Air Force,Wyoming,3,"{'minutes': 7, 'seconds': 15}",,,72,28,2,10,27,False,Rush,Liam Szarka run for 27 yds to the WYO 1 for a 1ST down,2.338075072802791,2025-10-18T21:35:42.000Z
401760392,40176039216,401760392103935901,10,10,Air Force,Mountain West,14,Wyoming,Mountain West,14,Air Force,Wyoming,3,"{'minutes': 6, 'seconds': 40}",,,99,1,1,1,1,True,Rushing Touchdown,Liam Szarka 1 Yd Run (Liam Szarka Pass to Kade Frew for Two-Point Conversion),0.938021275120443,2025-10-18T21:14:26.000Z
401760392,40176039218,401760392103936001,11,1,Air Force,Mountain West,14,Wyoming,Mountain West,14,Air Force,Wyoming,3,"{'minutes': 6, 'seconds': 39}",,,35,65,1,10,0,False,Kickoff,Reagan Tubbs kickoff for 65 yds for a touchback,,2025-10-18T21:41:27.000Z
401760392,40176039218,401760392103969301,11,9,Wyoming,Mountain West,14,Air Force,Mountain West,14,Air Force,Wyoming,3,"{'minutes': 3, 'seconds': 6}",,,45,45,4,3,0,False,Punt,Bart Edmiston punt for 45 yds,,2025-10-18T21:47:24.000Z
401760392,40176039218,401760392103936301,11,2,Wyoming,Mountain West,14,Air Force,Mountain West,14,Air Force,Wyoming,3,"{'minutes': 6, 'seconds': 36}",,,75,75,1,10,13,False,Rush,Deion DeBlanc run for 13 yds to the WYO 38 for a 1ST down,1.124751479041831,2025-10-18T21:41:55.000Z
401760392,40176039218,401760392103939701,11,3,Wyoming,Mountain West,14,Air Force,Mountain West,14,Air Force,Wyoming,3,"{'minutes': 6, 'seconds': 2}",,,62,62,1,10,6,False,Pass Reception,Kaden Anderson pass complete to Jaylen Sargent for 6 yds to the WYO 44,0.4029960638370333,2025-10-18T21:43:05.000Z
401760392,40176039218,401760392103946401,11,4,Wyoming,Mountain West,14,Air Force,Mountain West,14,Air Force,Wyoming,3,"{'minutes': 5, 'seconds': 35}",,,56,56,2,4,2,False,Rush,Samuel Harris run for 2 yds to the WYO 46,-0.7319937138020496,2025-10-18T21:43:22.000Z
401760392,40176039218,401760392103949701,11,5,Wyoming,Mountain West,14,Air Force,Mountain West,14,Air Force,Wyoming,3,"{'minutes': 5, 'seconds': 2}",,,54,54,3,2,2,False,Rush,Samuel Harris run for 2 yds to the WYO 48 for a 1ST down,1.273947001934076,2025-10-18T21:43:38.000Z
401760392,40176039218,401760392103957901,11,6,Wyoming,Mountain West,14,Air Force,Mountain West,14,Air Force,Wyoming,3,"{'minutes': 4, 'seconds': 20}",,,52,52,1,10,6,False,Pass Reception,Kaden Anderson pass complete to Michael Fitzgerald for 6 yds to the AF 46,0.3608772046980507,2025-10-18T21:14:26.000Z
401760392,40176039218,401760392103964501,11,7,Wyoming,Mountain West,14,Air Force,Mountain West,14,Air Force,Wyoming,3,"{'minutes': 3, 'seconds': 54}",,,46,46,2,4,1,False,Rush,Eric Richardson run for 1 yd to the AF 45,-0.9276973661699283,2025-10-18T21:45:08.000Z
401760392,40176039218,401760392103968901,11,8,Wyoming,Mountain West,14,Air Force,Mountain West,14,Air Force,Wyoming,3,"{'minutes': 3, 'seconds': 10}",,,45,45,3,3,0,False,Pass Incompletion,"Kaden Anderson pass incomplete to Chris Durr Jr., broken up by Dallas Daley",-1.121381999349424,2025-10-18T21:45:45.000Z
401760392,40176039219,401760392103998002,12,7,Air Force,Mountain West,14,Wyoming,Mountain West,14,Air Force,Wyoming,3,"{'minutes': 0, 'seconds': 0}",,,62,38,0,5,2,False,End Period,End of 3rd Quarter,,2025-10-18T21:51:21.000Z
401760392,40176039219,401760392103974201,12,1,Air Force,Mountain West,14,Wyoming,Mountain West,14,Air Force,Wyoming,3,"{'minutes': 2, 'seconds': 57}",,,20,80,1,10,26,False,Rush,Owen Allen run for 26 yds to the AF 46 for a 1ST down,2.201160257919895,2025-10-18T21:47:44.000Z
401760392,40176039219,401760392103978401,12,2,Air Force,Mountain West,14,Wyoming,Mountain West,14,Air Force,Wyoming,3,"{'minutes': 2, 'seconds': 15}",,,46,54,1,10,1,False,Rush,Liam Szarka run for 1 yd to the AF 47,-0.921128701529616,2025-10-18T21:48:02.000Z
401760392,40176039219,401760392103985801,12,3,Air Force,Mountain West,14,Wyoming,Mountain West,14,Air Force,Wyoming,3,"{'minutes': 1, 'seconds': 41}",,,47,53,2,9,0,False,Pass Incompletion,Liam Szarka pass incomplete to Cade Harris,-1.005776819037436,2025-10-18T21:49:06.000Z
401760392,40176039219,401760392103986001,12,4,Air Force,Mountain West,14,Wyoming,Mountain West,14,Air Force,Wyoming,3,"{'minutes': 1, 'seconds': 39}",,,47,53,3,9,10,False,Pass Reception,Liam Szarka pass complete to Kade Frew for 10 yds to the WYO 43 for a 1ST down,2.7594329703214058,2025-10-18T21:49:25.000Z
401760392,40176039219,401760392103994301,12,5,Air Force,Mountain West,14,Wyoming,Mountain West,14,Air Force,Wyoming,3,"{'minutes': 0, 'seconds': 56}",,,57,43,1,10,5,False,Rush,Owen Allen run for 5 yds to the WYO 38,0.0913907244107932,2025-10-18T21:51:15.000Z
401760392,40176039219,401760392103998001,12,6,Air Force,Mountain West,14,Wyoming,Mountain West,14,Air Force,Wyoming,3,"{'minutes': 0, 'seconds': 19}",,,62,38,2,5,2,False,Rush,Owen Allen run for 2 yds to the WYO 36,-0.523073778177059,2025-10-18T21:51:21.000Z
401760392,40176039219,401760392104854101,12,8,Air Force,Mountain West,14,Wyoming,Mountain West,14,Air Force,Wyoming,4,"{'minutes': 14, 'seconds': 58}",,,64,36,3,3,2,False,Rush,Liam Szarka run for 2 yds to the WYO 34,-0.5906104000136273,2025-10-18T21:54:50.000Z
401760392,40176039219,401760392104858201,12,9,Air Force,Mountain West,14,Wyoming,Mountain West,14,Air Force,Wyoming,4,"{'minutes': 14, 'seconds': 17}",,,66,34,4,1,0,False,Pass Incompletion,Liam Szarka pass incomplete to Bruin Fleischmann,-2.6253364582892527,2025-10-18T21:55:57.000Z
401760392,40176039220,401760392104894601,13,7,Wyoming,Mountain West,14,Air Force,Mountain West,14,Air Force,Wyoming,4,"{'minutes': 10, 'seconds': 53}",,,7,7,1,7,4,False,Rush,Samuel Harris run for 4 yds to the AF 3,-0.014669983632882,2025-10-18T21:54:50.000Z
401760392,40176039220,401760392104898601,13,8,Wyoming,Mountain West,14,Air Force,Mountain West,14,Air Force,Wyoming,4,"{'minutes': 10, 'seconds': 13}",,,3,3,2,3,0,False,Rush,Terron Kellman run for no gain to the AF 3,-0.413137785818898,2025-10-18T22:03:24.000Z
401760392,40176039220,401760392104906901,13,9,Wyoming,Mountain West,14,Air Force,Mountain West,14,Air Force,Wyoming,4,"{'minutes': 9, 'seconds': 30}",,,3,3,3,3,0,False,Pass Interception Return,Evan Svoboda pass intercepted Roger Jones Jr. return for no gain to the AF 20,-4.375437600221009,2025-10-18T22:03:41.000Z
401760392,40176039220,401760392104858701,13,1,Wyoming,Mountain West,14,Air Force,Mountain West,14,Air Force,Wyoming,4,"{'minutes': 14, 'seconds': 12}",,,66,66,1,10,-1,False,Rush,Terron Kellman run for a loss of 1 yard to the WYO 33,-1.140315983000674,2025-10-18T21:59:08.000Z
401760392,40176039220,401760392104866401,13,2,Wyoming,Mountain West,14,Air Force,Mountain West,14,Air Force,Wyoming,4,"{'minutes': 13, 'seconds': 35}",,,67,67,2,11,10,False,Rush,Terron Kellman run for 10 yds to the WYO 43,1.0897100432457858,2025-10-18T21:59:24.000Z
401760392,40176039220,401760392104874201,13,3,Wyoming,Mountain West,14,Air Force,Mountain West,14,Air Force,Wyoming,4,"{'minutes': 12, 'seconds': 57}",,,57,57,3,1,2,False,Rush,Samuel Harris run for 2 yds to the WYO 45 for a 1ST down,1.1107620921681374,2025-10-18T21:59:43.000Z
401760392,40176039220,401760392104877501,13,4,Wyoming,Mountain West,14,Air Force,Mountain West,14,Air Force,Wyoming,4,"{'minutes': 12, 'seconds': 24}",,,55,55,1,10,29,False,Pass Reception,Kaden Anderson pass complete to Jaylen Sargent for 29 yds to the AF 26 for a 1ST down,1.5566111149081845,2025-10-18T21:54:50.000Z
401760392,40176039220,401760392104884301,13,5,Wyoming,Mountain West,14,Air Force,Mountain West,14,Air Force,Wyoming,4,"{'minutes': 11, 'seconds': 56}",,,26,26,1,10,3,False,Rush,Samuel Harris run for 3 yds to the AF 23,-0.1464938748677045,2025-10-18T22:01:12.000Z
401760392,40176039220,401760392104888401,13,6,Wyoming,Mountain West,14,Air Force,Mountain West,14,Air Force,Wyoming,4,"{'minutes': 11, 'seconds': 15}",,,23,23,2,7,16,False,Pass Reception,Kaden Anderson pass complete to Samuel Harris for 16 yds to the AF 7 for a 1ST down,0.669741366948674,2025-10-18T22:01:45.000Z
401760392,40176039221,401760392104907001,14,1,Air Force,Mountain West,14,Wyoming,Mountain West,14,Air Force,Wyoming,4,"{'minutes': 9, 'seconds': 29}",,,20,80,1,10,14,False,Rush,Owen Allen run for 14 yds to the AF 34 for a 1ST down,1.0492884058754886,2025-10-18T22:07:07.000Z
401760392,40176039221,401760392104914001,14,2,Air Force,Mountain West,14,Wyoming,Mountain West,14,Air Force,Wyoming,4,"{'minutes': 8, 'seconds': 59}",,,34,66,1,10,9,False,Rush,Liam Szarka run for 9 yds to the AF 43,1.3844644054795978,2025-10-18T22:07:24.000Z
401760392,40176039221,401760392104917501,14,3,Air Force,Mountain West,14,Wyoming,Mountain West,14,Air Force,Wyoming,4,"{'minutes': 8, 'seconds': 24}",,,43,57,2,1,2,False,Rush,Owen Allen run for 2 yds to the AF 45 for a 1ST down,-0.3243082530663486,2025-10-18T22:07:59.000Z
401760392,40176039221,401760392104925401,14,4,Air Force,Mountain West,14,Wyoming,Mountain West,14,Air Force,Wyoming,4,"{'minutes': 7, 'seconds': 45}",,,45,55,1,10,37,False,Rush,Owen Allen run for 37 yds to the WYO 18 for a 1ST down,1.684820528245774,2025-10-18T21:54:50.000Z
401760392,40176039221,401760392104929701,14,5,Air Force,Mountain West,14,Wyoming,Mountain West,14,Air Force,Wyoming,4,"{'minutes': 7, 'seconds': 2}",,,82,18,1,10,1,False,Rush,Kade Frew run for 1 yd to the WYO 17,-0.27260880361605,2025-10-18T22:09:26.000Z
401760392,40176039221,401760392104936201,14,6,Air Force,Mountain West,14,Wyoming,Mountain West,14,Air Force,Wyoming,4,"{'minutes': 6, 'seconds': 37}",,,83,17,2,9,7,False,Rush,Liam Szarka run for 7 yds to the WYO 10,0.223998680501083,2025-10-18T22:09:55.000Z
401760392,40176039221,401760392104939801,14,7,Air Force,Mountain West,14,Wyoming,Mountain West,14,Air Force,Wyoming,4,"{'minutes': 6, 'seconds': 1}",,,90,10,3,2,1,False,Rush,Owen Allen run for 1 yd to the WYO 9,-0.3026850273788,2025-10-18T21:54:50.000Z
401760392,40176039221,401760392104947101,14,8,Air Force,Mountain West,21,Wyoming,Mountain West,14,Air Force,Wyoming,4,"{'minutes': 5, 'seconds': 28}",,,91,9,4,1,9,True,Rushing Touchdown,Kade Frew 9 Yd Run (Reagan Tubbs Kick),2.943087859564358,2025-10-18T22:11:09.000Z
401760392,40176039223,401760392104947103,15,1,Air Force,Mountain West,21,Wyoming,Mountain West,14,Air Force,Wyoming,4,"{'minutes': 5, 'seconds': 28}",,,35,65,1,10,1,False,Kickoff Return (Offense),"Reagan Tubbs kickoff for 45 yds , Caleb Merritt return for 1 yd to the WYO 21",,2025-10-18T22:11:09.000Z
401760392,40176039223,401760392104956001,15,4,Wyoming,Mountain West,14,Air Force,Mountain West,21,Air Force,Wyoming,4,"{'minutes': 4, 'seconds': 39}",,,74,74,3,5,0,False,Uncategorized,Max Mustell return for no gain to the WYO 29,,2025-10-18T22:17:23.000Z
401760392,40176039223,401760392104947901,15,2,Wyoming,Mountain West,14,Air Force,Mountain West,21,Air Force,Wyoming,4,"{'minutes': 5, 'seconds': 20}",,,79,79,1,10,0,False,Pass Incompletion,Kaden Anderson pass incomplete to Samuel Harris,-0.585616097616759,2025-10-18T22:15:43.000Z
401760392,40176039223,401760392104948201,15,3,Wyoming,Mountain West,14,Air Force,Mountain West,21,Air Force,Wyoming,4,"{'minutes': 5, 'seconds': 17}",,,79,79,2,10,5,False,Rush,Samuel Harris run for 5 yds to the WYO 26,0.03889191793005154,2025-10-18T22:17:07.000Z
401760398,4017603982,4017603983,1,1,Colorado State,Mountain West,0,Wyoming,Mountain West,0,Wyoming,Colorado State,1,"{'minutes': 15, 'seconds': 0}",3.0,3.0,65,65,1,10,0,False,Kickoff,"#98 I.Hankins kickoff 65 yards to the WYO00, Touchback",,2025-10-25T23:30:43.000Z
401760398,4017603982,40176039844,1,9,Wyoming,Mountain West,0,Colorado State,Mountain West,0,Wyoming,Colorado State,1,"{'minutes': 11, 'seconds': 1}",3.0,3.0,60,40,4,10,0,False,Punt,"#18 B.Edmiston, Jr. punt 36 yards to the CSU04",,2025-10-25T23:39:32.000Z
401760398,4017603982,40176039812,1,2,Wyoming,Mountain West,0,Colorado State,Mountain West,0,Wyoming,Colorado State,1,"{'minutes': 15, 'seconds': 0}",3.0,3.0,25,75,1,10,2,False,Rush,No Huddle-Shotgun #5 T.Kellman rush right for 2 yards gain to the WYO27 (#52 P.Tangelo; #94 A.Tarber),-0.45260367932203766,2025-10-25T23:33:41.000Z
401760398,4017603982,40176039816,1,3,Wyoming,Mountain West,0,Colorado State,Mountain West,0,Wyoming,Colorado State,1,"{'minutes': 15, 'seconds': 0}",3.0,3.0,27,73,2,8,22,False,Pass Reception,"Shotgun #12 K.Anderson pass complete short right to #13 C.Durr caught at WYO30, for 22 yards to the WYO49 (#12 J.Bellah), 1ST DOWN",2.6069915951504203,2025-10-25T23:34:17.000Z
401760398,4017603982,40176039821,1,4,Wyoming,Mountain West,0,Colorado State,Mountain West,0,Wyoming,Colorado State,1,"{'minutes': 15, 'seconds': 0}",3.0,3.0,49,51,1,10,4,False,Rush,No Huddle-Shotgun #5 T.Kellman rush middle for 4 yards gain to the CSU47 (#40 O.Long),-0.1462695033279216,2025-10-25T23:34:41.000Z
401760398,4017603982,40176039825,1,5,Wyoming,Mountain West,0,Colorado State,Mountain West,0,Wyoming,Colorado State,1,"{'minutes': 15, 'seconds': 0}",3.0,3.0,53,47,2,6,7,False,Rush,"Shotgun #5 T.Kellman rush left for 7 yards gain to the CSU40 (#40 O.Long), 1ST DOWN, PENALTY CSU Offside declined",0.8805875632835196,2025-10-25T23:35:18.000Z
401760398,4017603982,40176039830,1,6,Wyoming,Mountain West,0,Colorado State,Mountain West,0,Wyoming,Colorado State,1,"{'minutes': 15, 'seconds': 0}",3.0,3.0,60,40,1,10,0,False,Pass Reception,"Shotgun #12 K.Anderson pass complete short right to #31 T.Deen caught at CSU43, for 0 yards to the CSU40 (#40 O.Long)",-0.8457687366186873,2025-10-25T23:36:09.000Z
401760398,4017603982,40176039835,1,7,Wyoming,Mountain West,0,Colorado State,Mountain West,0,Wyoming,Colorado State,1,"{'minutes': 15, 'seconds': 0}",3.0,3.0,60,40,2,10,3,False,Rush,Shotgun #26 S.Harris rush middle for 3 yards gain to the CSU37 (#45 R.Edmonson; #11 J.Naborne),-0.3586877375832956,2025-10-25T23:36:47.000Z
401760398,4017603982,40176039839,1,8,Wyoming,Mountain West,0,Colorado State,Mountain West,0,Wyoming,Colorado State,1,"{'minutes': 15, 'seconds': 0}",3.0,3.0,63,37,3,7,-3,False,Pass Reception,"Shotgun #12 K.Anderson pass complete short right to #13 C.Durr caught at CSU40, for 3 yards loss to the CSU40 (#40 O.Long; #12 J.Bellah)",-1.6428538834732063,2025-10-25T23:37:31.000Z
401760398,4017603983,40176039862,2,4,Colorado State,Mountain West,0,Wyoming,Mountain West,0,Wyoming,Colorado State,1,"{'minutes': 9, 'seconds': 28}",3.0,3.0,87,87,4,1,0,False,Punt,#83 B.Hansen punt 54 yards to the WYO33,,2025-10-25T23:45:01.000Z
401760398,4017603983,40176039851,2,1,Colorado State,Mountain West,0,Wyoming,Mountain West,0,Wyoming,Colorado State,1,"{'minutes': 11, 'seconds': 1}",3.0,3.0,96,96,1,10,7,False,Rush,Shotgun #2 J.Dupree rush left for 7 yards gain to the CSU11 (#9 B.Johnson),0.3187109891493991,2025-10-25T23:43:08.000Z
401760398,4017603983,40176039855,2,2,Colorado State,Mountain West,0,Wyoming,Mountain West,0,Wyoming,Colorado State,1,"{'minutes': 11, 'seconds': 1}",3.0,3.0,89,89,2,3,0,False,Pass Incompletion,No Huddle-Shotgun #7 J.Brousseau pass incomplete deep left to #0 J.Ross thrown to CSU33 broken up by #12 D.Hearns QB hurried by #94 B.Florentine,-0.45325330979176925,2025-10-25T23:43:49.000Z
401760398,4017603983,40176039858,2,3,Colorado State,Mountain West,0,Wyoming,Mountain West,0,Wyoming,Colorado State,1,"{'minutes': 11, 'seconds': 1}",3.0,3.0,89,89,3,3,2,False,Rush,No Huddle-Shotgun #25 L.Avant rush middle for 2 yards gain to the CSU13 (#9 B.Johnson; #98 J.Williams),-0.1250532035650087,2025-10-25T23:44:25.000Z
401760398,4017603984,401760398116,3,13,Wyoming,Mountain West,7,Colorado State,Mountain West,0,Wyoming,Colorado State,1,"{'minutes': 2, 'seconds': 43}",3.0,3.0,99,1,4,1,1,True,Rush,"Shotgun #14 L.Sims rush middle for 1 yard gain to the CSU00 TOUCHDOWN, clock 02:43 #47 E.Sandvik kick attempt good (H: #43 G.Helm, LS: #52 C.York)",2.785753974856101,2025-10-25T23:56:28.000Z
401760398,4017603984,401760398109,3,11,Wyoming,Mountain West,0,Colorado State,Mountain West,0,Wyoming,Colorado State,1,"{'minutes': 9, 'seconds': 28}",3.0,3.0,98,2,3,2,1,False,Penalty,PENALTY CSU Delay Of Game  1 yard from CSU02 to CSU01. NO PLAY,,2025-10-25T23:55:01.000Z
401760398,4017603984,40176039866,3,1,Wyoming,Mountain West,0,Colorado State,Mountain West,0,Wyoming,Colorado State,1,"{'minutes': 9, 'seconds': 28}",3.0,3.0,33,67,1,10,-4,False,Pass Reception,"No Huddle-Shotgun #12 K.Anderson pass complete short right to #13 C.Durr caught at WYO28, for 4 yards loss to the WYO29 (#4 J.Rogers)",-1.4397565338684624,2025-10-25T23:48:20.000Z
401760398,4017603984,40176039871,3,2,Wyoming,Mountain West,0,Colorado State,Mountain West,0,Wyoming,Colorado State,1,"{'minutes': 9, 'seconds': 28}",3.0,3.0,29,71,2,14,2,False,Rush,Shotgun #26 S.Harris rush right for 2 yards gain to the WYO31 (#55 A.Laurich),-0.19686716665666193,2025-10-25T23:49:00.000Z
401760398,4017603984,40176039875,3,3,Wyoming,Mountain West,0,Colorado State,Mountain West,0,Wyoming,Colorado State,1,"{'minutes': 9, 'seconds': 28}",3.0,3.0,31,69,3,12,14,False,Pass Reception,"Shotgun #12 K.Anderson pass complete short middle to #26 S.Harris caught at WYO35, for 14 yards to the WYO45 (#23 J.Mitchell), 1ST DOWN",2.789067132349908,2025-10-25T23:49:41.000Z
401760398,4017603984,40176039880,3,4,Wyoming,Mountain West,0,Colorado State,Mountain West,0,Wyoming,Colorado State,1,"{'minutes': 9, 'seconds': 28}",3.0,3.0,45,55,1,10,6,False,Pass Reception,"Shotgun #12 K.Anderson pass complete short middle to #8 J.Sargent caught at CSU50, for 6 yards to the CSU49 (#55 A.Laurich)",0.38118862332173,2025-10-25T23:50:23.000Z
401760398,4017603984,40176039885,3,5,Wyoming,Mountain West,0,Colorado State,Mountain West,0,Wyoming,Colorado State,1,"{'minutes': 9, 'seconds': 28}",3.0,3.0,51,49,2,4,3,False,Rush,Shotgun #14 L.Sims rush right for 3 yards gain to the CSU46 (#45 R.Edmonson),-0.43288757738774,2025-10-25T23:51:06.000Z
401760398,4017603984,40176039889,3,6,Wyoming,Mountain West,0,Colorado State,Mountain West,0,Wyoming,Colorado State,1,"{'minutes': 9, 'seconds': 28}",3.0,3.0,54,46,3,1,27,False,Rush,"Shotgun #22 S.Scott rush left for 27 yards gain to the CSU19 (#11 J.Naborne; #7 L.Joe), 1ST DOWN",1.723864562744852,2025-10-25T23:51:42.000Z
401760398,4017603984,40176039893,3,7,Wyoming,Mountain West,0,Colorado State,Mountain West,0,Wyoming,Colorado State,1,"{'minutes': 9, 'seconds': 28}",3.0,3.0,81,19,1,10,0,False,Pass Incompletion,Shotgun #12 K.Anderson pass incomplete short left thrown to CSU15,-0.362321296557512,2025-10-25T23:52:25.000Z
401760398,4017603984,40176039896,3,8,Wyoming,Mountain West,0,Colorado State,Mountain West,0,Wyoming,Colorado State,1,"{'minutes': 9, 'seconds': 28}",3.0,3.0,81,19,2,10,13,False,Pass Reception,"Shotgun #12 K.Anderson pass complete short right to #2 E.Richardson caught at CSU06, for 13 yards to the CSU06, End Of Play, 1ST DOWN",0.914279154129758,2025-10-25T23:53:08.000Z
401760398,4017603984,401760398101,3,9,Wyoming,Mountain West,0,Colorado State,Mountain West,0,Wyoming,Colorado State,1,"{'minutes': 9, 'seconds': 28}",3.0,3.0,94,6,1,6,4,False,Rush,No Huddle-Shotgun #22 S.Scott rush middle for 4 yards gain to the CSU02 (#45 R.Edmonson),-0.015446754256946,2025-10-25T23:53:47.000Z
401760398,4017603984,401760398105,3,10,Wyoming,Mountain West,0,Colorado State,Mountain West,0,Wyoming,Colorado State,1,"{'minutes': 9, 'seconds': 28}",3.0,3.0,98,2,2,2,0,False,Rush,Shotgun #5 T.Kellman rush middle for 0 yards to the CSU02 (#12 J.Bellah; #40 O.Long),-0.476893758740638,2025-10-25T23:54:30.000Z
401760398,4017603984,401760398112,3,12,Wyoming,Mountain West,0,Colorado State,Mountain West,0,Wyoming,Colorado State,1,"{'minutes': 9, 'seconds': 28}",3.0,3.0,99,1,3,1,0,False,Rush,#5 T.Kellman rush middle for 0 yards to the CSU01 (#40 O.Long),-0.331755745676551,2025-10-25T23:55:48.000Z
401760398,4017603986,401760398123,4,1,Wyoming,Mountain West,7,Colorado State,Mountain West,0,Wyoming,Colorado State,1,"{'minutes': 2, 'seconds': 37}",3.0,3.0,35,65,1,10,21,False,Kickoff,"#18 B.Edmiston, Jr. kickoff 60 yards to the CSU05 #25 L.Avant return 21 yards to the CSU26 (#2 C.Merritt; #46 D.Bauman)",,2025-10-26T00:00:28.000Z
401760398,4017603986,401760398128,4,2,Colorado State,Mountain West,0,Wyoming,Mountain West,7,Wyoming,Colorado State,1,"{'minutes': 2, 'seconds': 37}",3.0,3.0,74,74,1,10,18,False,Rush,"No Huddle-Shotgun #20 J.Marshall rush middle for 18 yards gain to the CSU44 (#23 J.Thomas), 1ST DOWN",1.63659353108166,2025-10-26T00:01:11.000Z
401760398,4017603986,401760398132,4,3,Colorado State,Mountain West,0,Wyoming,Mountain West,7,Wyoming,Colorado State,1,"{'minutes': 1, 'seconds': 52}",3.0,3.0,56,56,1,10,1,False,Pass Interception Return,No Huddle-Shotgun #7 J.Brousseau pass intercepted by #12 D.Hearns at CSU50 #12 D.Hearns return 1 yard to the CSU49 (#10 T.Maher),-2.629817218620694,2025-10-26T00:02:02.000Z
401760398,4017603987,401760398169,5,7,Wyoming,Mountain West,14,Colorado State,Mountain West,0,Wyoming,Colorado State,2,"{'minutes': 14, 'seconds': 15}",3.0,3.0,78,22,1,10,22,True,Pass Reception,"Shotgun #12 K.Anderson pass complete deep right to #11 M.Fitzgerald caught at CSU00, for 22 yards to the CSU00 TOUCHDOWN, clock 14:15, 1ST DOWN #47 E.Sandvik kick attempt good (H: #43 G.Helm, LS: #52 C.York)",2.64762276664846,2025-10-26T00:12:16.000Z
401760398,4017603987,401760398141,5,1,Wyoming,Mountain West,7,Colorado State,Mountain West,0,Wyoming,Colorado State,1,"{'minutes': 1, 'seconds': 52}",3.0,3.0,51,49,1,10,0,False,Pass Incompletion,No Huddle-Shotgun #12 K.Anderson pass incomplete deep right to #8 J.Sargent thrown to CSU03,-1.0955888671820908,2025-10-26T00:05:16.000Z
401760398,4017603987,401760398144,5,2,Wyoming,Mountain West,7,Colorado State,Mountain West,0,Wyoming,Colorado State,1,"{'minutes': 1, 'seconds': 52}",3.0,3.0,51,49,2,10,5,False,Rush,Shotgun #5 T.Kellman rush middle for 5 yards gain to the CSU44 (#40 O.Long; #77 J.Moran),0.0743034836232805,2025-10-26T00:05:56.000Z
401760398,4017603987,401760398148,5,3,Wyoming,Mountain West,7,Colorado State,Mountain West,0,Wyoming,Colorado State,1,"{'minutes': 1, 'seconds': 52}",3.0,3.0,56,44,3,5,9,False,Pass Reception,"Shotgun #12 K.Anderson pass complete short middle to #2 E.Richardson caught at CSU42, for 9 yards to the CSU35 (#7 L.Joe), 1ST DOWN",1.8110271514191025,2025-10-26T00:06:37.000Z
401760398,4017603987,401760398153,5,4,Wyoming,Mountain West,7,Colorado State,Mountain West,0,Wyoming,Colorado State,1,"{'minutes': 1, 'seconds': 52}",3.0,3.0,65,35,1,10,0,False,Rush,Shotgun #12 K.Anderson rush left for 0 yards to the CSU35 (#56 K.Agurs),-0.6918622905019662,2025-10-26T00:07:29.000Z
401760398,4017603987,401760398159,5,5,Wyoming,Mountain West,7,Colorado State,Mountain West,0,Wyoming,Colorado State,1,"{'minutes': 0, 'seconds': 0}",3.0,3.0,65,35,1,10,0,False,End Period,End of 1st quarter.,-0.6918622905019662,2025-10-26T00:07:54.000Z
401760398,4017603987,401760398163,5,6,Wyoming,Mountain West,7,Colorado State,Mountain West,0,Wyoming,Colorado State,2,"{'minutes': 15, 'seconds': 0}",3.0,3.0,65,35,2,10,13,False,Rush,"Shotgun #14 L.Sims rush middle for 13 yards gain to the CSU22 (#40 O.Long), 1ST DOWN",1.0168283076304623,2025-10-26T00:11:41.000Z
401760398,4017603989,401760398177,6,1,Wyoming,Mountain West,14,Colorado State,Mountain West,0,Wyoming,Colorado State,2,"{'minutes': 14, 'seconds': 8}",3.0,3.0,35,65,1,10,20,False,Kickoff,"#18 B.Edmiston, Jr. kickoff 59 yards to the CSU06 #25 L.Avant return 20 yards to the CSU26 (#22 J.DaCosta)",,2025-10-26T00:16:20.000Z
401760398,4017603989,401760398203,6,7,Colorado State,Mountain West,0,Wyoming,Mountain West,14,Wyoming,Colorado State,2,"{'minutes': 14, 'seconds': 8}",3.0,3.0,61,61,3,9,10,False,Penalty,"No Huddle-Shotgun #7 J.Brousseau pass complete short right to #2 J.Dupree caught at CSU37, for 7 yards to the CSU46 (#8 T.Boss) PENALTY CSU Holding 10 yards from CSU39 to CSU29. NO PLAY",,2025-10-26T00:20:32.000Z
401760398,4017603989,401760398213,6,9,Colorado State,Mountain West,0,Wyoming,Mountain West,14,Wyoming,Colorado State,2,"{'minutes': 9, 'seconds': 52}",3.0,3.0,64,64,4,12,0,False,Punt,#83 B.Hansen punt 61 yards to the WYO03,,2025-10-26T00:21:49.000Z
401760398,4017603989,401760398182,6,2,Colorado State,Mountain West,0,Wyoming,Mountain West,14,Wyoming,Colorado State,2,"{'minutes': 14, 'seconds': 8}",3.0,3.0,74,74,1,10,5,False,Rush,No Huddle-Shotgun #24 J.Kinnard rush right for 5 yards gain to the CSU31 (#97 L.Samsula),0.0963261532824955,2025-10-26T00:17:02.000Z
401760398,4017603989,401760398186,6,3,Colorado State,Mountain West,0,Wyoming,Mountain West,14,Wyoming,Colorado State,2,"{'minutes': 14, 'seconds': 8}",3.0,3.0,69,69,2,5,2,False,Pass Reception,"No Huddle-Shotgun #7 J.Brousseau pass complete short left to #20 J.Marshall caught at CSU30, for 2 yards to the CSU33 (#42 E.Stuhlsatz)",-0.5029303025001761,2025-10-26T00:17:36.000Z
401760398,4017603989,401760398191,6,4,Colorado State,Mountain West,0,Wyoming,Mountain West,14,Wyoming,Colorado State,2,"{'minutes': 14, 'seconds': 8}",3.0,3.0,67,67,3,3,5,False,Rush,"No Huddle-Shotgun #20 J.Marshall rush right for 5 yards gain to the CSU38 (#8 T.Boss), 1ST DOWN",1.460376820999156,2025-10-26T00:18:17.000Z
401760398,4017603989,401760398195,6,5,Colorado State,Mountain West,0,Wyoming,Mountain West,14,Wyoming,Colorado State,2,"{'minutes': 14, 'seconds': 8}",3.0,3.0,62,62,1,10,-3,False,Rush,No Huddle-Shotgun #2 J.Dupree rush left for 3 yards loss to the CSU35 (#40 T.Westland; #94 B.Florentine),-1.5751044294644094,2025-10-26T00:18:47.000Z
401760398,4017603989,401760398199,6,6,Colorado State,Mountain West,0,Wyoming,Mountain West,14,Wyoming,Colorado State,2,"{'minutes': 14, 'seconds': 8}",3.0,3.0,65,65,2,13,4,False,Rush,No Huddle-Shotgun #2 J.Dupree rush middle for 4 yards gain to the CSU39 (#40 T.Westland),-0.0913127962741207,2025-10-26T00:19:27.000Z
401760398,4017603989,401760398209,6,8,Colorado State,Mountain West,0,Wyoming,Mountain West,14,Wyoming,Colorado State,2,"{'minutes': 14, 'seconds': 8}",3.0,3.0,71,71,3,19,7,False,Rush,No Huddle-Shotgun #7 J.Brousseau rush middle for 7 yards gain to the CSU36 (#42 E.Stuhlsatz),0.07116422329319946,2025-10-26T00:21:18.000Z
401760398,40176039810,401760398251,7,10,Wyoming,Mountain West,14,Colorado State,Mountain West,0,Wyoming,Colorado State,2,"{'minutes': 6, 'seconds': 0}",3.0,3.0,26,74,4,6,9,False,Punt,"#18 B.Edmiston, Jr. punt 53 yards to the CSU21 #24 J.Kinnard return 16 yards to the CSU37 (#9 B.Johnson) PENALTY CSU Holding 10 yards from CSU30 to CSU20",,2025-10-26T00:31:22.000Z
401760398,40176039810,401760398221,7,2,Wyoming,Mountain West,14,Colorado State,Mountain West,0,Wyoming,Colorado State,2,"{'minutes': 9, 'seconds': 52}",3.0,3.0,12,88,2,1,5,False,Penalty,PENALTY WYO False Start  5 yards from WYO12 to WYO07. NO PLAY,,2025-10-26T00:25:47.000Z
401760398,40176039810,401760398236,7,6,Wyoming,Mountain West,14,Colorado State,Mountain West,0,Wyoming,Colorado State,2,"{'minutes': 9, 'seconds': 52}",3.0,3.0,22,78,2,10,5,False,Penalty,PENALTY WYO Illegal Substitution  5 yards from WYO22 to WYO17. NO PLAY,,2025-10-26T00:28:31.000Z
401760398,40176039810,401760398243,7,8,Wyoming,Mountain West,14,Colorado State,Mountain West,0,Wyoming,Colorado State,2,"{'minutes': 9, 'seconds': 52}",3.0,3.0,26,74,3,6,5,False,Penalty,PENALTY WYO False Start (#5 T.Kellman) 5 yards from WYO26 to WYO21. NO PLAY,,2025-10-26T00:30:04.000Z
401760398,40176039810,401760398217,7,1,Wyoming,Mountain West,14,Colorado State,Mountain West,0,Wyoming,Colorado State,2,"{'minutes': 9, 'seconds': 52}",3.0,3.0,3,97,1,10,9,False,Rush,No Huddle #26 S.Harris rush middle for 9 yards gain to the WYO12 (#11 J.Naborne),0.6757836111412336,2025-10-26T00:25:18.000Z
401760398,40176039810,401760398224,7,3,Wyoming,Mountain West,14,Colorado State,Mountain West,0,Wyoming,Colorado State,2,"{'minutes': 9, 'seconds': 52}",3.0,3.0,7,93,2,6,1,False,Rush,No Huddle #26 S.Harris rush left for 1 yard gain to the WYO08 (#44 J.Ellis),-0.20427746833217153,2025-10-26T00:26:38.000Z
401760398,40176039810,401760398228,7,4,Wyoming,Mountain West,14,Colorado State,Mountain West,0,Wyoming,Colorado State,2,"{'minutes': 9, 'seconds': 52}",3.0,3.0,8,92,3,5,14,False,Pass Reception,"No Huddle-Shotgun #12 K.Anderson pass complete short right to #13 C.Durr caught at WYO15, for 14 yards to the WYO22 (#32 D.Hagans), 1ST DOWN",0.9199345287776346,2025-10-26T00:27:18.000Z
401760398,40176039810,401760398233,7,5,Wyoming,Mountain West,14,Colorado State,Mountain West,0,Wyoming,Colorado State,2,"{'minutes': 9, 'seconds': 52}",3.0,3.0,22,78,1,10,0,False,Pass Incompletion,No Huddle-Shotgun #12 K.Anderson pass incomplete short middle to #26 S.Harris thrown to WYO19,-0.6135902757979226,2025-10-26T00:27:54.000Z
401760398,40176039810,401760398239,7,7,Wyoming,Mountain West,14,Colorado State,Mountain West,0,Wyoming,Colorado State,2,"{'minutes': 9, 'seconds': 52}",3.0,3.0,17,83,2,15,9,False,Rush,No Huddle-Shotgun #5 T.Kellman rush left for 9 yards gain to the WYO26 (#23 J.Mitchell; #11 J.Naborne),0.2563397466353301,2025-10-26T00:29:17.000Z
401760398,40176039810,401760398246,7,9,Wyoming,Mountain West,14,Colorado State,Mountain West,0,Wyoming,Colorado State,2,"{'minutes': 9, 'seconds': 52}",3.0,3.0,21,79,3,11,5,False,Pass Reception,"Shotgun #12 K.Anderson pass complete short right to #13 C.Durr caught at WYO21, for 5 yards to the WYO26 (#0 C.Jackson)",0.01421883684576386,2025-10-26T00:30:41.000Z
401760398,40176039821,401760398455,15,3,Wyoming,Mountain West,28,Colorado State,Mountain West,0,Wyoming,Colorado State,3,"{'minutes': 7, 'seconds': 28}",2.0,3.0,36,64,3,1,5,False,Penalty,PENALTY WYO False Start (#86 E.Svoboda) 5 yards from WYO36 to WYO31. NO PLAY,,2025-10-26T01:45:02.000Z
401760398,40176039821,401760398463,15,5,Wyoming,Mountain West,28,Colorado State,Mountain West,0,Wyoming,Colorado State,3,"{'minutes': 5, 'seconds': 34}",2.0,3.0,32,68,4,5,0,False,Punt,"#18 B.Edmiston, Jr. punt 56 yards to the CSU12, out of bounds at CSU12",,2025-10-26T01:46:30.000Z
401760398,40176039821,401760398448,15,1,Wyoming,Mountain West,28,Colorado State,Mountain West,0,Wyoming,Colorado State,3,"{'minutes': 7, 'seconds': 28}",2.0,3.0,27,73,1,10,0,False,Pass Incompletion,No Huddle-Shotgun #12 K.Anderson pass incomplete deep right to #82 B.Brantley thrown to CSU28 broken up by #4 J.Rogers,-0.766047035673644,2025-10-26T01:43:37.000Z
401760398,40176039821,401760398451,15,2,Wyoming,Mountain West,28,Colorado State,Mountain West,0,Wyoming,Colorado State,3,"{'minutes': 7, 'seconds': 28}",2.0,3.0,27,73,2,10,9,False,Rush,No Huddle-Shotgun #5 T.Kellman rush middle for 9 yards gain to the WYO36 (#12 J.Bellah),0.7360700755462677,2025-10-26T01:44:21.000Z
401760398,40176039821,401760398458,15,4,Wyoming,Mountain West,28,Colorado State,Mountain West,0,Wyoming,Colorado State,3,"{'minutes': 7, 'seconds': 28}",2.0,3.0,31,69,3,6,1,False,Pass Reception,"No Huddle-Shotgun #12 K.Anderson pass complete short left to #9 J.Holman caught at WYO29, for 1 yard to the WYO32 (#52 P.Tangelo; #40 O.Long)",-0.2977157477818855,2025-10-26T01:45:45.000Z
401760398,40176039822,401760398499,16,8,Colorado State,Mountain West,0,Wyoming,Mountain West,28,Wyoming,Colorado State,3,"{'minutes': 0, 'seconds': 56}",2.0,2.0,32,32,3,1,0,False,Timeout,"Timeout Colorado State, clock 00:56",,2025-10-26T01:54:50.000Z
401760398,40176039822,401760398468,16,1,Colorado State,Mountain West,0,Wyoming,Mountain West,28,Wyoming,Colorado State,3,"{'minutes': 5, 'seconds': 34}",3.0,2.0,88,88,1,10,3,False,Rush,No Huddle-Shotgun #7 J.Brousseau rush right for 3 yards gain to the CSU15 (#8 T.Boss),-0.16043022196263834,2025-10-26T01:49:55.000Z
401760398,40176039822,401760398472,16,2,Colorado State,Mountain West,0,Wyoming,Mountain West,28,Wyoming,Colorado State,3,"{'minutes': 5, 'seconds': 34}",3.0,2.0,85,85,2,7,31,False,Pass Reception,"No Huddle-Shotgun #7 J.Brousseau pass complete short left to #8 L.Brown caught at CSU30, for 31 yards to the CSU46 (#7 M.Grant), 1ST DOWN",2.706792675861747,2025-10-26T01:50:33.000Z
401760398,40176039822,401760398477,16,3,Colorado State,Mountain West,0,Wyoming,Mountain West,28,Wyoming,Colorado State,3,"{'minutes': 5, 'seconds': 34}",3.0,2.0,54,54,1,10,8,False,Rush,No Huddle-Shotgun #20 J.Marshall rush right for 8 yards gain to the WYO46 (#23 J.Thomas),0.9228976525664996,2025-10-26T01:51:15.000Z
401760398,40176039822,401760398481,16,4,Colorado State,Mountain West,0,Wyoming,Mountain West,28,Wyoming,Colorado State,3,"{'minutes': 5, 'seconds': 34}",3.0,2.0,46,46,2,2,5,False,Rush,"No Huddle-Shotgun #7 J.Brousseau rush middle for 5 yards gain to the WYO41 (#9 B.Johnson), 1ST DOWN",0.021480259222189,2025-10-26T01:51:56.000Z
401760398,40176039822,401760398485,16,5,Colorado State,Mountain West,0,Wyoming,Mountain West,28,Wyoming,Colorado State,3,"{'minutes': 5, 'seconds': 34}",3.0,2.0,41,41,1,10,2,False,Rush,No Huddle-Shotgun #7 J.Brousseau rush middle for 2 yards gain to the WYO39 (#9 B.Johnson),-0.4734810315767391,2025-10-26T01:52:34.000Z
401760398,40176039822,401760398489,16,6,Colorado State,Mountain West,0,Wyoming,Mountain West,28,Wyoming,Colorado State,3,"{'minutes': 5, 'seconds': 34}",3.0,2.0,39,39,2,8,7,False,Rush,No Huddle-Shotgun #25 L.Avant rush right for 7 yards gain to the WYO32 (#4 J.Taylor),0.469064004293335,2025-10-26T01:53:10.000Z
401760398,40176039822,401760398493,16,7,Colorado State,Mountain West,0,Wyoming,Mountain West,28,Wyoming,Colorado State,3,"{'minutes': 5, 'seconds': 34}",3.0,2.0,32,32,3,1,4,False,Rush,"No Huddle-Shotgun #25 L.Avant rush middle for 4 yards gain to the WYO28 (#11 E.Bogar), 1ST DOWN",0.4809221790414925,2025-10-26T01:53:55.000Z
401760398,40176039822,401760398497,16,9,Colorado State,Mountain West,0,Wyoming,Mountain West,28,Wyoming,Colorado State,3,"{'minutes': 0, 'seconds': 49}",2.0,2.0,28,28,1,10,0,False,Interception,"No Huddle-Shotgun #7 J.Brousseau pass intercepted by #7 M.Grant at WYO00, Touchback",-4.235985525861569,2025-10-26T01:55:53.000Z
401760398,40176039823,401760398503,17,1,Wyoming,Mountain West,28,Colorado State,Mountain West,0,Wyoming,Colorado State,3,"{'minutes': 0, 'seconds': 56}",2.0,2.0,20,80,1,10,10,False,Penalty,PENALTY WYO UNS: Unsportsmanlike Conduct  10 yards from WYO20 to WYO10. NO PLAY,,2025-10-26T01:57:38.000Z
401760398,40176039823,401760398526,17,6,Wyoming,Mountain West,28,Colorado State,Mountain West,0,Wyoming,Colorado State,4,"{'minutes': 14, 'seconds': 4}",2.0,2.0,19,81,4,11,0,False,Punt,"#18 B.Edmiston, Jr. punt 65 yards to the CSU16",,2025-10-26T02:03:38.000Z
401760398,40176039823,401760398506,17,2,Wyoming,Mountain West,28,Colorado State,Mountain West,0,Wyoming,Colorado State,3,"{'minutes': 0, 'seconds': 56}",2.0,2.0,10,90,1,10,2,False,Rush,No Huddle-Shotgun #5 T.Kellman rush left for 2 yards gain to the WYO12 (#23 J.Mitchell; #49 J.Tafia),-0.22662764690566295,2025-10-26T01:58:04.000Z
401760398,40176039823,401760398510,17,3,Wyoming,Mountain West,28,Colorado State,Mountain West,0,Wyoming,Colorado State,3,"{'minutes': 0, 'seconds': 56}",2.0,2.0,12,88,2,8,-3,False,Rush,No Huddle-Shotgun #5 T.Kellman rush middle for 3 yards loss to the WYO09 (#39 D.Gill),-0.29503516698023535,2025-10-26T01:58:43.000Z
401760398,40176039823,401760398516,17,4,Wyoming,Mountain West,28,Colorado State,Mountain West,0,Wyoming,Colorado State,3,"{'minutes': 0, 'seconds': 0}",2.0,2.0,12,88,2,18,-3,False,End Period,End of 3rd quarter.,-0.08301742973312187,2025-10-26T01:59:12.000Z
401760398,40176039823,401760398520,17,5,Wyoming,Mountain West,28,Colorado State,Mountain West,0,Wyoming,Colorado State,4,"{'minutes': 15, 'seconds': 0}",2.0,2.0,9,91,3,21,10,False,Rush,No Huddle-Shotgun #14 L.Sims rush left for 10 yards gain to the WYO19 (#23 J.Mitchell),0.04589814346137457,2025-10-26T02:02:59.000Z
401760398,40176039824,401760398549,18,6,Colorado State,Mountain West,0,Wyoming,Mountain West,28,Wyoming,Colorado State,4,"{'minutes': 14, 'seconds': 4}",2.0,2.0,70,70,4,7,5,False,Penalty,PENALTY CSU False Start (#17 C.Blocker) 5 yards from CSU30 to CSU25. NO PLAY,,2025-10-26T02:10:57.000Z
401760398,40176039824,401760398552,18,7,Colorado State,Mountain West,0,Wyoming,Mountain West,28,Wyoming,Colorado State,4,"{'minutes': 12, 'seconds': 16}",2.0,2.0,75,75,4,12,0,False,Punt,#83 B.Hansen punt 51 yards to the WYO24 fair catch by #19 C.Coenen at WYO24,,2025-10-26T02:11:34.000Z
401760398,40176039824,401760398530,18,1,Colorado State,Mountain West,0,Wyoming,Mountain West,28,Wyoming,Colorado State,4,"{'minutes': 14, 'seconds': 4}",2.0,2.0,84,84,1,10,-1,False,Rush,No Huddle-Shotgun #20 J.Marshall rush right for 1 yard loss to the CSU15 (#11 E.Bogar; #18 P.Eyabi),-0.5233394759141161,2025-10-26T02:04:27.000Z
401760398,40176039824,401760398534,18,2,Colorado State,Mountain West,0,Wyoming,Mountain West,28,Wyoming,Colorado State,4,"{'minutes': 14, 'seconds': 4}",2.0,2.0,85,85,2,11,12,False,Pass Reception,"No Huddle-Shotgun #3 D.Curry pass complete short left to #10 T.Maher caught at CSU19, for 12 yards to the CSU27 (#6 E.Eller), 1ST DOWN",1.1699933688958541,2025-10-26T02:04:58.000Z
401760398,40176039824,401760398539,18,3,Colorado State,Mountain West,0,Wyoming,Mountain West,28,Wyoming,Colorado State,4,"{'minutes': 14, 'seconds': 4}",2.0,2.0,73,73,1,10,3,False,Rush,No Huddle-Shotgun #20 J.Marshall rush right for 3 yards gain to the CSU30 (#18 P.Eyabi),-0.3204076759721195,2025-10-26T02:05:38.000Z
401760398,40176039824,401760398543,18,4,Colorado State,Mountain West,0,Wyoming,Mountain West,28,Wyoming,Colorado State,4,"{'minutes': 14, 'seconds': 4}",2.0,2.0,70,70,2,7,0,False,Pass Incompletion,No Huddle-Shotgun #3 D.Curry pass incomplete short middle to #81 R.Beers thrown to CSU47,-0.6162594068002241,2025-10-26T02:09:30.000Z
401760398,40176039824,401760398546,18,5,Colorado State,Mountain West,0,Wyoming,Mountain West,28,Wyoming,Colorado State,4,"{'minutes': 14, 'seconds': 4}",2.0,2.0,70,70,3,7,0,False,Pass Incompletion,No Huddle-Shotgun #3 D.Curry pass incomplete short left to #10 T.Maher thrown to CSU45,-0.2994278057522406,2025-10-26T02:10:14.000Z
401760398,40176039825,401760398560,19,2,Wyoming,Mountain West,28,Colorado State,Mountain West,0,Wyoming,Colorado State,4,"{'minutes': 12, 'seconds': 16}",2.0,2.0,37,63,1,10,13,False,Penalty,"No Huddle-Shotgun #14 L.Sims pass incomplete short right to #11 M.Fitzgerald thrown to CSU50, 1ST DOWN, PENALTY CSU Pass Interference (#32 D.Hagans) 13 yards from WYO37 to WYO50, 1ST DOWN. NO PLAY",,2025-10-26T02:15:38.000Z
401760398,40176039825,401760398574,19,6,Wyoming,Mountain West,28,Colorado State,Mountain West,0,Wyoming,Colorado State,4,"{'minutes': 10, 'seconds': 31}",2.0,2.0,54,46,4,6,0,False,Punt,"#18 B.Edmiston, Jr. punt 36 yards to the CSU10",,2025-10-26T02:19:30.000Z
401760398,40176039825,401760398556,19,1,Wyoming,Mountain West,28,Colorado State,Mountain West,0,Wyoming,Colorado State,4,"{'minutes': 12, 'seconds': 16}",2.0,2.0,24,76,1,10,13,False,Rush,"No Huddle-Shotgun #24 M.White rush left for 13 yards gain to the WYO37 (#0 C.Jackson), 1ST DOWN",1.0951075498380405,2025-10-26T02:14:49.000Z
401760398,40176039825,401760398564,19,3,Wyoming,Mountain West,28,Colorado State,Mountain West,0,Wyoming,Colorado State,4,"{'minutes': 12, 'seconds': 16}",2.0,2.0,50,50,1,10,0,False,Pass Incompletion,No Huddle-Shotgun #12 K.Anderson pass incomplete short left to #9 J.Holman thrown to CSU45 broken up by #17 C.Blocker,-1.1143038065675126,2025-10-26T02:16:37.000Z
401760398,40176039825,401760398567,19,4,Wyoming,Mountain West,28,Colorado State,Mountain West,0,Wyoming,Colorado State,4,"{'minutes': 12, 'seconds': 16}",2.0,2.0,50,50,2,10,4,False,Rush,No Huddle-Shotgun #24 M.White rush middle for 4 yards gain to the CSU46 (#40 O.Long),-0.1663353187565111,2025-10-26T02:17:59.000Z
401760398,40176039825,401760398571,19,5,Wyoming,Mountain West,28,Colorado State,Mountain West,0,Wyoming,Colorado State,4,"{'minutes': 12, 'seconds': 16}",2.0,2.0,54,46,3,6,0,False,Pass Incompletion,No Huddle-Shotgun #12 K.Anderson pass incomplete short left to #9 J.Holman thrown to CSU35 broken up by #17 C.Blocker,-0.9913259097005076,2025-10-26T02:18:42.000Z
401760398,40176039826,401760398603,20,7,Colorado State,Mountain West,0,Wyoming,Mountain West,28,Wyoming,Colorado State,4,"{'minutes': 7, 'seconds': 31}",1.0,2.0,60,60,2,8,0,False,Timeout,"Timeout Colorado State, clock 07:31",,2025-10-26T02:23:32.000Z
401760398,40176039826,401760398605,20,8,Colorado State,Mountain West,0,Wyoming,Mountain West,28,Wyoming,Colorado State,4,"{'minutes': 7, 'seconds': 16}",1.0,2.0,59,59,4,7,0,False,Punt,"#83 B.Hansen punt 59 yards to the WYO00, Touchback",,2025-10-26T02:25:48.000Z
401760398,40176039826,401760398578,20,1,Colorado State,Mountain West,0,Wyoming,Mountain West,28,Wyoming,Colorado State,4,"{'minutes': 10, 'seconds': 31}",2.0,2.0,90,90,1,10,8,False,Pass Reception,"No Huddle-Shotgun #3 D.Curry pass complete short left to #6 T.Lanier caught at CSU18, for 8 yards to the CSU18 (#20 D.Miller)",0.5852628122326671,2025-10-26T02:20:18.000Z
401760398,40176039826,401760398583,20,2,Colorado State,Mountain West,0,Wyoming,Mountain West,28,Wyoming,Colorado State,4,"{'minutes': 10, 'seconds': 31}",2.0,2.0,82,82,2,2,9,False,Pass Reception,"No Huddle-Shotgun #3 D.Curry pass complete short left to #6 T.Lanier caught at CSU26, for 9 yards to the CSU27 (#20 D.Miller), 1ST DOWN",0.2758660066826009,2025-10-26T02:20:53.000Z
401760398,40176039826,401760398588,20,3,Colorado State,Mountain West,0,Wyoming,Mountain West,28,Wyoming,Colorado State,4,"{'minutes': 10, 'seconds': 31}",2.0,2.0,73,73,1,10,11,False,Rush,"No Huddle-Shotgun #2 J.Dupree rush right for 11 yards gain to the CSU38 (#6 E.Eller; #21 E.Sibomana), 1ST DOWN",0.979711793542446,2025-10-26T02:21:30.000Z
401760398,40176039826,401760398592,20,4,Colorado State,Mountain West,0,Wyoming,Mountain West,28,Wyoming,Colorado State,4,"{'minutes': 10, 'seconds': 31}",2.0,2.0,62,62,1,10,2,False,Pass Reception,"No Huddle-Shotgun #3 D.Curry pass complete short left to #24 J.Kinnard caught at CSU40, for 2 yards to the CSU40 (#6 E.Eller)",-0.6656376494811928,2025-10-26T02:22:06.000Z
401760398,40176039826,401760398597,20,5,Colorado State,Mountain West,0,Wyoming,Mountain West,28,Wyoming,Colorado State,4,"{'minutes': 10, 'seconds': 31}",2.0,2.0,60,60,2,8,1,False,Rush,No Huddle-Shotgun #24 J.Kinnard rush right for 1 yard gain to the CSU41 (#6 E.Eller),-0.7183018371048746,2025-10-26T02:22:40.000Z
401760398,40176039826,401760398601,20,6,Colorado State,Mountain West,0,Wyoming,Mountain West,28,Wyoming,Colorado State,4,"{'minutes': 7, 'seconds': 31}",2.0,2.0,59,59,3,7,0,False,Pass Incompletion,No Huddle-Shotgun #3 D.Curry pass incomplete short middle to #8 L.Brown thrown to WYO46,-0.5612468754402302,2025-10-26T02:24:52.000Z
401760398,40176039827,401760398620,21,4,Wyoming,Mountain West,28,Colorado State,Mountain West,0,Wyoming,Colorado State,4,"{'minutes': 5, 'seconds': 32}",2.0,1.0,26,74,4,4,0,False,Punt,"#18 B.Edmiston, Jr. punt 55 yards to the CSU19",,2025-10-26T02:31:14.000Z
401760398,40176039827,401760398609,21,1,Wyoming,Mountain West,28,Colorado State,Mountain West,0,Wyoming,Colorado State,4,"{'minutes': 7, 'seconds': 16}",2.0,1.0,20,80,1,10,6,False,Rush,No Huddle-Shotgun #4 D.Harris rush left for 6 yards gain to the WYO26 (#12 J.Bellah),0.2888240217992033,2025-10-26T02:29:10.000Z
401760398,40176039827,401760398613,21,2,Wyoming,Mountain West,28,Colorado State,Mountain West,0,Wyoming,Colorado State,4,"{'minutes': 7, 'seconds': 16}",2.0,1.0,26,74,2,4,0,False,Rush,Shotgun #4 D.Harris rush middle for 0 yards to the WYO26 (#44 J.Ellis; #49 J.Tafia),-0.711661989572181,2025-10-26T02:29:53.000Z
401760398,40176039827,401760398617,21,3,Wyoming,Mountain West,28,Colorado State,Mountain West,0,Wyoming,Colorado State,4,"{'minutes': 7, 'seconds': 16}",2.0,1.0,26,74,3,4,0,False,Pass Incompletion,Shotgun #12 K.Anderson pass incomplete short middle to #22 S.Scott thrown to WYO22,-0.3362980935228226,2025-10-26T02:30:40.000Z
401760398,40176039828,401760398675,22,12,Colorado State,Mountain West,0,Wyoming,Mountain West,28,Wyoming,Colorado State,4,"{'minutes': 1, 'seconds': 56}",1.0,2.0,89,89,3,10,0,False,Timeout,"Timeout , clock 01:56",,2025-10-26T02:41:03.000Z
401760398,40176039828,401760398624,22,1,Colorado State,Mountain West,0,Wyoming,Mountain West,28,Wyoming,Colorado State,4,"{'minutes': 5, 'seconds': 32}",1.0,2.0,81,81,1,10,4,False,Rush,No Huddle-Shotgun #3 D.Curry rush left for 4 yards gain to the CSU23 (#42 E.Stuhlsatz),-0.08358568772589688,2025-10-26T02:32:13.000Z
401760398,40176039828,401760398629,22,2,Colorado State,Mountain West,0,Wyoming,Mountain West,28,Wyoming,Colorado State,4,"{'minutes': 5, 'seconds': 32}",1.0,2.0,77,77,2,6,9,False,Pass Reception,"No Huddle-Shotgun #3 D.Curry pass complete short left to #10 T.Maher caught at CSU29, for 9 yards to the CSU32 (#22 J.DaCosta), 1ST DOWN",1.002894493086834,2025-10-26T02:32:42.000Z
401760398,40176039828,401760398634,22,3,Colorado State,Mountain West,0,Wyoming,Mountain West,28,Wyoming,Colorado State,4,"{'minutes': 5, 'seconds': 32}",1.0,2.0,68,68,1,10,6,False,Rush,No Huddle-Shotgun #3 D.Curry rush left for 10 yards gain (6) to the CSU42 (#26 G.Rutherford) PENALTY CSU Personal Foul 15 yards from CSU38 to CSU23,0.3855228600463665,2025-10-26T02:33:16.000Z
401760398,40176039828,401760398639,22,4,Colorado State,Mountain West,0,Wyoming,Mountain West,28,Wyoming,Colorado State,4,"{'minutes': 5, 'seconds': 32}",1.0,2.0,77,77,1,19,8,False,Pass Reception,"No Huddle-Shotgun #3 D.Curry pass complete short right to #0 J.Ross caught at CSU30, for 8 yards to the CSU31 (#31 T.Deen)",0.34289987399766453,2025-10-26T02:34:36.000Z
401760398,40176039828,401760398644,22,5,Colorado State,Mountain West,0,Wyoming,Mountain West,28,Wyoming,Colorado State,4,"{'minutes': 5, 'seconds': 32}",1.0,2.0,69,69,2,11,0,False,Pass Incompletion,No Huddle-Shotgun #3 D.Curry pass incomplete deep right to #0 J.Ross thrown to WYO35,-0.4433837408098391,2025-10-26T02:35:03.000Z
401760398,40176039828,401760398649,22,6,Colorado State,Mountain West,0,Wyoming,Mountain West,28,Wyoming,Colorado State,4,"{'minutes': 5, 'seconds': 32}",1.0,2.0,69,69,3,11,19,False,Pass Reception,"No Huddle-Shotgun #3 D.Curry pass complete short middle to #10 T.Maher caught at WYO50, for 19 yards to the CSU50, End Of Play, 1ST DOWN",3.1878384571800744,2025-10-26T02:36:06.000Z
401760398,40176039828,401760398654,22,7,Colorado State,Mountain West,0,Wyoming,Mountain West,28,Wyoming,Colorado State,4,"{'minutes': 5, 'seconds': 32}",1.0,2.0,50,50,1,10,0,False,Pass Incompletion,No Huddle-Shotgun #3 D.Curry pass incomplete short right to #8 L.Brown thrown to WYO41,-1.1143038065675126,2025-10-26T02:36:36.000Z
401760398,40176039828,401760398657,22,8,Colorado State,Mountain West,0,Wyoming,Mountain West,28,Wyoming,Colorado State,4,"{'minutes': 5, 'seconds': 32}",1.0,2.0,50,50,2,10,39,False,Pass Reception,"No Huddle-Shotgun #3 D.Curry pass complete short left to #6 T.Lanier caught at WYO50, for 39 yards to the WYO11 (#25 B.Cheek), 1ST DOWN",2.4339763253209608,2025-10-26T02:37:17.000Z
401760398,40176039828,401760398662,22,9,Colorado State,Mountain West,0,Wyoming,Mountain West,28,Wyoming,Colorado State,4,"{'minutes': 5, 'seconds': 32}",1.0,2.0,11,11,1,10,0,False,Pass Incompletion,No Huddle-Shotgun #3 D.Curry pass incomplete short right to #20 J.Marshall thrown to WYO11,-0.291297448934314,2025-10-26T02:38:11.000Z
401760398,40176039828,401760398665,22,10,Colorado State,Mountain West,0,Wyoming,Mountain West,28,Wyoming,Colorado State,4,"{'minutes': 5, 'seconds': 32}",1.0,2.0,11,11,2,10,0,False,Pass Incompletion,No Huddle-Shotgun #3 D.Curry pass incomplete short right to #0 J.Ross thrown to WYO00 broken up by #31 T.Deen,-0.293579166082473,2025-10-26T02:38:55.000Z
401760398,40176039828,401760398668,22,11,Colorado State,Mountain West,0,Wyoming,Mountain West,28,Wyoming,Colorado State,4,"{'minutes': 5, 'seconds': 32}",1.0,2.0,11,11,3,10,6,False,Pass Reception,"No Huddle-Shotgun #3 D.Curry pass complete short right to #10 T.Maher caught at WYO06, for 6 yards to the WYO05 (#25 B.Cheek)",0.1002700711830913,2025-10-26T02:40:35.000Z
401760398,40176039828,401760398673,22,13,Colorado State,Mountain West,0,Wyoming,Mountain West,28,Wyoming,Colorado State,4,"{'minutes': 1, 'seconds': 51}",1.0,2.0,5,5,4,4,-5,False,Fumble Recovery (Own),"Shotgun #3 D.Curry rush middle for 5 yards loss to the WYO10 fumbled by #3 D.Curry at WYO12 recovered by CSU #3 D.Curry at WYO10, End Of Play, TURNOVER ON DOWNS",-3.9936540427983793,2025-10-26T02:43:50.000Z
401760398,40176039829,401760398681,23,1,Wyoming,Mountain West,28,Colorado State,Mountain West,0,Wyoming,Colorado State,4,"{'minutes': 1, 'seconds': 56}",2.0,1.0,10,90,1,10,20,False,Rush,"No Huddle-Shotgun #4 D.Harris rush right for 20 yards gain to the WYO30 (#23 J.Mitchell), 1ST DOWN",1.1010577342328611,2025-10-26T02:44:58.000Z
401760398,40176039829,401760398685,23,2,Wyoming,Mountain West,28,Colorado State,Mountain West,0,Wyoming,Colorado State,4,"{'minutes': 1, 'seconds': 56}",2.0,1.0,30,70,1,10,2,False,Rush,Shotgun #4 D.Harris rush middle for 2 yards gain to the WYO32 (#11 J.Naborne; #90 K.Shank),-0.547828113258845,2025-10-26T02:45:40.000Z
401760398,40176039829,401760398689,23,3,Wyoming,Mountain West,28,Colorado State,Mountain West,0,Wyoming,Colorado State,4,"{'minutes': 1, 'seconds': 56}",2.0,1.0,32,68,2,8,2,False,Rush,Shotgun #4 D.Harris rush middle for 2 yards gain to the WYO34 (#11 J.Naborne),-0.39947361572575707,2025-10-26T02:46:27.000Z
401760398,40176039829,401760398695,23,4,Wyoming,Mountain West,28,Colorado State,Mountain West,0,Wyoming,Colorado State,4,"{'minutes': 0, 'seconds': 0}",2.0,1.0,32,68,2,8,2,False,End Period,End of 4th quarter.,-0.39947361572575707,2025-10-26T02:46:46.000Z
401760398,40176039811,401760398270,8,4,Colorado State,Mountain West,0,Wyoming,Mountain West,14,Wyoming,Colorado State,2,"{'minutes': 6, 'seconds': 0}",3.0,3.0,70,70,1,10,10,False,Penalty,"No Huddle-Shotgun #7 J.Brousseau pass incomplete deep middle to #89 K.Higgins thrown to WYO20 PENALTY WYO Holding (#20 D.Miller) 10 yards from CSU30 to CSU40, 1ST DOWN. NO PLAY",,2025-10-26T00:37:27.000Z
401760398,40176039811,401760398284,8,7,Colorado State,Mountain West,0,Wyoming,Mountain West,14,Wyoming,Colorado State,2,"{'minutes': 3, 'seconds': 22}",2.0,3.0,58,58,2,8,0,False,Timeout,"Timeout Colorado State, clock 03:22",,2025-10-26T00:39:30.000Z
401760398,40176039811,401760398282,8,8,Colorado State,Mountain West,0,Wyoming,Mountain West,14,Wyoming,Colorado State,2,"{'minutes': 3, 'seconds': 15}",2.0,3.0,57,57,3,7,0,False,Interception,"No Huddle-Shotgun #7 J.Brousseau pass intercepted by #23 J.Thomas at WYO44, End Of Play",-0.7985678287026552,2025-10-26T00:40:35.000Z
401760398,40176039811,401760398258,8,1,Colorado State,Mountain West,0,Wyoming,Mountain West,14,Wyoming,Colorado State,2,"{'minutes': 6, 'seconds': 0}",3.0,3.0,80,80,1,10,0,False,Pass Incompletion,No Huddle-Shotgun #7 J.Brousseau pass incomplete short left to #10 T.Maher thrown to CSU24,-0.5586693796725282,2025-10-26T00:35:09.000Z
401760398,40176039811,401760398261,8,2,Colorado State,Mountain West,0,Wyoming,Mountain West,14,Wyoming,Colorado State,2,"{'minutes': 6, 'seconds': 0}",3.0,3.0,80,80,2,10,9,False,Pass Reception,"Shotgun #7 J.Brousseau pass complete short right to #0 J.Ross caught at CSU26, for 9 yards to the CSU29 (#9 B.Johnson; #8 T.Boss)",0.5525601871585479,2025-10-26T00:35:51.000Z
401760398,40176039811,401760398266,8,3,Colorado State,Mountain West,0,Wyoming,Mountain West,14,Wyoming,Colorado State,2,"{'minutes': 6, 'seconds': 0}",3.0,3.0,71,71,3,1,1,False,Rush,"No Huddle-Shotgun #25 L.Avant rush left for 1 yard gain to the CSU30 (#6 E.Eller; #97 L.Samsula), 1ST DOWN",0.6993804692147396,2025-10-26T00:36:36.000Z
401760398,40176039811,401760398274,8,5,Colorado State,Mountain West,0,Wyoming,Mountain West,14,Wyoming,Colorado State,2,"{'minutes': 6, 'seconds': 0}",3.0,3.0,60,60,1,10,2,False,Rush,No Huddle-Shotgun #2 J.Dupree rush middle for 2 yards gain to the CSU42 (#98 J.Williams),-0.6799841752385892,2025-10-26T00:38:13.000Z
401760398,40176039811,401760398278,8,6,Colorado State,Mountain West,0,Wyoming,Mountain West,14,Wyoming,Colorado State,2,"{'minutes': 6, 'seconds': 0}",3.0,3.0,58,58,2,8,1,False,Rush,No Huddle-Shotgun #7 J.Brousseau rush middle for 1 yard gain to the CSU43 (#42 E.Stuhlsatz),-0.7645473919150803,2025-10-26T00:38:50.000Z
401760398,40176039812,401760398314,9,7,Wyoming,Mountain West,21,Colorado State,Mountain West,0,Wyoming,Colorado State,2,"{'minutes': 0, 'seconds': 36}",3.0,2.0,91,9,2,4,9,True,Pass Reception,"No Huddle-Shotgun #12 K.Anderson pass complete short left to #13 C.Durr caught at CSU00, for 9 yards to the CSU00 TOUCHDOWN, clock 00:36, 1ST DOWN #47 E.Sandvik kick attempt good (H: #43 G.Helm, LS: #52 C.York)",2.376761730261345,2025-10-26T00:51:24.000Z
401760398,40176039812,401760398299,9,4,Wyoming,Mountain West,14,Colorado State,Mountain West,0,Wyoming,Colorado State,2,"{'minutes': 2, 'seconds': 0}",3.0,2.0,44,56,2,10,0,False,Timeout,"Timeout , clock 02:00",,2025-10-26T00:45:31.000Z
401760398,40176039812,401760398297,9,3,Wyoming,Mountain West,14,Colorado State,Mountain West,0,Wyoming,Colorado State,2,"{'minutes': 2, 'seconds': 0}",3.0,2.0,48,52,3,6,15,False,Penalty,"Shotgun #12 K.Anderson pass incomplete deep left to #11 M.Fitzgerald thrown to CSU26 PENALTY CSU Pass Interference (#4 J.Rogers) 15 yards from WYO48 to CSU37, 1ST DOWN. NO PLAY",,2025-10-26T00:48:53.000Z
401760398,40176039812,401760398288,9,1,Wyoming,Mountain West,14,Colorado State,Mountain West,0,Wyoming,Colorado State,2,"{'minutes': 3, 'seconds': 22}",3.0,2.0,44,56,1,10,0,False,Pass Reception,"No Huddle-Shotgun #12 K.Anderson pass complete short right to #2 E.Richardson caught at WYO41, for 0 yards to the WYO44 (#7 L.Joe)",-1.1612466882658818,2025-10-26T00:41:44.000Z
401760398,40176039812,401760398293,9,2,Wyoming,Mountain West,14,Colorado State,Mountain West,0,Wyoming,Colorado State,2,"{'minutes': 3, 'seconds': 22}",3.0,2.0,44,56,2,10,4,False,Rush,Shotgun #14 L.Sims rush middle for 4 yards gain to the WYO48 (#45 R.Edmonson; #49 J.Tafia),-0.1536513822659238,2025-10-26T00:42:27.000Z
401760398,40176039812,401760398302,9,5,Wyoming,Mountain West,14,Colorado State,Mountain West,0,Wyoming,Colorado State,2,"{'minutes': 2, 'seconds': 0}",3.0,2.0,63,37,1,10,22,False,Fumble Recovery (Own),"Shotgun #12 K.Anderson pass complete short left to #8 J.Sargent caught at CSU22, for 22 yards to the CSU15 fumbled by #8 J.Sargent at CSU17 forced by #7 L.Joe recovered by WYO #8 J.Sargent at CSU15, End Of Play, 1ST DOWN",0.4932095419116602,2025-10-26T00:50:04.000Z
401760398,40176039812,401760398309,9,6,Wyoming,Mountain West,14,Colorado State,Mountain West,0,Wyoming,Colorado State,2,"{'minutes': 2, 'seconds': 0}",3.0,2.0,85,15,1,10,6,False,Pass Reception,"Shotgun #14 L.Sims pass complete short right to #8 J.Sargent caught at CSU20, for 6 yards to the CSU09 (#13 J.Jarmolowich)",0.181437359303738,2025-10-26T00:50:44.000Z
401760398,40176039814,401760398342,10,7,Colorado State,Mountain West,0,Wyoming,Mountain West,21,Wyoming,Colorado State,2,"{'minutes': 0, 'seconds': 4}",1.0,2.0,78,78,4,8,2,False,Punt,#83 B.Hansen punt 47 yards to the WYO31 #19 C.Coenen return 2 yards to the WYO33 (#13 J.Jarmolowich) PENALTY WYO Holding 10 yards from WYO33 to WYO23,,2025-10-26T00:57:27.000Z
401760398,40176039814,401760398322,10,1,Wyoming,Mountain West,21,Colorado State,Mountain West,0,Wyoming,Colorado State,2,"{'minutes': 0, 'seconds': 30}",3.0,2.0,35,65,1,10,19,False,Kickoff,"#18 B.Edmiston, Jr. kickoff 64 yards to the CSU01 #25 L.Avant return 19 yards to the CSU20 (#7 M.Grant)",,2025-10-26T00:53:31.000Z
401760398,40176039814,401760398338,10,5,Colorado State,Mountain West,0,Wyoming,Mountain West,21,Wyoming,Colorado State,2,"{'minutes': 0, 'seconds': 20}",1.0,3.0,74,74,2,4,0,False,Timeout,"Timeout Colorado State, clock 00:20",,2025-10-26T00:55:17.000Z
401760398,40176039814,401760398344,10,6,Wyoming,Mountain West,21,Colorado State,Mountain West,0,Wyoming,Colorado State,2,"{'minutes': 0, 'seconds': 14}",2.0,1.0,79,21,3,9,0,False,Timeout,"Timeout Wyoming, clock 00:14",,2025-10-26T00:56:53.000Z
401760398,40176039814,401760398327,10,2,Colorado State,Mountain West,0,Wyoming,Mountain West,21,Wyoming,Colorado State,2,"{'minutes': 0, 'seconds': 30}",2.0,3.0,80,80,1,10,6,False,Pass Reception,"No Huddle-Shotgun #7 J.Brousseau pass complete short right to #24 J.Kinnard caught at CSU15, for 6 yards to the CSU26 (#8 T.Boss)",0.2888240217992033,2025-10-26T00:54:14.000Z
401760398,40176039814,401760398332,10,3,Colorado State,Mountain West,0,Wyoming,Mountain West,21,Wyoming,Colorado State,2,"{'minutes': 0, 'seconds': 30}",2.0,3.0,74,74,2,4,-5,False,Sack,No Huddle-Shotgun #7 J.Brousseau sacked for loss of 5 yards to the CSU21 (#6 E.Eller),-1.0677445425538945,2025-10-26T00:54:47.000Z
401760398,40176039814,401760398336,10,4,Colorado State,Mountain West,0,Wyoming,Mountain West,21,Wyoming,Colorado State,2,"{'minutes': 0, 'seconds': 20}",2.0,3.0,79,79,3,9,1,False,Pass Reception,"No Huddle-Shotgun #7 J.Brousseau pass complete short middle to #11 K.Antwi caught at CSU22, for 1 yard to the CSU22 (#6 E.Eller; #8 T.Boss)",-0.1174517727509263,2025-10-26T00:56:06.000Z
401760398,40176039815,401760398351,11,1,Wyoming,Mountain West,21,Colorado State,Mountain West,0,Wyoming,Colorado State,2,"{'minutes': 0, 'seconds': 14}",2.0,1.0,23,77,1,10,-1,False,Rush,Kneel down by #12 K.Anderson at WYO22 for loss of 1 yard,-0.7311835987198103,2025-10-26T01:00:30.000Z
401760398,40176039815,401760398356,11,2,Wyoming,Mountain West,21,Colorado State,Mountain West,0,Wyoming,Colorado State,2,"{'minutes': 0, 'seconds': 0}",2.0,1.0,23,77,1,10,-1,False,End Period,End of 2nd quarter.,-0.7311835987198103,2025-10-26T01:00:37.000Z
401760398,40176039817,401760398378,12,5,Colorado State,Mountain West,0,Wyoming,Mountain West,21,Wyoming,Colorado State,3,"{'minutes': 13, 'seconds': 45}",3.0,3.0,68,68,4,3,2,False,Punt,#83 B.Hansen punt 48 yards to the WYO20 #19 C.Coenen return 2 yards to the WYO22 (#17 C.Blocker),,2025-10-26T01:23:51.000Z
401760398,40176039817,401760398361,12,1,Wyoming,Mountain West,21,Colorado State,Mountain West,0,Wyoming,Colorado State,3,"{'minutes': 15, 'seconds': 0}",3.0,3.0,35,65,1,10,0,False,Kickoff,"#47 E.Sandvik kickoff 65 yards to the CSU00, Touchback",,2025-10-26T01:20:30.000Z
401760398,40176039817,401760398366,12,2,Colorado State,Mountain West,0,Wyoming,Mountain West,21,Wyoming,Colorado State,3,"{'minutes': 15, 'seconds': 0}",3.0,3.0,75,75,1,10,7,False,Pass Reception,"No Huddle-Shotgun #7 J.Brousseau pass complete short left to #1 A.Winfield caught at CSU21, for 7 yards to the CSU32 (#12 D.Hearns)",0.604642460086338,2025-10-26T01:21:58.000Z
401760398,40176039817,401760398375,12,4,Colorado State,Mountain West,0,Wyoming,Mountain West,21,Wyoming,Colorado State,3,"{'minutes': 15, 'seconds': 0}",3.0,3.0,68,68,3,3,0,False,Pass Incompletion,No Huddle-Shotgun #7 J.Brousseau pass incomplete short left to #1 A.Winfield thrown to CSU38 broken up by #20 D.Miller QB hurried by #98 J.Williams,-0.5139435334013278,2025-10-26T01:23:10.000Z
401760398,40176039817,401760398371,12,3,Colorado State,Mountain West,0,Wyoming,Mountain West,21,Wyoming,Colorado State,3,"{'minutes': 15, 'seconds': 0}",3.0,3.0,68,68,2,3,0,False,Rush,No Huddle-Shotgun #20 J.Marshall rush middle for 0 yards to the CSU32 (#94 B.Florentine),-0.9937966012014892,2025-10-26T01:22:33.000Z
401760398,40176039818,401760398404,13,6,Wyoming,Mountain West,28,Colorado State,Mountain West,0,Wyoming,Colorado State,3,"{'minutes': 10, 'seconds': 51}",3.0,3.0,63,37,2,10,37,True,Rush,"Shotgun #22 S.Scott rush middle for 37 yards gain to the CSU00 TOUCHDOWN, clock 10:51, 1ST DOWN #47 E.Sandvik kick attempt good (H: #43 G.Helm, LS: #52 C.York)",3.803344792308014,2025-10-26T01:30:27.000Z
401760398,40176039818,401760398384,13,1,Wyoming,Mountain West,21,Colorado State,Mountain West,0,Wyoming,Colorado State,3,"{'minutes': 13, 'seconds': 45}",3.0,3.0,22,78,1,10,7,False,Rush,No Huddle-Shotgun #26 S.Harris rush left for 7 yards gain to the WYO29 (#13 J.Jarmolowich),0.5574648631307815,2025-10-26T01:27:01.000Z
401760398,40176039818,401760398388,13,2,Wyoming,Mountain West,21,Colorado State,Mountain West,0,Wyoming,Colorado State,3,"{'minutes': 13, 'seconds': 45}",3.0,3.0,29,71,2,3,24,False,Pass Reception,"No Huddle-Shotgun #12 K.Anderson pass complete short right to #13 C.Durr caught at WYO35, for 24 yards to the CSU47 (#7 L.Joe), 1ST DOWN",2.1013176979439105,2025-10-26T01:27:35.000Z
401760398,40176039818,401760398393,13,3,Wyoming,Mountain West,21,Colorado State,Mountain West,0,Wyoming,Colorado State,3,"{'minutes': 13, 'seconds': 45}",3.0,3.0,53,47,1,10,-2,False,Rush,No Huddle-Shotgun #26 S.Harris rush middle for 2 yards loss to the CSU49 (#52 P.Tangelo),-1.5152185395084763,2025-10-26T01:28:23.000Z
401760398,40176039818,401760398397,13,4,Wyoming,Mountain West,21,Colorado State,Mountain West,0,Wyoming,Colorado State,3,"{'minutes': 13, 'seconds': 45}",3.0,3.0,51,49,2,12,12,False,Rush,"No Huddle-Shotgun #26 S.Harris rush middle for 12 yards gain to the CSU37 (#13 J.Jarmolowich), 1ST DOWN",2.077012149298163,2025-10-26T01:29:05.000Z
401760398,40176039818,401760398401,13,5,Wyoming,Mountain West,21,Colorado State,Mountain West,0,Wyoming,Colorado State,3,"{'minutes': 13, 'seconds': 45}",3.0,3.0,63,37,1,10,0,False,Pass Incompletion,No Huddle-Shotgun #12 K.Anderson pass incomplete deep right to #19 C.Coenen thrown to CSU08,-0.7519361608312708,2025-10-26T01:29:44.000Z
401760398,40176039820,401760398411,14,1,Wyoming,Mountain West,28,Colorado State,Mountain West,0,Wyoming,Colorado State,3,"{'minutes': 10, 'seconds': 44}",3.0,3.0,35,65,1,10,27,False,Kickoff,#47 E.Sandvik kickoff 64 yards to the CSU01 #25 L.Avant return 27 yards to the CSU28 (#7 M.Grant),,2025-10-26T01:34:18.000Z
401760398,40176039820,401760398437,14,7,Wyoming,Mountain West,28,Colorado State,Mountain West,0,Wyoming,Colorado State,3,"{'minutes': 8, 'seconds': 19}",2.0,3.0,26,74,1,10,0,False,Timeout,"Timeout Wyoming, clock 08:19",,2025-10-26T01:37:48.000Z
401760398,40176039820,401760398416,14,2,Colorado State,Mountain West,0,Wyoming,Mountain West,28,Wyoming,Colorado State,3,"{'minutes': 10, 'seconds': 44}",3.0,3.0,72,72,1,10,10,False,Pass Reception,"No Huddle-Shotgun #7 J.Brousseau pass complete short middle to #24 J.Kinnard caught at CSU26, for 10 yards to the CSU38 (#3 A.Johnson), 1ST DOWN",0.9026290715865617,2025-10-26T01:34:57.000Z
401760398,40176039820,401760398421,14,3,Colorado State,Mountain West,0,Wyoming,Mountain West,28,Wyoming,Colorado State,3,"{'minutes': 10, 'seconds': 44}",3.0,3.0,62,62,1,10,6,False,Pass Reception,"No Huddle-Shotgun #7 J.Brousseau pass complete short left to #10 T.Maher caught at CSU43, for 6 yards to the CSU44 (#12 D.Hearns)",0.4029960638370333,2025-10-26T01:35:34.000Z
401760398,40176039820,401760398426,14,4,Colorado State,Mountain West,0,Wyoming,Mountain West,28,Wyoming,Colorado State,3,"{'minutes': 10, 'seconds': 44}",3.0,3.0,56,56,2,4,30,False,Pass Reception,"No Huddle-Shotgun #7 J.Brousseau pass complete deep right to #81 R.Beers caught at WYO28, for 30 yards to the WYO26 (#12 D.Hearns), 1ST DOWN",1.8300054544342768,2025-10-26T01:36:17.000Z
401760398,40176039820,401760398431,14,5,Colorado State,Mountain West,0,Wyoming,Mountain West,28,Wyoming,Colorado State,3,"{'minutes': 10, 'seconds': 44}",3.0,3.0,26,26,1,10,2,False,Rush,No Huddle-Shotgun #2 J.Dupree rush right for 2 yards gain to the WYO24 (#8 T.Boss),-0.2528871890516275,2025-10-26T01:37:01.000Z
401760398,40176039820,401760398435,14,6,Colorado State,Mountain West,0,Wyoming,Mountain West,28,Wyoming,Colorado State,3,"{'minutes': 8, 'seconds': 19}",3.0,3.0,24,24,2,8,-3,False,Pass Reception,"No Huddle-Shotgun #7 J.Brousseau pass complete short right to #2 J.Dupree caught at WYO28, for 3 yards loss to the WYO27 (#9 B.Johnson)",-1.0267006846688704,2025-10-26T01:38:53.000Z
401760398,40176039820,401760398441,14,8,Colorado State,Mountain West,0,Wyoming,Mountain West,28,Wyoming,Colorado State,3,"{'minutes': 8, 'seconds': 19}",3.0,2.0,27,27,3,11,0,False,Pass Incompletion,No Huddle-Shotgun #7 J.Brousseau pass incomplete short left to #25 L.Avant thrown to WYO27 broken up by #94 B.Florentine,-0.9496487849893462,2025-10-26T01:39:34.000Z
401760398,40176039820,401760398444,14,9,Colorado State,Mountain West,0,Wyoming,Mountain West,28,Wyoming,Colorado State,3,"{'minutes': 7, 'seconds': 28}",3.0,2.0,27,27,4,11,0,False,Pass Incompletion,"No Huddle-Shotgun #7 J.Brousseau pass incomplete deep left to #6 T.Lanier thrown to WYO00 broken up by #20 D.Miller, TURNOVER ON DOWNS",-2.0507612188819753,2025-10-26T01:40:19.000Z
401760405,4017604052,4017604053,1,1,San Diego State,Mountain West,0,Wyoming,Mountain West,0,San Diego State,Wyoming,1,"{'minutes': 15, 'seconds': 0}",3.0,3.0,35,65,1,10,0,False,Kickoff,"(15:00) #11 G.Plascencia kickoff 65 yards to the WYO00, Touchback",,2025-11-01T23:09:55.000Z
401760405,4017604052,40176040520,1,3,Wyoming,Mountain West,0,San Diego State,Mountain West,0,San Diego State,Wyoming,1,"{'minutes': 10, 'seconds': 29}",3.0,3.0,74,74,2,9,7,False,Rush,(10:29) No Huddle-Shotgun #26 S.Harris rush left for 7 yards gain to the WYO33 (#26 D.McDougle),0.3678920884760765,2025-11-01T23:14:26.000Z
401760405,4017604052,40176040515,1,2,Wyoming,Mountain West,0,San Diego State,Mountain West,0,San Diego State,Wyoming,1,"{'minutes': 14, 'seconds': 46}",3.0,3.0,75,75,1,10,1,False,Pass Completion,"(12:35) No Huddle-Shotgun #12 K.Anderson pass complete short right to #8 J.Sargent caught at WYO26, for 1 yard to the WYO26 (#1 C.Johnson)",-0.5874795431016855,2025-11-01T23:11:02.000Z
401760405,4017604052,40176040524,1,4,Wyoming,Mountain West,0,San Diego State,Mountain West,0,San Diego State,Wyoming,1,"{'minutes': 10, 'seconds': 29}",3.0,3.0,67,67,3,2,23,False,Pass Reception,"(10:29) No Huddle-Shotgun #12 K.Anderson pass complete deep left to #11 M.Fitzgerald caught at SDSU44, for 23 yards to the SDSU44, out of bounds at SDSU44, 1ST DOWN",2.884460216836909,2025-11-01T23:15:13.000Z
401760405,4017604052,40176040529,1,5,Wyoming,Mountain West,0,San Diego State,Mountain West,0,San Diego State,Wyoming,1,"{'minutes': 10, 'seconds': 29}",3.0,3.0,44,44,1,10,2,False,Rush,(10:29) No Huddle-Shotgun #26 S.Harris rush right for 2 yards gain to the SDSU42 (#12 O.Chambliss),-0.52968574160999,2025-11-01T23:15:34.000Z
401760405,4017604052,40176040533,1,6,Wyoming,Mountain West,0,San Diego State,Mountain West,0,San Diego State,Wyoming,1,"{'minutes': 10, 'seconds': 29}",3.0,3.0,42,42,2,8,37,False,Rush,"(10:29) No Huddle-Shotgun #14 L.Sims rush right for 37 yards gain to the SDSU05 (#26 D.McDougle), 1ST DOWN",2.0587872585611375,2025-11-01T23:15:44.000Z
401760405,4017604052,40176040537,1,7,Wyoming,Mountain West,0,San Diego State,Mountain West,0,San Diego State,Wyoming,1,"{'minutes': 10, 'seconds': 29}",3.0,3.0,5,5,1,5,2,False,Rush,(10:29) No Huddle-Shotgun #14 L.Sims rush middle for 2 yards gain to the SDSU03 (#33 B.Nassar),-0.327643773401219,2025-11-01T23:15:56.000Z
401760405,4017604052,40176040541,1,8,Wyoming,Mountain West,0,San Diego State,Mountain West,0,San Diego State,Wyoming,1,"{'minutes': 10, 'seconds': 29}",3.0,3.0,3,3,2,3,0,False,Rush,(10:29) No Huddle-Shotgun #14 L.Sims rush middle for 0 yards to the SDSU03 (#44 N.King),-0.413137785818898,2025-11-01T23:16:05.000Z
401760405,4017604052,40176040594,1,9,Wyoming,Mountain West,7,San Diego State,Mountain West,0,San Diego State,Wyoming,1,"{'minutes': 10, 'seconds': 29}",3.0,3.0,3,3,3,3,3,True,Passing Touchdown,"(10:29) No Huddle-Shotgun #14 L.Sims pass complete short right to #22 S.Scott caught at SDSU00, for 3 yards to the SDSU00 TOUCHDOWN, clock 10:29 #47 E.Sandvik kick attempt good (H: #43 G.Helm, LS: #52 C.York)",2.624562399778991,2025-11-01T23:26:29.000Z
401760405,4017604054,40176040577,2,7,San Diego State,Mountain West,0,Wyoming,Mountain West,7,San Diego State,Wyoming,1,"{'minutes': 8, 'seconds': 19}",3.0,3.0,55,45,4,7,0,False,Punt,(08:19) #93 H.Green punt 41 yards to the WYO04,,2025-11-01T23:21:04.000Z
401760405,4017604054,40176040553,2,1,Wyoming,Mountain West,7,San Diego State,Mountain West,0,San Diego State,Wyoming,1,"{'minutes': 10, 'seconds': 23}",3.0,3.0,65,65,1,10,19,False,Kickoff,"(10:29) #18 B.Edmiston, Jr. kickoff 54 yards to the SDSU11 #2 J.Napier return 19 yards to the SDSU30 (#35 N.Varelas)",,2025-11-01T23:17:13.000Z
401760405,4017604054,40176040558,2,2,San Diego State,Mountain West,0,Wyoming,Mountain West,7,San Diego State,Wyoming,1,"{'minutes': 10, 'seconds': 7}",3.0,3.0,30,70,1,10,1,False,Rush,(10:19) No Huddle-Shotgun #7 L.Sutton rush left for 1 yard gain to the SDSU31 (#6 E.Eller),-0.716015480823808,2025-11-01T23:17:59.000Z
401760405,4017604054,401760405133,2,3,San Diego State,Mountain West,0,Wyoming,Mountain West,7,San Diego State,Wyoming,1,"{'minutes': 9, 'seconds': 46}",3.0,3.0,31,69,2,9,22,False,Pass Reception,"(09:46) No Huddle-Shotgun #4 J.Denegal pass complete short left to #2 J.Napier caught at WYO50, for 22 yards to the WYO47 (#23 J.Thomas), 1ST DOWN",2.795599758461721,2025-11-01T23:35:49.000Z
401760405,4017604054,40176040567,2,4,San Diego State,Mountain West,0,Wyoming,Mountain West,7,San Diego State,Wyoming,1,"{'minutes': 9, 'seconds': 17}",3.0,3.0,52,48,1,10,0,False,Pass Incompletion,(09:17) No Huddle-Shotgun #4 J.Denegal pass incomplete short left to #2 J.Napier thrown to WYO41,-1.0742999147475647,2025-11-01T23:19:03.000Z
401760405,4017604054,40176040570,2,5,San Diego State,Mountain West,0,Wyoming,Mountain West,7,San Diego State,Wyoming,1,"{'minutes': 9, 'seconds': 7}",3.0,3.0,53,47,2,9,2,False,Rush,(09:14) No Huddle-Shotgun #7 L.Sutton rush middle for 2 yards gain to the WYO45 (#42 E.Stuhlsatz),-0.6381171219106463,2025-11-01T23:19:31.000Z
401760405,4017604054,40176040574,2,6,San Diego State,Mountain West,0,Wyoming,Mountain West,7,San Diego State,Wyoming,1,"{'minutes': 8, 'seconds': 27}",3.0,3.0,55,45,3,7,0,False,Pass Incompletion,(08:33) No Huddle-Shotgun #4 J.Denegal pass incomplete deep right to #13 N.Acevedo thrown to WYO25,-0.973852166950179,2025-11-01T23:20:19.000Z
401760405,4017604055,401760405101,3,4,Wyoming,Mountain West,7,San Diego State,Mountain West,0,San Diego State,Wyoming,1,"{'minutes': 6, 'seconds': 32}",3.0,3.0,97,97,4,11,1,False,Penalty,PENALTY WYO False Start  1 yard from WYO03 to WYO02. NO PLAY,,2025-11-01T23:29:06.000Z
401760405,4017604055,401760405104,3,5,Wyoming,Mountain West,7,San Diego State,Mountain West,0,San Diego State,Wyoming,1,"{'minutes': 6, 'seconds': 19}",3.0,3.0,98,98,4,12,2,False,Punt Return,"(06:25) #18 B.Edmiston, Jr. punt 50 yards to the SDSU48 #2 J.Napier return 10 yards to the WYO42 (#9 B.Johnson), out of bounds PENALTY SDSU Personal Foul (#24 J.Cox) 15 yards from WYO50 to SDSU35",,2025-11-01T23:29:36.000Z
401760405,4017604055,40176040584,3,1,Wyoming,Mountain West,7,San Diego State,Mountain West,0,San Diego State,Wyoming,1,"{'minutes': 8, 'seconds': 7}",3.0,3.0,96,96,1,10,1,False,Rush,(08:16) No Huddle-Shotgun #5 T.Kellman rush middle for 1 yard gain to the WYO05 (#9 D.Staley; #26 D.McDougle),-0.22726448953281242,2025-11-01T23:24:11.000Z
401760405,4017604055,40176040588,3,2,Wyoming,Mountain West,7,San Diego State,Mountain West,0,San Diego State,Wyoming,1,"{'minutes': 7, 'seconds': 28}",3.0,3.0,95,95,2,9,-1,False,Rush,(07:32) No Huddle #5 T.Kellman rush middle for 1 yard loss to the WYO04 (#44 N.King),-0.15903132298073697,2025-11-01T23:24:55.000Z
401760405,4017604055,40176040592,3,3,Wyoming,Mountain West,7,San Diego State,Mountain West,0,San Diego State,Wyoming,1,"{'minutes': 7, 'seconds': 8}",3.0,3.0,96,96,3,10,-1,False,Rush,(07:14) No Huddle-Shotgun #5 T.Kellman rush middle for 1 yard loss to the WYO03 (#26 D.McDougle),-0.05543642780957736,2025-11-01T23:28:25.000Z
401760405,4017604056,401760405127,4,4,San Diego State,Mountain West,0,Wyoming,Mountain West,7,San Diego State,Wyoming,1,"{'minutes': 4, 'seconds': 29}",3.0,3.0,44,56,4,1,0,False,Punt,"(04:29) #93 H.Green punt 56 yards to the WYO00, Touchback",,2025-11-01T23:33:43.000Z
401760405,4017604056,401760405111,4,1,San Diego State,Mountain West,0,Wyoming,Mountain West,7,San Diego State,Wyoming,1,"{'minutes': 6, 'seconds': 5}",3.0,3.0,35,65,1,10,1,False,Rush,"(06:17) No Huddle-Shotgun #4 J.Denegal rush right for 1 yard gain to the SDSU36, End Of Play",-0.8334176637748527,2025-11-01T23:31:51.000Z
401760405,4017604056,401760405115,4,2,San Diego State,Mountain West,0,Wyoming,Mountain West,7,San Diego State,Wyoming,1,"{'minutes': 5, 'seconds': 36}",3.0,3.0,36,64,2,9,4,False,Rush,(05:42) No Huddle-Shotgun #7 L.Sutton rush middle for 4 yards gain to the SDSU40 (#3 A.Johnson; #11 E.Bogar),-0.122209288048456,2025-11-01T23:32:28.000Z
401760405,4017604056,401760405119,4,3,San Diego State,Mountain West,0,Wyoming,Mountain West,7,San Diego State,Wyoming,1,"{'minutes': 4, 'seconds': 46}",3.0,3.0,40,60,3,5,4,False,Pass Reception,"(05:03) No Huddle-Shotgun #4 J.Denegal pass complete short left to #2 J.Napier caught at SDSU44, for 4 yards to the SDSU44, out of bounds at SDSU44",-0.1131828115915763,2025-11-01T23:33:07.000Z
401760405,4017604057,401760405131,5,1,Wyoming,Mountain West,7,San Diego State,Mountain West,0,San Diego State,Wyoming,1,"{'minutes': 4, 'seconds': 22}",3.0,3.0,80,80,1,10,5,False,Rush,(04:27) Shotgun #5 T.Kellman rush left for 5 yards gain to the WYO25 (#9 D.Staley),0.0855067756440384,2025-11-01T23:36:47.000Z
401760405,4017604057,401760405140,5,2,Wyoming,Mountain West,7,San Diego State,Mountain West,0,San Diego State,Wyoming,1,"{'minutes': 3, 'seconds': 42}",3.0,3.0,75,75,2,5,28,False,Interception,(03:49) No Huddle-Shotgun #12 K.Anderson pass intercepted by #0 B.Phillips at SDSU48 QB hurried by #10 R.Henderson #0 B.Phillips return 28 yards to the WYO24 (#11 M.Fitzgerald),-0.6994489800389356,2025-11-01T23:37:23.000Z
401760405,4017604058,401760405146,6,1,San Diego State,Mountain West,7,Wyoming,Mountain West,7,San Diego State,Wyoming,1,"{'minutes': 3, 'seconds': 32}",3.0,3.0,76,24,1,10,24,True,Passing Touchdown,Byron Cardwell Jr. 24 Yd pass from Jayden Denegal (Gabriel Plascencia Kick),2.681437948606975,2025-11-01T23:38:31.000Z
401760405,40176040510,401760405157,7,1,San Diego State,Mountain West,7,Wyoming,Mountain West,7,San Diego State,Wyoming,1,"{'minutes': 3, 'seconds': 32}",3.0,3.0,35,65,1,10,0,False,Kickoff,"(03:32) #93 H.Green kickoff 65 yards to the WYO00, Touchback",,2025-11-01T23:39:28.000Z
401760405,40176040510,401760405173,7,5,San Diego State,Mountain West,7,Wyoming,Mountain West,7,San Diego State,Wyoming,1,"{'minutes': 2, 'seconds': 23}",2.0,3.0,70,30,3,5,0,False,Timeout,"Timeout San Diego State, clock 02:23",,2025-11-01T23:43:21.000Z
401760405,40176040510,401760405171,7,6,Wyoming,Mountain West,7,San Diego State,Mountain West,7,San Diego State,Wyoming,1,"{'minutes': 2, 'seconds': 11}",3.0,2.0,70,70,4,5,12,False,Punt Return,"(02:21) #18 B.Edmiston, Jr. punt 57 yards to the SDSU13 #2 J.Napier return 12 yards to the SDSU25 (#2 C.Merritt), out of bounds",,2025-11-01T23:44:24.000Z
401760405,40176040510,401760405160,7,2,Wyoming,Mountain West,7,San Diego State,Mountain West,7,San Diego State,Wyoming,1,"{'minutes': 3, 'seconds': 24}",3.0,3.0,75,75,1,10,3,False,Rush,(03:29) Shotgun #26 S.Harris rush middle for 3 yards gain to the WYO28 (#12 O.Chambliss),-0.2957674139440157,2025-11-01T23:41:37.000Z
401760405,40176040510,401760405164,7,3,Wyoming,Mountain West,7,San Diego State,Mountain West,7,San Diego State,Wyoming,1,"{'minutes': 2, 'seconds': 57}",3.0,3.0,72,72,2,7,2,False,Rush,(03:03) No Huddle-Shotgun #26 S.Harris rush left for 2 yards gain to the WYO30 (#9 D.Staley; #12 O.Chambliss),-0.36341994158841023,2025-11-01T23:42:03.000Z
401760405,40176040510,401760405168,7,4,Wyoming,Mountain West,7,San Diego State,Mountain West,7,San Diego State,Wyoming,1,"{'minutes': 2, 'seconds': 23}",3.0,3.0,70,70,3,5,0,False,Pass Incompletion,(02:25) No Huddle-Shotgun #12 K.Anderson pass incomplete short right to #11 M.Fitzgerald thrown to WYO40,-0.3716239049161505,2025-11-01T23:42:41.000Z
401760405,40176040511,401760405196,8,4,San Diego State,Mountain West,7,Wyoming,Mountain West,7,San Diego State,Wyoming,1,"{'minutes': 0, 'seconds': 54}",2.0,3.0,32,68,4,3,0,False,Punt,(00:57) #93 H.Green punt 48 yards to the WYO20 fair catch by #19 C.Coenen at WYO20,,2025-11-01T23:49:17.000Z
401760405,40176040511,401760405178,8,1,San Diego State,Mountain West,7,Wyoming,Mountain West,7,San Diego State,Wyoming,1,"{'minutes': 2, 'seconds': 9}",2.0,3.0,25,75,1,10,0,False,Pass Incompletion,(02:09) Shotgun #4 J.Denegal pass incomplete deep middle to #2 J.Napier thrown to WYO46,-0.7029700220436519,2025-11-01T23:47:34.000Z
401760405,40176040511,401760405186,8,2,San Diego State,Mountain West,7,Wyoming,Mountain West,7,San Diego State,Wyoming,1,"{'minutes': 1, 'seconds': 37}",2.0,3.0,25,75,2,10,0,False,Pass Incompletion,(01:41) Shotgun #4 J.Denegal pass incomplete short left to #7 L.Sutton thrown to SDSU24 broken up by #42 E.Stuhlsatz,-0.34710487712173865,2025-11-01T23:48:12.000Z
401760405,40176040511,401760405191,8,3,San Diego State,Mountain West,7,Wyoming,Mountain West,7,San Diego State,Wyoming,1,"{'minutes': 1, 'seconds': 16}",2.0,3.0,25,75,3,10,7,False,Pass Reception,"(01:35) Shotgun #4 J.Denegal pass complete short left to #11 M.Welsh caught at SDSU32, for 7 yards to the SDSU32 (#7 M.Grant)",0.1469772246489116,2025-11-01T23:48:42.000Z
401760405,40176040512,401760405212,9,3,Wyoming,Mountain West,7,San Diego State,Mountain West,7,San Diego State,Wyoming,1,"{'minutes': 0, 'seconds': 0}",3.0,2.0,19,19,2,11,-61,False,End Period,End of 1st quarter.,-4.387187857649862,2025-11-01T23:51:10.000Z
401760405,40176040512,401760405200,9,1,Wyoming,Mountain West,7,San Diego State,Mountain West,7,San Diego State,Wyoming,1,"{'minutes': 0, 'seconds': 23}",3.0,2.0,80,80,1,10,-1,False,Pass Reception,"(00:46) No Huddle-Shotgun #12 K.Anderson pass complete short right to #3 D.DeBlanc caught at WYO19, for 1 yard loss to the WYO19 (#17 D.McCuin)",-0.6343354265717327,2025-11-01T23:50:30.000Z
401760405,40176040512,401760405206,9,2,Wyoming,Mountain West,7,San Diego State,Mountain West,7,San Diego State,Wyoming,1,"{'minutes': 0, 'seconds': 15}",3.0,2.0,81,81,2,11,1,False,Rush,(00:15) No Huddle-Shotgun #22 S.Scott rush middle for 1 yard gain to the WYO20 (#41 M.Williams),-0.18514780517722684,2025-11-01T23:50:45.000Z
401760405,40176040512,401760405216,9,4,Wyoming,Mountain West,7,San Diego State,Mountain West,7,San Diego State,Wyoming,2,"{'minutes': 14, 'seconds': 42}",3.0,2.0,80,80,3,10,15,False,Pass Reception,"(14:58) Shotgun #12 K.Anderson pass complete short right to #11 M.Fitzgerald caught at WYO35, for 15 yards to the WYO35, out of bounds at WYO35, 1ST DOWN",1.9628240166627275,2025-11-01T23:54:57.000Z
401760405,40176040512,401760405223,9,5,Wyoming,Mountain West,7,San Diego State,Mountain West,7,San Diego State,Wyoming,2,"{'minutes': 14, 'seconds': 34}",3.0,2.0,65,65,1,10,0,False,Pass Incompletion,(14:36) No Huddle-Shotgun #12 K.Anderson pass incomplete short left to #8 J.Sargent thrown to WYO36,-1.0146424556055624,2025-11-01T23:55:26.000Z
401760405,40176040512,401760405227,9,6,Wyoming,Mountain West,7,San Diego State,Mountain West,7,San Diego State,Wyoming,2,"{'minutes': 14, 'seconds': 21}",3.0,2.0,65,65,2,10,1,False,Rush,(14:31) Shotgun #26 S.Harris rush left for 1 yard gain to the WYO36 (#12 O.Chambliss),-0.5027038392730798,2025-11-01T23:55:57.000Z
401760405,40176040512,401760405231,9,7,Wyoming,Mountain West,7,San Diego State,Mountain West,7,San Diego State,Wyoming,2,"{'minutes': 13, 'seconds': 51}",3.0,2.0,64,64,3,9,0,False,Interception,"(13:54) Shotgun #12 K.Anderson pass intercepted by #26 D.McDougle at WYO36, End Of Play",-0.23993669443002297,2025-11-01T23:56:36.000Z
401760405,40176040513,401760405256,10,6,San Diego State,Mountain West,10,Wyoming,Mountain West,7,San Diego State,Wyoming,2,"{'minutes': 10, 'seconds': 52}",2.0,3.0,85,15,4,1,34,True,Field Goal Good,Gabriel Plascencia 34 Yd Field Goal ,,2025-11-02T00:00:46.000Z
401760405,40176040513,401760405236,10,1,San Diego State,Mountain West,7,Wyoming,Mountain West,7,San Diego State,Wyoming,2,"{'minutes': 13, 'seconds': 42}",2.0,3.0,64,36,1,10,6,False,Rush,(13:48) Shotgun #7 L.Sutton rush middle for 6 yards gain to the WYO30 (#9 B.Johnson),0.239517661500843,2025-11-01T23:57:31.000Z
401760405,40176040513,401760405240,10,2,San Diego State,Mountain West,7,Wyoming,Mountain West,7,San Diego State,Wyoming,2,"{'minutes': 13, 'seconds': 2}",2.0,3.0,70,30,2,4,6,False,Rush,"(13:07) No Huddle-Shotgun #7 L.Sutton rush right for 6 yards gain to the WYO24 (#12 D.Hearns), 1ST DOWN",0.089822484905978,2025-11-01T23:58:14.000Z
401760405,40176040513,401760405244,10,3,San Diego State,Mountain West,7,Wyoming,Mountain West,7,San Diego State,Wyoming,2,"{'minutes': 12, 'seconds': 30}",2.0,3.0,76,24,1,10,-2,False,Rush,(12:34) No Huddle-Shotgun #7 L.Sutton rush middle for 2 yards loss to the WYO26 (#52 C.Ifeanyi),-0.6539528449105508,2025-11-01T23:58:47.000Z
401760405,40176040513,401760405248,10,4,San Diego State,Mountain West,7,Wyoming,Mountain West,7,San Diego State,Wyoming,2,"{'minutes': 11, 'seconds': 53}",2.0,3.0,74,26,2,12,8,False,Rush,(11:58) Shotgun #7 L.Sutton rush middle for 8 yards gain to the WYO18 (#6 E.Eller),0.3708845604037128,2025-11-01T23:59:22.000Z
401760405,40176040513,401760405252,10,5,San Diego State,Mountain West,7,Wyoming,Mountain West,7,San Diego State,Wyoming,2,"{'minutes': 11, 'seconds': 26}",2.0,3.0,82,18,3,4,3,False,Rush,(11:40) Shotgun #7 L.Sutton rush middle for 3 yards gain to the WYO15 (#7 M.Grant; #94 B.Florentine),-0.1676191805059213,2025-11-01T23:59:40.000Z
401760405,40176040515,401760405261,11,1,San Diego State,Mountain West,10,Wyoming,Mountain West,7,San Diego State,Wyoming,2,"{'minutes': 10, 'seconds': 52}",2.0,3.0,35,65,1,10,0,False,Kickoff,"(10:52) #11 G.Plascencia kickoff 65 yards to the WYO00, Touchback",,2025-11-02T00:00:48.000Z
401760405,40176040515,401760405276,11,5,Wyoming,Mountain West,7,San Diego State,Mountain West,10,San Diego State,Wyoming,2,"{'minutes': 9, 'seconds': 56}",3.0,2.0,73,73,4,8,7,False,Punt Return,"(09:56) #18 B.Edmiston, Jr. punt 59 yards to the SDSU14 #2 J.Napier return 7 yards to the SDSU21 (#21 E.Sibomana) PENALTY WYO Personal Foul (#21 E.Sibomana) 15 yards from SDSU21 to SDSU36, 1ST DOWN",,2025-11-02T00:06:42.000Z
401760405,40176040515,401760405264,11,2,Wyoming,Mountain West,7,San Diego State,Mountain West,10,San Diego State,Wyoming,2,"{'minutes': 10, 'seconds': 44}",3.0,2.0,75,75,1,10,2,False,Rush,(10:52) Shotgun #5 T.Kellman rush left for 2 yards gain to the WYO27 (#24 J.Cox),-0.45260367932203766,2025-11-02T00:04:25.000Z
401760405,40176040515,401760405268,11,3,Wyoming,Mountain West,7,San Diego State,Mountain West,10,San Diego State,Wyoming,2,"{'minutes': 10, 'seconds': 17}",3.0,2.0,73,73,2,8,0,False,Pass Incompletion,(10:20) No Huddle-Shotgun #12 K.Anderson pass incomplete short right to #9 J.Holman thrown to WYO37 broken up by #24 J.Cox,-0.4788075161366292,2025-11-02T00:04:57.000Z
401760405,40176040515,401760405271,11,4,Wyoming,Mountain West,7,San Diego State,Mountain West,10,San Diego State,Wyoming,2,"{'minutes': 10, 'seconds': 7}",3.0,2.0,73,73,3,8,0,False,Pass Incompletion,(10:14) Shotgun #12 K.Anderson pass incomplete short right to #9 J.Holman thrown to WYO37,-0.22421028645399854,2025-11-02T00:05:46.000Z
401760405,40176040516,401760405283,12,1,San Diego State,Mountain West,10,Wyoming,Mountain West,7,San Diego State,Wyoming,2,"{'minutes': 9, 'seconds': 49}",2.0,3.0,36,64,1,10,3,False,Rush,(09:53) Shotgun #23 C.Washington rush middle for 3 yards gain to the SDSU39 (#42 E.Stuhlsatz),-0.4136553890915255,2025-11-02T00:09:55.000Z
401760405,40176040516,401760405287,12,2,San Diego State,Mountain West,10,Wyoming,Mountain West,7,San Diego State,Wyoming,2,"{'minutes': 9, 'seconds': 4}",2.0,3.0,39,61,2,7,11,False,Pass Reception,"(09:24) No Huddle-Shotgun #4 J.Denegal pass complete short right to #14 D.Brown caught at SDSU50, for 11 yards to the SDSU50 (#8 T.Boss; #42 E.Stuhlsatz), 1ST DOWN",1.7194360647454836,2025-11-02T00:10:27.000Z
401760405,40176040516,401760405292,12,3,San Diego State,Mountain West,10,Wyoming,Mountain West,7,San Diego State,Wyoming,2,"{'minutes': 8, 'seconds': 34}",2.0,3.0,50,50,1,10,9,False,Pass Completion,"(08:57) No Huddle-Shotgun #4 J.Denegal pass complete short left to #2 J.Napier caught at WYO41, for 9 yards to the WYO41 (#42 E.Stuhlsatz)",1.094285718541039,2025-11-02T00:10:51.000Z
401760405,40176040516,401760405299,12,4,San Diego State,Mountain West,10,Wyoming,Mountain West,7,San Diego State,Wyoming,2,"{'minutes': 8, 'seconds': 33}",2.0,3.0,59,41,2,1,8,False,Pass Interception Return,(08:33) No Huddle-Shotgun #4 J.Denegal pass intercepted by #53 T.Seeds at WYO44 #53 T.Seeds return 8 yards to the SDSU48 (#2 J.Napier),-4.252873786419666,2025-11-02T00:12:14.000Z
401760405,40176040517,401760405327,13,5,Wyoming,Mountain West,7,San Diego State,Mountain West,10,San Diego State,Wyoming,2,"{'minutes': 6, 'seconds': 26}",2.0,2.0,33,33,3,8,0,False,Timeout,"Timeout Wyoming, clock 06:26",,2025-11-02T00:15:14.000Z
401760405,40176040517,401760405325,13,6,Wyoming,Mountain West,7,San Diego State,Mountain West,10,San Diego State,Wyoming,2,"{'minutes': 6, 'seconds': 20}",2.0,2.0,33,33,4,8,50,False,Field Goal Missed,"(06:20) #47 E.Sandvik field goal attempt from 50 yards NO GOOD (H: #43 G.Helm, LS: #52 C.York), clock 06:20, End Of Play",,2025-11-02T00:16:19.000Z
401760405,40176040517,401760405310,13,1,Wyoming,Mountain West,7,San Diego State,Mountain West,10,San Diego State,Wyoming,2,"{'minutes': 7, 'seconds': 50}",3.0,2.0,48,48,1,10,13,False,Rush,"(08:01) Shotgun #14 L.Sims rush right for 13 yards gain to the SDSU35 (#26 D.McDougle), 1ST DOWN",0.713645052503001,2025-11-02T00:12:55.000Z
401760405,40176040517,401760405333,13,2,Wyoming,Mountain West,7,San Diego State,Mountain West,10,San Diego State,Wyoming,2,"{'minutes': 7, 'seconds': 45}",3.0,2.0,35,35,1,10,0,False,Pass Incompletion,(07:45) Shotgun #14 L.Sims pass incomplete deep middle to #13 C.Durr thrown to SDSU11,-0.6918622905019662,2025-11-02T00:18:00.000Z
401760405,40176040517,401760405317,13,3,Wyoming,Mountain West,7,San Diego State,Mountain West,10,San Diego State,Wyoming,2,"{'minutes': 7, 'seconds': 39}",3.0,2.0,35,35,2,10,2,False,Rush,(07:42) Shotgun #22 S.Scott rush right for 2 yards gain to the SDSU33 (#12 O.Chambliss),-0.4991802291350498,2025-11-02T00:13:43.000Z
401760405,40176040517,401760405321,13,4,Wyoming,Mountain West,7,San Diego State,Mountain West,10,San Diego State,Wyoming,2,"{'minutes': 7, 'seconds': 2}",3.0,2.0,33,33,3,8,0,False,Rush,(07:07) No Huddle-Shotgun #22 S.Scott rush right for 0 yards to the SDSU33 (#10 R.Henderson),-1.0155543538349077,2025-11-02T00:14:20.000Z
401760405,40176040518,401760405343,14,3,San Diego State,Mountain West,10,Wyoming,Mountain West,7,San Diego State,Wyoming,2,"{'minutes': 5, 'seconds': 1}",2.0,2.0,77,23,1,10,10,False,Penalty,"(05:01) No Huddle-Shotgun #4 J.Denegal pass complete short middle to #15 J.Ford caught at WYO22, for 3 yards to the WYO20 (#9 B.Johnson) PENALTY SDSU Holding 10 yards from WYO23 to WYO33. NO PLAY",,2025-11-02T00:21:02.000Z
401760405,40176040518,401760405331,14,1,San Diego State,Mountain West,10,Wyoming,Mountain West,7,San Diego State,Wyoming,2,"{'minutes': 6, 'seconds': 13}",2.0,2.0,33,67,1,10,4,False,Rush,(06:18) No Huddle-Shotgun #7 L.Sutton rush middle for 4 yards gain to the SDSU37 (#6 E.Eller),-0.1528387450999809,2025-11-02T00:19:23.000Z
401760405,40176040518,401760405338,14,2,San Diego State,Mountain West,10,Wyoming,Mountain West,7,San Diego State,Wyoming,2,"{'minutes': 5, 'seconds': 37}",2.0,2.0,37,63,2,6,40,False,Pass Reception,"(05:49) No Huddle-Shotgun #4 J.Denegal pass complete deep right to #14 D.Brown caught at WYO26, for 40 yards to the WYO23 (#7 M.Grant; #23 J.Thomas), 1ST DOWN",2.917917736169901,2025-11-02T00:19:53.000Z
401760405,40176040518,401760405349,14,4,San Diego State,Mountain West,10,Wyoming,Mountain West,7,San Diego State,Wyoming,2,"{'minutes': 4, 'seconds': 27}",2.0,2.0,67,33,1,20,18,False,Pass Reception,"(04:47) No Huddle-Shotgun #4 J.Denegal pass complete short middle to #15 J.Ford caught at WYO15, for 18 yards to the WYO15 (#15 D.Leonard)",1.5140396135699865,2025-11-02T00:21:44.000Z
401760405,40176040518,401760405354,14,5,San Diego State,Mountain West,10,Wyoming,Mountain West,7,San Diego State,Wyoming,2,"{'minutes': 4, 'seconds': 16}",2.0,2.0,85,15,2,2,1,False,Rush,(04:18) No Huddle-Shotgun #7 L.Sutton rush middle for 1 yard gain to the WYO14 (#52 C.Ifeanyi),-0.4250034569576545,2025-11-02T00:22:09.000Z
401760405,40176040518,401760405360,14,6,San Diego State,Mountain West,10,Wyoming,Mountain West,7,San Diego State,Wyoming,2,"{'minutes': 3, 'seconds': 51}",2.0,2.0,86,14,3,1,7,False,Rush,"(03:53) No Huddle-Shotgun #7 L.Sutton rush right for 7 yards gain to the WYO07 (#9 B.Johnson), 1ST DOWN",0.4235785972299395,2025-11-02T00:22:34.000Z
401760405,40176040518,401760405364,14,7,San Diego State,Mountain West,17,Wyoming,Mountain West,7,San Diego State,Wyoming,2,"{'minutes': 3, 'seconds': 10}",2.0,2.0,93,7,1,7,7,True,Rushing Touchdown,Jordan Napier 7 Yd Run (Gabriel Plascencia Kick),2.196754630327211,2025-11-02T00:23:19.000Z
401760405,40176040520,401760405371,15,1,San Diego State,Mountain West,17,Wyoming,Mountain West,7,San Diego State,Wyoming,2,"{'minutes': 3, 'seconds': 10}",2.0,2.0,35,65,1,10,0,False,Kickoff,"(03:10) #11 G.Plascencia kickoff 65 yards to the WYO00, Touchback",,2025-11-02T00:24:03.000Z
401760405,40176040520,401760405374,15,2,Wyoming,Mountain West,7,San Diego State,Mountain West,17,San Diego State,Wyoming,2,"{'minutes': 3, 'seconds': 4}",2.0,2.0,75,75,1,10,1,False,Rush,(03:07) Shotgun #26 S.Harris rush middle for 1 yard gain to the WYO26 (#54 K.Clay; #55 M.Finau),-0.5874795431016855,2025-11-02T00:26:07.000Z
401760405,40176040520,401760405378,15,3,Wyoming,Mountain West,7,San Diego State,Mountain West,17,San Diego State,Wyoming,2,"{'minutes': 2, 'seconds': 22}",2.0,2.0,74,74,2,9,0,False,Pass Incompletion,(02:24) Shotgun #14 L.Sims pass incomplete short middle to #84 J.Gyllenborg thrown to WYO28 QB hurried by #33 B.Nassar,-0.40831395320271024,2025-11-02T00:26:54.000Z
401760405,40176040520,401760405381,15,4,Wyoming,Mountain West,7,San Diego State,Mountain West,17,San Diego State,Wyoming,2,"{'minutes': 2, 'seconds': 6}",2.0,2.0,74,74,3,9,13,False,Pass Reception,"(02:19) Shotgun #12 K.Anderson pass complete short left to #84 J.Gyllenborg caught at WYO39, for 13 yards to the WYO39, End Of Play, 1ST DOWN",2.2185325795608515,2025-11-02T00:30:53.000Z
401760405,40176040520,401760405388,15,5,Wyoming,Mountain West,7,San Diego State,Mountain West,17,San Diego State,Wyoming,2,"{'minutes': 1, 'seconds': 40}",2.0,2.0,61,61,1,10,3,False,Pass Reception,"(01:58) Shotgun #12 K.Anderson pass complete short middle to #3 D.DeBlanc caught at WYO42, for 3 yards to the WYO42 (#12 O.Chambliss)",-0.428981456130188,2025-11-02T00:34:17.000Z
401760405,40176040520,401760405428,15,6,Wyoming,Mountain West,7,San Diego State,Mountain West,17,San Diego State,Wyoming,2,"{'minutes': 1, 'seconds': 25}",2.0,2.0,58,58,2,7,2,False,Pass Interception Return,(01:25) No Huddle-Shotgun #12 K.Anderson pass intercepted by #12 O.Chambliss at WYO50 broken up by #9 D.Staley #12 O.Chambliss return 2 yards to the WYO48 (#84 J.Gyllenborg),-1.716002507404946,2025-11-02T00:41:15.000Z
401760405,40176040521,401760405410,16,2,San Diego State,Mountain West,17,Wyoming,Mountain West,7,San Diego State,Wyoming,2,"{'minutes': 1, 'seconds': 4}",1.0,2.0,77,23,1,10,0,False,Timeout,"Timeout San Diego State, clock 01:04",,2025-11-02T00:36:47.000Z
401760405,40176040521,401760405399,16,1,San Diego State,Mountain West,17,Wyoming,Mountain West,7,San Diego State,Wyoming,2,"{'minutes': 1, 'seconds': 10}",2.0,2.0,52,48,1,10,25,False,Pass Reception,"(01:10) No Huddle-Shotgun #4 J.Denegal pass complete short right to #21 B.Cardwell caught at WYO42, for 25 yards to the WYO23 (#8 T.Boss), 1ST DOWN",1.0222561582087284,2025-11-02T00:35:52.000Z
401760405,40176040521,401760405404,16,3,San Diego State,Mountain West,17,Wyoming,Mountain West,7,San Diego State,Wyoming,2,"{'minutes': 1, 'seconds': 2}",1.0,2.0,77,23,1,10,4,False,Rush,(01:08) No Huddle-Shotgun #21 B.Cardwell rush middle for 4 yards gain to the WYO19 (#23 J.Thomas),-0.0314047953383095,2025-11-02T00:36:27.000Z
401760405,40176040521,401760405408,16,4,San Diego State,Mountain West,17,Wyoming,Mountain West,7,San Diego State,Wyoming,2,"{'minutes': 0, 'seconds': 56}",1.0,2.0,81,19,2,6,4,False,Pass Interception Return,(01:02) Shotgun #4 J.Denegal pass intercepted by #4 J.Taylor at WYO02 #4 J.Taylor return 4 yards to the WYO06 (#14 D.Brown),-4.304617526590462,2025-11-02T00:38:08.000Z
401760405,40176040522,401760405425,17,3,Wyoming,Mountain West,7,San Diego State,Mountain West,17,San Diego State,Wyoming,2,"{'minutes': 0, 'seconds': 0}",2.0,1.0,7,7,2,9,-83,False,End Period,End of 2nd quarter.,,2025-11-02T00:39:53.000Z
401760405,40176040522,401760405415,17,1,Wyoming,Mountain West,7,San Diego State,Mountain West,17,San Diego State,Wyoming,2,"{'minutes': 0, 'seconds': 48}",2.0,1.0,94,94,1,10,1,False,Rush,(00:54) Shotgun #22 S.Scott rush right for 1 yard gain to the WYO07 (#12 O.Chambliss; #55 M.Finau),-0.24672188323678768,2025-11-02T00:38:53.000Z
401760405,40176040522,401760405419,17,2,Wyoming,Mountain West,7,San Diego State,Mountain West,17,San Diego State,Wyoming,2,"{'minutes': 0, 'seconds': 9}",2.0,1.0,93,93,2,9,3,False,Rush,(00:09) Shotgun #22 S.Scott rush right for 3 yards gain to the WYO10 (#9 D.Staley; #55 M.Finau),-0.0634414303384956,2025-11-02T00:39:37.000Z
401760405,40176040524,401760405435,18,1,Wyoming,Mountain West,7,San Diego State,Mountain West,17,San Diego State,Wyoming,3,"{'minutes': 14, 'seconds': 54}",3.0,3.0,65,65,1,10,10,False,Kickoff,"(15:00) #18 B.Edmiston, Jr. kickoff 55 yards to the SDSU10 #2 J.Napier return 33 yards to the SDSU43 (#18 B.Edmiston, Jr.), out of bounds PENALTY SDSU Holding (#20 M.Kitt-Denton) 10 yards from SDSU20 to SDSU10",,2025-11-02T01:01:31.000Z
401760405,40176040524,401760405475,18,8,San Diego State,Mountain West,17,Wyoming,Mountain West,7,San Diego State,Wyoming,3,"{'minutes': 12, 'seconds': 8}",3.0,3.0,62,38,1,10,5,False,Penalty,(12:08) PENALTY WYO Offside (#53 T.Seeds) 5 yards from WYO38 to WYO33. NO PLAY,,2025-11-02T01:08:26.000Z
401760405,40176040524,401760405507,18,15,San Diego State,Mountain West,17,Wyoming,Mountain West,7,San Diego State,Wyoming,3,"{'minutes': 8, 'seconds': 37}",2.0,3.0,91,9,2,9,0,False,Timeout,"Timeout San Diego State, clock 08:37",,2025-11-02T01:13:19.000Z
401760405,40176040524,401760405510,18,17,San Diego State,Mountain West,17,Wyoming,Mountain West,7,San Diego State,Wyoming,3,"{'minutes': 8, 'seconds': 10}",2.0,3.0,95,5,4,5,23,False,Field Goal Missed,"(08:11) #11 G.Plascencia field goal attempt from 23 yards NO GOOD (H: #39 E.Herranen, LS: #50 T.Chavez), clock 08:10",,2025-11-02T01:18:24.000Z
401760405,40176040524,401760405446,18,2,San Diego State,Mountain West,17,Wyoming,Mountain West,7,San Diego State,Wyoming,3,"{'minutes': 14, 'seconds': 41}",3.0,3.0,10,90,1,10,1,False,Rush,(14:50) Shotgun #7 L.Sutton rush left for 1 yard gain to the SDSU11 (#94 B.Florentine),-0.29373782399038717,2025-11-02T01:02:52.000Z
401760405,40176040524,401760405450,18,3,San Diego State,Mountain West,17,Wyoming,Mountain West,7,San Diego State,Wyoming,3,"{'minutes': 14, 'seconds': 15}",3.0,3.0,11,89,2,9,4,False,Rush,(14:21) No Huddle-Shotgun #7 L.Sutton rush left for 4 yards gain to the SDSU15 (#9 B.Johnson),-0.02610457194602577,2025-11-02T01:03:20.000Z
401760405,40176040524,401760405454,18,4,San Diego State,Mountain West,17,Wyoming,Mountain West,7,San Diego State,Wyoming,3,"{'minutes': 13, 'seconds': 46}",3.0,3.0,15,85,3,5,8,False,Pass Reception,"(13:57) Shotgun #4 J.Denegal pass complete short right to #2 J.Napier caught at SDSU21, for 8 yards to the SDSU23 (#3 A.Johnson), 1ST DOWN",0.9033295548842206,2025-11-02T01:05:37.000Z
401760405,40176040524,401760405459,18,5,San Diego State,Mountain West,17,Wyoming,Mountain West,7,San Diego State,Wyoming,3,"{'minutes': 13, 'seconds': 19}",3.0,3.0,23,77,1,10,26,False,Pass Reception,"(13:29) No Huddle-Shotgun #4 J.Denegal pass complete deep left to #13 N.Acevedo caught at SDSU44, for 26 yards to the SDSU49 (#3 A.Johnson), 1ST DOWN",2.286989890296458,2025-11-02T01:06:03.000Z
401760405,40176040524,401760405464,18,6,San Diego State,Mountain West,17,Wyoming,Mountain West,7,San Diego State,Wyoming,3,"{'minutes': 12, 'seconds': 56}",3.0,3.0,49,51,1,10,2,False,Rush,(13:01) No Huddle-Shotgun #7 L.Sutton rush right for 2 yards gain to the WYO49 (#94 B.Florentine; #97 L.Samsula),-0.643630697434087,2025-11-02T01:06:32.000Z
401760405,40176040524,401760405468,18,7,San Diego State,Mountain West,17,Wyoming,Mountain West,7,San Diego State,Wyoming,3,"{'minutes': 12, 'seconds': 14}",3.0,3.0,51,49,2,8,11,False,Rush,"(12:20) No Huddle-Shotgun #7 L.Sutton rush left for 11 yards gain to the WYO38 (#23 J.Thomas), 1ST DOWN",1.472405252741838,
401760405,40176040524,401760405478,18,9,San Diego State,Mountain West,17,Wyoming,Mountain West,7,San Diego State,Wyoming,3,"{'minutes': 11, 'seconds': 39}",3.0,3.0,67,33,1,5,1,False,Rush,"(11:49) Shotgun #4 J.Denegal rush right for 1 yard gain to the WYO32 (#52 C.Ifeanyi), out of bounds",-0.593772477150361,2025-11-02T01:09:20.000Z
401760405,40176040524,401760405482,18,10,San Diego State,Mountain West,17,Wyoming,Mountain West,7,San Diego State,Wyoming,3,"{'minutes': 11, 'seconds': 1}",3.0,3.0,68,32,2,4,8,False,Rush,"(11:06) No Huddle-Shotgun #7 L.Sutton rush middle for 8 yards gain to the WYO24 (#42 E.Stuhlsatz), 1ST DOWN",0.161452613199513,2025-11-02T01:10:03.000Z
401760405,40176040524,401760405486,18,11,San Diego State,Mountain West,17,Wyoming,Mountain West,7,San Diego State,Wyoming,3,"{'minutes': 10, 'seconds': 20}",3.0,3.0,76,24,1,10,8,False,Rush,(10:24) No Huddle-Shotgun #7 L.Sutton rush left for 8 yards gain to the WYO16 (#23 J.Thomas; #94 B.Florentine),0.473141035171443,2025-11-02T01:10:44.000Z
401760405,40176040524,401760405490,18,12,San Diego State,Mountain West,17,Wyoming,Mountain West,7,San Diego State,Wyoming,3,"{'minutes': 9, 'seconds': 50}",3.0,3.0,84,16,2,2,6,False,Rush,"(09:57) No Huddle-Shotgun #14 D.Brown rush right for 6 yards gain to the WYO10 (#42 E.Stuhlsatz), 1ST DOWN",-0.30552992881391,2025-11-02T01:11:13.000Z
401760405,40176040524,401760405496,18,13,San Diego State,Mountain West,17,Wyoming,Mountain West,7,San Diego State,Wyoming,3,"{'minutes': 9, 'seconds': 12}",3.0,3.0,90,10,1,10,1,False,Rush,(09:15) No Huddle-Shotgun #7 L.Sutton rush middle for 1 yard gain to the WYO09 (#42 E.Stuhlsatz; #5 B.Wilson),-0.22620936096334,2025-11-02T01:11:53.000Z
401760405,40176040524,401760405502,18,14,San Diego State,Mountain West,17,Wyoming,Mountain West,7,San Diego State,Wyoming,3,"{'minutes': 8, 'seconds': 37}",3.0,3.0,91,9,2,9,0,False,Pass Incompletion,(08:40) No Huddle-Shotgun #4 J.Denegal pass incomplete short middle to #2 J.Napier thrown to WYO00 QB hurried by #40 T.Westland,-0.270076451519454,2025-11-02T01:12:32.000Z
401760405,40176040524,401760405505,18,16,San Diego State,Mountain West,17,Wyoming,Mountain West,7,San Diego State,Wyoming,3,"{'minutes': 8, 'seconds': 23}",2.0,3.0,91,9,3,9,4,False,Rush,"(08:34) Shotgun #5 B.Emanuel, Jr. rush right for 4 yards gain to the WYO05 (#8 T.Boss; #9 B.Johnson)",-0.042479503078356,2025-11-02T01:14:39.000Z
401760405,40176040525,401760405533,19,5,Wyoming,Mountain West,7,San Diego State,Mountain West,17,San Diego State,Wyoming,3,"{'minutes': 6, 'seconds': 18}",3.0,2.0,82,82,4,12,0,False,Punt,"(06:22) #18 B.Edmiston, Jr. punt 43 yards to the SDSU39 fair catch by #2 J.Napier at SDSU39",,2025-11-02T01:22:50.000Z
401760405,40176040525,401760405522,19,3,Wyoming,Mountain West,7,San Diego State,Mountain West,17,San Diego State,Wyoming,3,"{'minutes': 6, 'seconds': 56}",3.0,2.0,77,77,3,7,5,False,Penalty,"(06:56) Shotgun #12 K.Anderson pass complete short middle to #11 M.Fitzgerald caught at WYO36, for 17 yards to the WYO40 (#9 D.Staley) PENALTY WYO Offside (#5 T.Kellman) 5 yards from WYO23 to WYO18. NO PLAY",,2025-11-02T01:21:38.000Z
401760405,40176040525,401760405514,19,1,Wyoming,Mountain West,7,San Diego State,Mountain West,17,San Diego State,Wyoming,3,"{'minutes': 8, 'seconds': 3}",3.0,2.0,80,80,1,10,4,False,Rush,(08:08) Shotgun #5 T.Kellman rush middle for 4 yards gain to the WYO24 (#6 E.Butler),-0.0884321258012219,2025-11-02T01:19:34.000Z
401760405,40176040525,401760405518,19,2,Wyoming,Mountain West,7,San Diego State,Mountain West,17,San Diego State,Wyoming,3,"{'minutes': 7, 'seconds': 35}",3.0,2.0,76,76,2,6,-1,False,Rush,(07:41) No Huddle-Shotgun #5 T.Kellman rush middle for 1 yard loss to the WYO23 (#91 A.Comier),-0.5840173463827094,2025-11-02T01:20:00.000Z
401760405,40176040525,401760405530,19,4,Wyoming,Mountain West,7,San Diego State,Mountain West,17,San Diego State,Wyoming,3,"{'minutes': 6, 'seconds': 26}",3.0,2.0,82,82,3,12,0,False,Pass Incompletion,(06:28) Shotgun #12 K.Anderson pass incomplete short middle to #5 T.Kellman thrown to WYO18 broken up by #10 R.Henderson QB hurried by #31 J.Badie,-0.08082750946172636,2025-11-02T01:22:15.000Z
401760405,40176040526,401760405552,20,5,San Diego State,Mountain West,17,Wyoming,Mountain West,7,San Diego State,Wyoming,3,"{'minutes': 4, 'seconds': 55}",2.0,3.0,52,48,4,7,0,False,Punt,"(05:01) #93 H.Green punt 48 yards to the WYO00, Touchback",,2025-11-02T01:28:03.000Z
401760405,40176040526,401760405537,20,1,San Diego State,Mountain West,17,Wyoming,Mountain West,7,San Diego State,Wyoming,3,"{'minutes': 6, 'seconds': 8}",2.0,3.0,39,61,1,10,10,False,Rush,"(06:16) Shotgun #2 J.Napier rush left for 10 yards gain to the SDSU49 (#23 J.Thomas; #42 E.Stuhlsatz), 1ST DOWN",0.931648832571927,2025-11-02T01:25:55.000Z
401760405,40176040526,401760405541,20,2,San Diego State,Mountain West,17,Wyoming,Mountain West,7,San Diego State,Wyoming,3,"{'minutes': 5, 'seconds': 42}",2.0,3.0,49,51,1,10,0,False,Pass Incompletion,(05:45) No Huddle-Shotgun #4 J.Denegal pass incomplete short right to #14 D.Brown thrown to WYO41 broken up by #8 T.Boss,-1.1301991718133413,2025-11-02T01:26:27.000Z
401760405,40176040526,401760405544,20,3,San Diego State,Mountain West,17,Wyoming,Mountain West,7,San Diego State,Wyoming,3,"{'minutes': 5, 'seconds': 34}",2.0,3.0,49,51,2,10,3,False,Rush,(05:39) No Huddle-Shotgun #7 L.Sutton rush left for 3 yards gain to the WYO48 (#5 B.Wilson),-0.3956528240979669,2025-11-02T01:27:00.000Z
401760405,40176040526,401760405548,20,4,San Diego State,Mountain West,17,Wyoming,Mountain West,7,San Diego State,Wyoming,3,"{'minutes': 5, 'seconds': 4}",2.0,3.0,52,48,3,7,0,False,Pass Incompletion,(05:06) No Huddle-Shotgun #4 J.Denegal pass incomplete short right to #15 J.Ford thrown to WYO45 broken up by #23 J.Thomas,-0.8995343697285872,2025-11-02T01:27:35.000Z
401760405,40176040527,401760405567,21,4,Wyoming,Mountain West,7,San Diego State,Mountain West,17,San Diego State,Wyoming,3,"{'minutes': 3, 'seconds': 11}",3.0,2.0,72,72,4,2,0,False,Punt Return,"(03:22) #18 B.Edmiston, Jr. punt 54 yards to the SDSU18 #2 J.Napier return 0 yards to the SDSU18 (#80 C.Brook)",,2025-11-02T01:33:15.000Z
401760405,40176040527,401760405556,21,1,Wyoming,Mountain West,7,San Diego State,Mountain West,17,San Diego State,Wyoming,3,"{'minutes': 4, 'seconds': 50}",3.0,2.0,80,80,1,10,0,False,Pass Incompletion,(04:55) Shotgun #12 K.Anderson pass incomplete short right to #13 C.Durr thrown to WYO35,-0.5586693796725282,2025-11-02T01:31:14.000Z
401760405,40176040527,401760405559,21,2,Wyoming,Mountain West,7,San Diego State,Mountain West,17,San Diego State,Wyoming,3,"{'minutes': 4, 'seconds': 40}",3.0,2.0,80,80,2,10,4,False,Rush,(04:47) No Huddle-Shotgun #4 D.Harris rush right for 4 yards gain to the WYO24 (#41 M.Williams),-0.04461511769139115,2025-11-02T01:31:43.000Z
401760405,40176040527,401760405563,21,3,Wyoming,Mountain West,7,San Diego State,Mountain West,17,San Diego State,Wyoming,3,"{'minutes': 3, 'seconds': 53}",3.0,2.0,76,76,3,6,4,False,Rush,(04:05) Shotgun #12 K.Anderson rush middle for 4 yards gain to the WYO28 (#12 O.Chambliss),-0.03968329303406293,2025-11-02T01:32:30.000Z
401760405,40176040528,401760405578,22,2,San Diego State,Mountain West,17,Wyoming,Mountain West,7,San Diego State,Wyoming,3,"{'minutes': 2, 'seconds': 58}",2.0,3.0,9,91,1,19,4,False,Penalty,"(02:58) No Huddle-Shotgun #4 J.Denegal pass complete deep right to #14 D.Brown caught at WYO46, for 66 yards to the WYO25 (#8 T.Boss) PENALTY SDSU Pass Interference (#14 D.Brown) 4 yards from SDSU09 to SDSU05. NO PLAY",,2025-11-02T01:37:38.000Z
401760405,40176040528,401760405573,22,1,San Diego State,Mountain West,17,Wyoming,Mountain West,7,San Diego State,Wyoming,3,"{'minutes': 3, 'seconds': 9}",2.0,3.0,18,82,1,10,0,False,Penalty,(03:09) No Huddle-Shotgun #23 C.Washington rush right for 0 yards to the SDSU18 (#42 E.Stuhlsatz; #18 P.Eyabi) PENALTY SDSU Holding 9 yards from SDSU18 to SDSU09. NO PLAY,-0.5080208698531008,2025-11-02T01:36:58.000Z
401760405,40176040528,401760405596,22,6,San Diego State,Mountain West,17,Wyoming,Mountain West,7,San Diego State,Wyoming,3,"{'minutes': 0, 'seconds': 40}",2.0,3.0,17,83,4,11,0,False,Punt,"(00:44) #93 H.Green punt 38 yards to the WYO45, out of bounds at WYO45",,2025-11-02T01:40:40.000Z
401760405,40176040528,401760405584,22,3,San Diego State,Mountain West,17,Wyoming,Mountain West,7,San Diego State,Wyoming,3,"{'minutes': 2, 'seconds': 26}",2.0,3.0,5,95,1,23,3,False,Rush,(02:30) No Huddle-Shotgun #7 L.Sutton rush middle for 3 yards gain to the SDSU08 (#21 E.Sibomana),-0.02324030277776945,2025-11-02T01:38:48.000Z
401760405,40176040528,401760405588,22,4,San Diego State,Mountain West,17,Wyoming,Mountain West,7,San Diego State,Wyoming,3,"{'minutes': 1, 'seconds': 43}",2.0,3.0,8,92,2,20,3,False,Rush,(01:50) No Huddle-Shotgun #7 L.Sutton rush left for 3 yards gain to the SDSU11 (#42 E.Stuhlsatz; #52 C.Ifeanyi),-0.01727776900043575,2025-11-02T01:39:28.000Z
401760405,40176040528,401760405592,22,5,San Diego State,Mountain West,17,Wyoming,Mountain West,7,San Diego State,Wyoming,3,"{'minutes': 1, 'seconds': 12}",2.0,3.0,11,89,3,17,6,False,Rush,(01:17) No Huddle-Shotgun #23 C.Washington rush middle for 6 yards gain to the SDSU17 (#5 B.Wilson),0.0146086059872763,2025-11-02T01:40:08.000Z
401760405,40176040529,401760405631,23,7,Wyoming,Mountain West,7,San Diego State,Mountain West,17,San Diego State,Wyoming,4,"{'minutes': 13, 'seconds': 33}",3.0,2.0,34,34,2,10,15,False,Penalty,"(13:33) No Huddle-Shotgun #12 K.Anderson pass incomplete deep right to #13 C.Durr thrown to SDSU02 PENALTY SDSU Pass Interference (#6 E.Butler) 15 yards from SDSU34 to SDSU19, 1ST DOWN. NO PLAY",,2025-11-02T01:51:34.000Z
401760405,40176040529,401760405635,23,8,Wyoming,Mountain West,7,San Diego State,Mountain West,17,San Diego State,Wyoming,4,"{'minutes': 13, 'seconds': 29}",3.0,2.0,19,19,1,10,5,False,Penalty,(13:29) PENALTY WYO False Start (#70 R.Johnsen) 5 yards from SDSU19 to SDSU24. NO PLAY,,2025-11-02T01:52:17.000Z
401760405,40176040529,401760405638,23,9,Wyoming,Mountain West,7,San Diego State,Mountain West,17,San Diego State,Wyoming,4,"{'minutes': 13, 'seconds': 26}",3.0,2.0,24,24,1,15,10,False,Penalty,(13:26) Shotgun #12 K.Anderson pass incomplete deep left to #13 C.Durr thrown to SDSU01 broken up by #26 D.McDougle PENALTY WYO Holding (#63 B.Jenkins) 10 yards from SDSU24 to SDSU34. NO PLAY,,2025-11-02T01:53:16.000Z
401760405,40176040529,401760405601,23,1,Wyoming,Mountain West,7,San Diego State,Mountain West,17,San Diego State,Wyoming,3,"{'minutes': 0, 'seconds': 27}",3.0,2.0,55,55,1,10,10,False,Pass Reception,"(00:37) Shotgun #12 K.Anderson pass complete short left to #26 S.Harris caught at WYO41, for 10 yards to the SDSU45 (#41 M.Williams; #12 O.Chambliss), 1ST DOWN",0.800099152249297,2025-11-02T01:41:42.000Z
401760405,40176040529,401760405606,23,2,Wyoming,Mountain West,7,San Diego State,Mountain West,17,San Diego State,Wyoming,3,"{'minutes': 0, 'seconds': 12}",3.0,2.0,45,45,1,10,1,False,Rush,(00:12) No Huddle #26 S.Harris rush middle for 1 yard gain to the SDSU44 (#6 E.Butler),-0.7709607025343227,2025-11-02T01:42:04.000Z
401760405,40176040529,401760405612,23,3,Wyoming,Mountain West,7,San Diego State,Mountain West,17,San Diego State,Wyoming,3,"{'minutes': 0, 'seconds': 0}",3.0,2.0,55,55,1,10,11,False,End Period,End of 3rd quarter.,0.8637308798063437,2025-11-02T01:45:25.000Z
401760405,40176040529,401760405623,23,5,Wyoming,Mountain West,7,San Diego State,Mountain West,17,San Diego State,Wyoming,4,"{'minutes': 14, 'seconds': 13}",3.0,2.0,44,44,3,9,10,False,Pass Reception,"(14:18) Shotgun #12 K.Anderson pass complete short right to #84 J.Gyllenborg caught at SDSU35, for 10 yards to the SDSU34 (#12 O.Chambliss), out of bounds, 1ST DOWN",2.387705284039276,2025-11-02T01:49:55.000Z
401760405,40176040529,401760405628,23,6,Wyoming,Mountain West,7,San Diego State,Mountain West,17,San Diego State,Wyoming,4,"{'minutes': 13, 'seconds': 35}",3.0,2.0,34,34,1,10,0,False,Pass Incompletion,(13:39) Shotgun #12 K.Anderson pass incomplete short right thrown to SDSU27 QB hurried by #41 M.Williams,-0.6630222646782312,2025-11-02T01:50:44.000Z
401760405,40176040529,401760405642,23,10,Wyoming,Mountain West,7,San Diego State,Mountain West,17,San Diego State,Wyoming,4,"{'minutes': 13, 'seconds': 15}",3.0,2.0,34,34,1,25,-2,False,Rush,(13:20) Shotgun #5 T.Kellman rush right for 2 yards loss to the SDSU36 (#41 M.Williams; #12 O.Chambliss),-1.3845066810262452,2025-11-02T01:53:47.000Z
401760405,40176040529,401760405646,23,11,Wyoming,Mountain West,7,San Diego State,Mountain West,17,San Diego State,Wyoming,4,"{'minutes': 12, 'seconds': 29}",3.0,2.0,36,36,2,27,8,False,Fumble Recovery (Opponent),"(12:37) No Huddle-Shotgun #12 K.Anderson pass complete short middle to #11 M.Fitzgerald caught at SDSU31, for 8 yards to the SDSU28 fumbled by #11 M.Fitzgerald at SDSU32 forced by #55 M.Finau recovered by SDSU #6 E.Butler at SDSU28, End Of Play",-1.377547658187348,2025-11-02T01:54:37.000Z
401760405,40176040529,401760405616,23,4,Wyoming,Mountain West,7,San Diego State,Mountain West,17,San Diego State,Wyoming,4,"{'minutes': 14, 'seconds': 53}",3.0,2.0,44,44,2,9,0,False,Pass Reception,"(14:57) Shotgun #12 K.Anderson pass complete short right to #3 D.DeBlanc caught at SDSU45, for 0 yards to the SDSU44 (#1 C.Johnson), out of bounds",-1.0769566573515554,2025-11-02T01:49:07.000Z
401760405,40176040530,401760405666,24,4,San Diego State,Mountain West,17,Wyoming,Mountain West,7,San Diego State,Wyoming,4,"{'minutes': 11, 'seconds': 19}",2.0,3.0,31,69,4,7,37,False,Punt Return,(11:31) #93 H.Green punt 55 yards to the WYO14 #19 C.Coenen return 37 yards to the SDSU49 (#42 B.Anderson) PENALTY SDSU Holding (#42 B.Anderson) 10 yards from SDSU49 to SDSU39,,2025-11-02T02:00:10.000Z
401760405,40176040530,401760405654,24,1,San Diego State,Mountain West,17,Wyoming,Mountain West,7,San Diego State,Wyoming,4,"{'minutes': 12, 'seconds': 24}",2.0,3.0,28,72,1,10,0,False,Pass Incompletion,(12:29) Shotgun #4 J.Denegal pass incomplete short right to #14 D.Brown thrown to SDSU32 QB hurried by #5 B.Wilson,-0.7982008475508557,2025-11-02T01:58:10.000Z
401760405,40176040530,401760405657,24,2,San Diego State,Mountain West,17,Wyoming,Mountain West,7,San Diego State,Wyoming,4,"{'minutes': 12, 'seconds': 15}",2.0,3.0,28,72,2,10,3,False,Rush,(12:24) No Huddle-Shotgun #7 L.Sutton rush middle for 3 yards gain to the SDSU31 (#42 E.Stuhlsatz; #3 A.Johnson),-0.1804583111449043,2025-11-02T01:58:42.000Z
401760405,40176040530,401760405663,24,3,San Diego State,Mountain West,17,Wyoming,Mountain West,7,San Diego State,Wyoming,4,"{'minutes': 11, 'seconds': 34}",2.0,3.0,31,69,3,7,0,False,Pass Incompletion,(11:37) No Huddle-Shotgun #4 J.Denegal pass incomplete short middle to #2 J.Napier thrown to SDSU36 broken up by #8 T.Boss,-0.31775373805896123,2025-11-02T01:59:29.000Z
401760405,40176040531,401760405696,25,7,Wyoming,Mountain West,7,San Diego State,Mountain West,17,San Diego State,Wyoming,4,"{'minutes': 8, 'seconds': 4}",3.0,2.0,33,33,4,16,50,False,Field Goal Missed,"(08:07) #47 E.Sandvik field goal attempt from 50 yards NO GOOD (H: #43 G.Helm, LS: #52 C.York), clock 08:04, End Of Play",,2025-11-02T02:08:11.000Z
401760405,40176040531,401760405673,25,1,Wyoming,Mountain West,7,San Diego State,Mountain West,17,San Diego State,Wyoming,4,"{'minutes': 11, 'seconds': 10}",3.0,2.0,39,39,1,10,5,False,Rush,(11:19) #5 T.Kellman rush middle for 5 yards gain to the SDSU34 (#41 M.Williams),0.086001265551813,2025-11-02T02:04:28.000Z
401760405,40176040531,401760405677,25,2,Wyoming,Mountain West,7,San Diego State,Mountain West,17,San Diego State,Wyoming,4,"{'minutes': 10, 'seconds': 32}",3.0,2.0,34,34,2,5,2,False,Rush,(10:36) No Huddle-Shotgun #5 T.Kellman rush middle for 2 yards gain to the SDSU32 (#12 O.Chambliss; #2 T.White),-0.4492013966457123,2025-11-02T02:05:06.000Z
401760405,40176040531,401760405681,25,3,Wyoming,Mountain West,7,San Diego State,Mountain West,17,San Diego State,Wyoming,4,"{'minutes': 10, 'seconds': 14}",3.0,2.0,32,32,3,3,5,False,Rush,"(10:17) No Huddle-Shotgun #5 T.Kellman rush right for 5 yards gain to the SDSU27 (#41 M.Williams), 1ST DOWN",0.7623578446339643,2025-11-02T02:05:25.000Z
401760405,40176040531,401760405685,25,4,Wyoming,Mountain West,7,San Diego State,Mountain West,17,San Diego State,Wyoming,4,"{'minutes': 9, 'seconds': 37}",3.0,2.0,27,27,1,10,0,False,Pass Incompletion,(09:41) Shotgun #12 K.Anderson pass incomplete deep left to #11 M.Fitzgerald thrown to SDSU00 broken up by #0 B.Phillips,-0.490975886965904,2025-11-02T02:06:02.000Z
401760405,40176040531,401760405688,25,5,Wyoming,Mountain West,7,San Diego State,Mountain West,17,San Diego State,Wyoming,4,"{'minutes': 9, 'seconds': 32}",3.0,2.0,27,27,2,10,1,False,Rush,(09:35) No Huddle-Shotgun #24 M.White rush middle for 1 yard gain to the SDSU26 (#9 D.Staley; #6 E.Butler),-0.5046762924073853,2025-11-02T02:06:38.000Z
401760405,40176040531,401760405692,25,6,Wyoming,Mountain West,7,San Diego State,Mountain West,17,San Diego State,Wyoming,4,"{'minutes': 8, 'seconds': 44}",3.0,2.0,26,26,3,9,-7,False,Sack,(08:52) Shotgun #12 K.Anderson sacked for loss of 7 yards to the SDSU33 (#10 R.Henderson),-2.310328328551015,2025-11-02T02:07:25.000Z
401760405,40176040532,401760405707,26,2,San Diego State,Mountain West,17,Wyoming,Mountain West,7,San Diego State,Wyoming,4,"{'minutes': 7, 'seconds': 19}",1.0,3.0,33,67,1,10,0,False,Timeout,"Timeout San Diego State, clock 07:19",,2025-11-02T02:12:10.000Z
401760405,40176040532,401760405714,26,5,San Diego State,Mountain West,17,Wyoming,Mountain West,7,San Diego State,Wyoming,4,"{'minutes': 5, 'seconds': 49}",1.0,3.0,38,62,4,5,0,False,Punt,"(05:53) #93 H.Green punt 62 yards to the WYO00, Touchback",,2025-11-02T02:14:30.000Z
401760405,40176040532,401760405701,26,1,San Diego State,Mountain West,17,Wyoming,Mountain West,7,San Diego State,Wyoming,4,"{'minutes': 7, 'seconds': 57}",2.0,3.0,33,67,1,10,3,False,Rush,(08:04) No Huddle-Shotgun #7 L.Sutton rush middle for 3 yards gain to the SDSU36 (#7 M.Grant),-0.3884871214664028,2025-11-02T02:11:14.000Z
401760405,40176040532,401760405705,26,3,San Diego State,Mountain West,17,Wyoming,Mountain West,7,San Diego State,Wyoming,4,"{'minutes': 7, 'seconds': 13}",1.0,3.0,36,64,2,7,0,False,Rush,(07:16) Shotgun #7 L.Sutton rush middle for 0 yards to the SDSU36 (#5 B.Wilson),-0.8037766190400663,2025-11-02T02:13:07.000Z
401760405,40176040532,401760405710,26,4,San Diego State,Mountain West,17,Wyoming,Mountain West,7,San Diego State,Wyoming,4,"{'minutes': 6, 'seconds': 21}",1.0,3.0,36,64,3,7,2,False,Rush,(06:33) No Huddle-Shotgun #7 L.Sutton rush middle for 2 yards gain to the SDSU38 (#7 M.Grant; #9 B.Johnson),-0.27981343337034126,2025-11-02T02:13:51.000Z
401760405,40176040533,401760405732,27,4,Wyoming,Mountain West,7,San Diego State,Mountain West,17,San Diego State,Wyoming,4,"{'minutes': 3, 'seconds': 56}",3.0,1.0,79,79,4,9,0,False,Punt,"(03:58) #18 B.Edmiston, Jr. punt 40 yards to the SDSU39, out of bounds at SDSU39",,2025-11-02T02:17:22.000Z
401760405,40176040533,401760405726,27,3,Wyoming,Mountain West,7,San Diego State,Mountain West,17,San Diego State,Wyoming,4,"{'minutes': 4, 'seconds': 34}",3.0,1.0,77,77,3,7,-2,False,Sack,(04:34) No Huddle-Shotgun #12 K.Anderson sacked for loss of 2 yards to the WYO21 (#2 T.White),-0.2452288851333826,2025-11-02T02:16:51.000Z
401760405,40176040533,401760405718,27,1,Wyoming,Mountain West,7,San Diego State,Mountain West,17,San Diego State,Wyoming,4,"{'minutes': 5, 'seconds': 41}",3.0,1.0,80,80,1,10,2,False,Rush,(05:49) Shotgun #26 S.Harris rush right for 2 yards gain to the WYO22 (#6 E.Butler),-0.3623882030735057,2025-11-02T02:15:27.000Z
401760405,40176040533,401760405722,27,2,Wyoming,Mountain West,7,San Diego State,Mountain West,17,San Diego State,Wyoming,4,"{'minutes': 5, 'seconds': 7}",3.0,1.0,78,78,2,8,1,False,Rush,(05:12) No Huddle-Shotgun #26 S.Harris rush left for 1 yard gain to the WYO23 (#91 A.Comier),-0.31006126911042564,2025-11-02T02:16:01.000Z
401760405,40176040534,401760405743,28,2,Wyoming,Mountain West,7,San Diego State,Mountain West,17,San Diego State,Wyoming,4,"{'minutes': 3, 'seconds': 49}",2.0,1.0,39,39,1,10,0,False,Timeout,"Timeout Wyoming, clock 03:49",,2025-11-02T02:18:44.000Z
401760405,40176040534,401760405748,28,4,San Diego State,Mountain West,17,Wyoming,Mountain West,7,San Diego State,Wyoming,4,"{'minutes': 3, 'seconds': 6}",1.0,2.0,55,45,1,10,5,False,Penalty,PENALTY SDSU False Start (#7 L.Sutton) 5 yards from WYO45 to WYO50. NO PLAY,,2025-11-02T02:20:12.000Z
401760405,40176040534,401760405751,28,5,San Diego State,Mountain West,24,Wyoming,Mountain West,7,San Diego State,Wyoming,4,"{'minutes': 2, 'seconds': 55}",1.0,2.0,50,50,1,15,50,True,Rushing Touchdown,Lucky Sutton 50 Yd Run (Gabriel Plascencia Kick),4.541557639343576,2025-11-02T02:20:50.000Z
401760405,40176040534,401760405737,28,1,San Diego State,Mountain West,17,Wyoming,Mountain West,7,San Diego State,Wyoming,4,"{'minutes': 3, 'seconds': 49}",1.0,3.0,39,61,1,10,5,False,Rush,(03:56) Shotgun #7 L.Sutton rush middle for 5 yards gain to the SDSU44 (#52 C.Ifeanyi),0.1106253034395996,2025-11-02T02:18:19.000Z
401760405,40176040534,401760405741,28,3,San Diego State,Mountain West,17,Wyoming,Mountain West,7,San Diego State,Wyoming,4,"{'minutes': 3, 'seconds': 43}",1.0,2.0,44,56,2,5,11,False,Rush,"(03:49) Shotgun #7 L.Sutton rush middle for 11 yards gain to the WYO45 (#23 J.Thomas), 1ST DOWN",1.2678766479581984,2025-11-02T02:19:29.000Z
401760405,40176040536,401760405758,29,1,San Diego State,Mountain West,24,Wyoming,Mountain West,7,San Diego State,Wyoming,4,"{'minutes': 2, 'seconds': 57}",1.0,2.0,35,65,1,10,0,False,Kickoff,"(02:57) #93 H.Green kickoff 65 yards to the WYO00, Touchback",,2025-11-02T02:21:44.000Z
401760405,40176040536,401760405761,29,2,Wyoming,Mountain West,7,San Diego State,Mountain West,24,San Diego State,Wyoming,4,"{'minutes': 2, 'seconds': 52}",2.0,1.0,75,75,1,10,0,False,Pass Incompletion,(02:54) Shotgun #12 K.Anderson pass incomplete short middle to #2 E.Richardson thrown to WYO33,-0.7029700220436519,2025-11-02T02:23:42.000Z
401760405,40176040536,401760405764,29,3,Wyoming,Mountain West,7,San Diego State,Mountain West,24,San Diego State,Wyoming,4,"{'minutes': 2, 'seconds': 49}",2.0,1.0,75,75,2,10,-9,False,Sack,(02:49) No Huddle-Shotgun #12 K.Anderson sacked for loss of 9 yards to the WYO16 (#2 T.White),-0.572427833134066,2025-11-02T02:24:20.000Z
401760405,40176040536,401760405770,29,4,Wyoming,Mountain West,7,San Diego State,Mountain West,24,San Diego State,Wyoming,4,"{'minutes': 2, 'seconds': 0}",2.0,1.0,84,84,3,19,8,False,Pass Reception,"(02:17) No Huddle-Shotgun #12 K.Anderson pass complete short right to #3 D.DeBlanc caught at WYO13, for 8 yards to the WYO24 (#31 J.Badie)",0.0463407058985723,2025-11-02T02:24:46.000Z
401760405,40176040536,401760405775,29,5,Wyoming,Mountain West,7,San Diego State,Mountain West,24,San Diego State,Wyoming,4,"{'minutes': 1, 'seconds': 54}",2.0,1.0,76,76,4,11,3,False,Pass Reception,"(01:58) Shotgun #12 K.Anderson pass complete short right to #84 J.Gyllenborg caught at WYO26, for 3 yards to the WYO27 (#12 O.Chambliss), TURNOVER ON DOWNS",0.3068122690004671,2025-11-02T02:28:14.000Z
401760405,40176040537,401760405781,30,1,San Diego State,Mountain West,24,Wyoming,Mountain West,7,San Diego State,Wyoming,4,"{'minutes': 1, 'seconds': 34}",1.0,2.0,73,27,1,10,-1,False,Rush,"(01:38) Kneel down by #5 B.Emanuel, Jr. at WYO28 for loss of 1 yard",-0.613658577973414,2025-11-02T02:29:25.000Z
401760405,40176040537,401760405784,30,2,San Diego State,Mountain West,24,Wyoming,Mountain West,7,San Diego State,Wyoming,4,"{'minutes': 1, 'seconds': 4}",1.0,2.0,72,28,2,11,-2,False,Rush,"(01:09) Kneel down by #5 B.Emanuel, Jr. at WYO30 for loss of 2 yards",-1.1090885809165663,2025-11-02T02:29:53.000Z
401760405,40176040537,401760405787,30,3,San Diego State,Mountain West,24,Wyoming,Mountain West,7,San Diego State,Wyoming,4,"{'minutes': 0, 'seconds': 28}",1.0,2.0,70,30,3,13,-1,False,Rush,"(00:28) Kneel down by #5 B.Emanuel, Jr. at WYO31 for loss of 1 yard",-1.2091949763850884,2025-11-02T02:30:34.000Z
401760405,40176040537,401760405792,30,4,San Diego State,Mountain West,24,Wyoming,Mountain West,7,San Diego State,Wyoming,4,"{'minutes': 0, 'seconds': 0}",1.0,2.0,70,30,3,13,-1,False,End Period,End of 4th quarter.,-1.2091949763850884,2025-11-02T02:31:05.000Z
401760412,4017604127,401760412193,1,1,Wyoming,Mountain West,3,Fresno State,Mountain West,7,Fresno State,Wyoming,1,"{'minutes': 15, 'seconds': 0}",3.0,3.0,58,58,1,10,15,False,Penalty,PENALTY WYO UNR: Unnecessary Roughness  15 yards from WYO42 to WYO27. NO PLAY,,2025-11-16T04:26:24.000Z
401760412,4017604127,401760412196,1,2,Wyoming,Mountain West,3,Fresno State,Mountain West,7,Fresno State,Wyoming,1,"{'minutes': 14, 'seconds': 55}",3.0,3.0,73,73,1,25,25,False,Penalty,"(14:55) #12 K.Anderson pass complete short left to #22 S.Scott caught at WYO34, for 15 yards to the WYO42 (#39 J.Pearson) PENALTY WYO Holding 10 yards from WYO42 to WYO32",,2025-11-16T04:26:58.000Z
401760412,4017604127,401760412215,1,3,Wyoming,Mountain West,3,Fresno State,Mountain West,7,Fresno State,Wyoming,1,"{'minutes': 13, 'seconds': 50}",3.0,3.0,73,73,1,10,10,False,Penalty,"(13:50) #12 K.Anderson pass complete short left to #22 S.Scott caught at WYO34, for 15 yards to the WYO42 (#39 J.Pearson) PENALTY WYO Holding 10 yards from WYO27 to WYO17. NO PLAY",,2025-11-16T04:29:03.000Z
401760412,4017604127,401760412223,1,4,Wyoming,Mountain West,3,Fresno State,Mountain West,7,Fresno State,Wyoming,1,"{'minutes': 13, 'seconds': 27}",3.0,3.0,83,83,1,20,9,False,Rush,(13:27) #5 T.Kellman rush middle for 9 yards gain to the WYO26 (#5 S.Harris),0.31463297789692923,2025-11-16T04:29:23.000Z
401760412,4017604127,401760412227,1,5,Wyoming,Mountain West,3,Fresno State,Mountain West,7,Fresno State,Wyoming,1,"{'minutes': 13, 'seconds': 27}",3.0,3.0,74,74,2,11,2,False,Rush,(13:27) Shotgun #7 M.Drube rush middle for 2 yards gain to the WYO28 (#22 C.Bracha),-0.2185966493521292,2025-11-16T04:29:36.000Z
401760412,4017604127,401760412231,1,6,Wyoming,Mountain West,3,Fresno State,Mountain West,7,Fresno State,Wyoming,1,"{'minutes': 13, 'seconds': 25}",3.0,3.0,72,72,3,9,0,False,Pass Incompletion,(13:27) Shotgun #12 K.Anderson pass incomplete short left to #26 S.Harris thrown to WYO26,-0.21404973600507393,2025-11-16T04:29:48.000Z
401760412,4017604127,401760412234,1,7,Wyoming,Mountain West,3,Fresno State,Mountain West,7,Fresno State,Wyoming,1,"{'minutes': 13, 'seconds': 15}",3.0,3.0,72,72,4,9,0,False,Punt,"(13:22) #18 B.Edmiston, Jr. punt 54 yards to the FST18",,2025-11-16T04:30:17.000Z
401760412,4017604127,401760412125,1,8,Wyoming,Mountain West,3,Fresno State,Mountain West,7,Fresno State,Wyoming,1,"{'minutes': 4, 'seconds': 16}",3.0,3.0,65,65,1,10,15,False,Penalty,PENALTY WYO UNR: Unnecessary Roughness  15 yards from WYO35 to WYO20. NO PLAY,,2025-11-16T04:11:12.000Z
401760412,4017604127,401760412131,1,9,Wyoming,Mountain West,3,Fresno State,Mountain West,7,Fresno State,Wyoming,1,"{'minutes': 4, 'seconds': 16}",3.0,3.0,48,48,1,10,10,False,Penalty,PENALTY WYO Holding  10 yards from FST48 to WYO42. NO PLAY,,2025-11-16T04:13:30.000Z
401760412,4017604127,401760412147,1,10,Wyoming,Mountain West,3,Fresno State,Mountain West,7,Fresno State,Wyoming,1,"{'minutes': 3, 'seconds': 25}",3.0,3.0,63,63,1,10,5,False,Pass Reception,"(03:59) Shotgun #12 K.Anderson pass complete short left to #22 S.Scott caught at WYO37, for 5 yards to the WYO42, out of bounds at WYO42",0.1100844824489312,
401760412,4017604127,401760412154,1,11,Wyoming,Mountain West,3,Fresno State,Mountain West,7,Fresno State,Wyoming,1,"{'minutes': 2, 'seconds': 31}",3.0,3.0,71,71,2,18,-1,False,Rush,(02:34) Shotgun #12 K.Anderson rush middle for 1 yard loss to the WYO28 (#39 J.Pearson),-0.2301470052297887,2025-11-16T04:16:02.000Z
401760412,4017604122,40176041214,2,2,Fresno State,Mountain West,0,Wyoming,Mountain West,0,Fresno State,Wyoming,1,"{'minutes': 14, 'seconds': 47}",3.0,3.0,27,73,1,10,4,False,Rush,(14:50) Shotgun #6 B.Donelson rush middle for 4 yards gain to the FST31 (#3 A.Johnson),-0.1248442803913914,2025-11-16T03:41:00.000Z
401760412,4017604122,40176041218,2,3,Fresno State,Mountain West,0,Wyoming,Mountain West,0,Fresno State,Wyoming,1,"{'minutes': 14, 'seconds': 7}",3.0,3.0,31,69,2,6,10,False,Pass Reception,"(14:23) Shotgun #17 C.Conklin pass complete short right to #2 R.Luke caught at FST34, for 10 yards to the FST41 (#3 A.Johnson), 1ST DOWN",1.3985473648149007,2025-11-16T03:41:35.000Z
401760412,4017604122,40176041223,2,4,Fresno State,Mountain West,0,Wyoming,Mountain West,0,Fresno State,Wyoming,1,"{'minutes': 13, 'seconds': 34}",3.0,3.0,41,59,1,10,2,False,Rush,(13:44) Shotgun #2 R.Luke rush middle for 2 yards gain to the FST43 (#12 D.Hearns),-0.6841550241957303,2025-11-16T03:42:14.000Z
401760412,4017604122,40176041227,2,5,Fresno State,Mountain West,0,Wyoming,Mountain West,0,Fresno State,Wyoming,1,"{'minutes': 12, 'seconds': 52}",3.0,3.0,43,57,2,8,9,False,Rush,"(12:55) Shotgun #6 B.Donelson rush left for 9 yards gain to the WYO48 (#23 J.Thomas), out of bounds, 1ST DOWN",1.6569335377142007,2025-11-16T03:42:54.000Z
401760412,4017604122,40176041231,2,6,Fresno State,Mountain West,0,Wyoming,Mountain West,0,Fresno State,Wyoming,1,"{'minutes': 12, 'seconds': 17}",3.0,3.0,52,48,1,10,0,False,Pass Incompletion,(12:21) Shotgun #17 C.Conklin pass incomplete short right to #5 J.Freeman thrown to WYO35,-1.0742999147475647,2025-11-16T03:43:33.000Z
401760412,4017604122,40176041234,2,7,Fresno State,Mountain West,0,Wyoming,Mountain West,0,Fresno State,Wyoming,1,"{'minutes': 12, 'seconds': 9}",3.0,3.0,52,48,2,10,6,False,Rush,(12:16) Shotgun #2 R.Luke rush middle for 6 yards gain to the WYO42 (#23 J.Thomas),0.3165383422092416,2025-11-16T03:44:19.000Z
401760412,4017604122,40176041238,2,8,Fresno State,Mountain West,0,Wyoming,Mountain West,0,Fresno State,Wyoming,1,"{'minutes': 11, 'seconds': 32}",3.0,3.0,58,42,3,4,1,False,Rush,(11:40) Shotgun #6 B.Donelson rush middle for 1 yard gain to the WYO41 (#42 E.Stuhlsatz),-0.881900838025741,2025-11-16T03:44:59.000Z
401760412,4017604122,40176041242,2,9,Fresno State,Mountain West,0,Wyoming,Mountain West,0,Fresno State,Wyoming,1,"{'minutes': 10, 'seconds': 50}",3.0,3.0,59,41,4,3,8,False,Rush,"(10:56) Shotgun #31 B.Ramirez rush left for 8 yards gain to the WYO33 (#23 J.Thomas), 1ST DOWN",2.422821473342033,2025-11-16T03:45:40.000Z
401760412,4017604122,40176041246,2,10,Fresno State,Mountain West,0,Wyoming,Mountain West,0,Fresno State,Wyoming,1,"{'minutes': 10, 'seconds': 12}",3.0,3.0,67,33,1,10,21,False,Rush,"(10:16) Shotgun #2 R.Luke rush middle for 21 yards gain to the WYO12 (#23 J.Thomas), 1ST DOWN",0.3729802314660625,2025-11-16T03:46:18.000Z
401760412,4017604122,40176041250,2,14,Fresno State,Mountain West,7,Wyoming,Mountain West,0,Fresno State,Wyoming,1,"{'minutes': 9, 'seconds': 34}",2.0,3.0,88,12,1,10,12,True,Rushing Touchdown,"(09:58) Shotgun #6 B.Donelson rush left for 12 yards gain to the WYO00 TOUCHDOWN, clock 09:34, 1ST DOWN #46 D.Lynch kick attempt good (H: #41 N.Verdugo, LS: #52 W.Brown)",2.5300945420359255,2025-11-16T03:49:58.000Z
401760412,4017604122,4017604123,2,1,Wyoming,Mountain West,0,Fresno State,Mountain West,0,Fresno State,Wyoming,1,"{'minutes': 14, 'seconds': 55}",3.0,3.0,65,65,1,10,18,False,Kickoff,(15:00) #47 E.Sandvik kickoff 56 yards to the FST09 #2 R.Luke return 18 yards to the FST27 (#80 C.Brook),,2025-11-16T03:40:24.000Z
401760412,4017604122,40176041252,2,11,Fresno State,Mountain West,0,Wyoming,Mountain West,0,Fresno State,Wyoming,1,"{'minutes': 10, 'seconds': 12}",2.0,3.0,67,33,1,10,0,False,Timeout,"Timeout Fresno State, clock 10:12",,2025-11-16T03:48:04.000Z
401760412,4017604122,40176041255,2,12,Fresno State,Mountain West,6,Wyoming,Mountain West,0,Fresno State,Wyoming,1,"{'minutes': 10, 'seconds': 12}",2.0,3.0,97,3,0,0,5,False,Penalty,PENALTY FST False Start  5 yards from WYO03 to WYO08. NO PLAY,,2025-11-16T03:50:57.000Z
401760412,4017604122,40176041258,2,13,Fresno State,Mountain West,6,Wyoming,Mountain West,0,Fresno State,Wyoming,1,"{'minutes': 10, 'seconds': 12}",2.0,3.0,92,8,0,0,4,False,Penalty,PENALTY WYO Offside  4 yards from WYO08 to WYO04. NO PLAY,,2025-11-16T03:51:30.000Z
401760412,4017604122,40176041266,2,15,Fresno State,Mountain West,7,Wyoming,Mountain West,0,Fresno State,Wyoming,1,"{'minutes': 9, 'seconds': 34}",1.0,3.0,96,4,0,0,0,False,Timeout,"Timeout Fresno State, clock 09:34",,2025-11-16T03:52:29.000Z
401760412,4017604128,401760412239,3,1,Fresno State,Mountain West,7,Wyoming,Mountain West,3,Fresno State,Wyoming,1,"{'minutes': 13, 'seconds': 15}",1.0,3.0,18,82,1,10,-1,False,Rush,(13:15) Shotgun #2 R.Luke rush left for 1 yard loss to the FST17 (#12 D.Hearns),-0.5761820489594704,2025-11-16T04:31:36.000Z
401760412,4017604128,401760412243,3,2,Fresno State,Mountain West,7,Wyoming,Mountain West,3,Fresno State,Wyoming,1,"{'minutes': 13, 'seconds': 15}",1.0,3.0,17,83,2,11,0,False,Rush,(13:15) Shotgun #17 C.Conklin rush left for 0 yards to the FST17 (#20 D.Miller),-0.1951055348701951,2025-11-16T04:31:50.000Z
401760412,4017604128,401760412247,3,3,Fresno State,Mountain West,7,Wyoming,Mountain West,3,Fresno State,Wyoming,1,"{'minutes': 13, 'seconds': 15}",1.0,3.0,17,83,3,11,12,False,Pass Reception,"(13:15) Shotgun #17 C.Conklin pass complete short middle to #5 J.Freeman caught at FST24, for 12 yards to the FST29 (#6 E.Eller), 1ST DOWN",1.4839689603675517,2025-11-16T04:32:14.000Z
401760412,4017604128,401760412254,3,4,Fresno State,Mountain West,7,Wyoming,Mountain West,3,Fresno State,Wyoming,1,"{'minutes': 13, 'seconds': 15}",1.0,3.0,29,71,1,10,-3,False,Rush,(13:15) Shotgun #6 B.Donelson rush middle for 3 yards loss to the FST26 (#6 E.Eller),-1.1451131808901334,2025-11-16T04:32:52.000Z
401760412,4017604128,401760412258,3,5,Fresno State,Mountain West,7,Wyoming,Mountain West,3,Fresno State,Wyoming,1,"{'minutes': 13, 'seconds': 15}",1.0,3.0,26,74,2,13,1,False,Rush,(13:15) Shotgun #2 R.Luke rush middle for 1 yard gain to the FST27 (#9 B.Johnson),-0.22872340919559253,2025-11-16T04:33:13.000Z
401760412,4017604128,401760412262,3,6,Fresno State,Mountain West,7,Wyoming,Mountain West,3,Fresno State,Wyoming,1,"{'minutes': 13, 'seconds': 15}",1.0,3.0,27,73,3,12,0,False,Pass Incompletion,(13:15) Shotgun #17 C.Conklin pass incomplete short right to #84 E.Avit thrown to FST33,-0.1461898986749066,2025-11-16T04:33:27.000Z
401760412,4017604128,401760412267,3,7,Fresno State,Mountain West,7,Wyoming,Mountain West,3,Fresno State,Wyoming,1,"{'minutes': 12, 'seconds': 52}",1.0,3.0,27,73,4,12,0,False,Punt,(12:52) #41 N.Verdugo punt 40 yards to the WYO33,,2025-11-16T04:33:56.000Z
401760412,4017604128,401760412273,3,8,Fresno State,Mountain West,7,Wyoming,Mountain West,3,Fresno State,Wyoming,1,"{'minutes': 0, 'seconds': 0}",1.0,3.0,27,73,4,12,0,False,End Period,End of 1st quarter.,0.2956433615155971,2025-11-16T04:34:14.000Z
401760412,4017604124,40176041268,4,2,Wyoming,Mountain West,0,Fresno State,Mountain West,7,Fresno State,Wyoming,1,"{'minutes': 9, 'seconds': 26}",3.0,1.0,75,75,1,10,8,False,Rush,(09:28) Shotgun #26 S.Harris rush middle for 8 yards gain to the WYO33 (#35 T.Khajavi),0.9104368550610653,2025-11-16T03:56:11.000Z
401760412,4017604124,40176041272,4,3,Wyoming,Mountain West,0,Fresno State,Mountain West,7,Fresno State,Wyoming,1,"{'minutes': 8, 'seconds': 50}",3.0,1.0,67,67,2,2,1,False,Rush,(08:54) Shotgun #26 S.Harris rush middle for 1 yard gain to the WYO34 (#35 T.Khajavi),-0.933470717010013,2025-11-16T03:56:46.000Z
401760412,4017604124,40176041276,4,4,Wyoming,Mountain West,0,Fresno State,Mountain West,7,Fresno State,Wyoming,1,"{'minutes': 8, 'seconds': 18}",3.0,1.0,66,66,3,1,2,False,Rush,"(08:24) Shotgun #12 K.Anderson rush middle for 2 yards gain to the WYO36 (#99 M.Jordan Jr.), 1ST DOWN",0.9535963738949382,2025-11-16T03:58:31.000Z
401760412,4017604124,40176041280,4,5,Wyoming,Mountain West,0,Fresno State,Mountain West,7,Fresno State,Wyoming,1,"{'minutes': 7, 'seconds': 37}",3.0,1.0,64,64,1,10,40,False,Pass Reception,"(07:55) Shotgun #12 K.Anderson pass complete deep middle to #13 C.Durr caught at FST28, for 40 yards to the FST24 (#18 L.Studt), 1ST DOWN",2.465754659168356,2025-11-16T03:59:09.000Z
401760412,4017604124,40176041285,4,6,Wyoming,Mountain West,0,Fresno State,Mountain West,7,Fresno State,Wyoming,1,"{'minutes': 7, 'seconds': 25}",3.0,1.0,24,24,1,10,0,False,Pass Incompletion,(07:25) Shotgun #12 K.Anderson pass incomplete short right to #13 C.Durr thrown to FST27 broken up by #5 S.Harris,-0.4346450377339437,2025-11-16T03:59:33.000Z
401760412,4017604124,40176041288,4,7,Wyoming,Mountain West,0,Fresno State,Mountain West,7,Fresno State,Wyoming,1,"{'minutes': 7, 'seconds': 18}",3.0,1.0,24,24,2,10,1,False,Rush,(07:21) Shotgun #26 S.Harris rush middle for 1 yard gain to the FST23 (#99 M.Jordan Jr.),-0.434730563506923,2025-11-16T04:00:10.000Z
401760412,4017604124,40176041292,4,8,Wyoming,Mountain West,0,Fresno State,Mountain West,7,Fresno State,Wyoming,1,"{'minutes': 6, 'seconds': 44}",3.0,1.0,23,23,3,9,0,False,Pass Incompletion,(06:44) Shotgun #12 K.Anderson pass incomplete short left to #2 E.Richardson thrown to FST13,-0.7966638824274723,2025-11-16T04:00:50.000Z
401760412,4017604124,40176041295,4,9,Wyoming,Mountain West,3,Fresno State,Mountain West,7,Fresno State,Wyoming,1,"{'minutes': 6, 'seconds': 39}",3.0,1.0,23,23,4,9,41,True,Field Goal Good,"(06:39) #47 E.Sandvik field goal attempt from 41 yards GOOD (H: #43 G.Helm, LS: #52 C.York), clock 06:39",,2025-11-16T04:01:48.000Z
401760412,4017604124,40176041264,4,1,Fresno State,Mountain West,7,Wyoming,Mountain West,0,Fresno State,Wyoming,1,"{'minutes': 9, 'seconds': 34}",1.0,3.0,35,65,1,10,0,False,Kickoff,"(09:34) #46 D.Lynch kickoff 65 yards to the WYO00, Touchback",,2025-11-16T03:52:18.000Z
401760412,4017604124,401760412100,4,10,Wyoming,Mountain West,3,Fresno State,Mountain West,7,Fresno State,Wyoming,1,"{'minutes': 6, 'seconds': 39}",2.0,1.0,23,23,4,9,0,False,Timeout,"Timeout Wyoming, clock 06:39",,2025-11-16T04:03:20.000Z
401760412,4017604126,401760412105,5,2,Fresno State,Mountain West,7,Wyoming,Mountain West,3,Fresno State,Wyoming,1,"{'minutes': 6, 'seconds': 25}",1.0,2.0,11,89,1,10,4,False,Rush,(06:31) Shotgun #0 J.Arceneaux rush left for 4 yards gain to the FST15 (#5 B.Wilson),-0.05111426634582639,2025-11-16T04:06:03.000Z
401760412,4017604126,401760412109,5,3,Fresno State,Mountain West,7,Wyoming,Mountain West,3,Fresno State,Wyoming,1,"{'minutes': 5, 'seconds': 44}",1.0,2.0,15,85,2,6,3,False,Pass Reception,"(05:53) Shotgun #17 C.Conklin pass complete short left to #1 J.McClain caught at FST17, for 3 yards to the FST18 (#23 J.Thomas)",-0.14064706850477204,2025-11-16T04:06:43.000Z
401760412,4017604126,401760412114,5,4,Fresno State,Mountain West,7,Wyoming,Mountain West,3,Fresno State,Wyoming,1,"{'minutes': 4, 'seconds': 57}",1.0,2.0,18,82,3,3,-11,False,Sack,(05:04) Shotgun #17 C.Conklin sacked for loss of 11 yards to the FST07 (#11 E.Bogar),-0.43043814445080475,2025-11-16T04:07:37.000Z
401760412,4017604126,401760412118,5,5,Fresno State,Mountain West,7,Wyoming,Mountain West,3,Fresno State,Wyoming,1,"{'minutes': 4, 'seconds': 24}",1.0,2.0,7,93,4,14,3,False,Punt Return,"(04:24) #41 N.Verdugo punt 44 yards to the WYO49 #19 C.Coenen return 6 yards to the FST45, out of bounds at FST45 PENALTY WYO Holding  WYO UNR: Unnecessary Roughness 25 yards from FST48 to WYO27",,2025-11-16T04:20:42.000Z
401760412,4017604126,40176041298,5,1,Wyoming,Mountain West,3,Fresno State,Mountain West,7,Fresno State,Wyoming,1,"{'minutes': 6, 'seconds': 33}",2.0,1.0,65,65,1,10,13,False,Kickoff,(06:37) #47 E.Sandvik kickoff 57 yards to the FST08 #2 R.Luke return 13 yards to the FST21 (#46 D.Bauman) PENALTY FST Holding 10 yards from FST21 to FST11,,2025-11-16T04:04:39.000Z
401760412,4017604129,401760412278,6,1,Wyoming,Mountain West,3,Fresno State,Mountain West,7,Fresno State,Wyoming,2,"{'minutes': 12, 'seconds': 27}",2.0,1.0,67,67,1,10,-4,False,Rush,(12:27) Shotgun #2 E.Richardson rush middle for 4 yards loss to the WYO29 (#9 M.Xepera),-1.4397565338684624,2025-11-16T04:34:27.000Z
401760412,4017604129,401760412284,6,2,Wyoming,Mountain West,3,Fresno State,Mountain West,7,Fresno State,Wyoming,2,"{'minutes': 12, 'seconds': 27}",2.0,1.0,71,71,2,14,0,False,Pass Incompletion,(12:27) Shotgun #12 K.Anderson pass incomplete short left to #2 E.Richardson thrown to WYO38,-0.29673577162003095,2025-11-16T04:34:44.000Z
401760412,4017604129,401760412287,6,3,Wyoming,Mountain West,3,Fresno State,Mountain West,7,Fresno State,Wyoming,2,"{'minutes': 12, 'seconds': 27}",2.0,1.0,71,71,3,14,0,False,Pass Incompletion,(12:27) Shotgun #12 K.Anderson pass incomplete short middle to #5 T.Kellman thrown to WYO25,-0.13692156290029622,2025-11-16T04:34:54.000Z
401760412,4017604129,401760412290,6,4,Wyoming,Mountain West,3,Fresno State,Mountain West,7,Fresno State,Wyoming,2,"{'minutes': 12, 'seconds': 22}",2.0,1.0,71,71,4,14,0,False,Punt,"(12:22) #18 B.Edmiston, Jr. punt 46 yards to the FST25 fair catch by #10 J.Malau’ulu at FST25",,2025-11-16T04:35:13.000Z
401760412,40176041210,401760412297,7,1,Fresno State,Mountain West,7,Wyoming,Mountain West,3,Fresno State,Wyoming,2,"{'minutes': 12, 'seconds': 15}",1.0,2.0,25,75,1,10,-3,False,Fumble Recovery (Own),"(12:15) Shotgun #17 C.Conklin rush middle for 3 yards loss to the FST22 fumbled by #17 C.Conklin at FST22 recovered by FST #17 C.Conklin at FST22, End Of Play",-0.9562833890771465,2025-11-16T04:37:25.000Z
401760412,40176041210,401760412300,7,2,Fresno State,Mountain West,7,Wyoming,Mountain West,3,Fresno State,Wyoming,2,"{'minutes': 11, 'seconds': 55}",1.0,2.0,25,75,2,10,0,False,Pass Incompletion,(11:59) Shotgun #17 C.Conklin pass incomplete short right to #84 E.Avit thrown to FST36,-0.34710487712173865,2025-11-16T04:36:45.000Z
401760412,40176041210,401760412309,7,3,Fresno State,Mountain West,7,Wyoming,Mountain West,3,Fresno State,Wyoming,2,"{'minutes': 11, 'seconds': 30}",1.0,2.0,22,78,2,13,0,False,Pass Incompletion,(11:30) Shotgun #17 C.Conklin pass incomplete short right to #84 E.Avit thrown to FST26,-0.21012438871067207,2025-11-16T04:37:48.000Z
401760412,40176041210,401760412312,7,4,Fresno State,Mountain West,7,Wyoming,Mountain West,3,Fresno State,Wyoming,2,"{'minutes': 11, 'seconds': 23}",1.0,2.0,22,78,3,13,0,False,Pass Incompletion,(11:27) Shotgun #17 C.Conklin pass incomplete short middle to #84 E.Avit thrown to FST36,-0.09376798712265356,2025-11-16T04:37:56.000Z
401760412,40176041210,401760412315,7,5,Fresno State,Mountain West,7,Wyoming,Mountain West,3,Fresno State,Wyoming,2,"{'minutes': 11, 'seconds': 23}",1.0,2.0,22,78,4,13,0,False,Punt,(11:23) #41 N.Verdugo punt 40 yards to the WYO38 fair catch by #19 C.Coenen at WYO38,,2025-11-16T04:38:25.000Z
401760412,40176041211,401760412322,8,1,Wyoming,Mountain West,3,Fresno State,Mountain West,7,Fresno State,Wyoming,2,"{'minutes': 11, 'seconds': 15}",2.0,1.0,62,62,1,10,4,False,Rush,(11:15) Shotgun #26 S.Harris rush middle for 4 yards gain to the WYO42 (#3 A.Hamilton),-0.1660250563858484,2025-11-16T04:39:15.000Z
401760412,40176041211,401760412326,8,2,Wyoming,Mountain West,3,Fresno State,Mountain West,7,Fresno State,Wyoming,2,"{'minutes': 11, 'seconds': 15}",2.0,1.0,58,58,2,6,0,False,Pass Incompletion,(11:15) Shotgun #12 K.Anderson pass incomplete short right to #84 J.Gyllenborg thrown to WYO28,-1.0482155226357586,2025-11-16T04:39:26.000Z
401760412,40176041211,401760412329,8,3,Wyoming,Mountain West,3,Fresno State,Mountain West,7,Fresno State,Wyoming,2,"{'minutes': 11, 'seconds': 15}",2.0,1.0,58,58,3,6,0,False,Pass Incompletion,(11:15) Shotgun #12 K.Anderson pass incomplete short left to #8 J.Sargent thrown to WYO40,-0.6401731194806475,2025-11-16T04:39:44.000Z
401760412,40176041211,401760412332,8,4,Wyoming,Mountain West,3,Fresno State,Mountain West,7,Fresno State,Wyoming,2,"{'minutes': 11, 'seconds': 15}",2.0,1.0,58,58,4,6,0,False,Punt,"(11:15) #18 B.Edmiston, Jr. punt 32 yards to the FST26, out of bounds at FST26",,2025-11-16T04:39:54.000Z
401760412,40176041211,401760412339,8,5,Wyoming,Mountain West,3,Fresno State,Mountain West,7,Fresno State,Wyoming,2,"{'minutes': 11, 'seconds': 15}",1.0,1.0,58,58,4,6,0,False,Timeout,"Timeout Wyoming, clock 11:15",,2025-11-16T04:41:12.000Z
401760412,40176041212,401760412337,9,1,Fresno State,Mountain West,7,Wyoming,Mountain West,3,Fresno State,Wyoming,2,"{'minutes': 11, 'seconds': 5}",1.0,1.0,26,74,1,10,14,False,Rush,"(11:11) Shotgun #2 R.Luke rush middle for 14 yards gain to the FST40 (#23 J.Thomas), 1ST DOWN",1.2498757083172904,2025-11-16T04:41:34.000Z
401760412,40176041212,401760412342,9,2,Fresno State,Mountain West,7,Wyoming,Mountain West,3,Fresno State,Wyoming,2,"{'minutes': 10, 'seconds': 42}",1.0,1.0,40,60,1,10,4,False,Rush,(10:46) Shotgun #31 B.Ramirez rush middle for 4 yards gain to the FST44 (#42 E.Stuhlsatz),-0.1674744380827829,2025-11-16T04:42:22.000Z
401760412,40176041212,401760412346,9,3,Fresno State,Mountain West,7,Wyoming,Mountain West,3,Fresno State,Wyoming,2,"{'minutes': 9, 'seconds': 57}",1.0,1.0,44,56,2,6,8,False,Rush,"(10:03) #5 J.Freeman rush right for 8 yards gain to the WYO48 (#23 J.Thomas), 1ST DOWN",1.2381412059465013,2025-11-16T04:43:05.000Z
401760412,40176041212,401760412352,9,4,Fresno State,Mountain West,7,Wyoming,Mountain West,3,Fresno State,Wyoming,2,"{'minutes': 9, 'seconds': 21}",1.0,1.0,52,48,1,10,3,False,Rush,(09:24) Shotgun #2 R.Luke rush middle for 3 yards gain to the WYO45 (#6 E.Eller),-0.3648977045566397,2025-11-16T04:43:44.000Z
401760412,40176041212,401760412356,9,5,Fresno State,Mountain West,7,Wyoming,Mountain West,3,Fresno State,Wyoming,2,"{'minutes': 8, 'seconds': 40}",1.0,1.0,55,45,2,7,1,False,Rush,(08:42) Shotgun #6 B.Donelson rush middle for 1 yard gain to the WYO44 (#9 B.Johnson),-0.8753720601829186,2025-11-16T04:44:25.000Z
401760412,40176041212,401760412360,9,6,Fresno State,Mountain West,7,Wyoming,Mountain West,3,Fresno State,Wyoming,2,"{'minutes': 7, 'seconds': 57}",1.0,1.0,56,44,3,6,5,False,Rush,(08:20) Shotgun #6 B.Donelson rush middle for 5 yards gain to the WYO39 (#9 B.Johnson),0.0742890978394223,2025-11-16T04:45:07.000Z
401760412,40176041212,401760412364,9,8,Fresno State,Mountain West,7,Wyoming,Mountain West,3,Fresno State,Wyoming,2,"{'minutes': 7, 'seconds': 19}",1.0,0.0,61,39,4,1,-2,False,Rush,"(07:19) Shotgun #31 B.Ramirez rush middle for 2 yards loss to the WYO41 (#94 B.Florentine), TURNOVER ON DOWNS",-2.147785496819907,2025-11-16T04:47:08.000Z
401760412,40176041212,401760412366,9,7,Wyoming,Mountain West,3,Fresno State,Mountain West,7,Fresno State,Wyoming,2,"{'minutes': 7, 'seconds': 57}",0.0,1.0,56,56,3,6,0,False,Timeout,"Timeout Wyoming, clock 07:57",,2025-11-16T04:45:49.000Z
401760412,40176041212,401760412372,9,9,Fresno State,Mountain West,7,Wyoming,Mountain West,3,Fresno State,Wyoming,2,"{'minutes': 7, 'seconds': 19}",0.0,0.0,61,39,4,1,0,False,Timeout,"Timeout Fresno State, clock 07:19",,2025-11-16T04:47:43.000Z
401760412,40176041213,401760412370,10,1,Wyoming,Mountain West,3,Fresno State,Mountain West,7,Fresno State,Wyoming,2,"{'minutes': 7, 'seconds': 10}",0.0,0.0,59,59,1,10,9,False,Rush,(07:14) Shotgun #26 S.Harris rush middle for 9 yards gain to the WYO50 (#3 A.Hamilton),1.3220501527298012,2025-11-16T04:50:19.000Z
401760412,40176041213,401760412375,10,2,Wyoming,Mountain West,3,Fresno State,Mountain West,7,Fresno State,Wyoming,2,"{'minutes': 6, 'seconds': 39}",0.0,0.0,50,50,2,1,10,False,Penalty,(06:39) Shotgun #26 S.Harris rush right for 2 yards gain to the FST48 (#39 J.Pearson) PENALTY WYO Holding 10 yards from WYO50 to WYO40. NO PLAY,,2025-11-16T04:51:34.000Z
401760412,40176041213,401760412380,10,3,Wyoming,Mountain West,3,Fresno State,Mountain West,7,Fresno State,Wyoming,2,"{'minutes': 6, 'seconds': 12}",0.0,0.0,60,60,2,11,5,False,Rush,(06:15) Shotgun #26 S.Harris rush left for 5 yards gain to the WYO45 (#35 T.Khajavi),0.0597558626935956,2025-11-16T04:51:58.000Z
401760412,40176041213,401760412384,10,4,Wyoming,Mountain West,3,Fresno State,Mountain West,7,Fresno State,Wyoming,2,"{'minutes': 5, 'seconds': 30}",0.0,0.0,55,55,3,6,10,False,Rush,"(05:40) #26 S.Harris rush left for 10 yards gain to the FST45 (#11 J.Davis), 1ST DOWN",2.4624229803473767,2025-11-16T04:52:40.000Z
401760412,40176041213,401760412388,10,5,Wyoming,Mountain West,3,Fresno State,Mountain West,7,Fresno State,Wyoming,2,"{'minutes': 4, 'seconds': 34}",0.0,0.0,45,45,1,10,1,False,Rush,(05:02) Shotgun #7 M.Drube rush middle for 1 yard gain to the FST44 (#39 J.Pearson),-0.7709607025343227,2025-11-16T04:53:15.000Z
401760412,40176041213,401760412392,10,7,Wyoming,Mountain West,3,Fresno State,Mountain West,7,Fresno State,Wyoming,2,"{'minutes': 4, 'seconds': 21}",-1.0,0.0,44,44,2,9,0,False,Pass Incompletion,(04:27) Shotgun #12 K.Anderson pass incomplete deep middle to #3 D.DeBlanc thrown to FST02,-1.0769566573515554,2025-11-16T04:55:45.000Z
401760412,40176041213,401760412396,10,8,Wyoming,Mountain West,3,Fresno State,Mountain West,7,Fresno State,Wyoming,2,"{'minutes': 4, 'seconds': 11}",-1.0,0.0,44,44,3,9,-14,False,Sack,(04:13) Shotgun #12 K.Anderson sacked for loss of 14 yards to the WYO42 (#35 T.Khajavi),-1.9622672442958136,2025-11-16T04:56:38.000Z
401760412,40176041213,401760412400,10,9,Wyoming,Mountain West,3,Fresno State,Mountain West,7,Fresno State,Wyoming,2,"{'minutes': 3, 'seconds': 37}",-1.0,0.0,58,58,4,23,0,False,Punt,"(03:36) #18 B.Edmiston, Jr. punt 27 yards to the FST31, out of bounds at FST31",,2025-11-16T04:57:16.000Z
401760412,40176041213,401760412394,10,6,Wyoming,Mountain West,3,Fresno State,Mountain West,7,Fresno State,Wyoming,2,"{'minutes': 4, 'seconds': 34}",-1.0,0.0,45,45,1,10,0,False,Timeout,"Timeout Wyoming, clock 04:34",,2025-11-16T04:53:55.000Z
401760412,40176041214,401760412405,11,1,Fresno State,Mountain West,7,Wyoming,Mountain West,3,Fresno State,Wyoming,2,"{'minutes': 3, 'seconds': 30}",0.0,-1.0,31,69,1,10,0,False,Rush,(03:32) Shotgun #6 B.Donelson rush right for 0 yards to the FST31 (#4 J.Taylor),-0.8947814664467213,2025-11-16T04:58:03.000Z
401760412,40176041214,401760412409,11,2,Fresno State,Mountain West,7,Wyoming,Mountain West,3,Fresno State,Wyoming,2,"{'minutes': 2, 'seconds': 51}",0.0,-1.0,31,69,2,10,0,False,Pass Incompletion,(02:51) #17 C.Conklin pass incomplete short middle to #88 R.Anderson III thrown to FST44 broken up by #12 D.Hearns,-0.48647765014911126,2025-11-16T04:58:47.000Z
401760412,40176041214,401760412412,11,3,Fresno State,Mountain West,7,Wyoming,Mountain West,3,Fresno State,Wyoming,2,"{'minutes': 2, 'seconds': 44}",0.0,-1.0,31,69,3,10,0,False,Pass Incompletion,(02:44) Shotgun #17 C.Conklin pass incomplete short left to #1 J.McClain thrown to FST39,-0.2338253757696238,2025-11-16T04:59:32.000Z
401760412,40176041214,401760412415,11,4,Fresno State,Mountain West,7,Wyoming,Mountain West,3,Fresno State,Wyoming,2,"{'minutes': 2, 'seconds': 37}",0.0,-1.0,31,69,4,10,0,False,Punt,(02:44) #41 N.Verdugo punt 37 yards to the WYO32 fair catch by #32 J.Davis at WYO32,,
401760412,40176041215,401760412420,12,1,Wyoming,Mountain West,3,Fresno State,Mountain West,7,Fresno State,Wyoming,2,"{'minutes': 2, 'seconds': 27}",-1.0,0.0,69,69,1,10,2,False,Rush,(02:31) Shotgun #3 D.DeBlanc rush left for 2 yards gain to the WYO33 (#5 S.Harris),-0.5660789348414365,2025-11-16T05:01:24.000Z
401760412,40176041215,401760412427,12,2,Wyoming,Mountain West,3,Fresno State,Mountain West,7,Fresno State,Wyoming,2,"{'minutes': 2, 'seconds': 0}",-1.0,0.0,68,68,1,10,1,False,Rush,(02:00) Shotgun #3 D.DeBlanc rush left for 1 yard gain to the WYO33 (#5 S.Harris),-0.7658255968233298,2025-11-16T05:02:05.000Z
401760412,40176041215,401760412431,12,4,Wyoming,Mountain West,3,Fresno State,Mountain West,7,Fresno State,Wyoming,2,"{'minutes': 1, 'seconds': 52}",-2.0,0.0,67,67,2,9,-1,False,Rush,(01:55) Shotgun #22 S.Scott rush left for 1 yard loss to the WYO32 (#6 J.Jacks),-0.6739553045998319,2025-11-16T05:05:05.000Z
401760412,40176041215,401760412439,12,6,Wyoming,Mountain West,3,Fresno State,Mountain West,7,Fresno State,Wyoming,2,"{'minutes': 1, 'seconds': 51}",-2.0,-1.0,68,68,3,10,0,False,Pass Incompletion,(01:55) Shotgun #7 M.Drube pass incomplete short right to #13 C.Durr thrown to WYO27,-0.24944723578013583,2025-11-16T05:06:16.000Z
401760412,40176041215,401760412442,12,7,Wyoming,Mountain West,3,Fresno State,Mountain West,7,Fresno State,Wyoming,2,"{'minutes': 1, 'seconds': 43}",-2.0,-1.0,68,68,4,10,0,False,Punt,"(01:45) #18 B.Edmiston, Jr. punt 48 yards to the FST20 fair catch by #10 J.Malau’ulu at FST20",,2025-11-16T05:06:55.000Z
401760412,40176041215,401760412433,12,3,Wyoming,Mountain West,3,Fresno State,Mountain West,7,Fresno State,Wyoming,2,"{'minutes': 2, 'seconds': 0}",-2.0,0.0,68,68,1,10,0,False,Timeout,"Timeout Wyoming, clock 02:00",,2025-11-16T05:02:33.000Z
401760412,40176041215,401760412438,12,5,Fresno State,Mountain West,7,Wyoming,Mountain West,3,Fresno State,Wyoming,2,"{'minutes': 1, 'seconds': 52}",-1.0,-2.0,67,33,2,9,0,False,Timeout,"Timeout Fresno State, clock 01:52",,2025-11-16T05:05:30.000Z
401760412,40176041216,401760412446,13,1,Fresno State,Mountain West,7,Wyoming,Mountain West,3,Fresno State,Wyoming,2,"{'minutes': 1, 'seconds': 40}",-1.0,-2.0,20,80,1,10,0,False,Pass Incompletion,(01:43) Shotgun #17 C.Conklin pass incomplete short right to #6 B.Donelson thrown to FST35 broken up by #11 E.Bogar,-0.5586693796725282,2025-11-16T05:07:42.000Z
401760412,40176041216,401760412449,13,2,Fresno State,Mountain West,7,Wyoming,Mountain West,3,Fresno State,Wyoming,2,"{'minutes': 1, 'seconds': 28}",-1.0,-2.0,20,80,2,10,0,False,Pass Reception,"(01:38) Shotgun #17 C.Conklin pass complete short right to #6 B.Donelson caught at FST11, for 0 yards to the FST20 (#6 E.Eller)",-0.2608138520764314,2025-11-16T05:08:28.000Z
401760412,40176041216,401760412454,13,4,Fresno State,Mountain West,7,Wyoming,Mountain West,3,Fresno State,Wyoming,2,"{'minutes': 1, 'seconds': 15}",-1.0,-3.0,20,80,3,10,24,False,Rush,"(01:18) Shotgun #2 R.Luke rush middle for 24 yards gain to the FST44 (#23 J.Thomas), 1ST DOWN",2.8353582459747564,2025-11-16T05:10:03.000Z
401760412,40176041216,401760412459,13,5,Fresno State,Mountain West,7,Wyoming,Mountain West,3,Fresno State,Wyoming,2,"{'minutes': 1, 'seconds': 1}",-1.0,-3.0,44,56,1,10,4,False,Pass Reception,"(01:08) Shotgun #17 C.Conklin pass complete short left to #10 J.Malau’ulu caught at FST48, for 4 yards to the FST48, End Of Play",-0.1632332623875107,2025-11-16T05:10:27.000Z
401760412,40176041216,401760412465,13,6,Fresno State,Mountain West,7,Wyoming,Mountain West,3,Fresno State,Wyoming,2,"{'minutes': 1, 'seconds': 0}",-1.0,-3.0,48,52,2,6,17,False,Pass Reception,"(01:02) Shotgun #17 C.Conklin pass complete short middle to #1 J.McClain caught at WYO37, for 17 yards to the WYO35 (#12 D.Hearns), 1ST DOWN",1.5608272599898607,2025-11-16T05:11:50.000Z
401760412,40176041216,401760412470,13,7,Fresno State,Mountain West,7,Wyoming,Mountain West,3,Fresno State,Wyoming,2,"{'minutes': 0, 'seconds': 52}",-1.0,-3.0,65,35,1,10,0,False,Pass Incompletion,(00:52) Shotgun #17 C.Conklin pass incomplete deep middle to #88 R.Anderson III thrown to WYO11,-0.6918622905019662,2025-11-16T05:12:13.000Z
401760412,40176041216,401760412473,13,8,Fresno State,Mountain West,7,Wyoming,Mountain West,3,Fresno State,Wyoming,2,"{'minutes': 0, 'seconds': 48}",-1.0,-3.0,65,35,2,10,-40,False,Pass Incompletion,"(00:48) Shotgun #17 C.Conklin pass incomplete short right to #84 E.Avit thrown to WYO25 broken up by #94 B.Florentine, 1ST DOWN, PENALTY WYO Holding 10 yards from WYO35 to WYO25, 1ST DOWN",-3.739703437423624,2025-11-16T05:12:49.000Z
401760412,40176041216,401760412477,13,9,Fresno State,Mountain West,7,Wyoming,Mountain West,3,Fresno State,Wyoming,2,"{'minutes': 0, 'seconds': 41}",-1.0,-3.0,75,25,1,10,0,False,Pass Incompletion,(00:40) Shotgun #17 C.Conklin pass incomplete deep right to #5 J.Freeman thrown to WYO00,-0.4522778946200265,2025-11-16T05:14:06.000Z
401760412,40176041216,401760412480,13,10,Fresno State,Mountain West,7,Wyoming,Mountain West,3,Fresno State,Wyoming,2,"{'minutes': 0, 'seconds': 35}",-1.0,-3.0,75,25,2,10,3,False,Pass Reception,"(00:34) Shotgun #17 C.Conklin pass complete short left to #2 R.Luke caught at WYO28, for 3 yards to the WYO22 (#9 B.Johnson), out of bounds",-0.1884214352727174,2025-11-16T05:14:49.000Z
401760412,40176041216,401760412485,13,11,Fresno State,Mountain West,7,Wyoming,Mountain West,3,Fresno State,Wyoming,2,"{'minutes': 0, 'seconds': 31}",-1.0,-3.0,78,22,3,7,0,False,Pass Incompletion,(00:35) Shotgun #17 C.Conklin pass incomplete short middle to #1 J.McClain thrown to WYO09,-0.7134165372465588,2025-11-16T05:15:26.000Z
401760412,40176041216,401760412488,13,12,Fresno State,Mountain West,10,Wyoming,Mountain West,3,Fresno State,Wyoming,2,"{'minutes': 0, 'seconds': 26}",-1.0,-3.0,78,22,4,7,40,True,Field Goal Good,"(00:31) #46 D.Lynch field goal attempt from 40 yards GOOD (H: #41 N.Verdugo, LS: #52 W.Brown), clock 00:26",,2025-11-16T05:16:13.000Z
401760412,40176041216,401760412456,13,3,Wyoming,Mountain West,3,Fresno State,Mountain West,7,Fresno State,Wyoming,2,"{'minutes': 1, 'seconds': 28}",-3.0,-1.0,20,20,2,10,0,False,Timeout,"Timeout Wyoming, clock 01:28",,2025-11-16T05:09:24.000Z
401760412,40176041218,401760412494,14,2,Wyoming,Mountain West,3,Fresno State,Mountain West,10,Fresno State,Wyoming,2,"{'minutes': 0, 'seconds': 26}",-3.0,-1.0,75,75,1,10,-1,False,Rush,(00:26) Kneel down by #12 K.Anderson at WYO24 for loss of 1 yard,-0.8014893508157099,2025-11-16T05:18:09.000Z
401760412,40176041218,401760412499,14,3,Wyoming,Mountain West,3,Fresno State,Mountain West,10,Fresno State,Wyoming,2,"{'minutes': 0, 'seconds': 0}",-3.0,-1.0,75,75,1,10,-1,False,End Period,End of 2nd quarter.,-0.8014893508157099,2025-11-16T05:19:04.000Z
401760412,40176041218,401760412491,14,1,Fresno State,Mountain West,10,Wyoming,Mountain West,3,Fresno State,Wyoming,2,"{'minutes': 0, 'seconds': 26}",-1.0,-3.0,35,65,1,10,0,False,Kickoff,"(00:26) #46 D.Lynch kickoff 65 yards to the WYO00, Touchback",,2025-11-16T05:16:15.000Z
401760412,40176041220,401760412511,15,2,Wyoming,Mountain West,3,Fresno State,Mountain West,10,Fresno State,Wyoming,3,"{'minutes': 14, 'seconds': 54}",3.0,3.0,83,83,1,10,5,False,Penalty,PENALTY WYO False Start  5 yards from WYO17 to WYO12. NO PLAY,,2025-11-16T05:41:46.000Z
401760412,40176041220,401760412514,15,3,Wyoming,Mountain West,3,Fresno State,Mountain West,10,Fresno State,Wyoming,3,"{'minutes': 14, 'seconds': 44}",3.0,3.0,88,88,1,15,1,False,Rush,(14:50) Shotgun #5 T.Kellman rush middle for 1 yard gain to the WYO13 (#39 J.Pearson),-0.17181150348028762,2025-11-16T05:42:22.000Z
401760412,40176041220,401760412518,15,4,Wyoming,Mountain West,3,Fresno State,Mountain West,10,Fresno State,Wyoming,3,"{'minutes': 14, 'seconds': 25}",3.0,3.0,87,87,2,14,13,False,Pass Reception,"(14:25) #12 K.Anderson pass complete short left to #84 J.Gyllenborg caught at WYO14, for 13 yards to the WYO26 (#44 D.Laffitte)",0.6891137389247017,2025-11-16T05:42:53.000Z
401760412,40176041220,401760412524,15,5,Wyoming,Mountain West,3,Fresno State,Mountain West,10,Fresno State,Wyoming,3,"{'minutes': 13, 'seconds': 30}",3.0,3.0,74,74,3,1,0,False,Rush,(13:33) Shotgun #22 S.Scott rush middle for 0 yards to the WYO26 (#35 T.Khajavi),-0.49033197537653184,2025-11-16T05:43:39.000Z
401760412,40176041220,401760412528,15,6,Wyoming,Mountain West,3,Fresno State,Mountain West,10,Fresno State,Wyoming,3,"{'minutes': 12, 'seconds': 51}",3.0,3.0,74,74,4,1,1,False,Rush,"(12:56) Shotgun #12 K.Anderson rush middle for 1 yard gain to the WYO27 (#99 M.Jordan Jr.), 1ST DOWN",1.0898214082134992,2025-11-16T05:44:18.000Z
401760412,40176041220,401760412532,15,7,Wyoming,Mountain West,3,Fresno State,Mountain West,10,Fresno State,Wyoming,3,"{'minutes': 12, 'seconds': 9}",3.0,3.0,73,73,1,10,0,False,Rush,(12:16) Shotgun #5 T.Kellman rush middle for 0 yards to the WYO27 (#19 F.Claypool),-0.766047035673644,2025-11-16T05:44:59.000Z
401760412,40176041220,401760412536,15,8,Wyoming,Mountain West,3,Fresno State,Mountain West,10,Fresno State,Wyoming,3,"{'minutes': 11, 'seconds': 23}",3.0,3.0,73,73,2,10,5,False,Pass Reception,"(11:34) Shotgun #12 K.Anderson pass complete short left to #84 J.Gyllenborg caught at WYO32, for 5 yards to the WYO32 (#22 C.Bracha), out of bounds",0.04653708659430665,2025-11-16T05:45:39.000Z
401760412,40176041220,401760412541,15,9,Wyoming,Mountain West,3,Fresno State,Mountain West,10,Fresno State,Wyoming,3,"{'minutes': 10, 'seconds': 52}",3.0,3.0,68,68,3,5,0,False,Pass Incompletion,(10:54) No Huddle-Shotgun #12 K.Anderson pass incomplete short left to #2 E.Richardson thrown to WYO40,-0.4148536881069784,2025-11-16T05:46:19.000Z
401760412,40176041220,401760412544,15,10,Wyoming,Mountain West,3,Fresno State,Mountain West,10,Fresno State,Wyoming,3,"{'minutes': 10, 'seconds': 40}",3.0,3.0,68,68,4,5,12,False,Punt Return,"(10:52) #18 B.Edmiston, Jr. punt 44 yards to the FST24 #10 J.Malau’ulu return 12 yards to the FST36 (#80 C.Brook)",,2025-11-16T05:46:58.000Z
401760412,40176041220,401760412504,15,1,Fresno State,Mountain West,10,Wyoming,Mountain West,3,Fresno State,Wyoming,3,"{'minutes': 14, 'seconds': 55}",3.0,3.0,35,65,1,10,17,False,Kickoff,(14:58) #46 D.Lynch kickoff 65 yards to the WYO00 #3 D.DeBlanc return 17 yards to the WYO17 (#29 J.Carrillo),,2025-11-16T05:41:10.000Z
401760412,40176041221,401760412550,16,1,Fresno State,Mountain West,10,Wyoming,Mountain West,3,Fresno State,Wyoming,3,"{'minutes': 10, 'seconds': 31}",3.0,3.0,36,64,1,10,2,False,Rush,(10:36) Shotgun #2 R.Luke rush middle for 2 yards gain to the FST38 (#94 B.Florentine),-0.6439997383019928,2025-11-16T05:50:09.000Z
401760412,40176041221,401760412554,16,2,Fresno State,Mountain West,10,Wyoming,Mountain West,3,Fresno State,Wyoming,3,"{'minutes': 9, 'seconds': 53}",3.0,3.0,38,62,2,8,-3,False,Rush,(09:56) Shotgun #6 B.Donelson rush middle for 3 yards loss to the FST35 (#5 B.Wilson; #99 K.Anderson),-1.1173987762346789,2025-11-16T05:50:49.000Z
401760412,40176041221,401760412559,16,3,Fresno State,Mountain West,10,Wyoming,Mountain West,3,Fresno State,Wyoming,3,"{'minutes': 9, 'seconds': 7}",3.0,3.0,35,65,3,11,14,False,Pass Reception,"(09:18) Shotgun #17 C.Conklin pass complete short middle to #84 E.Avit caught at FST49, for 14 yards to the FST49 (#3 A.Johnson), 1ST DOWN",2.985223918419064,2025-11-16T05:51:28.000Z
401760412,40176041221,401760412564,16,4,Fresno State,Mountain West,10,Wyoming,Mountain West,3,Fresno State,Wyoming,3,"{'minutes': 8, 'seconds': 45}",3.0,3.0,49,51,1,10,1,False,Rush,(08:47) Shotgun #2 R.Luke rush middle for 1 yard gain to the FST50 (#9 B.Johnson),-0.889254676573113,2025-11-16T05:51:58.000Z
401760412,40176041221,401760412568,16,5,Fresno State,Mountain West,10,Wyoming,Mountain West,3,Fresno State,Wyoming,3,"{'minutes': 7, 'seconds': 57}",3.0,3.0,50,50,2,9,6,False,Pass Reception,"(08:11) Shotgun #17 C.Conklin pass complete short left to #33 E.Gilliam caught at WYO49, for 6 yards to the WYO44 (#6 E.Eller)",0.33360629141667,2025-11-16T05:52:37.000Z
401760412,40176041221,401760412573,16,6,Fresno State,Mountain West,10,Wyoming,Mountain West,3,Fresno State,Wyoming,3,"{'minutes': 7, 'seconds': 21}",3.0,3.0,56,44,3,3,4,False,Rush,"(07:25) Shotgun #33 E.Gilliam rush middle for 4 yards gain to the WYO40 (#9 B.Johnson; #52 C.Ifeanyi), 1ST DOWN",1.289966445112041,2025-11-16T05:53:20.000Z
401760412,40176041221,401760412577,16,7,Fresno State,Mountain West,10,Wyoming,Mountain West,3,Fresno State,Wyoming,3,"{'minutes': 6, 'seconds': 46}",3.0,3.0,60,40,1,10,0,False,Pass Incompletion,(06:46) Shotgun #17 C.Conklin pass incomplete deep right to #84 E.Avit thrown to WYO15,-0.8457687366186873,2025-11-16T05:54:01.000Z
401760412,40176041221,401760412580,16,8,Fresno State,Mountain West,10,Wyoming,Mountain West,3,Fresno State,Wyoming,3,"{'minutes': 6, 'seconds': 40}",3.0,3.0,60,40,2,10,3,False,Rush,(06:43) Shotgun #2 R.Luke rush middle for 3 yards gain to the WYO37 (#21 E.Sibomana),-0.3586877375832956,2025-11-16T05:54:40.000Z
401760412,40176041221,401760412584,16,9,Fresno State,Mountain West,10,Wyoming,Mountain West,3,Fresno State,Wyoming,3,"{'minutes': 5, 'seconds': 55}",3.0,3.0,63,37,3,7,1,False,Rush,(05:59) Shotgun #17 C.Conklin rush right for 1 yard gain to the WYO36 (#52 C.Ifeanyi),-0.8333695154551197,2025-11-16T05:55:23.000Z
401760412,40176041221,401760412588,16,10,Fresno State,Mountain West,10,Wyoming,Mountain West,3,Fresno State,Wyoming,3,"{'minutes': 5, 'seconds': 8}",3.0,3.0,64,36,4,6,10,False,Pass Reception,"(05:17) Shotgun #17 C.Conklin pass complete short middle to #87 J.Tarwater caught at WYO30, for 10 yards to the WYO26 (#3 A.Johnson; #40 T.Westland), 1ST DOWN",2.506873011186263,2025-11-16T05:56:06.000Z
401760412,40176041221,401760412593,16,11,Fresno State,Mountain West,10,Wyoming,Mountain West,3,Fresno State,Wyoming,3,"{'minutes': 4, 'seconds': 34}",3.0,3.0,74,26,1,10,-1,False,Rush,(04:37) Shotgun #31 B.Ramirez rush right for 1 yard loss to the WYO27 (#26 G.Rutherford),-0.5879577976333188,2025-11-16T05:56:46.000Z
401760412,40176041221,401760412597,16,12,Fresno State,Mountain West,10,Wyoming,Mountain West,3,Fresno State,Wyoming,3,"{'minutes': 3, 'seconds': 56}",3.0,3.0,73,27,2,11,27,False,Penalty,"(03:56) Shotgun #17 C.Conklin pass incomplete deep right to #84 E.Avit thrown to WYO01, 1ST DOWN, PENALTY WYO Pass Interference (#8 T.Boss) 14 yards from WYO27 to WYO13, 1ST DOWN",,2025-11-16T05:59:18.000Z
401760412,40176041221,401760412604,16,13,Fresno State,Mountain West,10,Wyoming,Mountain West,3,Fresno State,Wyoming,3,"{'minutes': 3, 'seconds': 30}",3.0,3.0,87,13,1,10,2,False,Rush,(03:40) Shotgun #2 R.Luke rush middle for 2 yards gain to the WYO11 (#6 E.Eller),-0.17192441059024,2025-11-16T06:01:33.000Z
401760412,40176041221,401760412608,16,14,Fresno State,Mountain West,10,Wyoming,Mountain West,3,Fresno State,Wyoming,3,"{'minutes': 3, 'seconds': 9}",3.0,3.0,89,11,2,8,2,False,Rush,"(03:11) Shotgun #2 R.Luke rush right for 2 yards gain to the WYO09 (#6 E.Eller), out of bounds",-0.163127244864301,2025-11-16T06:01:56.000Z
401760412,40176041221,401760412612,16,15,Fresno State,Mountain West,10,Wyoming,Mountain West,3,Fresno State,Wyoming,3,"{'minutes': 2, 'seconds': 31}",3.0,3.0,91,9,3,6,0,False,Pass Incompletion,(02:31) Shotgun #17 C.Conklin pass incomplete short right to #5 J.Freeman thrown to WYO00,-0.355186088092285,2025-11-16T06:02:41.000Z
401760412,40176041221,401760412615,16,16,Fresno State,Mountain West,13,Wyoming,Mountain West,3,Fresno State,Wyoming,3,"{'minutes': 2, 'seconds': 27}",3.0,3.0,91,9,4,6,27,False,Field Goal Missed,"(02:30) #46 D.Lynch field goal attempt from 27 yards NO GOOD (H: #41 N.Verdugo, LS: #52 W.Brown), clock 02:27",,2025-11-16T06:03:16.000Z
401760412,40176041222,401760412619,17,1,Wyoming,Mountain West,3,Fresno State,Mountain West,10,Fresno State,Wyoming,3,"{'minutes': 2, 'seconds': 11}",3.0,3.0,80,80,1,10,-2,False,Rush,(02:22) No Huddle-Shotgun #7 M.Drube rush left for 2 yards loss to the WYO18 (#3 A.Hamilton),-0.6979456564143147,2025-11-16T06:06:24.000Z
401760412,40176041222,401760412623,17,2,Wyoming,Mountain West,3,Fresno State,Mountain West,10,Fresno State,Wyoming,3,"{'minutes': 1, 'seconds': 45}",3.0,3.0,82,82,2,12,0,False,Pass Incompletion,(01:46) Shotgun #12 K.Anderson pass incomplete short right to #8 J.Sargent thrown to WYO24 broken up by #3 A.Hamilton,-0.18372230882822294,2025-11-16T06:07:00.000Z
401760412,40176041222,401760412626,17,3,Wyoming,Mountain West,3,Fresno State,Mountain West,10,Fresno State,Wyoming,3,"{'minutes': 1, 'seconds': 41}",3.0,3.0,82,82,3,12,0,False,Pass Incompletion,(01:43) Shotgun #12 K.Anderson pass incomplete short left to #8 J.Sargent thrown to WYO30,-0.08082750946172636,2025-11-16T06:07:42.000Z
401760412,40176041222,401760412629,17,4,Wyoming,Mountain West,3,Fresno State,Mountain West,10,Fresno State,Wyoming,3,"{'minutes': 1, 'seconds': 28}",3.0,3.0,82,82,4,12,16,False,Punt Return,"(01:41) #18 B.Edmiston, Jr. punt 36 yards to the FST46 #10 J.Malau’ulu return 16 yards to the WYO38 (#2 E.Richardson)",,2025-11-16T06:08:25.000Z
401760412,40176041223,401760412635,18,1,Fresno State,Mountain West,10,Wyoming,Mountain West,3,Fresno State,Wyoming,3,"{'minutes': 1, 'seconds': 20}",3.0,3.0,62,38,1,10,4,False,Rush,(01:24) Shotgun #6 B.Donelson rush middle for 4 yards gain to the WYO34 (#98 J.Williams),-0.080462810572756,2025-11-16T06:09:11.000Z
401760412,40176041223,401760412639,18,2,Fresno State,Mountain West,10,Wyoming,Mountain West,3,Fresno State,Wyoming,3,"{'minutes': 0, 'seconds': 47}",3.0,3.0,66,34,2,6,3,False,Rush,(00:51) Shotgun #6 B.Donelson rush middle for 3 yards gain to the WYO31 (#6 E.Eller),-0.266329473185884,2025-11-16T06:09:43.000Z
401760412,40176041223,401760412643,18,3,Fresno State,Mountain West,10,Wyoming,Mountain West,3,Fresno State,Wyoming,3,"{'minutes': 0, 'seconds': 7}",3.0,3.0,69,31,3,3,0,False,Pass Incompletion,(00:11) #17 C.Conklin pass incomplete deep left to #19 H.Duvall thrown to WYO01 broken up by #7 M.Grant,-0.924966976589989,2025-11-16T06:10:23.000Z
401760412,40176041223,401760412646,18,4,Fresno State,Mountain West,10,Wyoming,Mountain West,3,Fresno State,Wyoming,3,"{'minutes': 0, 'seconds': 6}",3.0,3.0,69,31,4,3,5,False,Penalty,PENALTY FST Delay Of Game  5 yards from WYO31 to WYO36. NO PLAY,,2025-11-16T06:11:24.000Z
401760412,40176041223,401760412649,18,5,Fresno State,Mountain West,10,Wyoming,Mountain West,3,Fresno State,Wyoming,3,"{'minutes': 0, 'seconds': 6}",3.0,3.0,64,36,4,8,0,False,Punt,(00:00) #41 N.Verdugo punt 25 yards to the WYO11 fair catch by #19 C.Coenen at WYO11,,2025-11-16T06:12:06.000Z
401760412,40176041223,401760412655,18,6,Fresno State,Mountain West,10,Wyoming,Mountain West,3,Fresno State,Wyoming,3,"{'minutes': 0, 'seconds': 0}",3.0,3.0,64,36,4,8,0,False,End Period,End of 3rd quarter.,-1.5321442388701385,2025-11-16T06:13:53.000Z
401760412,40176041224,401760412665,19,1,Wyoming,Mountain West,3,Fresno State,Mountain West,10,Fresno State,Wyoming,4,"{'minutes': 14, 'seconds': 52}",3.0,3.0,89,89,1,10,7,False,Rush,(14:55) Shotgun #26 S.Harris rush middle for 7 yards gain to the WYO18 (#39 J.Pearson),0.39388160618102847,2025-11-16T06:15:36.000Z
401760412,40176041224,401760412669,19,2,Wyoming,Mountain West,3,Fresno State,Mountain West,10,Fresno State,Wyoming,4,"{'minutes': 14, 'seconds': 22}",3.0,3.0,82,82,2,3,29,False,Rush,"(14:31) Shotgun #26 S.Harris rush left for 29 yards gain to the WYO47 (#17 E.Tierney), 1ST DOWN",2.2743912683733356,2025-11-16T06:16:01.000Z
401760412,40176041224,401760412673,19,3,Wyoming,Mountain West,3,Fresno State,Mountain West,10,Fresno State,Wyoming,4,"{'minutes': 13, 'seconds': 45}",3.0,3.0,53,53,1,10,8,False,Rush,(13:49) Shotgun #12 K.Anderson rush left for 8 yards gain to the FST45 (#22 C.Bracha),0.9027604054456208,2025-11-16T06:16:42.000Z
401760412,40176041224,401760412677,19,4,Wyoming,Mountain West,3,Fresno State,Mountain West,10,Fresno State,Wyoming,4,"{'minutes': 13, 'seconds': 15}",3.0,3.0,45,45,2,2,30,False,Penalty,"(13:15) Shotgun #12 K.Anderson pass intercepted by #3 A.Hamilton at FST12 #3 A.Hamilton return 15 yards to the FST27, out of bounds at FST27 PENALTY WYO Face Mask 15 yards from FST27 to FST42, 1ST DOWN",,2025-11-16T06:18:01.000Z
401760412,40176041225,401760412689,20,1,Fresno State,Mountain West,17,Wyoming,Mountain West,3,Fresno State,Wyoming,4,"{'minutes': 12, 'seconds': 58}",3.0,3.0,42,58,1,10,58,True,Rushing Touchdown,"(13:05) #0 J.Arceneaux rush right for 58 yards gain to the WYO00 TOUCHDOWN, clock 12:58, 1ST DOWN #46 D.Lynch kick attempt good (H: #41 N.Verdugo, LS: #52 W.Brown)",4.5617032120393155,2025-11-16T06:21:14.000Z
401760412,40176041227,401760412701,21,2,Wyoming,Mountain West,3,Fresno State,Mountain West,17,Fresno State,Wyoming,4,"{'minutes': 12, 'seconds': 47}",3.0,3.0,92,92,1,10,5,False,Pass Reception,"(12:50) Shotgun #12 K.Anderson pass complete short left to #84 J.Gyllenborg caught at WYO13, for 5 yards to the WYO13, End Of Play",0.06731302715239185,2025-11-16T06:26:01.000Z
401760412,40176041227,401760412707,21,3,Wyoming,Mountain West,3,Fresno State,Mountain West,17,Fresno State,Wyoming,4,"{'minutes': 12, 'seconds': 27}",3.0,3.0,87,87,2,5,12,False,Rush,"(12:30) Shotgun #26 S.Harris rush middle for 12 yards gain to the WYO25 (#2 A.Cobb), 1ST DOWN",0.7036371273172932,2025-11-16T06:26:25.000Z
401760412,40176041227,401760412711,21,4,Wyoming,Mountain West,3,Fresno State,Mountain West,17,Fresno State,Wyoming,4,"{'minutes': 11, 'seconds': 58}",3.0,3.0,75,75,1,10,4,False,Pass Reception,"(12:00) Shotgun #12 K.Anderson pass complete short left to #84 J.Gyllenborg caught at WYO29, for 4 yards to the WYO29, End Of Play",-0.1142886249388964,2025-11-16T06:26:55.000Z
401760412,40176041227,401760412716,21,5,Wyoming,Mountain West,3,Fresno State,Mountain West,17,Fresno State,Wyoming,4,"{'minutes': 11, 'seconds': 36}",3.0,3.0,71,71,2,6,6,False,Rush,"(11:39) Shotgun #26 S.Harris rush middle for 6 yards gain to the WYO35 (#99 M.Jordan Jr.), 1ST DOWN",0.9493267339688831,2025-11-16T06:27:22.000Z
401760412,40176041227,401760412720,21,6,Wyoming,Mountain West,3,Fresno State,Mountain West,17,Fresno State,Wyoming,4,"{'minutes': 10, 'seconds': 58}",3.0,3.0,65,65,1,10,0,False,Pass Incompletion,(10:57) Shotgun #12 K.Anderson pass incomplete deep left to #2 E.Richardson thrown to FST26,-1.0146424556055624,2025-11-16T06:28:05.000Z
401760412,40176041227,401760412723,21,7,Wyoming,Mountain West,3,Fresno State,Mountain West,17,Fresno State,Wyoming,4,"{'minutes': 10, 'seconds': 49}",3.0,3.0,65,65,2,10,0,False,Pass Incompletion,(10:52) Shotgun #12 K.Anderson pass incomplete short right to #9 J.Holman thrown to WYO49,-0.6004605992346148,2025-11-16T06:28:40.000Z
401760412,40176041227,401760412726,21,8,Wyoming,Mountain West,3,Fresno State,Mountain West,17,Fresno State,Wyoming,4,"{'minutes': 10, 'seconds': 44}",3.0,3.0,65,65,3,10,0,False,Pass Incompletion,(10:44) Shotgun #12 K.Anderson pass incomplete short right to #5 T.Kellman thrown to WYO29,-0.30241592870214795,2025-11-16T06:29:25.000Z
401760412,40176041227,401760412729,21,9,Wyoming,Mountain West,3,Fresno State,Mountain West,17,Fresno State,Wyoming,4,"{'minutes': 10, 'seconds': 30}",3.0,3.0,65,65,4,10,0,False,Punt,"(10:38) #18 B.Edmiston, Jr. punt 38 yards to the FST27",,2025-11-16T06:30:07.000Z
401760412,40176041227,401760412696,21,1,Fresno State,Mountain West,17,Wyoming,Mountain West,3,Fresno State,Wyoming,4,"{'minutes': 12, 'seconds': 55}",3.0,3.0,35,65,1,10,8,False,Kickoff,(12:58) #46 D.Lynch kickoff 65 yards to the WYO00 #3 D.DeBlanc return 8 yards to the WYO08 (#96 N.Yeh),,2025-11-16T06:25:20.000Z
401760412,40176041227,401760412735,21,10,Wyoming,Mountain West,3,Fresno State,Mountain West,17,Fresno State,Wyoming,4,"{'minutes': 10, 'seconds': 30}",2.0,3.0,65,65,4,10,0,False,Timeout,"Timeout Wyoming, clock 10:30",,2025-11-16T06:31:34.000Z
401760412,40176041228,401760412733,22,1,Fresno State,Mountain West,17,Wyoming,Mountain West,3,Fresno State,Wyoming,4,"{'minutes': 10, 'seconds': 21}",3.0,2.0,27,73,1,10,8,False,Rush,(10:29) Shotgun #6 B.Donelson rush middle for 8 yards gain to the FST35 (#23 J.Thomas),0.9497789757518991,2025-11-16T06:33:12.000Z
401760412,40176041228,401760412738,22,2,Fresno State,Mountain West,17,Wyoming,Mountain West,3,Fresno State,Wyoming,4,"{'minutes': 9, 'seconds': 49}",3.0,2.0,35,65,2,2,4,False,Rush,"(09:52) Shotgun #6 B.Donelson rush middle for 4 yards gain to the FST39 (#9 B.Johnson), 1ST DOWN",0.1279204220051715,2025-11-16T06:33:44.000Z
401760412,40176041228,401760412742,22,3,Fresno State,Mountain West,17,Wyoming,Mountain West,3,Fresno State,Wyoming,4,"{'minutes': 9, 'seconds': 3}",3.0,2.0,39,61,1,10,1,False,Rush,(09:10) Shotgun #2 R.Luke rush right for 1 yard gain to the FST40 (#6 E.Eller),-0.9002974178644043,2025-11-16T06:34:25.000Z
401760412,40176041228,401760412746,22,4,Fresno State,Mountain West,17,Wyoming,Mountain West,3,Fresno State,Wyoming,4,"{'minutes': 8, 'seconds': 23}",3.0,2.0,40,60,2,9,9,False,Rush,"(08:27) Shotgun #2 R.Luke rush left for 9 yards gain to the FST49 (#20 D.Miller), out of bounds, 1ST DOWN",1.8319462504363313,2025-11-16T06:35:10.000Z
401760412,40176041228,401760412750,22,5,Fresno State,Mountain West,17,Wyoming,Mountain West,3,Fresno State,Wyoming,4,"{'minutes': 7, 'seconds': 55}",3.0,2.0,49,51,1,10,1,False,Rush,(08:06) Shotgun #33 E.Gilliam rush right for 1 yard gain to the FST50 (#5 B.Wilson),-0.889254676573113,2025-11-16T06:35:55.000Z
401760412,40176041228,401760412754,22,6,Fresno State,Mountain West,17,Wyoming,Mountain West,3,Fresno State,Wyoming,4,"{'minutes': 7, 'seconds': 23}",3.0,2.0,50,50,2,9,2,False,Rush,(07:26) Shotgun #2 R.Luke rush middle for 2 yards gain to the WYO48 (#5 B.Wilson; #9 B.Johnson),-0.6365973193381952,2025-11-16T06:36:29.000Z
401760412,40176041228,401760412758,22,7,Fresno State,Mountain West,17,Wyoming,Mountain West,3,Fresno State,Wyoming,4,"{'minutes': 6, 'seconds': 25}",3.0,2.0,52,48,3,7,3,False,Pass Reception,"(06:44) Shotgun #17 C.Conklin pass complete short right to #2 R.Luke caught at FST49, for 3 yards to the WYO45 (#3 A.Johnson)",-0.3671907592775358,2025-11-16T06:37:16.000Z
401760412,40176041228,401760412766,22,8,Fresno State,Mountain West,17,Wyoming,Mountain West,3,Fresno State,Wyoming,4,"{'minutes': 5, 'seconds': 41}",3.0,2.0,55,45,4,4,0,False,Punt,"(05:44) #41 N.Verdugo punt 45 yards to the WYO00, Touchback",,2025-11-16T06:38:14.000Z
401760412,40176041228,401760412772,22,9,Fresno State,Mountain West,17,Wyoming,Mountain West,3,Fresno State,Wyoming,4,"{'minutes': 5, 'seconds': 41}",2.0,2.0,55,45,4,4,0,False,Timeout,"Timeout Fresno State, clock 05:41",,2025-11-16T06:38:52.000Z
401760412,40176041229,401760412770,23,1,Wyoming,Mountain West,3,Fresno State,Mountain West,17,Fresno State,Wyoming,4,"{'minutes': 5, 'seconds': 35}",2.0,2.0,80,80,1,10,0,False,Pass Incompletion,(05:35) No Huddle-Shotgun #12 K.Anderson pass incomplete short middle to #26 S.Harris thrown to WYO23,-0.5586693796725282,2025-11-16T06:41:20.000Z
401760412,40176041229,401760412774,23,2,Wyoming,Mountain West,3,Fresno State,Mountain West,17,Fresno State,Wyoming,4,"{'minutes': 5, 'seconds': 23}",2.0,2.0,80,80,2,10,7,False,Rush,(05:30) No Huddle-Shotgun #12 K.Anderson rush middle for 7 yards gain to the WYO27 (#35 T.Khajavi),0.2521898511573468,2025-11-16T06:41:47.000Z
401760412,40176041229,401760412778,23,3,Wyoming,Mountain West,3,Fresno State,Mountain West,17,Fresno State,Wyoming,4,"{'minutes': 5, 'seconds': 7}",2.0,2.0,73,73,3,3,4,False,Rush,"(05:10) No Huddle-Shotgun #26 S.Harris rush middle for 4 yards gain to the WYO31 (#0 K.Foreman), 1ST DOWN",1.0852463190052344,2025-11-16T06:42:07.000Z
401760412,40176041229,401760412782,23,4,Wyoming,Mountain West,3,Fresno State,Mountain West,17,Fresno State,Wyoming,4,"{'minutes': 4, 'seconds': 32}",2.0,2.0,69,69,1,10,-3,False,Pass Reception,"(04:42) No Huddle-Shotgun #12 K.Anderson pass complete short left to #13 C.Durr caught at WYO28, for 3 yards loss to the WYO28, End Of Play",-1.2442095755088687,2025-11-16T06:42:35.000Z
401760412,40176041229,401760412787,23,5,Wyoming,Mountain West,3,Fresno State,Mountain West,17,Fresno State,Wyoming,4,"{'minutes': 4, 'seconds': 2}",2.0,2.0,72,72,2,13,-4,False,Sack,(04:06) No Huddle-Shotgun #12 K.Anderson sacked for loss of 4 yards to the WYO24 (#94 J.Gandy),-0.4331233949028368,2025-11-16T06:43:12.000Z
401760412,40176041229,401760412791,23,6,Wyoming,Mountain West,3,Fresno State,Mountain West,17,Fresno State,Wyoming,4,"{'minutes': 3, 'seconds': 33}",2.0,2.0,76,76,3,17,0,False,Rush,(03:37) No Huddle-Shotgun #5 T.Kellman rush left for 0 yards to the WYO24 (#5 S.Harris),-0.07078836935122015,2025-11-16T06:43:41.000Z
401760412,40176041229,401760412795,23,7,Wyoming,Mountain West,3,Fresno State,Mountain West,17,Fresno State,Wyoming,4,"{'minutes': 3, 'seconds': 2}",2.0,2.0,76,76,4,17,0,False,Pass Incompletion,"(03:02) No Huddle-Shotgun #12 K.Anderson pass incomplete short middle to #5 T.Kellman thrown to WYO26, TURNOVER ON DOWNS",0.35541234487797535,2025-11-16T06:44:15.000Z
401760412,40176041230,401760412799,24,1,Fresno State,Mountain West,17,Wyoming,Mountain West,3,Fresno State,Wyoming,4,"{'minutes': 2, 'seconds': 52}",2.0,2.0,76,24,1,10,10,False,Rush,"(02:58) Shotgun #0 J.Arceneaux rush middle for 10 yards gain to the WYO14 (#9 B.Johnson), 1ST DOWN",0.1331547734278935,2025-11-16T06:45:15.000Z
401760412,40176041230,401760412803,24,2,Fresno State,Mountain West,17,Wyoming,Mountain West,3,Fresno State,Wyoming,4,"{'minutes': 2, 'seconds': 11}",2.0,2.0,86,14,1,10,-2,False,Rush,"(02:11) Shotgun #0 J.Arceneaux rush left for 2 yards loss to the WYO16, End Of Play",-0.447935627360474,2025-11-16T06:46:04.000Z
401760412,40176041230,401760412807,24,4,Fresno State,Mountain West,17,Wyoming,Mountain West,3,Fresno State,Wyoming,4,"{'minutes': 2, 'seconds': 5}",2.0,1.0,84,16,2,12,3,False,Rush,(02:08) #33 E.Gilliam rush right for 3 yards gain to the WYO13 (#98 J.Williams),-0.1219742579949959,2025-11-16T06:47:18.000Z
401760412,40176041230,401760412822,24,6,Fresno State,Mountain West,24,Wyoming,Mountain West,3,Fresno State,Wyoming,4,"{'minutes': 2, 'seconds': 0}",2.0,0.0,87,13,3,9,13,True,Passing Touchdown,Josiah Freeman 13 Yd pass from Carson Conklin (Dylan Lynch Kick),3.1181930605345514,2025-11-16T06:53:16.000Z
401760412,40176041230,401760412809,24,3,Wyoming,Mountain West,3,Fresno State,Mountain West,17,Fresno State,Wyoming,4,"{'minutes': 2, 'seconds': 11}",1.0,2.0,86,86,1,10,0,False,Timeout,"Timeout Wyoming, clock 02:11",,2025-11-16T06:46:44.000Z
401760412,40176041230,401760412814,24,5,Wyoming,Mountain West,3,Fresno State,Mountain West,17,Fresno State,Wyoming,4,"{'minutes': 2, 'seconds': 5}",0.0,2.0,84,84,2,12,0,False,Timeout,"Timeout Wyoming, clock 02:05",,2025-11-16T06:47:49.000Z
401760412,40176041230,401760412833,24,7,Fresno State,Mountain West,24,Wyoming,Mountain West,3,Fresno State,Wyoming,4,"{'minutes': 2, 'seconds': 0}",1.0,0.0,97,3,0,0,0,False,Timeout,"Timeout Fresno State, clock 02:00",,2025-11-16T06:53:45.000Z
401760412,40176041232,401760412835,25,2,Wyoming,Mountain West,3,Fresno State,Mountain West,24,Fresno State,Wyoming,4,"{'minutes': 1, 'seconds': 55}",0.0,1.0,75,75,1,10,9,False,Pass Reception,"(01:55) No Huddle-Shotgun #7 M.Drube pass complete short left to #84 J.Gyllenborg caught at WYO30, for 9 yards to the WYO34, End Of Play",1.252308359788624,2025-11-16T06:55:26.000Z
401760412,40176041232,401760412841,25,3,Wyoming,Mountain West,3,Fresno State,Mountain West,24,Fresno State,Wyoming,4,"{'minutes': 1, 'seconds': 49}",0.0,1.0,66,66,2,1,6,False,Rush,"(01:49) No Huddle-Shotgun #7 M.Drube rush middle for 6 yards gain to the WYO40 (#2 A.Cobb), out of bounds, 1ST DOWN",0.0685461557890222,2025-11-16T06:56:00.000Z
401760412,40176041232,401760412846,25,4,Wyoming,Mountain West,3,Fresno State,Mountain West,24,Fresno State,Wyoming,4,"{'minutes': 1, 'seconds': 39}",0.0,1.0,60,60,1,10,-1,False,Rush,(01:43) No Huddle-Shotgun #7 M.Drube rush right for 1 yard loss to the WYO39 (#89 M.Hines),-1.319414526540232,2025-11-16T06:58:27.000Z
401760412,40176041232,401760412851,25,5,Wyoming,Mountain West,3,Fresno State,Mountain West,24,Fresno State,Wyoming,4,"{'minutes': 1, 'seconds': 24}",0.0,1.0,61,61,2,11,4,False,Pass Reception,"(01:33) No Huddle-Shotgun #7 M.Drube pass complete short right to #11 M.Fitzgerald caught at WYO43, for 4 yards to the WYO43 (#7 L.Mouzon)",-0.1251170406134374,2025-11-16T06:58:57.000Z
401760412,40176041232,401760412856,25,6,Wyoming,Mountain West,3,Fresno State,Mountain West,24,Fresno State,Wyoming,4,"{'minutes': 1, 'seconds': 9}",0.0,1.0,57,57,3,7,0,False,Pass Incompletion,(01:09) No Huddle-Shotgun #7 M.Drube pass incomplete short left to #13 C.Durr thrown to WYO45,-0.6217208272072918,2025-11-16T06:59:21.000Z
401760412,40176041232,401760412859,25,8,Wyoming,Mountain West,3,Fresno State,Mountain West,24,Fresno State,Wyoming,4,"{'minutes': 1, 'seconds': 4}",0.0,0.0,57,57,4,7,0,False,Pass Incompletion,"(01:07) No Huddle-Shotgun #7 M.Drube pass incomplete short left to #85 C.Nanke thrown to FST47 broken up by #2 A.Cobb, TURNOVER ON DOWNS",-0.17684700149536337,2025-11-16T07:00:58.000Z
401760412,40176041232,401760412831,25,1,Fresno State,Mountain West,24,Wyoming,Mountain West,3,Fresno State,Wyoming,4,"{'minutes': 2, 'seconds': 0}",1.0,0.0,35,65,1,10,0,False,Kickoff,"(02:00) #46 D.Lynch kickoff 65 yards to the WYO00, Touchback",,2025-11-16T06:53:41.000Z
401760412,40176041232,401760412861,25,7,Fresno State,Mountain West,24,Wyoming,Mountain West,3,Fresno State,Wyoming,4,"{'minutes': 1, 'seconds': 9}",0.0,0.0,57,43,3,7,0,False,Timeout,"Timeout Fresno State, clock 01:09",,2025-11-16T06:59:51.000Z
401760412,40176041233,401760412864,26,1,Fresno State,Mountain West,24,Wyoming,Mountain West,3,Fresno State,Wyoming,4,"{'minutes': 0, 'seconds': 56}",0.0,0.0,57,43,1,10,-2,False,Rush,(01:04) Kneel down by #17 C.Conklin at WYO45 for loss of 2 yards,-1.3862523018398782,2025-11-16T07:01:42.000Z
401760412,40176041233,401760412867,26,2,Fresno State,Mountain West,24,Wyoming,Mountain West,3,Fresno State,Wyoming,4,"{'minutes': 0, 'seconds': 33}",0.0,0.0,55,45,2,12,-1,False,Rush,(00:33) Kneel down by #17 C.Conklin at WYO46 for loss of 1 yard,-1.222759970737659,2025-11-16T07:02:11.000Z
401760412,40176041233,401760412872,26,3,Fresno State,Mountain West,24,Wyoming,Mountain West,3,Fresno State,Wyoming,4,"{'minutes': 0, 'seconds': 0}",0.0,0.0,55,45,2,12,-1,False,End Period,End of 4th quarter.,-1.222759970737659,2025-11-16T07:03:03.000Z
401760419,4017604197,401760419193,6,1,Wyoming,Mountain West,0,Nevada,Mountain West,0,Wyoming,Nevada,2,"{'minutes': 10, 'seconds': 59}",3.0,3.0,23,77,1,10,5,False,Rush,Shotgun #26 S.Harris rush middle for 5 yards gain to the WYO28 (#44 A.Harnetiaux),0.090922002905697,2025-11-22T19:47:18.000Z
401760419,4017604197,401760419197,6,2,Wyoming,Mountain West,0,Nevada,Mountain West,0,Wyoming,Nevada,2,"{'minutes': 10, 'seconds': 59}",3.0,3.0,28,72,2,5,2,False,Pass Reception,"Shotgun #12 K.Anderson pass complete short right to #26 S.Harris caught at WYO25, for 2 yards to the WYO30 (#33 S.Combs; #9 J.Maldonado)",-0.44584859669929244,2025-11-22T19:47:53.000Z
401760419,4017604197,401760419202,6,3,Wyoming,Mountain West,0,Nevada,Mountain West,0,Wyoming,Nevada,2,"{'minutes': 10, 'seconds': 59}",3.0,3.0,30,70,3,3,5,False,Rush,"Shotgun #24 M.White rush middle for 5 yards gain to the WYO35 (#33 S.Combs; #44 A.Harnetiaux), 1ST DOWN",1.3225666772916576,2025-11-22T19:48:29.000Z
401760419,4017604197,401760419206,6,4,Wyoming,Mountain West,0,Nevada,Mountain West,0,Wyoming,Nevada,2,"{'minutes': 10, 'seconds': 59}",3.0,3.0,35,65,1,10,0,False,Pass Incompletion,Shotgun #12 K.Anderson pass incomplete short right to #22 S.Scott thrown to WYO39,-1.0146424556055624,2025-11-22T19:49:04.000Z
401760419,4017604197,401760419209,6,5,Wyoming,Mountain West,0,Nevada,Mountain West,0,Wyoming,Nevada,2,"{'minutes': 10, 'seconds': 59}",3.0,3.0,35,65,2,10,0,False,Rush,Shotgun #22 S.Scott rush middle for 0 yards to the WYO35 (#44 A.Harnetiaux),-0.6004605992346148,2025-11-22T19:49:46.000Z
401760419,4017604197,401760419213,6,6,Wyoming,Mountain West,0,Nevada,Mountain West,0,Wyoming,Nevada,2,"{'minutes': 10, 'seconds': 59}",3.0,3.0,35,65,3,10,7,False,Pass Reception,"Shotgun #12 K.Anderson pass complete short left to #3 D.DeBlanc caught at WYO42, for 7 yards to the WYO42 (#18 A.Walker) PENALTY WYO Holding declined",0.25126132342253804,2025-11-22T19:50:27.000Z
401760419,4017604197,401760419219,6,7,Wyoming,Mountain West,0,Nevada,Mountain West,0,Wyoming,Nevada,2,"{'minutes': 8, 'seconds': 15}",3.0,3.0,42,58,4,3,0,False,Punt,"#18 B.Edmiston, Jr. punt 58 yards to the NEV00, Touchback PENALTY NEV Holding 10 yards from NEV20 to NEV10",,2025-11-22T19:51:45.000Z
401760419,4017604192,4017604193,1,1,Wyoming,Mountain West,0,Nevada,Mountain West,0,Wyoming,Nevada,1,"{'minutes': 15, 'seconds': 0}",3.0,3.0,35,65,1,10,0,False,Kickoff,"#99 K.Anderson kickoff 65 yards to the NEV00, Touchback",,2025-11-22T19:04:57.000Z
401760419,4017604192,40176041912,1,2,Nevada,Mountain West,0,Wyoming,Mountain West,0,Wyoming,Nevada,1,"{'minutes': 15, 'seconds': 0}",3.0,3.0,75,75,1,10,3,False,Rush,No Huddle-Shotgun #20 C.Ramseur rush left for 3 yards gain to the NEV28 (#9 B.Johnson; #20 D.Miller),-0.2957674139440157,2025-11-22T19:08:10.000Z
401760419,4017604192,40176041916,1,3,Nevada,Mountain West,0,Wyoming,Mountain West,0,Wyoming,Nevada,1,"{'minutes': 15, 'seconds': 0}",3.0,3.0,72,72,2,7,1,False,Pass Reception,"Shotgun #6 C.Jones pass complete short right to #41 J.Henry caught at NEV28, for 1 yard to the NEV29 (#6 E.Eller)",-0.46942609790597783,2025-11-22T19:08:53.000Z
401760419,4017604192,40176041921,1,4,Nevada,Mountain West,0,Wyoming,Mountain West,0,Wyoming,Nevada,1,"{'minutes': 15, 'seconds': 0}",3.0,3.0,71,71,3,6,5,False,Penalty,PENALTY WYO Offside (#11 E.Bogar) 5 yards from NEV29 to NEV34. NO PLAY,,2025-11-22T19:09:24.000Z
401760419,4017604192,40176041924,1,5,Nevada,Mountain West,0,Wyoming,Mountain West,0,Wyoming,Nevada,1,"{'minutes': 15, 'seconds': 0}",3.0,3.0,66,66,3,1,2,False,Rush,"Shotgun #20 C.Ramseur rush middle for 2 yards gain to the NEV36 (#6 E.Eller; #94 B.Florentine), 1ST DOWN",0.9535963738949382,2025-11-22T19:10:03.000Z
401760419,4017604192,40176041928,1,6,Nevada,Mountain West,0,Wyoming,Mountain West,0,Wyoming,Nevada,1,"{'minutes': 15, 'seconds': 0}",3.0,3.0,64,64,1,10,11,False,Pass Reception,"Shotgun #6 C.Jones pass complete short middle to #25 K.Woods caught at NEV35, for 11 yards to the NEV47 (#23 J.Thomas; #40 T.Westland), 1ST DOWN",1.0518931742020232,2025-11-22T19:10:44.000Z
401760419,4017604192,40176041933,1,7,Nevada,Mountain West,0,Wyoming,Mountain West,0,Wyoming,Nevada,1,"{'minutes': 15, 'seconds': 0}",3.0,3.0,53,53,1,10,4,False,Rush,Shotgun #20 C.Ramseur rush left for 4 yards gain to the WYO49 (#9 B.Johnson),-0.1543469215353017,2025-11-22T19:11:30.000Z
401760419,4017604192,40176041937,1,8,Nevada,Mountain West,0,Wyoming,Mountain West,0,Wyoming,Nevada,1,"{'minutes': 15, 'seconds': 0}",3.0,3.0,49,49,2,6,10,False,Rush,"Shotgun #20 C.Ramseur rush middle for 10 yards gain to the WYO39 (#23 J.Thomas), 1ST DOWN",1.1092078001770584,2025-11-22T19:12:11.000Z
401760419,4017604192,40176041941,1,9,Nevada,Mountain West,0,Wyoming,Mountain West,0,Wyoming,Nevada,1,"{'minutes': 15, 'seconds': 0}",3.0,3.0,39,39,1,10,11,False,Rush,"Shotgun #13 C.Purdy rush right for 11 yards gain to the WYO28 (#8 T.Boss), 1ST DOWN",0.37642408079312,2025-11-22T19:12:56.000Z
401760419,4017604192,40176041945,1,10,Nevada,Mountain West,0,Wyoming,Mountain West,0,Wyoming,Nevada,1,"{'minutes': 15, 'seconds': 0}",3.0,3.0,28,28,1,10,3,False,Rush,Shotgun #20 C.Ramseur rush left for 3 yards gain to the WYO25 (#94 B.Florentine; #55 K.Sjogren),-0.158911195567058,2025-11-22T19:13:38.000Z
401760419,4017604192,40176041949,1,11,Nevada,Mountain West,0,Wyoming,Mountain West,0,Wyoming,Nevada,1,"{'minutes': 15, 'seconds': 0}",3.0,3.0,25,25,2,7,-1,False,Pass Reception,"Shotgun #6 C.Jones pass complete short right to #25 K.Woods caught at WYO26, for 1 yard loss to the WYO26 (#6 E.Eller)",-0.7225105792739474,2025-11-22T19:14:20.000Z
401760419,4017604192,40176041954,1,12,Nevada,Mountain West,0,Wyoming,Mountain West,0,Wyoming,Nevada,1,"{'minutes': 15, 'seconds': 0}",3.0,3.0,26,26,3,8,0,False,Pass Incompletion,Shotgun #6 C.Jones pass incomplete short left to #18 M.Bellon thrown to WYO15,-0.8610926804415193,2025-11-22T19:14:57.000Z
401760419,4017604192,40176041957,1,13,Nevada,Mountain West,0,Wyoming,Mountain West,0,Wyoming,Nevada,1,"{'minutes': 8, 'seconds': 28}",3.0,3.0,26,26,4,8,42,False,Field Goal Missed,"#84 J.McFadden field goal attempt from 42 yards NO GOOD (H: #39 B.Ettridge, LS: #51 C.Stack), clock 08:28",,2025-11-22T19:15:38.000Z
401760419,4017604193,40176041961,2,1,Wyoming,Mountain West,0,Nevada,Mountain West,0,Wyoming,Nevada,1,"{'minutes': 8, 'seconds': 28}",3.0,3.0,26,74,1,10,2,False,Rush,Shotgun #26 S.Harris rush left for 2 yards gain to the WYO28 (#32 D.Labarbera),-0.4716869696142973,2025-11-22T19:18:22.000Z
401760419,4017604193,40176041965,2,2,Wyoming,Mountain West,0,Nevada,Mountain West,0,Wyoming,Nevada,1,"{'minutes': 8, 'seconds': 28}",3.0,3.0,28,72,2,8,6,False,Pass Reception,"Shotgun #12 K.Anderson pass complete short right to #31 T.Deen caught at WYO22, for 6 yards to the WYO34 (#1 A.Odums; #32 D.Labarbera)",0.2415199120178846,2025-11-22T19:18:55.000Z
401760419,4017604193,40176041972,2,3,Wyoming,Mountain West,0,Nevada,Mountain West,0,Wyoming,Nevada,1,"{'minutes': 8, 'seconds': 28}",3.0,3.0,34,66,3,2,1,False,Rush,Shotgun #24 M.White rush middle for 1 yard gain to the WYO35 (#32 D.Labarbera),-0.527621238729834,2025-11-22T19:19:48.000Z
401760419,4017604193,40176041976,2,4,Wyoming,Mountain West,0,Nevada,Mountain West,0,Wyoming,Nevada,1,"{'minutes': 8, 'seconds': 28}",3.0,3.0,35,65,4,1,5,False,Penalty,"#12 K.Anderson rush middle for 1 yard gain to the WYO36 (#0 N.Jackson; #99 T.Witte) PENALTY NEV Offside 5 yards from WYO35 to WYO40, 1ST DOWN. NO PLAY",,2025-11-22T19:20:37.000Z
401760419,4017604193,40176041983,2,5,Wyoming,Mountain West,0,Nevada,Mountain West,0,Wyoming,Nevada,1,"{'minutes': 8, 'seconds': 28}",3.0,3.0,40,60,1,10,1,False,Rush,Shotgun #24 M.White rush middle for 1 yard gain to the WYO41 (#0 N.Jackson; #33 S.Combs),-0.9114215282702052,2025-11-22T19:21:18.000Z
401760419,4017604193,40176041987,2,6,Wyoming,Mountain West,0,Nevada,Mountain West,0,Wyoming,Nevada,1,"{'minutes': 8, 'seconds': 28}",3.0,3.0,41,59,2,9,0,False,Pass Incompletion,Shotgun #12 K.Anderson pass incomplete short right to #8 J.Sargent thrown to NEV50,-0.842820543035316,2025-11-22T19:21:58.000Z
401760419,4017604193,40176041990,2,7,Wyoming,Mountain West,0,Nevada,Mountain West,0,Wyoming,Nevada,1,"{'minutes': 8, 'seconds': 28}",3.0,3.0,41,59,3,9,20,False,Pass Reception,"Shotgun #12 K.Anderson pass complete short middle to #11 M.Fitzgerald caught at NEV40, for 20 yards to the NEV39 (#12 B.Snelling), 1ST DOWN. The previous play is under automatic review - ""Pass completion"". CALL UPHELD",3.3707041205176456,2025-11-22T19:22:35.000Z
401760419,4017604193,40176041998,2,8,Wyoming,Mountain West,0,Nevada,Mountain West,0,Wyoming,Nevada,1,"{'minutes': 8, 'seconds': 28}",3.0,3.0,61,39,1,10,19,False,Rush,"Shotgun #22 S.Scott rush left for 19 yards gain to the NEV20 (#18 A.Walker), 1ST DOWN",0.522510825899852,2025-11-22T19:25:04.000Z
401760419,4017604193,401760419102,2,9,Wyoming,Mountain West,0,Nevada,Mountain West,0,Wyoming,Nevada,1,"{'minutes': 8, 'seconds': 28}",3.0,3.0,80,20,1,10,1,False,Rush,Shotgun #24 M.White rush middle for 1 yard gain to the NEV19 (#33 S.Combs),-0.289944449954191,2025-11-22T19:25:43.000Z
401760419,4017604193,401760419106,2,10,Wyoming,Mountain West,0,Nevada,Mountain West,0,Wyoming,Nevada,1,"{'minutes': 8, 'seconds': 28}",3.0,3.0,81,19,2,9,-1,False,Rush,Shotgun #26 S.Harris rush middle for 1 yard loss to the NEV20 (#32 D.Labarbera),-0.5558710619211563,2025-11-22T19:26:23.000Z
401760419,4017604193,401760419110,2,11,Wyoming,Mountain West,0,Nevada,Mountain West,0,Wyoming,Nevada,1,"{'minutes': 8, 'seconds': 28}",3.0,3.0,80,20,3,10,6,False,Pass Reception,"Shotgun #12 K.Anderson pass complete short right to #11 M.Fitzgerald caught at NEV15, for 6 yards to the NEV14 (#1 A.Odums)",0.1550976934039649,2025-11-22T19:27:01.000Z
401760419,4017604193,401760419115,2,12,Wyoming,Mountain West,0,Nevada,Mountain West,0,Wyoming,Nevada,1,"{'minutes': 1, 'seconds': 54}",3.0,3.0,86,14,4,4,32,False,Field Goal Missed,"#47 E.Sandvik field goal attempt from 32 yards NO GOOD (H: #43 G.Helm, LS: #52 C.York), clock 01:54",,2025-11-22T19:27:51.000Z
401760419,4017604194,401760419119,3,1,Nevada,Mountain West,0,Wyoming,Mountain West,0,Wyoming,Nevada,1,"{'minutes': 1, 'seconds': 54}",3.0,3.0,80,80,1,10,3,False,Rush,Shotgun #13 C.Purdy rush right for 3 yards gain to the NEV23 (#5 B.Wilson),-0.2366097161141063,2025-11-22T19:30:13.000Z
401760419,4017604194,401760419123,3,2,Nevada,Mountain West,0,Wyoming,Mountain West,0,Wyoming,Nevada,1,"{'minutes': 1, 'seconds': 54}",3.0,3.0,77,77,2,7,0,False,Pass Incompletion,Shotgun #6 C.Jones pass incomplete short right to #9 M.Brown thrown to NEV23 broken up by #40 T.Westland,-0.43583975606982506,2025-11-22T19:30:54.000Z
401760419,4017604194,401760419126,3,3,Nevada,Mountain West,0,Wyoming,Mountain West,0,Wyoming,Nevada,1,"{'minutes': 1, 'seconds': 54}",3.0,3.0,77,77,3,7,3,False,Pass Reception,"No Huddle-Shotgun #6 C.Jones pass complete short left to #18 M.Bellon caught at NEV20, for 3 yards to the NEV26 (#5 B.Wilson)",-0.08668658911186888,2025-11-22T19:31:29.000Z
401760419,4017604194,401760419131,3,4,Nevada,Mountain West,0,Wyoming,Mountain West,0,Wyoming,Nevada,1,"{'minutes': 0, 'seconds': 16}",3.0,3.0,74,74,4,4,12,False,Punt Return,#39 B.Ettridge punt 56 yards to the WYO18 #3 D.DeBlanc return 12 yards to the WYO30 (#51 C.Stack),,2025-11-22T19:32:20.000Z
401760419,4017604195,401760419137,4,1,Wyoming,Mountain West,0,Nevada,Mountain West,0,Wyoming,Nevada,1,"{'minutes': 0, 'seconds': 16}",3.0,3.0,30,70,1,10,0,False,Rush,Shotgun #22 S.Scott rush left for 0 yards to the WYO30 (#0 N.Jackson; #43 N.Ropati),-0.8627910327708888,2025-11-22T19:33:09.000Z
401760419,4017604195,401760419143,4,2,Wyoming,Mountain West,0,Nevada,Mountain West,0,Wyoming,Nevada,1,"{'minutes': 0, 'seconds': 0}",3.0,3.0,30,70,1,10,0,False,End Period,End of 1st quarter.,-0.8627910327708888,2025-11-22T19:33:32.000Z
401760419,4017604195,401760419147,4,3,Wyoming,Mountain West,0,Nevada,Mountain West,0,Wyoming,Nevada,2,"{'minutes': 15, 'seconds': 0}",3.0,3.0,30,70,2,10,-2,False,Rush,Shotgun #22 S.Scott rush left for 2 yards loss to the WYO28 (#19 S.Cook),-0.5751533723650315,2025-11-22T19:36:25.000Z
401760419,4017604195,401760419153,4,4,Wyoming,Mountain West,0,Nevada,Mountain West,0,Wyoming,Nevada,2,"{'minutes': 15, 'seconds': 0}",3.0,3.0,28,72,3,12,7,False,Rush,Shotgun #12 K.Anderson rush left for 7 yards gain to the WYO35 (#14 D.Warnell),0.13805521305454427,2025-11-22T19:37:07.000Z
401760419,4017604195,401760419157,4,5,Wyoming,Mountain West,0,Nevada,Mountain West,0,Wyoming,Nevada,2,"{'minutes': 13, 'seconds': 31}",3.0,3.0,35,65,4,5,0,False,Punt Return,"#18 B.Edmiston, Jr. punt 54 yards to the NEV11 #18 M.Bellon return 0 yards to the NEV11 (#31 T.Deen)",,2025-11-22T19:37:49.000Z
401760419,4017604196,401760419163,5,1,Nevada,Mountain West,0,Wyoming,Mountain West,0,Wyoming,Nevada,2,"{'minutes': 13, 'seconds': 31}",3.0,3.0,89,89,1,10,12,False,Rush,"Shotgun #13 C.Purdy rush right for 12 yards gain to the NEV23 (#9 B.Johnson), 1ST DOWN",0.5532152139382749,2025-11-22T19:40:06.000Z
401760419,4017604196,401760419167,5,2,Nevada,Mountain West,0,Wyoming,Mountain West,0,Wyoming,Nevada,2,"{'minutes': 13, 'seconds': 31}",3.0,3.0,77,77,1,10,10,False,Penalty,"Shotgun #6 C.Jones pass complete short middle to #20 C.Ramseur caught at NEV22, for 2 yards to the NEV25 (#23 J.Thomas) PENALTY NEV Holding 10 yards from NEV23 to NEV13. NO PLAY",,2025-11-22T19:41:03.000Z
401760419,4017604196,401760419173,5,3,Nevada,Mountain West,0,Wyoming,Mountain West,0,Wyoming,Nevada,2,"{'minutes': 13, 'seconds': 31}",3.0,3.0,87,87,1,20,11,False,Rush,Shotgun #13 C.Purdy rush right for 11 yards gain to the NEV24 (#23 J.Thomas),0.44362955693905803,2025-11-22T19:41:40.000Z
401760419,4017604196,401760419177,5,4,Nevada,Mountain West,0,Wyoming,Mountain West,0,Wyoming,Nevada,2,"{'minutes': 13, 'seconds': 31}",3.0,3.0,76,76,2,9,1,False,Rush,Shotgun #20 C.Ramseur rush right for 1 yard gain to the NEV25 (#6 E.Eller),-0.3083292192674243,2025-11-22T19:42:23.000Z
401760419,4017604196,401760419181,5,5,Nevada,Mountain West,0,Wyoming,Mountain West,0,Wyoming,Nevada,2,"{'minutes': 13, 'seconds': 31}",3.0,3.0,75,75,3,8,0,False,Pass Incompletion,Shotgun #6 C.Jones pass incomplete short right to #9 M.Brown thrown to NEV41 broken up by #9 B.Johnson,-0.19854558992922833,2025-11-22T19:43:03.000Z
401760419,4017604196,401760419184,5,6,Nevada,Mountain West,0,Wyoming,Mountain West,0,Wyoming,Nevada,2,"{'minutes': 13, 'seconds': 31}",3.0,3.0,75,75,4,8,5,False,Penalty,PENALTY NEV Delay Of Game  5 yards from NEV25 to NEV20. NO PLAY,,2025-11-22T19:43:56.000Z
401760419,4017604196,401760419187,5,7,Nevada,Mountain West,0,Wyoming,Mountain West,0,Wyoming,Nevada,2,"{'minutes': 10, 'seconds': 59}",3.0,3.0,80,80,4,13,0,False,Punt,#39 B.Ettridge punt 47 yards to the WYO33 PENALTY WYO Holding 10 yards from WYO33 to WYO23,,2025-11-22T19:44:23.000Z
401760419,4017604198,401760419279,7,15,Wyoming,Mountain West,0,Nevada,Mountain West,0,Wyoming,Nevada,2,"{'minutes': 2, 'seconds': 43}",2.0,3.0,12,88,4,4,0,False,Timeout,"Timeout Wyoming, clock 02:43",,2025-11-22T20:06:40.000Z
401760419,4017604198,401760419284,7,17,Nevada,Mountain West,0,Wyoming,Mountain West,0,Wyoming,Nevada,2,"{'minutes': 2, 'seconds': 0}",2.0,2.0,7,7,1,7,0,False,Timeout,"Timeout Nevada, clock 02:00",,2025-11-22T20:08:31.000Z
401760419,4017604198,401760419224,7,1,Nevada,Mountain West,0,Wyoming,Mountain West,0,Wyoming,Nevada,2,"{'minutes': 8, 'seconds': 15}",3.0,3.0,90,90,1,10,3,False,Rush,Shotgun #6 C.Jones rush right for 3 yards gain to the NEV13 (#6 E.Eller; #40 T.Westland),-0.14561440438218298,2025-11-22T19:54:38.000Z
401760419,4017604198,401760419228,7,2,Nevada,Mountain West,0,Wyoming,Mountain West,0,Wyoming,Nevada,2,"{'minutes': 8, 'seconds': 15}",3.0,3.0,87,87,2,7,2,False,Rush,Shotgun #13 C.Purdy rush middle for 2 yards gain to the NEV15 (#9 B.Johnson),-0.17422799155422997,2025-11-22T19:55:20.000Z
401760419,4017604198,401760419232,7,3,Nevada,Mountain West,0,Wyoming,Mountain West,0,Wyoming,Nevada,2,"{'minutes': 8, 'seconds': 15}",3.0,3.0,85,85,3,5,0,False,Pass Incompletion,Shotgun #6 C.Jones pass incomplete deep right to #5 D.Thomas thrown to NEV40,-0.16975472811067238,2025-11-22T19:56:06.000Z
401760419,4017604198,401760419235,7,4,Nevada,Mountain West,0,Wyoming,Mountain West,0,Wyoming,Nevada,2,"{'minutes': 8, 'seconds': 15}",3.0,3.0,85,85,4,5,14,False,Rush,"#39 B.Ettridge rush left for 14 yards gain to the NEV29 (#4 J.Taylor), 1ST DOWN, PENALTY WYO Personal Foul 15 yards from NEV29 to NEV44, 1ST DOWN",1.5078245044293253,2025-11-22T19:56:48.000Z
401760419,4017604198,401760419240,7,5,Nevada,Mountain West,0,Wyoming,Mountain West,0,Wyoming,Nevada,2,"{'minutes': 8, 'seconds': 15}",3.0,3.0,56,56,1,10,0,False,Pass Incompletion,Shotgun #6 C.Jones pass incomplete deep left to #12 N.Burleson II thrown to WYO20,-1.1612466882658818,2025-11-22T19:57:53.000Z
401760419,4017604198,401760419243,7,6,Nevada,Mountain West,0,Wyoming,Mountain West,0,Wyoming,Nevada,2,"{'minutes': 8, 'seconds': 15}",3.0,3.0,56,56,2,10,10,False,Rush,"Shotgun #20 C.Ramseur rush middle for 10 yards gain to the WYO46 (#12 D.Hearns), 1ST DOWN, PENALTY WYO Personal Foul 15 yards from WYO46 to WYO31, 1ST DOWN",1.9881420615107235,2025-11-22T19:58:37.000Z
401760419,4017604198,401760419248,7,7,Nevada,Mountain West,0,Wyoming,Mountain West,0,Wyoming,Nevada,2,"{'minutes': 8, 'seconds': 15}",3.0,3.0,31,31,1,10,13,False,Rush,"Shotgun #20 C.Ramseur rush left for 13 yards gain to the WYO18 (#98 J.Williams; #42 E.Stuhlsatz), 1ST DOWN",0.250153461002357,2025-11-22T20:00:55.000Z
401760419,4017604198,401760419252,7,8,Nevada,Mountain West,0,Wyoming,Mountain West,0,Wyoming,Nevada,2,"{'minutes': 8, 'seconds': 15}",3.0,3.0,18,18,1,10,5,False,Penalty,Shotgun #20 C.Ramseur rush middle for 3 yards gain to the WYO15 (#6 E.Eller; #11 E.Bogar) PENALTY NEV Illegal Shift 5 yards from WYO18 to WYO23. NO PLAY,,2025-11-22T20:01:56.000Z
401760419,4017604198,401760419257,7,9,Nevada,Mountain West,0,Wyoming,Mountain West,0,Wyoming,Nevada,2,"{'minutes': 8, 'seconds': 15}",3.0,3.0,23,23,1,15,-2,False,Pass Reception,"Shotgun #6 C.Jones pass complete short right to #41 J.Henry caught at WYO26, for 2 yards loss to the WYO25 (#12 D.Hearns)",-0.6671540796837225,2025-11-22T20:02:42.000Z
401760419,4017604198,401760419262,7,10,Nevada,Mountain West,0,Wyoming,Mountain West,0,Wyoming,Nevada,2,"{'minutes': 8, 'seconds': 15}",3.0,3.0,25,25,2,17,13,False,Rush,Shotgun #13 C.Purdy rush right for 13 yards gain to the WYO12 (#20 D.Miller),0.8277384679980685,2025-11-22T20:03:27.000Z
401760419,4017604198,401760419266,7,11,Nevada,Mountain West,0,Wyoming,Mountain West,0,Wyoming,Nevada,2,"{'minutes': 8, 'seconds': 15}",3.0,3.0,12,12,3,4,0,False,Pass Incompletion,#18 M.Bellon pass incomplete short right to #20 C.Ramseur thrown to WYO00,-0.407422700946396,2025-11-22T20:04:15.000Z
401760419,4017604198,401760419270,7,12,Nevada,Mountain West,0,Wyoming,Mountain West,0,Wyoming,Nevada,2,"{'minutes': 2, 'seconds': 43}",3.0,3.0,12,12,4,4,29,False,Field Goal Good,"#84 J.McFadden field goal attempt from 29 yards GOOD (H: #39 B.Ettridge, LS: #51 C.Stack), NO PLAY",,2025-11-22T20:05:37.000Z
401760419,4017604198,401760419274,7,13,Nevada,Mountain West,0,Wyoming,Mountain West,0,Wyoming,Nevada,2,"{'minutes': 2, 'seconds': 43}",3.0,3.0,12,12,4,4,5,False,Penalty,"PENALTY WYO Offside  5 yards from WYO12 to WYO07, 1ST DOWN. NO PLAY",,2025-11-22T20:06:12.000Z
401760419,4017604198,401760419277,7,14,Nevada,Mountain West,0,Wyoming,Mountain West,0,Wyoming,Nevada,2,"{'minutes': 2, 'seconds': 43}",3.0,3.0,7,7,1,7,1,False,Rush,Shotgun #13 C.Purdy rush right for 1 yard gain to the WYO06 (#9 B.Johnson; #97 L.Samsula),-0.331912362454727,2025-11-22T20:07:40.000Z
401760419,4017604198,401760419282,7,16,Nevada,Mountain West,0,Wyoming,Mountain West,0,Wyoming,Nevada,2,"{'minutes': 2, 'seconds': 0}",3.0,2.0,6,6,2,6,-2,False,Fumble Recovery (Own),"Shotgun #13 C.Purdy rush left for 2 yards loss to the WYO08 fumbled by #13 C.Purdy at WYO09 forced by #6 E.Eller recovered by NEV #20 C.Ramseur at WYO08, End Of Play",-0.417419191409317,2025-11-22T20:10:40.000Z
401760419,4017604198,401760419289,7,18,Nevada,Mountain West,7,Wyoming,Mountain West,0,Wyoming,Nevada,2,"{'minutes': 1, 'seconds': 12}",2.0,2.0,8,8,3,8,8,True,Passing Touchdown,Jett Carpenter 8 Yd pass from Carter Jones (Joe McFadden Kick),2.946086184191255,2025-11-22T20:11:16.000Z
401760419,40176041910,401760419297,8,1,Nevada,Mountain West,7,Wyoming,Mountain West,0,Wyoming,Nevada,2,"{'minutes': 1, 'seconds': 12}",2.0,2.0,65,65,1,10,0,False,Kickoff,"#97 K.Emmett kickoff 65 yards to the WYO00, Touchback",,2025-11-22T20:12:10.000Z
401760419,40176041910,401760419322,8,7,Wyoming,Mountain West,0,Nevada,Mountain West,7,Wyoming,Nevada,2,"{'minutes': 0, 'seconds': 23}",1.0,2.0,60,40,1,10,0,False,Timeout,"Timeout Wyoming, clock 00:23",,2025-11-22T20:16:05.000Z
401760419,40176041910,401760419329,8,9,Nevada,Mountain West,7,Wyoming,Mountain West,0,Wyoming,Nevada,2,"{'minutes': 0, 'seconds': 8}",1.0,1.0,64,64,3,6,0,False,Timeout,"Timeout Nevada, clock 00:08",,2025-11-22T20:18:24.000Z
401760419,40176041910,401760419300,8,2,Wyoming,Mountain West,0,Nevada,Mountain West,7,Wyoming,Nevada,2,"{'minutes': 1, 'seconds': 12}",2.0,2.0,25,75,1,10,8,False,Pass Reception,"No Huddle-Shotgun #12 K.Anderson pass complete short right to #11 M.Fitzgerald caught at WYO31, for 8 yards to the WYO33 (#18 A.Walker)",0.9104368550610653,2025-11-22T20:14:03.000Z
401760419,40176041910,401760419305,8,3,Wyoming,Mountain West,0,Nevada,Mountain West,7,Wyoming,Nevada,2,"{'minutes': 1, 'seconds': 12}",2.0,2.0,33,67,2,2,3,False,Pass Reception,"No Huddle-Shotgun #12 K.Anderson pass complete short left to #13 C.Durr caught at WYO35, for 3 yards to the WYO36 (#18 A.Walker), 1ST DOWN",0.0201256568849252,2025-11-22T20:14:24.000Z
401760419,40176041910,401760419310,8,4,Wyoming,Mountain West,0,Nevada,Mountain West,7,Wyoming,Nevada,2,"{'minutes': 1, 'seconds': 12}",2.0,2.0,36,64,1,10,24,False,Pass Reception,"No Huddle-Shotgun #12 K.Anderson pass complete short middle to #84 J.Gyllenborg caught at WYO49, for 24 yards to the NEV40 (#12 B.Snelling; #15 B.Turner), 1ST DOWN",1.95814346383799,2025-11-22T20:15:00.000Z
401760419,40176041910,401760419315,8,5,Wyoming,Mountain West,0,Nevada,Mountain West,7,Wyoming,Nevada,2,"{'minutes': 1, 'seconds': 12}",2.0,2.0,60,40,1,10,4,False,Pass Reception,"No Huddle-Shotgun #12 K.Anderson pass complete short left to #13 C.Durr caught at NEV36, for 4 yards to the NEV36 (#0 N.Jackson; #1 A.Odums)",-0.090113775884788,2025-11-22T20:15:24.000Z
401760419,40176041910,401760419320,8,6,Wyoming,Mountain West,0,Nevada,Mountain West,7,Wyoming,Nevada,2,"{'minutes': 0, 'seconds': 23}",2.0,2.0,64,36,2,6,0,False,Pass Incompletion,No Huddle-Shotgun #12 K.Anderson pass incomplete short left thrown to NEV20,-0.8984915581842065,2025-11-22T20:16:55.000Z
401760419,40176041910,401760419324,8,8,Wyoming,Mountain West,0,Nevada,Mountain West,7,Wyoming,Nevada,2,"{'minutes': 0, 'seconds': 23}",1.0,2.0,64,36,3,6,0,False,Pass Incompletion,Shotgun #12 K.Anderson pass incomplete short right thrown to NEV30,-1.0492206555881083,2025-11-22T20:17:35.000Z
401760419,40176041910,401760419327,8,10,Wyoming,Mountain West,0,Nevada,Mountain West,7,Wyoming,Nevada,2,"{'minutes': 0, 'seconds': 3}",1.0,1.0,64,36,4,6,54,False,Field Goal Missed,"#99 K.Anderson field goal attempt from 54 yards NO GOOD (H: #43 G.Helm, LS: #52 C.York), clock 00:03, End Of Play",,2025-11-22T20:19:15.000Z
401760419,40176041911,401760419333,9,1,Nevada,Mountain West,7,Wyoming,Mountain West,0,Wyoming,Nevada,2,"{'minutes': 0, 'seconds': 8}",1.0,1.0,64,64,1,10,-2,False,Rush,Kneel down by #6 C.Jones at NEV34 for loss of 2 yards,-1.3571567025283562,2025-11-22T20:19:48.000Z
401760419,40176041911,401760419338,9,2,Nevada,Mountain West,7,Wyoming,Mountain West,0,Wyoming,Nevada,2,"{'minutes': 0, 'seconds': 0}",1.0,1.0,64,64,1,10,-2,False,End Period,End of 2nd quarter.,-1.3571567025283562,2025-11-22T20:20:02.000Z
401760419,40176041913,401760419343,10,1,Nevada,Mountain West,7,Wyoming,Mountain West,0,Wyoming,Nevada,3,"{'minutes': 15, 'seconds': 0}",3.0,3.0,65,65,1,10,0,False,Kickoff,"#97 K.Emmett kickoff 65 yards to the WYO00, Touchback",,2025-11-22T20:40:31.000Z
401760419,40176041913,401760419348,10,2,Wyoming,Mountain West,0,Nevada,Mountain West,7,Wyoming,Nevada,3,"{'minutes': 15, 'seconds': 0}",3.0,3.0,25,75,1,10,-5,False,Pass Reception,"Shotgun #7 M.Drube pass complete short right to #3 D.DeBlanc caught at WYO19, for 5 yards loss to the WYO20 (#1 A.Odums)",-1.0670735924396633,2025-11-22T20:42:05.000Z
401760419,40176041913,401760419355,10,3,Wyoming,Mountain West,0,Nevada,Mountain West,7,Wyoming,Nevada,3,"{'minutes': 15, 'seconds': 0}",3.0,3.0,20,80,2,15,3,False,Pass Reception,"Shotgun #12 K.Anderson pass complete short left to #9 J.Holman caught at WYO23, for 3 yards to the WYO23 (#12 B.Snelling)",-0.0670931322292514,2025-11-22T20:43:32.000Z
401760419,40176041913,401760419360,10,4,Wyoming,Mountain West,0,Nevada,Mountain West,7,Wyoming,Nevada,3,"{'minutes': 15, 'seconds': 0}",3.0,3.0,23,77,3,12,9,False,Pass Reception,"Shotgun #12 K.Anderson pass complete short right to #13 C.Durr caught at WYO21, for 9 yards to the WYO32 (#1 A.Odums)",0.23106905015243573,2025-11-22T20:44:12.000Z
401760419,40176041913,401760419365,10,5,Wyoming,Mountain West,0,Nevada,Mountain West,7,Wyoming,Nevada,3,"{'minutes': 13, 'seconds': 21}",3.0,3.0,32,68,4,3,2,False,Punt Return,"#18 B.Edmiston, Jr. punt 54 yards to the NEV14 #18 M.Bellon return 2 yards to the NEV16 (#31 T.Deen; #29 I.Sell)",,2025-11-22T20:44:52.000Z
401760419,40176041914,401760419371,11,1,Nevada,Mountain West,7,Wyoming,Mountain West,0,Wyoming,Nevada,3,"{'minutes': 13, 'seconds': 21}",3.0,3.0,84,84,1,10,5,False,Rush,Shotgun #20 C.Ramseur rush left for 5 yards gain to the NEV21 (#94 B.Florentine; #42 E.Stuhlsatz),0.07867780591471615,2025-11-22T20:47:19.000Z
401760419,40176041914,401760419375,11,2,Nevada,Mountain West,7,Wyoming,Mountain West,0,Wyoming,Nevada,3,"{'minutes': 13, 'seconds': 21}",3.0,3.0,79,79,2,5,21,False,Pass Reception,"Shotgun #6 C.Jones pass complete short right to #20 C.Ramseur caught at NEV20, for 21 yards to the NEV42 (#94 B.Florentine; #42 E.Stuhlsatz), 1ST DOWN",1.938988309249643,2025-11-22T20:47:59.000Z
401760419,40176041914,401760419380,11,3,Nevada,Mountain West,7,Wyoming,Mountain West,0,Wyoming,Nevada,3,"{'minutes': 13, 'seconds': 21}",3.0,3.0,58,58,1,10,27,False,Rush,"Shotgun #6 C.Jones rush right for 27 yards gain to the WYO31 (#8 T.Boss), 1ST DOWN",1.7197570419663675,2025-11-22T20:48:45.000Z
401760419,40176041914,401760419384,11,4,Nevada,Mountain West,7,Wyoming,Mountain West,0,Wyoming,Nevada,3,"{'minutes': 13, 'seconds': 21}",3.0,3.0,31,31,1,10,3,False,Rush,Shotgun #13 C.Purdy rush right for 3 yards gain to the WYO28 (#98 J.Williams; #8 T.Boss),-0.1807619553029143,2025-11-22T20:49:34.000Z
401760419,40176041914,401760419388,11,5,Nevada,Mountain West,7,Wyoming,Mountain West,0,Wyoming,Nevada,3,"{'minutes': 13, 'seconds': 21}",3.0,3.0,28,28,2,7,2,False,Rush,Shotgun #20 C.Ramseur rush right for 2 yards gain to the WYO26 (#6 E.Eller; #9 B.Johnson),-0.347745777875021,2025-11-22T20:50:18.000Z
401760419,40176041914,401760419392,11,6,Nevada,Mountain West,7,Wyoming,Mountain West,0,Wyoming,Nevada,3,"{'minutes': 13, 'seconds': 21}",3.0,3.0,26,26,3,5,2,False,Pass Reception,"Shotgun #6 C.Jones pass complete short right to #9 M.Brown caught at WYO25, for 2 yards to the WYO24 (#6 E.Eller)",-0.4259205169100291,2025-11-22T20:51:00.000Z
401760419,40176041914,401760419397,11,7,Nevada,Mountain West,10,Wyoming,Mountain West,0,Wyoming,Nevada,3,"{'minutes': 9, 'seconds': 9}",3.0,3.0,24,24,4,3,41,True,Field Goal Good,"#84 J.McFadden field goal attempt from 41 yards GOOD (H: #39 B.Ettridge, LS: #51 C.Stack), clock 09:09",,2025-11-22T20:51:41.000Z
401760419,40176041916,401760419400,12,1,Nevada,Mountain West,10,Wyoming,Mountain West,0,Wyoming,Nevada,3,"{'minutes': 9, 'seconds': 9}",3.0,3.0,65,65,1,10,0,False,Kickoff,"#97 K.Emmett kickoff 65 yards to the WYO00, Touchback",,2025-11-22T20:51:52.000Z
401760419,40176041916,401760419418,12,6,Wyoming,Mountain West,0,Nevada,Mountain West,10,Wyoming,Nevada,3,"{'minutes': 7, 'seconds': 19}",2.0,3.0,34,66,3,1,0,False,Timeout,"Timeout Wyoming, clock 07:19",,2025-11-22T20:56:46.000Z
401760419,40176041916,401760419403,12,2,Wyoming,Mountain West,0,Nevada,Mountain West,10,Wyoming,Nevada,3,"{'minutes': 9, 'seconds': 9}",3.0,3.0,25,75,1,10,1,False,Rush,Shotgun #4 D.Harris rush left for 1 yard gain to the WYO26 (#32 D.Labarbera),-0.5874795431016855,2025-11-22T20:54:46.000Z
401760419,40176041916,401760419407,12,3,Wyoming,Mountain West,0,Nevada,Mountain West,10,Wyoming,Nevada,3,"{'minutes': 9, 'seconds': 9}",3.0,3.0,26,74,2,9,8,False,Pass Reception,"Shotgun #12 K.Anderson pass complete short left to #84 J.Gyllenborg caught at WYO28, for 8 yards to the WYO34 (#14 D.Warnell)",0.5644456811527379,2025-11-22T20:55:24.000Z
401760419,40176041916,401760419412,12,4,Wyoming,Mountain West,0,Nevada,Mountain West,10,Wyoming,Nevada,3,"{'minutes': 9, 'seconds': 9}",3.0,3.0,34,66,3,1,0,False,Rush,Shotgun #4 D.Harris rush middle for 0 yards to the WYO34 (#44 A.Harnetiaux; #3 K.Brown),-0.7006464561644021,2025-11-22T20:55:59.000Z
401760419,40176041916,401760419416,12,5,Wyoming,Mountain West,0,Nevada,Mountain West,10,Wyoming,Nevada,3,"{'minutes': 7, 'seconds': 19}",3.0,3.0,34,66,4,1,2,False,Rush,"#22 S.Scott rush middle for 2 yards gain to the WYO36 (#32 D.Labarbera; #44 A.Harnetiaux), 1ST DOWN",1.6542428300593404,2025-11-22T20:57:48.000Z
401760419,40176041916,401760419421,12,7,Wyoming,Mountain West,0,Nevada,Mountain West,10,Wyoming,Nevada,3,"{'minutes': 7, 'seconds': 19}",2.0,3.0,36,64,1,10,0,False,Pass Incompletion,Shotgun #12 K.Anderson pass incomplete deep right to #31 T.Deen thrown to NEV18,-1.041155320344064,2025-11-22T20:58:20.000Z
401760419,40176041916,401760419424,12,8,Wyoming,Mountain West,0,Nevada,Mountain West,10,Wyoming,Nevada,3,"{'minutes': 7, 'seconds': 19}",2.0,3.0,36,64,2,10,7,False,Rush,Shotgun #22 S.Scott rush middle for 7 yards gain to the WYO43 (#5 M.Kenion III),0.4786301540577682,2025-11-22T20:58:59.000Z
401760419,40176041916,401760419428,12,9,Wyoming,Mountain West,0,Nevada,Mountain West,10,Wyoming,Nevada,3,"{'minutes': 7, 'seconds': 19}",2.0,3.0,43,57,3,3,-3,False,Rush,Shotgun #22 S.Scott rush middle for 3 yards loss to the WYO40 (#5 M.Kenion III),-1.1736263367732986,2025-11-22T20:59:33.000Z
401760419,40176041916,401760419432,12,10,Wyoming,Mountain West,0,Nevada,Mountain West,10,Wyoming,Nevada,3,"{'minutes': 7, 'seconds': 19}",2.0,3.0,40,60,4,6,5,False,Penalty,PENALTY WYO Delay Of Game  5 yards from WYO40 to WYO35. NO PLAY,,2025-11-22T21:00:21.000Z
401760419,40176041916,401760419435,12,11,Wyoming,Mountain West,0,Nevada,Mountain West,10,Wyoming,Nevada,3,"{'minutes': 5, 'seconds': 12}",2.0,3.0,35,65,4,11,0,False,Punt,"#18 B.Edmiston, Jr. punt 65 yards to the NEV00, Touchback",,2025-11-22T21:00:49.000Z
401760419,40176041917,401760419445,13,2,Nevada,Mountain West,10,Wyoming,Mountain West,0,Wyoming,Nevada,3,"{'minutes': 4, 'seconds': 27}",2.0,2.0,80,80,1,10,0,False,Timeout,"Timeout Nevada, clock 04:27",,2025-11-22T21:04:00.000Z
401760419,40176041917,401760419439,13,1,Nevada,Mountain West,10,Wyoming,Mountain West,0,Wyoming,Nevada,3,"{'minutes': 5, 'seconds': 12}",3.0,2.0,80,80,1,10,-3,False,Rush,Shotgun #13 C.Purdy rush middle for 3 yards loss to the NEV17 (#9 B.Johnson),-0.7513387299797563,2025-11-22T21:03:06.000Z
401760419,40176041917,401760419443,13,3,Nevada,Mountain West,10,Wyoming,Mountain West,0,Wyoming,Nevada,3,"{'minutes': 4, 'seconds': 15}",2.0,2.0,83,83,2,13,4,False,Fumble Recovery (Opponent),"Shotgun #6 C.Jones rush middle for 4 yards gain to the NEV21 fumbled by #6 C.Jones at NEV20 forced by #18 P.Eyabi recovered by WYO #18 P.Eyabi at NEV21, End Of Play",0.13739652558485904,2025-11-22T21:05:09.000Z
401760419,40176041918,401760419451,14,1,Wyoming,Mountain West,0,Nevada,Mountain West,10,Wyoming,Nevada,3,"{'minutes': 4, 'seconds': 27}",2.0,2.0,79,21,1,10,-69,False,Pass Incompletion,"Shotgun #12 K.Anderson pass incomplete short left thrown to NEV20 PENALTY NEV Personal Foul 11 yard from NEV21 to NEV10, 1ST DOWN",-4.777335848173349,2025-11-22T21:06:13.000Z
401760419,40176041918,401760419455,14,2,Wyoming,Mountain West,0,Nevada,Mountain West,10,Wyoming,Nevada,3,"{'minutes': 4, 'seconds': 27}",2.0,2.0,90,10,1,10,1,False,Rush,Shotgun #22 S.Scott rush right for 1 yard gain to the NEV09 (#99 T.Witte; #22 H.McDonald),-0.22620936096334,2025-11-22T21:07:21.000Z
401760419,40176041918,401760419459,14,3,Wyoming,Mountain West,0,Nevada,Mountain West,10,Wyoming,Nevada,3,"{'minutes': 4, 'seconds': 27}",2.0,2.0,91,9,2,9,0,False,Pass Incompletion,Shotgun #12 K.Anderson pass incomplete short left to #11 M.Fitzgerald thrown to NEV00,-0.270076451519454,2025-11-22T21:07:56.000Z
401760419,40176041918,401760419462,14,4,Wyoming,Mountain West,0,Nevada,Mountain West,10,Wyoming,Nevada,3,"{'minutes': 4, 'seconds': 27}",2.0,2.0,91,9,3,9,5,False,Penalty,"Shotgun #12 K.Anderson sacked for loss of 7 yards to the NEV16 (#9 J.Maldonado) PENALTY NEV Face Mask 5 yards from NEV09 to NEV04, 1ST DOWN. NO PLAY",,2025-11-22T21:08:56.000Z
401760419,40176041918,401760419467,14,5,Wyoming,Mountain West,0,Nevada,Mountain West,10,Wyoming,Nevada,3,"{'minutes': 4, 'seconds': 27}",2.0,2.0,96,4,1,4,2,False,Rush,Shotgun #22 S.Scott rush left for 2 yards gain to the NEV02 (#33 S.Combs; #32 D.Labarbera),-0.379746006608248,2025-11-22T21:09:44.000Z
401760419,40176041918,401760419471,14,6,Wyoming,Mountain West,0,Nevada,Mountain West,10,Wyoming,Nevada,3,"{'minutes': 4, 'seconds': 27}",2.0,2.0,98,2,2,2,-3,False,Fumble,"Shotgun #12 K.Anderson rush left for 3 yards loss to the NEV05 fumbled by #12 K.Anderson at NEV03 forced by #5 M.Kenion III, out of bounds at NEV05",-0.693663103846367,2025-11-22T21:10:40.000Z
401760419,40176041918,401760419478,14,7,Wyoming,Mountain West,7,Nevada,Mountain West,10,Wyoming,Nevada,3,"{'minutes': 1, 'seconds': 27}",2.0,2.0,95,5,3,5,5,True,Pass Reception,"Shotgun #12 K.Anderson pass complete short middle to #86 E.Svoboda caught at NEV00, for 5 yards to the NEV00 TOUCHDOWN, clock 01:27, 1ST DOWN #47 E.Sandvik kick attempt good (H: #43 G.Helm, LS: #52 C.York)",2.76159962916859,2025-11-22T21:11:23.000Z
401760419,40176041920,401760419486,15,1,Wyoming,Mountain West,7,Nevada,Mountain West,10,Wyoming,Nevada,3,"{'minutes': 1, 'seconds': 27}",2.0,2.0,35,65,1,10,0,False,Kickoff,"#99 K.Anderson kickoff 65 yards to the NEV00, Touchback",,2025-11-22T21:12:11.000Z
401760419,40176041920,401760419489,15,2,Nevada,Mountain West,10,Wyoming,Mountain West,7,Wyoming,Nevada,3,"{'minutes': 1, 'seconds': 27}",2.0,2.0,75,75,1,10,5,False,Rush,Shotgun #20 C.Ramseur rush right for 5 yards gain to the NEV30 (#6 E.Eller; #94 B.Florentine),0.0945451165334843,2025-11-22T21:14:20.000Z
401760419,40176041920,401760419493,15,3,Nevada,Mountain West,10,Wyoming,Mountain West,7,Wyoming,Nevada,3,"{'minutes': 1, 'seconds': 27}",2.0,2.0,70,70,2,5,10,False,Rush,"Shotgun #20 C.Ramseur rush middle for 10 yards gain to the NEV40 (#23 J.Thomas), 1ST DOWN",1.2263093990441618,2025-11-22T21:15:05.000Z
401760419,40176041920,401760419499,15,4,Nevada,Mountain West,10,Wyoming,Mountain West,7,Wyoming,Nevada,3,"{'minutes': 0, 'seconds': 0}",2.0,2.0,70,70,2,5,10,False,End Period,End of 3rd quarter.,1.2263093990441618,2025-11-22T21:15:49.000Z
401760419,40176041920,401760419503,15,5,Nevada,Mountain West,10,Wyoming,Mountain West,7,Wyoming,Nevada,4,"{'minutes': 15, 'seconds': 0}",2.0,2.0,60,60,1,10,2,False,Rush,Shotgun #20 C.Ramseur rush left for 2 yards gain to the NEV42 (#9 B.Johnson),-0.6799841752385892,2025-11-22T21:18:38.000Z
401760419,40176041920,401760419509,15,6,Nevada,Mountain West,10,Wyoming,Mountain West,7,Wyoming,Nevada,4,"{'minutes': 15, 'seconds': 0}",2.0,2.0,58,58,2,8,6,False,Rush,Shotgun #20 C.Ramseur rush middle for 6 yards gain to the NEV48 (#7 M.Grant; #3 A.Johnson),0.3461197078705407,2025-11-22T21:19:22.000Z
401760419,40176041920,401760419513,15,7,Nevada,Mountain West,10,Wyoming,Mountain West,7,Wyoming,Nevada,4,"{'minutes': 15, 'seconds': 0}",2.0,2.0,52,52,3,2,2,False,Rush,"Shotgun #20 C.Ramseur rush middle for 2 yards gain to the NEV50 (#12 D.Hearns), 1ST DOWN",1.249353139390351,2025-11-22T21:20:02.000Z
401760419,40176041920,401760419519,15,8,Nevada,Mountain West,10,Wyoming,Mountain West,7,Wyoming,Nevada,4,"{'minutes': 15, 'seconds': 0}",2.0,2.0,50,50,1,10,4,False,Rush,Shotgun #22 D.Kelley rush left for 4 yards gain to the WYO46 (#9 B.Johnson),-0.141734208558013,2025-11-22T21:20:43.000Z
401760419,40176041920,401760419523,15,9,Nevada,Mountain West,10,Wyoming,Mountain West,7,Wyoming,Nevada,4,"{'minutes': 15, 'seconds': 0}",2.0,2.0,46,46,2,6,4,False,Pass Reception,"Shotgun #6 C.Jones pass complete short left to #85 J.Carpenter caught at WYO42, for 4 yards to the WYO42 (#9 B.Johnson)",-0.149245171400567,2025-11-22T21:21:23.000Z
401760419,40176041920,401760419528,15,10,Nevada,Mountain West,10,Wyoming,Mountain West,7,Wyoming,Nevada,4,"{'minutes': 15, 'seconds': 0}",2.0,2.0,42,42,3,2,13,False,Pass Reception,"Shotgun #6 C.Jones pass complete short right to #1 J.Brown caught at WYO29, for 13 yards to the WYO29, End Of Play, 1ST DOWN",1.344090127481841,2025-11-22T21:22:06.000Z
401760419,40176041920,401760419533,15,11,Nevada,Mountain West,10,Wyoming,Mountain West,7,Wyoming,Nevada,4,"{'minutes': 15, 'seconds': 0}",2.0,2.0,29,29,1,10,3,False,Rush,Shotgun #20 C.Ramseur rush middle for 3 yards gain to the WYO26 (#42 E.Stuhlsatz),-0.165753158468877,2025-11-22T21:22:46.000Z
401760419,40176041920,401760419537,15,12,Nevada,Mountain West,10,Wyoming,Mountain West,7,Wyoming,Nevada,4,"{'minutes': 15, 'seconds': 0}",2.0,2.0,26,26,2,7,4,False,Rush,Shotgun #20 C.Ramseur rush middle for 4 yards gain to the WYO22 (#42 E.Stuhlsatz; #26 G.Rutherford),-0.0585341577282323,2025-11-22T21:23:28.000Z
401760419,40176041920,401760419541,15,13,Nevada,Mountain West,10,Wyoming,Mountain West,7,Wyoming,Nevada,4,"{'minutes': 15, 'seconds': 0}",2.0,2.0,22,22,3,3,1,False,Rush,Shotgun #13 C.Purdy rush left for 1 yard gain to the WYO21 (#9 B.Johnson),-0.4907534730087751,2025-11-22T21:24:12.000Z
401760419,40176041920,401760419545,15,14,Nevada,Mountain West,10,Wyoming,Mountain West,7,Wyoming,Nevada,4,"{'minutes': 15, 'seconds': 0}",2.0,2.0,21,21,4,2,5,False,Penalty,PENALTY NEV False Start  5 yards from WYO21 to WYO26. NO PLAY,,2025-11-22T21:24:51.000Z
401760419,40176041920,401760419548,15,15,Nevada,Mountain West,13,Wyoming,Mountain West,7,Wyoming,Nevada,4,"{'minutes': 8, 'seconds': 35}",2.0,2.0,26,26,4,7,43,True,Field Goal Good,"#84 J.McFadden field goal attempt from 43 yards GOOD (H: #39 B.Ettridge, LS: #51 C.Stack), clock 08:35",,2025-11-22T21:25:26.000Z
401760419,40176041922,401760419551,16,1,Nevada,Mountain West,13,Wyoming,Mountain West,7,Wyoming,Nevada,4,"{'minutes': 8, 'seconds': 35}",2.0,2.0,65,65,1,10,0,False,Kickoff,"#97 K.Emmett kickoff 65 yards to the WYO00, Touchback",,2025-11-22T21:25:39.000Z
401760419,40176041922,401760419554,16,2,Wyoming,Mountain West,7,Nevada,Mountain West,13,Wyoming,Nevada,4,"{'minutes': 8, 'seconds': 35}",2.0,2.0,25,75,1,10,-3,False,Pass Reception,"Shotgun #12 K.Anderson pass complete short right to #31 T.Deen caught at WYO22, for 3 yards loss to the WYO22 (#18 A.Walker)",-0.9562833890771465,2025-11-22T21:28:34.000Z
401760419,40176041922,401760419559,16,3,Wyoming,Mountain West,7,Nevada,Mountain West,13,Wyoming,Nevada,4,"{'minutes': 8, 'seconds': 35}",2.0,2.0,22,78,2,13,0,False,Pass Incompletion,Shotgun #12 K.Anderson pass incomplete short right to #22 S.Scott thrown to WYO27,-0.21012438871067207,2025-11-22T21:29:16.000Z
401760419,40176041922,401760419562,16,4,Wyoming,Mountain West,7,Nevada,Mountain West,13,Wyoming,Nevada,4,"{'minutes': 8, 'seconds': 35}",2.0,2.0,22,78,3,13,0,False,Pass Incompletion,Shotgun #12 K.Anderson pass incomplete short right to #84 J.Gyllenborg thrown to WYO18,-0.09376798712265356,2025-11-22T21:29:59.000Z
401760419,40176041922,401760419565,16,5,Wyoming,Mountain West,7,Nevada,Mountain West,13,Wyoming,Nevada,4,"{'minutes': 7, 'seconds': 31}",2.0,2.0,22,78,4,13,0,False,Punt Return,"#18 B.Edmiston, Jr. punt 50 yards to the NEV28 #18 M.Bellon return 41 yards to the WYO31 (#18 P.Eyabi) PENALTY NEV Holding 10 yards from NEV28 to NEV18",,2025-11-22T21:30:36.000Z
401760419,40176041923,401760419572,17,1,Nevada,Mountain West,13,Wyoming,Mountain West,7,Wyoming,Nevada,4,"{'minutes': 7, 'seconds': 31}",2.0,2.0,82,82,1,10,3,False,Rush,Shotgun #22 D.Kelley rush middle for 3 yards gain to the NEV21 (#9 B.Johnson),-0.2150808966639328,2025-11-22T21:33:32.000Z
401760419,40176041923,401760419576,17,2,Nevada,Mountain West,13,Wyoming,Mountain West,7,Wyoming,Nevada,4,"{'minutes': 7, 'seconds': 31}",2.0,2.0,79,79,2,7,1,False,Rush,Shotgun #22 D.Kelley rush middle for 1 yard gain to the NEV22 (#97 L.Samsula),-0.3318017561085087,2025-11-22T21:34:07.000Z
401760419,40176041923,401760419580,17,3,Nevada,Mountain West,13,Wyoming,Mountain West,7,Wyoming,Nevada,4,"{'minutes': 7, 'seconds': 31}",2.0,2.0,78,78,3,6,0,False,Pass Incompletion,Shotgun #6 C.Jones pass incomplete short right to #20 C.Ramseur thrown to NEV25,-0.21196313944530587,2025-11-22T21:34:47.000Z
401760419,40176041923,401760419583,17,4,Nevada,Mountain West,13,Wyoming,Mountain West,7,Wyoming,Nevada,4,"{'minutes': 6, 'seconds': 0}",2.0,2.0,78,78,4,6,0,False,Punt,#39 B.Ettridge punt 56 yards to the WYO22,,2025-11-22T21:35:25.000Z
401760419,40176041924,401760419587,18,1,Wyoming,Mountain West,7,Nevada,Mountain West,13,Wyoming,Nevada,4,"{'minutes': 6, 'seconds': 0}",2.0,2.0,22,78,1,10,1,False,Rush,Shotgun #12 K.Anderson rush left for 1 yard gain to the WYO23 (#9 J.Maldonado),-0.5142195293967999,2025-11-22T21:36:20.000Z
401760419,40176041924,401760419591,18,2,Wyoming,Mountain West,7,Nevada,Mountain West,13,Wyoming,Nevada,4,"{'minutes': 6, 'seconds': 0}",2.0,2.0,23,77,2,9,0,False,Pass Incompletion,Shotgun #12 K.Anderson pass incomplete short middle to #22 S.Scott thrown to WYO24 broken up by #9 J.Maldonado,-0.3461369454848935,2025-11-22T21:36:57.000Z
401760419,40176041924,401760419594,18,3,Wyoming,Mountain West,7,Nevada,Mountain West,13,Wyoming,Nevada,4,"{'minutes': 6, 'seconds': 0}",2.0,2.0,23,77,3,9,0,False,Pass Incompletion,Shotgun #12 K.Anderson pass incomplete deep right to #11 M.Fitzgerald thrown to WYO48 broken up by #12 B.Snelling,-0.15670669522114178,2025-11-22T21:37:48.000Z
401760419,40176041924,401760419597,18,4,Wyoming,Mountain West,7,Nevada,Mountain West,13,Wyoming,Nevada,4,"{'minutes': 4, 'seconds': 52}",2.0,2.0,23,77,4,9,4,False,Punt Return,"#18 B.Edmiston, Jr. punt 53 yards to the NEV24 #18 M.Bellon return 4 yards to the NEV28 (#22 J.DaCosta)",,2025-11-22T21:38:30.000Z
401760419,40176041925,401760419621,19,6,Wyoming,Mountain West,7,Nevada,Mountain West,13,Wyoming,Nevada,4,"{'minutes': 2, 'seconds': 32}",1.0,2.0,48,52,2,5,0,False,Timeout,"Timeout Wyoming, clock 02:32",,2025-11-22T21:42:08.000Z
401760419,40176041925,401760419627,19,7,Wyoming,Mountain West,7,Nevada,Mountain West,13,Wyoming,Nevada,4,"{'minutes': 2, 'seconds': 28}",0.0,2.0,50,50,3,7,0,False,Timeout,"Timeout Wyoming, clock 02:28",,2025-11-22T21:43:27.000Z
401760419,40176041925,401760419603,19,1,Nevada,Mountain West,13,Wyoming,Mountain West,7,Wyoming,Nevada,4,"{'minutes': 4, 'seconds': 52}",2.0,2.0,72,72,1,10,5,False,Rush,Shotgun #25 K.Woods rush right for 5 yards gain to the NEV33 (#23 J.Thomas; #9 B.Johnson),0.0997589035143243,2025-11-22T21:39:22.000Z
401760419,40176041925,401760419607,19,2,Nevada,Mountain West,13,Wyoming,Mountain West,7,Wyoming,Nevada,4,"{'minutes': 4, 'seconds': 52}",2.0,2.0,67,67,2,5,14,False,Rush,"Shotgun #13 C.Purdy rush right for 14 yards gain to the NEV47 (#40 T.Westland), 1ST DOWN",1.6605743751784203,2025-11-22T21:40:09.000Z
401760419,40176041925,401760419611,19,3,Nevada,Mountain West,13,Wyoming,Mountain West,7,Wyoming,Nevada,4,"{'minutes': 4, 'seconds': 52}",2.0,2.0,53,53,1,10,5,False,Rush,Shotgun #20 C.Ramseur rush right for 5 yards gain to the WYO48 (#3 A.Johnson),0.1057711896973057,2025-11-22T21:40:53.000Z
401760419,40176041925,401760419615,19,4,Nevada,Mountain West,13,Wyoming,Mountain West,7,Wyoming,Nevada,4,"{'minutes': 4, 'seconds': 52}",2.0,2.0,48,48,2,5,-2,False,Rush,Shotgun #20 C.Ramseur rush middle for 2 yards loss to the WYO50 (#98 J.Williams),-1.6440415580277143,2025-11-22T21:41:37.000Z
401760419,40176041925,401760419619,19,5,Nevada,Mountain West,13,Wyoming,Mountain West,7,Wyoming,Nevada,4,"{'minutes': 2, 'seconds': 32}",2.0,2.0,50,50,3,7,-2,False,Pass Reception,"Shotgun #6 C.Jones pass complete short right to #25 K.Woods caught at NEV48, for 2 yards loss to the NEV48 (#6 E.Eller)",-1.0867526782802726,2025-11-22T21:42:56.000Z
401760419,40176041925,401760419625,19,8,Nevada,Mountain West,13,Wyoming,Mountain West,7,Wyoming,Nevada,4,"{'minutes': 2, 'seconds': 22}",2.0,0.0,52,52,4,9,0,False,Punt,#39 B.Ettridge punt 34 yards to the WYO18 fair catch by #19 C.Coenen at WYO18,,2025-11-22T21:44:05.000Z
401760419,40176041926,401760419640,20,4,Wyoming,Mountain West,7,Nevada,Mountain West,13,Wyoming,Nevada,4,"{'minutes': 2, 'seconds': 0}",-1.0,2.0,18,82,2,10,0,False,Timeout,"Timeout Wyoming, clock 02:00",,2025-11-22T21:46:08.000Z
401760419,40176041926,401760419630,20,1,Wyoming,Mountain West,7,Nevada,Mountain West,13,Wyoming,Nevada,4,"{'minutes': 2, 'seconds': 28}",0.0,2.0,18,82,1,10,0,False,Pass Incompletion,No Huddle-Shotgun #12 K.Anderson pass incomplete short middle to #13 C.Durr thrown to WYO35 broken up by #1 A.Odums,-0.5080208698531008,2025-11-22T21:44:53.000Z
401760419,40176041926,401760419633,20,2,Wyoming,Mountain West,7,Nevada,Mountain West,13,Wyoming,Nevada,4,"{'minutes': 2, 'seconds': 28}",0.0,2.0,18,82,2,10,7,False,Pass Reception,"No Huddle-Shotgun #12 K.Anderson pass complete short right to #22 S.Scott caught at WYO25, for 7 yards to the WYO25 (#19 S.Cook)",0.23125564807705956,2025-11-22T21:45:36.000Z
401760419,40176041926,401760419638,20,3,Wyoming,Mountain West,7,Nevada,Mountain West,13,Wyoming,Nevada,4,"{'minutes': 2, 'seconds': 0}",0.0,2.0,25,75,3,3,11,False,Rush,"No Huddle-Shotgun #22 S.Scott rush right for 11 yards gain to the WYO36 (#33 S.Combs), 1ST DOWN",1.617870863293561,2025-11-22T21:48:03.000Z
401760419,40176041926,401760419643,20,5,Wyoming,Mountain West,7,Nevada,Mountain West,13,Wyoming,Nevada,4,"{'minutes': 2, 'seconds': 0}",-1.0,2.0,36,64,1,10,19,False,Pass Reception,"No Huddle-Shotgun #12 K.Anderson pass complete short right to #11 M.Fitzgerald caught at NEV45, for 19 yards to the NEV45 (#15 B.Turner), 1ST DOWN",1.670678522708263,2025-11-22T21:48:24.000Z
401760419,40176041926,401760419648,20,6,Wyoming,Mountain West,7,Nevada,Mountain West,13,Wyoming,Nevada,4,"{'minutes': 2, 'seconds': 0}",-1.0,2.0,55,45,1,10,6,False,Pass Reception,"No Huddle-Shotgun #12 K.Anderson pass complete short right to #13 C.Durr caught at NEV40, for 6 yards to the NEV39 (#5 M.Kenion III)",0.3037840163725374,2025-11-22T21:50:30.000Z
401760419,40176041926,401760419653,20,7,Wyoming,Mountain West,7,Nevada,Mountain West,13,Wyoming,Nevada,4,"{'minutes': 2, 'seconds': 0}",-1.0,2.0,61,39,2,4,0,False,Pass Incompletion,"No Huddle-Shotgun #12 K.Anderson pass incomplete short right to #13 C.Durr thrown to NEV37 broken up by #5 M.Kenion III. The previous play is under automatic review - ""Interception"". CALL UPHELD",-0.9980153624383518,2025-11-22T21:51:01.000Z
401760419,40176041926,401760419657,20,8,Wyoming,Mountain West,7,Nevada,Mountain West,13,Wyoming,Nevada,4,"{'minutes': 2, 'seconds': 0}",-1.0,2.0,61,39,3,4,11,False,Pass Reception,"No Huddle-Shotgun #12 K.Anderson pass complete short middle to #22 S.Scott caught at NEV30, for 11 yards to the NEV28 (#0 N.Jackson), 1ST DOWN",1.4067309569944515,2025-11-22T21:53:37.000Z
401760419,40176041926,401760419662,20,9,Wyoming,Mountain West,7,Nevada,Mountain West,13,Wyoming,Nevada,4,"{'minutes': 2, 'seconds': 0}",-1.0,2.0,72,28,1,10,5,False,Pass Reception,"No Huddle-Shotgun #12 K.Anderson pass complete short left to #13 C.Durr caught at NEV23, for 5 yards to the NEV23 (#1 A.Odums)",0.076570349594624,2025-11-22T21:54:01.000Z
401760419,40176041926,401760419667,20,10,Wyoming,Mountain West,7,Nevada,Mountain West,13,Wyoming,Nevada,4,"{'minutes': 2, 'seconds': 0}",-1.0,2.0,77,23,2,5,0,False,Pass Incompletion,"No Huddle-Shotgun #12 K.Anderson pass incomplete deep left to #13 C.Durr thrown to NEV00 broken up by #33 S.Combs. The previous play is under automatic review - ""Incomplete pass"". CALL UPHELD",-0.5385192074771585,2025-11-22T21:54:22.000Z
401760419,40176041926,401760419673,20,11,Wyoming,Mountain West,7,Nevada,Mountain West,13,Wyoming,Nevada,4,"{'minutes': 2, 'seconds': 0}",-1.0,2.0,77,23,3,5,11,False,Rush,"No Huddle-Shotgun #22 S.Scott rush middle for 11 yards gain to the NEV12 (#0 N.Jackson), 1ST DOWN",0.69586878998504,2025-11-22T21:57:10.000Z
401760419,40176041926,401760419677,20,12,Wyoming,Mountain West,7,Nevada,Mountain West,13,Wyoming,Nevada,4,"{'minutes': 2, 'seconds': 0}",-1.0,2.0,88,12,1,10,0,False,Pass Incompletion,No Huddle-Shotgun #12 K.Anderson pass incomplete short right to #11 M.Fitzgerald thrown to NEV00 broken up by #12 B.Snelling,-0.2977696357406735,2025-11-22T21:57:28.000Z
401760419,40176041926,401760419680,20,13,Wyoming,Mountain West,7,Nevada,Mountain West,13,Wyoming,Nevada,4,"{'minutes': 2, 'seconds': 0}",-1.0,2.0,88,12,2,10,7,False,Pass Reception,"No Huddle-Shotgun #12 K.Anderson pass complete short right to #13 C.Durr caught at NEV08, for 7 yards to the NEV05 (#14 D.Warnell)",0.18149082282319,2025-11-22T21:58:08.000Z
401760419,40176041926,401760419687,20,14,Wyoming,Mountain West,7,Nevada,Mountain West,13,Wyoming,Nevada,4,"{'minutes': 2, 'seconds': 0}",-1.0,2.0,95,5,3,3,0,False,Pass Incompletion,No Huddle-Shotgun #12 K.Anderson pass incomplete short right to #11 M.Fitzgerald thrown to NEV00,-0.312097723604744,2025-11-22T21:58:57.000Z
401760419,40176041926,401760419690,20,15,Wyoming,Mountain West,7,Nevada,Mountain West,13,Wyoming,Nevada,4,"{'minutes': 2, 'seconds': 0}",-1.0,2.0,95,5,4,3,4,False,Pass Reception,"No Huddle-Shotgun #12 K.Anderson pass complete short left to #3 D.DeBlanc caught at NEV05, for 4 yards to the NEV01 (#99 T.Witte), 1ST DOWN",2.02044980343771,2025-11-22T21:59:41.000Z
401760419,40176041926,401760419695,20,16,Wyoming,Mountain West,7,Nevada,Mountain West,13,Wyoming,Nevada,4,"{'minutes': 2, 'seconds': 0}",-1.0,2.0,99,1,1,1,0,False,Pass Incompletion,"No Huddle-Shotgun #12 K.Anderson pass incomplete, Spike",-0.962330962352563,2025-11-22T22:00:02.000Z
401760419,40176041926,401760419698,20,17,Wyoming,Mountain West,7,Nevada,Mountain West,13,Wyoming,Nevada,4,"{'minutes': 2, 'seconds': 0}",-1.0,2.0,99,1,2,1,-4,False,Pass Reception,"No Huddle-Shotgun #12 K.Anderson pass complete short left to #22 S.Scott caught at NEV05, for 4 yards loss to the NEV05 (#15 B.Turner)",-0.861247391695584,2025-11-22T22:00:40.000Z
401760419,40176041926,401760419703,20,18,Wyoming,Mountain West,7,Nevada,Mountain West,13,Wyoming,Nevada,4,"{'minutes': 2, 'seconds': 0}",-1.0,2.0,95,5,3,5,0,False,Pass Incompletion,No Huddle-Shotgun #12 K.Anderson pass incomplete short right to #11 M.Fitzgerald thrown to NEV00 broken up by #12 B.Snelling,-0.290992528642002,2025-11-22T22:01:02.000Z
401760419,40176041926,401760419708,20,19,Wyoming,Mountain West,7,Nevada,Mountain West,13,Wyoming,Nevada,4,"{'minutes': 0, 'seconds': 0}",-1.0,2.0,95,5,3,5,0,False,End Period,End of 4th quarter.,-0.290992528642002,2025-11-22T22:01:36.000Z
401760424,4017604242,4017604243,1,1,Hawai'i,Mountain West,0,Wyoming,Mountain West,0,Hawai'i,Wyoming,1,"{'minutes': 14, 'seconds': 55}",3.0,3.0,35,65,1,10,17,False,Kickoff,(15:00) #98 S.Olvera-Harle kickoff 57 yards to the Wyo08 #82 B.Brantley return 17 yards to the Wyo25 (#7 M.Ware; #21 J.Sinclair),,2025-11-30T04:07:21.000Z
401760424,4017604242,40176042435,1,7,Wyoming,Mountain West,0,Hawai'i,Mountain West,0,Hawai'i,Wyoming,1,"{'minutes': 12, 'seconds': 10}",3.0,3.0,48,48,4,5,0,False,Punt,"(12:18) #18 B.Edmiston, Jr. punt 39 yards to the Hawaii09",,2025-11-30T04:11:56.000Z
401760424,4017604242,40176042414,1,2,Wyoming,Mountain West,0,Hawai'i,Mountain West,0,Hawai'i,Wyoming,1,"{'minutes': 14, 'seconds': 43}",3.0,3.0,75,75,1,10,4,False,Pass Reception,"(14:54) Shotgun #12 K.Anderson pass complete short left to #84 J.Gyllenborg caught at Wyo29, for 4 yards to the Wyo29 (#8 K.Mendiola-Jensen)",-0.1142886249388964,2025-11-30T04:08:09.000Z
401760424,4017604242,40176042419,1,3,Wyoming,Mountain West,0,Hawai'i,Mountain West,0,Hawai'i,Wyoming,1,"{'minutes': 14, 'seconds': 8}",3.0,3.0,71,71,2,6,3,False,Rush,"(14:20) Shotgun #22 S.Scott rush middle for 3 yards gain to the Wyo32 (#77 J.Sekona) PENALTY Hawaii Face Mask (#77 J.Sekona) 15 yards from Wyo32 to Wyo47, 1ST DOWN",-0.2748655161762548,2025-11-30T04:08:52.000Z
401760424,4017604242,40176042424,1,4,Wyoming,Mountain West,0,Hawai'i,Mountain West,0,Hawai'i,Wyoming,1,"{'minutes': 13, 'seconds': 35}",3.0,3.0,53,53,1,10,3,False,Rush,(13:45) Shotgun #7 M.Drube rush middle for 3 yards gain to the Wyo50 (#57 J.Johnson III; #77 J.Sekona),-0.4117922810157673,2025-11-30T04:10:02.000Z
401760424,4017604242,40176042428,1,5,Wyoming,Mountain West,0,Hawai'i,Mountain West,0,Hawai'i,Wyoming,1,"{'minutes': 12, 'seconds': 52}",3.0,3.0,50,50,2,7,2,False,Rush,(13:02) Shotgun #24 M.White rush middle for 2 yards gain to the Hawaii48 (#52 L.McCoy; #12 W.Ho'ohuli),-0.6672380123554777,2025-11-30T04:10:42.000Z
401760424,4017604242,40176042432,1,6,Wyoming,Mountain West,0,Hawai'i,Mountain West,0,Hawai'i,Wyoming,1,"{'minutes': 12, 'seconds': 20}",3.0,3.0,48,48,3,5,0,False,Pass Incompletion,(12:23) Shotgun #12 K.Anderson pass incomplete short middle to #9 J.Holman thrown to Hawaii44,-0.9898566543827166,2025-11-30T04:11:23.000Z
401760424,4017604243,40176042459,2,5,Hawai'i,Mountain West,0,Wyoming,Mountain West,0,Hawai'i,Wyoming,1,"{'minutes': 10, 'seconds': 0}",3.0,3.0,48,52,2,3,5,False,Penalty,PENALTY Hawaii False Start (#52 D.Briski) 5 yards from Hawaii48 to Hawaii43. NO PLAY,,2025-11-30T04:15:09.000Z
401760424,4017604243,40176042439,2,1,Hawai'i,Mountain West,0,Wyoming,Mountain West,0,Hawai'i,Wyoming,1,"{'minutes': 12, 'seconds': 1}",3.0,3.0,9,91,1,10,11,False,Rush,"(12:10) Shotgun #0 C.Barfield rush left for 11 yards gain to the Hawaii20 (#42 E.Stuhlsatz), 1ST DOWN",0.4361281604197753,2025-11-30T04:13:00.000Z
401760424,4017604243,40176042443,2,2,Hawai'i,Mountain West,0,Wyoming,Mountain West,0,Hawai'i,Wyoming,1,"{'minutes': 11, 'seconds': 31}",3.0,3.0,20,80,1,10,4,False,Rush,(11:36) No Huddle-Shotgun #0 C.Barfield rush middle for 4 yards gain to the Hawaii24 (#40 T.Westland; #94 B.Florentine),-0.0884321258012219,2025-11-30T04:13:31.000Z
401760424,4017604243,40176042447,2,3,Hawai'i,Mountain West,0,Wyoming,Mountain West,0,Hawai'i,Wyoming,1,"{'minutes': 10, 'seconds': 40}",3.0,3.0,24,76,2,6,17,False,Pass Reception,"(10:57) Shotgun #12 M.Alejado pass complete short right to #11 K.Pupunu caught at Hawaii41, for 17 yards to the Hawaii41 (#12 D.Hearns), 1ST DOWN",1.8154775716078975,2025-11-30T04:14:13.000Z
401760424,4017604243,40176042452,2,4,Hawai'i,Mountain West,0,Wyoming,Mountain West,0,Hawai'i,Wyoming,1,"{'minutes': 10, 'seconds': 20}",3.0,3.0,41,59,1,10,7,False,Pass Reception,"(10:29) No Huddle-Shotgun #12 M.Alejado pass complete short left to #8 T.Uiliata caught at Hawaii45, for 7 yards to the Hawaii48 (#23 J.Thomas)",0.6972022034641013,2025-11-30T04:14:37.000Z
401760424,4017604243,40176042462,2,6,Hawai'i,Mountain West,0,Wyoming,Mountain West,0,Hawai'i,Wyoming,1,"{'minutes': 9, 'seconds': 41}",3.0,3.0,43,57,2,8,3,False,Rush,(09:48) No Huddle-Shotgun #12 M.Alejado rush middle for 3 yards gain to the Hawaii46 (#90 A.Vyas; #42 E.Stuhlsatz),-0.3865859695167124,2025-11-30T04:15:50.000Z
401760424,4017604243,40176042466,2,7,Hawai'i,Mountain West,0,Wyoming,Mountain West,7,Hawai'i,Wyoming,1,"{'minutes': 8, 'seconds': 58}",3.0,3.0,46,54,3,5,50,True,Interception Return Touchdown,"(09:09) Shotgun #12 M.Alejado pass intercepted by #23 J.Thomas at Hawaii50 #23 J.Thomas return 50 yards to the Hawaii00 TOUCHDOWN, clock 08:58 #47 E.Sandvik kick attempt good (H: #43 G.Helm, LS: #52 C.York)",-8.27024665648913,2025-11-30T04:16:50.000Z
401760424,4017604245,40176042474,3,1,Wyoming,Mountain West,7,Hawai'i,Mountain West,0,Hawai'i,Wyoming,1,"{'minutes': 8, 'seconds': 58}",3.0,3.0,65,65,1,10,0,False,Kickoff,(08:58) #47 E.Sandvik kickoff 60 yards to the Hawaii05 fair catch by #0 C.Barfield at Hawaii05,,2025-11-30T04:17:27.000Z
401760424,4017604245,40176042477,3,2,Hawai'i,Mountain West,0,Wyoming,Mountain West,7,Hawai'i,Wyoming,1,"{'minutes': 8, 'seconds': 51}",3.0,3.0,25,75,1,10,0,False,Rush,(08:58) Shotgun #0 C.Barfield rush middle for 0 yards to the Hawaii25 (#94 B.Florentine; #9 B.Johnson),-0.7029700220436519,2025-11-30T04:20:54.000Z
401760424,4017604245,40176042481,3,3,Hawai'i,Mountain West,0,Wyoming,Mountain West,7,Hawai'i,Wyoming,1,"{'minutes': 8, 'seconds': 23}",3.0,3.0,25,75,2,10,-3,False,Rush,(08:31) No Huddle-Shotgun #0 C.Barfield rush middle for 3 yards loss to the Hawaii22 (#42 E.Stuhlsatz),-0.4634377557441667,2025-11-30T04:21:22.000Z
401760424,4017604245,40176042485,3,4,Hawai'i,Mountain West,0,Wyoming,Mountain West,7,Hawai'i,Wyoming,1,"{'minutes': 7, 'seconds': 33}",3.0,3.0,22,78,3,13,23,False,Pass Reception,"(08:01) Shotgun #12 M.Alejado pass complete deep middle to #9 J.Harris caught at Hawaii43, for 23 yards to the Hawaii45 (#3 A.Johnson), 1ST DOWN",2.967549660192775,2025-11-30T04:21:59.000Z
401760424,4017604245,40176042490,3,5,Hawai'i,Mountain West,0,Wyoming,Mountain West,7,Hawai'i,Wyoming,1,"{'minutes': 7, 'seconds': 4}",3.0,3.0,45,55,1,10,1,False,Rush,(07:11) No Huddle-Shotgun #0 C.Barfield rush middle for 1 yard gain to the Hawaii46 (#6 E.Eller),-0.9265072803619887,2025-11-30T04:22:42.000Z
401760424,4017604245,40176042494,3,6,Hawai'i,Mountain West,0,Wyoming,Mountain West,7,Hawai'i,Wyoming,1,"{'minutes': 6, 'seconds': 27}",3.0,3.0,46,54,2,9,8,False,Rush,(06:34) Shotgun #30 L.Sims rush middle for 8 yards gain to the Wyo46 (#9 B.Johnson; #6 E.Eller),0.8748083262959787,2025-11-30T04:23:19.000Z
401760424,4017604245,40176042498,3,7,Hawai'i,Mountain West,0,Wyoming,Mountain West,7,Hawai'i,Wyoming,1,"{'minutes': 5, 'seconds': 42}",3.0,3.0,54,46,3,1,7,False,Rush,"(05:51) Shotgun #47 C.Vaughn rush middle for 7 yards gain to the Wyo39 (#3 A.Johnson), 1ST DOWN",1.187873636450824,2025-11-30T04:24:01.000Z
401760424,4017604245,401760424102,3,8,Hawai'i,Mountain West,0,Wyoming,Mountain West,7,Hawai'i,Wyoming,1,"{'minutes': 5, 'seconds': 7}",3.0,3.0,61,39,1,10,11,False,Rush,"(05:17) Shotgun #10 D.Cordero rush left for 11 yards gain to the Wyo28 (#26 G.Rutherford), 1ST DOWN",0.37642408079312,2025-11-30T04:24:34.000Z
401760424,4017604245,401760424106,3,9,Hawai'i,Mountain West,0,Wyoming,Mountain West,7,Hawai'i,Wyoming,1,"{'minutes': 4, 'seconds': 24}",3.0,3.0,72,28,1,10,9,False,Rush,(04:37) Shotgun #10 D.Cordero rush right for 9 yards gain to the Wyo19 (#12 D.Hearns),0.669445675164459,2025-11-30T04:25:22.000Z
401760424,4017604245,401760424111,3,10,Hawai'i,Mountain West,0,Wyoming,Mountain West,7,Hawai'i,Wyoming,1,"{'minutes': 4, 'seconds': 0}",3.0,3.0,81,19,2,1,0,False,Pass Incompletion,(04:06) No Huddle-Shotgun #12 M.Alejado pass incomplete short left to #5 P.Ashlock thrown to Wyo15 QB hurried by #6 E.Eller,-0.635415870732274,2025-11-30T04:25:50.000Z
401760424,4017604245,401760424114,3,11,Hawai'i,Mountain West,7,Wyoming,Mountain West,7,Hawai'i,Wyoming,1,"{'minutes': 3, 'seconds': 52}",3.0,3.0,81,19,3,1,19,True,Passing Touchdown,"(03:59) No Huddle-Shotgun #12 M.Alejado pass complete short left to #0 C.Barfield caught at Wyo18, for 19 yards to the Wyo00 TOUCHDOWN, clock 03:52, 1ST DOWN #17 K.Matsuzawa kick attempt good (H: #18 C.Freeman, LS: #33 J.Mowrey)",2.729984669706246,2025-11-30T04:26:31.000Z
401760424,4017604247,401760424156,4,9,Wyoming,Mountain West,7,Hawai'i,Mountain West,7,Hawai'i,Wyoming,1,"{'minutes': 0, 'seconds': 43}",2.0,3.0,52,52,2,15,0,False,Timeout,"Timeout Wyoming, clock 00:43",,2025-11-30T04:38:23.000Z
401760424,4017604247,401760424122,4,1,Hawai'i,Mountain West,7,Wyoming,Mountain West,7,Hawai'i,Wyoming,1,"{'minutes': 3, 'seconds': 45}",3.0,3.0,35,65,1,10,19,False,Kickoff,(03:52) #98 S.Olvera-Harle kickoff 55 yards to the Wyo10 #82 B.Brantley return 19 yards to the Wyo29 (#10 D.Cordero; #22 E.Rodrigues),,2025-11-30T04:30:08.000Z
401760424,4017604247,401760424148,4,7,Wyoming,Mountain West,7,Hawai'i,Mountain West,7,Hawai'i,Wyoming,1,"{'minutes': 0, 'seconds': 48}",3.0,3.0,47,47,2,10,5,False,Penalty,(00:48) PENALTY Wyo False Start (#79 J.Walsh) 5 yards from Hawaii47 to Wyo48. NO PLAY,,2025-11-30T04:36:50.000Z
401760424,4017604247,401760424127,4,2,Wyoming,Mountain West,7,Hawai'i,Mountain West,7,Hawai'i,Wyoming,1,"{'minutes': 3, 'seconds': 34}",3.0,3.0,71,71,1,10,13,False,Pass Reception,"(03:43) Shotgun #12 K.Anderson pass complete short middle to #83 K.Frendt caught at Wyo35, for 13 yards to the Wyo42 (#1 P.Manuma; #24 D.King), 1ST DOWN",1.213913660715649,2025-11-30T04:33:14.000Z
401760424,4017604247,401760424132,4,3,Wyoming,Mountain West,7,Hawai'i,Mountain West,7,Hawai'i,Wyoming,1,"{'minutes': 2, 'seconds': 54}",3.0,3.0,58,58,1,10,-5,False,Rush,(03:01) Shotgun #22 S.Scott rush right for 5 yards loss to the Wyo37 (#51 L.Lagafuaina),-2.0058072362004253,2025-11-30T04:33:58.000Z
401760424,4017604247,401760424136,4,4,Wyoming,Mountain West,7,Hawai'i,Mountain West,7,Hawai'i,Wyoming,1,"{'minutes': 2, 'seconds': 13}",3.0,3.0,63,63,2,15,10,False,Rush,(02:19) Shotgun #22 S.Scott rush right for 10 yards gain to the Wyo47 (#1 P.Manuma),0.9254830107067882,2025-11-30T04:34:38.000Z
401760424,4017604247,401760424140,4,5,Wyoming,Mountain West,7,Hawai'i,Mountain West,7,Hawai'i,Wyoming,1,"{'minutes': 1, 'seconds': 21}",3.0,3.0,53,53,3,5,6,False,Pass Reception,"(01:38) Shotgun #12 K.Anderson pass complete short right to #84 J.Gyllenborg caught at Hawaii47, for 6 yards to the Hawaii47 (#14 J.Wilson-Jones), 1ST DOWN",2.028825196266523,2025-11-30T04:35:21.000Z
401760424,4017604247,401760424145,4,6,Wyoming,Mountain West,7,Hawai'i,Mountain West,7,Hawai'i,Wyoming,1,"{'minutes': 0, 'seconds': 48}",3.0,3.0,47,47,1,10,0,False,Pass Incompletion,(00:55) Shotgun #7 M.Drube pass incomplete deep middle to #82 B.Brantley thrown to Hawaii03 broken up by #24 D.King,-1.0507069190375147,2025-11-30T04:36:08.000Z
401760424,4017604247,401760424151,4,8,Wyoming,Mountain West,7,Hawai'i,Mountain West,7,Hawai'i,Wyoming,1,"{'minutes': 0, 'seconds': 43}",3.0,3.0,52,52,2,15,0,False,Pass Incompletion,(00:42) Shotgun #12 K.Anderson pass incomplete deep right to #11 M.Fitzgerald thrown to Hawaii31 broken up by #21 J.Sinclair,-0.7789279515357803,2025-11-30T04:37:37.000Z
401760424,4017604247,401760424154,4,10,Wyoming,Mountain West,7,Hawai'i,Mountain West,7,Hawai'i,Wyoming,1,"{'minutes': 0, 'seconds': 42}",2.0,3.0,52,52,3,15,7,False,Rush,(00:42) Shotgun #7 M.Drube rush middle for 7 yards gain to the Hawaii45 (#44 A.McComber),0.3243968782494902,2025-11-30T04:39:28.000Z
401760424,4017604247,401760424161,4,11,Wyoming,Mountain West,7,Hawai'i,Mountain West,7,Hawai'i,Wyoming,1,"{'minutes': 0, 'seconds': 0}",2.0,3.0,52,52,3,15,0,False,End Period,End of 1st quarter.,-0.45020803850724267,2025-11-30T04:40:06.000Z
401760424,4017604247,401760424165,4,12,Wyoming,Mountain West,7,Hawai'i,Mountain West,7,Hawai'i,Wyoming,2,"{'minutes': 14, 'seconds': 51}",2.0,3.0,45,45,4,8,3,False,Punt Return,"(14:59) #18 B.Edmiston, Jr. punt 37 yards to the Hawaii08 #8 T.Uiliata return 3 yards to the Hawaii11 (#52 C.Ifeanyi)",,2025-11-30T04:43:25.000Z
401760424,4017604248,401760424178,5,2,Hawai'i,Mountain West,7,Wyoming,Mountain West,7,Hawai'i,Wyoming,2,"{'minutes': 14, 'seconds': 14}",3.0,2.0,27,73,1,10,10,False,Penalty,(14:14) Shotgun #12 M.Alejado pass incomplete short right to #1 B.White thrown to Hawaii35 QB hurried by #11 E.Bogar PENALTY Hawaii Holding (#59 K.Peihopa) 10 yards from Hawaii27 to Hawaii17. NO PLAY,,2025-11-30T04:45:16.000Z
401760424,4017604248,401760424196,5,6,Hawai'i,Mountain West,7,Wyoming,Mountain West,7,Hawai'i,Wyoming,2,"{'minutes': 11, 'seconds': 55}",3.0,2.0,28,72,4,9,2,False,Punt Return,(12:04) #19 B.Gowers punt 61 yards to the Wyo11 #19 C.Coenen return 2 yards to the Wyo13 (#6 D.Freeman; #42 M.Ioane),,2025-11-30T04:48:01.000Z
401760424,4017604248,401760424173,5,1,Hawai'i,Mountain West,7,Wyoming,Mountain West,7,Hawai'i,Wyoming,2,"{'minutes': 14, 'seconds': 40}",3.0,2.0,11,89,1,10,16,False,Pass Reception,"(14:51) Shotgun #12 M.Alejado pass complete short middle to #5 P.Ashlock caught at Hawaii25, for 16 yards to the Hawaii27 (#3 A.Johnson), 1ST DOWN",0.8308568739057351,2025-11-30T04:44:23.000Z
401760424,4017604248,401760424182,5,3,Hawai'i,Mountain West,7,Wyoming,Mountain West,7,Hawai'i,Wyoming,2,"{'minutes': 13, 'seconds': 55}",3.0,2.0,17,83,1,20,4,False,Rush,(14:03) Shotgun #0 C.Barfield rush middle for 4 yards gain to the Hawaii21 (#11 E.Bogar),-0.03199877848870347,2025-11-30T04:45:55.000Z
401760424,4017604248,401760424186,5,4,Hawai'i,Mountain West,7,Wyoming,Mountain West,7,Hawai'i,Wyoming,2,"{'minutes': 13, 'seconds': 22}",3.0,2.0,21,79,2,16,-1,False,Pass Reception,"(13:32) Shotgun #12 M.Alejado pass complete short middle to #0 C.Barfield caught at Hawaii20, for 1 yard loss to the Hawaii20 (#6 E.Eller)",-0.16150386755056176,2025-11-30T04:46:28.000Z
401760424,4017604248,401760424191,5,5,Hawai'i,Mountain West,7,Wyoming,Mountain West,7,Hawai'i,Wyoming,2,"{'minutes': 12, 'seconds': 40}",3.0,2.0,20,80,3,17,8,False,Pass Reception,"(12:54) Shotgun #12 M.Alejado pass complete short middle to #1 B.White caught at Hawaii20, for 8 yards to the Hawaii28 (#40 T.Westland; #9 B.Johnson)",0.07548923857899136,2025-11-30T04:47:11.000Z
401760424,4017604249,401760424217,6,4,Wyoming,Mountain West,7,Hawai'i,Mountain West,7,Hawai'i,Wyoming,2,"{'minutes': 9, 'seconds': 46}",2.0,3.0,92,92,4,15,0,False,Punt,"(09:46) #18 B.Edmiston, Jr. punt 35 yards to the Wyo43, out of bounds at Wyo43",,2025-11-30T04:53:03.000Z
401760424,4017604249,401760424202,6,1,Wyoming,Mountain West,7,Hawai'i,Mountain West,7,Hawai'i,Wyoming,2,"{'minutes': 11, 'seconds': 46}",2.0,3.0,87,87,1,10,4,False,Rush,(11:55) Shotgun #24 M.White rush middle for 4 yards gain to the Wyo17 (#3 J.Smith),-0.05810963665836066,2025-11-30T04:50:58.000Z
401760424,4017604249,401760424208,6,2,Wyoming,Mountain West,7,Hawai'i,Mountain West,7,Hawai'i,Wyoming,2,"{'minutes': 10, 'seconds': 58}",2.0,3.0,83,83,2,6,-1,False,Pass Reception,"(11:16) Shotgun #7 M.Drube pass complete short left to #3 D.DeBlanc caught at Wyo12, for 1 yard loss to the Wyo16 (#51 L.Lagafuaina)",-0.41882927720836616,2025-11-30T04:51:36.000Z
401760424,4017604249,401760424213,6,3,Wyoming,Mountain West,7,Hawai'i,Mountain West,7,Hawai'i,Wyoming,2,"{'minutes': 10, 'seconds': 26}",2.0,3.0,84,84,3,7,-4,False,Sack,"(10:31) Shotgun #7 M.Drube sacked for loss of 8 yards to the Wyo08 (#57 J.Johnson III, #79 D.Benton)",-0.18849670785037898,2025-11-30T04:52:21.000Z
401760424,40176042410,401760424237,7,5,Hawai'i,Mountain West,10,Wyoming,Mountain West,7,Hawai'i,Wyoming,2,"{'minutes': 7, 'seconds': 33}",3.0,2.0,71,29,4,9,47,True,Field Goal Good,"(07:33) #17 K.Matsuzawa field goal attempt from 47 yards GOOD (H: #18 C.Freeman, LS: #33 J.Mowrey), clock 07:33",,2025-11-30T04:56:53.000Z
401760424,40176042410,401760424222,7,1,Hawai'i,Mountain West,7,Wyoming,Mountain West,7,Hawai'i,Wyoming,2,"{'minutes': 9, 'seconds': 38}",3.0,2.0,57,43,1,10,13,False,Rush,"(09:46) Shotgun #0 C.Barfield rush middle for 13 yards gain to the Wyo30 (#3 A.Johnson), 1ST DOWN",0.5381269550080832,2025-11-30T04:53:57.000Z
401760424,40176042410,401760424226,7,2,Hawai'i,Mountain West,7,Wyoming,Mountain West,7,Hawai'i,Wyoming,2,"{'minutes': 8, 'seconds': 56}",3.0,2.0,70,30,1,10,3,False,Rush,(09:03) No Huddle-Shotgun #0 C.Barfield rush middle for 3 yards gain to the Wyo27 (#18 P.Eyabi; #90 A.Vyas),-0.17303361893288,2025-11-30T04:54:40.000Z
401760424,40176042410,401760424230,7,3,Hawai'i,Mountain West,7,Wyoming,Mountain West,7,Hawai'i,Wyoming,2,"{'minutes': 8, 'seconds': 16}",3.0,2.0,73,27,2,7,-2,False,Rush,(08:23) No Huddle-Shotgun #0 C.Barfield rush middle for 2 yards loss to the Wyo29 (#7 M.Grant; #42 E.Stuhlsatz),-0.9641998891660323,2025-11-30T04:55:21.000Z
401760424,40176042410,401760424234,7,4,Hawai'i,Mountain West,7,Wyoming,Mountain West,7,Hawai'i,Wyoming,2,"{'minutes': 7, 'seconds': 37}",3.0,2.0,71,29,3,9,0,False,Pass Incompletion,(07:41) No Huddle-Shotgun #12 M.Alejado pass incomplete short left to #9 J.Harris thrown to Wyo19,-0.9572259353368207,2025-11-30T04:56:04.000Z
401760424,40176042412,401760424240,8,1,Hawai'i,Mountain West,10,Wyoming,Mountain West,7,Hawai'i,Wyoming,2,"{'minutes': 7, 'seconds': 33}",3.0,2.0,35,65,1,10,0,False,Kickoff,"(07:33) #98 S.Olvera-Harle kickoff 65 yards to the Wyo00, Touchback",,2025-11-30T04:57:00.000Z
401760424,40176042412,401760424262,8,7,Wyoming,Mountain West,7,Hawai'i,Mountain West,10,Hawai'i,Wyoming,2,"{'minutes': 5, 'seconds': 28}",2.0,3.0,56,56,4,7,2,False,Punt Return,"(05:35) #18 B.Edmiston, Jr. punt 38 yards to the Hawaii18 #8 T.Uiliata return 2 yards to the Hawaii20 (#31 T.Deen)",,2025-11-30T05:06:23.000Z
401760424,40176042412,401760424243,8,2,Wyoming,Mountain West,7,Hawai'i,Mountain West,10,Hawai'i,Wyoming,2,"{'minutes': 7, 'seconds': 20}",2.0,3.0,75,75,1,10,4,False,Rush,(07:31) Shotgun #3 D.DeBlanc rush middle for 4 yards gain to the Wyo29 (#5 T.Jones),-0.1142886249388964,2025-11-30T05:00:33.000Z
401760424,40176042412,401760424247,8,3,Wyoming,Mountain West,7,Hawai'i,Mountain West,10,Hawai'i,Wyoming,2,"{'minutes': 6, 'seconds': 31}",2.0,3.0,71,71,2,6,12,False,Pass Reception,"(06:47) Shotgun #7 M.Drube pass complete short left to #11 M.Fitzgerald caught at Wyo41, for 12 yards to the Wyo41 (#24 D.King), 1ST DOWN",1.5330313948617906,2025-11-30T05:01:18.000Z
401760424,40176042412,401760424252,8,4,Wyoming,Mountain West,7,Hawai'i,Mountain West,10,Hawai'i,Wyoming,2,"{'minutes': 6, 'seconds': 2}",2.0,3.0,59,59,1,10,0,False,Pass Incompletion,(06:07) Shotgun #7 M.Drube pass incomplete short right to #8 J.Sargent thrown to Wyo50 broken up by #4 E.Palmer,-1.1387859939569847,2025-11-30T05:02:00.000Z
401760424,40176042412,401760424255,8,5,Wyoming,Mountain West,7,Hawai'i,Mountain West,10,Hawai'i,Wyoming,2,"{'minutes': 5, 'seconds': 57}",2.0,3.0,59,59,2,10,3,False,Rush,(06:00) Shotgun #4 D.Harris rush middle for 3 yards gain to the Wyo44 (#57 J.Johnson III; #17 G.Iovino),-0.3311813369166953,2025-11-30T05:02:34.000Z
401760424,40176042412,401760424259,8,6,Wyoming,Mountain West,7,Hawai'i,Mountain West,10,Hawai'i,Wyoming,2,"{'minutes': 5, 'seconds': 35}",2.0,3.0,56,56,3,7,0,False,Pass Incompletion,(05:37) Shotgun #7 M.Drube pass incomplete short middle to #2 E.Richardson thrown to Hawaii48 broken up by #4 E.Palmer,-0.6528971648971629,2025-11-30T05:05:42.000Z
401760424,40176042413,401760424268,9,1,Hawai'i,Mountain West,10,Wyoming,Mountain West,7,Hawai'i,Wyoming,2,"{'minutes': 5, 'seconds': 20}",3.0,2.0,20,80,1,10,2,False,Rush,(05:28) Shotgun #30 L.Sims rush middle for 2 yards gain to the Hawaii22 (#26 G.Rutherford),-0.3623882030735057,2025-11-30T05:07:16.000Z
401760424,40176042413,401760424272,9,2,Hawai'i,Mountain West,17,Wyoming,Mountain West,7,Hawai'i,Wyoming,2,"{'minutes': 4, 'seconds': 47}",3.0,2.0,22,78,2,8,78,True,Passing Touchdown,"(05:02) Shotgun #12 M.Alejado pass complete short middle to #9 J.Harris caught at Hawaii39, for 78 yards to the Wyo00 TOUCHDOWN, clock 04:47, 1ST DOWN #17 K.Matsuzawa kick attempt good (H: #18 C.Freeman, LS: #33 J.Mowrey)",6.7484459986786085,2025-11-30T05:07:43.000Z
401760424,40176042415,401760424280,10,1,Hawai'i,Mountain West,17,Wyoming,Mountain West,7,Hawai'i,Wyoming,2,"{'minutes': 4, 'seconds': 41}",3.0,2.0,35,65,1,10,18,False,Kickoff,(04:47) #98 S.Olvera-Harle kickoff 65 yards to the Wyo00 #82 B.Brantley return 18 yards to the Wyo18 (#27 M.Meyer; #13 K.Eldredge),,2025-11-30T05:09:58.000Z
401760424,40176042415,401760424296,10,5,Wyoming,Mountain West,7,Hawai'i,Mountain West,17,Hawai'i,Wyoming,2,"{'minutes': 3, 'seconds': 4}",2.0,3.0,97,97,4,25,17,False,Punt Return,"(03:15) #18 B.Edmiston, Jr. punt 49 yards to the Hawaii48 #8 T.Uiliata return 17 yards to the Wyo35, out of bounds at Wyo35",,2025-11-30T05:12:51.000Z
401760424,40176042415,401760424285,10,2,Wyoming,Mountain West,7,Hawai'i,Mountain West,17,Hawai'i,Wyoming,2,"{'minutes': 4, 'seconds': 37}",2.0,3.0,82,82,1,10,0,False,Pass Incompletion,(04:41) Shotgun #7 M.Drube pass incomplete short left to #3 D.DeBlanc thrown to Wyo25 broken up by #4 E.Palmer,-0.5080208698531008,2025-11-30T05:10:48.000Z
401760424,40176042415,401760424288,10,3,Wyoming,Mountain West,7,Hawai'i,Mountain West,17,Hawai'i,Wyoming,2,"{'minutes': 4, 'seconds': 27}",2.0,3.0,82,82,2,10,2,False,Rush,(04:35) Shotgun #24 M.White rush middle for 2 yards gain to the Wyo20 (#4 E.Palmer; #1 P.Manuma),-0.15335298851250023,2025-11-30T05:11:21.000Z
401760424,40176042415,401760424292,10,4,Wyoming,Mountain West,7,Hawai'i,Mountain West,17,Hawai'i,Wyoming,2,"{'minutes': 3, 'seconds': 44}",2.0,3.0,80,80,3,8,-17,False,Sack,(03:48) Shotgun #7 M.Drube sacked for loss of 17 yards to the Wyo03 (#3 J.Smith),-0.25520880133303425,2025-11-30T05:12:07.000Z
401760424,40176042416,401760424316,11,4,Hawai'i,Mountain West,20,Wyoming,Mountain West,7,Hawai'i,Wyoming,2,"{'minutes': 2, 'seconds': 28}",3.0,2.0,71,29,4,4,47,True,Field Goal Good,"(02:28) #17 K.Matsuzawa field goal attempt from 47 yards GOOD (H: #18 C.Freeman, LS: #33 J.Mowrey), clock 02:28",,2025-11-30T05:17:49.000Z
401760424,40176042416,401760424303,11,1,Hawai'i,Mountain West,17,Wyoming,Mountain West,7,Hawai'i,Wyoming,2,"{'minutes': 2, 'seconds': 56}",3.0,2.0,65,35,1,10,6,False,Rush,"(03:04) No Huddle-Shotgun #12 M.Alejado rush left for 6 yards gain to the Wyo29, out of bounds at Wyo29",0.233934295436585,2025-11-30T05:14:17.000Z
401760424,40176042416,401760424309,11,2,Hawai'i,Mountain West,17,Wyoming,Mountain West,7,Hawai'i,Wyoming,2,"{'minutes': 2, 'seconds': 37}",3.0,2.0,71,29,2,4,0,False,Pass Incompletion,(02:56) Shotgun #8 T.Uiliata pass incomplete short left to #12 M.Alejado thrown to Wyo20,-0.697118400245742,2025-11-30T05:16:25.000Z
401760424,40176042416,401760424313,11,3,Hawai'i,Mountain West,17,Wyoming,Mountain West,7,Hawai'i,Wyoming,2,"{'minutes': 2, 'seconds': 32}",3.0,2.0,71,29,3,4,0,False,Pass Incompletion,(02:31) Shotgun #12 M.Alejado pass incomplete short middle to #9 J.Harris thrown to Wyo15,-0.8749794830233848,2025-11-30T05:16:58.000Z
401760424,40176042418,401760424319,12,1,Hawai'i,Mountain West,20,Wyoming,Mountain West,7,Hawai'i,Wyoming,2,"{'minutes': 2, 'seconds': 28}",3.0,2.0,35,65,1,10,0,False,Kickoff,"(02:28) #98 S.Olvera-Harle kickoff 65 yards to the Wyo00, Touchback",,2025-11-30T05:17:56.000Z
401760424,40176042418,401760424336,12,6,Wyoming,Mountain West,7,Hawai'i,Mountain West,20,Hawai'i,Wyoming,2,"{'minutes': 1, 'seconds': 43}",1.0,3.0,54,54,1,10,10,False,Penalty,(01:43) Shotgun #7 M.Drube rush right for 4 yards gain to the Wyo50 (#3 J.Smith) PENALTY Wyo Holding (#63 B.Jenkins) 10 yards from Wyo46 to Wyo36. NO PLAY,,2025-11-30T05:25:24.000Z
401760424,40176042418,401760424343,12,7,Hawai'i,Mountain West,20,Wyoming,Mountain West,7,Hawai'i,Wyoming,2,"{'minutes': 1, 'seconds': 40}",3.0,1.0,54,46,1,10,0,False,Timeout,"Timeout Hawai'i, clock 01:40",,2025-11-30T05:25:48.000Z
401760424,40176042418,401760424348,12,8,Hawai'i,Mountain West,20,Wyoming,Mountain West,7,Hawai'i,Wyoming,2,"{'minutes': 1, 'seconds': 34}",3.0,1.0,64,36,1,20,0,False,Timeout,"Timeout Hawai'i, clock 01:34",,2025-11-30T05:27:17.000Z
401760424,40176042418,401760424328,12,3,Wyoming,Mountain West,7,Hawai'i,Mountain West,20,Hawai'i,Wyoming,2,"{'minutes': 2, 'seconds': 0}",1.0,3.0,75,75,1,10,0,False,Timeout,"Timeout Wyoming, clock 02:00",,2025-11-30T05:20:33.000Z
401760424,40176042418,401760424332,12,5,Wyoming,Mountain West,7,Hawai'i,Mountain West,20,Hawai'i,Wyoming,2,"{'minutes': 1, 'seconds': 52}",1.0,3.0,68,68,3,3,14,False,Penalty,"(01:52) Shotgun #7 M.Drube pass incomplete short left to #19 C.Coenen thrown to Wyo35 PENALTY Hawaii Roughing The Passer (#79 D.Benton) 14 yards from Wyo32 to Wyo46, 1ST DOWN. NO PLAY",,2025-11-30T05:24:16.000Z
401760424,40176042418,401760424352,12,10,Wyoming,Mountain West,7,Hawai'i,Mountain West,20,Hawai'i,Wyoming,2,"{'minutes': 1, 'seconds': 24}",1.0,3.0,50,50,3,6,5,False,Penalty,PENALTY Wyo False Start (#78 W.King) 5 yards from Wyo50 to Wyo45. NO PLAY,,2025-11-30T05:29:40.000Z
401760424,40176042418,401760424354,12,11,Hawai'i,Mountain West,20,Wyoming,Mountain West,7,Hawai'i,Wyoming,2,"{'minutes': 1, 'seconds': 24}",3.0,1.0,65,35,2,21,0,False,Timeout,"Timeout Hawai'i, clock 01:24",,2025-11-30T05:28:44.000Z
401760424,40176042418,401760424375,12,18,Wyoming,Mountain West,7,Hawai'i,Mountain West,20,Hawai'i,Wyoming,2,"{'minutes': 0, 'seconds': 20}",1.0,3.0,12,12,4,10,30,False,Field Goal Missed,"(00:20) #47 E.Sandvik field goal attempt from 30 yards NO GOOD (H: #43 G.Helm, LS: #52 C.York), clock 00:20",,2025-11-30T05:34:13.000Z
401760424,40176042418,401760424322,12,2,Wyoming,Mountain West,7,Hawai'i,Mountain West,20,Hawai'i,Wyoming,2,"{'minutes': 2, 'seconds': 22}",2.0,3.0,75,75,1,10,0,False,Rush,(02:28) Shotgun #3 D.DeBlanc rush right for 0 yards to the Wyo25 (#1 P.Manuma),-0.7029700220436519,2025-11-30T05:19:54.000Z
401760424,40176042418,401760424326,12,4,Wyoming,Mountain West,7,Hawai'i,Mountain West,20,Hawai'i,Wyoming,2,"{'minutes': 1, 'seconds': 54}",1.0,3.0,75,75,2,10,7,False,Pass Reception,"(02:00) Shotgun #7 M.Drube pass complete short right to #84 J.Gyllenborg caught at Wyo25, for 7 yards to the Wyo32 (#12 W.Ho'ohuli)",0.3138158809285007,2025-11-30T05:23:16.000Z
401760424,40176042418,401760424341,12,9,Wyoming,Mountain West,7,Hawai'i,Mountain West,20,Hawai'i,Wyoming,2,"{'minutes': 1, 'seconds': 32}",1.0,3.0,64,64,1,20,-1,False,Rush,(01:34) Shotgun #3 D.DeBlanc rush right for 1 yard loss to the Wyo35 (#57 J.Johnson III),-0.6172724767025288,2025-11-30T05:26:54.000Z
401760424,40176042418,401760424346,12,12,Wyoming,Mountain West,7,Hawai'i,Mountain West,20,Hawai'i,Wyoming,2,"{'minutes': 1, 'seconds': 22}",1.0,3.0,65,65,2,21,15,False,Pass Reception,"(01:34) Shotgun #7 M.Drube pass complete short middle to #19 C.Coenen caught at Wyo41, for 15 yards to the Wyo50 (#1 P.Manuma; #51 L.Lagafuaina)",1.4742506318032582,2025-11-30T05:28:15.000Z
401760424,40176042418,401760424356,12,13,Wyoming,Mountain West,7,Hawai'i,Mountain West,20,Hawai'i,Wyoming,2,"{'minutes': 1, 'seconds': 16}",1.0,3.0,55,55,3,11,20,False,Pass Reception,"(01:23) Shotgun #7 M.Drube pass complete short left to #3 D.DeBlanc caught at Wyo43, for 20 yards to the Hawaii35 (#1 P.Manuma), 1ST DOWN",3.4598706673214066,2025-11-30T05:30:31.000Z
401760424,40176042418,401760424361,12,14,Wyoming,Mountain West,7,Hawai'i,Mountain West,20,Hawai'i,Wyoming,2,"{'minutes': 0, 'seconds': 53}",1.0,3.0,35,35,1,10,23,False,Pass Reception,"(00:59) Shotgun #7 M.Drube pass complete short middle to #19 C.Coenen caught at Hawaii21, for 23 yards to the Hawaii12 (#27 M.Meyer), 1ST DOWN",0.4424942417410305,2025-11-30T05:31:19.000Z
401760424,40176042418,401760424366,12,15,Wyoming,Mountain West,7,Hawai'i,Mountain West,20,Hawai'i,Wyoming,2,"{'minutes': 0, 'seconds': 36}",1.0,3.0,12,12,1,10,0,False,Pass Incompletion,(00:36) Shotgun #7 M.Drube pass incomplete short right to #19 C.Coenen thrown to Hawaii04,-0.2977696357406735,2025-11-30T05:31:48.000Z
401760424,40176042418,401760424369,12,16,Wyoming,Mountain West,7,Hawai'i,Mountain West,20,Hawai'i,Wyoming,2,"{'minutes': 0, 'seconds': 32}",1.0,3.0,12,12,2,10,0,False,Pass Incompletion,(00:35) Shotgun #7 M.Drube pass incomplete short right to #11 M.Fitzgerald thrown to Hawaii00,-0.3089040454322213,2025-11-30T05:32:29.000Z
401760424,40176042418,401760424372,12,17,Wyoming,Mountain West,7,Hawai'i,Mountain West,20,Hawai'i,Wyoming,2,"{'minutes': 0, 'seconds': 23}",1.0,3.0,12,12,3,10,0,False,Pass Incompletion,(00:32) Shotgun #7 M.Drube pass incomplete short left to #8 J.Sargent thrown to Hawaii00,-0.4881360085064532,2025-11-30T05:33:15.000Z
401760424,40176042419,401760424379,13,1,Hawai'i,Mountain West,20,Wyoming,Mountain West,7,Hawai'i,Wyoming,2,"{'minutes': 0, 'seconds': 18}",3.0,1.0,20,80,1,10,-1,False,Rush,(00:18) Kneel down by #12 M.Alejado at Hawaii19 for loss of 1 yard,-0.6343354265717327,2025-11-30T05:34:50.000Z
401760424,40176042419,401760424384,13,2,Hawai'i,Mountain West,20,Wyoming,Mountain West,7,Hawai'i,Wyoming,2,"{'minutes': 0, 'seconds': 0}",3.0,1.0,20,80,1,10,-1,False,End Period,End of 2nd quarter.,-0.6343354265717327,2025-11-30T05:35:10.000Z
401760424,40176042421,401760424430,14,9,Hawai'i,Mountain West,27,Wyoming,Mountain West,7,Hawai'i,Wyoming,3,"{'minutes': 11, 'seconds': 36}",3.0,3.0,97,3,0,0,0,False,Timeout,"Timeout Hawai'i, clock 11:36",,2025-11-30T06:02:15.000Z
401760424,40176042421,401760424389,14,1,Wyoming,Mountain West,7,Hawai'i,Mountain West,20,Hawai'i,Wyoming,3,"{'minutes': 15, 'seconds': 0}",3.0,3.0,65,65,1,10,0,False,Kickoff,(15:00) #47 E.Sandvik kickoff 59 yards to the Hawaii06 fair catch by #0 C.Barfield at Hawaii06,,2025-11-30T05:55:43.000Z
401760424,40176042421,401760424398,14,3,Hawai'i,Mountain West,20,Wyoming,Mountain West,7,Hawai'i,Wyoming,3,"{'minutes': 14, 'seconds': 25}",3.0,3.0,30,70,2,5,10,False,Penalty,(14:25) Shotgun #0 C.Barfield rush middle for 1 yard gain to the Hawaii31 (#9 B.Johnson) PENALTY Hawaii Holding (#58 Z.Sotelo) 10 yards from Hawaii30 to Hawaii20. NO PLAY,,2025-11-30T05:57:47.000Z
401760424,40176042421,401760424394,14,2,Hawai'i,Mountain West,20,Wyoming,Mountain West,7,Hawai'i,Wyoming,3,"{'minutes': 14, 'seconds': 53}",3.0,3.0,25,75,1,10,5,False,Rush,(15:00) Shotgun #0 C.Barfield rush middle for 5 yards gain to the Hawaii30 (#9 B.Johnson; #42 E.Stuhlsatz),0.0945451165334843,2025-11-30T05:57:05.000Z
401760424,40176042421,401760424403,14,4,Hawai'i,Mountain West,20,Wyoming,Mountain West,7,Hawai'i,Wyoming,3,"{'minutes': 13, 'seconds': 56}",3.0,3.0,20,80,2,15,20,False,Pass Reception,"(14:08) Shotgun #12 M.Alejado pass complete short middle to #5 P.Ashlock caught at Hawaii38, for 20 yards to the Hawaii40 (#3 A.Johnson), 1ST DOWN",2.3879281080173094,2025-11-30T05:58:36.000Z
401760424,40176042421,401760424408,14,5,Hawai'i,Mountain West,20,Wyoming,Mountain West,7,Hawai'i,Wyoming,3,"{'minutes': 13, 'seconds': 30}",3.0,3.0,40,60,1,10,2,False,Rush,(13:35) Shotgun #0 C.Barfield rush middle for 2 yards gain to the Hawaii42 (#5 B.Wilson),-0.6799841752385892,2025-11-30T05:59:06.000Z
401760424,40176042421,401760424412,14,6,Hawai'i,Mountain West,20,Wyoming,Mountain West,7,Hawai'i,Wyoming,3,"{'minutes': 12, 'seconds': 53}",3.0,3.0,42,58,2,8,-7,False,Sack,(13:00) No Huddle-Shotgun #12 M.Alejado sacked for loss of 7 yards to the Hawaii35 (#5 B.Wilson),-1.6305736348080453,2025-11-30T05:59:44.000Z
401760424,40176042421,401760424416,14,7,Hawai'i,Mountain West,20,Wyoming,Mountain West,7,Hawai'i,Wyoming,3,"{'minutes': 12, 'seconds': 11}",3.0,3.0,35,65,3,15,24,False,Pass Reception,"(12:15) No Huddle-Shotgun #12 M.Alejado pass complete deep left to #5 P.Ashlock caught at Wyo41, for 24 yards to the Wyo41, out of bounds at Wyo41, 1ST DOWN",3.8269387882937904,2025-11-30T06:00:28.000Z
401760424,40176042421,401760424421,14,8,Hawai'i,Mountain West,27,Wyoming,Mountain West,7,Hawai'i,Wyoming,3,"{'minutes': 11, 'seconds': 36}",3.0,3.0,59,41,1,10,41,True,Rushing Touchdown,"(11:46) No Huddle-Shotgun #0 C.Barfield rush middle for 41 yards gain to the Wyo00 TOUCHDOWN, clock 11:36, 1ST DOWN #17 K.Matsuzawa kick attempt good (H: #18 C.Freeman, LS: #33 J.Mowrey)",3.2405196258965194,2025-11-30T06:01:10.000Z
401760424,40176042423,401760424428,15,1,Hawai'i,Mountain West,27,Wyoming,Mountain West,7,Hawai'i,Wyoming,3,"{'minutes': 11, 'seconds': 30}",3.0,3.0,35,65,1,10,19,False,Kickoff,(11:36) #98 S.Olvera-Harle kickoff 65 yards to the Wyo00 #82 B.Brantley return 19 yards to the Wyo19 (#21 J.Sinclair),,2025-11-30T06:04:49.000Z
401760424,40176042423,401760424472,15,11,Wyoming,Mountain West,7,Hawai'i,Mountain West,27,Hawai'i,Wyoming,3,"{'minutes': 6, 'seconds': 42}",2.0,3.0,26,26,3,2,0,False,Timeout,"Timeout Wyoming, clock 06:42",,2025-11-30T06:11:52.000Z
401760424,40176042423,401760424434,15,2,Wyoming,Mountain West,7,Hawai'i,Mountain West,27,Hawai'i,Wyoming,3,"{'minutes': 11, 'seconds': 24}",3.0,3.0,81,81,1,10,0,False,Pass Incompletion,(11:27) Shotgun #7 M.Drube pass incomplete deep right to #8 J.Sargent thrown to Hawaii48,-0.5327945515514214,2025-11-30T06:05:35.000Z
401760424,40176042423,401760424437,15,3,Wyoming,Mountain West,7,Hawai'i,Mountain West,27,Hawai'i,Wyoming,3,"{'minutes': 11, 'seconds': 15}",3.0,3.0,81,81,2,10,-1,False,Rush,(11:22) Shotgun #24 M.White rush middle for 1 yard loss to the Wyo18 (#1 P.Manuma),-0.2784756126446517,2025-11-30T06:06:09.000Z
401760424,40176042423,401760424441,15,4,Wyoming,Mountain West,7,Hawai'i,Mountain West,27,Hawai'i,Wyoming,3,"{'minutes': 10, 'seconds': 30}",3.0,3.0,82,82,3,11,23,False,Rush,"(10:42) Shotgun #7 M.Drube rush middle for 23 yards gain to the Wyo41 (#0 S.James; #3 J.Smith), 1ST DOWN",2.5908773354004424,2025-11-30T06:06:50.000Z
401760424,40176042423,401760424445,15,5,Wyoming,Mountain West,7,Hawai'i,Mountain West,27,Hawai'i,Wyoming,3,"{'minutes': 9, 'seconds': 56}",3.0,3.0,59,59,1,10,7,False,Rush,(10:03) Shotgun #4 D.Harris rush middle for 7 yards gain to the Wyo48 (#12 W.Ho'ohuli),0.6972022034641013,2025-11-30T06:07:29.000Z
401760424,40176042423,401760424449,15,6,Wyoming,Mountain West,7,Hawai'i,Mountain West,27,Hawai'i,Wyoming,3,"{'minutes': 9, 'seconds': 11}",3.0,3.0,52,52,2,3,5,False,Rush,"(09:22) Shotgun #7 M.Drube rush middle for 5 yards gain to the Hawaii47 (#17 G.Iovino), 1ST DOWN",0.348607905067896,2025-11-30T06:08:13.000Z
401760424,40176042423,401760424453,15,7,Wyoming,Mountain West,7,Hawai'i,Mountain West,27,Hawai'i,Wyoming,3,"{'minutes': 8, 'seconds': 27}",3.0,3.0,47,47,1,10,13,False,Pass Reception,"(08:42) Shotgun #7 M.Drube pass complete short middle to #11 M.Fitzgerald caught at Hawaii35, for 13 yards to the Hawaii34 (#14 J.Wilson-Jones), 1ST DOWN",0.67647608035276,2025-11-30T06:08:53.000Z
401760424,40176042423,401760424458,15,8,Wyoming,Mountain West,7,Hawai'i,Mountain West,27,Hawai'i,Wyoming,3,"{'minutes': 7, 'seconds': 55}",3.0,3.0,34,34,1,10,-2,False,Rush,(08:02) Shotgun #4 D.Harris rush middle for 2 yards loss to the Hawaii36 (#1 P.Manuma; #3 J.Smith),-1.0093112073139319,2025-11-30T06:09:31.000Z
401760424,40176042423,401760424462,15,9,Wyoming,Mountain West,7,Hawai'i,Mountain West,27,Hawai'i,Wyoming,3,"{'minutes': 7, 'seconds': 16}",3.0,3.0,36,36,2,12,10,False,Pass Reception,"(07:21) Shotgun #7 M.Drube pass complete short left to #3 D.DeBlanc caught at Hawaii35, for 10 yards to the Hawaii26 (#4 E.Palmer)",0.8758555561837263,2025-11-30T06:10:11.000Z
401760424,40176042423,401760424467,15,10,Wyoming,Mountain West,7,Hawai'i,Mountain West,27,Hawai'i,Wyoming,3,"{'minutes': 6, 'seconds': 42}",3.0,3.0,26,26,3,2,0,False,Pass Incompletion,(06:48) Shotgun #7 M.Drube pass incomplete short left to #84 J.Gyllenborg thrown to Hawaii36 broken up by #1 P.Manuma QB hurried by #79 D.Benton,-0.7629084442625818,2025-11-30T06:10:57.000Z
401760424,40176042423,401760424470,15,12,Wyoming,Mountain West,7,Hawai'i,Mountain West,27,Hawai'i,Wyoming,3,"{'minutes': 6, 'seconds': 36}",2.0,3.0,26,26,4,2,1,False,Rush,"(06:42) Shotgun #7 M.Drube rush middle for 1 yard gain to the Hawaii25 (#51 L.Lagafuaina; #1 P.Manuma), TURNOVER ON DOWNS",-3.1669097436935427,2025-11-30T06:14:33.000Z
401760424,40176042424,401760424486,16,3,Hawai'i,Mountain West,27,Wyoming,Mountain West,7,Hawai'i,Wyoming,3,"{'minutes': 5, 'seconds': 28}",3.0,2.0,35,65,1,10,5,False,Penalty,PENALTY Hawaii False Start  5 yards from Hawaii35 to Hawaii30. NO PLAY,,2025-11-30T06:17:50.000Z
401760424,40176042424,401760424514,16,9,Hawai'i,Mountain West,27,Wyoming,Mountain West,7,Hawai'i,Wyoming,3,"{'minutes': 1, 'seconds': 42}",3.0,2.0,76,24,2,13,0,False,Timeout,"Timeout Hawai'i, clock 01:42",,2025-11-30T06:22:08.000Z
401760424,40176042424,401760424519,16,11,Hawai'i,Mountain West,27,Wyoming,Mountain West,7,Hawai'i,Wyoming,3,"{'minutes': 0, 'seconds': 51}",3.0,2.0,88,12,4,1,30,False,Field Goal Missed,"(00:51) #17 K.Matsuzawa field goal attempt from 30 yards NO GOOD (H: #18 C.Freeman, LS: #33 J.Mowrey), clock 00:51",,2025-11-30T06:25:53.000Z
401760424,40176042424,401760424476,16,1,Hawai'i,Mountain West,27,Wyoming,Mountain West,7,Hawai'i,Wyoming,3,"{'minutes': 6, 'seconds': 28}",3.0,2.0,25,75,1,10,3,False,Rush,"(06:36) Shotgun #12 M.Alejado rush right for 3 yards gain to the Hawaii28, out of bounds at Hawaii28",-0.2957674139440157,2025-11-30T06:16:37.000Z
401760424,40176042424,401760424480,16,2,Hawai'i,Mountain West,27,Wyoming,Mountain West,7,Hawai'i,Wyoming,3,"{'minutes': 5, 'seconds': 58}",3.0,2.0,28,72,2,7,7,False,Rush,"(06:04) Shotgun #47 C.Vaughn rush middle for 7 yards gain to the Hawaii35 (#98 J.Williams), 1ST DOWN",1.1308055229740024,2025-11-30T06:17:10.000Z
401760424,40176042424,401760424489,16,4,Hawai'i,Mountain West,27,Wyoming,Mountain West,7,Hawai'i,Wyoming,3,"{'minutes': 4, 'seconds': 59}",3.0,2.0,30,70,1,15,1,False,Rush,(05:09) Shotgun #12 M.Alejado rush right for 1 yard gain to the Hawaii31 (#9 B.Johnson),-0.4803762149954975,2025-11-30T06:18:37.000Z
401760424,40176042424,401760424493,16,5,Hawai'i,Mountain West,27,Wyoming,Mountain West,7,Hawai'i,Wyoming,3,"{'minutes': 4, 'seconds': 28}",3.0,2.0,31,69,2,14,2,False,Rush,(04:35) Shotgun #47 C.Vaughn rush middle for 2 yards gain to the Hawaii33 (#6 E.Eller; #11 E.Bogar),-0.22297736758970021,2025-11-30T06:19:09.000Z
401760424,40176042424,401760424497,16,6,Hawai'i,Mountain West,27,Wyoming,Mountain West,7,Hawai'i,Wyoming,3,"{'minutes': 3, 'seconds': 40}",3.0,2.0,33,67,3,12,46,False,Pass Reception,"(03:53) Shotgun #12 M.Alejado pass complete deep left to #9 J.Harris caught at Wyo21, for 46 yards to the Wyo21 (#20 D.Miller), 1ST DOWN",4.381618829529271,2025-11-30T06:19:53.000Z
401760424,40176042424,401760424503,16,7,Hawai'i,Mountain West,27,Wyoming,Mountain West,7,Hawai'i,Wyoming,3,"{'minutes': 3, 'seconds': 0}",3.0,2.0,79,21,1,10,-3,False,Rush,(03:06) Shotgun #0 C.Barfield rush left for 3 yards loss to the Wyo24 (#40 T.Westland),-0.6818841084579383,2025-11-30T06:20:37.000Z
401760424,40176042424,401760424507,16,8,Hawai'i,Mountain West,27,Wyoming,Mountain West,7,Hawai'i,Wyoming,3,"{'minutes': 2, 'seconds': 11}",3.0,2.0,76,24,2,13,11,False,Pass Reception,"(02:17) Shotgun #12 M.Alejado pass complete short middle to #5 P.Ashlock caught at Wyo17, for 11 yards to the Wyo13 (#7 M.Grant)",0.6233867873330363,2025-11-30T06:21:24.000Z
401760424,40176042424,401760424512,16,10,Hawai'i,Mountain West,27,Wyoming,Mountain West,7,Hawai'i,Wyoming,3,"{'minutes': 1, 'seconds': 25}",3.0,2.0,87,13,3,2,1,False,Rush,(01:28) Shotgun #0 C.Barfield rush middle for 1 yard gain to the Wyo12 (#42 E.Stuhlsatz),-0.337442666351015,2025-11-30T06:25:09.000Z
401760424,40176042425,401760424553,17,7,Wyoming,Mountain West,7,Hawai'i,Mountain West,27,Hawai'i,Wyoming,4,"{'minutes': 13, 'seconds': 30}",2.0,3.0,61,61,4,6,5,False,Penalty,(13:36) PENALTY Wyo False Start (#9 J.Holman) 5 yards from Wyo39 to Wyo34. NO PLAY,,2025-11-30T06:33:13.000Z
401760424,40176042425,401760424556,17,8,Wyoming,Mountain West,7,Hawai'i,Mountain West,27,Hawai'i,Wyoming,4,"{'minutes': 13, 'seconds': 18}",2.0,3.0,66,66,4,11,0,False,Punt,"(13:25) #18 B.Edmiston, Jr. punt 66 yards to the Hawaii00, Touchback",,2025-11-30T06:33:44.000Z
401760424,40176042425,401760424542,17,4,Wyoming,Mountain West,7,Hawai'i,Mountain West,27,Hawai'i,Wyoming,4,"{'minutes': 14, 'seconds': 51}",2.0,3.0,65,65,1,10,2,False,Rush,(14:56) Shotgun #3 D.DeBlanc rush middle for 2 yards gain to the Wyo37 (#10 K.Akana; #98 C.Stocklinski),-0.63079683335922,2025-11-30T06:31:05.000Z
401760424,40176042425,401760424534,17,3,Wyoming,Mountain West,7,Hawai'i,Mountain West,27,Hawai'i,Wyoming,3,"{'minutes': 0, 'seconds': 0}",2.0,3.0,78,78,2,8,13,False,End Period,End of 3rd quarter.,1.5057289879872737,2025-11-30T06:27:45.000Z
401760424,40176042425,401760424523,17,1,Wyoming,Mountain West,7,Hawai'i,Mountain West,27,Hawai'i,Wyoming,3,"{'minutes': 0, 'seconds': 44}",2.0,3.0,80,80,1,10,2,False,Rush,(00:51) Shotgun #24 M.White rush middle for 2 yards gain to the Wyo22 (#1 P.Manuma; #51 L.Lagafuaina),-0.3623882030735057,2025-11-30T06:26:53.000Z
401760424,40176042425,401760424527,17,2,Wyoming,Mountain West,7,Hawai'i,Mountain West,27,Hawai'i,Wyoming,3,"{'minutes': 0, 'seconds': 7}",2.0,3.0,78,78,2,8,13,False,Pass Reception,"(00:15) Shotgun #7 M.Drube pass complete short middle to #8 J.Sargent caught at Wyo28, for 13 yards to the Wyo35 (#1 P.Manuma), 1ST DOWN",1.5057289879872737,2025-11-30T06:27:28.000Z
401760424,40176042425,401760424546,17,5,Wyoming,Mountain West,7,Hawai'i,Mountain West,27,Hawai'i,Wyoming,4,"{'minutes': 14, 'seconds': 19}",2.0,3.0,63,63,2,8,0,False,Pass Incompletion,(14:28) Shotgun #7 M.Drube pass incomplete deep left to #11 M.Fitzgerald thrown to Hawaii25,-0.7734170183439133,2025-11-30T06:31:41.000Z
401760424,40176042425,401760424549,17,6,Wyoming,Mountain West,7,Hawai'i,Mountain West,27,Hawai'i,Wyoming,4,"{'minutes': 14, 'seconds': 3}",2.0,3.0,63,63,3,8,2,False,Rush,(14:17) Shotgun #7 M.Drube rush right for 2 yards gain to the Wyo39 (#12 W.Ho'ohuli),-0.2708171277121476,2025-11-30T06:32:32.000Z
401760424,40176042426,401760424560,18,1,Hawai'i,Mountain West,27,Wyoming,Mountain West,7,Hawai'i,Wyoming,4,"{'minutes': 13, 'seconds': 17}",3.0,2.0,20,80,1,10,16,False,Penalty,"(13:17) Shotgun #12 M.Alejado pass complete short left to #9 J.Harris caught at Hawaii20, for 6 yards to the Hawaii26 (#7 M.Grant) PENALTY Hawaii Holding (#87 D.Tauaefa) 10 yards from Hawaii26 to Hawaii16",,2025-11-30T06:35:17.000Z
401760424,40176042426,401760424579,18,5,Hawai'i,Mountain West,27,Wyoming,Mountain West,7,Hawai'i,Wyoming,4,"{'minutes': 11, 'seconds': 10}",3.0,2.0,15,85,4,15,0,False,Punt Return,(11:13) #19 B.Gowers punt 56 yards to the Wyo29 #19 C.Coenen return 0 yards to the Wyo29 (#6 D.Freeman),,2025-11-30T06:38:23.000Z
401760424,40176042426,401760424567,18,2,Hawai'i,Mountain West,27,Wyoming,Mountain West,7,Hawai'i,Wyoming,4,"{'minutes': 12, 'seconds': 13}",3.0,2.0,16,84,1,14,0,False,Rush,(12:16) Shotgun #0 C.Barfield rush right for 0 yards to the Hawaii16 (#94 B.Florentine),-0.2874958533620102,2025-11-30T06:36:48.000Z
401760424,40176042426,401760424571,18,3,Hawai'i,Mountain West,27,Wyoming,Mountain West,7,Hawai'i,Wyoming,4,"{'minutes': 11, 'seconds': 49}",3.0,2.0,16,84,2,14,-1,False,Pass Reception,"(12:06) Shotgun #12 M.Alejado pass complete short middle to #0 C.Barfield caught at Hawaii15, for 1 yard loss to the Hawaii15 (#5 B.Wilson; #40 T.Westland)",-0.14530661909364537,2025-11-30T06:36:59.000Z
401760424,40176042426,401760424576,18,4,Hawai'i,Mountain West,27,Wyoming,Mountain West,7,Hawai'i,Wyoming,4,"{'minutes': 11, 'seconds': 19}",3.0,2.0,15,85,3,15,0,False,Pass Incompletion,(11:27) Shotgun #12 M.Alejado pass incomplete deep left to #9 J.Harris thrown to Hawaii43,-0.0469532836024245,2025-11-30T06:37:45.000Z
401760424,40176042427,401760424601,19,5,Wyoming,Mountain West,7,Hawai'i,Mountain West,27,Hawai'i,Wyoming,4,"{'minutes': 9, 'seconds': 7}",2.0,3.0,66,66,4,5,2,False,Punt Return,"(09:18) #18 B.Edmiston, Jr. punt 48 yards to the Hawaii18 #8 T.Uiliata return 2 yards to the Hawaii20 (#20 D.Miller)",,2025-11-30T06:44:28.000Z
401760424,40176042427,401760424585,19,1,Wyoming,Mountain West,7,Hawai'i,Mountain West,27,Hawai'i,Wyoming,4,"{'minutes': 11, 'seconds': 1}",2.0,3.0,71,71,1,10,11,False,Rush,(11:07) Shotgun #4 D.Harris rush middle for 18 yards gain (11) to the Wyo47 (#21 J.Sinclair; #79 D.Benton) PENALTY Wyo Holding (#19 C.Coenen) 10 yards from Wyo40 to Wyo30,1.0187162686112892,2025-11-30T06:41:16.000Z
401760424,40176042427,401760424590,19,2,Wyoming,Mountain West,7,Hawai'i,Mountain West,27,Hawai'i,Wyoming,4,"{'minutes': 10, 'seconds': 32}",2.0,3.0,70,70,1,9,6,False,Rush,(10:37) Shotgun #7 M.Drube rush middle for 6 yards gain to the Wyo36 (#17 G.Iovino),0.412619169273782,2025-11-30T06:42:28.000Z
401760424,40176042427,401760424594,19,3,Wyoming,Mountain West,7,Hawai'i,Mountain West,27,Hawai'i,Wyoming,4,"{'minutes': 9, 'seconds': 56}",2.0,3.0,64,64,2,3,-2,False,Rush,(10:02) Shotgun #4 D.Harris rush middle for 2 yards loss to the Wyo34 (#79 D.Benton),-1.4409797803543238,2025-11-30T06:43:05.000Z
401760424,40176042427,401760424598,19,4,Wyoming,Mountain West,7,Hawai'i,Mountain West,27,Hawai'i,Wyoming,4,"{'minutes': 9, 'seconds': 18}",2.0,3.0,66,66,3,5,0,False,Pass Incompletion,(09:22) Shotgun #7 M.Drube pass incomplete short right to #84 J.Gyllenborg thrown to Hawaii50 broken up by #25 M.Thompson,-0.4625775407061088,2025-11-30T06:43:47.000Z
401760424,40176042428,401760424633,20,5,Hawai'i,Mountain West,27,Wyoming,Mountain West,7,Hawai'i,Wyoming,4,"{'minutes': 7, 'seconds': 32}",3.0,2.0,14,86,3,16,0,False,Timeout,"Timeout Hawai'i, clock 07:32",,2025-11-30T06:53:03.000Z
401760424,40176042428,401760424631,20,6,Hawai'i,Mountain West,27,Wyoming,Mountain West,7,Hawai'i,Wyoming,4,"{'minutes': 7, 'seconds': 24}",3.0,2.0,21,79,4,9,0,False,Punt,(07:32) #19 B.Gowers punt 41 yards to the Wyo38 fair catch by #19 C.Coenen at Wyo38,,2025-11-30T06:54:23.000Z
401760424,40176042428,401760424607,20,1,Hawai'i,Mountain West,27,Wyoming,Mountain West,7,Hawai'i,Wyoming,4,"{'minutes': 9, 'seconds': 1}",3.0,2.0,20,80,1,10,3,False,Pass Reception,"(09:03) Shotgun #12 M.Alejado pass complete short middle to #1 B.White caught at Hawaii18, for 3 yards to the Hawaii23 (#8 T.Boss) PENALTY Hawaii Personal Foul (#8 T.Uiliata) 11 yard from Hawaii23 to Hawaii12",-0.2366097161141063,2025-11-30T06:45:35.000Z
401760424,40176042428,401760424613,20,2,Hawai'i,Mountain West,27,Wyoming,Mountain West,7,Hawai'i,Wyoming,4,"{'minutes': 8, 'seconds': 38}",3.0,2.0,12,88,1,18,2,False,Rush,(08:45) Shotgun #10 D.Cordero rush middle for 2 yards gain to the Hawaii14 (#6 E.Eller) PENALTY Hawaii UNS: Unsportsmanlike Conduct offsetting Wyo UNS: Unsportsmanlike Conduct offsetting,-0.0953496833618477,2025-11-30T06:46:59.000Z
401760424,40176042428,401760424621,20,3,Hawai'i,Mountain West,27,Wyoming,Mountain West,7,Hawai'i,Wyoming,4,"{'minutes': 8, 'seconds': 19}",3.0,2.0,14,86,2,16,0,False,Pass Incompletion,(08:21) Shotgun #12 M.Alejado pass incomplete deep right to #1 B.White thrown to Wyo45,-0.0901582179586482,2025-11-30T06:51:21.000Z
401760424,40176042428,401760424624,20,4,Hawai'i,Mountain West,27,Wyoming,Mountain West,7,Hawai'i,Wyoming,4,"{'minutes': 7, 'seconds': 48}",3.0,2.0,14,86,3,16,7,False,Pass Reception,"(08:19) Shotgun #12 M.Alejado pass complete short right to #8 T.Uiliata caught at Hawaii21, for 7 yards to the Hawaii21 (#7 M.Grant)",0.03742252342861186,2025-11-30T06:52:03.000Z
401760424,40176042429,401760424653,21,5,Wyoming,Mountain West,7,Hawai'i,Mountain West,27,Hawai'i,Wyoming,4,"{'minutes': 5, 'seconds': 26}",2.0,3.0,50,50,1,10,15,False,Penalty,"(05:26) Shotgun #7 M.Drube pass incomplete short right to #8 J.Sargent thrown to Hawaii44 PENALTY Hawaii Roughing The Passer (#97 J.Lynch) 15 yards from Wyo50 to Hawaii35, 1ST DOWN. NO PLAY",,2025-11-30T07:00:38.000Z
401760424,40176042429,401760424636,21,1,Wyoming,Mountain West,7,Hawai'i,Mountain West,27,Hawai'i,Wyoming,4,"{'minutes': 7, 'seconds': 19}",2.0,3.0,62,62,1,10,7,False,Pass Reception,"(07:23) Shotgun #7 M.Drube pass complete short right to #84 J.Gyllenborg caught at Wyo45, for 7 yards to the Wyo45 (#21 J.Sinclair)",0.7103851122578037,2025-11-30T06:57:23.000Z
401760424,40176042429,401760424641,21,2,Wyoming,Mountain West,7,Hawai'i,Mountain West,27,Hawai'i,Wyoming,4,"{'minutes': 6, 'seconds': 50}",2.0,3.0,55,55,2,3,0,False,Pass Incompletion,(07:01) Shotgun #7 M.Drube pass incomplete deep left to #3 D.DeBlanc thrown to Hawaii33,-1.2919000756688384,2025-11-30T06:58:02.000Z
401760424,40176042429,401760424644,21,3,Wyoming,Mountain West,7,Hawai'i,Mountain West,27,Hawai'i,Wyoming,4,"{'minutes': 6, 'seconds': 38}",2.0,3.0,55,55,3,3,1,False,Rush,(06:50) Shotgun #7 M.Drube rush middle for 1 yard gain to the Wyo46 (#52 L.McCoy),-0.7500109211591033,2025-11-30T06:58:44.000Z
401760424,40176042429,401760424648,21,4,Wyoming,Mountain West,7,Hawai'i,Mountain West,27,Hawai'i,Wyoming,4,"{'minutes': 5, 'seconds': 43}",2.0,3.0,54,54,4,2,4,False,Pass Reception,"(05:58) Shotgun #7 M.Drube pass complete short left to #84 J.Gyllenborg caught at Wyo50, for 4 yards to the Wyo50 (#24 D.King), 1ST DOWN",2.443117593128256,2025-11-30T06:59:33.000Z
401760424,40176042429,401760424660,21,6,Wyoming,Mountain West,7,Hawai'i,Mountain West,27,Hawai'i,Wyoming,4,"{'minutes': 5, 'seconds': 10}",2.0,3.0,35,35,1,10,9,False,Pass Reception,"(05:22) Shotgun #7 M.Drube pass complete short right to #9 J.Holman caught at Hawaii26, for 9 yards to the Hawaii26 (#4 E.Palmer)",0.750522367763128,2025-11-30T07:01:22.000Z
401760424,40176042429,401760424665,21,7,Wyoming,Mountain West,7,Hawai'i,Mountain West,27,Hawai'i,Wyoming,4,"{'minutes': 4, 'seconds': 40}",2.0,3.0,26,26,2,1,-1,False,Pass Reception,"(04:55) Shotgun #7 M.Drube pass complete short right to #4 D.Harris caught at Hawaii28, for 1 yard loss to the Hawaii27 (#12 W.Ho'ohuli)",-0.892332211439676,2025-11-30T07:01:57.000Z
401760424,40176042429,401760424671,21,8,Wyoming,Mountain West,7,Hawai'i,Mountain West,27,Hawai'i,Wyoming,4,"{'minutes': 4, 'seconds': 23}",2.0,3.0,27,27,3,2,0,False,Interception,"(04:23) Shotgun #7 M.Drube pass intercepted by #14 J.Wilson-Jones at Hawaii20, End Of Play",-3.885601372546496,2025-11-30T07:02:35.000Z
401760424,40176042430,401760424689,22,4,Hawai'i,Mountain West,27,Wyoming,Mountain West,7,Hawai'i,Wyoming,4,"{'minutes': 2, 'seconds': 54}",3.0,2.0,27,73,4,3,7,False,Punt Return,(03:01) #19 B.Gowers punt 63 yards to the Wyo10 #19 C.Coenen return 7 yards to the Wyo17 (#6 D.Freeman),,2025-11-30T07:05:41.000Z
401760424,40176042430,401760424677,22,1,Hawai'i,Mountain West,27,Wyoming,Mountain West,7,Hawai'i,Wyoming,4,"{'minutes': 4, 'seconds': 14}",3.0,2.0,20,80,1,10,1,False,Rush,(04:21) Shotgun #47 C.Vaughn rush middle for 1 yard gain to the Hawaii21 (#12 D.Hearns; #6 E.Eller),-0.46882789768185695,2025-11-30T07:03:38.000Z
401760424,40176042430,401760424681,22,2,Hawai'i,Mountain West,27,Wyoming,Mountain West,7,Hawai'i,Wyoming,4,"{'minutes': 3, 'seconds': 35}",3.0,2.0,21,79,2,9,6,False,Pass Reception,"(03:41) Shotgun #12 M.Alejado pass complete short left to #10 D.Cordero caught at Hawaii20, for 6 yards to the Hawaii27 (#42 E.Stuhlsatz)",0.16234836916667564,2025-11-30T07:04:18.000Z
401760424,40176042430,401760424686,22,3,Hawai'i,Mountain West,27,Wyoming,Mountain West,7,Hawai'i,Wyoming,4,"{'minutes': 3, 'seconds': 6}",3.0,2.0,27,73,3,3,0,False,Pass Incompletion,(03:09) Shotgun #12 M.Alejado pass incomplete short middle to #5 P.Ashlock thrown to Hawaii30,-0.39977677046584065,2025-11-30T07:04:57.000Z
401760424,40176042431,401760424712,23,4,Wyoming,Mountain West,7,Hawai'i,Mountain West,27,Hawai'i,Wyoming,4,"{'minutes': 1, 'seconds': 58}",1.0,3.0,52,52,1,10,0,False,Timeout,"Timeout Wyoming, clock 01:58",,2025-11-30T07:07:50.000Z
401760424,40176042431,401760424720,23,7,Wyoming,Mountain West,7,Hawai'i,Mountain West,27,Hawai'i,Wyoming,4,"{'minutes': 1, 'seconds': 45}",0.0,3.0,42,42,2,10,0,False,Timeout,"Timeout Wyoming, clock 01:45",,2025-11-30T07:11:36.000Z
401760424,40176042431,401760424705,23,3,Wyoming,Mountain West,7,Hawai'i,Mountain West,27,Hawai'i,Wyoming,4,"{'minutes': 1, 'seconds': 58}",2.0,3.0,52,52,1,10,10,False,Pass Reception,"(02:04) No Huddle-Shotgun #7 M.Drube pass complete short right to #3 D.DeBlanc caught at Hawaii42, for 10 yards to the Hawaii42, out of bounds at Hawaii42, 1ST DOWN",0.713118817138307,2025-11-30T07:07:28.000Z
401760424,40176042431,401760424710,23,5,Wyoming,Mountain West,7,Hawai'i,Mountain West,27,Hawai'i,Wyoming,4,"{'minutes': 1, 'seconds': 52}",1.0,3.0,42,42,1,10,0,False,Pass Incompletion,(01:58) Shotgun #7 M.Drube pass incomplete deep right to #84 J.Gyllenborg thrown to Hawaii10,-0.908489395271188,2025-11-30T07:10:34.000Z
401760424,40176042431,401760424714,23,6,Wyoming,Mountain West,7,Hawai'i,Mountain West,27,Hawai'i,Wyoming,4,"{'minutes': 1, 'seconds': 45}",1.0,3.0,42,42,2,10,-8,False,Sack,(01:52) No Huddle-Shotgun #7 M.Drube sacked for loss of 8 yards to the Hawaii50 (#20 N.Wily),-2.439017552581902,2025-11-30T07:11:04.000Z
401760424,40176042431,401760424695,23,1,Wyoming,Mountain West,7,Hawai'i,Mountain West,27,Hawai'i,Wyoming,4,"{'minutes': 2, 'seconds': 44}",2.0,3.0,83,83,1,10,11,False,Pass Reception,"(02:54) Shotgun #7 M.Drube pass complete short middle to #84 J.Gyllenborg caught at Wyo21, for 11 yards to the Wyo28 (#42 M.Ioane), 1ST DOWN",0.6795498702856051,2025-11-30T07:06:37.000Z
401760424,40176042431,401760424700,23,2,Wyoming,Mountain West,7,Hawai'i,Mountain West,27,Hawai'i,Wyoming,4,"{'minutes': 2, 'seconds': 16}",2.0,3.0,72,72,1,10,20,False,Pass Reception,"(02:32) No Huddle-Shotgun #7 M.Drube pass complete short middle to #82 B.Brantley caught at Wyo44, for 20 yards to the Wyo48 (#96 I.Letuli), 1ST DOWN",1.8475784235556214,2025-11-30T07:07:01.000Z
401760424,40176042431,401760424718,23,8,Wyoming,Mountain West,7,Hawai'i,Mountain West,27,Hawai'i,Wyoming,4,"{'minutes': 1, 'seconds': 35}",0.0,3.0,50,50,3,18,7,False,Pass Reception,"(01:45) Shotgun #7 M.Drube pass complete short right to #9 J.Holman caught at Hawaii45, for 7 yards to the Hawaii43 (#35 J.Fiaui)",0.29448451574653595,2025-11-30T07:12:36.000Z
401760424,40176042431,401760424724,23,9,Wyoming,Mountain West,7,Hawai'i,Mountain West,27,Hawai'i,Wyoming,4,"{'minutes': 1, 'seconds': 27}",0.0,3.0,43,43,4,11,0,False,Pass Incompletion,"(01:32) No Huddle-Shotgun #7 M.Drube pass incomplete deep middle to #86 E.Svoboda thrown to Hawaii20, TURNOVER ON DOWNS",-0.6520420963213223,2025-11-30T07:13:20.000Z
401760424,40176042432,401760424739,24,4,Hawai'i,Mountain West,27,Wyoming,Mountain West,7,Hawai'i,Wyoming,4,"{'minutes': 0, 'seconds': 0}",3.0,0.0,41,59,3,12,-1,False,End of Game,End of 4th quarter.,,2025-11-30T07:15:45.000Z
401760424,40176042432,401760424728,24,1,Hawai'i,Mountain West,27,Wyoming,Mountain West,7,Hawai'i,Wyoming,4,"{'minutes': 1, 'seconds': 26}",3.0,0.0,43,57,1,10,-1,False,Rush,(01:27) Kneel down by #6 D.Davis at Hawaii42 for loss of 1 yard,-1.3694998851390174,2025-11-30T07:14:10.000Z
401760424,40176042432,401760424731,24,2,Hawai'i,Mountain West,27,Wyoming,Mountain West,7,Hawai'i,Wyoming,4,"{'minutes': 0, 'seconds': 43}",3.0,0.0,42,58,2,11,-1,False,Rush,(00:53) Kneel down by #6 D.Davis at Hawaii41 for loss of 1 yard,-0.8859417102272502,2025-11-30T07:14:48.000Z
401760424,40176042432,401760424734,24,3,Hawai'i,Mountain West,27,Wyoming,Mountain West,7,Hawai'i,Wyoming,4,"{'minutes': 0, 'seconds': 16}",3.0,0.0,41,59,3,12,-1,False,Rush,(00:16) Kneel down by #6 D.Davis at Hawaii40 for loss of 1 yard,-0.41993919361884924,2025-11-30T07:15:26.000Z
